id,生源地,批次,科类,选科限制,院校代码,专业组代码,院校名称,专业代码,专业名称,专业备注,学制,学费,计划数,新增专业,录取最低分,录取最低位次,专业组最低分,专业组最低位次,专业组最低分.1,专业组最低位次.1,计划数.1,最低分,最低位次,计划数.2,最低分.1,最低位次.1,计划数.3,最低分.2,最低位次.2,所在省,城市,本科/专科,隶属单位,院校标签,类型,公私性质,院校水平
8000730,海南,本科批,物理,,XE3E6F6,专业组01,湖北汽车工业学院,CA0F,旅游管理,,,,,,564,19597,,,,,,564,19597,,,,,,,,,本科,,,,,
8000731,海南,本科批,物理,,XE3E6F6,专业组01,湖北汽车工业学院,FB18,财务管理,,,,,,571,17978,,,,,,571,17978,,,,,,,,,本科,,,,,
8001286,海南,本科批,物理,,X4B1FD0,专业组07,井冈山大学,4ECE,土木工程,,,,,,480,42524,,,,,,480,42524,,,,,,,,,本科,,,,,
8001287,海南,本科批,物理,,X4B1FD0,专业组07,井冈山大学,A39E,预防医学,,,,,,481,42257,,,,,,481,42257,,,,,,,,,本科,,,,,
8001288,海南,本科批,物理,,X4B1FD0,专业组07,井冈山大学,10A0,药学,,,,,,492,39297,,,,,,492,39297,,,,,,,,,本科,,,,,
8001289,海南,本科批,物理,,X4B1FD0,专业组07,井冈山大学,97D0,临床医学,,,,,,493,39015,,,,,,493,39015,,,,,,,,,本科,,,,,
8001290,海南,本科批,物理,,X4B1FD0,专业组07,井冈山大学,5DA6,口腔医学,,,,,,532,28031,,,,,,532,28031,,,,,,,,,本科,,,,,
8001291,海南,本科批,物理,,X4B1FD0,专业组07,井冈山大学,B9A5,计算机科学与技术,,,,,,542,25271,,,,,,542,25271,,,,,,,,,本科,,,,,
8001292,海南,本科批,物理,,X4B1FD0,专业组06,井冈山大学,4BF3,护理学,,,,,,585,14905,,,,,,585,14905,,,,,,,,,本科,,,,,
8001293,海南,本科批,物理,,X4B1FD0,专业组07,井冈山大学,3C38,软件工程,,,,,,595,12898,,,,,,595,12898,,,,,,,,,本科,,,,,
8001294,海南,本科批,物理,,X4B1FD0,专业组05,井冈山大学,2242,广播电视编导,,,,,,597,12551,,,,,,597,12551,,,,,,,,,本科,,,,,
8001295,海南,本科批,物理,,X4B1FD0,专业组05,井冈山大学,4852,应用心理学,,,,,,598,12377,,,,,,598,12377,,,,,,,,,本科,,,,,
8001296,海南,本科批,物理,,X4B1FD0,专业组05,井冈山大学,CA0F,旅游管理,,,,,,598,12377,,,,,,598,12377,,,,,,,,,本科,,,,,
8001297,海南,本科批,物理,,X4B1FD0,专业组05,井冈山大学,E6CB,社会工作,,,,,,599,12200,,,,,,599,12200,,,,,,,,,本科,,,,,
8001298,海南,本科批,物理,,X4B1FD0,专业组05,井冈山大学,4145,英语,,,,,,602,11656,,,,,,602,11656,,,,,,,,,本科,,,,,
8001299,海南,本科批,物理,,X4B1FD0,专业组05,井冈山大学,3B22,小学教育（师范类专业）,师范类专业,,,,,608,10596,,,,,,608,10596,,,,,,,,,本科,,,,,
8001300,海南,本科批,物理,,X4B1FD0,专业组05,井冈山大学,A615,汉语国际教育,,,,,,610,10279,,,,,,610,10279,,,,,,,,,本科,,,,,
8001301,海南,本科批,物理,,X4B1FD0,专业组05,井冈山大学,6343,汉语言文学（师范类专业）,师范类专业,,,,,613,9795,,,,,,613,9795,,,,,,,,,本科,,,,,
8001302,海南,本科批,物理,,X4B1FD0,专业组08,井冈山大学,B0AD,思想政治教育（师范类专业）,师范类专业,,,,,614,9643,,,,,,614,9643,,,,,,,,,本科,,,,,
8001700,海南,本科批,物理,,XDA307D,专业组04,中原工学院,E522,非织造材料与工程,,,,,,476,43585,,,,,,476,43585,,,,,,,,,本科,,,,,
8001701,海南,本科批,物理,,XDA307D,专业组04,中原工学院,9784,工业设计（入校后需加试徒手画）,入校后需加试徒手画,,,,,476,43585,,,,,,476,43585,,,,,,,,,本科,,,,,
8001702,海南,本科批,物理,,XDA307D,专业组04,中原工学院,52FD,应用化学,,,,,,477,43308,,,,,,477,43308,,,,,,,,,本科,,,,,
8001703,海南,本科批,物理,,XDA307D,专业组04,中原工学院,6A3A,建筑环境与能源应用工程,,,,,,477,43308,,,,,,477,43308,,,,,,,,,本科,,,,,
8001704,海南,本科批,物理,,XDA307D,专业组03,中原工学院,57D1,服装设计与工程,,,,,,561,20364,,,,,,561,20364,,,,,,,,,本科,,,,,
8001705,海南,本科批,物理,,XDA307D,专业组01,中原工学院,25DE,国际经济与贸易,,,,,,563,19861,,,,,,563,19861,,,,,,,,,本科,,,,,
8001706,海南,本科批,物理,,XDA307D,专业组02,中原工学院,371D,工程造价,,,,,,571,17978,,,,,,571,17978,,,,,,,,,本科,,,,,
8001849,海南,本科批,物理,,XBE8F26,专业组01,贵州师范学院,CA0F,旅游管理,,,,,,563,19861,,,,,,563,19861,,,,,,,,,本科,,,,,
8001850,海南,本科批,物理,,XBE8F26,专业组02,贵州师范学院,BD59,金融科技,,,,,,564,19597,,,,,,564,19597,,,,,,,,,本科,,,,,
8002851,海南,本科批,物理,,X8645C5,专业组05,南阳师范学院,C325,农学,,,,,,524,30268,,,,,,524,30268,,,,,,,,,本科,,,,,
8002852,海南,本科批,物理,,X8645C5,专业组05,南阳师范学院,4C65,自动化,,,,,,525,29966,,,,,,525,29966,,,,,,,,,本科,,,,,
8002853,海南,本科批,物理,,X8645C5,专业组05,南阳师范学院,512E,应用化学（感光材料与应用方向）,感光材料与应用方向,,,,,528,29098,,,,,,528,29098,,,,,,,,,本科,,,,,
8002854,海南,本科批,物理,,X8645C5,专业组05,南阳师范学院,E9A7,环境科学与工程,,,,,,528,29098,,,,,,528,29098,,,,,,,,,本科,,,,,
8002855,海南,本科批,物理,,X8645C5,专业组05,南阳师范学院,3298,智能感知工程,,,,,,534,27473,,,,,,534,27473,,,,,,,,,本科,,,,,
8002856,海南,本科批,物理,,X8645C5,专业组04,南阳师范学院,1C92,数字经济,,,,,,564,19597,,,,,,564,19597,,,,,,,,,本科,,,,,
8002857,海南,本科批,物理,,X8645C5,专业组03,南阳师范学院,7E07,历史学（（师范类专业）,（师范类专业,,,,,583,15317,,,,,,583,15317,,,,,,,,,本科,,,,,
8002858,海南,本科批,物理,,X8645C5,专业组06,南阳师范学院,FCAF,地理科学类（包含专业：地理科学、地理信息科学；地理科学）,包含专业：地理科学、地理信息科学；地理科学,,,,,583,15317,,,,,,583,15317,,,,,,,,,本科,,,,,
8005247,海南,本科批,物理,,XFF89EF,专业组02,长江师范学院,C5CB,园艺,,,,,,525,29966,,,,,,525,29966,,,,,,,,,本科,,,,,
8005248,海南,本科批,物理,,XFF89EF,专业组02,长江师范学院,BBBB,环境科学与工程类（包含专业：环境科学、环境生态工程）,包含专业：环境科学、环境生态工程,,,,,528,29098,,,,,,528,29098,,,,,,,,,本科,,,,,
8005249,海南,本科批,物理,,XFF89EF,专业组02,长江师范学院,E2E1,生物工程,,,,,,535,27215,,,,,,535,27215,,,,,,,,,本科,,,,,
8005250,海南,本科批,物理,,XFF89EF,专业组02,长江师范学院,5E49,食品科学与工程,,,,,,548,23705,,,,,,548,23705,,,,,,,,,本科,,,,,
8005665,海南,本科批,物理,,X13D123,专业组02,成都工业学院,199D,环境科学与工程（在郫都校区就读；入学后不允许跨校区转专业）,在郫都校区就读；入学后不允许跨校区转专业,,,,,545,24505,,,,,,545,24505,,,,,,,,,本科,,,,,
8005666,海南,本科批,物理,,X13D123,专业组02,成都工业学院,AEA0,机械电子工程（在郫都校区就读；入学后不允许跨校区转专业）,在郫都校区就读；入学后不允许跨校区转专业,,,,,546,24228,,,,,,546,24228,,,,,,,,,本科,,,,,
8005667,海南,本科批,物理,,X13D123,专业组02,成都工业学院,8827,应用统计学（在郫都校区就读；入学后不允许跨校区转专业）,在郫都校区就读；入学后不允许跨校区转专业,,,,,551,22908,,,,,,551,22908,,,,,,,,,本科,,,,,
8005668,海南,本科批,物理,,X13D123,专业组02,成都工业学院,BEA2,信息工程（第一学年在宜宾校区就读，第二、三、四学年在郫都校区就读）,第一学年在宜宾校区就读，第二、三、四学年在郫都校区就读,,,,,552,22661,,,,,,552,22661,,,,,,,,,本科,,,,,
8005669,海南,本科批,物理,,X13D123,专业组02,成都工业学院,07B6,网络工程（第一学年在宜宾校区就读，第二、三、四学年在郫都校区就读）,第一学年在宜宾校区就读，第二、三、四学年在郫都校区就读,,,,,558,21127,,,,,,558,21127,,,,,,,,,本科,,,,,
8005670,海南,本科批,物理,,X13D123,专业组02,成都工业学院,F7AD,电气工程及其自动化（第一学年在宜宾校区就读，第二、三、四学年在郫都校区就读）,第一学年在宜宾校区就读，第二、三、四学年在郫都校区就读,,,,,562,20113,,,,,,562,20113,,,,,,,,,本科,,,,,
8005671,海南,本科批,物理,,X13D123,专业组02,成都工业学院,9E28,计算机类（包含专业：软件工程、计算机科学与技术；第一学年在宜宾校区就读，第二、三、四学年在郫都校区就读）,包含专业：软件工程、计算机科学与技术；第一学年在宜宾校区就读，第二、三、四学年在郫都校区就读,,,,,565,19373,,,,,,565,19373,,,,,,,,,本科,,,,,
8005672,海南,本科批,物理,,X13D123,专业组81,成都工业学院,5E96,物联网工程（在宜宾校区就读；入学后不允许跨校区转专业）,在宜宾校区就读；入学后不允许跨校区转专业,,,,,569,18472,,,,,,569,18472,,,,,,,,,本科,,,,,
8005673,海南,本科批,物理,,X13D123,专业组81,成都工业学院,E9BA,智能制造工程（在宜宾校区就读；入学后不允许跨校区转专业）,在宜宾校区就读；入学后不允许跨校区转专业,,,,,571,17978,,,,,,571,17978,,,,,,,,,本科,,,,,
8005674,海南,本科批,物理,,X13D123,专业组80,成都工业学院,716A,国际商务（在郫都校区就读；入学后不允许跨校区转专业）,在郫都校区就读；入学后不允许跨校区转专业,,,,,572,17764,,,,,,572,17764,,,,,,,,,本科,,,,,
8005675,海南,本科批,物理,,X13D123,专业组81,成都工业学院,254C,电子科学与技术（在宜宾校区就读；入学后不允许跨校区转专业）,在宜宾校区就读；入学后不允许跨校区转专业,,,,,579,16225,,,,,,579,16225,,,,,,,,,本科,,,,,
8005676,海南,本科批,物理,,X13D123,专业组01,成都工业学院,3332,商务英语（在宜宾校区就读；入学后不允许跨校区转专业）,在宜宾校区就读；入学后不允许跨校区转专业,,,,,584,15113,,,,,,584,15113,,,,,,,,,本科,,,,,
8005677,海南,本科批,物理,,X13D123,专业组01,成都工业学院,4A36,税收学（在宜宾校区就读；入学后不允许跨校区转专业）,在宜宾校区就读；入学后不允许跨校区转专业,,,,,586,14706,,,,,,586,14706,,,,,,,,,本科,,,,,
8006190,海南,本科批,物理,,X6B63D2,专业组02,大理大学,552A,智能医学工程,,,,,,489,40101,,,,,,489,40101,,,,,,,,,本科,,,,,
8006191,海南,本科批,物理,,X6B63D2,专业组02,大理大学,817D,康复治疗学,,,,,,492,39297,,,,,,492,39297,,,,,,,,,本科,,,,,
8006192,海南,本科批,物理,,X6B63D2,专业组02,大理大学,BE91,医学检验技术,,,,,,498,37632,,,,,,498,37632,,,,,,,,,本科,,,,,
8006193,海南,本科批,物理,,X6B63D2,专业组02,大理大学,97D0,临床医学,,,,,,513,33405,,,,,,513,33405,,,,,,,,,本科,,,,,
8006194,海南,本科批,物理,,X6B63D2,专业组02,大理大学,9A06,储能科学与工程,,,,,,582,15570,,,,,,582,15570,,,,,,,,,本科,,,,,
8006195,海南,本科批,物理,,X6B63D2,专业组01,大理大学,A5C9,建筑学,,,,,,600,12004,,,,,,600,12004,,,,,,,,,本科,,,,,
8006196,海南,本科批,物理,,X6B63D2,专业组01,大理大学,EF7C,工商管理类,,,,,,601,11844,,,,,,601,11844,,,,,,,,,本科,,,,,
8006197,海南,本科批,物理,,X6B63D2,专业组01,大理大学,4145,英语,,,,,,611,10110,,,,,,611,10110,,,,,,,,,本科,,,,,
8006198,海南,本科批,物理,,X6B63D2,专业组03,大理大学,C17B,思想政治教育（师范类）,师范类,,,,,616,9314,,,,,,616,9314,,,,,,,,,本科,,,,,
8006839,海南,本科批,物理,,XADD574,专业组02,金陵科技学院,4ECE,土木工程,,,,,,568,18658,,,,,,568,18658,,,,,,,,,本科,,,,,
8006840,海南,本科批,物理,,XADD574,专业组02,金陵科技学院,6D6C,眼视光学,,,,,,570,18200,,,,,,570,18200,,,,,,,,,本科,,,,,
8006841,海南,本科批,物理,,XADD574,专业组02,金陵科技学院,6183,宝石及材料工艺学,,,,,,574,17335,,,,,,574,17335,,,,,,,,,本科,,,,,
8006842,海南,本科批,物理,,XADD574,专业组02,金陵科技学院,78FF,机械设计制造及其自动化,,,,,,574,17335,,,,,,574,17335,,,,,,,,,本科,,,,,
8006843,海南,本科批,物理,,XADD574,专业组02,金陵科技学院,41CF,数字媒体技术,,,,,,576,16888,,,,,,576,16888,,,,,,,,,本科,,,,,
8006844,海南,本科批,物理,,XADD574,专业组01,金陵科技学院,CB22,城乡规划,,,,,,585,14905,,,,,,585,14905,,,,,,,,,本科,,,,,
8006845,海南,本科批,物理,,XADD574,专业组01,金陵科技学院,0FBC,金融学,,,,,,585,14905,,,,,,585,14905,,,,,,,,,本科,,,,,
8006846,海南,本科批,物理,,XADD574,专业组01,金陵科技学院,A615,汉语国际教育,,,,,,586,14706,,,,,,586,14706,,,,,,,,,本科,,,,,
8006847,海南,本科批,物理,,XADD574,专业组01,金陵科技学院,09EE,市场营销,,,,,,588,14321,,,,,,588,14321,,,,,,,,,本科,,,,,
8006848,海南,本科批,物理,,XADD574,专业组01,金陵科技学院,25DE,国际经济与贸易,,,,,,588,14321,,,,,,588,14321,,,,,,,,,本科,,,,,
8006849,海南,本科批,物理,,XADD574,专业组01,金陵科技学院,AC90,行政管理,,,,,,590,13900,,,,,,590,13900,,,,,,,,,本科,,,,,
8006850,海南,本科批,物理,,XADD574,专业组01,金陵科技学院,FBFE,物流管理,,,,,,590,13900,,,,,,590,13900,,,,,,,,,本科,,,,,
8008464,海南,本科批,物理,,XAB470F,专业组02,甘肃政法大学,B001,信息安全,,,,,,565,19373,,,,,,565,19373,,,,,,,,,本科,,,,,
8008465,海南,本科批,物理,,XAB470F,专业组02,甘肃政法大学,B9A5,计算机科学与技术,,,,,,580,15994,,,,,,580,15994,,,,,,,,,本科,,,,,
8008466,海南,本科批,物理,,XAB470F,专业组01,甘肃政法大学,09EE,市场营销,,,,,,616,9314,,,,,,616,9314,,,,,,,,,本科,,,,,
8008467,海南,本科批,物理,,XAB470F,专业组01,甘肃政法大学,0FBC,金融学,,,,,,616,9314,,,,,,616,9314,,,,,,,,,本科,,,,,
8008468,海南,本科批,物理,,XAB470F,专业组01,甘肃政法大学,2234,劳动与社会保障,,,,,,622,8436,,,,,,622,8436,,,,,,,,,本科,,,,,
8008469,海南,本科批,物理,,XAB470F,专业组03,甘肃政法大学,51C8,思想政治教育,,,,,,624,8163,,,,,,624,8163,,,,,,,,,本科,,,,,
8008470,海南,本科批,物理,,XAB470F,专业组01,甘肃政法大学,5D72,网络与新媒体,,,,,,626,7880,,,,,,626,7880,,,,,,,,,本科,,,,,
8008471,海南,本科批,物理,,XAB470F,专业组01,甘肃政法大学,92DB,知识产权,,,,,,629,7486,,,,,,629,7486,,,,,,,,,本科,,,,,
8008472,海南,本科批,物理,,XAB470F,专业组01,甘肃政法大学,927B,法学,,,,,,631,7228,,,,,,631,7228,,,,,,,,,本科,,,,,
8010285,海南,本科批,物理,,X8CF907,专业组02,黑龙江工程学院,C493,土木类,,,,,,492,39297,,,,,,492,39297,,,,,,,,,本科,,,,,
8010286,海南,本科批,物理,,X8CF907,专业组02,黑龙江工程学院,852C,交通运输类,,,,,,494,38727,,,,,,494,38727,,,,,,,,,本科,,,,,
8010287,海南,本科批,物理,,X8CF907,专业组02,黑龙江工程学院,A5D2,测控技术与仪器,,,,,,495,38461,,,,,,495,38461,,,,,,,,,本科,,,,,
8010288,海南,本科批,物理,,X8CF907,专业组02,黑龙江工程学院,4D44,给排水科学与工程,,,,,,498,37632,,,,,,498,37632,,,,,,,,,本科,,,,,
8010289,海南,本科批,物理,,X8CF907,专业组02,黑龙江工程学院,4718,数据科学与大数据技术,,,,,,517,32234,,,,,,517,32234,,,,,,,,,本科,,,,,
8010290,海南,本科批,物理,,X8CF907,专业组02,黑龙江工程学院,F068,人工智能,,,,,,520,31393,,,,,,520,31393,,,,,,,,,本科,,,,,
8010291,海南,本科批,物理,,X8CF907,专业组02,黑龙江工程学院,A2E0,测绘工程,,,,,,520,31393,,,,,,520,31393,,,,,,,,,本科,,,,,
8010292,海南,本科批,物理,,X8CF907,专业组02,黑龙江工程学院,A5B7,电气工程及其自动化,,,,,,526,29707,,,,,,526,29707,,,,,,,,,本科,,,,,
8010293,海南,本科批,物理,,X8CF907,专业组03,黑龙江工程学院,CB22,城乡规划,,,,,,559,20885,,,,,,559,20885,,,,,,,,,本科,,,,,
8010294,海南,本科批,物理,,X8CF907,专业组01,黑龙江工程学院,E6CB,社会工作,,,,,,560,20621,,,,,,560,20621,,,,,,,,,本科,,,,,
8010783,海南,本科批,物理,,X645884,专业组03,怀化学院,40CE,制药工程,,,,,,485,41238,,,,,,485,41238,,,,,,,,,本科,,,,,
8010784,海南,本科批,物理,,X645884,专业组03,怀化学院,8FA3,化学（师范类）,师范类,,,,,487,40700,,,,,,487,40700,,,,,,,,,本科,,,,,
8010785,海南,本科批,物理,,X645884,专业组03,怀化学院,E2E1,生物工程,,,,,,487,40700,,,,,,487,40700,,,,,,,,,本科,,,,,
8010786,海南,本科批,物理,,X645884,专业组03,怀化学院,7932,电子信息科学与技术,,,,,,489,40101,,,,,,489,40101,,,,,,,,,本科,,,,,
8010787,海南,本科批,物理,,X645884,专业组03,怀化学院,53B9,食品质量与安全,,,,,,492,39297,,,,,,492,39297,,,,,,,,,本科,,,,,
8010788,海南,本科批,物理,,X645884,专业组03,怀化学院,548C,信息与计算科学,,,,,,494,38727,,,,,,494,38727,,,,,,,,,本科,,,,,
8010789,海南,本科批,物理,,X645884,专业组03,怀化学院,B694,生物制药,,,,,,495,38461,,,,,,495,38461,,,,,,,,,本科,,,,,
8010790,海南,本科批,物理,,X645884,专业组03,怀化学院,F068,人工智能,,,,,,504,35899,,,,,,504,35899,,,,,,,,,本科,,,,,
8010791,海南,本科批,物理,,X645884,专业组03,怀化学院,4718,数据科学与大数据技术,,,,,,505,35622,,,,,,505,35622,,,,,,,,,本科,,,,,
8010792,海南,本科批,物理,,X645884,专业组03,怀化学院,A687,光电信息科学与工程,,,,,,521,31110,,,,,,521,31110,,,,,,,,,本科,,,,,
8010793,海南,本科批,物理,,X645884,专业组03,怀化学院,3C38,软件工程,,,,,,542,25271,,,,,,542,25271,,,,,,,,,本科,,,,,
8010794,海南,本科批,物理,,X645884,专业组02,怀化学院,FBFE,物流管理,,,,,,574,17335,,,,,,574,17335,,,,,,,,,本科,,,,,
8010795,海南,本科批,物理,,X645884,专业组02,怀化学院,CA0F,旅游管理,,,,,,574,17335,,,,,,574,17335,,,,,,,,,本科,,,,,
8010796,海南,本科批,物理,,X645884,专业组02,怀化学院,090D,公共事业管理,,,,,,575,17087,,,,,,575,17087,,,,,,,,,本科,,,,,
8010797,海南,本科批,物理,,X645884,专业组02,怀化学院,DFD2,学前教育（师范类）,师范类,,,,,576,16888,,,,,,576,16888,,,,,,,,,本科,,,,,
8010798,海南,本科批,物理,,X645884,专业组02,怀化学院,25DE,国际经济与贸易,,,,,,576,16888,,,,,,576,16888,,,,,,,,,本科,,,,,
8010799,海南,本科批,物理,,X645884,专业组02,怀化学院,E6CB,社会工作,,,,,,577,16644,,,,,,577,16644,,,,,,,,,本科,,,,,
8010800,海南,本科批,物理,,X645884,专业组02,怀化学院,FB65,风景园林,,,,,,578,16442,,,,,,578,16442,,,,,,,,,本科,,,,,
8010801,海南,本科批,物理,,X645884,专业组02,怀化学院,FB18,财务管理,,,,,,579,16225,,,,,,579,16225,,,,,,,,,本科,,,,,
8010802,海南,本科批,物理,,X645884,专业组02,怀化学院,5F0C,跨境电子商务,,,,,,579,16225,,,,,,579,16225,,,,,,,,,本科,,,,,
8011353,海南,本科批,物理,,X376C8E,专业组02,江西水利电力大学,4D44,给排水科学与工程,,,,,,538,26380,,,,,,538,26380,,,,,,,,,本科,,,,,
8011354,海南,本科批,物理,,X376C8E,专业组02,江西水利电力大学,4ECE,土木工程,,,,,,538,26380,,,,,,538,26380,,,,,,,,,本科,,,,,
8011355,海南,本科批,物理,,X376C8E,专业组02,江西水利电力大学,C1B4,水利水电工程,,,,,,543,24997,,,,,,543,24997,,,,,,,,,本科,,,,,
8011356,海南,本科批,物理,,X376C8E,专业组02,江西水利电力大学,4718,数据科学与大数据技术,,,,,,545,24505,,,,,,545,24505,,,,,,,,,本科,,,,,
8011357,海南,本科批,物理,,X376C8E,专业组02,江西水利电力大学,D7FD,香料香精技术与工程,,,,,,546,24228,,,,,,546,24228,,,,,,,,,本科,,,,,
8011358,海南,本科批,物理,,X376C8E,专业组02,江西水利电力大学,557A,港口航道与海岸工程,,,,,,549,23420,,,,,,549,23420,,,,,,,,,本科,,,,,
8011359,海南,本科批,物理,,X376C8E,专业组02,江西水利电力大学,ECA4,通信工程,,,,,,560,20621,,,,,,560,20621,,,,,,,,,本科,,,,,
8011360,海南,本科批,物理,,X376C8E,专业组02,江西水利电力大学,78FF,机械设计制造及其自动化,,,,,,561,20364,,,,,,561,20364,,,,,,,,,本科,,,,,
8011361,海南,本科批,物理,,X376C8E,专业组02,江西水利电力大学,A5B7,电气工程及其自动化,,,,,,574,17335,,,,,,574,17335,,,,,,,,,本科,,,,,
8011362,海南,本科批,物理,,X376C8E,专业组01,江西水利电力大学,7FA1,供应链管理,,,,,,585,14905,,,,,,585,14905,,,,,,,,,本科,,,,,
8011363,海南,本科批,物理,,X376C8E,专业组01,江西水利电力大学,8607,法语,,,,,,585,14905,,,,,,585,14905,,,,,,,,,本科,,,,,
8011364,海南,本科批,物理,,X376C8E,专业组01,江西水利电力大学,25DE,国际经济与贸易,,,,,,588,14321,,,,,,588,14321,,,,,,,,,本科,,,,,
8011365,海南,本科批,物理,,X376C8E,专业组01,江西水利电力大学,FB18,财务管理,,,,,,591,13666,,,,,,591,13666,,,,,,,,,本科,,,,,
8011366,海南,本科批,物理,,X376C8E,专业组01,江西水利电力大学,978C,审计学,,,,,,594,13128,,,,,,594,13128,,,,,,,,,本科,,,,,
8011951,海南,本科批,物理,,X32EA65,专业组02,陕西理工大学,74E7,教育技术学,,,,,,584,15113,,,,,,584,15113,,,,,,,,,本科,,,,,
8011952,海南,本科批,物理,,X32EA65,专业组01,陕西理工大学,DFD2,学前教育（师范类）,师范类,,,,,590,13900,,,,,,590,13900,,,,,,,,,本科,,,,,
8011953,海南,本科批,物理,,X32EA65,专业组01,陕西理工大学,FBFE,物流管理,,,,,,590,13900,,,,,,590,13900,,,,,,,,,本科,,,,,
8011954,海南,本科批,物理,,X32EA65,专业组03,陕西理工大学,E5C7,地理科学（师范类）,师范类,,,,,611,10110,,,,,,611,10110,,,,,,,,,本科,,,,,
8012540,海南,本科批,物理,,XB9675A,专业组05,邵阳学院,4C65,自动化,,,,,,517,32234,,,,,,517,32234,,,,,,,,,本科,,,,,
8012541,海南,本科批,物理,,XB9675A,专业组05,邵阳学院,78FF,机械设计制造及其自动化,,,,,,525,29966,,,,,,525,29966,,,,,,,,,本科,,,,,
8012542,海南,本科批,物理,,XB9675A,专业组05,邵阳学院,97D0,临床医学,,,,,,544,24716,,,,,,544,24716,,,,,,,,,本科,,,,,
8012543,海南,本科批,物理,,XB9675A,专业组05,邵阳学院,53B9,食品质量与安全,,,,,,550,23151,,,,,,550,23151,,,,,,,,,本科,,,,,
8012544,海南,本科批,物理,,XB9675A,专业组05,邵阳学院,4ECE,土木工程,,,,,,560,20621,,,,,,560,20621,,,,,,,,,本科,,,,,
8012545,海南,本科批,物理,,XB9675A,专业组05,邵阳学院,B9A5,计算机科学与技术,,,,,,567,18906,,,,,,567,18906,,,,,,,,,本科,,,,,
8012546,海南,本科批,物理,,XB9675A,专业组03,邵阳学院,62BF,大数据管理与应用,,,,,,568,18658,,,,,,568,18658,,,,,,,,,本科,,,,,
8012547,海南,本科批,物理,,XB9675A,专业组06,邵阳学院,6E5A,园林,,,,,,570,18200,,,,,,570,18200,,,,,,,,,本科,,,,,
8012548,海南,本科批,物理,,XB9675A,专业组04,邵阳学院,4BF3,护理学,,,,,,577,16644,,,,,,577,16644,,,,,,,,,本科,,,,,
8012549,海南,本科批,物理,,XB9675A,专业组02,邵阳学院,D243,汉语言文学,,,,,,580,15994,,,,,,580,15994,,,,,,,,,本科,,,,,
8012550,海南,本科批,物理,,XB9675A,专业组02,邵阳学院,FB65,风景园林,,,,,,580,15994,,,,,,580,15994,,,,,,,,,本科,,,,,
8012551,海南,本科批,物理,,XB9675A,专业组02,邵阳学院,927B,法学,,,,,,581,15788,,,,,,581,15788,,,,,,,,,本科,,,,,
8012552,海南,本科批,物理,,XB9675A,专业组07,邵阳学院,51C8,思想政治教育,,,,,,588,14321,,,,,,588,14321,,,,,,,,,本科,,,,,
8012553,海南,本科批,物理,,XB9675A,专业组08,邵阳学院,FD7E,地理科学,,,,,,611,10110,,,,,,611,10110,,,,,,,,,本科,,,,,
8013377,海南,本科批,物理,,X9340D4,专业组01,沈阳理工大学,7F1B,无机非金属材料工程（不招色盲及单色识别不全者）,不招色盲及单色识别不全者,,,,,554,22142,,,,,,554,22142,,,,,,,,,本科,,,,,
8013378,海南,本科批,物理,,X9340D4,专业组01,沈阳理工大学,262E,金属材料工程,,,,,,554,22142,,,,,,554,22142,,,,,,,,,本科,,,,,
8013379,海南,本科批,物理,,X9340D4,专业组01,沈阳理工大学,540D,应用化学（不招色盲、色弱及单色识别不全者）,不招色盲、色弱及单色识别不全者,,,,,556,21627,,,,,,556,21627,,,,,,,,,本科,,,,,
8013380,海南,本科批,物理,,X9340D4,专业组01,沈阳理工大学,8EA2,机械电子工程,,,,,,560,20621,,,,,,560,20621,,,,,,,,,本科,,,,,
8013381,海南,本科批,物理,,X9340D4,专业组01,沈阳理工大学,FEF6,材料成型及控制工程,,,,,,563,19861,,,,,,563,19861,,,,,,,,,本科,,,,,
8013382,海南,本科批,物理,,X9340D4,专业组01,沈阳理工大学,26A7,车辆工程,,,,,,565,19373,,,,,,565,19373,,,,,,,,,本科,,,,,
8013383,海南,本科批,物理,,X9340D4,专业组01,沈阳理工大学,8684,智能制造工程,,,,,,570,18200,,,,,,570,18200,,,,,,,,,本科,,,,,
8013384,海南,本科批,物理,,X9340D4,专业组01,沈阳理工大学,93E3,电子信息工程,,,,,,571,17978,,,,,,571,17978,,,,,,,,,本科,,,,,
8013385,海南,本科批,物理,,X9340D4,专业组01,沈阳理工大学,C734,电子科学与技术,,,,,,572,17764,,,,,,572,17764,,,,,,,,,本科,,,,,
8013386,海南,本科批,物理,,X9340D4,专业组01,沈阳理工大学,4C65,自动化,,,,,,577,16644,,,,,,577,16644,,,,,,,,,本科,,,,,
8013387,海南,本科批,物理,,X9340D4,专业组01,沈阳理工大学,A5D2,测控技术与仪器,,,,,,582,15570,,,,,,582,15570,,,,,,,,,本科,,,,,
8013388,海南,本科批,物理,,X9340D4,专业组01,沈阳理工大学,ECA4,通信工程,,,,,,587,14506,,,,,,587,14506,,,,,,,,,本科,,,,,
8013389,海南,本科批,物理,,X9340D4,专业组01,沈阳理工大学,78FF,机械设计制造及其自动化,,,,,,589,14092,,,,,,589,14092,,,,,,,,,本科,,,,,
8013390,海南,本科批,物理,,X9340D4,专业组01,沈阳理工大学,548C,信息与计算科学,,,,,,594,13128,,,,,,594,13128,,,,,,,,,本科,,,,,
8013391,海南,本科批,物理,,X9340D4,专业组01,沈阳理工大学,2D81,计算机科学与技术（不能准确在显示器上识别红、黄、绿、兰、紫各种颜色中任何一种颜色的考生不能录取）,不能准确在显示器上识别红、黄、绿、兰、紫各种颜色中任何一种颜色的考生不能录取,,,,,596,12722,,,,,,596,12722,,,,,,,,,本科,,,,,
8013883,海南,本科批,物理,,X688526,专业组03,苏州工学院,41CF,数字媒体技术,,,,,,578,16442,,,,,,578,16442,,,,,,,,,本科,,,,,
8013884,海南,本科批,物理,,X688526,专业组03,苏州工学院,26A7,车辆工程,,,,,,580,15994,,,,,,580,15994,,,,,,,,,本科,,,,,
8013885,海南,本科批,物理,,X688526,专业组03,苏州工学院,D078,新能源汽车工程,,,,,,582,15570,,,,,,582,15570,,,,,,,,,本科,,,,,
8013886,海南,本科批,物理,,X688526,专业组02,苏州工学院,FBFE,物流管理,,,,,,586,14706,,,,,,586,14706,,,,,,,,,本科,,,,,
8013887,海南,本科批,物理,,X688526,专业组02,苏州工学院,6F56,工程管理,,,,,,587,14506,,,,,,587,14506,,,,,,,,,本科,,,,,
8013888,海南,本科批,物理,,X688526,专业组03,苏州工学院,4C65,自动化,,,,,,588,14321,,,,,,588,14321,,,,,,,,,本科,,,,,
8013889,海南,本科批,物理,,X688526,专业组02,苏州工学院,28AD,经济统计学,,,,,,591,13666,,,,,,591,13666,,,,,,,,,本科,,,,,
8013890,海南,本科批,物理,,X688526,专业组01,苏州工学院,09EE,市场营销,,,,,,597,12551,,,,,,597,12551,,,,,,,,,本科,,,,,
8013891,海南,本科批,物理,,X688526,专业组01,苏州工学院,FB18,财务管理,,,,,,600,12004,,,,,,600,12004,,,,,,,,,本科,,,,,
8014492,海南,本科批,物理,,XA0B435,专业组02,西南林业大学,7E23,环境工程,,,,,,479,42765,,,,,,479,42765,,,,,,,,,本科,,,,,
8014493,海南,本科批,物理,,XA0B435,专业组02,西南林业大学,C5CB,园艺,,,,,,479,42765,,,,,,479,42765,,,,,,,,,本科,,,,,
8014494,海南,本科批,物理,,XA0B435,专业组02,西南林业大学,67E2,林学,,,,,,494,38727,,,,,,494,38727,,,,,,,,,本科,,,,,
8014495,海南,本科批,物理,,XA0B435,专业组01,西南林业大学,CA0F,旅游管理,,,,,,583,15317,,,,,,583,15317,,,,,,,,,本科,,,,,
8014496,海南,本科批,物理,,XA0B435,专业组01,西南林业大学,4145,英语,,,,,,586,14706,,,,,,586,14706,,,,,,,,,本科,,,,,
8014497,海南,本科批,物理,,XA0B435,专业组03,西南林业大学,6E5A,园林,,,,,,620,8717,,,,,,620,8717,,,,,,,,,本科,,,,,
8015333,海南,本科批,物理,,X5885C8,专业组01,承德医学院,D85B,临床医学（不招色盲、色弱）,不招色盲、色弱,,,,,591,13666,,,,,,591,13666,,,,,,,,,本科,,,,,
8015580,海南,本科批,物理,,X4824FF,专业组01,桂林医科大学,41C5,公共管理类（包含专业：公共事业管理（卫生事业管理方向）、劳动与社会保障、健康服务与管理、养老服务管理）,包含专业：公共事业管理（卫生事业管理方向,,,,,576,16888,,,,,,576,16888,,,,,,,,,本科,,,,,
8015581,海南,本科批,物理,,X4824FF,专业组01,桂林医科大学,FC27,市场营销（医药方向）,医药方向,,,,,581,15788,,,,,,581,15788,,,,,,,,,本科,,,,,
8015582,海南,本科批,物理,,X4824FF,专业组02,桂林医科大学,94BF,药学（不录取色盲、色弱、斜视考生）,不录取色盲、色弱、斜视考生,,,,,590,13900,,,,,,590,13900,,,,,,,,,本科,,,,,
8015583,海南,本科批,物理,,X4824FF,专业组02,桂林医科大学,2E4F,生物技术（不录取色盲、色弱、斜视考生）,不录取色盲、色弱、斜视考生,,,,,590,13900,,,,,,590,13900,,,,,,,,,本科,,,,,
8015584,海南,本科批,物理,,X4824FF,专业组02,桂林医科大学,0079,预防医学（不录取色盲、色弱、斜视考生）,不录取色盲、色弱、斜视考生,,,,,591,13666,,,,,,591,13666,,,,,,,,,本科,,,,,
8015585,海南,本科批,物理,,X4824FF,专业组02,桂林医科大学,6289,医学检验技术（不录取色盲、色弱、斜视考生）,不录取色盲、色弱、斜视考生,,,,,591,13666,,,,,,591,13666,,,,,,,,,本科,,,,,
8015586,海南,本科批,物理,,X4824FF,专业组02,桂林医科大学,8F7C,康复治疗学（不录取色盲、色弱、斜视考生）,不录取色盲、色弱、斜视考生,,,,,593,13321,,,,,,593,13321,,,,,,,,,本科,,,,,
8015587,海南,本科批,物理,,X4824FF,专业组03,桂林医科大学,0DA8,护理学（不录取色盲、色弱、斜视考生；男生身高不低于160cm，女生身高不低于155cm）,不录取色盲、色弱、斜视考生；男生身高不低于160cm，女生身高不低于155cm,,,,,598,12377,,,,,,598,12377,,,,,,,,,本科,,,,,
8015588,海南,本科批,物理,,X4824FF,专业组02,桂林医科大学,CDCD,临床药学（不录取色盲、色弱、斜视考生）,不录取色盲、色弱、斜视考生,,,,,598,12377,,,,,,598,12377,,,,,,,,,本科,,,,,
8015589,海南,本科批,物理,,X4824FF,专业组02,桂林医科大学,0875,医学影像学（不录取色盲、色弱、斜视考生）,不录取色盲、色弱、斜视考生,,,,,599,12200,,,,,,599,12200,,,,,,,,,本科,,,,,
8015590,海南,本科批,物理,,X4824FF,专业组02,桂林医科大学,3EAA,儿科学（不录取色盲、色弱、斜视考生-）,不录取色盲、色弱、斜视考生-,,,,,602,11656,,,,,,602,11656,,,,,,,,,本科,,,,,
8015591,海南,本科批,物理,,X4824FF,专业组02,桂林医科大学,7366,临床医学（不录取色盲、色弱、斜视考生）,不录取色盲、色弱、斜视考生,,,,,603,11475,,,,,,603,11475,,,,,,,,,本科,,,,,
8015592,海南,本科批,物理,,X4824FF,专业组02,桂林医科大学,54BF,口腔医学（不录取色盲、色弱、斜视考生）,不录取色盲、色弱、斜视考生,,,,,629,7486,,,,,,629,7486,,,,,,,,,本科,,,,,
8015747,海南,本科批,物理,,X308BDD,专业组01,西安医学院,090D,公共事业管理,,,,,,566,19137,,,,,,566,19137,,,,,,,,,本科,,,,,
8015748,海南,本科批,物理,,X308BDD,专业组02,西安医学院,4BF3,护理学,,,,,,586,14706,,,,,,586,14706,,,,,,,,,本科,,,,,
8015749,海南,本科批,物理,,X308BDD,专业组03,西安医学院,97D0,临床医学,,,,,,613,9795,,,,,,613,9795,,,,,,,,,本科,,,,,
8016072,海南,本科批,物理,,XC4A7EF,专业组02,西南医科大学,2DDF,医学影像技术,,,,,,570,18200,,,,,,570,18200,,,,,,,,,本科,,,,,
8016073,海南,本科批,物理,,XC4A7EF,专业组02,西南医科大学,817D,康复治疗学,,,,,,571,17978,,,,,,571,17978,,,,,,,,,本科,,,,,
8016074,海南,本科批,物理,,XC4A7EF,专业组02,西南医科大学,10A0,药学,,,,,,574,17335,,,,,,574,17335,,,,,,,,,本科,,,,,
8016075,海南,本科批,物理,,XC4A7EF,专业组02,西南医科大学,97D0,临床医学,,,,,,576,16888,,,,,,576,16888,,,,,,,,,本科,,,,,
8016076,海南,本科批,物理,,XC4A7EF,专业组01,西南医科大学,09EE,市场营销,,,,,,590,13900,,,,,,590,13900,,,,,,,,,本科,,,,,
8016077,海南,本科批,物理,,XC4A7EF,专业组02,西南医科大学,57E6,医学影像学,,,,,,603,11475,,,,,,603,11475,,,,,,,,,本科,,,,,
8016078,海南,本科批,物理,,XC4A7EF,专业组01,西南医科大学,927B,法学,,,,,,608,10596,,,,,,608,10596,,,,,,,,,本科,,,,,
8016769,海南,本科批,物理,,X5B7EFA,专业组02,太原师范学院,F89C,生物技术,,,,,,478,43056,,,,,,478,43056,,,,,,,,,本科,,,,,
8016770,海南,本科批,物理,,X5B7EFA,专业组02,太原师范学院,C15F,生物科学（师范类）,师范类,,,,,478,43056,,,,,,478,43056,,,,,,,,,本科,,,,,
8016771,海南,本科批,物理,,X5B7EFA,专业组02,太原师范学院,52FD,应用化学,,,,,,479,42765,,,,,,479,42765,,,,,,,,,本科,,,,,
8016772,海南,本科批,物理,,X5B7EFA,专业组02,太原师范学院,548C,信息与计算科学,,,,,,480,42524,,,,,,480,42524,,,,,,,,,本科,,,,,
8016773,海南,本科批,物理,,X5B7EFA,专业组02,太原师范学院,B8DA,数学与应用数学（师范类）,师范类,,,,,527,29380,,,,,,527,29380,,,,,,,,,本科,,,,,
8016774,海南,本科批,物理,,X5B7EFA,专业组01,太原师范学院,DFD2,学前教育（师范类）,师范类,,,,,585,14905,,,,,,585,14905,,,,,,,,,本科,,,,,
8016775,海南,本科批,物理,,X5B7EFA,专业组03,太原师范学院,DBB2,历史学（师范类）,师范类,,,,,585,14905,,,,,,585,14905,,,,,,,,,本科,,,,,
8016776,海南,本科批,物理,,X5B7EFA,专业组01,太原师范学院,CA0F,旅游管理,,,,,,586,14706,,,,,,586,14706,,,,,,,,,本科,,,,,
8016777,海南,本科批,物理,,X5B7EFA,专业组01,太原师范学院,098E,教育学（师范类）,师范类,,,,,588,14321,,,,,,588,14321,,,,,,,,,本科,,,,,
8016778,海南,本科批,物理,,X5B7EFA,专业组01,太原师范学院,F338,英语（师范类）,师范类,,,,,589,14092,,,,,,589,14092,,,,,,,,,本科,,,,,
8016779,海南,本科批,物理,,X5B7EFA,专业组02,太原师范学院,8FA3,化学（师范类）,师范类,,,,,590,13900,,,,,,590,13900,,,,,,,,,本科,,,,,
8016780,海南,本科批,物理,,X5B7EFA,专业组04,太原师范学院,0E38,自然地理与资源环境,,,,,,591,13666,,,,,,591,13666,,,,,,,,,本科,,,,,
8016781,海南,本科批,物理,,X5B7EFA,专业组04,太原师范学院,E5C7,地理科学（师范类）,师范类,,,,,594,13128,,,,,,594,13128,,,,,,,,,本科,,,,,
8016782,海南,本科批,物理,,X5B7EFA,专业组01,太原师范学院,AFF5,汉语言文学（师范类）,师范类,,,,,601,11844,,,,,,601,11844,,,,,,,,,本科,,,,,
8017069,海南,本科批,物理,,X0412DB,专业组01,广西财经学院,1D5E,税收学,,,,,,591,13666,,,,,,591,13666,,,,,,,,,本科,,,,,
8017070,海南,本科批,物理,,X0412DB,专业组01,广西财经学院,25DE,国际经济与贸易,,,,,,591,13666,,,,,,591,13666,,,,,,,,,本科,,,,,
8017071,海南,本科批,物理,,X0412DB,专业组01,广西财经学院,5E19,会计学,,,,,,594,13128,,,,,,594,13128,,,,,,,,,本科,,,,,
8017072,海南,本科批,物理,,X0412DB,专业组01,广西财经学院,927B,法学,,,,,,597,12551,,,,,,597,12551,,,,,,,,,本科,,,,,
8018058,海南,本科批,物理,,XCC03B7,专业组03,长春工业大学,FEF6,材料成型及控制工程,,,,,,489,40101,,,,,,489,40101,,,,,,,,,本科,,,,,
8018059,海南,本科批,物理,,XCC03B7,专业组03,长春工业大学,262E,金属材料工程,,,,,,507,35056,,,,,,507,35056,,,,,,,,,本科,,,,,
8018060,海南,本科批,物理,,XCC03B7,专业组03,长春工业大学,D6ED,化学工程与工艺,,,,,,515,32818,,,,,,515,32818,,,,,,,,,本科,,,,,
8018061,海南,本科批,物理,,XCC03B7,专业组03,长春工业大学,6934,涂料工程,,,,,,520,31393,,,,,,520,31393,,,,,,,,,本科,,,,,
8018062,海南,本科批,物理,,XCC03B7,专业组03,长春工业大学,7E23,环境工程,,,,,,521,31110,,,,,,521,31110,,,,,,,,,本科,,,,,
8018063,海南,本科批,物理,,XCC03B7,专业组03,长春工业大学,40CE,制药工程,,,,,,523,30534,,,,,,523,30534,,,,,,,,,本科,,,,,
8018064,海南,本科批,物理,,XCC03B7,专业组03,长春工业大学,5E49,食品科学与工程,,,,,,524,30268,,,,,,524,30268,,,,,,,,,本科,,,,,
8018065,海南,本科批,物理,,XCC03B7,专业组03,长春工业大学,F11A,机器人工程,,,,,,540,25810,,,,,,540,25810,,,,,,,,,本科,,,,,
8018066,海南,本科批,物理,,XCC03B7,专业组03,长春工业大学,93E3,电子信息工程,,,,,,541,25500,,,,,,541,25500,,,,,,,,,本科,,,,,
8018067,海南,本科批,物理,,XCC03B7,专业组03,长春工业大学,B5AE,化学,,,,,,543,24997,,,,,,543,24997,,,,,,,,,本科,,,,,
8018068,海南,本科批,物理,,XCC03B7,专业组03,长春工业大学,8684,智能制造工程,,,,,,548,23705,,,,,,548,23705,,,,,,,,,本科,,,,,
8018069,海南,本科批,物理,,XCC03B7,专业组03,长春工业大学,4C65,自动化,,,,,,549,23420,,,,,,549,23420,,,,,,,,,本科,,,,,
8018070,海南,本科批,物理,,XCC03B7,专业组03,长春工业大学,4931,材料物理,,,,,,550,23151,,,,,,550,23151,,,,,,,,,本科,,,,,
8018071,海南,本科批,物理,,XCC03B7,专业组03,长春工业大学,5B8B,高分子材料与工程,,,,,,561,20364,,,,,,561,20364,,,,,,,,,本科,,,,,
8018072,海南,本科批,物理,,XCC03B7,专业组03,长春工业大学,548C,信息与计算科学,,,,,,567,18906,,,,,,567,18906,,,,,,,,,本科,,,,,
8018073,海南,本科批,物理,,XCC03B7,专业组01,长春工业大学,04A0,工商管理,,,,,,584,15113,,,,,,584,15113,,,,,,,,,本科,,,,,
8018074,海南,本科批,物理,,XCC03B7,专业组02,长春工业大学,D681,信息管理与信息系统,,,,,,585,14905,,,,,,585,14905,,,,,,,,,本科,,,,,
8018632,海南,本科批,物理,,X108985,专业组01,长春中医药大学,92CA,中医养生学,,,,,,481,42257,,,,,,481,42257,,,,,,,,,本科,,,,,
8018633,海南,本科批,物理,,X108985,专业组01,长春中医药大学,5FB0,中药资源与开发,,,,,,481,42257,,,,,,481,42257,,,,,,,,,本科,,,,,
8018634,海南,本科批,物理,,X108985,专业组01,长春中医药大学,6246,针灸推拿学,,,,,,481,42257,,,,,,481,42257,,,,,,,,,本科,,,,,
8018635,海南,本科批,物理,,X108985,专业组01,长春中医药大学,817D,康复治疗学,,,,,,482,42014,,,,,,482,42014,,,,,,,,,本科,,,,,
8018636,海南,本科批,物理,,X108985,专业组01,长春中医药大学,97D0,临床医学,,,,,,483,41779,,,,,,483,41779,,,,,,,,,本科,,,,,
8018637,海南,本科批,物理,,X108985,专业组01,长春中医药大学,10A0,药学,,,,,,484,41507,,,,,,484,41507,,,,,,,,,本科,,,,,
8018638,海南,本科批,物理,,X108985,专业组01,长春中医药大学,4C2A,中药学,,,,,,484,41507,,,,,,484,41507,,,,,,,,,本科,,,,,
8018639,海南,本科批,物理,,X108985,专业组01,长春中医药大学,40CE,制药工程,,,,,,485,41238,,,,,,485,41238,,,,,,,,,本科,,,,,
8018640,海南,本科批,物理,,X108985,专业组01,长春中医药大学,004B,医学信息工程,,,,,,502,36510,,,,,,502,36510,,,,,,,,,本科,,,,,
8018641,海南,本科批,物理,,X108985,专业组01,长春中医药大学,03FE,中医学,,,,,,505,35622,,,,,,505,35622,,,,,,,,,本科,,,,,
8018642,海南,本科批,物理,,X108985,专业组01,长春中医药大学,EA3D,中医学（5+3一体化）,5+3一体化,,,,,550,23151,,,,,,550,23151,,,,,,,,,本科,,,,,
8019144,海南,本科批,物理,,X420706,专业组01,长治医学院,FFE8,生物医学工程,,,,,,478,43056,,,,,,478,43056,,,,,,,,,本科,,,,,
8019145,海南,本科批,物理,,X420706,专业组01,长治医学院,A39E,预防医学,,,,,,480,42524,,,,,,480,42524,,,,,,,,,本科,,,,,
8019146,海南,本科批,物理,,X420706,专业组01,长治医学院,2DDF,医学影像技术,,,,,,485,41238,,,,,,485,41238,,,,,,,,,本科,,,,,
8019147,海南,本科批,物理,,X420706,专业组01,长治医学院,10A0,药学,,,,,,485,41238,,,,,,485,41238,,,,,,,,,本科,,,,,
8019148,海南,本科批,物理,,X420706,专业组01,长治医学院,68ED,医学实验技术,,,,,,487,40700,,,,,,487,40700,,,,,,,,,本科,,,,,
8019149,海南,本科批,物理,,X420706,专业组01,长治医学院,97D0,临床医学,,,,,,488,40419,,,,,,488,40419,,,,,,,,,本科,,,,,
8019150,海南,本科批,物理,,X420706,专业组01,长治医学院,BE91,医学检验技术,,,,,,507,35056,,,,,,507,35056,,,,,,,,,本科,,,,,
8019151,海南,本科批,物理,,X420706,专业组01,长治医学院,817D,康复治疗学,,,,,,545,24505,,,,,,545,24505,,,,,,,,,本科,,,,,
8019152,海南,本科批,物理,,X420706,专业组01,长治医学院,5DA6,口腔医学,,,,,,556,21627,,,,,,556,21627,,,,,,,,,本科,,,,,
8019153,海南,本科批,物理,,X420706,专业组01,长治医学院,57E6,医学影像学,,,,,,560,20621,,,,,,560,20621,,,,,,,,,本科,,,,,
8019154,海南,本科批,物理,,X420706,专业组01,长治医学院,A5C6,麻醉学,,,,,,575,17087,,,,,,575,17087,,,,,,,,,本科,,,,,
8019155,海南,本科批,物理,,X420706,专业组02,长治医学院,A585,助产学,,,,,,580,15994,,,,,,580,15994,,,,,,,,,本科,,,,,
8019156,海南,本科批,物理,,X420706,专业组02,长治医学院,4BF3,护理学,,,,,,580,15994,,,,,,580,15994,,,,,,,,,本科,,,,,
8019157,海南,本科批,物理,,X420706,专业组03,长治医学院,03FE,中医学,,,,,,642,5905,,,,,,642,5905,,,,,,,,,本科,,,,,
8019467,海南,本科批,物理,,XB68D1C,专业组02,天水师范大学,8FA3,化学（师范类）,师范类,,,,,496,38160,,,,,,496,38160,,,,,,,,,本科,,,,,
8019468,海南,本科批,物理,,XB68D1C,专业组03,天水师范大学,C15F,生物科学（师范类）,师范类,,,,,519,31653,,,,,,519,31653,,,,,,,,,本科,,,,,
8019469,海南,本科批,物理,,XB68D1C,专业组01,天水师范大学,F338,英语（师范类）,师范类,,,,,567,18906,,,,,,567,18906,,,,,,,,,本科,,,,,
8019470,海南,本科批,物理,,XB68D1C,专业组05,天水师范大学,C17B,思想政治教育（师范类）,师范类,,,,,568,18658,,,,,,568,18658,,,,,,,,,本科,,,,,
8019471,海南,本科批,物理,,XB68D1C,专业组04,天水师范大学,DBB2,历史学（师范类）,师范类,,,,,571,17978,,,,,,571,17978,,,,,,,,,本科,,,,,
8019472,海南,本科批,物理,,XB68D1C,专业组04,天水师范大学,AFF5,汉语言文学（师范类）,师范类,,,,,575,17087,,,,,,575,17087,,,,,,,,,本科,,,,,
8019473,海南,本科批,物理,,XB68D1C,专业组06,天水师范大学,E5C7,地理科学（师范类）,师范类,,,,,575,17087,,,,,,575,17087,,,,,,,,,本科,,,,,
8020820,海南,本科批,物理,,XC84625,专业组02,贵州理工学院,CEDE,道路桥梁与渡河工程,,,,,,501,36812,,,,,,501,36812,,,,,,,,,本科,,,,,
8020821,海南,本科批,物理,,XC84625,专业组02,贵州理工学院,4ECE,土木工程,,,,,,510,34198,,,,,,510,34198,,,,,,,,,本科,,,,,
8020822,海南,本科批,物理,,XC84625,专业组02,贵州理工学院,B5CD,飞行器动力工程,,,,,,516,32517,,,,,,516,32517,,,,,,,,,本科,,,,,
8020823,海南,本科批,物理,,XC84625,专业组03,贵州理工学院,BFDA,人文地理与城乡规划,,,,,,569,18472,,,,,,569,18472,,,,,,,,,本科,,,,,
8020824,海南,本科批,物理,,XC84625,专业组01,贵州理工学院,495D,管理科学与工程类（包含专业：工程管理、工程造价）,包含专业：工程管理、工程造价,,,,,574,17335,,,,,,574,17335,,,,,,,,,本科,,,,,
8021380,海南,本科批,物理,,XD089C8,专业组02,湖北文理学院,F068,人工智能,,,,,,547,23968,,,,,,547,23968,,,,,,,,,本科,,,,,
8021381,海南,本科批,物理,,XD089C8,专业组02,湖北文理学院,C537,机械类（包含专业：机械设计制造及其自动化、智能制造工程）,包含专业：机械设计制造及其自动化、智能制造工程,,,,,549,23420,,,,,,549,23420,,,,,,,,,本科,,,,,
8021382,海南,本科批,物理,,XD089C8,专业组02,湖北文理学院,E57E,电子信息类（包含专业：电子信息工程、通信工程）,包含专业：电子信息工程、通信工程,,,,,550,23151,,,,,,550,23151,,,,,,,,,本科,,,,,
8021383,海南,本科批,物理,,XD089C8,专业组01,湖北文理学院,25DE,国际经济与贸易,,,,,,593,13321,,,,,,593,13321,,,,,,,,,本科,,,,,
8021384,海南,本科批,物理,,XD089C8,专业组01,湖北文理学院,927B,法学,,,,,,600,12004,,,,,,600,12004,,,,,,,,,本科,,,,,
8022365,海南,本科批,物理,,X5B52B5,专业组03,五邑大学,19F4,纺织工程（不招色盲、色弱；含非织造材料与工程、现代纺织技术与应用、针织品设计与服装、染整、纺织化学与清洁生产等培养模块，入学后分流）,不招色盲、色弱；含非织造材料与工程、现代纺织技术与应用、针织品设计与服装、染整、纺织化学与清洁生产等培养模块，入学后分流,,,,,564,19597,,,,,,564,19597,,,,,,,,,本科,,,,,
8022366,海南,本科批,物理,,X5B52B5,专业组03,五邑大学,6A5C,交通工程（请色盲、色弱考生慎重报考；含交通控制与管理、轨道交通自动化、轨道交通电气化、智能装备、轨道交通智慧运营、轨道交通车辆工程、数字供应链、道路与桥梁等培养模块，入学后分流）,请色盲、色弱考生慎重报考；含交通控制与管理、轨道交通自动化、轨道交通电气化、智能装备、轨道交通智慧运营、轨道交通车辆工程、数字供应链、道路与桥梁等培养模块，入学后分流,,,,,571,17978,,,,,,571,17978,,,,,,,,,本科,,,,,
8022367,海南,本科批,物理,,X5B52B5,专业组03,五邑大学,BF35,机械工程（不招色盲）,不招色盲,,,,,583,15317,,,,,,583,15317,,,,,,,,,本科,,,,,
8022368,海南,本科批,物理,,X5B52B5,专业组03,五邑大学,55F8,通信工程（请单色识别不全的考生慎重报考；含通信工程、物联网工程、智能制造信息技术、计算机通信网络、智慧物流等培养模块，入学后分流）,请单色识别不全的考生慎重报考；含通信工程、物联网工程、智能制造信息技术、计算机通信网络、智慧物流等培养模块，入学后分流,,,,,597,12551,,,,,,597,12551,,,,,,,,,本科,,,,,
8022369,海南,本科批,物理,,X5B52B5,专业组03,五邑大学,EADF,电子信息工程（请单色识别不全的考生慎重报考；含电子信息工程、信息安全、集成电路、人工智能、半导体绿色光源、光电工程、新能源材料与器件、微电子等培养模块，入学后分流）,请单色识别不全的考生慎重报考；含电子信息工程、信息安全、集成电路、人工智能、半导体绿色光源、光电工程、新能源材料与器件、微电子等培养模块，入学后分流,,,,,600,12004,,,,,,600,12004,,,,,,,,,本科,,,,,
8022582,海南,本科批,物理,,X6CE24E,专业组03,徐州工程学院,E2E1,生物工程,,,,,,514,33109,,,,,,514,33109,,,,,,,,,本科,,,,,
8022583,海南,本科批,物理,,X6CE24E,专业组01,徐州工程学院,E042,经济与金融,,,,,,584,15113,,,,,,584,15113,,,,,,,,,本科,,,,,
8022584,海南,本科批,物理,,X6CE24E,专业组01,徐州工程学院,09EE,市场营销,,,,,,585,14905,,,,,,585,14905,,,,,,,,,本科,,,,,
8022585,海南,本科批,物理,,X6CE24E,专业组02,徐州工程学院,4A2C,物流工程,,,,,,588,14321,,,,,,588,14321,,,,,,,,,本科,,,,,
8022586,海南,本科批,物理,,X6CE24E,专业组02,徐州工程学院,6F56,工程管理,,,,,,589,14092,,,,,,589,14092,,,,,,,,,本科,,,,,
8022587,海南,本科批,物理,,X6CE24E,专业组01,徐州工程学院,CA0F,旅游管理,,,,,,592,13501,,,,,,592,13501,,,,,,,,,本科,,,,,
8022699,海南,本科批,物理,,XE70ABD,专业组02,昭通学院,B8DA,数学与应用数学（师范类）,师范类,,,,,516,32517,,,,,,516,32517,,,,,,,,,本科,,,,,
8022700,海南,本科批,物理,,XE70ABD,专业组01,昭通学院,AC90,行政管理,,,,,,577,16644,,,,,,577,16644,,,,,,,,,本科,,,,,
8022701,海南,本科批,物理,,XE70ABD,专业组01,昭通学院,AFF5,汉语言文学（师范类）,师范类,,,,,577,16644,,,,,,577,16644,,,,,,,,,本科,,,,,
8023240,海南,本科批,物理,,XFA758E,专业组01,浙江海洋大学,C03F,水产养殖学（在新城校区就读）,在新城校区就读,,,,,555,21888,,,,,,555,21888,,,,,,,,,本科,,,,,
8023241,海南,本科批,物理,,XFA758E,专业组01,浙江海洋大学,23A8,油气储运工程（第一年在定海校区，一年后在新城校区就读）,第一年在定海校区，一年后在新城校区就读,,,,,565,19373,,,,,,565,19373,,,,,,,,,本科,,,,,
8023242,海南,本科批,物理,,XFA758E,专业组01,浙江海洋大学,D342,食品科学与工程（第一年在定海校区，一年后在新城校区就读）,第一年在定海校区，一年后在新城校区就读,,,,,569,18472,,,,,,569,18472,,,,,,,,,本科,,,,,
8023243,海南,本科批,物理,,XFA758E,专业组01,浙江海洋大学,A856,海洋资源与环境（在新城校区就读）,在新城校区就读,,,,,570,18200,,,,,,570,18200,,,,,,,,,本科,,,,,
8023244,海南,本科批,物理,,XFA758E,专业组01,浙江海洋大学,9E52,海洋渔业科学与技术（在新城校区就读）,在新城校区就读,,,,,571,17978,,,,,,571,17978,,,,,,,,,本科,,,,,
8023245,海南,本科批,物理,,XFA758E,专业组01,浙江海洋大学,8AE7,轮机工程（船机修造方向）（第一年在定海校区，一年后在新城校区就读）,船机修造方向; 第一年在定海校区，一年后在新城校区就读,,,,,572,17764,,,,,,572,17764,,,,,,,,,本科,,,,,
8023246,海南,本科批,物理,,XFA758E,专业组01,浙江海洋大学,3C40,海洋科学（第一年在定海校区，一年后在新城校区就读）,第一年在定海校区，一年后在新城校区就读,,,,,579,16225,,,,,,579,16225,,,,,,,,,本科,,,,,
8023247,海南,本科批,物理,,XFA758E,专业组01,浙江海洋大学,0ECA,智慧海洋技术（第一年在定海校区，一年后在新城校区就读）,第一年在定海校区，一年后在新城校区就读,,,,,584,15113,,,,,,584,15113,,,,,,,,,本科,,,,,
8023248,海南,本科批,物理,,XFA758E,专业组01,浙江海洋大学,B5F4,船舶与海洋工程（第一年在定海校区，一年后在新城校区就读）,第一年在定海校区，一年后在新城校区就读,,,,,589,14092,,,,,,589,14092,,,,,,,,,本科,,,,,
8023690,海南,本科批,物理,,X9B6508,专业组02,右江民族医学院,403D,康复物理治疗（不招色盲、色弱）,不招色盲、色弱,,,,,486,40965,,,,,,486,40965,,,,,,,,,本科,,,,,
8023691,海南,本科批,物理,,X9B6508,专业组02,右江民族医学院,D85B,临床医学（不招色盲、色弱）,不招色盲、色弱,,,,,488,40419,,,,,,488,40419,,,,,,,,,本科,,,,,
8023692,海南,本科批,物理,,X9B6508,专业组02,右江民族医学院,203D,卫生检验与检疫（不招色盲、色弱）,不招色盲、色弱,,,,,488,40419,,,,,,488,40419,,,,,,,,,本科,,,,,
8023693,海南,本科批,物理,,X9B6508,专业组02,右江民族医学院,E017,医学检验技术（不招色盲、色弱）,不招色盲、色弱,,,,,488,40419,,,,,,488,40419,,,,,,,,,本科,,,,,
8023694,海南,本科批,物理,,X9B6508,专业组01,右江民族医学院,2234,劳动与社会保障,,,,,,567,18906,,,,,,567,18906,,,,,,,,,本科,,,,,
8023695,海南,本科批,物理,,X9B6508,专业组01,右江民族医学院,8B36,翻译,,,,,,569,18472,,,,,,569,18472,,,,,,,,,本科,,,,,
8023696,海南,本科批,物理,,X9B6508,专业组01,右江民族医学院,090D,公共事业管理,,,,,,571,17978,,,,,,571,17978,,,,,,,,,本科,,,,,
8023697,海南,本科批,物理,,X9B6508,专业组03,右江民族医学院,CA4C,护理学（不招色盲、色弱；女生身高不低于155cm，男生身高不低于165cm）,不招色盲、色弱；女生身高不低于155cm，男生身高不低于165cm,,,,,579,16225,,,,,,579,16225,,,,,,,,,本科,,,,,
8024231,海南,本科批,物理,,XB5B30E,专业组02,中国劳动关系学院,F620,安全工程,,,,,,569,18472,,,,,,569,18472,,,,,,,,,本科,,,,,
8024232,海南,本科批,物理,,XB5B30E,专业组02,中国劳动关系学院,C0DA,应用统计学,,,,,,572,17764,,,,,,572,17764,,,,,,,,,本科,,,,,
8024233,海南,本科批,物理,,XB5B30E,专业组02,中国劳动关系学院,B9A5,计算机科学与技术,,,,,,576,16888,,,,,,576,16888,,,,,,,,,本科,,,,,
8024234,海南,本科批,物理,,XB5B30E,专业组01,中国劳动关系学院,9D85,酒店管理,,,,,,589,14092,,,,,,589,14092,,,,,,,,,本科,,,,,
8024235,海南,本科批,物理,,XB5B30E,专业组01,中国劳动关系学院,AC90,行政管理,,,,,,590,13900,,,,,,590,13900,,,,,,,,,本科,,,,,
8024236,海南,本科批,物理,,XB5B30E,专业组01,中国劳动关系学院,CA0F,旅游管理,,,,,,590,13900,,,,,,590,13900,,,,,,,,,本科,,,,,
8024237,海南,本科批,物理,,XB5B30E,专业组01,中国劳动关系学院,6AB9,经济学,,,,,,592,13501,,,,,,592,13501,,,,,,,,,本科,,,,,
8024238,海南,本科批,物理,,XB5B30E,专业组01,中国劳动关系学院,68F4,新闻学,,,,,,592,13501,,,,,,592,13501,,,,,,,,,本科,,,,,
8024239,海南,本科批,物理,,XB5B30E,专业组01,中国劳动关系学院,2234,劳动与社会保障,,,,,,593,13321,,,,,,593,13321,,,,,,,,,本科,,,,,
8024240,海南,本科批,物理,,XB5B30E,专业组01,中国劳动关系学院,E6CB,社会工作,,,,,,596,12722,,,,,,596,12722,,,,,,,,,本科,,,,,
8024241,海南,本科批,物理,,XB5B30E,专业组01,中国劳动关系学院,927B,法学,,,,,,610,10279,,,,,,610,10279,,,,,,,,,本科,,,,,
8024706,海南,本科批,物理,,XA69784,专业组01,广东医科大学,57E6,医学影像学,,,,,,616,9314,,,,,,616,9314,,,,,,,,,本科,,,,,
8024707,海南,本科批,物理,,XA69784,专业组01,广东医科大学,A5C6,麻醉学,,,,,,619,8868,,,,,,619,8868,,,,,,,,,本科,,,,,
8024708,海南,本科批,物理,,XA69784,专业组01,广东医科大学,CD64,儿科学,,,,,,624,8163,,,,,,624,8163,,,,,,,,,本科,,,,,
8024709,海南,本科批,物理,,XA69784,专业组01,广东医科大学,5DA6,口腔医学,,,,,,636,6586,,,,,,636,6586,,,,,,,,,本科,,,,,
8024710,海南,本科批,物理,,XA69784,专业组01,广东医科大学,DBEE,临床医学（湛江）,湛江,,,,,647,5370,,,,,,647,5370,,,,,,,,,本科,,,,,
8025919,海南,本科批,物理,,X879DEA,专业组02,郑州师范学院,BB6B,英语（师范）,师范,,,,,608,10596,,,,,,608,10596,,,,,,,,,本科,,,,,
8025920,海南,本科批,物理,,X879DEA,专业组03,郑州师范学院,B53C,汉语言文学（师范）,师范,,,,,611,10110,,,,,,611,10110,,,,,,,,,本科,,,,,
8026372,海南,本科批,物理,,X3B0170,专业组80,北部湾大学,8ADC,物联网工程（中外合作办学）（具体录取规则、要求、费用等详见学校招生章程）,中外合作办学; 具体录取规则、要求、费用等详见学校招生章程,,,,,466,46079,,,,,,466,46079,,,,,,,,,本科,,,,,
8026373,海南,本科批,物理,,X3B0170,专业组80,北部湾大学,97BD,车辆工程（中外合作办学）（具体录取规则、要求、费用等详见学校招生章程）,中外合作办学; 具体录取规则、要求、费用等详见学校招生章程,,,,,471,44843,,,,,,471,44843,,,,,,,,,本科,,,,,
8026374,海南,本科批,物理,,X3B0170,专业组80,北部湾大学,FED6,机械工程（中外合作办学）（具体录取规则、要求、费用等详见学校招生章程）,中外合作办学; 具体录取规则、要求、费用等详见学校招生章程,,,,,476,43585,,,,,,476,43585,,,,,,,,,本科,,,,,
8026375,海南,本科批,物理,,X3B0170,专业组80,北部湾大学,B4C8,机械设计制造及其自动化（中外合作办学）（具体录取规则、要求、费用等详见学校招生章程）,中外合作办学; 具体录取规则、要求、费用等详见学校招生章程,,,,,484,41507,,,,,,484,41507,,,,,,,,,本科,,,,,
8026376,海南,本科批,物理,,X3B0170,专业组81,北部湾大学,78B3,电子信息工程（中外合作办学）（具体录取规则、要求、费用等详见学校招生章程）,中外合作办学; 具体录取规则、要求、费用等详见学校招生章程,,,,,507,35056,,,,,,507,35056,,,,,,,,,本科,,,,,
8026377,海南,本科批,物理,,X3B0170,专业组03,北部湾大学,F168,工程造价（中外合作办学）（具体录取规则、要求、费用等详见学校招生章程）,中外合作办学; 具体录取规则、要求、费用等详见学校招生章程,,,,,543,24997,,,,,,543,24997,,,,,,,,,本科,,,,,
8026378,海南,本科批,物理,,X3B0170,专业组04,北部湾大学,557A,港口航道与海岸工程,,,,,,556,21627,,,,,,556,21627,,,,,,,,,本科,,,,,
8026379,海南,本科批,物理,,X3B0170,专业组04,北部湾大学,C059,海洋科学,,,,,,556,21627,,,,,,556,21627,,,,,,,,,本科,,,,,
8026380,海南,本科批,物理,,X3B0170,专业组04,北部湾大学,7A1F,水产养殖学,,,,,,557,21396,,,,,,557,21396,,,,,,,,,本科,,,,,
8026381,海南,本科批,物理,,X3B0170,专业组04,北部湾大学,B694,生物制药,,,,,,566,19137,,,,,,566,19137,,,,,,,,,本科,,,,,
8026382,海南,本科批,物理,,X3B0170,专业组04,北部湾大学,0C52,船舶与海洋工程,,,,,,571,17978,,,,,,571,17978,,,,,,,,,本科,,,,,
8026383,海南,本科批,物理,,X3B0170,专业组02,北部湾大学,CA0F,旅游管理,,,,,,593,13321,,,,,,593,13321,,,,,,,,,本科,,,,,
8026384,海南,本科批,物理,,X3B0170,专业组02,北部湾大学,FBFE,物流管理,,,,,,594,13128,,,,,,594,13128,,,,,,,,,本科,,,,,
8026979,海南,本科批,物理,,XFCE83D,专业组02,成都大学,4BF3,护理学,,,,,,603,11475,,,,,,603,11475,,,,,,,,,本科,,,,,
8026980,海南,本科批,物理,,XFCE83D,专业组03,成都大学,A2E0,测绘工程,,,,,,617,9159,,,,,,617,9159,,,,,,,,,本科,,,,,
8026981,海南,本科批,物理,,XFCE83D,专业组03,成都大学,53B9,食品质量与安全,,,,,,618,9022,,,,,,618,9022,,,,,,,,,本科,,,,,
8026982,海南,本科批,物理,,XFCE83D,专业组04,成都大学,E6CB,社会工作,,,,,,622,8436,,,,,,622,8436,,,,,,,,,本科,,,,,
8026983,海南,本科批,物理,,XFCE83D,专业组03,成都大学,3C38,软件工程,,,,,,623,8295,,,,,,623,8295,,,,,,,,,本科,,,,,
8026984,海南,本科批,物理,,XFCE83D,专业组03,成都大学,78FF,机械设计制造及其自动化,,,,,,626,7880,,,,,,626,7880,,,,,,,,,本科,,,,,
8026985,海南,本科批,物理,,XFCE83D,专业组01,成都大学,7288,文化产业管理,,,,,,629,7486,,,,,,629,7486,,,,,,,,,本科,,,,,
8026986,海南,本科批,物理,,XFCE83D,专业组01,成都大学,88EE,泰语,,,,,,629,7486,,,,,,629,7486,,,,,,,,,本科,,,,,
8026987,海南,本科批,物理,,XFCE83D,专业组01,成都大学,4852,应用心理学,,,,,,629,7486,,,,,,629,7486,,,,,,,,,本科,,,,,
8026988,海南,本科批,物理,,XFCE83D,专业组01,成都大学,A7E8,会展经济与管理,,,,,,630,7329,,,,,,630,7329,,,,,,,,,本科,,,,,
8026989,海南,本科批,物理,,XFCE83D,专业组01,成都大学,25DE,国际经济与贸易,,,,,,631,7228,,,,,,631,7228,,,,,,,,,本科,,,,,
8026990,海南,本科批,物理,,XFCE83D,专业组01,成都大学,9D85,酒店管理,,,,,,631,7228,,,,,,631,7228,,,,,,,,,本科,,,,,
8026991,海南,本科批,物理,,XFCE83D,专业组03,成都大学,93E3,电子信息工程,,,,,,632,7099,,,,,,632,7099,,,,,,,,,本科,,,,,
8026992,海南,本科批,物理,,XFCE83D,专业组01,成都大学,DB75,广播电视学,,,,,,633,6965,,,,,,633,6965,,,,,,,,,本科,,,,,
8026993,海南,本科批,物理,,XFCE83D,专业组01,成都大学,9569,小学教育（师范类）,师范类,,,,,635,6726,,,,,,635,6726,,,,,,,,,本科,,,,,
8026994,海南,本科批,物理,,XFCE83D,专业组01,成都大学,5E19,会计学,,,,,,644,5701,,,,,,644,5701,,,,,,,,,本科,,,,,
8027892,海南,本科批,物理,,X398F60,专业组05,湖南城市学院,4D44,给排水科学与工程,,,,,,498,37632,,,,,,498,37632,,,,,,,,,本科,,,,,
8027893,海南,本科批,物理,,X398F60,专业组05,湖南城市学院,6A3A,建筑环境与能源应用工程,,,,,,500,37077,,,,,,500,37077,,,,,,,,,本科,,,,,
8027894,海南,本科批,物理,,X398F60,专业组05,湖南城市学院,7E23,环境工程,,,,,,508,34786,,,,,,508,34786,,,,,,,,,本科,,,,,
8027895,海南,本科批,物理,,X398F60,专业组05,湖南城市学院,93E3,电子信息工程,,,,,,524,30268,,,,,,524,30268,,,,,,,,,本科,,,,,
8027896,海南,本科批,物理,,X398F60,专业组05,湖南城市学院,78FF,机械设计制造及其自动化,,,,,,548,23705,,,,,,548,23705,,,,,,,,,本科,,,,,
8027897,海南,本科批,物理,,X398F60,专业组05,湖南城市学院,B9A5,计算机科学与技术,,,,,,550,23151,,,,,,550,23151,,,,,,,,,本科,,,,,
8027898,海南,本科批,物理,,X398F60,专业组04,湖南城市学院,41FB,房地产开发与管理,,,,,,560,20621,,,,,,560,20621,,,,,,,,,本科,,,,,
8027899,海南,本科批,物理,,X398F60,专业组03,湖南城市学院,8412,城市管理,,,,,,568,18658,,,,,,568,18658,,,,,,,,,本科,,,,,
8027900,海南,本科批,物理,,X398F60,专业组03,湖南城市学院,1B52,城市设计,,,,,,570,18200,,,,,,570,18200,,,,,,,,,本科,,,,,
8027901,海南,本科批,物理,,X398F60,专业组03,湖南城市学院,04A0,工商管理,,,,,,571,17978,,,,,,571,17978,,,,,,,,,本科,,,,,
8027902,海南,本科批,物理,,X398F60,专业组03,湖南城市学院,CB22,城乡规划,,,,,,572,17764,,,,,,572,17764,,,,,,,,,本科,,,,,
8027903,海南,本科批,物理,,X398F60,专业组03,湖南城市学院,BA83,汉语国际教育（师范类）,师范类,,,,,575,17087,,,,,,575,17087,,,,,,,,,本科,,,,,
8028804,海南,本科批,物理,,XCD2115,专业组01,嘉兴大学,4ECE,土木工程,,,,,,606,10952,,,,,,606,10952,,,,,,,,,本科,,,,,
8028805,海南,本科批,物理,,XCD2115,专业组01,嘉兴大学,6A3A,建筑环境与能源应用工程,,,,,,606,10952,,,,,,606,10952,,,,,,,,,本科,,,,,
8028806,海南,本科批,物理,,XCD2115,专业组01,嘉兴大学,F11A,机器人工程,,,,,,607,10761,,,,,,607,10761,,,,,,,,,本科,,,,,
8028807,海南,本科批,物理,,XCD2115,专业组01,嘉兴大学,6995,网络工程,,,,,,610,10279,,,,,,610,10279,,,,,,,,,本科,,,,,
8028808,海南,本科批,物理,,XCD2115,专业组01,嘉兴大学,ECA4,通信工程,,,,,,610,10279,,,,,,610,10279,,,,,,,,,本科,,,,,
8028809,海南,本科批,物理,,XCD2115,专业组01,嘉兴大学,A5B7,电气工程及其自动化,,,,,,611,10110,,,,,,611,10110,,,,,,,,,本科,,,,,
8028810,海南,本科批,物理,,XCD2115,专业组01,嘉兴大学,B9A5,计算机科学与技术,,,,,,616,9314,,,,,,616,9314,,,,,,,,,本科,,,,,
8031246,海南,本科批,物理,,X480AF9,专业组01,西昌学院,6F56,工程管理,,,,,,564,19597,,,,,,564,19597,,,,,,,,,本科,,,,,
8031804,海南,本科批,物理,,X675DB9,专业组09,宜春学院,C325,农学,,,,,,485,41238,,,,,,485,41238,,,,,,,,,本科,,,,,
8031805,海南,本科批,物理,,X675DB9,专业组11,宜春学院,B694,生物制药,,,,,,488,40419,,,,,,488,40419,,,,,,,,,本科,,,,,
8031806,海南,本科批,物理,,X675DB9,专业组09,宜春学院,99EA,动物科学,,,,,,506,35366,,,,,,506,35366,,,,,,,,,本科,,,,,
8031807,海南,本科批,物理,,X675DB9,专业组09,宜春学院,52FD,应用化学,,,,,,508,34786,,,,,,508,34786,,,,,,,,,本科,,,,,
8031808,海南,本科批,物理,,X675DB9,专业组09,宜春学院,C5CB,园艺,,,,,,522,30842,,,,,,522,30842,,,,,,,,,本科,,,,,
8031809,海南,本科批,物理,,X675DB9,专业组09,宜春学院,5FC4,环境科学,,,,,,539,26094,,,,,,539,26094,,,,,,,,,本科,,,,,
8031810,海南,本科批,物理,,X675DB9,专业组09,宜春学院,0325,动物医学,,,,,,542,25271,,,,,,542,25271,,,,,,,,,本科,,,,,
8031811,海南,本科批,物理,,X675DB9,专业组10,宜春学院,6E5A,园林,,,,,,569,18472,,,,,,569,18472,,,,,,,,,本科,,,,,
8031812,海南,本科批,物理,,X675DB9,专业组08,宜春学院,1C92,数字经济,,,,,,572,17764,,,,,,572,17764,,,,,,,,,本科,,,,,
8031813,海南,本科批,物理,,X675DB9,专业组07,宜春学院,CA0F,旅游管理,,,,,,579,16225,,,,,,579,16225,,,,,,,,,本科,,,,,
8031814,海南,本科批,物理,,X675DB9,专业组07,宜春学院,09EE,市场营销,,,,,,580,15994,,,,,,580,15994,,,,,,,,,本科,,,,,
8031815,海南,本科批,物理,,X675DB9,专业组07,宜春学院,6343,汉语言文学（师范类专业）,师范类专业,,,,,583,15317,,,,,,583,15317,,,,,,,,,本科,,,,,
8031816,海南,本科批,物理,,X675DB9,专业组07,宜春学院,92DB,知识产权,,,,,,587,14506,,,,,,587,14506,,,,,,,,,本科,,,,,
8031817,海南,本科批,物理,,X675DB9,专业组07,宜春学院,927B,法学,,,,,,592,13501,,,,,,592,13501,,,,,,,,,本科,,,,,
8033082,海南,本科批,物理,,X61A005,专业组02,牡丹江医科大学,A5C6,麻醉学,,,,,,520,31393,,,,,,520,31393,,,,,,,,,本科,,,,,
8033083,海南,本科批,物理,,X61A005,专业组01,牡丹江医科大学,A39E,预防医学,,,,,,536,26922,,,,,,536,26922,,,,,,,,,本科,,,,,
8033084,海南,本科批,物理,,X61A005,专业组01,牡丹江医科大学,57E6,医学影像学,,,,,,555,21888,,,,,,555,21888,,,,,,,,,本科,,,,,
8033085,海南,本科批,物理,,X61A005,专业组02,牡丹江医科大学,97D0,临床医学,,,,,,558,21127,,,,,,558,21127,,,,,,,,,本科,,,,,
8033844,海南,本科批,物理,,X74ABF7,专业组02,河北金融学院,C831,精算学,,,,,,558,21127,,,,,,558,21127,,,,,,,,,本科,,,,,
8033845,海南,本科批,物理,,X74ABF7,专业组02,河北金融学院,F93C,金融科技（本专业为校企合作专业，考生入校后不得申请转专业）,本专业为校企合作专业，考生入校后不得申请转专业,,,,,560,20621,,,,,,560,20621,,,,,,,,,本科,,,,,
8033846,海南,本科批,物理,,X74ABF7,专业组01,河北金融学院,4154,电子商务,,,,,,564,19597,,,,,,564,19597,,,,,,,,,本科,,,,,
8033847,海南,本科批,物理,,X74ABF7,专业组01,河北金融学院,25DE,国际经济与贸易,,,,,,564,19597,,,,,,564,19597,,,,,,,,,本科,,,,,
8033848,海南,本科批,物理,,X74ABF7,专业组01,河北金融学院,1049,商务英语,,,,,,566,19137,,,,,,566,19137,,,,,,,,,本科,,,,,
8033849,海南,本科批,物理,,X74ABF7,专业组01,河北金融学院,0E54,保险学,,,,,,566,19137,,,,,,566,19137,,,,,,,,,本科,,,,,
8033850,海南,本科批,物理,,X74ABF7,专业组01,河北金融学院,7FA1,供应链管理,,,,,,566,19137,,,,,,566,19137,,,,,,,,,本科,,,,,
8033851,海南,本科批,物理,,X74ABF7,专业组01,河北金融学院,0FBC,金融学,,,,,,577,16644,,,,,,577,16644,,,,,,,,,本科,,,,,
8035244,海南,本科批,物理,,X763237,专业组03,三明学院,0062,智能建造与智慧交通,,,,,,522,30842,,,,,,522,30842,,,,,,,,,本科,,,,,
8035245,海南,本科批,物理,,X763237,专业组03,三明学院,4ECE,土木工程,,,,,,522,30842,,,,,,522,30842,,,,,,,,,本科,,,,,
8035246,海南,本科批,物理,,X763237,专业组03,三明学院,D078,新能源汽车工程,,,,,,530,28572,,,,,,530,28572,,,,,,,,,本科,,,,,
8035247,海南,本科批,物理,,X763237,专业组03,三明学院,78FF,机械设计制造及其自动化,,,,,,535,27215,,,,,,535,27215,,,,,,,,,本科,,,,,
8035248,海南,本科批,物理,,X763237,专业组03,三明学院,29F4,物联网工程,,,,,,535,27215,,,,,,535,27215,,,,,,,,,本科,,,,,
8035249,海南,本科批,物理,,X763237,专业组02,三明学院,371D,工程造价,,,,,,569,18472,,,,,,569,18472,,,,,,,,,本科,,,,,
8035250,海南,本科批,物理,,X763237,专业组02,三明学院,4154,电子商务,,,,,,573,17552,,,,,,573,17552,,,,,,,,,本科,,,,,
8035251,海南,本科批,物理,,X763237,专业组01,三明学院,9CA5,传播学,,,,,,573,17552,,,,,,573,17552,,,,,,,,,本科,,,,,
8035252,海南,本科批,物理,,X763237,专业组01,三明学院,F78B,旅游管理与服务教育,,,,,,573,17552,,,,,,573,17552,,,,,,,,,本科,,,,,
8035253,海南,本科批,物理,,X763237,专业组01,三明学院,FB18,财务管理,,,,,,574,17335,,,,,,574,17335,,,,,,,,,本科,,,,,
8035254,海南,本科批,物理,,X763237,专业组02,三明学院,7FA1,供应链管理,,,,,,576,16888,,,,,,576,16888,,,,,,,,,本科,,,,,
8035255,海南,本科批,物理,,X763237,专业组03,三明学院,41CF,数字媒体技术,,,,,,578,16442,,,,,,578,16442,,,,,,,,,本科,,,,,
8035256,海南,本科批,物理,,X763237,专业组02,三明学院,1C92,数字经济,,,,,,578,16442,,,,,,578,16442,,,,,,,,,本科,,,,,
8035754,海南,本科批,物理,,X0656BC,专业组02,吉林工程技术师范学院,BD98,数学与应用数学（师范类专业）,师范类专业,,,,,487,40700,,,,,,487,40700,,,,,,,,,本科,,,,,
8035755,海南,本科批,物理,,X0656BC,专业组01,吉林工程技术师范学院,6343,汉语言文学（师范类专业）,师范类专业,,,,,562,20113,,,,,,562,20113,,,,,,,,,本科,,,,,
8036521,海南,本科批,物理,,XF96173,专业组03,渭南师范学院,F338,英语（师范类）,师范类,,,,,570,18200,,,,,,570,18200,,,,,,,,,本科,,,,,
8036522,海南,本科批,物理,,XF96173,专业组04,渭南师范学院,E5C7,地理科学（师范类）,师范类,,,,,576,16888,,,,,,576,16888,,,,,,,,,本科,,,,,
8036734,海南,本科批,物理,,XC0269A,专业组04,咸阳师范学院,B8DA,数学与应用数学（师范类）,师范类,,,,,562,20113,,,,,,562,20113,,,,,,,,,本科,,,,,
8036735,海南,本科批,物理,,XC0269A,专业组03,咸阳师范学院,DBB2,历史学（师范类）,师范类,,,,,574,17335,,,,,,574,17335,,,,,,,,,本科,,,,,
8036736,海南,本科批,物理,,XC0269A,专业组03,咸阳师范学院,F338,英语（师范类）,师范类,,,,,575,17087,,,,,,575,17087,,,,,,,,,本科,,,,,
8036737,海南,本科批,物理,,XC0269A,专业组05,咸阳师范学院,BA83,汉语国际教育（师范类）,师范类,,,,,576,16888,,,,,,576,16888,,,,,,,,,本科,,,,,
8037157,海南,本科批,物理,,X2347B4,专业组01,长春师范大学,D108,化学（师范类专业）,师范类专业,,,,,530,28572,,,,,,530,28572,,,,,,,,,本科,,,,,
8037158,海南,本科批,物理,,X2347B4,专业组01,长春师范大学,E196,生物科学（师范类专业）,师范类专业,,,,,565,19373,,,,,,565,19373,,,,,,,,,本科,,,,,
8037159,海南,本科批,物理,,X2347B4,专业组01,长春师范大学,591B,计算机科学与技术（师范类专业）,师范类专业,,,,,566,19137,,,,,,566,19137,,,,,,,,,本科,,,,,
8037160,海南,本科批,物理,,X2347B4,专业组01,长春师范大学,BD98,数学与应用数学（师范类专业）,师范类专业,,,,,570,18200,,,,,,570,18200,,,,,,,,,本科,,,,,
8037161,海南,本科批,物理,,X2347B4,专业组02,长春师范大学,E82A,历史学（师范类专业）,师范类专业,,,,,615,9467,,,,,,615,9467,,,,,,,,,本科,,,,,
8037162,海南,本科批,物理,,X2347B4,专业组02,长春师范大学,6343,汉语言文学（师范类专业）,师范类专业,,,,,616,9314,,,,,,616,9314,,,,,,,,,本科,,,,,
8037626,海南,本科批,物理,,X8C2D30,专业组02,北京物资学院,6A50,信息管理与信息系统（数智化管理实验班）,数智化管理实验班,,,,,592,13501,,,,,,592,13501,,,,,,,,,本科,,,,,
8037627,海南,本科批,物理,,X8C2D30,专业组02,北京物资学院,4A2C,物流工程,,,,,,594,13128,,,,,,594,13128,,,,,,,,,本科,,,,,
8037628,海南,本科批,物理,,X8C2D30,专业组01,北京物资学院,2234,劳动与社会保障,,,,,,606,10952,,,,,,606,10952,,,,,,,,,本科,,,,,
8037629,海南,本科批,物理,,X8C2D30,专业组01,北京物资学院,7FA1,供应链管理,,,,,,608,10596,,,,,,608,10596,,,,,,,,,本科,,,,,
8037630,海南,本科批,物理,,X8C2D30,专业组01,北京物资学院,FB18,财务管理,,,,,,616,9314,,,,,,616,9314,,,,,,,,,本科,,,,,
8037631,海南,本科批,物理,,X8C2D30,专业组01,北京物资学院,FBFE,物流管理,,,,,,625,8008,,,,,,625,8008,,,,,,,,,本科,,,,,
8037831,海南,本科批,物理,,X138ABE,专业组02,德州学院,BFDA,人文地理与城乡规划,,,,,,561,20364,,,,,,561,20364,,,,,,,,,本科,,,,,
8037832,海南,本科批,物理,,X138ABE,专业组01,德州学院,F338,英语（师范类）,师范类,,,,,566,19137,,,,,,566,19137,,,,,,,,,本科,,,,,
8038315,海南,本科批,物理,,X142D67,专业组80,江苏理工学院,5525,环境工程（中外合作办学）,中外合作办学,,,,,488,40419,,,,,,488,40419,,,,,,,,,本科,,,,,
8038316,海南,本科批,物理,,X142D67,专业组03,江苏理工学院,B9A5,计算机科学与技术,,,,,,492,39297,,,,,,492,39297,,,,,,,,,本科,,,,,
8038317,海南,本科批,物理,,X142D67,专业组02,江苏理工学院,CA0F,旅游管理,,,,,,587,14506,,,,,,587,14506,,,,,,,,,本科,,,,,
8038318,海南,本科批,物理,,X142D67,专业组02,江苏理工学院,5F0C,跨境电子商务,,,,,,589,14092,,,,,,589,14092,,,,,,,,,本科,,,,,
8038319,海南,本科批,物理,,X142D67,专业组02,江苏理工学院,1049,商务英语,,,,,,589,14092,,,,,,589,14092,,,,,,,,,本科,,,,,
8038320,海南,本科批,物理,,X142D67,专业组03,江苏理工学院,8EA2,机械电子工程,,,,,,590,13900,,,,,,590,13900,,,,,,,,,本科,,,,,
8038321,海南,本科批,物理,,X142D67,专业组02,江苏理工学院,5E19,会计学,,,,,,598,12377,,,,,,598,12377,,,,,,,,,本科,,,,,
8038667,海南,本科批,物理,,XBB6FE5,专业组02,莆田学院,03B1,智能科学与技术,,,,,,542,25271,,,,,,542,25271,,,,,,,,,本科,,,,,
8038668,海南,本科批,物理,,XBB6FE5,专业组02,莆田学院,4718,数据科学与大数据技术,,,,,,545,24505,,,,,,545,24505,,,,,,,,,本科,,,,,
8038669,海南,本科批,物理,,XBB6FE5,专业组02,莆田学院,F11A,机器人工程,,,,,,546,24228,,,,,,546,24228,,,,,,,,,本科,,,,,
8038670,海南,本科批,物理,,XBB6FE5,专业组02,莆田学院,29F4,物联网工程,,,,,,548,23705,,,,,,548,23705,,,,,,,,,本科,,,,,
8038671,海南,本科批,物理,,XBB6FE5,专业组02,莆田学院,3C38,软件工程,,,,,,552,22661,,,,,,552,22661,,,,,,,,,本科,,,,,
8038672,海南,本科批,物理,,XBB6FE5,专业组01,莆田学院,E775,公共事业管理（中外合作办学）（以培养医疗健康产业管理人才为主）（前2.5年莆田学院，如达到条件，后1.5年视情况可前往美国新奥尔良大学学习）,中外合作办学; 以培养医疗健康产业管理人才为主; 前2.5年莆田学院，如达到条件，后1.5年视情况可前往美国新奥尔良大学学习,,,,,555,21888,,,,,,555,21888,,,,,,,,,本科,,,,,
8038673,海南,本科批,物理,,XBB6FE5,专业组02,莆田学院,97D0,临床医学,,,,,,562,20113,,,,,,562,20113,,,,,,,,,本科,,,,,
8039181,海南,本科批,物理,,X1839E5,专业组01,上海电力大学,CF5E,核电技术与控制工程,,,,,,664,3845,,,,,,664,3845,,,,,,,,,本科,,,,,
8039182,海南,本科批,物理,,X1839E5,专业组01,上海电力大学,FC33,核工程与核技术,,,,,,664,3845,,,,,,664,3845,,,,,,,,,本科,,,,,
8039183,海南,本科批,物理,,X1839E5,专业组01,上海电力大学,B001,信息安全,,,,,,664,3845,,,,,,664,3845,,,,,,,,,本科,,,,,
8039184,海南,本科批,物理,,X1839E5,专业组01,上海电力大学,3557,能源与动力工程,,,,,,673,3195,,,,,,673,3195,,,,,,,,,本科,,,,,
8039185,海南,本科批,物理,,X1839E5,专业组01,上海电力大学,A5B7,电气工程及其自动化,,,,,,678,2871,,,,,,678,2871,,,,,,,,,本科,,,,,
8039710,海南,本科批,物理,,XB92EE4,专业组01,上海对外经贸大学,6BF1,旅游管理（上海市级一流本科专业建设点）,上海市级一流本科专业建设点,,,,,652,4884,,,,,,652,4884,,,,,,,,,本科,,,,,
8039711,海南,本科批,物理,,XB92EE4,专业组01,上海对外经贸大学,515B,工商管理（国际企业管理方向）（国家级一流本科专业建设点）,国际企业管理方向; 国家级一流本科专业建设点,,,,,653,4781,,,,,,653,4781,,,,,,,,,本科,,,,,
8039712,海南,本科批,物理,,XB92EE4,专业组01,上海对外经贸大学,6152,国际经济与贸易（国家级一流本科专业建设点）,国家级一流本科专业建设点,,,,,658,4330,,,,,,658,4330,,,,,,,,,本科,,,,,
8040279,海南,本科批,物理,,XDD0D4C,专业组02,潍坊学院,B8DA,数学与应用数学（师范类）,师范类,,,,,520,31393,,,,,,520,31393,,,,,,,,,本科,,,,,
8040280,海南,本科批,物理,,XDD0D4C,专业组02,潍坊学院,8684,智能制造工程,,,,,,527,29380,,,,,,527,29380,,,,,,,,,本科,,,,,
8040281,海南,本科批,物理,,XDD0D4C,专业组01,潍坊学院,25DE,国际经济与贸易,,,,,,568,18658,,,,,,568,18658,,,,,,,,,本科,,,,,
8040282,海南,本科批,物理,,XDD0D4C,专业组01,潍坊学院,5E19,会计学,,,,,,570,18200,,,,,,570,18200,,,,,,,,,本科,,,,,
8040870,海南,本科批,物理,,XD85B49,专业组02,武夷学院,D6ED,化学工程与工艺,,,,,,508,34786,,,,,,508,34786,,,,,,,,,本科,,,,,
8040871,海南,本科批,物理,,XD85B49,专业组02,武夷学院,4ECE,土木工程,,,,,,518,31962,,,,,,518,31962,,,,,,,,,本科,,,,,
8040872,海南,本科批,物理,,XD85B49,专业组02,武夷学院,7E23,环境工程,,,,,,522,30842,,,,,,522,30842,,,,,,,,,本科,,,,,
8040873,海南,本科批,物理,,XD85B49,专业组02,武夷学院,ECA4,通信工程,,,,,,546,24228,,,,,,546,24228,,,,,,,,,本科,,,,,
8040874,海南,本科批,物理,,XD85B49,专业组02,武夷学院,30B8,智慧农业,,,,,,549,23420,,,,,,549,23420,,,,,,,,,本科,,,,,
8040875,海南,本科批,物理,,XD85B49,专业组02,武夷学院,98E9,茶学,,,,,,553,22416,,,,,,553,22416,,,,,,,,,本科,,,,,
8040876,海南,本科批,物理,,XD85B49,专业组02,武夷学院,78FF,机械设计制造及其自动化,,,,,,558,21127,,,,,,558,21127,,,,,,,,,本科,,,,,
8040877,海南,本科批,物理,,XD85B49,专业组02,武夷学院,A5B7,电气工程及其自动化,,,,,,565,19373,,,,,,565,19373,,,,,,,,,本科,,,,,
8040878,海南,本科批,物理,,XD85B49,专业组02,武夷学院,93E3,电子信息工程,,,,,,569,18472,,,,,,569,18472,,,,,,,,,本科,,,,,
8040879,海南,本科批,物理,,XD85B49,专业组01,武夷学院,CA0F,旅游管理,,,,,,577,16644,,,,,,577,16644,,,,,,,,,本科,,,,,
8040880,海南,本科批,物理,,XD85B49,专业组01,武夷学院,9D85,酒店管理,,,,,,577,16644,,,,,,577,16644,,,,,,,,,本科,,,,,
8040881,海南,本科批,物理,,XD85B49,专业组01,武夷学院,FBFE,物流管理,,,,,,578,16442,,,,,,578,16442,,,,,,,,,本科,,,,,
8040882,海南,本科批,物理,,XD85B49,专业组01,武夷学院,7288,文化产业管理,,,,,,579,16225,,,,,,579,16225,,,,,,,,,本科,,,,,
8040883,海南,本科批,物理,,XD85B49,专业组01,武夷学院,D243,汉语言文学,,,,,,579,16225,,,,,,579,16225,,,,,,,,,本科,,,,,
8040884,海南,本科批,物理,,XD85B49,专业组01,武夷学院,25DE,国际经济与贸易,,,,,,584,15113,,,,,,584,15113,,,,,,,,,本科,,,,,
8040885,海南,本科批,物理,,XD85B49,专业组02,武夷学院,B9A5,计算机科学与技术,,,,,,591,13666,,,,,,591,13666,,,,,,,,,本科,,,,,
8041235,海南,本科批,物理,,X3A0FD4,专业组02,成都师范学院,DFD2,学前教育（师范类）,师范类,,,,,598,12377,,,,,,598,12377,,,,,,,,,本科,,,,,
8041236,海南,本科批,物理,,X3A0FD4,专业组02,成都师范学院,052B,心理学（师范类）,师范类,,,,,598,12377,,,,,,598,12377,,,,,,,,,本科,,,,,
8041237,海南,本科批,物理,,X3A0FD4,专业组02,成都师范学院,9569,小学教育（师范类）,师范类,,,,,601,11844,,,,,,601,11844,,,,,,,,,本科,,,,,
8041238,海南,本科批,物理,,X3A0FD4,专业组03,成都师范学院,DBB2,历史学（师范类）,师范类,,,,,604,11285,,,,,,604,11285,,,,,,,,,本科,,,,,
8041239,海南,本科批,物理,,X3A0FD4,专业组02,成都师范学院,F338,英语（师范类）,师范类,,,,,608,10596,,,,,,608,10596,,,,,,,,,本科,,,,,
8041240,海南,本科批,物理,,X3A0FD4,专业组04,成都师范学院,C17B,思想政治教育（师范类）,师范类,,,,,613,9795,,,,,,613,9795,,,,,,,,,本科,,,,,
8041542,海南,本科批,物理,,X584EDD,专业组03,河北科技师范学院,1886,微电子科学与工程（在秦皇岛校区就读）,在秦皇岛校区就读,,,,,518,31962,,,,,,518,31962,,,,,,,,,本科,,,,,
8041543,海南,本科批,物理,,X584EDD,专业组03,河北科技师范学院,32B1,机械设计制造及其自动化（在昌黎校区就读）,在昌黎校区就读,,,,,537,26650,,,,,,537,26650,,,,,,,,,本科,,,,,
8041544,海南,本科批,物理,,X584EDD,专业组01,河北科技师范学院,3179,市场营销（在秦皇岛校区就读）,在秦皇岛校区就读,,,,,558,21127,,,,,,558,21127,,,,,,,,,本科,,,,,
8041545,海南,本科批,物理,,X584EDD,专业组02,河北科技师范学院,64C7,工程管理（在秦皇岛校区就读）,在秦皇岛校区就读,,,,,559,20885,,,,,,559,20885,,,,,,,,,本科,,,,,
8041546,海南,本科批,物理,,X584EDD,专业组01,河北科技师范学院,E1AD,城乡规划（在秦皇岛校区就读）,在秦皇岛校区就读,,,,,559,20885,,,,,,559,20885,,,,,,,,,本科,,,,,
8041547,海南,本科批,物理,,X584EDD,专业组02,河北科技师范学院,CD2B,信息管理与信息系统（在秦皇岛校区就读）,在秦皇岛校区就读,,,,,560,20621,,,,,,560,20621,,,,,,,,,本科,,,,,
8041704,海南,本科批,物理,,X1F929E,专业组02,绵阳师范学院,A5B7,电气工程及其自动化,,,,,,552,22661,,,,,,552,22661,,,,,,,,,本科,,,,,
8041705,海南,本科批,物理,,X1F929E,专业组02,绵阳师范学院,0C82,物理学（师范）,师范,,,,,556,21627,,,,,,556,21627,,,,,,,,,本科,,,,,
8041706,海南,本科批,物理,,X1F929E,专业组01,绵阳师范学院,A615,汉语国际教育,,,,,,589,14092,,,,,,589,14092,,,,,,,,,本科,,,,,
8041707,海南,本科批,物理,,X1F929E,专业组01,绵阳师范学院,BB6B,英语（师范）,师范,,,,,591,13666,,,,,,591,13666,,,,,,,,,本科,,,,,
8041708,海南,本科批,物理,,X1F929E,专业组01,绵阳师范学院,4852,应用心理学,,,,,,591,13666,,,,,,591,13666,,,,,,,,,本科,,,,,
8041709,海南,本科批,物理,,X1F929E,专业组01,绵阳师范学院,FBFE,物流管理,,,,,,597,12551,,,,,,597,12551,,,,,,,,,本科,,,,,
8041710,海南,本科批,物理,,X1F929E,专业组01,绵阳师范学院,B53C,汉语言文学（师范）,师范,,,,,599,12200,,,,,,599,12200,,,,,,,,,本科,,,,,
8041936,海南,本科批,物理,,X30273F,专业组02,遵义师范学院,DBB2,历史学（师范类）,师范类,,,,,610,10279,,,,,,610,10279,,,,,,,,,本科,,,,,
8041937,海南,本科批,物理,,X30273F,专业组01,遵义师范学院,C17B,思想政治教育（师范类）,师范类,,,,,622,8436,,,,,,622,8436,,,,,,,,,本科,,,,,
8042280,海南,本科批,物理,,XAE00BE,专业组04,宝鸡文理学院,FEF6,材料成型及控制工程,,,,,,522,30842,,,,,,522,30842,,,,,,,,,本科,,,,,
8042281,海南,本科批,物理,,XAE00BE,专业组04,宝鸡文理学院,A8A8,自动化类（包含专业：自动化、轨道交通信号与控制）,包含专业：自动化、轨道交通信号与控制,,,,,529,28875,,,,,,529,28875,,,,,,,,,本科,,,,,
8042282,海南,本科批,物理,,XAE00BE,专业组04,宝鸡文理学院,3C38,软件工程,,,,,,532,28031,,,,,,532,28031,,,,,,,,,本科,,,,,
8042283,海南,本科批,物理,,XAE00BE,专业组03,宝鸡文理学院,CA0F,旅游管理,,,,,,557,21396,,,,,,557,21396,,,,,,,,,本科,,,,,
8042284,海南,本科批,物理,,XAE00BE,专业组03,宝鸡文理学院,1AF5,公共管理类（包含专业：公共事业管理、行政管理）,包含专业：公共事业管理、行政管理,,,,,558,21127,,,,,,558,21127,,,,,,,,,本科,,,,,
8042285,海南,本科批,物理,,XAE00BE,专业组03,宝鸡文理学院,D412,工商管理类（包含专业：工商管理、人力资源管理）,包含专业：工商管理、人力资源管理,,,,,558,21127,,,,,,558,21127,,,,,,,,,本科,,,,,
8042286,海南,本科批,物理,,XAE00BE,专业组03,宝鸡文理学院,7288,文化产业管理,,,,,,559,20885,,,,,,559,20885,,,,,,,,,本科,,,,,
8042881,海南,本科批,物理,,X320DC2,专业组02,北华航天工业学院,4ECE,土木工程,,,,,,492,39297,,,,,,492,39297,,,,,,,,,本科,,,,,
8042882,海南,本科批,物理,,X320DC2,专业组02,北华航天工业学院,262E,金属材料工程,,,,,,496,38160,,,,,,496,38160,,,,,,,,,本科,,,,,
8042883,海南,本科批,物理,,X320DC2,专业组02,北华航天工业学院,E347,工业设计,,,,,,504,35899,,,,,,504,35899,,,,,,,,,本科,,,,,
8042884,海南,本科批,物理,,X320DC2,专业组02,北华航天工业学院,6A3A,建筑环境与能源应用工程,,,,,,506,35366,,,,,,506,35366,,,,,,,,,本科,,,,,
8042885,海南,本科批,物理,,X320DC2,专业组02,北华航天工业学院,DB23,复合材料与工程,,,,,,511,33933,,,,,,511,33933,,,,,,,,,本科,,,,,
8042886,海南,本科批,物理,,X320DC2,专业组02,北华航天工业学院,CEDE,道路桥梁与渡河工程,,,,,,516,32517,,,,,,516,32517,,,,,,,,,本科,,,,,
8042887,海南,本科批,物理,,X320DC2,专业组02,北华航天工业学院,FEF6,材料成型及控制工程,,,,,,518,31962,,,,,,518,31962,,,,,,,,,本科,,,,,
8042888,海南,本科批,物理,,X320DC2,专业组02,北华航天工业学院,371D,工程造价,,,,,,523,30534,,,,,,523,30534,,,,,,,,,本科,,,,,
8042889,海南,本科批,物理,,X320DC2,专业组02,北华航天工业学院,26A7,车辆工程,,,,,,528,29098,,,,,,528,29098,,,,,,,,,本科,,,,,
8042890,海南,本科批,物理,,X320DC2,专业组02,北华航天工业学院,3813,空间信息与数字技术,,,,,,536,26922,,,,,,536,26922,,,,,,,,,本科,,,,,
8042891,海南,本科批,物理,,X320DC2,专业组02,北华航天工业学院,F18B,电气工程与智能控制,,,,,,545,24505,,,,,,545,24505,,,,,,,,,本科,,,,,
8042892,海南,本科批,物理,,X320DC2,专业组02,北华航天工业学院,4C65,自动化,,,,,,551,22908,,,,,,551,22908,,,,,,,,,本科,,,,,
8042893,海南,本科批,物理,,X320DC2,专业组02,北华航天工业学院,78FF,机械设计制造及其自动化,,,,,,552,22661,,,,,,552,22661,,,,,,,,,本科,,,,,
8042894,海南,本科批,物理,,X320DC2,专业组02,北华航天工业学院,7A06,飞行器制造工程,,,,,,558,21127,,,,,,558,21127,,,,,,,,,本科,,,,,
8042895,海南,本科批,物理,,X320DC2,专业组01,北华航天工业学院,6AB9,经济学,,,,,,560,20621,,,,,,560,20621,,,,,,,,,本科,,,,,
8042896,海南,本科批,物理,,X320DC2,专业组01,北华航天工业学院,4154,电子商务,,,,,,560,20621,,,,,,560,20621,,,,,,,,,本科,,,,,
8042897,海南,本科批,物理,,X320DC2,专业组01,北华航天工业学院,C19A,人力资源管理,,,,,,560,20621,,,,,,560,20621,,,,,,,,,本科,,,,,
8042898,海南,本科批,物理,,X320DC2,专业组01,北华航天工业学院,E6CB,社会工作,,,,,,560,20621,,,,,,560,20621,,,,,,,,,本科,,,,,
8042899,海南,本科批,物理,,X320DC2,专业组01,北华航天工业学院,4145,英语,,,,,,562,20113,,,,,,562,20113,,,,,,,,,本科,,,,,
8042900,海南,本科批,物理,,X320DC2,专业组01,北华航天工业学院,FBFE,物流管理,,,,,,565,19373,,,,,,565,19373,,,,,,,,,本科,,,,,
8043092,海南,本科批,物理,,XF2A7F7,专业组02,贵州工程应用技术学院,4ECE,土木工程,,,,,,513,33405,,,,,,513,33405,,,,,,,,,本科,,,,,
8043093,海南,本科批,物理,,XF2A7F7,专业组02,贵州工程应用技术学院,B9A5,计算机科学与技术,,,,,,513,33405,,,,,,513,33405,,,,,,,,,本科,,,,,
8043094,海南,本科批,物理,,XF2A7F7,专业组01,贵州工程应用技术学院,4D37,英语（英语单科成绩不低于90分（150分制）（师范类）,英语单科成绩不低于90分（150分制; 师范类,,,,,561,20364,,,,,,561,20364,,,,,,,,,本科,,,,,
8043095,海南,本科批,物理,,XF2A7F7,专业组01,贵州工程应用技术学院,FB18,财务管理,,,,,,562,20113,,,,,,562,20113,,,,,,,,,本科,,,,,
8044086,海南,本科批,物理,,X273953,专业组02,湖北科技学院,636E,药学类（包含专业：药学、药物制剂、化妆品科学与技术）,包含专业：药学、药物制剂、化妆品科学与技术,,,,,520,31393,,,,,,520,31393,,,,,,,,,本科,,,,,
8044087,海南,本科批,物理,,X273953,专业组02,湖北科技学院,76B9,统计学,,,,,,524,30268,,,,,,524,30268,,,,,,,,,本科,,,,,
8044088,海南,本科批,物理,,X273953,专业组02,湖北科技学院,D38D,智慧林业,,,,,,527,29380,,,,,,527,29380,,,,,,,,,本科,,,,,
8044089,海南,本科批,物理,,X273953,专业组02,湖北科技学院,D53D,化学类（包含专业：化学、应用化学）,包含专业：化学、应用化学,,,,,540,25810,,,,,,540,25810,,,,,,,,,本科,,,,,
8044090,海南,本科批,物理,,X273953,专业组02,湖北科技学院,FC33,核工程与核技术,,,,,,540,25810,,,,,,540,25810,,,,,,,,,本科,,,,,
8044091,海南,本科批,物理,,X273953,专业组02,湖北科技学院,1044,电子信息类（包含专业：光电信息科学与工程、电子信息科学与技术）,包含专业：光电信息科学与工程、电子信息科学与技术,,,,,567,18906,,,,,,567,18906,,,,,,,,,本科,,,,,
8044092,海南,本科批,物理,,X273953,专业组02,湖北科技学院,A5B7,电气工程及其自动化,,,,,,577,16644,,,,,,577,16644,,,,,,,,,本科,,,,,
8044093,海南,本科批,物理,,X273953,专业组01,湖北科技学院,07A5,工商管理类（包含专业：工商管理、财务管理）,包含专业：工商管理、财务管理,,,,,583,15317,,,,,,583,15317,,,,,,,,,本科,,,,,
8044094,海南,本科批,物理,,X273953,专业组01,湖北科技学院,6AB9,经济学,,,,,,585,14905,,,,,,585,14905,,,,,,,,,本科,,,,,
8044095,海南,本科批,物理,,X273953,专业组01,湖北科技学院,D243,汉语言文学,,,,,,588,14321,,,,,,588,14321,,,,,,,,,本科,,,,,
8045414,海南,本科批,物理,,X289391,专业组01,沈阳工程学院,FC33,核工程与核技术,,,,,,583,15317,,,,,,583,15317,,,,,,,,,本科,,,,,
8045415,海南,本科批,物理,,X289391,专业组01,沈阳工程学院,3557,能源与动力工程,,,,,,585,14905,,,,,,585,14905,,,,,,,,,本科,,,,,
8045416,海南,本科批,物理,,X289391,专业组01,沈阳工程学院,A5B7,电气工程及其自动化,,,,,,606,10952,,,,,,606,10952,,,,,,,,,本科,,,,,
8046087,海南,本科批,物理,,XA216C7,专业组03,长春大学,25FE,数学与应用数学,,,,,,555,21888,,,,,,555,21888,,,,,,,,,本科,,,,,
8046088,海南,本科批,物理,,XA216C7,专业组03,长春大学,26A7,车辆工程,,,,,,556,21627,,,,,,556,21627,,,,,,,,,本科,,,,,
8046089,海南,本科批,物理,,XA216C7,专业组03,长春大学,ECA4,通信工程,,,,,,558,21127,,,,,,558,21127,,,,,,,,,本科,,,,,
8046090,海南,本科批,物理,,XA216C7,专业组03,长春大学,D06C,机械工程,,,,,,558,21127,,,,,,558,21127,,,,,,,,,本科,,,,,
8046091,海南,本科批,物理,,XA216C7,专业组03,长春大学,4C65,自动化,,,,,,560,20621,,,,,,560,20621,,,,,,,,,本科,,,,,
8046092,海南,本科批,物理,,XA216C7,专业组03,长春大学,B9A5,计算机科学与技术,,,,,,566,19137,,,,,,566,19137,,,,,,,,,本科,,,,,
8046093,海南,本科批,物理,,XA216C7,专业组01,长春大学,FB18,财务管理,,,,,,585,14905,,,,,,585,14905,,,,,,,,,本科,,,,,
8046094,海南,本科批,物理,,XA216C7,专业组01,长春大学,0FBC,金融学,,,,,,589,14092,,,,,,589,14092,,,,,,,,,本科,,,,,
8046095,海南,本科批,物理,,XA216C7,专业组02,长春大学,5257,工业工程,,,,,,592,13501,,,,,,592,13501,,,,,,,,,本科,,,,,
8046837,海南,本科批,物理,,X7F6B13,专业组80,齐齐哈尔医学院,2DDF,医学影像技术,,,,,,477,43308,,,,,,477,43308,,,,,,,,,本科,,,,,
8046838,海南,本科批,物理,,X7F6B13,专业组02,齐齐哈尔医学院,43D9,药物制剂,,,,,,480,42524,,,,,,480,42524,,,,,,,,,本科,,,,,
8046839,海南,本科批,物理,,X7F6B13,专业组80,齐齐哈尔医学院,817D,康复治疗学,,,,,,506,35366,,,,,,506,35366,,,,,,,,,本科,,,,,
8046840,海南,本科批,物理,,X7F6B13,专业组04,齐齐哈尔医学院,3B42,精神医学,,,,,,506,35366,,,,,,506,35366,,,,,,,,,本科,,,,,
8046841,海南,本科批,物理,,X7F6B13,专业组02,齐齐哈尔医学院,765E,临床药学,,,,,,516,32517,,,,,,516,32517,,,,,,,,,本科,,,,,
8046842,海南,本科批,物理,,X7F6B13,专业组02,齐齐哈尔医学院,10A0,药学,,,,,,526,29707,,,,,,526,29707,,,,,,,,,本科,,,,,
8046843,海南,本科批,物理,,X7F6B13,专业组04,齐齐哈尔医学院,97D0,临床医学,,,,,,547,23968,,,,,,547,23968,,,,,,,,,本科,,,,,
8046844,海南,本科批,物理,,X7F6B13,专业组01,齐齐哈尔医学院,9FD2,健康服务与管理,,,,,,553,22416,,,,,,553,22416,,,,,,,,,本科,,,,,
8046845,海南,本科批,物理,,X7F6B13,专业组01,齐齐哈尔医学院,4852,应用心理学,,,,,,554,22142,,,,,,554,22142,,,,,,,,,本科,,,,,
8046846,海南,本科批,物理,,X7F6B13,专业组03,齐齐哈尔医学院,4BF3,护理学,,,,,,572,17764,,,,,,572,17764,,,,,,,,,本科,,,,,
8047905,海南,本科批,物理,,X65D279,专业组04,桂林航天工业学院,ECA4,通信工程,,,,,,549,23420,,,,,,549,23420,,,,,,,,,本科,,,,,
8047906,海南,本科批,物理,,X65D279,专业组04,桂林航天工业学院,A5D2,测控技术与仪器,,,,,,551,22908,,,,,,551,22908,,,,,,,,,本科,,,,,
8047907,海南,本科批,物理,,X65D279,专业组04,桂林航天工业学院,8684,智能制造工程,,,,,,553,22416,,,,,,553,22416,,,,,,,,,本科,,,,,
8047908,海南,本科批,物理,,X65D279,专业组04,桂林航天工业学院,FEF6,材料成型及控制工程,,,,,,553,22416,,,,,,553,22416,,,,,,,,,本科,,,,,
8047909,海南,本科批,物理,,X65D279,专业组04,桂林航天工业学院,26A7,车辆工程,,,,,,554,22142,,,,,,554,22142,,,,,,,,,本科,,,,,
8047910,海南,本科批,物理,,X65D279,专业组04,桂林航天工业学院,3557,能源与动力工程,,,,,,555,21888,,,,,,555,21888,,,,,,,,,本科,,,,,
8047911,海南,本科批,物理,,X65D279,专业组04,桂林航天工业学院,41CF,数字媒体技术,,,,,,556,21627,,,,,,556,21627,,,,,,,,,本科,,,,,
8047912,海南,本科批,物理,,X65D279,专业组04,桂林航天工业学院,78FF,机械设计制造及其自动化,,,,,,556,21627,,,,,,556,21627,,,,,,,,,本科,,,,,
8047913,海南,本科批,物理,,X65D279,专业组04,桂林航天工业学院,3C38,软件工程,,,,,,559,20885,,,,,,559,20885,,,,,,,,,本科,,,,,
8047914,海南,本科批,物理,,X65D279,专业组04,桂林航天工业学院,4718,数据科学与大数据技术,,,,,,563,19861,,,,,,563,19861,,,,,,,,,本科,,,,,
8047915,海南,本科批,物理,,X65D279,专业组04,桂林航天工业学院,4C65,自动化,,,,,,565,19373,,,,,,565,19373,,,,,,,,,本科,,,,,
8047916,海南,本科批,物理,,X65D279,专业组04,桂林航天工业学院,B9A5,计算机科学与技术,,,,,,565,19373,,,,,,565,19373,,,,,,,,,本科,,,,,
8047917,海南,本科批,物理,,X65D279,专业组04,桂林航天工业学院,93E3,电子信息工程,,,,,,570,18200,,,,,,570,18200,,,,,,,,,本科,,,,,
8047918,海南,本科批,物理,,X65D279,专业组02,桂林航天工业学院,1049,商务英语,,,,,,571,17978,,,,,,571,17978,,,,,,,,,本科,,,,,
8047919,海南,本科批,物理,,X65D279,专业组02,桂林航天工业学院,3E25,国际商务,,,,,,572,17764,,,,,,572,17764,,,,,,,,,本科,,,,,
8047920,海南,本科批,物理,,X65D279,专业组02,桂林航天工业学院,FBFE,物流管理,,,,,,573,17552,,,,,,573,17552,,,,,,,,,本科,,,,,
8047921,海南,本科批,物理,,X65D279,专业组02,桂林航天工业学院,FB18,财务管理,,,,,,577,16644,,,,,,577,16644,,,,,,,,,本科,,,,,
8047922,海南,本科批,物理,,X65D279,专业组03,桂林航天工业学院,5257,工业工程,,,,,,580,15994,,,,,,580,15994,,,,,,,,,本科,,,,,
8048391,海南,本科批,物理,,XA0DC7A,专业组03,河北建筑工程学院,4ECE,土木工程,,,,,,490,39844,,,,,,490,39844,,,,,,,,,本科,,,,,
8048392,海南,本科批,物理,,XA0DC7A,专业组03,河北建筑工程学院,5246,能源动力类（包含专业：能源与动力工程、新能源科学与工程、建筑环境与能源应用工程）,包含专业：能源与动力工程、新能源科学与工程、建筑环境与能源应用工程,,,,,539,26094,,,,,,539,26094,,,,,,,,,本科,,,,,
8048393,海南,本科批,物理,,XA0DC7A,专业组03,河北建筑工程学院,26A7,车辆工程,,,,,,543,24997,,,,,,543,24997,,,,,,,,,本科,,,,,
8048394,海南,本科批,物理,,XA0DC7A,专业组03,河北建筑工程学院,A5B7,电气工程及其自动化,,,,,,544,24716,,,,,,544,24716,,,,,,,,,本科,,,,,
8048395,海南,本科批,物理,,XA0DC7A,专业组01,河北建筑工程学院,8A70,城乡规划（具有一定的美术基础，无其他加试要求）,具有一定的美术基础，无其他加试要求,,,,,564,19597,,,,,,564,19597,,,,,,,,,本科,,,,,
8048396,海南,本科批,物理,,XA0DC7A,专业组02,河北建筑工程学院,371D,工程造价,,,,,,572,17764,,,,,,572,17764,,,,,,,,,本科,,,,,
8048715,海南,本科批,物理,,X883178,专业组02,贺州学院,F11A,机器人工程,,,,,,539,26094,,,,,,539,26094,,,,,,,,,本科,,,,,
8048716,海南,本科批,物理,,X883178,专业组02,贺州学院,93E3,电子信息工程,,,,,,544,24716,,,,,,544,24716,,,,,,,,,本科,,,,,
8048717,海南,本科批,物理,,X883178,专业组02,贺州学院,6995,网络工程,,,,,,546,24228,,,,,,546,24228,,,,,,,,,本科,,,,,
8048718,海南,本科批,物理,,X883178,专业组02,贺州学院,78FF,机械设计制造及其自动化,,,,,,550,23151,,,,,,550,23151,,,,,,,,,本科,,,,,
8049093,海南,本科批,物理,,XBDC3B3,专业组03,湖北理工学院,7E23,环境工程,,,,,,492,39297,,,,,,492,39297,,,,,,,,,本科,,,,,
8049094,海南,本科批,物理,,XBDC3B3,专业组03,湖北理工学院,52FD,应用化学,,,,,,545,24505,,,,,,545,24505,,,,,,,,,本科,,,,,
8049095,海南,本科批,物理,,XBDC3B3,专业组01,湖北理工学院,25DE,国际经济与贸易,,,,,,573,17552,,,,,,573,17552,,,,,,,,,本科,,,,,
8049096,海南,本科批,物理,,XBDC3B3,专业组02,湖北理工学院,6F56,工程管理,,,,,,579,16225,,,,,,579,16225,,,,,,,,,本科,,,,,
8049474,海南,本科批,物理,,X741095,专业组03,湖南财政经济学院,B9A5,计算机科学与技术,,,,,,570,18200,,,,,,570,18200,,,,,,,,,本科,,,,,
8049475,海南,本科批,物理,,X741095,专业组02,湖南财政经济学院,8EF0,管理科学与工程类,,,,,,576,16888,,,,,,576,16888,,,,,,,,,本科,,,,,
8049476,海南,本科批,物理,,X741095,专业组01,湖南财政经济学院,09EE,市场营销,,,,,,586,14706,,,,,,586,14706,,,,,,,,,本科,,,,,
8049477,海南,本科批,物理,,X741095,专业组01,湖南财政经济学院,0FBC,金融学,,,,,,586,14706,,,,,,586,14706,,,,,,,,,本科,,,,,
8049478,海南,本科批,物理,,X741095,专业组01,湖南财政经济学院,CA0F,旅游管理,,,,,,588,14321,,,,,,588,14321,,,,,,,,,本科,,,,,
8049479,海南,本科批,物理,,X741095,专业组01,湖南财政经济学院,5D72,网络与新媒体,,,,,,588,14321,,,,,,588,14321,,,,,,,,,本科,,,,,
8049480,海南,本科批,物理,,X741095,专业组01,湖南财政经济学院,6AB9,经济学,,,,,,588,14321,,,,,,588,14321,,,,,,,,,本科,,,,,
8049481,海南,本科批,物理,,X741095,专业组01,湖南财政经济学院,CA9C,财政学类,,,,,,588,14321,,,,,,588,14321,,,,,,,,,本科,,,,,
8049482,海南,本科批,物理,,X741095,专业组01,湖南财政经济学院,FB18,财务管理,,,,,,590,13900,,,,,,590,13900,,,,,,,,,本科,,,,,
8049483,海南,本科批,物理,,X741095,专业组01,湖南财政经济学院,5E19,会计学,,,,,,594,13128,,,,,,594,13128,,,,,,,,,本科,,,,,
8049796,海南,本科批,物理,,XF1ADEC,专业组80,湖南人文科技学院,30E1,学前教育（中外合作办学）（师范类）（英语单科成绩不低于95分（150分制）,中外合作办学; 师范类; 英语单科成绩不低于95分（150分制,,,,,519,31653,,,,,,519,31653,,,,,,,,,本科,,,,,
8049797,海南,本科批,物理,,XF1ADEC,专业组04,湖南人文科技学院,8FA3,化学（师范类）,师范类,,,,,534,27473,,,,,,534,27473,,,,,,,,,本科,,,,,
8049798,海南,本科批,物理,,XF1ADEC,专业组04,湖南人文科技学院,B8DA,数学与应用数学（师范类）,师范类,,,,,539,26094,,,,,,539,26094,,,,,,,,,本科,,,,,
8049799,海南,本科批,物理,,XF1ADEC,专业组03,湖南人文科技学院,4154,电子商务,,,,,,555,21888,,,,,,555,21888,,,,,,,,,本科,,,,,
8049800,海南,本科批,物理,,XF1ADEC,专业组02,湖南人文科技学院,1049,商务英语,,,,,,566,19137,,,,,,566,19137,,,,,,,,,本科,,,,,
8049801,海南,本科批,物理,,XF1ADEC,专业组02,湖南人文科技学院,DFD2,学前教育（师范类）,师范类,,,,,568,18658,,,,,,568,18658,,,,,,,,,本科,,,,,
8049802,海南,本科批,物理,,XF1ADEC,专业组02,湖南人文科技学院,4041,应用心理学（师范类）,师范类,,,,,570,18200,,,,,,570,18200,,,,,,,,,本科,,,,,
8049803,海南,本科批,物理,,XF1ADEC,专业组02,湖南人文科技学院,927B,法学,,,,,,576,16888,,,,,,576,16888,,,,,,,,,本科,,,,,
8050163,海南,本科批,物理,,X0331E5,专业组03,黄淮学院,35F6,软件工程（中外合作办学）（与印度迈索尔大学合作办学）,中外合作办学; 与印度迈索尔大学合作办学,,,,,502,36510,,,,,,502,36510,,,,,,,,,本科,,,,,
8050164,海南,本科批,物理,,X0331E5,专业组02,黄淮学院,541F,商务经济学,,,,,,562,20113,,,,,,562,20113,,,,,,,,,本科,,,,,
8050165,海南,本科批,物理,,X0331E5,专业组02,黄淮学院,BE64,会计学（注册会计师方向）,注册会计师方向,,,,,563,19861,,,,,,563,19861,,,,,,,,,本科,,,,,
8050166,海南,本科批,物理,,X0331E5,专业组04,黄淮学院,6343,汉语言文学（师范类专业）,师范类专业,,,,,579,16225,,,,,,579,16225,,,,,,,,,本科,,,,,
8050367,海南,本科批,物理,,X270765,专业组03,嘉应学院,6299,材料科学与工程（不招色盲、色弱）,不招色盲、色弱,,,,,539,26094,,,,,,539,26094,,,,,,,,,本科,,,,,
8050368,海南,本科批,物理,,X270765,专业组02,嘉应学院,BA85,教育技术学（师范）,师范,,,,,568,18658,,,,,,568,18658,,,,,,,,,本科,,,,,
8050369,海南,本科批,物理,,X270765,专业组01,嘉应学院,2D23,科学教育（师范）,师范,,,,,578,16442,,,,,,578,16442,,,,,,,,,本科,,,,,
8050370,海南,本科批,物理,,X270765,专业组01,嘉应学院,25DE,国际经济与贸易,,,,,,578,16442,,,,,,578,16442,,,,,,,,,本科,,,,,
8050371,海南,本科批,物理,,X270765,专业组01,嘉应学院,CA0F,旅游管理,,,,,,578,16442,,,,,,578,16442,,,,,,,,,本科,,,,,
8050372,海南,本科批,物理,,X270765,专业组01,嘉应学院,B53C,汉语言文学（师范）,师范,,,,,585,14905,,,,,,585,14905,,,,,,,,,本科,,,,,
8051278,海南,本科批,物理,,X8B407D,专业组03,凯里学院,4394,计算机科学与技术（中外合作办学）,中外合作办学,,,,,514,33109,,,,,,514,33109,,,,,,,,,本科,,,,,
8051279,海南,本科批,物理,,X8B407D,专业组02,凯里学院,CB22,城乡规划,,,,,,557,21396,,,,,,557,21396,,,,,,,,,本科,,,,,
8051280,海南,本科批,物理,,X8B407D,专业组02,凯里学院,CA0F,旅游管理,,,,,,557,21396,,,,,,557,21396,,,,,,,,,本科,,,,,
8051810,海南,本科批,物理,,X6D10A1,专业组03,许昌学院,93E3,电子信息工程,,,,,,542,25271,,,,,,542,25271,,,,,,,,,本科,,,,,
8051811,海南,本科批,物理,,X6D10A1,专业组02,许昌学院,89F9,学前教育（师范类专业）,师范类专业,,,,,564,19597,,,,,,564,19597,,,,,,,,,本科,,,,,
8051812,海南,本科批,物理,,X6D10A1,专业组02,许昌学院,6AB9,经济学,,,,,,567,18906,,,,,,567,18906,,,,,,,,,本科,,,,,
8052453,海南,本科批,物理,,XDC9715,专业组02,长春工程学院,33A1,应急技术与管理,,,,,,475,43844,,,,,,475,43844,,,,,,,,,本科,,,,,
8052454,海南,本科批,物理,,XDC9715,专业组02,长春工程学院,18D0,建筑电气与智能化,,,,,,487,40700,,,,,,487,40700,,,,,,,,,本科,,,,,
8052455,海南,本科批,物理,,XDC9715,专业组02,长春工程学院,6183,宝石及材料工艺学,,,,,,509,34493,,,,,,509,34493,,,,,,,,,本科,,,,,
8052456,海南,本科批,物理,,XDC9715,专业组02,长春工程学院,6A3A,建筑环境与能源应用工程,,,,,,511,33933,,,,,,511,33933,,,,,,,,,本科,,,,,
8052457,海南,本科批,物理,,XDC9715,专业组02,长春工程学院,3557,能源与动力工程,,,,,,512,33659,,,,,,512,33659,,,,,,,,,本科,,,,,
8052458,海南,本科批,物理,,XDC9715,专业组02,长春工程学院,F620,安全工程,,,,,,517,32234,,,,,,517,32234,,,,,,,,,本科,,,,,
8052459,海南,本科批,物理,,XDC9715,专业组02,长春工程学院,B9E2,智能电网信息工程,,,,,,520,31393,,,,,,520,31393,,,,,,,,,本科,,,,,
8052460,海南,本科批,物理,,XDC9715,专业组02,长春工程学院,4718,数据科学与大数据技术,,,,,,520,31393,,,,,,520,31393,,,,,,,,,本科,,,,,
8052461,海南,本科批,物理,,XDC9715,专业组02,长春工程学院,93E3,电子信息工程,,,,,,526,29707,,,,,,526,29707,,,,,,,,,本科,,,,,
8052462,海南,本科批,物理,,XDC9715,专业组02,长春工程学院,78FF,机械设计制造及其自动化,,,,,,526,29707,,,,,,526,29707,,,,,,,,,本科,,,,,
8052463,海南,本科批,物理,,XDC9715,专业组02,长春工程学院,5FC4,环境科学,,,,,,529,28875,,,,,,529,28875,,,,,,,,,本科,,,,,
8052464,海南,本科批,物理,,XDC9715,专业组02,长春工程学院,52FD,应用化学,,,,,,533,27726,,,,,,533,27726,,,,,,,,,本科,,,,,
8052465,海南,本科批,物理,,XDC9715,专业组02,长春工程学院,3C38,软件工程,,,,,,535,27215,,,,,,535,27215,,,,,,,,,本科,,,,,
8052466,海南,本科批,物理,,XDC9715,专业组02,长春工程学院,C1B4,水利水电工程,,,,,,538,26380,,,,,,538,26380,,,,,,,,,本科,,,,,
8052467,海南,本科批,物理,,XDC9715,专业组02,长春工程学院,B9A5,计算机科学与技术,,,,,,545,24505,,,,,,545,24505,,,,,,,,,本科,,,,,
8052468,海南,本科批,物理,,XDC9715,专业组01,长春工程学院,6F56,工程管理,,,,,,567,18906,,,,,,567,18906,,,,,,,,,本科,,,,,
8052469,海南,本科批,物理,,XDC9715,专业组01,长春工程学院,A5C9,建筑学,,,,,,567,18906,,,,,,567,18906,,,,,,,,,本科,,,,,
8052470,海南,本科批,物理,,XDC9715,专业组02,长春工程学院,A5B7,电气工程及其自动化,,,,,,568,18658,,,,,,568,18658,,,,,,,,,本科,,,,,
8052471,海南,本科批,物理,,XDC9715,专业组01,长春工程学院,371D,工程造价,,,,,,570,18200,,,,,,570,18200,,,,,,,,,本科,,,,,
8053362,海南,本科批,物理,,XFE88E6,专业组03,中国民航大学,7D22,材料化学,,,,,,624,8163,,,,,,624,8163,,,,,,,,,本科,,,,,
8053363,海南,本科批,物理,,XFE88E6,专业组03,中国民航大学,637E,信息安全（色盲、色弱不宜就读）,色盲、色弱不宜就读,,,,,625,8008,,,,,,625,8008,,,,,,,,,本科,,,,,
8053364,海南,本科批,物理,,XFE88E6,专业组03,中国民航大学,40E5,油气储运工程（机场供油工程）（色盲、色弱不宜就读）,机场供油工程; 色盲、色弱不宜就读,,,,,626,7880,,,,,,626,7880,,,,,,,,,本科,,,,,
8053365,海南,本科批,物理,,XFE88E6,专业组03,中国民航大学,F8E2,统计学（民航大数据）,民航大数据,,,,,626,7880,,,,,,626,7880,,,,,,,,,本科,,,,,
8053366,海南,本科批,物理,,XFE88E6,专业组03,中国民航大学,C7AE,交通工程,,,,,,626,7880,,,,,,626,7880,,,,,,,,,本科,,,,,
8053367,海南,本科批,物理,,XFE88E6,专业组03,中国民航大学,EAAE,工科试验班（民航安全与应急类）（包含专业：安全工程、应急技术与管理；色盲、色弱不宜就读）,民航安全与应急类; 包含专业：安全工程、应急技术与管理；色盲、色弱不宜就读,,,,,626,7880,,,,,,626,7880,,,,,,,,,本科,,,,,
8053368,海南,本科批,物理,,XFE88E6,专业组03,中国民航大学,5916,飞行器质量与可靠性（色盲、色弱不宜就读）,色盲、色弱不宜就读,,,,,626,7880,,,,,,626,7880,,,,,,,,,本科,,,,,
8053369,海南,本科批,物理,,XFE88E6,专业组03,中国民航大学,548C,信息与计算科学,,,,,,627,7735,,,,,,627,7735,,,,,,,,,本科,,,,,
8053370,海南,本科批,物理,,XFE88E6,专业组03,中国民航大学,DD41,飞行器运维工程（色盲、色弱不宜就读）,色盲、色弱不宜就读,,,,,628,7623,,,,,,628,7623,,,,,,,,,本科,,,,,
8053371,海南,本科批,物理,,XFE88E6,专业组03,中国民航大学,EE4F,材料物理（无损检测与表面工程）,无损检测与表面工程,,,,,629,7486,,,,,,629,7486,,,,,,,,,本科,,,,,
8053372,海南,本科批,物理,,XFE88E6,专业组03,中国民航大学,D532,工科试验班（电子信息与电气自动化）（包含专业：电子信息工程（航空电子）、电气工程及其自动化（航空电气）、通信工程、自动化、物联网工程；色盲、色弱不宜就读）,电子信息与电气自动化; 包含专业：电子信息工程（航空电子; 航空电气,,,,,629,7486,,,,,,629,7486,,,,,,,,,本科,,,,,
8053373,海南,本科批,物理,,XFE88E6,专业组03,中国民航大学,0861,无人驾驶航空器系统工程,,,,,,630,7329,,,,,,630,7329,,,,,,,,,本科,,,,,
8053374,海南,本科批,物理,,XFE88E6,专业组03,中国民航大学,39E5,工科试验班（航空航天）（包含专业：飞行器动力工程（航空发动机）、飞行器制造工程（飞机结构与系统）、机械电子工程（飞机机电附件）、材料科学与工程、飞行器设计与工程、新能源科学与工程；色盲、色弱不宜就读）,航空航天; 包含专业：飞行器动力工程（航空发动机; 飞机结构与系统; 飞机机电附件,,,,,630,7329,,,,,,630,7329,,,,,,,,,本科,,,,,
8053375,海南,本科批,物理,,XFE88E6,专业组01,中国民航大学,DF2D,英语（民航外语）,民航外语,,,,,638,6368,,,,,,638,6368,,,,,,,,,本科,,,,,
8053376,海南,本科批,物理,,XFE88E6,专业组01,中国民航大学,8EDC,航空安防管理（原则上只招男生；建议身高不低于170cm；色盲、色弱不宜就读）,原则上只招男生；建议身高不低于170cm；色盲、色弱不宜就读,,,,,639,6231,,,,,,639,6231,,,,,,,,,本科,,,,,
8053377,海南,本科批,物理,,XFE88E6,专业组01,中国民航大学,20AA,工商管理类（航空运输管理）（包含专业：经济与金融、工商管理、会计学、财务管理）,航空运输管理; 包含专业：经济与金融、工商管理、会计学、财务管理,,,,,639,6231,,,,,,639,6231,,,,,,,,,本科,,,,,
8053378,海南,本科批,物理,,XFE88E6,专业组03,中国民航大学,DA74,应用气象学（航空气象）（色盲、色弱不宜就读）,航空气象; 色盲、色弱不宜就读,,,,,640,6127,,,,,,640,6127,,,,,,,,,本科,,,,,
8053379,海南,本科批,物理,,XFE88E6,专业组03,中国民航大学,FDBA,工科试验班（智能与计算机）（包含专业：计算机科学与技术、人工智能；色盲、色弱不宜就读）,智能与计算机; 包含专业：计算机科学与技术、人工智能；色盲、色弱不宜就读,,,,,641,6019,,,,,,641,6019,,,,,,,,,本科,,,,,
8053380,海南,本科批,物理,,XFE88E6,专业组04,中国民航大学,51C8,思想政治教育,,,,,,643,5793,,,,,,643,5793,,,,,,,,,本科,,,,,
8053381,海南,本科批,物理,,XFE88E6,专业组01,中国民航大学,4852,应用心理学,,,,,,643,5793,,,,,,643,5793,,,,,,,,,本科,,,,,
8054311,海南,本科批,物理,,XE83110,专业组05,中国民用航空飞行学院,0A76,消防工程,,,,,,577,16644,,,,,,577,16644,,,,,,,,,本科,,,,,
8054312,海南,本科批,物理,,XE83110,专业组05,中国民用航空飞行学院,D081,新能源科学与工程,,,,,,578,16442,,,,,,578,16442,,,,,,,,,本科,,,,,
8054313,海南,本科批,物理,,XE83110,专业组05,中国民用航空飞行学院,F620,安全工程,,,,,,578,16442,,,,,,578,16442,,,,,,,,,本科,,,,,
8054314,海南,本科批,物理,,XE83110,专业组05,中国民用航空飞行学院,924C,智慧交通,,,,,,579,16225,,,,,,579,16225,,,,,,,,,本科,,,,,
8054315,海南,本科批,物理,,XE83110,专业组05,中国民用航空飞行学院,F068,人工智能,,,,,,581,15788,,,,,,581,15788,,,,,,,,,本科,,,,,
8054316,海南,本科批,物理,,XE83110,专业组05,中国民用航空飞行学院,B9A5,计算机科学与技术,,,,,,581,15788,,,,,,581,15788,,,,,,,,,本科,,,,,
8054317,海南,本科批,物理,,XE83110,专业组05,中国民用航空飞行学院,7A06,飞行器制造工程,,,,,,582,15570,,,,,,582,15570,,,,,,,,,本科,,,,,
8054318,海南,本科批,物理,,XE83110,专业组03,中国民用航空飞行学院,09EE,市场营销,,,,,,582,15570,,,,,,582,15570,,,,,,,,,本科,,,,,
8054319,海南,本科批,物理,,XE83110,专业组05,中国民用航空飞行学院,548C,信息与计算科学,,,,,,582,15570,,,,,,582,15570,,,,,,,,,本科,,,,,
8054320,海南,本科批,物理,,XE83110,专业组05,中国民用航空飞行学院,C220,飞行器适航技术,,,,,,584,15113,,,,,,584,15113,,,,,,,,,本科,,,,,
8054321,海南,本科批,物理,,XE83110,专业组05,中国民用航空飞行学院,93E3,电子信息工程,,,,,,584,15113,,,,,,584,15113,,,,,,,,,本科,,,,,
8054322,海南,本科批,物理,,XE83110,专业组05,中国民用航空飞行学院,2723,航空航天工程,,,,,,588,14321,,,,,,588,14321,,,,,,,,,本科,,,,,
8054323,海南,本科批,物理,,XE83110,专业组03,中国民用航空飞行学院,04A0,工商管理,,,,,,589,14092,,,,,,589,14092,,,,,,,,,本科,,,,,
8054324,海南,本科批,物理,,XE83110,专业组05,中国民用航空飞行学院,C2DF,应用气象学,,,,,,594,13128,,,,,,594,13128,,,,,,,,,本科,,,,,
8054325,海南,本科批,物理,,XE83110,专业组05,中国民用航空飞行学院,C7AE,交通工程,,,,,,594,13128,,,,,,594,13128,,,,,,,,,本科,,,,,
8054326,海南,本科批,物理,,XE83110,专业组05,中国民用航空飞行学院,A5B7,电气工程及其自动化,,,,,,597,12551,,,,,,597,12551,,,,,,,,,本科,,,,,
8054327,海南,本科批,物理,,XE83110,专业组02,中国民用航空飞行学院,EEE7,交通运输（国家专项）,国家专项,,,,,597,12551,,,,,,597,12551,,,,,,,,,本科,,,,,
8054328,海南,本科批,物理,,XE83110,专业组05,中国民用航空飞行学院,12C3,导航工程,,,,,,599,12200,,,,,,599,12200,,,,,,,,,本科,,,,,
8054329,海南,本科提前批,物理,,XE83110,专业组01,中国民用航空飞行学院,464C,飞行技术,,,,,,600,12004,,,,,,600,12004,,,,,,,,,本科,,,,,
8054330,海南,本科批,物理,,XE83110,专业组04,中国民用航空飞行学院,4852,应用心理学,,,,,,605,11138,,,,,,605,11138,,,,,,,,,本科,,,,,
8054884,海南,本科批,物理,,X842A37,专业组03,云南中医药大学,53B9,食品质量与安全,,,,,,487,40700,,,,,,487,40700,,,,,,,,,本科,,,,,
8054885,海南,本科批,物理,,X842A37,专业组03,云南中医药大学,004B,医学信息工程,,,,,,493,39015,,,,,,493,39015,,,,,,,,,本科,,,,,
8054886,海南,本科批,物理,,X842A37,专业组03,云南中医药大学,B694,生物制药,,,,,,493,39015,,,,,,493,39015,,,,,,,,,本科,,,,,
8054887,海南,本科批,物理,,X842A37,专业组03,云南中医药大学,4C2A,中药学,,,,,,493,39015,,,,,,493,39015,,,,,,,,,本科,,,,,
8054888,海南,本科批,物理,,X842A37,专业组03,云南中医药大学,E022,中医儿科学,,,,,,497,37924,,,,,,497,37924,,,,,,,,,本科,,,,,
8054889,海南,本科批,物理,,X842A37,专业组03,云南中医药大学,2A03,中医骨伤科学,,,,,,499,37370,,,,,,499,37370,,,,,,,,,本科,,,,,
8054890,海南,本科批,物理,,X842A37,专业组03,云南中医药大学,817D,康复治疗学,,,,,,500,37077,,,,,,500,37077,,,,,,,,,本科,,,,,
8054891,海南,本科批,物理,,X842A37,专业组03,云南中医药大学,40CE,制药工程,,,,,,504,35899,,,,,,504,35899,,,,,,,,,本科,,,,,
8054892,海南,本科批,物理,,X842A37,专业组03,云南中医药大学,5FB0,中药资源与开发,,,,,,510,34198,,,,,,510,34198,,,,,,,,,本科,,,,,
8054893,海南,本科批,物理,,X842A37,专业组03,云南中医药大学,43D9,药物制剂,,,,,,511,33933,,,,,,511,33933,,,,,,,,,本科,,,,,
8054894,海南,本科批,物理,,X842A37,专业组03,云南中医药大学,55D9,中医康复学,,,,,,516,32517,,,,,,516,32517,,,,,,,,,本科,,,,,
8054895,海南,本科批,物理,,X842A37,专业组03,云南中医药大学,92CA,中医养生学,,,,,,527,29380,,,,,,527,29380,,,,,,,,,本科,,,,,
8054896,海南,本科批,物理,,X842A37,专业组03,云南中医药大学,10A0,药学,,,,,,557,21396,,,,,,557,21396,,,,,,,,,本科,,,,,
8054897,海南,本科批,物理,,X842A37,专业组03,云南中医药大学,5ED3,中西医临床医学,,,,,,569,18472,,,,,,569,18472,,,,,,,,,本科,,,,,
8054898,海南,本科批,物理,,X842A37,专业组01,云南中医药大学,090D,公共事业管理,,,,,,585,14905,,,,,,585,14905,,,,,,,,,本科,,,,,
8054899,海南,本科批,物理,,X842A37,专业组02,云南中医药大学,4BF3,护理学,,,,,,586,14706,,,,,,586,14706,,,,,,,,,本科,,,,,
8054900,海南,本科批,物理,,X842A37,专业组03,云南中医药大学,6246,针灸推拿学,,,,,,591,13666,,,,,,591,13666,,,,,,,,,本科,,,,,
8054901,海南,本科批,物理,,X842A37,专业组03,云南中医药大学,03FE,中医学,,,,,,598,12377,,,,,,598,12377,,,,,,,,,本科,,,,,
8055506,海南,本科批,物理,,XA11B10,专业组01,上海政法学院,2234,劳动与社会保障,,,,,,643,5793,,,,,,643,5793,,,,,,,,,本科,,,,,
8055507,海南,本科批,物理,,XA11B10,专业组01,上海政法学院,AC90,行政管理,,,,,,646,5489,,,,,,646,5489,,,,,,,,,本科,,,,,
8055508,海南,本科批,物理,,XA11B10,专业组01,上海政法学院,978C,审计学,,,,,,647,5370,,,,,,647,5370,,,,,,,,,本科,,,,,
8055509,海南,本科批,物理,,XA11B10,专业组01,上海政法学院,BD0D,法学（国际经济法方向）,国际经济法方向,,,,,663,3920,,,,,,663,3920,,,,,,,,,本科,,,,,
8055510,海南,本科批,物理,,XA11B10,专业组01,上海政法学院,8444,法学（经济法方向）,经济法方向,,,,,676,3001,,,,,,676,3001,,,,,,,,,本科,,,,,
8055799,海南,本科批,物理,,X8A87FB,专业组01,成都医学院,D85B,临床医学（不招色盲、色弱）,不招色盲、色弱,,,,,595,12898,,,,,,595,12898,,,,,,,,,本科,,,,,
8055926,海南,本科批,物理,,XD913B9,专业组01,川北医学院,A39E,预防医学,,,,,,591,13666,,,,,,591,13666,,,,,,,,,本科,,,,,
8055927,海南,本科批,物理,,XD913B9,专业组01,川北医学院,97D0,临床医学,,,,,,594,13128,,,,,,594,13128,,,,,,,,,本科,,,,,
8056744,海南,本科批,物理,,X5A8484,专业组02,通化师范学院,C33B,物理学（师范类专业）,师范类专业,,,,,483,41779,,,,,,483,41779,,,,,,,,,本科,,,,,
8056745,海南,本科批,物理,,X5A8484,专业组02,通化师范学院,E196,生物科学（师范类专业）,师范类专业,,,,,501,36812,,,,,,501,36812,,,,,,,,,本科,,,,,
8056746,海南,本科批,物理,,X5A8484,专业组02,通化师范学院,D108,化学（师范类专业）,师范类专业,,,,,517,32234,,,,,,517,32234,,,,,,,,,本科,,,,,
8056747,海南,本科批,物理,,X5A8484,专业组01,通化师范学院,8278,英语（师范类专业）,师范类专业,,,,,562,20113,,,,,,562,20113,,,,,,,,,本科,,,,,
8056748,海南,本科批,物理,,X5A8484,专业组01,通化师范学院,671C,日语,,,,,,563,19861,,,,,,563,19861,,,,,,,,,本科,,,,,
8056749,海南,本科批,物理,,X5A8484,专业组01,通化师范学院,6137,汉语国际教育（师范类专业）,师范类专业,,,,,563,19861,,,,,,563,19861,,,,,,,,,本科,,,,,
8056750,海南,本科批,物理,,X5A8484,专业组01,通化师范学院,BDF1,物业管理,,,,,,564,19597,,,,,,564,19597,,,,,,,,,本科,,,,,
8056751,海南,本科批,物理,,X5A8484,专业组01,通化师范学院,CA0F,旅游管理,,,,,,564,19597,,,,,,564,19597,,,,,,,,,本科,,,,,
8056752,海南,本科批,物理,,X5A8484,专业组01,通化师范学院,10F3,心理学（师范类专业）,师范类专业,,,,,566,19137,,,,,,566,19137,,,,,,,,,本科,,,,,
8056753,海南,本科批,物理,,X5A8484,专业组01,通化师范学院,FB18,财务管理,,,,,,569,18472,,,,,,569,18472,,,,,,,,,本科,,,,,
8056754,海南,本科批,物理,,X5A8484,专业组01,通化师范学院,927B,法学,,,,,,570,18200,,,,,,570,18200,,,,,,,,,本科,,,,,
8056755,海南,本科批,物理,,X5A8484,专业组01,通化师范学院,32F0,文物与博物馆学,,,,,,570,18200,,,,,,570,18200,,,,,,,,,本科,,,,,
8056756,海南,本科批,物理,,X5A8484,专业组03,通化师范学院,B0AD,思想政治教育（师范类专业）,师范类专业,,,,,573,17552,,,,,,573,17552,,,,,,,,,本科,,,,,
8056757,海南,本科批,物理,,X5A8484,专业组01,通化师范学院,6343,汉语言文学（师范类专业）,师范类专业,,,,,573,17552,,,,,,573,17552,,,,,,,,,本科,,,,,
8056758,海南,本科批,物理,,X5A8484,专业组04,通化师范学院,552F,地理科学（师范类专业）,师范类专业,,,,,578,16442,,,,,,578,16442,,,,,,,,,本科,,,,,
8057215,海南,本科批,物理,,X586725,专业组04,百色学院,0C82,物理学（师范）,师范,,,,,483,41779,,,,,,483,41779,,,,,,,,,本科,,,,,
8057216,海南,本科批,物理,,X586725,专业组04,百色学院,9268,数学与应用数学（师范）,师范,,,,,484,41507,,,,,,484,41507,,,,,,,,,本科,,,,,
8057217,海南,本科批,物理,,X586725,专业组04,百色学院,6995,网络工程,,,,,,488,40419,,,,,,488,40419,,,,,,,,,本科,,,,,
8057218,海南,本科批,物理,,X586725,专业组04,百色学院,C0DA,应用统计学,,,,,,491,39563,,,,,,491,39563,,,,,,,,,本科,,,,,
8057219,海南,本科批,物理,,X586725,专业组04,百色学院,F89C,生物技术,,,,,,501,36812,,,,,,501,36812,,,,,,,,,本科,,,,,
8057220,海南,本科批,物理,,X586725,专业组04,百色学院,7D22,材料化学,,,,,,527,29380,,,,,,527,29380,,,,,,,,,本科,,,,,
8057221,海南,本科批,物理,,X586725,专业组04,百色学院,93E3,电子信息工程,,,,,,529,28875,,,,,,529,28875,,,,,,,,,本科,,,,,
8057222,海南,本科批,物理,,X586725,专业组04,百色学院,FEF6,材料成型及控制工程,,,,,,541,25500,,,,,,541,25500,,,,,,,,,本科,,,,,
8057223,海南,本科批,物理,,X586725,专业组03,百色学院,371D,工程造价,,,,,,567,18906,,,,,,567,18906,,,,,,,,,本科,,,,,
8057224,海南,本科批,物理,,X586725,专业组02,百色学院,4145,英语,,,,,,570,18200,,,,,,570,18200,,,,,,,,,本科,,,,,
8057225,海南,本科批,物理,,X586725,专业组02,百色学院,CA0F,旅游管理,,,,,,570,18200,,,,,,570,18200,,,,,,,,,本科,,,,,
8057226,海南,本科批,物理,,X586725,专业组02,百色学院,8412,城市管理,,,,,,571,17978,,,,,,571,17978,,,,,,,,,本科,,,,,
8057227,海南,本科批,物理,,X586725,专业组02,百色学院,A615,汉语国际教育,,,,,,571,17978,,,,,,571,17978,,,,,,,,,本科,,,,,
8057228,海南,本科批,物理,,X586725,专业组02,百色学院,FB18,财务管理,,,,,,572,17764,,,,,,572,17764,,,,,,,,,本科,,,,,
8057229,海南,本科批,物理,,X586725,专业组02,百色学院,68F4,新闻学,,,,,,574,17335,,,,,,574,17335,,,,,,,,,本科,,,,,
8057230,海南,本科批,物理,,X586725,专业组06,百色学院,D4CC,地理科学（师范）,师范,,,,,581,15788,,,,,,581,15788,,,,,,,,,本科,,,,,
8057231,海南,本科批,物理,,X586725,专业组02,百色学院,D243,汉语言文学,,,,,,581,15788,,,,,,581,15788,,,,,,,,,本科,,,,,
8057232,海南,本科批,物理,,X586725,专业组05,百色学院,F9EA,思想政治教育（师范）,师范,,,,,583,15317,,,,,,583,15317,,,,,,,,,本科,,,,,
8058166,海南,本科批,物理,,X24A048,专业组02,黑河学院,B8DA,数学与应用数学（师范类）,师范类,,,,,503,36239,,,,,,503,36239,,,,,,,,,本科,,,,,
8058167,海南,本科批,物理,,X24A048,专业组02,黑河学院,29F4,物联网工程,,,,,,506,35366,,,,,,506,35366,,,,,,,,,本科,,,,,
8058168,海南,本科批,物理,,X24A048,专业组02,黑河学院,F89C,生物技术,,,,,,513,33405,,,,,,513,33405,,,,,,,,,本科,,,,,
8058169,海南,本科批,物理,,X24A048,专业组02,黑河学院,4718,数据科学与大数据技术,,,,,,514,33109,,,,,,514,33109,,,,,,,,,本科,,,,,
8058170,海南,本科批,物理,,X24A048,专业组02,黑河学院,B9A5,计算机科学与技术,,,,,,526,29707,,,,,,526,29707,,,,,,,,,本科,,,,,
8058171,海南,本科批,物理,,X24A048,专业组02,黑河学院,ECA4,通信工程,,,,,,528,29098,,,,,,528,29098,,,,,,,,,本科,,,,,
8058172,海南,本科批,物理,,X24A048,专业组01,黑河学院,CA0F,旅游管理,,,,,,559,20885,,,,,,559,20885,,,,,,,,,本科,,,,,
8058173,海南,本科批,物理,,X24A048,专业组01,黑河学院,25DE,国际经济与贸易,,,,,,560,20621,,,,,,560,20621,,,,,,,,,本科,,,,,
8058174,海南,本科批,物理,,X24A048,专业组01,黑河学院,5E19,会计学,,,,,,562,20113,,,,,,562,20113,,,,,,,,,本科,,,,,
8058175,海南,本科批,物理,,X24A048,专业组01,黑河学院,F338,英语（师范类）,师范类,,,,,562,20113,,,,,,562,20113,,,,,,,,,本科,,,,,
8058176,海南,本科批,物理,,X24A048,专业组01,黑河学院,927B,法学,,,,,,562,20113,,,,,,562,20113,,,,,,,,,本科,,,,,
8058886,海南,本科批,物理,,X751A7A,专业组03,湖南工学院,4ECE,土木工程,,,,,,543,24997,,,,,,543,24997,,,,,,,,,本科,,,,,
8058887,海南,本科批,物理,,X751A7A,专业组03,湖南工学院,E347,工业设计,,,,,,544,24716,,,,,,544,24716,,,,,,,,,本科,,,,,
8058888,海南,本科批,物理,,X751A7A,专业组03,湖南工学院,7E23,环境工程,,,,,,544,24716,,,,,,544,24716,,,,,,,,,本科,,,,,
8058889,海南,本科批,物理,,X751A7A,专业组03,湖南工学院,3477,应用物理学,,,,,,545,24505,,,,,,545,24505,,,,,,,,,本科,,,,,
8058890,海南,本科批,物理,,X751A7A,专业组03,湖南工学院,FEF6,材料成型及控制工程,,,,,,546,24228,,,,,,546,24228,,,,,,,,,本科,,,,,
8058891,海南,本科批,物理,,X751A7A,专业组03,湖南工学院,5B8B,高分子材料与工程,,,,,,547,23968,,,,,,547,23968,,,,,,,,,本科,,,,,
8058892,海南,本科批,物理,,X751A7A,专业组03,湖南工学院,548C,信息与计算科学,,,,,,548,23705,,,,,,548,23705,,,,,,,,,本科,,,,,
8058893,海南,本科批,物理,,X751A7A,专业组03,湖南工学院,B5E9,无机非金属材料工程,,,,,,548,23705,,,,,,548,23705,,,,,,,,,本科,,,,,
8058894,海南,本科批,物理,,X751A7A,专业组03,湖南工学院,F620,安全工程,,,,,,548,23705,,,,,,548,23705,,,,,,,,,本科,,,,,
8058895,海南,本科批,物理,,X751A7A,专业组03,湖南工学院,33A1,应急技术与管理,,,,,,549,23420,,,,,,549,23420,,,,,,,,,本科,,,,,
8058896,海南,本科批,物理,,X751A7A,专业组03,湖南工学院,2980,智能车辆工程,,,,,,550,23151,,,,,,550,23151,,,,,,,,,本科,,,,,
8058897,海南,本科批,物理,,X751A7A,专业组03,湖南工学院,D6ED,化学工程与工艺,,,,,,551,22908,,,,,,551,22908,,,,,,,,,本科,,,,,
8058898,海南,本科批,物理,,X751A7A,专业组03,湖南工学院,D583,网络空间安全,,,,,,551,22908,,,,,,551,22908,,,,,,,,,本科,,,,,
8058899,海南,本科批,物理,,X751A7A,专业组03,湖南工学院,ECA4,通信工程,,,,,,553,22416,,,,,,553,22416,,,,,,,,,本科,,,,,
8058900,海南,本科批,物理,,X751A7A,专业组03,湖南工学院,29F4,物联网工程,,,,,,553,22416,,,,,,553,22416,,,,,,,,,本科,,,,,
8058901,海南,本科批,物理,,X751A7A,专业组03,湖南工学院,F18B,电气工程与智能控制,,,,,,556,21627,,,,,,556,21627,,,,,,,,,本科,,,,,
8058902,海南,本科批,物理,,X751A7A,专业组03,湖南工学院,4C65,自动化,,,,,,560,20621,,,,,,560,20621,,,,,,,,,本科,,,,,
8058903,海南,本科批,物理,,X751A7A,专业组03,湖南工学院,78FF,机械设计制造及其自动化,,,,,,566,19137,,,,,,566,19137,,,,,,,,,本科,,,,,
8058904,海南,本科批,物理,,X751A7A,专业组03,湖南工学院,93E3,电子信息工程,,,,,,571,17978,,,,,,571,17978,,,,,,,,,本科,,,,,
8058905,海南,本科批,物理,,X751A7A,专业组03,湖南工学院,A5B7,电气工程及其自动化,,,,,,574,17335,,,,,,574,17335,,,,,,,,,本科,,,,,
8059638,海南,本科批,物理,,X405394,专业组02,吉林建筑大学,F620,安全工程,,,,,,478,43056,,,,,,478,43056,,,,,,,,,本科,,,,,
8059639,海南,本科批,物理,,X405394,专业组02,吉林建筑大学,B5E9,无机非金属材料工程,,,,,,522,30842,,,,,,522,30842,,,,,,,,,本科,,,,,
8059640,海南,本科批,物理,,X405394,专业组02,吉林建筑大学,1231,城市地下空间工程,,,,,,524,30268,,,,,,524,30268,,,,,,,,,本科,,,,,
8059641,海南,本科批,物理,,X405394,专业组02,吉林建筑大学,6A3A,建筑环境与能源应用工程,,,,,,527,29380,,,,,,527,29380,,,,,,,,,本科,,,,,
8059642,海南,本科批,物理,,X405394,专业组02,吉林建筑大学,CEDE,道路桥梁与渡河工程,,,,,,533,27726,,,,,,533,27726,,,,,,,,,本科,,,,,
8059643,海南,本科批,物理,,X405394,专业组02,吉林建筑大学,A2E0,测绘工程,,,,,,534,27473,,,,,,534,27473,,,,,,,,,本科,,,,,
8059644,海南,本科批,物理,,X405394,专业组02,吉林建筑大学,18D0,建筑电气与智能化,,,,,,537,26650,,,,,,537,26650,,,,,,,,,本科,,,,,
8059645,海南,本科批,物理,,X405394,专业组02,吉林建筑大学,4ECE,土木工程,,,,,,545,24505,,,,,,545,24505,,,,,,,,,本科,,,,,
8059646,海南,本科批,物理,,X405394,专业组01,吉林建筑大学,9F4E,城乡规划（要求有绘画基础，入学后加试徒手画）,要求有绘画基础，入学后加试徒手画,,,,,579,16225,,,,,,579,16225,,,,,,,,,本科,,,,,
8059647,海南,本科批,物理,,X405394,专业组01,吉林建筑大学,FB18,财务管理,,,,,,579,16225,,,,,,579,16225,,,,,,,,,本科,,,,,
8060810,海南,本科批,物理,,X437AB6,专业组02,攀枝花学院,C5CB,园艺,,,,,,507,35056,,,,,,507,35056,,,,,,,,,本科,,,,,
8060811,海南,本科批,物理,,X437AB6,专业组02,攀枝花学院,E2E1,生物工程,,,,,,512,33659,,,,,,512,33659,,,,,,,,,本科,,,,,
8060812,海南,本科批,物理,,X437AB6,专业组01,攀枝花学院,2A3E,商务英语（英语单科成绩不低于90分（150分制）,英语单科成绩不低于90分（150分制,,,,,559,20885,,,,,,559,20885,,,,,,,,,本科,,,,,
8061292,海南,本科批,物理,,XF27D50,专业组02,厦门理工学院,557A,港口航道与海岸工程,,,,,,589,13905,,,,,,589,13905,,,,,,,,,本科,,,,,
8061293,海南,本科批,物理,,XF27D50,专业组02,厦门理工学院,4C65,自动化,,,,,,592,13326,,,,,,592,13326,,,,,,,,,本科,,,,,
8061294,海南,本科批,物理,,XF27D50,专业组02,厦门理工学院,26A7,车辆工程,,,,,,593,13131,,,,,,593,13131,,,,,,,,,本科,,,,,
8061295,海南,本科批,物理,,XF27D50,专业组01,厦门理工学院,3E25,国际商务,,,,,,601,11658,,,,,,601,11658,,,,,,,,,本科,,,,,
8061930,海南,本科批,物理,,XD24812,专业组04,太原工业学院,D947,"化学工程与工艺（物理,化学（2门科目考生均须选考方可报考）","物理,化学（2门科目考生均须选考方可报考",,,,,533,27726,,,,,,533,27726,,,,,,,,,本科,,,,,
8061931,海南,本科批,物理,,XD24812,专业组04,太原工业学院,1E5E,"智能材料与结构（物理,化学（2门科目考生均须选考方可报考）","物理,化学（2门科目考生均须选考方可报考",,,,,533,27726,,,,,,533,27726,,,,,,,,,本科,,,,,
8061932,海南,本科批,物理,,XD24812,专业组04,太原工业学院,57DA,"汽车服务工程（物理,化学（2门科目考生均须选考方可报考）","物理,化学（2门科目考生均须选考方可报考",,,,,534,27473,,,,,,534,27473,,,,,,,,,本科,,,,,
8061933,海南,本科批,物理,,XD24812,专业组04,太原工业学院,21CE,"应用化学（物理,化学（2门科目考生均须选考方可报考）","物理,化学（2门科目考生均须选考方可报考",,,,,534,27473,,,,,,534,27473,,,,,,,,,本科,,,,,
8061934,海南,本科批,物理,,XD24812,专业组04,太原工业学院,8D4E,"物联网工程（物理,化学（2门科目考生均须选考方可报考）","物理,化学（2门科目考生均须选考方可报考",,,,,534,27473,,,,,,534,27473,,,,,,,,,本科,,,,,
8061935,海南,本科批,物理,,XD24812,专业组04,太原工业学院,2610,"能源化学工程（物理,化学（2门科目考生均须选考方可报考）","物理,化学（2门科目考生均须选考方可报考",,,,,534,27473,,,,,,534,27473,,,,,,,,,本科,,,,,
8061936,海南,本科批,物理,,XD24812,专业组04,太原工业学院,5F07,"数字媒体技术（物理,化学（2门科目考生均须选考方可报考）","物理,化学（2门科目考生均须选考方可报考",,,,,534,27473,,,,,,534,27473,,,,,,,,,本科,,,,,
8061937,海南,本科批,物理,,XD24812,专业组04,太原工业学院,12AF,"通信工程（物理,化学（2门科目考生均须选考方可报考）","物理,化学（2门科目考生均须选考方可报考",,,,,534,27473,,,,,,534,27473,,,,,,,,,本科,,,,,
8061938,海南,本科批,物理,,XD24812,专业组04,太原工业学院,D586,"测控技术与仪器（物理,化学（2门科目考生均须选考方可报考）","物理,化学（2门科目考生均须选考方可报考",,,,,534,27473,,,,,,534,27473,,,,,,,,,本科,,,,,
8061939,海南,本科批,物理,,XD24812,专业组04,太原工业学院,5EC8,"材料成型及控制工程（物理,化学（2门科目考生均须选考方可报考）","物理,化学（2门科目考生均须选考方可报考",,,,,535,27215,,,,,,535,27215,,,,,,,,,本科,,,,,
8061940,海南,本科批,物理,,XD24812,专业组04,太原工业学院,04A7,"安全工程（物理,化学（2门科目考生均须选考方可报考）","物理,化学（2门科目考生均须选考方可报考",,,,,535,27215,,,,,,535,27215,,,,,,,,,本科,,,,,
8061941,海南,本科批,物理,,XD24812,专业组04,太原工业学院,DD4E,"应急技术与管理（物理,化学（2门科目考生均须选考方可报考）","物理,化学（2门科目考生均须选考方可报考",,,,,535,27215,,,,,,535,27215,,,,,,,,,本科,,,,,
8061942,海南,本科批,物理,,XD24812,专业组04,太原工业学院,E439,"机械电子工程（物理,化学（2门科目考生均须选考方可报考）","物理,化学（2门科目考生均须选考方可报考",,,,,536,26922,,,,,,536,26922,,,,,,,,,本科,,,,,
8061943,海南,本科批,物理,,XD24812,专业组04,太原工业学院,8E23,"新能源材料与器件（物理,化学（2门科目考生均须选考方可报考）","物理,化学（2门科目考生均须选考方可报考",,,,,537,26650,,,,,,537,26650,,,,,,,,,本科,,,,,
8061944,海南,本科批,物理,,XD24812,专业组04,太原工业学院,C9B6,"高分子材料与工程（物理,化学（2门科目考生均须选考方可报考）","物理,化学（2门科目考生均须选考方可报考",,,,,537,26650,,,,,,537,26650,,,,,,,,,本科,,,,,
8061945,海南,本科批,物理,,XD24812,专业组04,太原工业学院,D12A,"生物工程（物理,化学（2门科目考生均须选考方可报考）","物理,化学（2门科目考生均须选考方可报考",,,,,538,26380,,,,,,538,26380,,,,,,,,,本科,,,,,
8061946,海南,本科批,物理,,XD24812,专业组04,太原工业学院,A8BB,"机器人工程（物理,化学（2门科目考生均须选考方可报考）","物理,化学（2门科目考生均须选考方可报考",,,,,540,25810,,,,,,540,25810,,,,,,,,,本科,,,,,
8061947,海南,本科批,物理,,XD24812,专业组04,太原工业学院,D471,"数据科学与大数据技术（物理,化学（2门科目考生均须选考方可报考）","物理,化学（2门科目考生均须选考方可报考",,,,,540,25810,,,,,,540,25810,,,,,,,,,本科,,,,,
8061948,海南,本科批,物理,,XD24812,专业组04,太原工业学院,2B78,"微电子科学与工程（物理,化学（2门科目考生均须选考方可报考）","物理,化学（2门科目考生均须选考方可报考",,,,,546,24228,,,,,,546,24228,,,,,,,,,本科,,,,,
8061949,海南,本科批,物理,,XD24812,专业组04,太原工业学院,2F4E,"计算机科学与技术（物理,化学（2门科目考生均须选考方可报考）","物理,化学（2门科目考生均须选考方可报考",,,,,548,23705,,,,,,548,23705,,,,,,,,,本科,,,,,
8063207,海南,本科批,物理,,X88D415,专业组03,宜宾学院,E2E1,生物工程,,,,,,554,22142,,,,,,554,22142,,,,,,,,,本科,,,,,
8063208,海南,本科批,物理,,X88D415,专业组03,宜宾学院,7E23,环境工程,,,,,,557,21396,,,,,,557,21396,,,,,,,,,本科,,,,,
8063209,海南,本科批,物理,,X88D415,专业组01,宜宾学院,AC90,行政管理,,,,,,576,16888,,,,,,576,16888,,,,,,,,,本科,,,,,
8063210,海南,本科批,物理,,X88D415,专业组01,宜宾学院,FBFE,物流管理,,,,,,577,16644,,,,,,577,16644,,,,,,,,,本科,,,,,
8063211,海南,本科批,物理,,X88D415,专业组03,宜宾学院,41CF,数字媒体技术,,,,,,578,16442,,,,,,578,16442,,,,,,,,,本科,,,,,
8063212,海南,本科批,物理,,X88D415,专业组02,宜宾学院,EBA7,标准化工程,,,,,,580,15994,,,,,,580,15994,,,,,,,,,本科,,,,,
8063213,海南,本科批,物理,,X88D415,专业组02,宜宾学院,5936,质量管理工程,,,,,,582,15570,,,,,,582,15570,,,,,,,,,本科,,,,,
8064255,海南,本科批,物理,,XDDCBCB,专业组02,广东药科大学,FEA4,药物制剂（不招色盲、色弱）,不招色盲、色弱,,,,,486,40965,,,,,,486,40965,,,,,,,,,本科,,,,,
8064256,海南,本科批,物理,,XDDCBCB,专业组02,广东药科大学,B1C2,生物技术（不招色盲、色弱）,不招色盲、色弱,,,,,486,40965,,,,,,486,40965,,,,,,,,,本科,,,,,
8064257,海南,本科批,物理,,XDDCBCB,专业组02,广东药科大学,B6C5,预防医学（不招色盲、色弱）,不招色盲、色弱,,,,,487,40700,,,,,,487,40700,,,,,,,,,本科,,,,,
8064258,海南,本科批,物理,,XDDCBCB,专业组02,广东药科大学,44B8,生物医学工程（不招色盲、色弱）,不招色盲、色弱,,,,,497,37924,,,,,,497,37924,,,,,,,,,本科,,,,,
8064259,海南,本科批,物理,,XDDCBCB,专业组02,广东药科大学,8134,制药工程（不招色盲、色弱）,不招色盲、色弱,,,,,518,31962,,,,,,518,31962,,,,,,,,,本科,,,,,
8064260,海南,本科批,物理,,XDDCBCB,专业组02,广东药科大学,F295,生物制药（不招色盲、色弱）,不招色盲、色弱,,,,,519,31653,,,,,,519,31653,,,,,,,,,本科,,,,,
8064261,海南,本科批,物理,,XDDCBCB,专业组02,广东药科大学,B364,临床药学（不招色盲、色弱）,不招色盲、色弱,,,,,550,23151,,,,,,550,23151,,,,,,,,,本科,,,,,
8064262,海南,本科批,物理,,XDDCBCB,专业组02,广东药科大学,1F95,海洋药学（不招色盲、色弱）,不招色盲、色弱,,,,,553,22416,,,,,,553,22416,,,,,,,,,本科,,,,,
8064263,海南,本科批,物理,,XDDCBCB,专业组02,广东药科大学,1DEB,中药学（不招色盲、色弱）,不招色盲、色弱,,,,,568,18658,,,,,,568,18658,,,,,,,,,本科,,,,,
8064264,海南,本科批,物理,,XDDCBCB,专业组02,广东药科大学,C101,智能医学工程（不招色盲、色弱）,不招色盲、色弱,,,,,578,16442,,,,,,578,16442,,,,,,,,,本科,,,,,
8064265,海南,本科批,物理,,XDDCBCB,专业组01,广东药科大学,6DD1,护理学（不招色盲、色弱）,不招色盲、色弱,,,,,587,14506,,,,,,587,14506,,,,,,,,,本科,,,,,
8064266,海南,本科批,物理,,XDDCBCB,专业组02,广东药科大学,D85B,临床医学（不招色盲、色弱）,不招色盲、色弱,,,,,591,13666,,,,,,591,13666,,,,,,,,,本科,,,,,
8064267,海南,本科批,物理,,XDDCBCB,专业组02,广东药科大学,834C,药学（不招色盲、色弱）,不招色盲、色弱,,,,,592,13501,,,,,,592,13501,,,,,,,,,本科,,,,,
8064268,海南,本科批,物理,,XDDCBCB,专业组02,广东药科大学,C924,中医学（不招色盲、色弱）,不招色盲、色弱,,,,,592,13501,,,,,,592,13501,,,,,,,,,本科,,,,,
8064550,海南,本科批,物理,,XD4ADFB,专业组03,湖南医药学院,834C,药学（不招色盲、色弱）,不招色盲、色弱,,,,,524,30268,,,,,,524,30268,,,,,,,,,本科,,,,,
8064551,海南,本科批,物理,,XD4ADFB,专业组03,湖南医药学院,090A,康复治疗学（不招色盲、色弱）,不招色盲、色弱,,,,,530,28572,,,,,,530,28572,,,,,,,,,本科,,,,,
8064552,海南,本科批,物理,,XD4ADFB,专业组03,湖南医药学院,203D,卫生检验与检疫（不招色盲、色弱）,不招色盲、色弱,,,,,554,22142,,,,,,554,22142,,,,,,,,,本科,,,,,
8064553,海南,本科批,物理,,XD4ADFB,专业组03,湖南医药学院,D85B,临床医学（不招色盲、色弱）,不招色盲、色弱,,,,,558,21127,,,,,,558,21127,,,,,,,,,本科,,,,,
8064554,海南,本科批,物理,,XD4ADFB,专业组03,湖南医药学院,1DEB,中药学（不招色盲、色弱）,不招色盲、色弱,,,,,571,17978,,,,,,571,17978,,,,,,,,,本科,,,,,
8064555,海南,本科批,物理,,XD4ADFB,专业组03,湖南医药学院,E017,医学检验技术（不招色盲、色弱）,不招色盲、色弱,,,,,573,17552,,,,,,573,17552,,,,,,,,,本科,,,,,
8064556,海南,本科批,物理,,XD4ADFB,专业组03,湖南医药学院,C26E,医学影像技术（不招色盲、色弱）,不招色盲、色弱,,,,,574,17335,,,,,,574,17335,,,,,,,,,本科,,,,,
8064557,海南,本科批,物理,,XD4ADFB,专业组01,湖南医药学院,9FD2,健康服务与管理,,,,,,577,16644,,,,,,577,16644,,,,,,,,,本科,,,,,
8064558,海南,本科批,物理,,XD4ADFB,专业组03,湖南医药学院,B182,针灸推拿学（不招色盲、色弱）,不招色盲、色弱,,,,,579,16225,,,,,,579,16225,,,,,,,,,本科,,,,,
8064559,海南,本科批,物理,,XD4ADFB,专业组02,湖南医药学院,6DD1,护理学（不招色盲、色弱）,不招色盲、色弱,,,,,583,15317,,,,,,583,15317,,,,,,,,,本科,,,,,
8065085,海南,本科批,物理,,XF3ADB3,专业组80,吉林医药学院,B95B,生物制药（中外合作办学）（只录取有专业志愿的考生，不接受专业调剂）,中外合作办学; 只录取有专业志愿的考生，不接受专业调剂,,,,,508,34786,,,,,,508,34786,,,,,,,,,本科,,,,,
8065086,海南,本科批,物理,,XF3ADB3,专业组02,吉林医药学院,44B8,生物医学工程（不招色盲、色弱）,不招色盲、色弱,,,,,537,26650,,,,,,537,26650,,,,,,,,,本科,,,,,
8065087,海南,本科批,物理,,XF3ADB3,专业组02,吉林医药学院,834C,药学（不招色盲、色弱）,不招色盲、色弱,,,,,538,26380,,,,,,538,26380,,,,,,,,,本科,,,,,
8065088,海南,本科批,物理,,XF3ADB3,专业组02,吉林医药学院,C26E,医学影像技术（不招色盲、色弱）,不招色盲、色弱,,,,,540,25810,,,,,,540,25810,,,,,,,,,本科,,,,,
8065089,海南,本科批,物理,,XF3ADB3,专业组03,吉林医药学院,9656,医学影像学（不招色盲、色弱）,不招色盲、色弱,,,,,543,24997,,,,,,543,24997,,,,,,,,,本科,,,,,
8065090,海南,本科批,物理,,XF3ADB3,专业组02,吉林医药学院,E017,医学检验技术（不招色盲、色弱）,不招色盲、色弱,,,,,545,24505,,,,,,545,24505,,,,,,,,,本科,,,,,
8065091,海南,本科批,物理,,XF3ADB3,专业组02,吉林医药学院,6DD1,护理学（不招色盲、色弱）,不招色盲、色弱,,,,,548,23705,,,,,,548,23705,,,,,,,,,本科,,,,,
8065092,海南,本科批,物理,,XF3ADB3,专业组03,吉林医药学院,B6C5,预防医学（不招色盲、色弱）,不招色盲、色弱,,,,,550,23151,,,,,,550,23151,,,,,,,,,本科,,,,,
8065093,海南,本科批,物理,,XF3ADB3,专业组03,吉林医药学院,D85B,临床医学（不招色盲、色弱）,不招色盲、色弱,,,,,550,23151,,,,,,550,23151,,,,,,,,,本科,,,,,
8065094,海南,本科批,物理,,XF3ADB3,专业组01,吉林医药学院,D681,信息管理与信息系统,,,,,,560,20621,,,,,,560,20621,,,,,,,,,本科,,,,,
8065641,海南,本科批,物理,,X65543C,专业组05,内江师范学院,3C38,软件工程,,,,,,563,19861,,,,,,563,19861,,,,,,,,,本科,,,,,
8065642,海南,本科批,物理,,X65543C,专业组05,内江师范学院,F068,人工智能,,,,,,564,19597,,,,,,564,19597,,,,,,,,,本科,,,,,
8065643,海南,本科批,物理,,X65543C,专业组05,内江师范学院,ECA4,通信工程,,,,,,565,19373,,,,,,565,19373,,,,,,,,,本科,,,,,
8065644,海南,本科批,物理,,X65543C,专业组05,内江师范学院,4718,数据科学与大数据技术,,,,,,566,19137,,,,,,566,19137,,,,,,,,,本科,,,,,
8065645,海南,本科批,物理,,X65543C,专业组05,内江师范学院,93E3,电子信息工程,,,,,,569,18472,,,,,,569,18472,,,,,,,,,本科,,,,,
8065646,海南,本科批,物理,,X65543C,专业组05,内江师范学院,25FE,数学与应用数学,,,,,,573,17552,,,,,,573,17552,,,,,,,,,本科,,,,,
8065647,海南,本科批,物理,,X65543C,专业组04,内江师范学院,5D72,网络与新媒体,,,,,,587,14506,,,,,,587,14506,,,,,,,,,本科,,,,,
8065648,海南,本科批,物理,,X65543C,专业组04,内江师范学院,6AB9,经济学,,,,,,587,14506,,,,,,587,14506,,,,,,,,,本科,,,,,
8065649,海南,本科批,物理,,X65543C,专业组04,内江师范学院,4154,电子商务,,,,,,590,13900,,,,,,590,13900,,,,,,,,,本科,,,,,
8065650,海南,本科批,物理,,X65543C,专业组04,内江师范学院,04A0,工商管理,,,,,,590,13900,,,,,,590,13900,,,,,,,,,本科,,,,,
8065651,海南,本科批,物理,,X65543C,专业组04,内江师范学院,108F,学前教育,,,,,,593,13321,,,,,,593,13321,,,,,,,,,本科,,,,,
8065652,海南,本科批,物理,,X65543C,专业组04,内江师范学院,4873,历史学,,,,,,597,12551,,,,,,597,12551,,,,,,,,,本科,,,,,
8066198,海南,本科批,物理,,XD197EF,专业组04,玉林师范学院,972D,生物科学（不招色盲、色弱）（师范）,不招色盲、色弱; 师范,,,,,500,37077,,,,,,500,37077,,,,,,,,,本科,,,,,
8066199,海南,本科批,物理,,XD197EF,专业组80,玉林师范学院,4C13,农林经济管理,,,,,,562,20113,,,,,,562,20113,,,,,,,,,本科,,,,,
8066200,海南,本科批,物理,,XD197EF,专业组02,玉林师范学院,BB6B,英语（师范）,师范,,,,,564,19597,,,,,,564,19597,,,,,,,,,本科,,,,,
8066201,海南,本科批,物理,,XD197EF,专业组02,玉林师范学院,1049,商务英语,,,,,,567,18906,,,,,,567,18906,,,,,,,,,本科,,,,,
8066202,海南,本科批,物理,,XD197EF,专业组03,玉林师范学院,8F05,园林（不招色盲、色弱）,不招色盲、色弱,,,,,567,18906,,,,,,567,18906,,,,,,,,,本科,,,,,
8066203,海南,本科批,物理,,XD197EF,专业组04,玉林师范学院,8134,制药工程（不招色盲、色弱）,不招色盲、色弱,,,,,571,17978,,,,,,571,17978,,,,,,,,,本科,,,,,
8066349,海南,本科批,物理,,XDABD8B,专业组02,安顺学院,8FA3,化学（师范类）,师范类,,,,,518,31962,,,,,,518,31962,,,,,,,,,本科,,,,,
8066350,海南,本科批,物理,,XDABD8B,专业组02,安顺学院,B8DA,数学与应用数学（师范类）,师范类,,,,,527,29380,,,,,,527,29380,,,,,,,,,本科,,,,,
8066351,海南,本科批,物理,,XDABD8B,专业组01,安顺学院,BE91,教育学类（包含专业：学前教育、特殊教育）（师范类）,包含专业：学前教育、特殊教育; 师范类,,,,,568,18658,,,,,,568,18658,,,,,,,,,本科,,,,,
8066352,海南,本科批,物理,,XDABD8B,专业组01,安顺学院,CA0F,旅游管理,,,,,,573,17552,,,,,,573,17552,,,,,,,,,本科,,,,,
8066353,海南,本科批,物理,,XDABD8B,专业组01,安顺学院,4852,应用心理学,,,,,,582,15570,,,,,,582,15570,,,,,,,,,本科,,,,,
8066354,海南,本科批,物理,,XDABD8B,专业组03,安顺学院,C17B,思想政治教育（师范类）,师范类,,,,,584,15113,,,,,,584,15113,,,,,,,,,本科,,,,,
8067023,海南,专科批,物理,,X1FB7D3,专业组13,海南热带海洋学院,CA0F,旅游管理,,,,,,445,50861,,,,,,445,50861,,,,,,,,,专科,,,,,
8067024,海南,专科批,物理,,X1FB7D3,专业组13,海南热带海洋学院,018A,婴幼儿托育服务与管理,,,,,,446,50691,,,,,,446,50691,,,,,,,,,专科,,,,,
8067025,海南,专科批,物理,,X1FB7D3,专业组13,海南热带海洋学院,7567,社区管理与服务,,,,,,450,49780,,,,,,450,49780,,,,,,,,,专科,,,,,
8067026,海南,专科批,物理,,X1FB7D3,专业组13,海南热带海洋学院,722E,大数据与会计,,,,,,456,48440,,,,,,456,48440,,,,,,,,,专科,,,,,
8067027,海南,专科批,物理,,X1FB7D3,专业组13,海南热带海洋学院,C349,学前教育（师范）,师范,,,,,458,47998,,,,,,458,47998,,,,,,,,,专科,,,,,
8067028,海南,专科批,物理,,X1FB7D3,专业组13,海南热带海洋学院,E351,园林技术,,,,,,459,47782,,,,,,459,47782,,,,,,,,,专科,,,,,
8067029,海南,本科批,物理,,X1FB7D3,专业组08,海南热带海洋学院,C5CB,园艺,,,,,,494,38727,,,,,,494,38727,,,,,,,,,本科,,,,,
8067030,海南,本科批,物理,,X1FB7D3,专业组08,海南热带海洋学院,377E,海洋资源与环境,,,,,,494,38727,,,,,,494,38727,,,,,,,,,本科,,,,,
8067031,海南,本科批,物理,,X1FB7D3,专业组08,海南热带海洋学院,7A1F,水产养殖学,,,,,,494,38727,,,,,,494,38727,,,,,,,,,本科,,,,,
8067032,海南,本科批,物理,,X1FB7D3,专业组08,海南热带海洋学院,87D8,海洋渔业科学与技术,,,,,,494,38727,,,,,,494,38727,,,,,,,,,本科,,,,,
8067033,海南,本科批,物理,,X1FB7D3,专业组08,海南热带海洋学院,0541,生物科学,,,,,,494,38727,,,,,,494,38727,,,,,,,,,本科,,,,,
8067034,海南,本科批,物理,,X1FB7D3,专业组08,海南热带海洋学院,F89C,生物技术,,,,,,494,38727,,,,,,494,38727,,,,,,,,,本科,,,,,
8067035,海南,本科批,物理,,X1FB7D3,专业组08,海南热带海洋学院,4ED3,生态学,,,,,,495,38461,,,,,,495,38461,,,,,,,,,本科,,,,,
8067036,海南,本科批,物理,,X1FB7D3,专业组08,海南热带海洋学院,7E23,环境工程,,,,,,495,38461,,,,,,495,38461,,,,,,,,,本科,,,,,
8067037,海南,本科批,物理,,X1FB7D3,专业组08,海南热带海洋学院,5E49,食品科学与工程,,,,,,497,37924,,,,,,497,37924,,,,,,,,,本科,,,,,
8067038,海南,本科批,物理,,X1FB7D3,专业组08,海南热带海洋学院,C059,海洋科学,,,,,,499,37370,,,,,,499,37370,,,,,,,,,本科,,,,,
8067039,海南,本科批,物理,,X1FB7D3,专业组08,海南热带海洋学院,0294,物理学（师范类）,师范类,,,,,504,35899,,,,,,504,35899,,,,,,,,,本科,,,,,
8067040,海南,本科批,物理,,X1FB7D3,专业组08,海南热带海洋学院,F0CF,海洋技术,,,,,,506,35366,,,,,,506,35366,,,,,,,,,本科,,,,,
8067041,海南,本科批,物理,,X1FB7D3,专业组08,海南热带海洋学院,B5AE,化学,,,,,,510,34198,,,,,,510,34198,,,,,,,,,本科,,,,,
8067042,海南,本科批,物理,,X1FB7D3,专业组08,海南热带海洋学院,6995,网络工程,,,,,,513,33405,,,,,,513,33405,,,,,,,,,本科,,,,,
8067403,海南,本科批,物理,,X333595,专业组03,河池学院,40CE,制药工程,,,,,,487,40700,,,,,,487,40700,,,,,,,,,本科,,,,,
8067404,海南,本科批,物理,,X333595,专业组02,河池学院,1049,商务英语,,,,,,566,19137,,,,,,566,19137,,,,,,,,,本科,,,,,
8067405,海南,本科批,物理,,X333595,专业组02,河池学院,CA0F,旅游管理,,,,,,567,18906,,,,,,567,18906,,,,,,,,,本科,,,,,
8067406,海南,本科批,物理,,X333595,专业组02,河池学院,AC90,行政管理,,,,,,567,18906,,,,,,567,18906,,,,,,,,,本科,,,,,
8067407,海南,本科批,物理,,X333595,专业组02,河池学院,E6CB,社会工作,,,,,,569,18472,,,,,,569,18472,,,,,,,,,本科,,,,,
8067408,海南,本科批,物理,,X333595,专业组02,河池学院,07BA,贸易经济,,,,,,572,17764,,,,,,572,17764,,,,,,,,,本科,,,,,
8067409,海南,本科批,物理,,X333595,专业组02,河池学院,D243,汉语言文学,,,,,,577,16644,,,,,,577,16644,,,,,,,,,本科,,,,,
8068368,海南,本科批,物理,,X5951A6,专业组02,兰州城市学院,0484,焊接技术与工程,,,,,,517,32234,,,,,,517,32234,,,,,,,,,本科,,,,,
8068369,海南,本科批,物理,,X5951A6,专业组03,兰州城市学院,8B36,翻译,,,,,,548,23705,,,,,,548,23705,,,,,,,,,本科,,,,,
8068370,海南,本科批,物理,,X5951A6,专业组01,兰州城市学院,8412,城市管理,,,,,,557,21396,,,,,,557,21396,,,,,,,,,本科,,,,,
8068371,海南,本科批,物理,,X5951A6,专业组01,兰州城市学院,9D85,酒店管理,,,,,,557,21396,,,,,,557,21396,,,,,,,,,本科,,,,,
8068372,海南,本科批,物理,,X5951A6,专业组01,兰州城市学院,5D72,网络与新媒体,,,,,,559,20885,,,,,,559,20885,,,,,,,,,本科,,,,,
8068373,海南,本科批,物理,,X5951A6,专业组04,兰州城市学院,BA83,汉语国际教育（师范类）,师范类,,,,,561,20364,,,,,,561,20364,,,,,,,,,本科,,,,,
8068374,海南,本科批,物理,,X5951A6,专业组05,兰州城市学院,FA23,地理信息科学,,,,,,576,16888,,,,,,576,16888,,,,,,,,,本科,,,,,
8069767,海南,本科批,物理,,X49E6A3,专业组03,南阳理工学院,8DE6,生物工程（中外合作办学）（与新西兰惠灵顿维多利亚大学合作办学）,中外合作办学; 与新西兰惠灵顿维多利亚大学合作办学,,,,,473,44359,,,,,,473,44359,,,,,,,,,本科,,,,,
8069768,海南,本科批,物理,,X49E6A3,专业组02,南阳理工学院,52FD,应用化学,,,,,,480,42524,,,,,,480,42524,,,,,,,,,本科,,,,,
8069769,海南,本科批,物理,,X49E6A3,专业组02,南阳理工学院,41CF,数字媒体技术,,,,,,510,34198,,,,,,510,34198,,,,,,,,,本科,,,,,
8069770,海南,本科批,物理,,X49E6A3,专业组02,南阳理工学院,93E3,电子信息工程,,,,,,512,33659,,,,,,512,33659,,,,,,,,,本科,,,,,
8069771,海南,本科批,物理,,X49E6A3,专业组02,南阳理工学院,5E49,食品科学与工程,,,,,,513,33405,,,,,,513,33405,,,,,,,,,本科,,,,,
8069772,海南,本科批,物理,,X49E6A3,专业组02,南阳理工学院,FEF6,材料成型及控制工程,,,,,,514,33109,,,,,,514,33109,,,,,,,,,本科,,,,,
8069773,海南,本科批,物理,,X49E6A3,专业组02,南阳理工学院,C0DA,应用统计学,,,,,,516,32517,,,,,,516,32517,,,,,,,,,本科,,,,,
8069774,海南,本科批,物理,,X49E6A3,专业组02,南阳理工学院,4718,数据科学与大数据技术,,,,,,516,32517,,,,,,516,32517,,,,,,,,,本科,,,,,
8069775,海南,本科批,物理,,X49E6A3,专业组02,南阳理工学院,A687,光电信息科学与工程,,,,,,522,30842,,,,,,522,30842,,,,,,,,,本科,,,,,
8069776,海南,本科批,物理,,X49E6A3,专业组02,南阳理工学院,B9A5,计算机科学与技术,,,,,,537,26650,,,,,,537,26650,,,,,,,,,本科,,,,,
8069777,海南,本科批,物理,,X49E6A3,专业组02,南阳理工学院,4EA7,新能源材料与器件,,,,,,540,25810,,,,,,540,25810,,,,,,,,,本科,,,,,
8069778,海南,本科批,物理,,X49E6A3,专业组02,南阳理工学院,4C65,自动化,,,,,,541,25500,,,,,,541,25500,,,,,,,,,本科,,,,,
8069779,海南,本科批,物理,,X49E6A3,专业组02,南阳理工学院,A5B7,电气工程及其自动化,,,,,,546,24228,,,,,,546,24228,,,,,,,,,本科,,,,,
8069780,海南,本科批,物理,,X49E6A3,专业组80,南阳理工学院,E756,软件工程（移动设备应用开发方向）（软件类专业，学费较高）,移动设备应用开发方向; 软件类专业，学费较高,,,,,547,23968,,,,,,547,23968,,,,,,,,,本科,,,,,
8069781,海南,本科批,物理,,X49E6A3,专业组02,南阳理工学院,4C2A,中药学,,,,,,560,20621,,,,,,560,20621,,,,,,,,,本科,,,,,
8069782,海南,本科批,物理,,X49E6A3,专业组01,南阳理工学院,89F9,学前教育（师范类专业）,师范类专业,,,,,562,20113,,,,,,562,20113,,,,,,,,,本科,,,,,
8069783,海南,本科批,物理,,X49E6A3,专业组01,南阳理工学院,4A01,国际经济与贸易（数字贸易方向）,数字贸易方向,,,,,564,19597,,,,,,564,19597,,,,,,,,,本科,,,,,
8069784,海南,本科批,物理,,X49E6A3,专业组01,南阳理工学院,CB22,城乡规划,,,,,,564,19597,,,,,,564,19597,,,,,,,,,本科,,,,,
8069785,海南,本科批,物理,,X49E6A3,专业组01,南阳理工学院,9876,工商管理（商务大数据分析方向）,商务大数据分析方向,,,,,565,19373,,,,,,565,19373,,,,,,,,,本科,,,,,
8070596,海南,本科批,物理,,XD899FB,专业组01,泰山学院,C19A,人力资源管理,,,,,,558,21127,,,,,,558,21127,,,,,,,,,本科,,,,,
8070597,海南,本科批,物理,,XD899FB,专业组01,泰山学院,0C67,旅游管理（景区运营与管理方向）,景区运营与管理方向,,,,,558,21127,,,,,,558,21127,,,,,,,,,本科,,,,,
8071145,海南,本科批,物理,,X087D86,专业组01,西安文理学院,F11A,机器人工程,,,,,,521,31110,,,,,,521,31110,,,,,,,,,本科,,,,,
8071146,海南,本科批,物理,,X087D86,专业组01,西安文理学院,4C65,自动化,,,,,,537,26650,,,,,,537,26650,,,,,,,,,本科,,,,,
8071147,海南,本科批,物理,,X087D86,专业组01,西安文理学院,78FF,机械设计制造及其自动化,,,,,,554,22142,,,,,,554,22142,,,,,,,,,本科,,,,,
8071148,海南,本科批,物理,,X087D86,专业组02,西安文理学院,CA0F,旅游管理,,,,,,585,14905,,,,,,585,14905,,,,,,,,,本科,,,,,
8071149,海南,本科批,物理,,X087D86,专业组02,西安文理学院,BFB1,历史学（高新校区）,高新校区,,,,,590,13900,,,,,,590,13900,,,,,,,,,本科,,,,,
8071712,海南,本科批,物理,,X1C49D1,专业组05,湘南学院,8189,环境生态工程,,,,,,498,37632,,,,,,498,37632,,,,,,,,,本科,,,,,
8071713,海南,本科批,物理,,X1C49D1,专业组05,湘南学院,0294,物理学（师范类）,师范类,,,,,510,34198,,,,,,510,34198,,,,,,,,,本科,,,,,
8071714,海南,本科批,物理,,X1C49D1,专业组80,湘南学院,10A0,药学,,,,,,527,29380,,,,,,527,29380,,,,,,,,,本科,,,,,
8071715,海南,本科批,物理,,X1C49D1,专业组80,湘南学院,97D0,临床医学,,,,,,529,28875,,,,,,529,28875,,,,,,,,,本科,,,,,
8071716,海南,本科批,物理,,X1C49D1,专业组05,湘南学院,B8DA,数学与应用数学（师范类）,师范类,,,,,545,24505,,,,,,545,24505,,,,,,,,,本科,,,,,
8071717,海南,本科批,物理,,X1C49D1,专业组05,湘南学院,52FD,应用化学,,,,,,546,24228,,,,,,546,24228,,,,,,,,,本科,,,,,
8071718,海南,本科批,物理,,X1C49D1,专业组05,湘南学院,F89C,生物技术,,,,,,562,20113,,,,,,562,20113,,,,,,,,,本科,,,,,
8071719,海南,本科批,物理,,X1C49D1,专业组05,湘南学院,6995,网络工程,,,,,,564,19597,,,,,,564,19597,,,,,,,,,本科,,,,,
8071720,海南,本科批,物理,,X1C49D1,专业组80,湘南学院,2DDF,医学影像技术,,,,,,565,19373,,,,,,565,19373,,,,,,,,,本科,,,,,
8071721,海南,本科批,物理,,X1C49D1,专业组05,湘南学院,A5B7,电气工程及其自动化,,,,,,567,18906,,,,,,567,18906,,,,,,,,,本科,,,,,
8071722,海南,本科批,物理,,X1C49D1,专业组05,湘南学院,7932,电子信息科学与技术,,,,,,570,18200,,,,,,570,18200,,,,,,,,,本科,,,,,
8071723,海南,本科批,物理,,X1C49D1,专业组03,湘南学院,7FA1,供应链管理,,,,,,575,17087,,,,,,575,17087,,,,,,,,,本科,,,,,
8071724,海南,本科批,物理,,X1C49D1,专业组03,湘南学院,E6CB,社会工作,,,,,,576,16888,,,,,,576,16888,,,,,,,,,本科,,,,,
8071725,海南,本科批,物理,,X1C49D1,专业组04,湘南学院,4BF3,护理学,,,,,,577,16644,,,,,,577,16644,,,,,,,,,本科,,,,,
8071726,海南,本科批,物理,,X1C49D1,专业组03,湘南学院,25DE,国际经济与贸易,,,,,,580,15994,,,,,,580,15994,,,,,,,,,本科,,,,,
8071727,海南,本科批,物理,,X1C49D1,专业组03,湘南学院,8B36,翻译,,,,,,580,15994,,,,,,580,15994,,,,,,,,,本科,,,,,
8071728,海南,本科批,物理,,X1C49D1,专业组03,湘南学院,1049,商务英语,,,,,,581,15788,,,,,,581,15788,,,,,,,,,本科,,,,,
8071729,海南,本科批,物理,,X1C49D1,专业组03,湘南学院,AFF5,汉语言文学（师范类）,师范类,,,,,584,15113,,,,,,584,15113,,,,,,,,,本科,,,,,
8072032,海南,本科批,物理,,X70F3B8,专业组03,运城学院,96B4,电子科学与技术（印制电路技术与工艺）,印制电路技术与工艺,,,,,508,34786,,,,,,508,34786,,,,,,,,,本科,,,,,
8072033,海南,本科批,物理,,X70F3B8,专业组03,运城学院,D081,新能源科学与工程,,,,,,510,34198,,,,,,510,34198,,,,,,,,,本科,,,,,
8072034,海南,本科批,物理,,X70F3B8,专业组03,运城学院,8EA2,机械电子工程,,,,,,523,30534,,,,,,523,30534,,,,,,,,,本科,,,,,
8072035,海南,本科批,物理,,X70F3B8,专业组03,运城学院,A5B7,电气工程及其自动化,,,,,,532,28031,,,,,,532,28031,,,,,,,,,本科,,,,,
8072036,海南,本科批,物理,,X70F3B8,专业组02,运城学院,4154,电子商务,,,,,,559,20885,,,,,,559,20885,,,,,,,,,本科,,,,,
8072037,海南,本科批,物理,,X70F3B8,专业组02,运城学院,DFD2,学前教育（师范类）,师范类,,,,,560,20621,,,,,,560,20621,,,,,,,,,本科,,,,,
8072038,海南,本科批,物理,,X70F3B8,专业组02,运城学院,CA0F,旅游管理,,,,,,560,20621,,,,,,560,20621,,,,,,,,,本科,,,,,
8072039,海南,本科批,物理,,X70F3B8,专业组02,运城学院,9D85,酒店管理,,,,,,561,20364,,,,,,561,20364,,,,,,,,,本科,,,,,
8072040,海南,本科批,物理,,X70F3B8,专业组02,运城学院,9569,小学教育（师范类）,师范类,,,,,565,19373,,,,,,565,19373,,,,,,,,,本科,,,,,
8072193,海南,本科批,物理,,X954F93,专业组01,枣庄学院,9D85,酒店管理,,,,,,555,21888,,,,,,555,21888,,,,,,,,,本科,,,,,
8073125,海南,本科批,物理,,XBEFCE4,专业组03,山西中医药大学,5E49,食品科学与工程,,,,,,479,42765,,,,,,479,42765,,,,,,,,,本科,,,,,
8073126,海南,本科批,物理,,XBEFCE4,专业组03,山西中医药大学,B694,生物制药,,,,,,480,42524,,,,,,480,42524,,,,,,,,,本科,,,,,
8073127,海南,本科批,物理,,XBEFCE4,专业组03,山西中医药大学,817D,康复治疗学,,,,,,498,37632,,,,,,498,37632,,,,,,,,,本科,,,,,
8073128,海南,本科批,物理,,XBEFCE4,专业组03,山西中医药大学,10A0,药学,,,,,,517,32234,,,,,,517,32234,,,,,,,,,本科,,,,,
8073129,海南,本科批,物理,,XBEFCE4,专业组03,山西中医药大学,4C2A,中药学,,,,,,556,21627,,,,,,556,21627,,,,,,,,,本科,,,,,
8073130,海南,本科批,物理,,XBEFCE4,专业组01,山西中医药大学,9FD2,健康服务与管理,,,,,,578,16442,,,,,,578,16442,,,,,,,,,本科,,,,,
8073131,海南,本科批,物理,,XBEFCE4,专业组02,山西中医药大学,D681,信息管理与信息系统,,,,,,580,15994,,,,,,580,15994,,,,,,,,,本科,,,,,
8073132,海南,本科批,物理,,XBEFCE4,专业组04,山西中医药大学,4BF3,护理学,,,,,,585,14905,,,,,,585,14905,,,,,,,,,本科,,,,,
8073133,海南,本科批,物理,,XBEFCE4,专业组05,山西中医药大学,03FE,中医学,,,,,,594,13128,,,,,,594,13128,,,,,,,,,本科,,,,,
8073134,海南,本科批,物理,,XBEFCE4,专业组05,山西中医药大学,6246,针灸推拿学,,,,,,596,12722,,,,,,596,12722,,,,,,,,,本科,,,,,
8073135,海南,本科批,物理,,XBEFCE4,专业组05,山西中医药大学,5ED3,中西医临床医学,,,,,,596,12722,,,,,,596,12722,,,,,,,,,本科,,,,,
8073590,海南,本科批,物理,,X259C50,专业组01,湖南女子学院,CA0F,旅游管理,,,,,,562,20113,,,,,,562,20113,,,,,,,,,本科,,,,,
8073591,海南,本科批,物理,,X259C50,专业组01,湖南女子学院,09EE,市场营销,,,,,,563,19861,,,,,,563,19861,,,,,,,,,本科,,,,,
8073592,海南,本科批,物理,,X259C50,专业组01,湖南女子学院,25DE,国际经济与贸易,,,,,,564,19597,,,,,,564,19597,,,,,,,,,本科,,,,,
8073593,海南,本科批,物理,,X259C50,专业组01,湖南女子学院,9D85,酒店管理,,,,,,564,19597,,,,,,564,19597,,,,,,,,,本科,,,,,
8073594,海南,本科批,物理,,X259C50,专业组01,湖南女子学院,E3F8,学前教育（师范类）（不招色盲、色弱）,师范类; 不招色盲、色弱,,,,,565,19373,,,,,,565,19373,,,,,,,,,本科,,,,,
8073595,海南,本科批,物理,,X259C50,专业组01,湖南女子学院,D243,汉语言文学,,,,,,575,17087,,,,,,575,17087,,,,,,,,,本科,,,,,
8074193,海南,本科批,物理,,XE45C2F,专业组01,鞍山师范学院,9D85,酒店管理,,,,,,558,21127,,,,,,558,21127,,,,,,,,,本科,,,,,
8074194,海南,本科批,物理,,XE45C2F,专业组01,鞍山师范学院,E6CB,社会工作,,,,,,561,20364,,,,,,561,20364,,,,,,,,,本科,,,,,
8074195,海南,本科批,物理,,XE45C2F,专业组01,鞍山师范学院,CA0F,旅游管理,,,,,,563,19861,,,,,,563,19861,,,,,,,,,本科,,,,,
8074610,海南,本科批,物理,,X1F9198,专业组02,昌吉学院,A8BB,数据计算及应用,,,,,,505,35622,,,,,,505,35622,,,,,,,,,本科,,,,,
8074611,海南,本科批,物理,,X1F9198,专业组02,昌吉学院,3C38,软件工程,,,,,,506,35366,,,,,,506,35366,,,,,,,,,本科,,,,,
8074612,海南,本科批,物理,,X1F9198,专业组02,昌吉学院,4EA7,新能源材料与器件,,,,,,524,30268,,,,,,524,30268,,,,,,,,,本科,,,,,
8074613,海南,本科批,物理,,X1F9198,专业组01,昌吉学院,CA0F,旅游管理,,,,,,543,24997,,,,,,543,24997,,,,,,,,,本科,,,,,
8074614,海南,本科批,物理,,X1F9198,专业组01,昌吉学院,4145,英语,,,,,,545,24505,,,,,,545,24505,,,,,,,,,本科,,,,,
8075315,海南,本科批,物理,,X20A746,专业组06,广西民族师范学院,6995,网络工程,,,,,,484,41507,,,,,,484,41507,,,,,,,,,本科,,,,,
8075316,海南,本科批,物理,,X20A746,专业组06,广西民族师范学院,A7AA,种子科学与工程（不招色盲、色弱思想政治（1门科目考生必须选考方可报）,不招色盲、色弱思想政治（1门科目考生必须选考方可报,,,,,487,40700,,,,,,487,40700,,,,,,,,,本科,,,,,
8075317,海南,本科批,物理,,X20A746,专业组06,广西民族师范学院,76FB,化学（不招色盲、色弱）（师范）,不招色盲、色弱; 师范,,,,,489,40101,,,,,,489,40101,,,,,,,,,本科,,,,,
8075318,海南,本科批,物理,,X20A746,专业组06,广西民族师范学院,0C82,物理学（师范）,师范,,,,,489,40101,,,,,,489,40101,,,,,,,,,本科,,,,,
8075319,海南,本科批,物理,,X20A746,专业组06,广西民族师范学院,972D,生物科学（不招色盲、色弱）（师范）,不招色盲、色弱; 师范,,,,,496,38160,,,,,,496,38160,,,,,,,,,本科,,,,,
8075320,海南,本科批,物理,,X20A746,专业组06,广西民族师范学院,93E3,电子信息工程,,,,,,508,34786,,,,,,508,34786,,,,,,,,,本科,,,,,
8075321,海南,本科批,物理,,X20A746,专业组06,广西民族师范学院,9268,数学与应用数学（师范）,师范,,,,,522,30842,,,,,,522,30842,,,,,,,,,本科,,,,,
8075322,海南,本科批,物理,,X20A746,专业组05,广西民族师范学院,C349,学前教育（师范）,师范,,,,,582,15570,,,,,,582,15570,,,,,,,,,本科,,,,,
8075323,海南,本科批,物理,,X20A746,专业组05,广西民族师范学院,BB6B,英语（师范）,师范,,,,,583,15317,,,,,,583,15317,,,,,,,,,本科,,,,,
8075324,海南,本科批,物理,,X20A746,专业组05,广西民族师范学院,0A1A,小学教育（师范）,师范,,,,,583,15317,,,,,,583,15317,,,,,,,,,本科,,,,,
8075325,海南,本科批,物理,,X20A746,专业组05,广西民族师范学院,C19A,人力资源管理,,,,,,586,14706,,,,,,586,14706,,,,,,,,,本科,,,,,
8075326,海南,本科批,物理,,X20A746,专业组08,广西民族师范学院,D4CC,地理科学（师范）,师范,,,,,588,14321,,,,,,588,14321,,,,,,,,,本科,,,,,
8075327,海南,本科批,物理,,X20A746,专业组05,广西民族师范学院,B53C,汉语言文学（师范）,师范,,,,,590,13900,,,,,,590,13900,,,,,,,,,本科,,,,,
8075328,海南,本科批,物理,,X20A746,专业组07,广西民族师范学院,F9EA,思想政治教育（师范）,师范,,,,,597,12551,,,,,,597,12551,,,,,,,,,本科,,,,,
8075468,海南,本科批,物理,,X5BD167,专业组02,韩山师范学院,93E3,电子信息工程,,,,,,526,29707,,,,,,526,29707,,,,,,,,,本科,,,,,
8075469,海南,本科批,物理,,X5BD167,专业组02,韩山师范学院,491F,生物科学（师范类）（不招色盲、色弱）,师范类; 不招色盲、色弱,,,,,530,28572,,,,,,530,28572,,,,,,,,,本科,,,,,
8075470,海南,本科批,物理,,X5BD167,专业组02,韩山师范学院,4718,数据科学与大数据技术,,,,,,540,25810,,,,,,540,25810,,,,,,,,,本科,,,,,
8075471,海南,本科批,物理,,X5BD167,专业组01,韩山师范学院,C19A,人力资源管理,,,,,,579,16225,,,,,,579,16225,,,,,,,,,本科,,,,,
8075472,海南,本科批,物理,,X5BD167,专业组01,韩山师范学院,671C,日语,,,,,,585,14905,,,,,,585,14905,,,,,,,,,本科,,,,,
8075473,海南,本科批,物理,,X5BD167,专业组01,韩山师范学院,BA83,汉语国际教育（师范类）,师范类,,,,,598,12377,,,,,,598,12377,,,,,,,,,本科,,,,,
8076272,海南,本科批,物理,,X51EAB8,专业组02,重庆第二师范学院,652E,财务会计教育（师范类）,师范类,,,,,569,18472,,,,,,569,18472,,,,,,,,,本科,,,,,
8076273,海南,本科批,物理,,X51EAB8,专业组02,重庆第二师范学院,DFD2,学前教育（师范类）,师范类,,,,,569,18472,,,,,,569,18472,,,,,,,,,本科,,,,,
8076274,海南,本科批,物理,,X51EAB8,专业组02,重庆第二师范学院,E042,经济与金融,,,,,,570,18200,,,,,,570,18200,,,,,,,,,本科,,,,,
8076275,海南,本科批,物理,,X51EAB8,专业组02,重庆第二师范学院,C9A5,时尚传播,,,,,,570,18200,,,,,,570,18200,,,,,,,,,本科,,,,,
8076276,海南,本科批,物理,,X51EAB8,专业组02,重庆第二师范学院,3A78,旅游管理类（包含专业：旅游管理、酒店管理、会展经济与管理）,包含专业：旅游管理、酒店管理、会展经济与管理,,,,,571,17978,,,,,,571,17978,,,,,,,,,本科,,,,,
8076827,海南,本科提前批,物理,,X0BFB79,专业组01,广州航海学院,AE50,轮机工程,,,,,,548,23705,,,,,,548,23705,,,,,,,,,本科,,,,,
8076828,海南,本科提前批,物理,,X0BFB79,专业组01,广州航海学院,B9D7,船舶电子电气工程,,,,,,560,20621,,,,,,560,20621,,,,,,,,,本科,,,,,
8076829,海南,本科提前批,物理,,X0BFB79,专业组01,广州航海学院,B8D1,航海技术,,,,,,629,7486,,,,,,629,7486,,,,,,,,,本科,,,,,
8077328,海南,本科批,物理,,X1C48BB,专业组02,哈尔滨学院,7F4B,城市地下���间工程,,,,,,477,43308,,,,,,477,43308,,,,,,,,,本科,,,,,
8077329,海南,本科批,物理,,X1C48BB,专业组02,哈尔滨学院,3C38,软件工程,,,,,,486,40965,,,,,,486,40965,,,,,,,,,本科,,,,,
8077330,海南,本科批,物理,,X1C48BB,专业组02,哈尔滨学院,93E3,电子信息工程,,,,,,488,40419,,,,,,488,40419,,,,,,,,,本科,,,,,
8077331,海南,本科批,物理,,X1C48BB,专业组02,哈尔滨学院,4ECE,土木工程,,,,,,490,39844,,,,,,490,39844,,,,,,,,,本科,,,,,
8077332,海南,本科批,物理,,X1C48BB,专业组01,哈尔滨学院,CA0F,旅游管理,,,,,,563,19861,,,,,,563,19861,,,,,,,,,本科,,,,,
8077333,海南,本科批,物理,,X1C48BB,专业组01,哈尔滨学院,1049,商务英语,,,,,,564,19597,,,,,,564,19597,,,,,,,,,本科,,,,,
8077334,海南,本科批,物理,,X1C48BB,专业组01,哈尔滨学院,4145,英语,,,,,,568,18658,,,,,,568,18658,,,,,,,,,本科,,,,,
8077335,海南,本科批,物理,,X1C48BB,专业组01,哈尔滨学院,5E19,会计学,,,,,,569,18472,,,,,,569,18472,,,,,,,,,本科,,,,,
8077336,海南,本科批,物理,,X1C48BB,专业组01,哈尔滨学院,541F,商务经济学,,,,,,577,16644,,,,,,577,16644,,,,,,,,,本科,,,,,
8077337,海南,本科批,物理,,X1C48BB,专业组03,哈尔滨学院,D243,汉语言文学,,,,,,581,15788,,,,,,581,15788,,,,,,,,,本科,,,,,
8078062,海南,本科批,物理,,XC5FB98,专业组02,吉林工商学院,53B9,食品质量与安全,,,,,,478,43056,,,,,,478,43056,,,,,,,,,本科,,,,,
8078063,海南,本科批,物理,,XC5FB98,专业组02,吉林工商学院,5E49,食品科学与工程,,,,,,489,40101,,,,,,489,40101,,,,,,,,,本科,,,,,
8078064,海南,本科批,物理,,XC5FB98,专业组02,吉林工商学院,78FF,机械设计制造及其自动化,,,,,,525,29966,,,,,,525,29966,,,,,,,,,本科,,,,,
8078065,海南,本科批,物理,,XC5FB98,专业组02,吉林工商学院,93E3,电子信息工程,,,,,,526,29707,,,,,,526,29707,,,,,,,,,本科,,,,,
8078066,海南,本科批,物理,,XC5FB98,专业组01,吉林工商学院,671C,日语,,,,,,560,20621,,,,,,560,20621,,,,,,,,,本科,,,,,
8078067,海南,本科批,物理,,XC5FB98,专业组01,吉林工商学院,FBFE,物流管理,,,,,,560,20621,,,,,,560,20621,,,,,,,,,本科,,,,,
8078068,海南,本科批,物理,,XC5FB98,专业组01,吉林工商学院,4154,电子商务,,,,,,560,20621,,,,,,560,20621,,,,,,,,,本科,,,,,
8078069,海南,本科批,物理,,XC5FB98,专业组01,吉林工商学院,25DE,国际经济与贸易,,,,,,561,20364,,,,,,561,20364,,,,,,,,,本科,,,,,
8078070,海南,本科批,物理,,XC5FB98,专业组01,吉林工商学院,CA0F,旅游管理,,,,,,561,20364,,,,,,561,20364,,,,,,,,,本科,,,,,
8078071,海南,本科批,物理,,XC5FB98,专业组01,吉林工商学院,0FBC,金融学,,,,,,562,20113,,,,,,562,20113,,,,,,,,,本科,,,,,
8078072,海南,本科批,物理,,XC5FB98,专业组01,吉林工商学院,1D5E,税收学,,,,,,567,18906,,,,,,567,18906,,,,,,,,,本科,,,,,
8078073,海南,本科批,物理,,XC5FB98,专业组01,吉林工商学院,FB18,财务管理,,,,,,568,18658,,,,,,568,18658,,,,,,,,,本科,,,,,
8078074,海南,本科批,物理,,XC5FB98,专业组01,吉林工商学院,5E19,会计学,,,,,,574,17335,,,,,,574,17335,,,,,,,,,本科,,,,,
8078462,海南,本科批,物理,,XDB1C0D,专业组01,荆楚理工学院,82A1,应用物理学（师范类专业）,师范类专业,,,,,487,40700,,,,,,487,40700,,,,,,,,,本科,,,,,
8078463,海南,本科批,物理,,XDB1C0D,专业组01,荆楚理工学院,ECFB,植物科学与技术,,,,,,504,35899,,,,,,504,35899,,,,,,,,,本科,,,,,
8078658,海南,本科批,物理,,XC68849,专业组04,景德镇学院,E2E1,生物工程,,,,,,484,41507,,,,,,484,41507,,,,,,,,,本科,,,,,
8078659,海南,本科批,物理,,XC68849,专业组03,景德镇学院,1058,新能源汽车工程（隔营）,隔营,,,,,514,33109,,,,,,514,33109,,,,,,,,,本科,,,,,
8078660,海南,本科批,物理,,XC68849,专业组03,景德镇学院,31F0,网络工程（隔营）,隔营,,,,,534,27473,,,,,,534,27473,,,,,,,,,本科,,,,,
8078661,海南,本科批,物理,,XC68849,专业组02,景德镇学院,FB65,风景园林,,,,,,568,18658,,,,,,568,18658,,,,,,,,,本科,,,,,
8078662,海南,本科批,物理,,XC68849,专业组02,景德镇学院,E75F,数字人文,,,,,,574,17335,,,,,,574,17335,,,,,,,,,本科,,,,,
8078663,海南,本科批,物理,,XC68849,专业组05,景德镇学院,6343,汉语言文学（师范类专业）,师范类专业,,,,,584,15113,,,,,,584,15113,,,,,,,,,本科,,,,,
8079322,海南,本科批,物理,,X192A4A,专业组02,平顶山学院,8189,环境生态工程,,,,,,477,43308,,,,,,477,43308,,,,,,,,,本科,,,,,
8079323,海南,本科批,物理,,X192A4A,专业组02,平顶山学院,8EA2,机械电子工程,,,,,,477,43308,,,,,,477,43308,,,,,,,,,本科,,,,,
8079324,海南,本科批,物理,,X192A4A,专业组02,平顶山学院,10A0,药学,,,,,,478,43056,,,,,,478,43056,,,,,,,,,本科,,,,,
8079325,海南,本科批,物理,,X192A4A,专业组01,平顶山学院,6137,汉语国际教育（师范类专业）,师范类专业,,,,,561,20364,,,,,,561,20364,,,,,,,,,本科,,,,,
8079326,海南,本科批,物理,,X192A4A,专业组01,平顶山学院,8278,英语（师范类专业）,师范类专业,,,,,561,20364,,,,,,561,20364,,,,,,,,,本科,,,,,
8079327,海南,本科批,物理,,X192A4A,专业组01,平顶山学院,5D72,网络与新媒体,,,,,,562,20113,,,,,,562,20113,,,,,,,,,本科,,,,,
8079328,海南,本科批,物理,,X192A4A,专业组01,平顶山学院,5E19,会计学,,,,,,562,20113,,,,,,562,20113,,,,,,,,,本科,,,,,
8079989,海南,本科批,物理,,XE51E45,专业组02,山东工商学院,3C38,软件工程,,,,,,487,40700,,,,,,487,40700,,,,,,,,,本科,,,,,
8079990,海南,本科批,物理,,XE51E45,专业组01,山东工商学院,2234,劳动与社会保障,,,,,,576,16888,,,,,,576,16888,,,,,,,,,本科,,,,,
8079991,海南,本科批,物理,,XE51E45,专业组01,山东工商学院,AC90,行政管理,,,,,,576,16888,,,,,,576,16888,,,,,,,,,本科,,,,,
8079992,海南,本科批,物理,,XE51E45,专业组01,山东工商学院,6AB9,经济学,,,,,,577,16644,,,,,,577,16644,,,,,,,,,本科,,,,,
8079993,海南,本科批,物理,,XE51E45,专业组01,山东工商学院,42F1,资产评估,,,,,,578,16442,,,,,,578,16442,,,,,,,,,本科,,,,,
8079994,海南,本科批,物理,,XE51E45,专业组01,山东工商学院,3739,广告学,,,,,,579,16225,,,,,,579,16225,,,,,,,,,本科,,,,,
8079995,海南,本科批,物理,,XE51E45,专业组01,山东工商学院,04A0,工商管理,,,,,,579,16225,,,,,,579,16225,,,,,,,,,本科,,,,,
8079996,海南,本科批,物理,,XE51E45,专业组01,山东工商学院,FBFE,物流管理,,,,,,580,15994,,,,,,580,15994,,,,,,,,,本科,,,,,
8079997,海南,本科批,物理,,XE51E45,专业组01,山东工商学院,09EE,市场营销,,,,,,580,15994,,,,,,580,15994,,,,,,,,,本科,,,,,
8079998,海南,本科批,物理,,XE51E45,专业组01,山东工商学院,FB18,财务管理,,,,,,580,15994,,,,,,580,15994,,,,,,,,,本科,,,,,
8079999,海南,本科批,物理,,XE51E45,专业组01,山东工商学院,C19A,人力资源管理,,,,,,582,15570,,,,,,582,15570,,,,,,,,,本科,,,,,
8080000,海南,本科批,物理,,XE51E45,专业组01,山东工商学院,927B,法学,,,,,,582,15570,,,,,,582,15570,,,,,,,,,本科,,,,,
8080001,海南,本科批,物理,,XE51E45,专业组01,山东工商学院,D243,汉语言文学,,,,,,590,13900,,,,,,590,13900,,,,,,,,,本科,,,,,
8080002,海南,本科批,物理,,XE51E45,专业组01,山东工商学院,5E19,会计学,,,,,,595,12898,,,,,,595,12898,,,,,,,,,本科,,,,,
8080573,海南,本科批,物理,,X724A51,专业组02,上海商学院,53B9,食品质量与安全,,,,,,572,17764,,,,,,572,17764,,,,,,,,,本科,,,,,
8080574,海南,本科批,物理,,X724A51,专业组01,上海商学院,CA0F,旅游管理,,,,,,590,13900,,,,,,590,13900,,,,,,,,,本科,,,,,
8080575,海南,本科批,物理,,X724A51,专业组01,上海商学院,09EE,市场营销,,,,,,593,13321,,,,,,593,13321,,,,,,,,,本科,,,,,
8080576,海南,本科批,物理,,X724A51,专业组01,上海商学院,04A0,工商管理,,,,,,599,12200,,,,,,599,12200,,,,,,,,,本科,,,,,
8081127,海南,本科批,物理,,X0128F9,专业组01,新疆工程学院,6C0F,机械设计���造及其自动化,,,,,,427,54392,,,,,,427,54392,,,,,,,,,本科,,,,,
8081128,海南,本科批,物理,,X0128F9,专业组01,新疆工程学院,A5D2,测控技术与仪器,,,,,,497,37924,,,,,,497,37924,,,,,,,,,本科,,,,,
8081129,海南,本科批,物理,,X0128F9,专业组01,新疆工程学院,0F6E,物联网工程（信息技术产教融合合作班）,信息技术产教融合合作班,,,,,505,35622,,,,,,505,35622,,,,,,,,,本科,,,,,
8081130,海南,本科批,物理,,X0128F9,专业组01,新疆工程学院,F620,安全工程,,,,,,516,32517,,,,,,516,32517,,,,,,,,,本科,,,,,
8081131,海南,本科批,物理,,X0128F9,专业组01,新疆工程学院,3557,能源与动力工程,,,,,,525,29966,,,,,,525,29966,,,,,,,,,本科,,,,,
8081359,海南,本科批,物理,,XF74726,专业组03,肇庆学院,8134,制药工程（不招色盲、色弱）,不招色盲、色弱,,,,,484,41507,,,,,,484,41507,,,,,,,,,本科,,,,,
8081360,海南,本科批,物理,,XF74726,专业组03,肇庆学院,5136,化学（师范）（不招色盲、色弱）,师范; 不招色盲、色弱,,,,,485,41238,,,,,,485,41238,,,,,,,,,本科,,,,,
8081361,海南,本科批,物理,,XF74726,专业组02,肇庆学院,FCE3,行政管理（第一学年星湖校区，第二至四学年校本部）,第一学年星湖校区，第二至四学年校本部,,,,,571,17978,,,,,,571,17978,,,,,,,,,本科,,,,,
8082028,海南,本科批,物理,,X027A98,专业组02,白城师范学院,BD98,数学与应用数学（师范类专业）,师范类专业,,,,,483,41779,,,,,,483,41779,,,,,,,,,本科,,,,,
8082029,海南,本科批,物理,,X027A98,专业组02,白城师范学院,F89C,生物技术,,,,,,491,39563,,,,,,491,39563,,,,,,,,,本科,,,,,
8082030,海南,本科批,物理,,X027A98,专业组02,白城师范学院,4ECE,土木工程,,,,,,524,30268,,,,,,524,30268,,,,,,,,,本科,,,,,
8082031,海南,本科批,物理,,X027A98,专业组01,白城师范学院,CA0F,旅游管理,,,,,,561,20364,,,,,,561,20364,,,,,,,,,本科,,,,,
8082032,海南,本科批,物理,,X027A98,专业组01,白城师范学院,FBFE,物流管理,,,,,,562,20113,,,,,,562,20113,,,,,,,,,本科,,,,,
8082033,海南,本科批,物理,,X027A98,专业组01,白城师范学院,6343,汉语言文学（师范类专业）,师范类专业,,,,,564,19597,,,,,,564,19597,,,,,,,,,本科,,,,,
8082034,海南,本科批,物理,,X027A98,专业组01,白城师范学院,927B,法学,,,,,,565,19373,,,,,,565,19373,,,,,,,,,本科,,,,,
8082785,海南,本科批,物理,,X9ED9D6,专业组02,湖北第二师范学院,A687,光电信息科学与工程,,,,,,539,26094,,,,,,539,26094,,,,,,,,,本科,,,,,
8082786,海南,本科批,物理,,X9ED9D6,专业组02,湖北第二师范学院,7932,电子信息科学与技术,,,,,,551,22908,,,,,,551,22908,,,,,,,,,本科,,,,,
8082787,海南,本科批,物理,,X9ED9D6,专业组01,湖北第二师范学院,25DE,国际经济与贸易,,,,,,579,16225,,,,,,579,16225,,,,,,,,,本科,,,,,
8083103,海南,本科批,物理,,X4A072C,专业组03,廊坊师范学院,B9A5,计算机科学与技术,,,,,,541,25500,,,,,,541,25500,,,,,,,,,本科,,,,,
8083104,海南,本科批,物理,,X4A072C,专业组02,廊坊师范学院,E6CB,社会工作,,,,,,565,19373,,,,,,565,19373,,,,,,,,,本科,,,,,
8083105,海南,本科批,物理,,X4A072C,专业组02,廊坊师范学院,FB18,财务管理,,,,,,565,19373,,,,,,565,19373,,,,,,,,,本科,,,,,
8083106,海南,本科批,物理,,X4A072C,专业组02,廊坊师范学院,25DE,国际经济与贸易,,,,,,565,19373,,,,,,565,19373,,,,,,,,,本科,,,,,
8083107,海南,本科批,物理,,X4A072C,专业组02,廊坊师范学院,DFD2,学前教育（师范类）,师范类,,,,,569,18472,,,,,,569,18472,,,,,,,,,本科,,,,,
8083108,海南,本科批,物理,,X4A072C,专业组02,廊坊师范学院,927B,法学,,,,,,579,16225,,,,,,579,16225,,,,,,,,,本科,,,,,
8083556,海南,本科批,物理,,XE3380A,专业组01,安阳工学院,D6ED,化学工程与工艺,,,,,,507,35056,,,,,,507,35056,,,,,,,,,本科,,,,,
8083557,海南,本科批,物理,,XE3380A,专业组01,安阳工学院,0325,动物医学,,,,,,508,34786,,,,,,508,34786,,,,,,,,,本科,,,,,
8083558,海南,本科批,物理,,XE3380A,专业组01,安阳工学院,F89C,生物技术,,,,,,510,34198,,,,,,510,34198,,,,,,,,,本科,,,,,
8083559,海南,本科批,物理,,XE3380A,专业组01,安阳工学院,7E23,环境工程,,,,,,511,33933,,,,,,511,33933,,,,,,,,,本科,,,,,
8083560,海南,本科批,物理,,XE3380A,专业组01,安阳工学院,A5C9,建筑学,,,,,,514,33109,,,,,,514,33109,,,,,,,,,本科,,,,,
8083561,海南,本科批,物理,,XE3380A,专业组01,安阳工学院,C220,飞行器适航技术,,,,,,526,29707,,,,,,526,29707,,,,,,,,,本科,,,,,
8083562,海南,本科批,物理,,XE3380A,专业组01,安阳工学院,4D44,给排水科学与工程,,,,,,527,29380,,,,,,527,29380,,,,,,,,,本科,,,,,
8083563,海南,本科批,物理,,XE3380A,专业组01,安阳工学院,F620,安全工程,,,,,,528,29098,,,,,,528,29098,,,,,,,,,本科,,,,,
8083564,海南,本科批,物理,,XE3380A,专业组01,安阳工学院,8EA2,机械电子工程,,,,,,531,28298,,,,,,531,28298,,,,,,,,,本科,,,,,
8083565,海南,本科批,物理,,XE3380A,专业组01,安阳工学院,EF71,交通运输（民航交通方向）（培养飞行签派，机场运行与管理方面相关人才）,民航交通方向; 培养飞行签派，机场运行与管理方面相关人才,,,,,531,28298,,,,,,531,28298,,,,,,,,,本科,,,,,
8083566,海南,本科批,物理,,XE3380A,专业组01,安阳工学院,7A06,飞行器制造工程,,,,,,532,28031,,,,,,532,28031,,,,,,,,,本科,,,,,
8083979,海南,本科批,物理,,X8ECD2E,专业组02,邯郸学院,7D22,材料化学,,,,,,514,33109,,,,,,514,33109,,,,,,,,,本科,,,,,
8083980,海南,本科批,物理,,X8ECD2E,专业组01,邯郸学院,4852,应用心理学,,,,,,570,18200,,,,,,570,18200,,,,,,,,,本科,,,,,
8083981,海南,本科批,物理,,X8ECD2E,专业组01,邯郸学院,AFF5,汉语言文学（师范类）,师范类,,,,,572,17764,,,,,,572,17764,,,,,,,,,本科,,,,,
8084257,海南,本科批,物理,,X76B197,专业组02,红河学院,2638,植物保护,,,,,,489,40101,,,,,,489,40101,,,,,,,,,本科,,,,,
8084258,海南,本科批,物理,,X76B197,专业组02,红河学院,8189,环境生态工程,,,,,,490,39844,,,,,,490,39844,,,,,,,,,本科,,,,,
8084259,海南,本科批,物理,,X76B197,专业组02,红河学院,B9A5,计算机科学与技术,,,,,,492,39297,,,,,,492,39297,,,,,,,,,本科,,,,,
8084260,海南,本科批,物理,,X76B197,专业组01,红河学院,88EE,泰语,,,,,,558,21127,,,,,,558,21127,,,,,,,,,本科,,,,,
8084261,海南,本科批,物理,,X76B197,专业组01,红河学院,8A5F,越南语,,,,,,558,21127,,,,,,558,21127,,,,,,,,,本科,,,,,
8084262,海南,本科批,物理,,X76B197,专业组01,红河学院,5F0C,跨境电子商务,,,,,,559,20885,,,,,,559,20885,,,,,,,,,本科,,,,,
8084263,海南,本科批,物理,,X76B197,专业组01,红河学院,DCFC,老挝语,,,,,,559,20885,,,,,,559,20885,,,,,,,,,本科,,,,,
8084264,海南,本科批,物理,,X76B197,专业组01,红河学院,FBFE,物流管理,,,,,,559,20885,,,,,,559,20885,,,,,,,,,本科,,,,,
8084265,海南,本科批,物理,,X76B197,专业组01,红河学院,9D85,酒店管理,,,,,,559,20885,,,,,,559,20885,,,,,,,,,本科,,,,,
8084266,海南,本科批,物理,,X76B197,专业组01,红河学院,25DE,国际经济与贸易,,,,,,559,20885,,,,,,559,20885,,,,,,,,,本科,,,,,
8084267,海南,本科批,物理,,X76B197,专业组01,红河学院,FB18,财务管理,,,,,,561,20364,,,,,,561,20364,,,,,,,,,本科,,,,,
8084268,海南,本科批,物理,,X76B197,专业组01,红河学院,A615,汉语国际教育,,,,,,561,20364,,,,,,561,20364,,,,,,,,,本科,,,,,
8084572,海南,本科批,物理,,XA661F4,专业组01,衢州学院,3265,商务英语（英语单科成绩不低于105分（150分制）,英语单科成绩不低于105分（150分制,,,,,576,16888,,,,,,576,16888,,,,,,,,,本科,,,,,
8084573,海南,本科批,物理,,XA661F4,专业组01,衢州学院,4154,电子商务,,,,,,576,16888,,,,,,576,16888,,,,,,,,,本科,,,,,
8084574,海南,本科批,物理,,XA661F4,专业组01,衢州学院,F78B,旅游管理与服务教育,,,,,,576,16888,,,,,,576,16888,,,,,,,,,本科,,,,,
8084575,海南,本科批,物理,,XA661F4,专业组01,衢州学院,0A1A,小学教育（师范）,师范,,,,,580,15994,,,,,,580,15994,,,,,,,,,本科,,,,,
8084576,海南,本科批,物理,,XA661F4,专业组01,衢州学院,C19A,人力资源管理,,,,,,590,13900,,,,,,590,13900,,,,,,,,,本科,,,,,
8085227,海南,本科批,物理,,X3A48D4,专业组02,山西工程技术学院,4ECE,土木工程,,,,,,477,43308,,,,,,477,43308,,,,,,,,,本科,,,,,
8085228,海南,本科批,物理,,X3A48D4,专业组02,山西工程技术学院,1231,城市地下空间工程,,,,,,499,37370,,,,,,499,37370,,,,,,,,,本科,,,,,
8085229,海南,本科批,物理,,X3A48D4,专业组02,山西工程技术学院,78E0,矿物加工工程,,,,,,503,36239,,,,,,503,36239,,,,,,,,,本科,,,,,
8085230,海南,本科批,物理,,X3A48D4,专业组02,山西工程技术学院,A942,材料科学与工程,,,,,,506,35366,,,,,,506,35366,,,,,,,,,本科,,,,,
8085231,海南,本科批,物理,,X3A48D4,专业组02,山西工程技术学院,8EA2,机械电子工程,,,,,,507,35056,,,,,,507,35056,,,,,,,,,本科,,,,,
8085232,海南,本科批,物理,,X3A48D4,专业组02,山西工程技术学院,D06C,机械工程,,,,,,508,34786,,,,,,508,34786,,,,,,,,,本科,,,,,
8085233,海南,本科批,物理,,X3A48D4,专业组02,山西工程技术学院,A2E0,测绘工程,,,,,,509,34493,,,,,,509,34493,,,,,,,,,本科,,,,,
8085234,海南,本科批,物理,,X3A48D4,专业组02,山西工程技术学院,FEF6,材料成型及控制工程,,,,,,517,32234,,,,,,517,32234,,,,,,,,,本科,,,,,
8085235,海南,本科批,物理,,X3A48D4,专业组02,山西工程技术学院,03B1,智能科学与技术,,,,,,523,30534,,,,,,523,30534,,,,,,,,,本科,,,,,
8085236,海南,本科批,物理,,X3A48D4,专业组02,山西工程技术学院,8684,智能制造工程,,,,,,523,30534,,,,,,523,30534,,,,,,,,,本科,,,,,
8085237,海南,本科批,物理,,X3A48D4,专业组02,山西工程技术学院,B9A5,计算机科学与技术,,,,,,524,30268,,,,,,524,30268,,,,,,,,,本科,,,,,
8085238,海南,本科批,物理,,X3A48D4,专业组02,山西工程技术学院,4718,数据科学与大数据技术,,,,,,524,30268,,,,,,524,30268,,,,,,,,,本科,,,,,
8085239,海南,本科批,物理,,X3A48D4,专业组02,山西工程技术学院,78FF,机械设计制造及其自动化,,,,,,530,28572,,,,,,530,28572,,,,,,,,,本科,,,,,
8085240,海南,本科批,物理,,X3A48D4,专业组02,山西工程技术学院,4C65,自动化,,,,,,535,27215,,,,,,535,27215,,,,,,,,,本科,,,,,
8085241,海南,本科批,物理,,X3A48D4,专业组02,山西工程技术学院,A5B7,电气工程及其自动化,,,,,,556,21627,,,,,,556,21627,,,,,,,,,本科,,,,,
8085242,海南,本科批,物理,,X3A48D4,专业组01,山西工程技术学院,6F56,工程管理,,,,,,560,20621,,,,,,560,20621,,,,,,,,,本科,,,,,
8085243,海南,本科批,物理,,X3A48D4,专业组01,山西工程技术学院,371D,工程造价,,,,,,563,19861,,,,,,563,19861,,,,,,,,,本科,,,,,
8085244,海南,本科批,物理,,X3A48D4,专业组03,山西工程技术学院,FA23,地理信息科学,,,,,,576,16888,,,,,,576,16888,,,,,,,,,本科,,,,,
8085625,海南,本科批,物理,,XD63E42,专业组03,商洛学院,817D,康复治疗学,,,,,,480,42524,,,,,,480,42524,,,,,,,,,本科,,,,,
8085626,海南,本科批,物理,,XD63E42,专业组03,商洛学院,396D,资源循环科学与工程,,,,,,522,30842,,,,,,522,30842,,,,,,,,,本科,,,,,
8085627,海南,本科批,物理,,XD63E42,专业组03,商洛学院,B8DA,数学与应用数学（师范类）,师范类,,,,,525,29966,,,,,,525,29966,,,,,,,,,本科,,,,,
8085628,海南,本科批,物理,,XD63E42,专业组02,商洛学院,4154,电子商务,,,,,,563,19861,,,,,,563,19861,,,,,,,,,本科,,,,,
8085629,海南,本科批,物理,,XD63E42,专业组02,商洛学院,62BF,大数据管理与应用,,,,,,577,16644,,,,,,577,16644,,,,,,,,,本科,,,,,
8085630,海南,本科批,物理,,XD63E42,专业组01,商洛学院,AFF5,汉语言文学（师范类）,师范类,,,,,581,15788,,,,,,581,15788,,,,,,,,,本科,,,,,
8086903,海南,本科批,物理,,XCB91DB,专业组02,楚雄师范学院,C5CB,园艺,,,,,,506,35366,,,,,,506,35366,,,,,,,,,本科,,,,,
8086904,海南,本科批,物理,,XCB91DB,专业组02,楚雄师范学院,6995,网络工程,,,,,,509,34493,,,,,,509,34493,,,,,,,,,本科,,,,,
8086905,海南,本科批,物理,,XCB91DB,专业组02,楚雄师范学院,F89C,生物技术,,,,,,515,32818,,,,,,515,32818,,,,,,,,,本科,,,,,
8086906,海南,本科批,物理,,XCB91DB,专业组02,楚雄师范学院,B5AE,化学,,,,,,517,32234,,,,,,517,32234,,,,,,,,,本科,,,,,
8086907,海南,本科批,物理,,XCB91DB,专业组02,楚雄师范学院,25FE,数学与应用数学,,,,,,531,28298,,,,,,531,28298,,,,,,,,,本科,,,,,
8086908,海南,本科批,物理,,XCB91DB,专业组03,楚雄师范学院,88EE,泰语,,,,,,560,20621,,,,,,560,20621,,,,,,,,,本科,,,,,
8086909,海南,本科批,物理,,XCB91DB,专业组03,楚雄师范学院,A615,汉语国际教育,,,,,,563,19861,,,,,,563,19861,,,,,,,,,本科,,,,,
8086910,海南,本科批,物理,,XCB91DB,专业组01,楚雄师范学院,09EE,市场营销,,,,,,564,19597,,,,,,564,19597,,,,,,,,,本科,,,,,
8086911,海南,本科批,物理,,XCB91DB,专业组01,楚雄师范学院,07BA,贸易经济,,,,,,564,19597,,,,,,564,19597,,,,,,,,,本科,,,,,
8086912,海南,本科批,物理,,XCB91DB,专业组01,楚雄师范学院,0FBC,金融学,,,,,,564,19597,,,,,,564,19597,,,,,,,,,本科,,,,,
8086913,海南,本科批,物理,,XCB91DB,专业组01,楚雄师范学院,E6CB,社会工作,,,,,,566,19137,,,,,,566,19137,,,,,,,,,本科,,,,,
8086914,海南,本科批,物理,,XCB91DB,专业组01,楚雄师范学院,108F,学前教育,,,,,,567,18906,,,,,,567,18906,,,,,,,,,本科,,,,,
8086915,海南,本科批,物理,,XCB91DB,专业组01,楚雄师范学院,DCEF,小学教育,,,,,,570,18200,,,,,,570,18200,,,,,,,,,本科,,,,,
8086916,海南,本科批,物理,,XCB91DB,专业组04,楚雄师范学院,FD7E,地理科学,,,,,,581,15788,,,,,,581,15788,,,,,,,,,本科,,,,,
8088113,海南,本科批,物理,,X47A186,专业组02,玉溪师范学院,6E9A,应用生物科学,,,,,,479,42765,,,,,,479,42765,,,,,,,,,本科,,,,,
8088114,海南,本科批,物理,,X47A186,专业组01,玉溪师范学院,CA0F,旅游管理,,,,,,580,15994,,,,,,580,15994,,,,,,,,,本科,,,,,
8088115,海南,本科批,物理,,X47A186,专业组01,玉溪师范学院,DCEF,小学教育,,,,,,586,14706,,,,,,586,14706,,,,,,,,,本科,,,,,
8088116,海南,本科批,物理,,X47A186,专业组03,玉溪师范学院,FD7E,地理科学,,,,,,588,14321,,,,,,588,14321,,,,,,,,,本科,,,,,
8088178,海南,本科批,物理,,XC60B81,专业组01,四川民族学院,E058,英语（泸定校区）（师范类）,泸定校区; 师范类,,,,,576,16888,,,,,,576,16888,,,,,,,,,本科,,,,,
8088179,海南,本科批,物理,,XC60B81,专业组01,四川民族学院,6AB9,经济学,,,,,,576,16888,,,,,,576,16888,,,,,,,,,本科,,,,,
8088180,海南,本科批,物理,,XC60B81,专业组01,四川民族学院,CA0F,旅游管理,,,,,,577,16644,,,,,,577,16644,,,,,,,,,本科,,,,,
8088181,海南,本科批,物理,,XC60B81,专业组01,四川民族学院,AFF5,汉语言文学（师范类）,师范类,,,,,579,16225,,,,,,579,16225,,,,,,,,,本科,,,,,
8088182,海南,本科批,物理,,XC60B81,专业组01,四川民族学院,5E19,会计学,,,,,,579,16225,,,,,,579,16225,,,,,,,,,本科,,,,,
8088183,海南,本科批,物理,,XC60B81,专业组01,四川民族学院,927B,法学,,,,,,581,15788,,,,,,581,15788,,,,,,,,,本科,,,,,
8088337,海南,本科批,物理,,X7EFA3B,专业组01,蚌埠学院,B694,生物制药,,,,,,527,29380,,,,,,527,29380,,,,,,,,,本科,,,,,
8088338,海南,本科批,物理,,X7EFA3B,专业组01,蚌埠学院,93E3,电子信息工程,,,,,,530,28572,,,,,,530,28572,,,,,,,,,本科,,,,,
8088719,海南,本科批,物理,,XABBEC9,专业组01,桂林旅游学院,F78B,旅游管理与服务教育,,,,,,560,20621,,,,,,560,20621,,,,,,,,,本科,,,,,
8088720,海南,本科批,物理,,XABBEC9,专业组01,桂林旅游学院,7FD0,英语（英语单科成绩不低于100分（150分制）,英语单科成绩不低于100分（150分制,,,,,560,20621,,,,,,560,20621,,,,,,,,,本科,,,,,
8088721,海南,本科批,物理,,XABBEC9,专业组01,桂林旅游学院,CA0F,旅游管理,,,,,,560,20621,,,,,,560,20621,,,,,,,,,本科,,,,,
8088722,海南,本科批,物理,,XABBEC9,专业组01,桂林旅游学院,9D85,酒店管理,,,,,,561,20364,,,,,,561,20364,,,,,,,,,本科,,,,,
8089180,海南,本科批,物理,,X11A2FC,专业组03,哈尔滨金融学院,B9A5,计算机科学与技术,,,,,,553,22416,,,,,,553,22416,,,,,,,,,本科,,,,,
8089181,海南,本科批,物理,,X11A2FC,专业组02,哈尔滨金融学院,4869,投资学,,,,,,553,22416,,,,,,553,22416,,,,,,,,,本科,,,,,
8089182,海南,本科批,物理,,X11A2FC,专业组02,哈尔滨金融学院,4154,电子商务,,,,,,557,21396,,,,,,557,21396,,,,,,,,,本科,,,,,
8089183,海南,本科批,物理,,X11A2FC,专业组01,哈尔滨金融学院,0E54,保险学,,,,,,563,19861,,,,,,563,19861,,,,,,,,,本科,,,,,
8089184,海南,本科批,物理,,X11A2FC,专业组01,哈尔滨金融学院,09EE,市场营销,,,,,,564,19597,,,,,,564,19597,,,,,,,,,本科,,,,,
8089185,海南,本科批,物理,,X11A2FC,专业组01,哈尔滨金融学院,C19A,人力资源管理,,,,,,565,19373,,,,,,565,19373,,,,,,,,,本科,,,,,
8089186,海南,本科批,物理,,X11A2FC,专业组01,哈尔滨金融学院,0FBC,金融学,,,,,,566,19137,,,,,,566,19137,,,,,,,,,本科,,,,,
8089754,海南,本科批,物理,,XE6ECF6,专业组03,河南工程学院,D6ED,化学工程与工艺,,,,,,485,41238,,,,,,485,41238,,,,,,,,,本科,,,,,
8089755,海南,本科批,物理,,XE6ECF6,专业组03,河南工程学院,5B8B,高分子材料与工程,,,,,,486,40965,,,,,,486,40965,,,,,,,,,本科,,,,,
8089756,海南,本科批,物理,,XE6ECF6,专业组03,河南工程学院,4ECE,土木工程,,,,,,489,40101,,,,,,489,40101,,,,,,,,,本科,,,,,
8089757,海南,本科批,物理,,XE6ECF6,专业组03,河南工程学院,ECA4,通信工程,,,,,,491,39563,,,,,,491,39563,,,,,,,,,本科,,,,,
8089758,海南,本科批,物理,,XE6ECF6,专业组04,河南工程学院,A86C,遥感科学与技术,,,,,,500,37077,,,,,,500,37077,,,,,,,,,本科,,,,,
8089759,海南,本科批,物理,,XE6ECF6,专业组03,河南工程学院,78FF,机械设计制造及其自动化,,,,,,522,30842,,,,,,522,30842,,,,,,,,,本科,,,,,
8089760,海南,本科批,物理,,XE6ECF6,专业组03,河南工程学院,25FE,数学与应用数学,,,,,,522,30842,,,,,,522,30842,,,,,,,,,本科,,,,,
8089761,海南,本科批,物理,,XE6ECF6,专业组03,河南工程学院,B9A5,计算机科学与技术,,,,,,531,28298,,,,,,531,28298,,,,,,,,,本科,,,,,
8089762,海南,本科批,物理,,XE6ECF6,专业组03,河南工程学院,A5B7,电气工程及其自动化,,,,,,549,23420,,,,,,549,23420,,,,,,,,,本科,,,,,
8089763,海南,本科批,物理,,XE6ECF6,专业组01,河南工程学院,4145,英语,,,,,,565,19373,,,,,,565,19373,,,,,,,,,本科,,,,,
8089764,海南,本科批,物理,,XE6ECF6,专业组02,河南工程学院,FBFE,物流管理,,,,,,567,18906,,,,,,567,18906,,,,,,,,,本科,,,,,
8089765,海南,本科批,物理,,XE6ECF6,专业组01,河南工程学院,FB18,财务管理,,,,,,567,18906,,,,,,567,18906,,,,,,,,,本科,,,,,
8090194,海南,本科批,物理,,XCBC803,专业组01,晋中学院,9D85,酒店管理,,,,,,559,20885,,,,,,559,20885,,,,,,,,,本科,,,,,
8090195,海南,本科批,物理,,XCBC803,专业组01,晋中学院,A7E8,会展经济与管理,,,,,,559,20885,,,,,,559,20885,,,,,,,,,本科,,,,,
8090196,海南,本科批,物理,,XCBC803,专业组01,晋中学院,CA0F,旅游管理,,,,,,559,20885,,,,,,559,20885,,,,,,,,,本科,,,,,
8090197,海南,本科批,物理,,XCBC803,专业组01,晋中学院,C19A,人力资源管理,,,,,,560,20621,,,,,,560,20621,,,,,,,,,本科,,,,,
8090198,海南,本科批,物理,,XCBC803,专业组01,晋中学院,F338,英语（师范类）,师范类,,,,,560,20621,,,,,,560,20621,,,,,,,,,本科,,,,,
8090199,海南,本科批,物理,,XCBC803,专业组01,晋中学院,68F4,新闻学,,,,,,560,20621,,,,,,560,20621,,,,,,,,,本科,,,,,
8090200,海南,本科批,物理,,XCBC803,专业组01,晋中学院,DFD2,学前教育（师范类）,师范类,,,,,561,20364,,,,,,561,20364,,,,,,,,,本科,,,,,
8090201,海南,本科批,物理,,XCBC803,专业组01,晋中学院,AFF5,汉语言文学（师范类）,师范类,,,,,564,19597,,,,,,564,19597,,,,,,,,,本科,,,,,
8090202,海南,本科批,物理,,XCBC803,专业组02,晋中学院,C17B,思想政治教育（师范类）,师范类,,,,,566,19137,,,,,,566,19137,,,,,,,,,本科,,,,,
8090799,海南,本科批,物理,,XE98CC8,专业组01,上海第二工业大学,4154,电子商务,,,,,,605,11138,,,,,,605,11138,,,,,,,,,本科,,,,,
8090800,海南,本科批,物理,,XE98CC8,专业组02,上海第二工业大学,D081,新能源科学与工程,,,,,,607,10761,,,,,,607,10761,,,,,,,,,本科,,,,,
8090801,海南,本科批,物理,,XE98CC8,专业组02,上海第二工业大学,ECA4,通信工程,,,,,,608,10596,,,,,,608,10596,,,,,,,,,本科,,,,,
8090802,海南,本科批,物理,,XE98CC8,专业组02,上海第二工业大学,03B1,智能科学与技术,,,,,,616,9314,,,,,,616,9314,,,,,,,,,本科,,,,,
8091757,海南,本科批,物理,,XAD78DB,专业组03,太原学院,4D44,给排水科学与工程,,,,,,493,38728,,,,,,493,38728,,,,,,,,,本科,,,,,
8091758,海南,本科批,物理,,XAD78DB,专业组03,太原学院,6A3A,建筑环境与能源应用工程,,,,,,499,37078,,,,,,499,37078,,,,,,,,,本科,,,,,
8091759,海南,本科批,物理,,XAD78DB,专业组03,太原学院,D06C,机械工程,,,,,,500,36813,,,,,,500,36813,,,,,,,,,本科,,,,,
8091760,海南,本科批,物理,,XAD78DB,专业组03,太原学院,677D,汽车服务工程,,,,,,514,32819,,,,,,514,32819,,,,,,,,,本科,,,,,
8091761,海南,本科批,物理,,XAD78DB,专业组03,太原学院,8302,化学工程与工业生物工程,,,,,,515,32518,,,,,,515,32518,,,,,,,,,本科,,,,,
8091762,海南,本科批,物理,,XAD78DB,专业组01,太原学院,9D85,酒店管理,,,,,,556,21397,,,,,,556,21397,,,,,,,,,本科,,,,,
8091763,海南,本科批,物理,,XAD78DB,专业组01,太原学院,F78B,旅游管理与服务教育,,,,,,556,21397,,,,,,556,21397,,,,,,,,,本科,,,,,
8091764,海南,本科批,物理,,XAD78DB,专业组01,太原学院,A7E8,会展经济与管理,,,,,,556,21397,,,,,,556,21397,,,,,,,,,本科,,,,,
8091765,海南,本科批,物理,,XAD78DB,专业组02,太原学院,4A2C,物流工程,,,,,,572,17553,,,,,,572,17553,,,,,,,,,本科,,,,,
8092052,海南,本科批,物理,,X23F6FD,专业组02,武汉商学院,5E49,食品科学与工程,,,,,,535,27215,,,,,,535,27215,,,,,,,,,本科,,,,,
8092053,海南,本科批,物理,,X23F6FD,专业组02,武汉商学院,53B9,食品质量与安全,,,,,,540,25810,,,,,,540,25810,,,,,,,,,本科,,,,,
8092054,海南,本科批,物理,,X23F6FD,专业组02,武汉商学院,0943,烹饪与营养教育,,,,,,553,22416,,,,,,553,22416,,,,,,,,,本科,,,,,
8092501,海南,本科批,物理,,X5F39B2,专业组04,新余学院,4ECE,土木工程,,,,,,540,25810,,,,,,540,25810,,,,,,,,,本科,,,,,
8092502,海南,本科批,物理,,X5F39B2,专业组04,新余学院,FEF6,材料成型及控制工程,,,,,,540,25810,,,,,,540,25810,,,,,,,,,本科,,,,,
8092503,海南,本科批,物理,,X5F39B2,专业组04,新余学院,2B47,智能建造,,,,,,542,25271,,,,,,542,25271,,,,,,,,,本科,,,,,
8092504,海南,本科批,物理,,X5F39B2,专业组04,新余学院,A942,材料科学与工程,,,,,,542,25271,,,,,,542,25271,,,,,,,,,本科,,,,,
8092505,海南,本科批,物理,,X5F39B2,专业组04,新余学院,D081,新能源科学与工程,,,,,,543,24997,,,,,,543,24997,,,,,,,,,本科,,,,,
8092506,海南,本科批,物理,,X5F39B2,专业组04,新余学院,F11A,机器人工程,,,,,,547,23968,,,,,,547,23968,,,,,,,,,本科,,,,,
8092507,海南,本科批,物理,,X5F39B2,专业组04,新余学院,4EA7,新能源材料与器件,,,,,,548,23705,,,,,,548,23705,,,,,,,,,本科,,,,,
8092508,海南,本科批,物理,,X5F39B2,专业组04,新余学院,78FF,机械设计制造及其自动化,,,,,,554,22142,,,,,,554,22142,,,,,,,,,本科,,,,,
8092509,海南,本科批,物理,,X5F39B2,专业组04,新余学院,93E3,电子信息工程,,,,,,562,20113,,,,,,562,20113,,,,,,,,,本科,,,,,
8092510,海南,本科批,物理,,X5F39B2,专业组04,新余学院,3C38,软件工程,,,,,,565,19373,,,,,,565,19373,,,,,,,,,本科,,,,,
8092511,海南,本科批,物理,,X5F39B2,专业组03,新余学院,371D,工程造价,,,,,,571,17978,,,,,,571,17978,,,,,,,,,本科,,,,,
8092512,海南,本科批,物理,,X5F39B2,专业组02,新余学院,AD9E,市场营销（数字营销方向）,数字营销方向,,,,,583,15317,,,,,,583,15317,,,,,,,,,本科,,,,,
8092513,海南,本科批,物理,,X5F39B2,专业组05,新余学院,4BF3,护理学,,,,,,588,14321,,,,,,588,14321,,,,,,,,,本科,,,,,
8092514,海南,本科批,物理,,X5F39B2,专业组02,新余学院,5D72,网络与新媒体,,,,,,591,13666,,,,,,591,13666,,,,,,,,,本科,,,,,
8092515,海南,本科批,物理,,X5F39B2,专业组02,新余学院,6343,汉语言文学（师范类专业）,师范类专业,,,,,593,13321,,,,,,593,13321,,,,,,,,,本科,,,,,
8093154,海南,本科批,物理,,XF1ADC4,专业组02,六盘水师范学院,99EA,动物科学,,,,,,484,41507,,,,,,484,41507,,,,,,,,,本科,,,,,
8093155,海南,本科批,物理,,XF1ADC4,专业组01,六盘水师范学院,F78B,旅游管理与服务教育,,,,,,564,19597,,,,,,564,19597,,,,,,,,,本科,,,,,
8093156,海南,本科批,物理,,XF1ADC4,专业组01,六盘水师范学院,FB65,风景园林,,,,,,567,18906,,,,,,567,18906,,,,,,,,,本科,,,,,
8093157,海南,本科批,物理,,XF1ADC4,专业组03,六盘水师范学院,E5C7,地理科学（师范类）,师范类,,,,,589,14092,,,,,,589,14092,,,,,,,,,本科,,,,,
8093652,海南,本科批,物理,,XD23D2B,专业组03,河南城建学院,2B47,智能建造,,,,,,484,41507,,,,,,484,41507,,,,,,,,,本科,,,,,
8093653,海南,本科批,物理,,XD23D2B,专业组03,河南城建学院,E2E1,生物工程,,,,,,486,40965,,,,,,486,40965,,,,,,,,,本科,,,,,
8093654,海南,本科批,物理,,XD23D2B,专业组03,河南城建学院,91CE,水文与水资源工程,,,,,,488,40419,,,,,,488,40419,,,,,,,,,本科,,,,,
8093655,海南,本科批,物理,,XD23D2B,专业组03,河南城建学院,CEDE,道路桥梁与渡河工程,,,,,,496,38160,,,,,,496,38160,,,,,,,,,本科,,,,,
8093656,海南,本科批,物理,,XD23D2B,专业组03,河南城建学院,7D22,材料化学,,,,,,497,37924,,,,,,497,37924,,,,,,,,,本科,,,,,
8093657,海南,本科批,物理,,XD23D2B,专业组03,河南城建学院,4718,数据科学与大数据技术,,,,,,504,35899,,,,,,504,35899,,,,,,,,,本科,,,,,
8093658,海南,本科批,物理,,XD23D2B,专业组03,河南城建学院,4C65,自动化,,,,,,517,32234,,,,,,517,32234,,,,,,,,,本科,,,,,
8093659,海南,本科批,物理,,XD23D2B,专业组03,河南城建学院,B9A5,计算机科学与技术,,,,,,548,23705,,,,,,548,23705,,,,,,,,,本科,,,,,
8093660,海南,本科批,物理,,XD23D2B,专业组01,河南城建学院,CA0F,旅游管理,,,,,,557,21396,,,,,,557,21396,,,,,,,,,本科,,,,,
8093661,海南,本科批,物理,,XD23D2B,专业组01,河南城建学院,FB65,风景园林,,,,,,558,21127,,,,,,558,21127,,,,,,,,,本科,,,,,
8093662,海南,本科批,物理,,XD23D2B,专业组02,河南城建学院,D9F7,工程造价（数字化建造方向）,数字化建造方向,,,,,560,20621,,,,,,560,20621,,,,,,,,,本科,,,,,
8094555,海南,本科批,物理,,X98BB78,专业组02,衡水学院,8EA2,机械电子工程,,,,,,481,42257,,,,,,481,42257,,,,,,,,,本科,,,,,
8094556,海南,本科批,物理,,X98BB78,专业组02,衡水学院,8189,环境生态工程,,,,,,481,42257,,,,,,481,42257,,,,,,,,,本科,,,,,
8094557,海南,本科批,物理,,X98BB78,专业组02,衡水学院,8FA3,化学（师范类）,师范类,,,,,484,41507,,,,,,484,41507,,,,,,,,,本科,,,,,
8094558,海南,本科批,物理,,X98BB78,专业组02,衡水学院,C15F,生物科学（师范类）,师范类,,,,,487,40700,,,,,,487,40700,,,,,,,,,本科,,,,,
8094559,海南,本科批,物理,,X98BB78,专业组02,衡水学院,03B1,智能科学与技术,,,,,,487,40700,,,,,,487,40700,,,,,,,,,本科,,,,,
8094560,海南,本科批,物理,,X98BB78,专业组02,衡水学院,53B9,食品质量与安全,,,,,,491,39563,,,,,,491,39563,,,,,,,,,本科,,,,,
8094561,海南,本科批,物理,,X98BB78,专业组02,衡水学院,41CF,数字媒体技术,,,,,,498,37632,,,,,,498,37632,,,,,,,,,本科,,,,,
8094562,海南,本科批,物理,,X98BB78,专业组02,衡水学院,93E3,电子信息工程,,,,,,502,36510,,,,,,502,36510,,,,,,,,,本科,,,,,
8094563,海南,本科批,物理,,X98BB78,专业组01,衡水学院,4852,应用心理学,,,,,,560,20621,,,,,,560,20621,,,,,,,,,本科,,,,,
8094564,海南,本科批,物理,,X98BB78,专业组01,衡水学院,C416,翻译（英语方向）,英语方向,,,,,560,20621,,,,,,560,20621,,,,,,,,,本科,,,,,
8094565,海南,本科批,物理,,X98BB78,专业组01,衡水学院,F4AE,翻译（日语方向）,日语方向,,,,,560,20621,,,,,,560,20621,,,,,,,,,本科,,,,,
8094566,海南,本科批,物理,,X98BB78,专业组01,衡水学院,E6CB,社会工作,,,,,,560,20621,,,,,,560,20621,,,,,,,,,本科,,,,,
8094567,海南,本科批,物理,,X98BB78,专业组01,衡水学院,FB18,财务管理,,,,,,561,20364,,,,,,561,20364,,,,,,,,,本科,,,,,
8094568,海南,本科批,物理,,X98BB78,专业组01,衡水学院,DFD2,学前教育（师范类）,师范类,,,,,562,20113,,,,,,562,20113,,,,,,,,,本科,,,,,
8094569,海南,本科批,物理,,X98BB78,专业组01,衡水学院,1049,商务英语,,,,,,562,20113,,,,,,562,20113,,,,,,,,,本科,,,,,
8094570,海南,本科批,物理,,X98BB78,专业组03,衡水学院,D0E1,政治学与行政学,,,,,,563,19861,,,,,,563,19861,,,,,,,,,本科,,,,,
8094571,海南,本科批,物理,,X98BB78,专业组01,衡水学院,F338,英语（师范类）,师范类,,,,,563,19861,,,,,,563,19861,,,,,,,,,本科,,,,,
8094572,海南,本科批,物理,,X98BB78,专业组03,衡水学院,C17B,思想政治教育（师范类）,师范类,,,,,564,19597,,,,,,564,19597,,,,,,,,,本科,,,,,
8094573,海南,本科批,物理,,X98BB78,专业组01,衡水学院,9569,小学教育（师范类）,师范类,,,,,564,19597,,,,,,564,19597,,,,,,,,,本科,,,,,
8094574,海南,本科批,物理,,X98BB78,专业组01,衡水学院,AFF5,汉语言文学（师范类）,师范类,,,,,569,18472,,,,,,569,18472,,,,,,,,,本科,,,,,
8095040,海南,本科批,物理,,X57E962,专业组05,九江学院,78FF,机械设计制造及其自动化,,,,,,543,24997,,,,,,543,24997,,,,,,,,,本科,,,,,
8095041,海南,本科批,物理,,X57E962,专业组04,九江学院,371D,工程造价,,,,,,570,18200,,,,,,570,18200,,,,,,,,,本科,,,,,
8095042,海南,本科批,物理,,X57E962,专业组03,九江学院,5E19,会计学,,,,,,573,17552,,,,,,573,17552,,,,,,,,,本科,,,,,
8095043,海南,本科批,物理,,X57E962,专业组03,九江学院,25DE,国际经济与贸易,,,,,,574,17335,,,,,,574,17335,,,,,,,,,本科,,,,,
8096002,海南,本科批,物理,,XB1ECEE,专业组80,四川旅游学院,DE27,建筑电气与智能化（中外合作办学）,中外合作办学,,,,,492,39297,,,,,,492,39297,,,,,,,,,本科,,,,,
8096003,海南,本科批,物理,,XB1ECEE,专业组02,四川旅游学院,0943,烹饪与营养教育,,,,,,498,37632,,,,,,498,37632,,,,,,,,,本科,,,,,
8096004,海南,本科批,物理,,XB1ECEE,专业组01,四川旅游学院,9D85,酒店管理,,,,,,566,19137,,,,,,566,19137,,,,,,,,,本科,,,,,
8096213,海南,本科提前批,物理,,XDF4F70,专业组01,四川文理学院,5764,视觉传达设计,,,,,,326,64541,,,,,,326,64541,,,,,,,,,本科,,,,,
8096214,海南,本科批,物理,,XDF4F70,专业组03,四川文理学院,AC90,行政管理,,,,,,570,18200,,,,,,570,18200,,,,,,,,,本科,,,,,
8096215,海南,本科批,物理,,XDF4F70,专业组02,四川文理学院,108F,学前教育,,,,,,570,18200,,,,,,570,18200,,,,,,,,,本科,,,,,
8096216,海南,本科批,物理,,XDF4F70,专业组02,四川文理学院,A615,汉语国际教育,,,,,,573,17552,,,,,,573,17552,,,,,,,,,本科,,,,,
8096217,海南,本科批,物理,,XDF4F70,专业组02,四川文理学院,C19A,人力资源管理,,,,,,573,17552,,,,,,573,17552,,,,,,,,,本科,,,,,
8096355,海南,本科批,物理,,XEE63AA,专业组02,文山学院,DEED,制药工程（不招色盲、色弱等辩色能力异常考生）,不招色盲、色弱等辩色能力异常考生,,,,,523,30534,,,,,,523,30534,,,,,,,,,本科,,,,,
8096500,海南,本科批,物理,,X00D098,专业组01,信阳农林学院,53B9,食品质量与安全,,,,,,513,33405,,,,,,513,33405,,,,,,,,,本科,,,,,
8096501,海南,本科批,物理,,X00D098,专业组01,信阳农林学院,29F4,物联网工程,,,,,,513,33405,,,,,,513,33405,,,,,,,,,本科,,,,,
8096502,海南,本科批,物理,,X00D098,专业组01,信阳农林学院,40CE,制药工程,,,,,,532,28031,,,,,,532,28031,,,,,,,,,本科,,,,,
8096503,海南,本科批,物理,,X00D098,专业组01,信阳农林学院,6995,网络工程,,,,,,537,26650,,,,,,537,26650,,,,,,,,,本科,,,,,
8098084,海南,本科批,物理,,XEE6823,专业组02,河南财政金融学院,25FE,数学与应用数学,,,,,,539,26094,,,,,,539,26094,,,,,,,,,本科,,,,,
8098085,海南,本科批,物理,,XEE6823,专业组02,河南财政金融学院,B9A5,计算机科学与技术,,,,,,552,22661,,,,,,552,22661,,,,,,,,,本科,,,,,
8098086,海南,本科批,物理,,XEE6823,专业组01,河南财政金融学院,1D5E,税收学,,,,,,581,15788,,,,,,581,15788,,,,,,,,,本科,,,,,
8098087,海南,本科批,物理,,XEE6823,专业组01,河南财政金融学院,21BA,财政学,,,,,,582,15570,,,,,,582,15570,,,,,,,,,本科,,,,,
8098088,海南,本科批,物理,,XEE6823,专业组01,河南财政金融学院,978C,审计学,,,,,,585,14905,,,,,,585,14905,,,,,,,,,本科,,,,,
8098089,海南,本科批,物理,,XEE6823,专业组01,河南财政金融学院,5E19,会计学,,,,,,588,14321,,,,,,588,14321,,,,,,,,,本科,,,,,
8100137,海南,本科批,物理,,X99048E,专业组02,郑州工程技术学院,D6ED,化学工程与工艺,,,,,,515,32818,,,,,,515,32818,,,,,,,,,本科,,,,,
8100138,海南,本科批,物理,,X99048E,专业组02,郑州工程技术学院,5E49,食品科学与工程,,,,,,521,31110,,,,,,521,31110,,,,,,,,,本科,,,,,
8100139,海南,本科批,物理,,X99048E,专业组01,郑州工程技术学院,CA0F,旅游管理,,,,,,560,20621,,,,,,560,20621,,,,,,,,,本科,,,,,
8100140,海南,本科批,物理,,X99048E,专业组01,郑州工程技术学院,25DE,国际经济与贸易,,,,,,563,19861,,,,,,563,19861,,,,,,,,,本科,,,,,
8100422,海南,本科批,物理,,XD4568E,专业组02,上海健康医学院,5D85,食品卫生与营养学,,,,,,518,31962,,,,,,518,31962,,,,,,,,,本科,,,,,
8100423,海南,本科批,物理,,XD4568E,专业组01,上海健康医学院,C499,护理学（国家级一流本科专业建设点、上海市应用型本科试点专业）,国家级一流本科专业建设点、上海市应用型本科试点专业,,,,,584,15113,,,,,,584,15113,,,,,,,,,本科,,,,,
8101179,海南,本科批,物理,,XF19F95,专业组02,河南工学院,0EF2,虚拟现实技术,,,,,,532,28031,,,,,,532,28031,,,,,,,,,本科,,,,,
8101180,海南,本科批,物理,,XF19F95,专业组02,河南工学院,2980,智能车辆工程,,,,,,534,27473,,,,,,534,27473,,,,,,,,,本科,,,,,
8101181,海南,本科批,物理,,XF19F95,专业组02,河南工学院,93E3,电子信息工程,,,,,,553,22416,,,,,,553,22416,,,,,,,,,本科,,,,,
8101182,海南,本科批,物理,,XF19F95,专业组02,河南工学院,4C65,自动化,,,,,,559,20885,,,,,,559,20885,,,,,,,,,本科,,,,,
8101183,海南,本科批,物理,,XF19F95,专业组01,河南工学院,FBFE,物流管理,,,,,,572,17764,,,,,,572,17764,,,,,,,,,本科,,,,,
8101184,海南,本科批,物理,,XF19F95,专业组01,河南工学院,FB18,财务管理,,,,,,579,16225,,,,,,579,16225,,,,,,,,,本科,,,,,
8101561,海南,本科批,物理,,XBED10D,专业组05,昆明学院,B5AE,化学,,,,,,498,37632,,,,,,498,37632,,,,,,,,,本科,,,,,
8101562,海南,本科批,物理,,XBED10D,专业组05,昆明学院,4ECE,土木工程,,,,,,502,36510,,,,,,502,36510,,,,,,,,,本科,,,,,
8101563,海南,本科批,物理,,XBED10D,专业组05,昆明学院,8684,智能制造工程,,,,,,508,34786,,,,,,508,34786,,,,,,,,,本科,,,,,
8101564,海南,本科批,物理,,XBED10D,专业组05,昆明学院,3C38,软件工程,,,,,,542,25271,,,,,,542,25271,,,,,,,,,本科,,,,,
8101565,海南,本科批,物理,,XBED10D,专业组06,昆明学院,10A0,药学,,,,,,573,17552,,,,,,573,17552,,,,,,,,,本科,,,,,
8101566,海南,本科批,物理,,XBED10D,专业组04,昆明学院,9D85,酒店管理,,,,,,576,16888,,,,,,576,16888,,,,,,,,,本科,,,,,
8101567,海南,本科批,物理,,XBED10D,专业组06,昆明学院,97D0,临床医学,,,,,,578,16442,,,,,,578,16442,,,,,,,,,本科,,,,,
8101568,海南,本科批,物理,,XBED10D,专业组04,昆明学院,108F,学前教育,,,,,,580,15994,,,,,,580,15994,,,,,,,,,本科,,,,,
8101569,海南,本科批,物理,,XBED10D,专业组04,昆明学院,1D15,特殊教育,,,,,,584,15113,,,,,,584,15113,,,,,,,,,本科,,,,,
8101570,海南,本科批,物理,,XBED10D,专业组07,昆明学院,D243,汉语言文学,,,,,,598,12377,,,,,,598,12377,,,,,,,,,本科,,,,,
8103657,海南,本科批,物理,,XA16A53,专业组02,唐山师范学院,C15F,生物科学（师范类）,师范类,,,,,479,42765,,,,,,479,42765,,,,,,,,,本科,,,,,
8103658,海南,本科批,物理,,XA16A53,专业组01,唐山师范学院,CA0F,旅游管理,,,,,,556,21627,,,,,,556,21627,,,,,,,,,本科,,,,,
8103659,海南,本科批,物理,,XA16A53,专业组01,唐山师范学院,42F1,资产评估,,,,,,556,21627,,,,,,556,21627,,,,,,,,,本科,,,,,
8103660,海南,本科批,物理,,XA16A53,专业组03,唐山师范学院,BFDA,人文地理与城乡规划,,,,,,561,20364,,,,,,561,20364,,,,,,,,,本科,,,,,
8103932,海南,本科批,物理,,XF52F6A,专业组01,滇西应用技术大学,9D85,酒店管理,,,,,,562,20113,,,,,,562,20113,,,,,,,,,本科,,,,,
8103933,海南,本科批,物理,,XF52F6A,专业组01,滇西应用技术大学,5F0C,跨境电子商务,,,,,,564,19597,,,,,,564,19597,,,,,,,,,本科,,,,,
8104724,海南,本科批,物理,,X909072,专业组05,赣南科技学院,FEF6,材料成型及控制工程,,,,,,484,41507,,,,,,484,41507,,,,,,,,,本科,,,,,
8104725,海南,本科批,物理,,X909072,专业组05,赣南科技学院,F11A,机器人工程,,,,,,485,41238,,,,,,485,41238,,,,,,,,,本科,,,,,
8104726,海南,本科批,物理,,X909072,专业组05,赣南科技学院,CA67,采矿工程,,,,,,491,39563,,,,,,491,39563,,,,,,,,,本科,,,,,
8104727,海南,本科批,物理,,X909072,专业组05,赣南科技学院,4718,数据科学与大数据技术,,,,,,497,37924,,,,,,497,37924,,,,,,,,,本科,,,,,
8104728,海南,本科批,物理,,X909072,专业组05,赣南科技学院,29F4,物联网工程,,,,,,508,34786,,,,,,508,34786,,,,,,,,,本科,,,,,
8104729,海南,本科批,物理,,X909072,专业组05,赣南科技学院,4C65,自动化,,,,,,519,31653,,,,,,519,31653,,,,,,,,,本科,,,,,
8104730,海南,本科批,物理,,X909072,专业组05,赣南科技学院,8EA2,机械电子工程,,,,,,526,29707,,,,,,526,29707,,,,,,,,,本科,,,,,
8104731,海南,本科批,物理,,X909072,专业组05,赣南科技学院,A2E0,测绘工程,,,,,,528,29098,,,,,,528,29098,,,,,,,,,本科,,,,,
8104732,海南,本科批,物理,,X909072,专业组05,赣南科技学院,3170,冶金工程,,,,,,532,28031,,,,,,532,28031,,,,,,,,,本科,,,,,
8104733,海南,本科批,物理,,X909072,专业组05,赣南科技学院,ECA4,通信工程,,,,,,537,26650,,,,,,537,26650,,,,,,,,,本科,,,,,
8104734,海南,本科批,物理,,X909072,专业组05,赣南科技学院,93E3,电子信息工程,,,,,,557,21396,,,,,,557,21396,,,,,,,,,本科,,,,,
8104735,海南,本科批,物理,,X909072,专业组03,赣南科技学院,0FBC,金融学,,,,,,561,20364,,,,,,561,20364,,,,,,,,,本科,,,,,
8104736,海南,本科批,物理,,X909072,专业组03,赣南科技学院,4154,电子商务,,,,,,561,20364,,,,,,561,20364,,,,,,,,,本科,,,,,
8104737,海南,本科批,物理,,X909072,专业组03,赣南科技学院,4F4A,葡萄牙语,,,,,,562,20113,,,,,,562,20113,,,,,,,,,本科,,,,,
8104738,海南,本科批,物理,,X909072,专业组03,赣南科技学院,04A0,工商管理,,,,,,563,19861,,,,,,563,19861,,,,,,,,,本科,,,,,
8104739,海南,本科批,物理,,X909072,专业组04,赣南科技学院,371D,工程造价,,,,,,563,19861,,,,,,563,19861,,,,,,,,,本科,,,,,
8104740,海南,本科批,物理,,X909072,专业组03,赣南科技学院,25DE,国际经济与贸易,,,,,,568,18658,,,,,,568,18658,,,,,,,,,本科,,,,,
8105592,海南,本科批,物理,,X1D049F,专业组02,嘉兴南湖学院,6557,土木工程（智能建造方向）,智能建造方向,,,,,582,15570,,,,,,582,15570,,,,,,,,,本科,,,,,
8105593,海南,本科批,物理,,X1D049F,专业组02,嘉兴南湖学院,B9A5,计算机科学与技术,,,,,,584,15113,,,,,,584,15113,,,,,,,,,本科,,,,,
8105594,海南,本科批,物理,,X1D049F,专业组01,嘉兴南湖学院,25DE,国际经济与贸易,,,,,,599,12200,,,,,,599,12200,,,,,,,,,本科,,,,,
8105595,海南,本科批,物理,,X1D049F,专业组01,嘉兴南湖学院,5E19,会计学,,,,,,602,11656,,,,,,602,11656,,,,,,,,,本科,,,,,
8109313,海南,本科批,物理,,X9FE683,专业组02,新疆政法学院,B9A5,计算机科学与技术,,,,,,531,28298,,,,,,531,28298,,,,,,,,,本科,,,,,
8109314,海南,本科批,物理,,X9FE683,专业组01,新疆政法学院,15D1,监狱学,,,,,,569,18472,,,,,,569,18472,,,,,,,,,本科,,,,,
8109315,海南,本科批,物理,,X9FE683,专业组01,新疆政法学院,D243,汉语言文学,,,,,,570,18200,,,,,,570,18200,,,,,,,,,本科,,,,,
8109316,海南,本科批,物理,,X9FE683,专业组01,新疆政法学院,927B,法学,,,,,,571,17978,,,,,,571,17978,,,,,,,,,本科,,,,,
8109703,海南,本科批,物理,,X7066B0,-,安徽艺术学院,01FE,舞蹈表演（国际标准舞）,国际标准舞,,,,,310,219,,,,,,310,219,,,,,,,,,本科,,,,,
8109704,海南,本科批,物理,,X7066B0,-,安徽艺术学院,77B0,舞蹈表演,,,,,,313,196,,,,,,313,196,,,,,,,,,本科,,,,,
8110867,海南,本科批,物理,,XE127B4,专业组01,南昌医学院,090A,康复治疗学（不招色盲、色弱）,不招色盲、色弱,,,,,531,28298,,,,,,531,28298,,,,,,,,,本科,,,,,
8110868,海南,本科批,物理,,XE127B4,专业组01,南昌医学院,F138,口腔医学技术（不招色盲、色弱）,不招色盲、色弱,,,,,564,19597,,,,,,564,19597,,,,,,,,,本科,,,,,
8110869,海南,本科批,物理,,XE127B4,专业组80,南昌医学院,B6C5,预防医学（不招色盲、色弱）,不招色盲、色弱,,,,,570,18200,,,,,,570,18200,,,,,,,,,本科,,,,,
8110870,海南,本科批,物理,,XE127B4,专业组02,南昌医学院,FD63,助产学（不招色盲、色弱）,不招色盲、色弱,,,,,577,16644,,,,,,577,16644,,,,,,,,,本科,,,,,
8110871,海南,本科批,物理,,XE127B4,专业组02,南昌医学院,EEB8,护理学（不招色盲、色弱；建议男生身高不低于167cm）,不招色盲、色弱；建议男生身高不低于167cm,,,,,579,16225,,,,,,579,16225,,,,,,,,,本科,,,,,
8110872,海南,本科批,物理,,XE127B4,专业组80,南昌医学院,0943,中西医临床医学（不招色盲、色弱）,不招色盲、色弱,,,,,583,15317,,,,,,583,15317,,,,,,,,,本科,,,,,
8110873,海南,本科批,物理,,XE127B4,专业组80,南昌医学院,D85B,临床医学（不招色盲、色弱）,不招色盲、色弱,,,,,584,15113,,,,,,584,15113,,,,,,,,,本科,,,,,
8110874,海南,本科批,物理,,XE127B4,专业组03,南昌医学院,B182,针灸推拿学（不招色盲、色弱）,不招色盲、色弱,,,,,587,14506,,,,,,587,14506,,,,,,,,,本科,,,,,
8110875,海南,本科批,物理,,XE127B4,专业组03,南昌医学院,C924,中医学（不招色盲、色弱）,不招色盲、色弱,,,,,588,14321,,,,,,588,14321,,,,,,,,,本科,,,,,
8110876,海南,本科批,物理,,XE127B4,专业组80,南昌医学院,9923,口腔医学（不招色盲、色弱）,不招色盲、色弱,,,,,603,11475,,,,,,603,11475,,,,,,,,,本科,,,,,
8111220,海南,本科批,物理,,X6C85A4,专业组01,厦门医学院,D681,信息管理与信息系统,,,,,,580,15994,,,,,,580,15994,,,,,,,,,本科,,,,,
8111221,海南,本科批,物理,,X6C85A4,专业组03,厦门医学院,FD63,助产学（不招色盲、色弱）,不招色盲、色弱,,,,,585,14905,,,,,,585,14905,,,,,,,,,本科,,,,,
8111222,海南,本科批,物理,,X6C85A4,专业组02,厦门医学院,1F95,海洋药学（不招色盲、色弱）,不招色盲、色弱,,,,,593,13321,,,,,,593,13321,,,,,,,,,本科,,,,,
8111223,海南,本科批,物理,,X6C85A4,专业组03,厦门医学院,6DD1,护理学（不招色盲、色弱）,不招色盲、色弱,,,,,595,12898,,,,,,595,12898,,,,,,,,,本科,,,,,
8111224,海南,本科批,物理,,X6C85A4,专业组02,厦门医学院,00D9,化妆品科学与技术（不招色盲、色弱）,不招色盲、色弱,,,,,596,12722,,,,,,596,12722,,,,,,,,,本科,,,,,
8111225,海南,本科批,物理,,X6C85A4,专业组02,厦门医学院,D85B,临床医学（不招色盲、色弱）,不招色盲、色弱,,,,,602,11656,,,,,,602,11656,,,,,,,,,本科,,,,,
8113291,海南,本科批,物理,,XC46566,专业组06,广西科技师范学院,677D,汽车服务工程,,,,,,485,41238,,,,,,485,41238,,,,,,,,,本科,,,,,
8113292,海南,本科批,物理,,XC46566,专业组06,广西科技师范学院,3C38,软件工程,,,,,,501,36812,,,,,,501,36812,,,,,,,,,本科,,,,,
8113293,海南,本科批,物理,,XC46566,专业组06,广西科技师范学院,29F4,物联网工程,,,,,,509,34493,,,,,,509,34493,,,,,,,,,本科,,,,,
8113294,海南,本科批,物理,,XC46566,专业组06,广西科技师范学院,4718,数据科学与大数据技术,,,,,,517,32234,,,,,,517,32234,,,,,,,,,本科,,,,,
8113295,海南,本科批,物理,,XC46566,专业组05,广西科技师范学院,FBFE,物流管理,,,,,,582,15570,,,,,,582,15570,,,,,,,,,本科,,,,,
8113296,海南,本科批,物理,,XC46566,专业组05,广西科技师范学院,C349,学前教育（师范）,师范,,,,,583,15317,,,,,,583,15317,,,,,,,,,本科,,,,,
8113297,海南,本科批,物理,,XC46566,专业组05,广西科技师范学院,B53C,汉语言文学（师范）,师范,,,,,599,12200,,,,,,599,12200,,,,,,,,,本科,,,,,
8113842,海南,专科批,物理,,XAC6045,专业组01,汉江师范学院,C166,大数据技术,,,,,,547,23968,,,,,,547,23968,,,,,,,,,专科,,,,,
8113843,海南,专科批,物理,,XAC6045,专业组01,汉江师范学院,0A1A,小学教育（师范）,师范,,,,,548,23705,,,,,,548,23705,,,,,,,,,专科,,,,,
8113844,海南,专科批,物理,,XAC6045,专业组01,汉江师范学院,F9DC,小学数学教育（师范）,师范,,,,,549,23420,,,,,,549,23420,,,,,,,,,专科,,,,,
8113845,海南,专科批,物理,,XAC6045,专业组01,汉江师范学院,22E8,小学语文教育（师范）,师范,,,,,554,22142,,,,,,554,22142,,,,,,,,,专科,,,,,
8114660,海南,本科批,物理,,XE404DF,专业组02,南京特殊教育师范学院,817D,康复治疗学,,,,,,524,30268,,,,,,524,30268,,,,,,,,,本科,,,,,
8114661,海南,本科批,物理,,XE404DF,专业组02,南京特殊教育师范学院,B9A5,计算机科学与技术,,,,,,557,21396,,,,,,557,21396,,,,,,,,,本科,,,,,
8114662,海南,本科批,物理,,XE404DF,专业组01,南京特殊教育师范学院,090D,公共事业管理,,,,,,574,17335,,,,,,574,17335,,,,,,,,,本科,,,,,
8114663,海南,本科批,物理,,XE404DF,专业组01,南京特殊教育师范学院,ACD9,教育康复学（师范类）,师范类,,,,,578,16442,,,,,,578,16442,,,,,,,,,本科,,,,,
8114664,海南,本科批,物理,,XE404DF,专业组01,南京特殊教育师范学院,F338,英语（师范类）,师范类,,,,,579,16225,,,,,,579,16225,,,,,,,,,本科,,,,,
8114665,海南,本科批,物理,,XE404DF,专业组01,南京特殊教育师范学院,6837,孤独症儿童教育（师范类）,师范类,,,,,584,15113,,,,,,584,15113,,,,,,,,,本科,,,,,
8114666,海南,本科批,物理,,XE404DF,专业组01,南京特殊教育师范学院,0A60,特殊教育（师范类）,师范类,,,,,611,10110,,,,,,611,10110,,,,,,,,,本科,,,,,
8115027,海南,专科批,物理,,X2C52FA,专业组15,琼台师范学院,A82B,应用俄语,,,,,,437,52526,,,,,,437,52526,,,,,,,,,专科,,,,,
8115028,海南,本科批,物理,,X2C52FA,专业组12,琼台师范学院,0541,生物科学,,,,,,507,35056,,,,,,507,35056,,,,,,,,,本科,,,,,
8115029,海南,本科批,物理,,X2C52FA,专业组12,琼台师范学院,25FE,数学与应用数学,,,,,,513,33405,,,,,,513,33405,,,,,,,,,本科,,,,,
8115030,海南,本科提前批,物理,,X2C52FA,专业组01,琼台师范学院,E15A,科学教育（定向公培生）,定向公培生,,,,,517,32234,,,,,,517,32234,,,,,,,,,本科,,,,,
8115031,海南,本科批,物理,,X2C52FA,专业组12,琼台师范学院,B5AE,化学,,,,,,522,30842,,,,,,522,30842,,,,,,,,,本科,,,,,
8115032,海南,本科批,物理,,X2C52FA,专业组12,琼台师范学院,4718,数据科学与大数据技术,,,,,,526,29707,,,,,,526,29707,,,,,,,,,本科,,,,,
8115033,海南,专科批,物理,,X2C52FA,专业组15,琼台师范学院,674D,早期教育,,,,,,527,29380,,,,,,527,29380,,,,,,,,,专科,,,,,
8115034,海南,本科批,物理,,X2C52FA,专业组12,琼台师范学院,3C38,软件工程,,,,,,531,28298,,,,,,531,28298,,,,,,,,,本科,,,,,
8115035,海南,本科批,物理,,X2C52FA,专业组14,琼台师范学院,D40C,少数民族预科班,,,,,,535,27215,,,,,,535,27215,,,,,,,,,本科,,,,,
8115036,海南,本科批,物理,,X2C52FA,专业组12,琼台师范学院,B9A5,计算机科学与技术,,,,,,551,22908,,,,,,551,22908,,,,,,,,,本科,,,,,
8115037,海南,本科批,物理,,X2C52FA,专业组11,琼台师范学院,74E7,教育技术学,,,,,,557,21396,,,,,,557,21396,,,,,,,,,本科,,,,,
8115038,海南,本科批,物理,,X2C52FA,专业组10,琼台师范学院,5D72,网络与新媒体,,,,,,564,19597,,,,,,564,19597,,,,,,,,,本科,,,,,
8115039,海南,本科批,物理,,X2C52FA,专业组10,琼台师范学院,4145,英语,,,,,,564,19597,,,,,,564,19597,,,,,,,,,本科,,,,,
8115040,海南,本科批,物理,,X2C52FA,专业组10,琼台师范学院,A615,汉语国际教育,,,,,,565,19373,,,,,,565,19373,,,,,,,,,本科,,,,,
8115041,海南,本科批,物理,,X2C52FA,专业组10,琼台师范学院,9D85,酒店管理,,,,,,565,19373,,,,,,565,19373,,,,,,,,,本科,,,,,
8115042,海南,本科批,物理,,X2C52FA,专业组10,琼台师范学院,FB18,财务管理,,,,,,565,19373,,,,,,565,19373,,,,,,,,,本科,,,,,
8115043,海南,本科批,物理,,X2C52FA,专业组10,琼台师范学院,1D15,特殊教育,,,,,,565,19373,,,,,,565,19373,,,,,,,,,本科,,,,,
8115044,海南,本科批,物理,,X2C52FA,专业组10,琼台师范学院,108F,学前教育,,,,,,566,19137,,,,,,566,19137,,,,,,,,,本科,,,,,
8115045,海南,本科批,物理,,X2C52FA,专业组10,琼台师范学院,436B,科学教育,,,,,,569,18472,,,,,,569,18472,,,,,,,,,本科,,,,,
8115046,海南,本科批,物理,,X2C52FA,专业组10,琼台师范学院,4852,应用心理学,,,,,,570,18200,,,,,,570,18200,,,,,,,,,本科,,,,,
8115362,海南,本科批,物理,,XBEB8D1,专业组05,豫章师范学院,F78B,旅游管理与服务教育,,,,,,567,18906,,,,,,567,18906,,,,,,,,,本科,,,,,
8115363,海南,本科批,物理,,XBEB8D1,专业组05,豫章师范学院,D260,教育康复学（师范类专业）,师范类专业,,,,,569,18472,,,,,,569,18472,,,,,,,,,本科,,,,,
8115364,海南,本科批,物理,,XBEB8D1,专业组05,豫章师范学院,7A28,特殊教育（师范类专业）,师范类专业,,,,,569,18472,,,,,,569,18472,,,,,,,,,本科,,,,,
8115365,海南,本科批,物理,,XBEB8D1,专业组05,豫章师范学院,68F4,新闻学,,,,,,570,18200,,,,,,570,18200,,,,,,,,,本科,,,,,
8115366,海南,本科批,物理,,XBEB8D1,专业组05,豫章师范学院,89F9,学前教育（师范类专业）,师范类专业,,,,,575,17087,,,,,,575,17087,,,,,,,,,本科,,,,,
8116040,海南,本科批,物理,,XB3856C,专业组80,厦门大学,EAFB,电子信息工程（厦门大学马来西亚分校招生专业）（学费：2.8万林吉特/学年；全英文授课；英语单科成绩不低于120分（150分制）；入学第一年期间达到录取专业要求的雅思等成绩后开始学位课程学习；办学地点在马来西亚雪兰莪州雪邦沙叻丁宜）,厦门大学马来西亚分校招生专业; 学费：2.8万林吉特/学年；全英文授课；英语单科成绩不低于120分（150分制,,,,,591,13666,,,,,,591,13666,,,,,,,,,本科,,,,,
8116041,海南,本科批,物理,,XB3856C,专业组80,厦门大学,1D8D,海洋技术（厦门大学马来西亚分校招生专业）（学费：2.8万林吉特/学年；全英文授课；英语单科成绩不低于120分（150分制）；入学第一年期间达到录取专业要求的雅思等成绩后开始学位课程学习；办学地点在马来西亚雪兰莪州雪邦沙叻丁宜）,厦门大学马来西亚分校招生专业; 学费：2.8万林吉特/学年；全英文授课；英语单科成绩不低于120分（150分制,,,,,621,8571,,,,,,621,8571,,,,,,,,,本科,,,,,
8116042,海南,本科批,物理,,XB3856C,专业组80,厦门大学,B062,人工智能（厦门大学马来西亚分校招生专业）（学费：2.9万林吉特/学年；全英文授课；英语单科成绩不低于120分（150分制）；入学第一年期间达到录取专业要求的雅思等成绩后开始学位课程学习；办学地点在马来西亚雪兰莪州雪邦沙叻丁宜）,厦门大学马来西亚分校招生专业; 学费：2.9万林吉特/学年；全英文授课；英语单科成绩不低于120分（150分制,,,,,627,7735,,,,,,627,7735,,,,,,,,,本科,,,,,
8116043,海南,本科批,物理,,XB3856C,专业组80,厦门大学,6D35,中医学（厦门大学马来西亚分校招生专业）（学费：2.7万林吉特/学年；授课语言主要为英语；英语单科成绩不低于120分（150分制）；入学第一年期间达到录取专业要求的雅思等成绩后开始学位课程学习；办学地点在马来西亚雪兰莪州雪邦沙叻丁宜）,厦门大学马来西亚分校招生专业; 学费：2.7万林吉特/学年；授课语言主要为英语；英语单科成绩不低于120分（150分制,,,,,661,4080,,,,,,661,4080,,,,,,,,,本科,,,,,
8116044,海南,本科批,物理,,XB3856C,专业组03,厦门大学,B54C,物理学类（包含专业：物理学、天文学）,包含专业：物理学、天文学,,,,,717,1159,,,,,,717,1159,,,,,,,,,本科,,,,,
8116045,海南,本科批,物理,,XB3856C,专业组03,厦门大学,EDDA,工科试验班（航空航天）（包含专业：机械设计制造及其自动化、测控技术与仪器、自动化、飞行器设计与工程、飞行器动力工程；专业分流后到飞行器动力工程、飞行器设计与工程专业学费6760元/学年）,航空航天; 包含专业：机械设计制造及其自动化、测控技术与仪器、自动化、飞行器设计与工程、飞行器动力工程；专业分流后到飞行器动力工程、飞行器设计与工程专业学费6760元/学年,,,,,717,1159,,,,,,717,1159,,,,,,,,,本科,,,,,
8116046,海南,本科批,物理,,XB3856C,专业组03,厦门大学,3B3D,化学类（包含专业：化学、能源化学、化学生物学、化学测量学与技术）,包含专业：化学、能源化学、化学生物学、化学测量学与技术,,,,,720,1067,,,,,,720,1067,,,,,,,,,本科,,,,,
8116047,海南,本科批,物理,,XB3856C,专业组03,厦门大学,4316,工科试验班（化工与材料类）（包含专业：化学工程与工艺、材料科学与工程）,化工与材料类; 包含专业：化学工程与工艺、材料科学与工程,,,,,721,1038,,,,,,721,1038,,,,,,,,,本科,,,,,
8116048,海南,本科批,物理,,XB3856C,专业组03,厦门大学,9629,理科试验班（海洋与生态环境类）（包含专业：海洋科学、海洋技术、环境科学、生态学）,海洋与生态环境类; 包含专业：海洋科学、海洋技术、环境科学、生态学,,,,,727,887,,,,,,727,887,,,,,,,,,本科,,,,,
8116049,海南,本科批,物理,,XB3856C,专业组03,厦门大学,8772,理科试验班（生命科学与药学类）（包含专业：生物科学、生物技术、药学）,生命科学与药学类; 包含专业：生物科学、生物技术、药学,,,,,728,865,,,,,,728,865,,,,,,,,,本科,,,,,
8116050,海南,本科批,物理,,XB3856C,专业组03,厦门大学,7A48,电子信息类��包含专业：电子信息工程、集成电路设计与集成系统、微电子科学与工程、电子信息科学与业三、四年级按学分收费，400元/学分，两年技术、通信工程；集成电路设计与集成系统专不超过80学分）,,,,,,730,822,,,,,,730,822,,,,,,,,,本科,,,,,
8116051,海南,本科批,物理,,XB3856C,专业组03,厦门大学,B2A5,计算机类（包含专业：计算机科学与技术、网络空间安全、人工智能、软件工程；软件工程专业三、四年级按学分收费，400元/学分，两年不超过80学分）,包含专业：计算机科学与技术、网络空间安全、人工智能、软件工程；软件工程专业三、四年级按学分收费，400元/学分，两年不超过80学分,,,,,734,737,,,,,,734,737,,,,,,,,,本科,,,,,
8116052,海南,本科批,物理,,XB3856C,专业组03,厦门大学,4E05,数学类（包含专业：数学与应用数学、信息与计算科学、统计学）,包含专业：数学与应用数学、信息与计算科学、统计学,,,,,747,521,,,,,,747,521,,,,,,,,,本科,,,,,
8116053,海南,本科批,物理,,XB3856C,专业组81,厦门大学,A90F,经济学类（包含专业：金融学、财政学、税收学、国际经济与贸易、经济学）,包含专业：金融学、财政学、税收学、国际经济与贸易、经济学,,,,,749,495,,,,,,749,495,,,,,,,,,本科,,,,,
8116054,海南,本科批,物理,,XB3856C,专业组02,厦门大学,6AE0,工商管理类（包含专业：人力资源管理、工商管理、市场营销（含数智营销方向）、旅游管理）,包含专业：人力资源管理、工商管理、市场营销（含数智营销方向,,,,,751,469,,,,,,751,469,,,,,,,,,本科,,,,,
8116055,海南,本科批,物理,,XB3856C,专业组81,厦门大学,44A1,会计学（含会计、财务、审计）（含会计学、财务管理、审计学专业）,含会计、财务、审计; 含会计学、财务管理、审计学专业,,,,,759,369,,,,,,759,369,,,,,,,,,本科,,,,,
8116056,海南,本科批,物理,,XB3856C,专业组02,厦门大学,D7D3,新闻传播学类（包含专业：新闻学、广告学、传播学、国际新闻与传播）,包含专业：新闻学、广告学、传播学、国际新闻与传播,,,,,773,244,,,,,,773,244,,,,,,,,,本科,,,,,
8116057,海南,本科批,物理,,XB3856C,专业组02,厦门大学,A767,法学类（包含专业：法学）,包含专业：法学,,,,,776,221,,,,,,776,221,,,,,,,,,本科,,,,,
8116954,海南,本科批,物理,,XE4E682,专业组05,四川大学,73E7,国际政治,,,,,,706,1507,,,,,,706,1507,,,,,,,,,本科,,,,,
8116955,海南,本科批,物理,,XE4E682,专业组04,四川大学,DDF4,药学类（包含专业：药学、临床药学）,包含专业：药学、临床药学,,,,,709,1401,,,,,,709,1401,,,,,,,,,本科,,,,,
8116956,海南,本科批,物理,,XE4E682,专业组04,四川大学,90A1,公共卫生与预防医学类（包含专业：预防医学、食品卫生与营养学、卫生检验与检疫）,包含专业：预防医学、食品卫生与营养学、卫生检验与检疫,,,,,709,1401,,,,,,709,1401,,,,,,,,,本科,,,,,
8116957,海南,本科批,物理,,XE4E682,专业组04,四川大学,AA87,工科试验班（绿色城市与智慧建造）（包含专业：环境工程、土木工程、工程力学）,绿色城市与智慧建造; 包含专业：环境工程、土木工程、工程力学,,,,,710,1375,,,,,,710,1375,,,,,,,,,本科,,,,,
8116958,海南,本科批,物理,,XE4E682,专业组04,四川大学,5D0D,工科试验班（先进低碳材料与食品健康）（包含专业：轻化工程、食品科学与工程、生物工程（轻工生物方向）,先进低碳材料与食品健康; 包含专业：轻化工程、食品科学与工程、生物工程（轻工生物方向,,,,,712,1304,,,,,,712,1304,,,,,,,,,本科,,,,,
8116959,海南,本科批,物理,,XE4E682,专业组04,四川大学,B29D,电气类（包含专业：电气工程及其自动化、自动化）,包含专业：电气工程及其自动化、自动化,,,,,716,1181,,,,,,716,1181,,,,,,,,,本科,,,,,
8116960,海南,本科批,物理,,XE4E682,专业组04,四川大学,0C3C,网络空间安全（含双学士学位）,含双学士学位,,,,,720,1067,,,,,,720,1067,,,,,,,,,本科,,,,,
8116961,海南,本科批,物理,,XE4E682,专业组02,四川大学,A0F4,外国语言文学类（包含专业：日语、西班牙语、法语、俄语、英语）,包含专业：日语、西班牙语、法语、俄语、英语,,,,,722,1011,,,,,,722,1011,,,,,,,,,本科,,,,,
8116962,海南,本科批,物理,,XE4E682,专业组04,四川大学,2DEF,电子信息类（包含专业：电子信息工程、光电信息科学与工程、通信工程）,包含专业：电子信息工程、光电信息科学与工程、通信工程,,,,,722,1011,,,,,,722,1011,,,,,,,,,本科,,,,,
8116963,海南,本科批,物理,,XE4E682,专业组04,四川大学,53DF,计算机类（含双学士学位）（包含专业：计算机科学与技术、人工智能、计算机科学与技术（计算与金融双学士学位）、软件工程）,含双学士学位; 包含专业：计算机科学与技术、人工智能、计算机科学与技术（计算与金融双学士学位,,,,,724,957,,,,,,724,957,,,,,,,,,本科,,,,,
8116964,海南,本科批,物理,,XE4E682,专业组02,四川大学,7A80,工商管理类（包含专业：市场营销、人力资源管理、财务管理、会计学（ACCA）,包含专业：市场营销、人力资源管理、财务管理、会计学（ACCA,,,,,727,887,,,,,,727,887,,,,,,,,,本科,,,,,
8116965,海南,本科批,物理,,XE4E682,专业组02,四川大学,C2F6,人文科学试验班（中文与新闻传专播）（包含专业：汉语言文学、汉语国际教育、新闻学、广告学、网络与新媒体）,中文与新闻传专播; 包含专业：汉语言文学、汉语国际教育、新闻学、广告学、网络与新媒体,,,,,737,687,,,,,,737,687,,,,,,,,,本科,,,,,
8116966,海南,本科批,物理,,XE4E682,专业组80,四川大学,9581,临床医学（五年制）,五年制,,,,,752,451,,,,,,752,451,,,,,,,,,本科,,,,,
8116967,海南,本科批,物理,,XE4E682,专业组80,四川大学,BC06,口腔医学（五年制）,五年制,,,,,785,168,,,,,,785,168,,,,,,,,,本科,,,,,
8116968,海南,本科批,物理,,XE4E682,专业组80,四川大学,9652,临床医学（八年制）,八年制,,,,,789,149,,,,,,789,149,,,,,,,,,本科,,,,,
8117881,海南,本科批,物理,,X1B0DD0,专业组05,武汉大学,64DC,建筑类（含卓越工程师教育培养计划）（包含专业：建筑学、城乡规划（含智慧国土空间规划试验班）；含建筑学人工智能试验班、建筑学数智建筑试验班、城乡规划人工智能试验班、智慧国土空间规划试验班）,含卓越工程师教育培养计划; 包含专业：建筑学、城乡规划（含智慧国土空间规划试验班,,,,,738,666,,,,,,738,666,,,,,,,,,本科,,,,,
8117882,海南,本科批,物理,,X1B0DD0,专业组05,武汉大学,B954,工科试验班（水利类）（包含专业：水利水电工程、水文与水资源工程、港口航道与海岸工程、农业水利工程、智慧水利）,水利类; 包含专业：水利水电工程、水文与水资源工程、港口航道与海岸工程、农业水利工程、智慧水利,,,,,740,626,,,,,,740,626,,,,,,,,,本科,,,,,
8117883,海南,本科批,物理,,X1B0DD0,专业组05,武汉大学,5C35,数学类（含数学国家拔尖学生培养基地）（包含专业：数学与应用数学、信息与计算科学、统计学、数据科学与大数据技术；国家级一流本科专业、国家重大战略发展建设专业）,含数学国家拔尖学生培养基地; 包含专业：数学与应用数学、信息与计算科学、统计学、数据科学与大数据技术；国家级一流本科专业、国家重大战略发展建设专业,,,,,740,626,,,,,,740,626,,,,,,,,,本科,,,,,
8117884,海南,本科批,物理,,X1B0DD0,专业组05,武汉大学,8FA8,物理学类（含物理学国家拔尖学生培养基地）（包含专业：物理学、微电子科学与工程、材料物理）,含物理学国家拔尖学生培养基地; 包含专业：物理学、微电子科学与工程、材料物理,,,,,742,599,,,,,,742,599,,,,,,,,,本科,,,,,
8117885,海南,本科批,物理,,X1B0DD0,专业组04,武汉大学,1DFF,管理科学（包含专业：工商管理国际试验班、市场营销数）,包含专业：工商管理国际试验班、市场营销数,,,,,744,566,,,,,,744,566,,,,,,,,,本科,,,,,
8117886,海南,本科批,物理,,X1B0DD0,专业组05,武汉大学,AAAB,工科试验班（智慧能源与智能制造类）（包含专业：机械设计制造及其自动化、智能制造工程、能源与动力工程、核工程与核技术、能源化学工程）,智慧能源与智能制造类; 包含专业：机械设计制造及其自动化、智能制造工程、能源与动力工程、核工程与核技术、能源化学工程,,,,,744,566,,,,,,744,566,,,,,,,,,本科,,,,,
8117887,海南,本科批,物理,,X1B0DD0,专业组05,武汉大学,D613,遥感科学与技术（含遥感科学与技术、空间信息与数字技术）,含遥感科学与技术、空间信息与数字技术,,,,,745,549,,,,,,745,549,,,,,,,,,本科,,,,,
8117888,海南,本科批,物理,,X1B0DD0,专业组05,武汉大学,0854,生物科学类（含生物国家拔尖学生培养基地）（包含专业：生物科学、生物技术、生态学）,含生物国家拔尖学生培养基地; 包含专业：生物科学、生物技术、生态学,,,,,746,536,,,,,,746,536,,,,,,,,,本科,,,,,
8117889,海南,本科批,物理,,X1B0DD0,专业组05,武汉大学,B514,电子信息类（包含专业：电子信息工程（电子信息方向、光电子方向、机器人方向，卓越工程师计划试验班、逐光创新试验班、人工智能试验班、电波传播与天线（空间科学技术试验班）通信工程（卓越工程师计划试验班、人工智能试验班）））,包含专业：电子信息工程（电子信息方向、光电子方向、机器人方向，卓越工程师计划试验班、逐光创新试验班、人工智能试验班、电波传播与天线（空间科学技术试验班; 卓越工程师计划试验班、人工智能试验班,,,,,748,510,,,,,,748,510,,,,,,,,,本科,,,,,
8117890,海南,本科批,物理,,X1B0DD0,专业组05,武汉大学,6B63,工科试验班（电气类）（包含专业：电气工程及其自动化、自动化、储能科学与工程）,电气类; 包含专业：电气工程及其自动化、自动化、储能科学与工程,,,,,749,495,,,,,,749,495,,,,,,,,,本科,,,,,
8117891,海南,本科批,物理,,X1B0DD0,专业组05,武汉大学,1ABE,计算机类（计算机学院）（包含专业：计算机科学与技术、人工智能、软件工程）,计算机学院; 包含专业：计算机科学与技术、人工智能、软件工程,,,,,756,401,,,,,,756,401,,,,,,,,,本科,,,,,
8117892,海南,本科批,物理,,X1B0DD0,专业组05,武汉大学,EBDC,理科试验班（弘毅学堂）（包含专业：未来科技试验班、智能制造与集成电路试验班、数字经济试验班、数理经济与数理金融试验班、全球治理试验班、大健康试验班、人文科学试验班、PPE试验班、PLE试验班；学生可任选试验班；未来科技试验班、人文科学试验班部分学生可全校任选专业（医学长学制除外））,弘毅学堂; 包含专业：未来科技试验班、智能制造与集成电路试验班、数字经济试验班、数理经济与数理金融试验班、全球治理试验班、大健康试验班、人文科学试验班、PPE试验班、PLE试验班；学生可任选试验班；未来科技试验班、人文科学试验班部分学生可全校任选专业（医学长学制除外,,,,,760,359,,,,,,760,359,,,,,,,,,本科,,,,,
8117893,海南,本科批,物理,,X1B0DD0,专业组05,武汉大学,97D0,临床医学,,,,,,774,235,,,,,,774,235,,,,,,,,,本科,,,,,
8117894,海南,本科批,物理,,X1B0DD0,专业组03,武汉大学,625A,文科试验班类（弘毅学堂（包含专业：人文科学试验班、PPE试验班、PLE试验班、未来科技试验班、智能制造与集成电路试验班、数字经济试验班、数理经济与数理金融试验班、全球治理试验班、大健康试验科学试验班部分学生可全校任选专业（医学长班；学生可任选试验班；未来科技试验班、人文学制除外）））,弘毅学堂（包含专业：人文科学试验班、PPE试验班、PLE试验班、未来科技试验班、智能制造与集成电路试验班、数字经济试验班、数理经济与数理金融试验班、全球治理试验班、大健康试验科学试验班部分学生可全校任选专业（医学长班；学生可任选试验班；未来科技试验班、人文学制除外,,,,,793,131,,,,,,793,131,,,,,,,,,本科,,,,,
8117895,海南,本科批,物理,,X1B0DD0,专业组03,武汉大学,4669,法学（含法学（含德语法学、法语法学试验班）国际法（含国际法试验班））,含法学（含德语法学、法语法学试验班; 含国际法试验班,,,,,796,121,,,,,,796,121,,,,,,,,,本科,,,,,
8118715,海南,本科批,物理,,X0949A1,专业组07,中山大学,91DC,海洋科学（民族班，从投档成绩不低于我校在该省（区、市）提档分数线以下40分内的少数民族考生中择优录取；办学地点：珠海校区）,民族班，从投档成绩不低于我校在该省（区、市,,,,,656,4510,,,,,,656,4510,,,,,,,,,本科,,,,,
8118716,海南,本科批,物理,,X0949A1,专业组04,中山大学,ABA8,环境科学与工程类,,,,,,734,737,,,,,,734,737,,,,,,,,,本科,,,,,
8118717,海南,本科批,物理,,X0949A1,专业组04,中山大学,5751,临床医学（深圳）,深圳,,,,,735,725,,,,,,735,725,,,,,,,,,本科,,,,,
8118718,海南,本科批,物理,,X0949A1,专业组04,中山大学,FFE8,生物医学工程,,,,,,735,725,,,,,,735,725,,,,,,,,,本科,,,,,
8118719,海南,本科批,物理,,X0949A1,专业组04,中山大学,D06C,机械工程,,,,,,737,687,,,,,,737,687,,,,,,,,,本科,,,,,
8118720,海南,本科批,物理,,X0949A1,专业组03,中山大学,1103,心理学,,,,,,739,649,,,,,,739,649,,,,,,,,,本科,,,,,
8118721,海南,本科批,物理,,X0949A1,专业组04,中山大学,9652,临床医学（八年制）,八年制,,,,,741,612,,,,,,741,612,,,,,,,,,本科,,,,,
8118722,海南,本科批,物理,,X0949A1,专业组04,中山大学,3182,数学类（珠海）,珠海,,,,,754,432,,,,,,754,432,,,,,,,,,本科,,,,,
8118723,海南,本科批,物理,,X0949A1,专业组02,中山大学,EA9A,哲学（珠海）,珠海,,,,,754,432,,,,,,754,432,,,,,,,,,本科,,,,,
8118724,海南,本科批,物理,,X0949A1,专业组04,中山大学,D583,网络空间安全,,,,,,755,413,,,,,,755,413,,,,,,,,,本科,,,,,
8118725,海南,本科批,物理,,X0949A1,专业组02,中山大学,FF71,外国语言文学类（珠海）,珠海,,,,,756,401,,,,,,756,401,,,,,,,,,本科,,,,,
8118726,海南,本科批,物理,,X0949A1,专业组04,中山大学,93CF,计算机类（深圳）,深圳,,,,,757,390,,,,,,757,390,,,,,,,,,本科,,,,,
8118727,海南,本科批,物理,,X0949A1,专业组05,中山大学,73E7,国际政治,,,,,,757,390,,,,,,757,390,,,,,,,,,本科,,,,,
8118728,海南,本科批,物理,,X0949A1,专业组02,中山大学,CDA6,工商管理（深圳）,深圳,,,,,759,369,,,,,,759,369,,,,,,,,,本科,,,,,
8118729,海南,本科批,物理,,X0949A1,专业组02,中山大学,10DD,经济学（深圳）,深圳,,,,,761,349,,,,,,761,349,,,,,,,,,本科,,,,,
8118730,海南,本科批,物理,,X0949A1,专业组02,中山大学,02E7,汉语言文学（珠海）,珠海,,,,,784,173,,,,,,784,173,,,,,,,,,本科,,,,,
8118731,海南,本科批,物理,,X0949A1,专业组02,中山大学,927B,法学,,,,,,791,141,,,,,,791,141,,,,,,,,,本科,,,,,
8120287,海南,本科批,物理,,XAED60F,专业组04,西南大学,6462,水产类（包含专业：水产养殖学、水族科学与技术）,包含专业：水产养殖学、水族科学与技术,,,,,614,9643,,,,,,614,9643,,,,,,,,,本科,,,,,
8120288,海南,本科批,物理,,XAED60F,专业组04,西南大学,FB3B,动物科学（不招色盲）,不招色盲,,,,,626,7880,,,,,,626,7880,,,,,,,,,本科,,,,,
8120289,海南,本科批,物理,,XAED60F,专业组04,西南大学,7A96,动物医学类（包含专业：动物药学、中兽医学；不招色盲）,包含专业：动物药学、中兽医学；不招色盲,,,,,639,6231,,,,,,639,6231,,,,,,,,,本科,,,,,
8120290,海南,本科批,物理,,XAED60F,专业组04,西南大学,214A,动物医学类（五年制）（包含专业：动物医学（五年制）、兽医公共卫生（五年制）；不招色盲）,五年制; 包含专业：动物医学（五年制; 五年制,,,,,642,5905,,,,,,642,5905,,,,,,,,,本科,,,,,
8120291,海南,本科批,物理,,XAED60F,专业组02,西南大学,FBFE,物流管理,,,,,,657,4421,,,,,,657,4421,,,,,,,,,本科,,,,,
8120292,海南,本科批,物理,,XAED60F,专业组02,西南大学,09EE,市场营销,,,,,,657,4421,,,,,,657,4421,,,,,,,,,本科,,,,,
8120293,海南,本科批,物理,,XAED60F,专业组03,西南大学,D407,管理科学与工程类（包含专业：信息管理与信息系统、大数据管理与应用）,包含专业：信息管理与信息系统、大数据管理与应用,,,,,660,4172,,,,,,660,4172,,,,,,,,,本科,,,,,
8120294,海南,本科批,物理,,XAED60F,专业组14,西南大学,62C9,材料类（包含专业：材料物理、金属材料工程、新能源材料与器件；不招色盲）,包含专业：材料物理、金属材料工程、新能源材料与器件；不招色盲,,,,,662,3996,,,,,,662,3996,,,,,,,,,本科,,,,,
8120295,海南,本科批,物理,,XAED60F,专业组14,西南大学,97D8,植物生产类（包含专业：农学、园艺、植物保护；不招色盲）,包含专业：农学、园艺、植物保护；不招色盲,,,,,662,3996,,,,,,662,3996,,,,,,,,,本科,,,,,
8120296,海南,本科批,物理,,XAED60F,专业组02,西南大学,25DE,国际经济与贸易,,,,,,663,3920,,,,,,663,3920,,,,,,,,,本科,,,,,
8120297,海南,本科批,物理,,XAED60F,专业组14,西南大学,EAF3,自然保护与环境生态类（包含专业：农业资源与环境、水土保持与荒漠化防治、土地科学与技术、林学；不招色盲、色弱）,包含专业：农业资源与环境、水土保持与荒漠化防治、土地科学与技术、林学；不招色盲、色弱,,,,,665,3764,,,,,,665,3764,,,,,,,,,本科,,,,,
8120298,海南,本科批,物理,,XAED60F,专业组14,西南大学,8F2B,包装工程（不招色盲）,不招色盲,,,,,665,3764,,,,,,665,3764,,,,,,,,,本科,,,,,
8120299,海南,本科批,物理,,XAED60F,专业组14,西南大学,0E59,蚕学（双学士学位（不招色盲；蚕学+生物技术双学士学位复合型人才培养项目目）,双学士学位（不招色盲；蚕学+生物技术双学士学位复合型人才培养项目目,,,,,665,3764,,,,,,665,3764,,,,,,,,,本科,,,,,
8120300,海南,本科批,物理,,XAED60F,专业组14,西南大学,4CA5,环境科学与工程（不招色盲、色弱）,不招色盲、色弱,,,,,667,3616,,,,,,667,3616,,,,,,,,,本科,,,,,
8120301,海南,本科批,物理,,XAED60F,专业组14,西南大学,8802,智慧农业（不招色盲）,不招色盲,,,,,667,3616,,,,,,667,3616,,,,,,,,,本科,,,,,
8120302,海南,本科批,物理,,XAED60F,专业组14,西南大学,FD60,量子信息科学（不招色盲）,不招色盲,,,,,668,3539,,,,,,668,3539,,,,,,,,,本科,,,,,
8120303,海南,本科批,物理,,XAED60F,专业组14,西南大学,0FF3,食品科学与工程类（包含专业：食品科学与工程、食品质量与安全）,包含专业：食品科学与工程、食品质量与安全,,,,,673,3195,,,,,,673,3195,,,,,,,,,本科,,,,,
8120304,海南,本科批,物理,,XAED60F,专业组14,西南大学,C691,制药工程（不招色盲）,不招色盲,,,,,674,3136,,,,,,674,3136,,,,,,,,,本科,,,,,
8120305,海南,本科批,物理,,XAED60F,专业组13,西南大学,FC90,俄语,,,,,,677,2924,,,,,,677,2924,,,,,,,,,本科,,,,,
8120306,海南,本科批,物理,,XAED60F,专业组15,西南大学,0541,生物科学,,,,,,678,2871,,,,,,678,2871,,,,,,,,,本科,,,,,
8122074,海南,本科批,物理,,X449352,专业组01,电子科技大学,47F1,电子信息类（中外合作办学）（海南陵水国际教育创新区）,中外合作办学; 海南陵水国际教育创新区,,,,,666,3691,,,,,,666,3691,,,,,,,,,本科,,,,,
8122075,海南,本科批,物理,,X449352,专业组01,电子科技大学,3E0D,集成电路设计与集成系统（国家示范性微电子学院）,国家示范性微电子学院,,,,,710,1375,,,,,,710,1375,,,,,,,,,本科,,,,,
8122076,海南,本科批,物理,,X449352,专业组02,电子科技大学,7D27,电子信息类（智能仪器、智能控制）,智能仪器、智能控制,,,,,740,626,,,,,,740,626,,,,,,,,,本科,,,,,
8122077,海南,本科批,物理,,X449352,专业组02,电子科技大学,8E56,工科试验班（机器人、电气信息、智能制造）,机器人、电气信息、智能制造,,,,,743,579,,,,,,743,579,,,,,,,,,本科,,,,,
8122078,海南,本科批,物理,,X449352,专业组02,电子科技大学,85ED,电子信息类（电子信息与物理科学复合培养）,电子信息与物理科学复合培养,,,,,743,579,,,,,,743,579,,,,,,,,,本科,,,,,
8122079,海南,本科批,物理,,X449352,专业组02,电子科技大学,0ADA,工科试验班（电子工程类）,电子工程类,,,,,748,510,,,,,,748,510,,,,,,,,,本科,,,,,
8122080,海南,本科批,物理,,X449352,专业组02,电子科技大学,50DC,电子信息类（信息与通信）,信息与通信,,,,,751,469,,,,,,751,469,,,,,,,,,本科,,,,,
8122081,海南,本科批,物理,,X449352,专业组02,电子科技大学,3E0D,集成电路设计与集成系统（国家示范性微电子学院）,国家示范性微电子学院,,,,,754,432,,,,,,754,432,,,,,,,,,本科,,,,,
8123549,海南,本科批,物理,,X4AF122,专业组02,山东大学,F5C5,药学类（包含专业：药学、临床药学（五年制）；不招色盲、色弱）,包含专业：药学、临床药学（五年制,,,,,705,1549,,,,,,705,1549,,,,,,,,,本科,,,,,
8123550,海南,本科批,物理,,X4AF122,专业组02,山东大学,5B31,管理科学与工程类（包含专业：工程管理；含智能工程与管理创新实验班；可向供应链管理分流包含专业：药学、临床药学（五年制）；不招色盲、色弱）,包含专业：工程管理；含智能工程与管理创新实验班；可向供应链管理分流包含专业：药学、临床药学（五年制,,,,,706,1507,,,,,,706,1507,,,,,,,,,本科,,,,,
8123551,海南,本科批,物理,,X4AF122,专业组02,山东大学,CCD8,生物科学类（包含专业：生物科学、生物技术、生态学、生物工程；含童第周、曾呈奎基地班、生命拔尖2.0班（泰山学堂）、王应睐、戴芳澜英才班；不招色盲、色弱）,包含专业：生物科学、生物技术、生态学、生物工程；含童第周、曾呈奎基地班、生命拔尖2.0班（泰山学堂,,,,,706,1507,,,,,,706,1507,,,,,,,,,本科,,,,,
8123552,海南,本科批,物理,,X4AF122,专业组02,山东大学,026A,机械类（包含专业：机械设计制造及其自动化、智能制造工程；含卓越工程师培养计划）,包含专业：机械设计制造及其自动化、智能制造工程；含卓越工程师培养计划,,,,,707,1471,,,,,,707,1471,,,,,,,,,本科,,,,,
8123553,海南,本科批,物理,,X4AF122,专业组02,山东大学,46A6,环境科学与工程类（包含专业：环境工程、环境科学；含环境健康菁英班）,包含专业：环境工程、环境科学；含环境健康菁英班,,,,,708,1442,,,,,,708,1442,,,,,,,,,本科,,,,,
8123554,海南,本科批,物理,,X4AF122,专业组02,山东大学,D64D,材料类（包含专业:材料科学与工程、材料成型及控制工程;含先进材料创新人才基地班、卓越工程师培养计划）,包含专业:材料科学与工程、材料成型及控制工程;含先进材料创新人才基地班、卓越工程师培养计划,,,,,708,1442,,,,,,708,1442,,,,,,,,,本科,,,,,
8123555,海南,本科批,物理,,X4AF122,专业组02,山东大学,824E,智能建造与智慧交通（可向城市地下空间工程分流）,可向城市地下空间工程分流,,,,,708,1442,,,,,,708,1442,,,,,,,,,本科,,,,,
8123556,海南,本科批,物理,,X4AF122,专业组01,山东大学,7BFE,历史学类（包含专业：历史学、档案学）,包含专业：历史学、档案学,,,,,708,1442,,,,,,708,1442,,,,,,,,,本科,,,,,
8123557,海南,本科批,物理,,X4AF122,专业组02,山东大学,9CE7,化学类（包含专业：化学；含邓从豪基地班、化学拔尖2.0班（泰山学堂）；不招收色盲、色弱）,包含专业：化学；含邓从豪基地班、化学拔尖2.0班（泰山学堂,,,,,709,1401,,,,,,709,1401,,,,,,,,,本科,,,,,
8123558,海南,本科批,物理,,X4AF122,专业组01,山东大学,1579,工商管理类（包含专业：工商管理、会计学；含工商管理创新实验班）,包含专业：工商管理、会计学；含工商管理创新实验班,,,,,709,1401,,,,,,709,1401,,,,,,,,,本科,,,,,
8123559,海南,本科批,物理,,X4AF122,专业组01,山东大学,6F47,经济学类（包含专业：经济学、财政学、金融学、国际经济与贸易；含经济学拔尖2.0班（薛暮桥班）、彭实戈班、PPE新文科基地班等）,包含专业：经济学、财政学、金融学、国际经济与贸易；含经济学拔尖2.0班（薛暮桥班,,,,,710,1375,,,,,,710,1375,,,,,,,,,本科,,,,,
8123560,海南,本科批,物理,,X4AF122,专业组02,山东大学,5236,物理学类（包含专业：物理学、应用物理学；含王淦昌基地班、物理拔尖2.0班（泰山学堂）、严济慈英才班）,包含专业：物理学、应用物理学；含王淦昌基地班、物理拔尖2.0班（泰山学堂,,,,,711,1336,,,,,,711,1336,,,,,,,,,本科,,,,,
8123561,海南,本科批,物理,,X4AF122,专业组02,山东大学,F068,人工智能,,,,,,711,1336,,,,,,711,1336,,,,,,,,,本科,,,,,
8123562,海南,本科批,物理,,X4AF122,专业组02,山东大学,DE12,计算机类（软件数媒与大数据方向）（包含专业：软件工程、数字媒体技术、数据科学与大数据技术；含人工智能国际班，新工科创新实验班、软件菁英班）,软件数媒与大数据方向; 包含专业：软件工程、数字媒体技术、数据科学与大数据技术；含人工智能国际班，新工科创新实验班、软件菁英班,,,,,712,1304,,,,,,712,1304,,,,,,,,,本科,,,,,
8123563,海南,本科批,物理,,X4AF122,专业组02,山东大学,BB9D,能源动力类（包含专业：能源与动力工程、能源与环境系统工程、新能源科学与工程、储能科学与工程含能源与环境系统工程实验班）,包含专业：能源与动力工程、能源与环境系统工程、新能源科学与工程、储能科学与工程含能源与环境系统工程实验班,,,,,712,1304,,,,,,712,1304,,,,,,,,,本科,,,,,
8123564,海南,本科批,物理,,X4AF122,专业组02,山东大学,4A06,自动化类（包含专业：自动化、机器人工程；含卓越工程师培养计划、自动化科学新工科实验班）,包含专业：自动化、机器人工程；含卓越工程师培养计划、自动化科学新工科实验班,,,,,713,1271,,,,,,713,1271,,,,,,,,,本科,,,,,
8123565,海南,本科批,物理,,X4AF122,专业组02,山东大学,64FD,网络空间安全（可向密码科学与技术分流）,可向密码科学与技术分流,,,,,713,1271,,,,,,713,1271,,,,,,,,,本科,,,,,
8123566,海南,本科批,物理,,X4AF122,专业组03,山东大学,0C66,临床医学（不招收色弱、色盲）,不招收色弱、色盲,,,,,714,1246,,,,,,714,1246,,,,,,,,,本科,,,,,
8123567,海南,本科批,物理,,X4AF122,专业组02,山东大学,24CC,数学类（包含专业：数学与应用数学、信息与计算科学、统计学；含潘承洞基地班、数学拔尖2.0班（泰山学堂）,包含专业：数学与应用数学、信息与计算科学、统计学；含潘承洞基地班、数学拔尖2.0班（泰山学堂,,,,,716,1181,,,,,,716,1181,,,,,,,,,本科,,,,,
8123568,海南,本科批,物理,,X4AF122,专业组02,山东大学,9936,电子信息类（通信电子与光电方向（包含专业：通信工程、电子科学与技术、光电信息科学与工程；含崇新学堂、微纳实验班、光电精英班）,通信电子与光电方向（包含专业：通信工程、电子科学与技术、光电信息科学与工程；含崇新学堂、微纳实验班、光电精英班,,,,,717,1159,,,,,,717,1159,,,,,,,,,本科,,,,,
8124504,海南,本科批,物理,,X30BCE2,专业组81,华中科技大学,7BEF,法医学,,,,,,686,2406,,,,,,686,2406,,,,,,,,,本科,,,,,
8124505,海南,本科批,物理,,X30BCE2,专业组02,华中科技大学,7FF9,数学类（包含专业：数学与应用数学、统计学、信息与计算科学）,包含专业：数学与应用数学、统计学、信息与计算科学,,,,,749,495,,,,,,749,495,,,,,,,,,本科,,,,,
8124506,海南,本科批,物理,,X30BCE2,专业组02,华中科技大学,D343,机械类（包含专业：机械设计制造及其自动化、工业工程、测控技术与仪器、机器人工程）,包含专业：机械设计制造及其自动化、工业工程、测控技术与仪器、机器人工程,,,,,749,495,,,,,,749,495,,,,,,,,,本科,,,,,
8124507,海南,本科批,物理,,X30BCE2,专业组02,华中科技大学,3ADF,物理学类（包含专业：物理学、应用物理学）,包含专业：物理学、应用物理学,,,,,749,495,,,,,,749,495,,,,,,,,,本科,,,,,
8124508,海南,本科批,物理,,X30BCE2,专业组02,华中科技大学,958A,计算机类（网安学院）（包含专业：网络空间安全、信息安全、密码科学与技术）,网安学院; 包含专业：网络空间安全、信息安全、密码科学与技术,,,,,752,451,,,,,,752,451,,,,,,,,,本科,,,,,
8124509,海南,本科批,物理,,X30BCE2,专业组80,华中科技大学,97D0,临床医学,,,,,,753,440,,,,,,753,440,,,,,,,,,本科,,,,,
8124510,海南,本科批,物理,,X30BCE2,专业组02,华中科技大学,ACE8,自动化类（包含专业：人工智能、自动化、智能医学工程）,包含专业：人工智能、自动化、智能医学工程,,,,,754,432,,,,,,754,432,,,,,,,,,本科,,,,,
8124511,海南,本科批,物理,,X30BCE2,专业组02,华中科技大学,094F,电子信息类（集成电路学院）（包含专业：集成电路设计与集成系统、微电子科学与工程、电子科学与技术）,集成电路学院; 包含专业：集成电路设计与集成系统、微电子科学与工程、电子科学与技术,,,,,756,401,,,,,,756,401,,,,,,,,,本科,,,,,
8124512,海南,本科批,物理,,X30BCE2,专业组02,华中科技大学,8561,材料成型及控制工程（启明实验班）,启明实验班,,,,,759,369,,,,,,759,369,,,,,,,,,本科,,,,,
8124513,海南,本科批,物理,,X30BCE2,专业组02,华中科技大学,A5B7,电气工程及其自动化,,,,,,760,359,,,,,,760,359,,,,,,,,,本科,,,,,
8124514,海南,本科批,物理,,X30BCE2,专业组02,华中科技大学,A687,光电信息科学与工程,,,,,,763,332,,,,,,763,332,,,,,,,,,本科,,,,,
8124515,海南,本科批,物理,,X30BCE2,专业组02,华中科技大学,B1B4,电子信息类（电信学院（包含专业：电子信息工程、通信工程、电磁场与无线技术））,电信学院（包含专业：电子信息工程、通信工程、电磁场与无线技术,,,,,768,284,,,,,,768,284,,,,,,,,,本科,,,,,
8124516,海南,本科批,物理,,X30BCE2,专业组02,华中科技大学,3046,光电信息科学与工程（启明实验班）,启明实验班,,,,,776,221,,,,,,776,221,,,,,,,,,本科,,,,,
8124517,海南,本科批,物理,,X30BCE2,专业组02,华中科技大学,E2CB,计算机类（计算机学院）（包含专业：计算机科学与技术、数据科学与大数据技术、智能科学与技术）,计算机学院; 包含专业：计算机科学与技术、数据科学与大数据技术、智能科学与技术,,,,,784,173,,,,,,784,173,,,,,,,,,本科,,,,,
8124518,海南,本科批,物理,,X30BCE2,专业组02,华中科技大学,3972,人工智能（启明实验班）,启明实验班,,,,,787,160,,,,,,787,160,,,,,,,,,本科,,,,,
8126287,海南,本科批,物理,,X4B039B,专业组04,苏州大学,002F,建筑学（需具有一定的美术基础）,需具有一定的美术基础,,,,,674,3136,,,,,,674,3136,,,,,,,,,本科,,,,,
8126288,海南,本科批,物理,,X4B039B,专业组04,苏州大学,FBFE,物流管理,,,,,,675,3055,,,,,,675,3055,,,,,,,,,本科,,,,,
8126289,海南,本科批,物理,,X4B039B,专业组04,苏州大学,21BA,财政学,,,,,,678,2871,,,,,,678,2871,,,,,,,,,本科,,,,,
8126290,海南,本科批,物理,,X4B039B,专业组05,苏州大学,D6ED,化学工程与工艺,,,,,,679,2805,,,,,,679,2805,,,,,,,,,本科,,,,,
8126291,海南,本科批,物理,,X4B039B,专业组05,苏州大学,EAB4,轻化工程,,,,,,680,2744,,,,,,680,2744,,,,,,,,,本科,,,,,
8126292,海南,本科批,物理,,X4B039B,专业组05,苏州大学,7BEF,法医学,,,,,,680,2744,,,,,,680,2744,,,,,,,,,本科,,,,,
8126293,海南,本科批,物理,,X4B039B,专业组05,苏州大学,B5AE,化学,,,,,,682,2624,,,,,,682,2624,,,,,,,,,本科,,,,,
8126294,海南,本科批,物理,,X4B039B,专业组04,苏州大学,3739,广告学,,,,,,685,2464,,,,,,685,2464,,,,,,,,,本科,,,,,
8126295,海南,本科批,物理,,X4B039B,专业组04,苏州大学,927B,法学,,,,,,689,2243,,,,,,689,2243,,,,,,,,,本科,,,,,
8126296,海南,本科批,物理,,X4B039B,专业组04,苏州大学,4145,英语,,,,,,689,2243,,,,,,689,2243,,,,,,,,,本科,,,,,
8126297,海南,本科批,物理,,X4B039B,专业组05,苏州大学,82C5,放射医学,,,,,,690,2193,,,,,,690,2193,,,,,,,,,本科,,,,,
8126298,海南,本科批,物理,,X4B039B,专业组05,苏州大学,B694,生物制药,,,,,,692,2093,,,,,,692,2093,,,,,,,,,本科,,,,,
8126299,海南,本科批,物理,,X4B039B,专业组05,苏州大学,F11A,机器人工程,,,,,,693,2052,,,,,,693,2052,,,,,,,,,本科,,,,,
8126300,海南,本科批,物理,,X4B039B,专业组05,苏州大学,8684,智能制造工程,,,,,,694,2000,,,,,,694,2000,,,,,,,,,本科,,,,,
8126301,海南,本科批,物理,,X4B039B,专业组06,苏州大学,4BF3,护理学,,,,,,694,2000,,,,,,694,2000,,,,,,,,,本科,,,,,
8126302,海南,本科批,物理,,X4B039B,专业组05,苏州大学,A687,光电信息科学与工程,,,,,,695,1965,,,,,,695,1965,,,,,,,,,本科,,,,,
8126303,海南,本科批,物理,,X4B039B,专业组05,苏州大学,A5B7,电气工程及其自动化,,,,,,697,1864,,,,,,697,1864,,,,,,,,,本科,,,,,
8126304,海南,本科批,物理,,X4B039B,专业组05,苏州大学,ECA4,通信工程,,,,,,698,1821,,,,,,698,1821,,,,,,,,,本科,,,,,
8126305,海南,本科批,物理,,X4B039B,专业组05,苏州大学,F068,人工智能,,,,,,702,1663,,,,,,702,1663,,,,,,,,,本科,,,,,
8126306,海南,本科批,物理,,X4B039B,专业组07,苏州大学,D243,汉语言文学,,,,,,703,1618,,,,,,703,1618,,,,,,,,,本科,,,,,
8127035,海南,本科批,物理,,X19375A,专业组02,重庆大学,414F,建筑类（国家专项计划）（建筑学、城乡规划、风景园林）,国家专项计划; 建筑学、城乡规划、风景园林,,,,,569,18472,,,,,,569,18472,,,,,,,,,本科,,,,,
8127036,海南,本科批,物理,,X19375A,专业组03,重庆大学,13D3,外国语言文学类（国家专项计划）（英语、德语、日语）,国家专项计划; 英语、德语、日语,,,,,653,4781,,,,,,653,4781,,,,,,,,,本科,,,,,
8127037,海南,本科批,物理,,X19375A,专业组05,重庆大学,5721,理科试验班（数学物理类）（数学与应用数学、物理学、信息与计算科学、应用物理学、统计学）,数学物理类; 数学与应用数学、物理学、信息与计算科学、应用物理学、统计学,,,,,709,1401,,,,,,709,1401,,,,,,,,,本科,,,,,
8127038,海南,本科批,物理,,X19375A,专业组05,重庆大学,E481,工科试验班（工程能源类）（机械设计制造及其自动化、能源与动力工程、航空航天工程、车辆工程、新能源科学与工程、工程力学、土木工程、材料科学与工程、建筑环境与能源应用工程、核工程与核技术、材料成型及控制工程、机械电子工程、工业工程）,工程能源类; 机械设计制造及其自动化、能源与动力工程、航空航天工程、车辆工程、新能源科学与工程、工程力学、土木工程、材料科学与工程、建筑环境与能源应用工程、核工程与核技术、材料成型及控制工程、机械电子工程、工业工程,,,,,710,1375,,,,,,710,1375,,,,,,,,,本科,,,,,
8127039,海南,本科批,物理,,X19375A,专业组05,重庆大学,BA20,工科试验班（新工科类）（机器人工程、碳储科学与工程、储能科学与工程、智能感知工程、智能建造）,新工科类; 机器人工程、碳储科学与工程、储能科学与工程、智能感知工程、智能建造,,,,,710,1375,,,,,,710,1375,,,,,,,,,本科,,,,,
8127040,海南,本科批,物理,,X19375A,专业组04,重庆大学,A0BA,人文科学试验班（法学新闻类）（法学、新闻学、广播电视学）,法学新闻类; 法学、新闻学、广播电视学,,,,,716,1181,,,,,,716,1181,,,,,,,,,本科,,,,,
8127041,海南,本科批,物理,,X19375A,专业组05,重庆大学,5803,工科试验班（电气信息类）（电气工程及其自动化、通信工程、计算机科学与技术、软件工程、测控技术与仪器、自动化、人工智能、数据科学与大数据技术、集成电路设计与集成系统、信息安全、电子信息工程）,电气信息类; 电气工程及其自动化、通信工程、计算机科学与技术、软件工程、测控技术与仪器、自动化、人工智能、数据科学与大数据技术、集成电路设计与集成系统、信息安全、电子信息工程,,,,,719,1104,,,,,,719,1104,,,,,,,,,本科,,,,,
8127042,海南,本科批,物理,,X19375A,专业组05,重庆大学,E8EB,工科试验班（卓越工程师计划）（电气工程及其自动化等普通类四年制理工类专业）,卓越工程师计划; 电气工程及其自动化等普通类四年制理工类专业,,,,,722,1011,,,,,,722,1011,,,,,,,,,本科,,,,,
8127908,海南,本科提前批,物理,,X57341C,专业组物化,华南理工大学,146F,船舶与海洋工程（高校专项计划）,高校专项计划,,,,,659,4256,,,,,,659,4256,,,,,,,,,本科,,,,,
8127909,海南,本科提前批,物理,,X57341C,专业组物化,华南理工大学,90CB,食品科学与工程类（国家专项计划）,国家专项计划,,,,,675,3055,,,,,,675,3055,,,,,,,,,本科,,,,,
8127910,海南,本科批,物理,,X57341C,专业组05,华南理工大学,ABA8,环境科学与工程类,,,,,,718,1126,,,,,,718,1126,,,,,,,,,本科,,,,,
8127911,海南,本科批,物理,,X57341C,专业组05,华南理工大学,EF96,食品科学与工程类,,,,,,718,1126,,,,,,718,1126,,,,,,,,,本科,,,,,
8127912,海南,本科批,物理,,X57341C,专业组05,华南理工大学,6C5F,工科试验班（智慧土木与数字建造）,智慧土木与数字建造,,,,,719,1104,,,,,,719,1104,,,,,,,,,本科,,,,,
8127913,海南,本科批,物理,,X57341C,专业组05,华南理工大学,2426,材料类,,,,,,719,1104,,,,,,719,1104,,,,,,,,,本科,,,,,
8127914,海南,本科批,物理,,X57341C,专业组05,华南理工大学,D035,生物科学类,,,,,,720,1067,,,,,,720,1067,,,,,,,,,本科,,,,,
8127915,海南,本科批,物理,,X57341C,专业组05,华南理工大学,4648,物理学类,,,,,,725,935,,,,,,725,935,,,,,,,,,本科,,,,,
8127916,海南,本科批,物理,,X57341C,专业组05,华南理工大学,0976,工科试验班（智能装备与先进制造）,智能装备与先进制造,,,,,726,914,,,,,,726,914,,,,,,,,,本科,,,,,
8127917,海南,本科批,物理,,X57341C,专业组05,华南理工大学,E7FB,化工与制药类,,,,,,726,914,,,,,,726,914,,,,,,,,,本科,,,,,
8127918,海南,本科批,物理,,X57341C,专业组05,华南理工大学,5669,数学类,,,,,,729,840,,,,,,729,840,,,,,,,,,本科,,,,,
8127919,海南,本科批,物理,,X57341C,专业组05,华南理工大学,3C38,软件工程,,,,,,729,840,,,,,,729,840,,,,,,,,,本科,,,,,
8127920,海南,本科批,物理,,X57341C,专业组05,华南理工大学,4B2A,信息工程,,,,,,729,840,,,,,,729,840,,,,,,,,,本科,,,,,
8127921,海南,本科批,物理,,X57341C,专业组03,华南理工大学,C29F,经济学类,,,,,,731,800,,,,,,731,800,,,,,,,,,本科,,,,,
8127922,海南,本科批,物理,,X57341C,专业组05,华南理工大学,9648,计算机科学与技术（全英创新班）,全英创新班,,,,,732,780,,,,,,732,780,,,,,,,,,本科,,,,,
8127923,海南,本科批,物理,,X57341C,专业组04,华南理工大学,62BF,大数据管理与应用,,,,,,733,761,,,,,,733,761,,,,,,,,,本科,,,,,
8127924,海南,本科批,物理,,X57341C,专业组03,华南理工大学,EF7C,工商管理类,,,,,,736,702,,,,,,736,702,,,,,,,,,本科,,,,,
8127925,海南,本科批,物理,,X57341C,专业组05,华南理工大学,85BF,电气类,,,,,,737,687,,,,,,737,687,,,,,,,,,本科,,,,,
8127926,海南,本科批,物理,,X57341C,专业组05,华南理工大学,0184,自动化类,,,,,,740,626,,,,,,740,626,,,,,,,,,本科,,,,,
8127927,海南,本科批,物理,,X57341C,专业组05,华南理工大学,82E6,计算机类,,,,,,742,599,,,,,,742,599,,,,,,,,,本科,,,,,
8128809,海南,本科批,物理,,X7D745A,专业组03,郑州大学,D2C9,医学检验技术（不招色盲、色弱及单色识别不全考生）,不招色盲、色弱及单色识别不全考生,,,,,654,4713,,,,,,654,4713,,,,,,,,,本科,,,,,
8128810,海南,本科批,物理,,X7D745A,专业组03,郑州大学,A84D,力学类（包含专业：安全工程、工程力学）,包含专业：安全工程、工程力学,,,,,655,4593,,,,,,655,4593,,,,,,,,,本科,,,,,
8128811,海南,本科批,物理,,X7D745A,专业组03,郑州大学,A7B5,药学（不招色盲、色弱及单色识别不全考生）,不招色盲、色弱及单色识别不全考生,,,,,656,4510,,,,,,656,4510,,,,,,,,,本科,,,,,
8128812,海南,本科批,物理,,X7D745A,专业组03,郑州大学,191A,预防医学（不招色盲、色弱及单色识别不全考生）,不招色盲、色弱及单色识别不全考生,,,,,657,4421,,,,,,657,4421,,,,,,,,,本科,,,,,
8128813,海南,本科批,物理,,X7D745A,专业组02,郑州大学,9F99,图书情报与档案管理类（包含专业：图书馆学、信息管理与信息系统）,包含专业：图书馆学、信息管理与信息系统,,,,,657,4421,,,,,,657,4421,,,,,,,,,本科,,,,,
8128814,海南,本科批,物理,,X7D745A,专业组03,郑州大学,8990,基础医学（不招色盲、色弱及单色识别不全考生）,不招色盲、色弱及单色识别不全考生,,,,,657,4421,,,,,,657,4421,,,,,,,,,本科,,,,,
8128815,海南,本科批,物理,,X7D745A,专业组03,郑州大学,84BD,生物科学类（包含专业：生物技术、生物信息学、植物科学与技术；不招色盲、色弱及单色识别不全考生）,包含专业：生物技术、生物信息学、植物科学与技术；不招色盲、色弱及单色识别不全考生,,,,,658,4330,,,,,,658,4330,,,,,,,,,本科,,,,,
8128816,海南,本科批,物理,,X7D745A,专业组02,郑州大学,CBAF,经济学类（包含专业：经济学、金融学、国际经济与贸易）,包含专业：经济学、金融学、国际经济与贸易,,,,,659,4256,,,,,,659,4256,,,,,,,,,本科,,,,,
8128817,海南,本科批,物理,,X7D745A,专业组03,郑州大学,763A,物理学类（包含专业：物理学、应用物理学、电子科学与）,包含专业：物理学、应用物理学、电子科学与,,,,,660,4172,,,,,,660,4172,,,,,,,,,本科,,,,,
8128818,海南,本科批,物理,,X7D745A,专业组03,郑州大学,25D6,机械类（包含专业：机械工程、过程装备与控制工程能源与动力工程）,包含专业：机械工程、过程装备与控制工程能源与动力工程,,,,,661,4080,,,,,,661,4080,,,,,,,,,本科,,,,,
8128819,海南,本科批,物理,,X7D745A,专业组03,郑州大学,4E05,数学类（包含专业：数学与应用数学、信息与计算科学、统计学）,包含专业：数学与应用数学、信息与计算科学、统计学,,,,,662,3996,,,,,,662,3996,,,,,,,,,本科,,,,,
8128820,海南,本科批,物理,,X7D745A,专业组03,郑州大学,DAF4,临床医学（第二临床学院）（不招色盲、色弱及单色识别不全考生）,第二临床学院; 不招色盲、色弱及单色识别不全考生,,,,,665,3764,,,,,,665,3764,,,,,,,,,本科,,,,,
8128821,海南,本科批,物理,,X7D745A,专业组04,郑州大学,CB7A,公共管理类（包含专业：行政管理、社会工作、国际政治）,包含专业：行政管理、社会工作、国际政治,,,,,665,3764,,,,,,665,3764,,,,,,,,,本科,,,,,
8128822,海南,本科批,物理,,X7D745A,专业组03,郑州大学,F068,人工智能,,,,,,667,3616,,,,,,667,3616,,,,,,,,,本科,,,,,
8128823,海南,本科批,物理,,X7D745A,专业组04,郑州大学,B8C3,马克思主义理论类（包含专业：思想政治教育、马克思主义理论）,包含专业：思想政治教育、马克思主义理论,,,,,668,3539,,,,,,668,3539,,,,,,,,,本科,,,,,
8128824,海南,本科批,物理,,X7D745A,专业组03,郑州大学,8794,自动化类（包含专业：电气工程及其自动化、自动化）,包含专业：电气工程及其自动化、自动化,,,,,668,3539,,,,,,668,3539,,,,,,,,,本科,,,,,
8128825,海南,本科批,物理,,X7D745A,专业组03,郑州大学,632C,口腔医学（不招色盲、色弱及单色识别不全考生）,不招色盲、色弱及单色识别不全考生,,,,,668,3539,,,,,,668,3539,,,,,,,,,本科,,,,,
8128826,海南,本科批,物理,,X7D745A,专业组03,郑州大学,043E,计算机类（包含专业：计算机科学与技术、软件工程）,包含专业：计算机科学与技术、软件工程,,,,,681,2691,,,,,,681,2691,,,,,,,,,本科,,,,,
8128827,海南,本科批,物理,,X7D745A,专业组01,郑州大学,4145,英语,,,,,,681,2691,,,,,,681,2691,,,,,,,,,本科,,,,,
8128828,海南,本科批,物理,,X7D745A,专业组01,郑州大学,A8C6,新闻传播学类（包含专业：广告学、新闻学、网络与新媒体）,包含专业：广告学、新闻学、网络与新媒体,,,,,682,2624,,,,,,682,2624,,,,,,,,,本科,,,,,
8130543,海南,本科批,物理,,X2D8094,专业组02,深圳大学,5CC8,哲学,,,,,,685,2464,,,,,,685,2464,,,,,,,,,本科,,,,,
8130544,海南,本科批,物理,,X2D8094,专业组02,深圳大学,3FFD,城乡规划（不招色盲）,不招色盲,,,,,685,2464,,,,,,685,2464,,,,,,,,,本科,,,,,
8130545,海南,本科批,物理,,X2D8094,专业组02,深圳大学,D3C8,德语（德英）,德英,,,,,688,2294,,,,,,688,2294,,,,,,,,,本科,,,,,
8130546,海南,本科批,物理,,X2D8094,专业组02,深圳大学,25DE,国际经济与贸易,,,,,,689,2243,,,,,,689,2243,,,,,,,,,本科,,,,,
8130547,海南,本科批,物理,,X2D8094,专业组02,深圳大学,4145,英语,,,,,,689,2243,,,,,,689,2243,,,,,,,,,本科,,,,,
8130548,海南,本科批,物理,,X2D8094,专业组02,深圳大学,AC90,行政管理,,,,,,689,2243,,,,,,689,2243,,,,,,,,,本科,,,,,
8130549,海南,本科批,物理,,X2D8094,专业组02,深圳大学,04A0,工商管理,,,,,,690,2193,,,,,,690,2193,,,,,,,,,本科,,,,,
8130550,海南,本科批,物理,,X2D8094,专业组04,深圳大学,D85B,临床医学（不招色盲、色弱）,不招色盲、色弱,,,,,691,2145,,,,,,691,2145,,,,,,,,,本科,,,,,
8130551,海南,本科批,物理,,X2D8094,专业组04,深圳大学,C734,电子科学与技术,,,,,,692,2093,,,,,,692,2093,,,,,,,,,本科,,,,,
8130552,海南,本科批,物理,,X2D8094,专业组04,深圳大学,BA8C,口腔医学（不招色盲、色弱；左手惯用者请慎重报考）,不招色盲、色弱；左手惯用者请慎重报考,,,,,692,2093,,,,,,692,2093,,,,,,,,,本科,,,,,
8130553,海南,本科批,物理,,X2D8094,专业组04,深圳大学,B6C5,预防医学（不招色盲、色弱）,不招色盲、色弱,,,,,692,2093,,,,,,692,2093,,,,,,,,,本科,,,,,
8130554,海南,本科批,物理,,X2D8094,专业组04,深圳大学,4C65,自动化,,,,,,693,2052,,,,,,693,2052,,,,,,,,,本科,,,,,
8130555,海南,本科批,物理,,X2D8094,专业组02,深圳大学,0FBC,金融学,,,,,,694,2000,,,,,,694,2000,,,,,,,,,本科,,,,,
8130556,海南,本科批,物理,,X2D8094,专业组02,深圳大学,3739,广告学,,,,,,694,2000,,,,,,694,2000,,,,,,,,,本科,,,,,
8130557,海南,本科批,物理,,X2D8094,专业组04,深圳大学,93E3,电子信息工程,,,,,,694,2000,,,,,,694,2000,,,,,,,,,本科,,,,,
8130558,海南,本科批,物理,,X2D8094,专业组04,深圳大学,D71A,人工智能（卓越班）,卓越班,,,,,695,1965,,,,,,695,1965,,,,,,,,,本科,,,,,
8130559,海南,本科批,物理,,X2D8094,专业组02,深圳大学,4154,电子商务,,,,,,695,1965,,,,,,695,1965,,,,,,,,,本科,,,,,
8130560,海南,本科批,物理,,X2D8094,专业组04,深圳大学,C766,地理空间信息工程（智慧城市）,智慧城市,,,,,697,1864,,,,,,697,1864,,,,,,,,,本科,,,,,
8130561,海南,本科批,物理,,X2D8094,专业组04,深圳大学,7115,材料科学与工程（不招色盲）,不招色盲,,,,,698,1821,,,,,,698,1821,,,,,,,,,本科,,,,,
8130562,海南,本科批,物理,,X2D8094,专业组02,深圳大学,927B,法学,,,,,,700,1737,,,,,,700,1737,,,,,,,,,本科,,,,,
8131424,海南,高校专项计划批次,物理,,X75B830,专业组物化,西南交通大学,F4F5,土木工程（高校专项计划）,高校专项计划,,,,,603,11475,,,,,,603,11475,,,,,,,,,本科,,,,,
8131425,海南,本科批,物理,,X75B830,专业组物化,西南交通大学,A9F7,土木工程（国家专项计划）,国家专项计划,,,,,622,8436,,,,,,622,8436,,,,,,,,,本科,,,,,
8131426,海南,本科批,物理,,X75B830,专业组物化,西南交通大学,0719,安全工程（国家专项计划）,国家专项计划,,,,,643,5793,,,,,,643,5793,,,,,,,,,本科,,,,,
8131427,海南,本科批,物理,,X75B830,专业组02,西南交通大学,26A7,车辆工程,,,,,,699,1777,,,,,,699,1777,,,,,,,,,本科,,,,,
8131428,海南,本科批,物理,,X75B830,专业组02,西南交通大学,82E6,计算机类,,,,,,700,1737,,,,,,700,1737,,,,,,,,,本科,,,,,
8131429,海南,本科批,物理,,X75B830,专业组02,西南交通大学,3615,机械类,,,,,,700,1737,,,,,,700,1737,,,,,,,,,本科,,,,,
8131430,海南,本科批,物理,,X75B830,专业组02,西南交通大学,861C,电子信息类,,,,,,700,1737,,,,,,700,1737,,,,,,,,,本科,,,,,
8131431,海南,本科批,物理,,X75B830,专业组02,西南交通大学,93E3,电子信息工程,,,,,,702,1663,,,,,,702,1663,,,,,,,,,本科,,,,,
8131432,海南,本科批,物理,,X75B830,专业组02,西南交通大学,852C,交通运输类,,,,,,704,1592,,,,,,704,1592,,,,,,,,,本科,,,,,
8131433,海南,本科批,物理,,X75B830,专业组02,西南交通大学,A5B7,电气工程及其自动化,,,,,,705,1549,,,,,,705,1549,,,,,,,,,本科,,,,,
8132303,海南,本科批,物理,,XF4CF3F,专业组04,青岛大学,75BF,纺织工程,,,,,,493,39015,,,,,,493,39015,,,,,,,,,本科,,,,,
8132304,海南,本科批,物理,,XF4CF3F,专业组04,青岛大学,B6C5,预防医学（不招色盲、色弱）,不招色盲、色弱,,,,,494,38727,,,,,,494,38727,,,,,,,,,本科,,,,,
8132305,海南,本科批,物理,,XF4CF3F,专业组04,青岛大学,5DF1,化学工程与工艺（不招色盲、色弱）,不招色盲、色弱,,,,,495,38461,,,,,,495,38461,,,,,,,,,本科,,,,,
8132306,海南,本科批,物理,,XF4CF3F,专业组04,青岛大学,5D31,材料类（包含专业：高分子材料与工程、复合材料与工程；不招色盲、色弱）,包含专业：高分子材料与工程、复合材料与工程；不招色盲、色弱,,,,,556,21627,,,,,,556,21627,,,,,,,,,本科,,,,,
8132307,海南,本科批,物理,,XF4CF3F,专业组04,青岛大学,B9A5,计算机科学与技术,,,,,,565,19373,,,,,,565,19373,,,,,,,,,本科,,,,,
8132308,海南,本科批,物理,,XF4CF3F,专业组04,青岛大学,D85B,临床医学（不招色盲、色弱）,不招色盲、色弱,,,,,573,17552,,,,,,573,17552,,,,,,,,,本科,,,,,
8132309,海南,本科批,物理,,XF4CF3F,专业组04,青岛大学,A5B7,电气工程及其自动化,,,,,,592,13501,,,,,,592,13501,,,,,,,,,本科,,,,,
8132310,海南,本科批,物理,,XF4CF3F,专业组03,青岛大学,25DE,国际经济与贸易,,,,,,619,8868,,,,,,619,8868,,,,,,,,,本科,,,,,
8132311,海南,本科批,物理,,XF4CF3F,专业组03,青岛大学,21BA,财政学,,,,,,625,8008,,,,,,625,8008,,,,,,,,,本科,,,,,
8132312,海南,本科批,物理,,XF4CF3F,专业组03,青岛大学,7FA1,供应链管理,,,,,,626,7880,,,,,,626,7880,,,,,,,,,本科,,,,,
8132313,海南,本科批,物理,,XF4CF3F,专业组03,青岛大学,D681,信息管理与信息系统,,,,,,633,6965,,,,,,633,6965,,,,,,,,,本科,,,,,
8132314,海南,本科批,物理,,XF4CF3F,专业组02,青岛大学,04A0,工商管理,,,,,,638,6368,,,,,,638,6368,,,,,,,,,本科,,,,,
8132315,海南,本科批,物理,,XF4CF3F,专业组02,青岛大学,D243,汉语言文学,,,,,,639,6231,,,,,,639,6231,,,,,,,,,本科,,,,,
8132316,海南,本科批,物理,,XF4CF3F,专业组02,青岛大学,927B,法学,,,,,,646,5489,,,,,,646,5489,,,,,,,,,本科,,,,,
8133651,海南,本科批,物理,,X29EA39,专业组80,武汉理工大学,F519,金融学（中外合作办学）,中外合作办学,,,,,664,3845,,,,,,664,3845,,,,,,,,,本科,,,,,
8133652,海南,本科批,物理,,X29EA39,专业组03,武汉理工大学,2479,外国语言文学类（包含专业：英语、法语、日语）,包含专业：英语、法语、日语,,,,,670,3396,,,,,,670,3396,,,,,,,,,本科,,,,,
8133653,海南,本科批,物理,,X29EA39,专业组04,武汉理工大学,9FB6,海事管理,,,,,,673,3195,,,,,,673,3195,,,,,,,,,本科,,,,,
8133654,海南,本科批,物理,,X29EA39,专业组04,武汉理工大学,9C28,交通运输类（包含专业：油气储运工程、交通运输、交通工程、交通设备与控制工程）,包含专业：油气储运工程、交通运输、交通工程、交通设备与控制工程,,,,,674,3136,,,,,,674,3136,,,,,,,,,本科,,,,,
8133655,海南,本科批,物理,,X29EA39,专业组03,武汉理工大学,6D53,工商管理类（包含专业：市场营销、人力资源管理、工商管）,包含专业：市场营销、人力资源管理、工商管,,,,,674,3136,,,,,,674,3136,,,,,,,,,本科,,,,,
8133656,海南,本科批,物理,,X29EA39,专业组04,武汉理工大学,CE1B,土木类（包含专业：土木工程、建筑环境与能源应用工程、给排水科学与工程、工程管理里）,包含专业：土木工程、建筑环境与能源应用工程、给排水科学与工程、工程管理里,,,,,675,3055,,,,,,675,3055,,,,,,,,,本科,,,,,
8133657,海南,本科批,物理,,X29EA39,专业组03,武汉理工大学,CBAF,经济学类（包含专业：经济学、金融学、国际经济与贸易）,包含专业：经济学、金融学、国际经济与贸易,,,,,675,3055,,,,,,675,3055,,,,,,,,,本科,,,,,
8133658,海南,本科批,物理,,X29EA39,专业组04,武汉理工大学,CEDE,道路桥梁与渡河工程,,,,,,677,2924,,,,,,677,2924,,,,,,,,,本科,,,,,
8133659,海南,本科批,物理,,X29EA39,专业组04,武汉理工大学,431B,环境科学与工程类（包含专业：环境工程、环境科学、采矿工程）,包含专业：环境工程、环境科学、采矿工程,,,,,678,2871,,,,,,678,2871,,,,,,,,,本科,,,,,
8133660,海南,本科批,物理,,X29EA39,专业组04,武汉理工大学,C4F0,化工与���药类（含生物方向）（包含专业：生物技术、应用化学、化学工程与）,含生物方向; 包含专业：生物技术、应用化学、化学工程与,,,,,678,2871,,,,,,678,2871,,,,,,,,,本科,,,,,
8133661,海南,本科批,物理,,X29EA39,专业组04,武汉理工大学,9B7A,材料类（包含专业：材料成型及控制工程、材料科学与）,包含专业：材料成型及控制工程、材料科学与,,,,,680,2744,,,,,,680,2744,,,,,,,,,本科,,,,,
8133662,海南,本科批,物理,,X29EA39,专业组04,武汉理工大学,FA23,地理信息科学,,,,,,681,2691,,,,,,681,2691,,,,,,,,,本科,,,,,
8133663,海南,本科批,物理,,X29EA39,专业组04,武汉理工大学,D681,信息管理与信息系统,,,,,,681,2691,,,,,,681,2691,,,,,,,,,本科,,,,,
8133664,海南,本科批,物理,,X29EA39,专业组04,武汉理工大学,1A3D,海洋工程类（包含专业：港口航道与海岸工程、船舶与海洋工程）,包含专业：港口航道与海岸工程、船舶与海洋工程,,,,,684,2517,,,,,,684,2517,,,,,,,,,本科,,,,,
8133665,海南,本科批,物理,,X29EA39,专业组03,武汉理工大学,0935,法学类（包含专业：法学、社会工作）,包含专业：法学、社会工作,,,,,686,2406,,,,,,686,2406,,,,,,,,,本科,,,,,
8133666,海南,本科批,物理,,X29EA39,专业组04,武汉理工大学,60F5,物流管理与工程类（包含专业：物流管理、物流工程）,包含专业：物流管理、物流工程,,,,,686,2406,,,,,,686,2406,,,,,,,,,本科,,,,,
8133667,海南,本科批,物理,,X29EA39,专业组04,武汉理工大学,8647,机械类（智能制造）（包含专业：智能制造工程、工业工程、机械工程、过程装备与控制工程、测控技术与仪器）,智能制造; 包含专业：智能制造工程、工业工程、机械工程、过程装备与控制工程、测控技术与仪器,,,,,687,2344,,,,,,687,2344,,,,,,,,,本科,,,,,
8133668,海南,本科批,物理,,X29EA39,专业组04,武汉理工大学,78FF,机械设计制造及其自动化,,,,,,687,2344,,,,,,687,2344,,,,,,,,,本科,,,,,
8133669,海南,本科批,物理,,X29EA39,专业组04,武汉理工大学,FFCE,自动化类（包含专业：电气工程及其自动化、自动化、机器人工程）,包含专业：电气工程及其自动化、自动化、机器人工程,,,,,691,2145,,,,,,691,2145,,,,,,,,,本科,,,,,
8133670,海南,本科批,物理,,X29EA39,专业组04,武汉理工大学,E407,电子信息类（包含专业：电子信息工程、电子科学与技术、通信工程、集成电路设计与集成系统、智能科学与技术）,包含专业：电子信息工程、电子科学与技术、通信工程、集成电路设计与集成系统、智能科学与技术,,,,,693,2052,,,,,,693,2052,,,,,,,,,本科,,,,,
8134216,海南,本科批,物理,,X98A6C5,专业组02,天津大学,D570,工科试验班（电气信息类）,电气信息类,,,,,735,725,,,,,,735,725,,,,,,,,,本科,,,,,
8134217,海南,本科批,物理,,X98A6C5,专业组02,天津大学,0761,工科试验班（智能与计算类）,智能与计算类,,,,,735,725,,,,,,735,725,,,,,,,,,本科,,,,,
8134566,海南,本科批,物理,,X0A26EC,专业组02,东南大学,1C04,工科试验班（碳中和与智能制造实验班）（包含专业：电气工程及其自动化、电动载运工程、机器人工程、自动化、智能车辆工程、机械工程、新能源科学与工程、能源与动力工术、环境工程、智能感知工程、测控技术与仪程、建筑环境与能源应用工程、核工程与核技器）,碳中和与智能制造实验班; 包含专业：电气工程及其自动化、电动载运工程、机器人工程、自动化、智能车辆工程、机械工程、新能源科学与工程、能源与动力工术、环境工程、智能感知工程、测控技术与仪程、建筑环境与能源应用工程、核工程与核技器,,,,,753,440,,,,,,753,440,,,,,,,,,本科,,,,,
8134567,海南,本科批,物理,,X0A26EC,专业组02,东南大学,6015,集成电路设计与集成系统（后两年在无锡培养）,后两年在无锡培养,,,,,753,440,,,,,,753,440,,,,,,,,,本科,,,,,
8134568,海南,本科批,物理,,X0A26EC,专业组02,东南大学,BC0C,电子信息类（包含专业：信息工程、海洋信息工程、电子科学与技术）,包含专业：信息工程、海洋信息工程、电子科学与技术,,,,,754,432,,,,,,754,432,,,,,,,,,本科,,,,,
8134569,海南,本科批,物理,,X0A26EC,专业组02,东南大学,B2B0,计算机类（包含专业：计算机科学与技术、软件工程、人）,包含专业：计算机科学与技术、软件工程、人,,,,,755,413,,,,,,755,413,,,,,,,,,本科,,,,,
8134570,海南,本科批,物理,,X0A26EC,专业组02,东南大学,8739,工科试验班（智慧建造、智能交通与先进材料）（包含专业：土木工程、给排水科学与工程、工口航道与海岸工程、城市地下空间工程、道路程管理、智能建造、交通工程、交通运输、港桥梁与渡河工程、智慧交通、材料科学与工程）,智慧建造、智能交通与先进材料; 包含专业：土木工程、给排水科学与工程、工口航道与海岸工程、城市地下空间工程、道路程管理、智能建造、交通工程、交通运输、港桥梁与渡河工程、智慧交通、材料科学与工程,,,,,758,378,,,,,,758,378,,,,,,,,,本科,,,,,
8134571,海南,本科批,物理,,X0A26EC,专业组02,东南大学,22A8,工科试验班（吴健雄班）（包含专业：信息工程等四年制理工科专业）,吴健雄班; 包含专业：信息工程等四年制理工科专业,,,,,766,300,,,,,,766,300,,,,,,,,,本科,,,,,
8135352,海南,本科批,物理,,X8E6053,专业组04,中国海洋大学,2C9D,少数民族预科班（预科培养地点：中国海洋大学崂山校区）,预科培养地点：中国海洋大学崂山校区,,,,,627,7735,,,,,,627,7735,,,,,,,,,本科,,,,,
8135353,海南,本科批,物理,,X8E6053,专业组82,中国海洋大学,B4B2,生物技术（中外合作办学）（与澳大利亚阿德莱德大学合办，“2+2”“3+2”模式均可）,中外合作办学; 与澳大利亚阿德莱德大学合办，“2+2”“3+2”模式均可,,,,,659,4256,,,,,,659,4256,,,,,,,,,本科,,,,,
8135354,海南,本科批,物理,,X8E6053,专业组81,中国海洋大学,2583,计算机科学与技术（中外合作办学）（与英国赫瑞瓦特大学合办，“3+1”模式）,中外合作办学; 与英国赫瑞瓦特大学合办，“3+1”模式,,,,,664,3845,,,,,,664,3845,,,,,,,,,本科,,,,,
8135355,海南,本科批,物理,,X8E6053,专业组03,中国海洋大学,87D8,海洋渔业科学与技术,,,,,,672,3261,,,,,,672,3261,,,,,,,,,本科,,,,,
8135356,海南,本科批,物理,,X8E6053,专业组03,中国海洋大学,B13C,生物科学类（包含专业：生态学、生物技术、生物科学；设有基础学科拔尖计划2.0基地）,包含专业：生态学、生物技术、生物科学；设有基础学科拔尖计划2.0基地,,,,,673,3195,,,,,,673,3195,,,,,,,,,本科,,,,,
8135357,海南,本科批,物理,,X8E6053,专业组03,中国海洋大学,4ECE,土木工程,,,,,,673,3195,,,,,,673,3195,,,,,,,,,本科,,,,,
8135358,海南,本科批,物理,,X8E6053,专业组03,中国海洋大学,AE50,轮机工程,,,,,,674,3136,,,,,,674,3136,,,,,,,,,本科,,,,,
8135359,海南,本科批,物理,,X8E6053,专业组03,中国海洋大学,7A1F,水产养殖学,,,,,,674,3136,,,,,,674,3136,,,,,,,,,本科,,,,,
8135360,海南,本科批,物理,,X8E6053,专业组03,中国海洋大学,557A,港口航道与海岸工程,,,,,,677,2924,,,,,,677,2924,,,,,,,,,本科,,,,,
8135361,海南,本科批,物理,,X8E6053,专业组80,中国海洋大学,15CE,法学（中外合作办学）（与美国亚利桑那大学罗杰斯法学院合办“4+0”“2+2”“3+1”模式均可）,中外合作办学; 与美国亚利桑那大学罗杰斯法学院合办“4+0”“2+2”“3+1”模式均可,,,,,678,2871,,,,,,678,2871,,,,,,,,,本科,,,,,
8135362,海南,本科批,物理,,X8E6053,专业组03,中国海洋大学,294C,地球信息科学与技术,,,,,,678,2871,,,,,,678,2871,,,,,,,,,本科,,,,,
8135363,海南,本科批,物理,,X8E6053,专业组03,中国海洋大学,377E,海洋资源与环境,,,,,,679,2805,,,,,,679,2805,,,,,,,,,本科,,,,,
8135364,海南,本科批,物理,,X8E6053,专业组03,中国海洋大学,DE8A,地质学,,,,,,680,2744,,,,,,680,2744,,,,,,,,,本科,,,,,
8135365,海南,本科批,物理,,X8E6053,专业组03,中国海洋大学,B5AE,化学,,,,,,681,2691,,,,,,681,2691,,,,,,,,,本科,,,,,
8135366,海南,本科批,物理,,X8E6053,专业组03,中国海洋大学,F0CF,海洋技术,,,,,,682,2624,,,,,,682,2624,,,,,,,,,本科,,,,,
8135367,海南,本科批,物理,,X8E6053,专业组03,中国海洋大学,D91F,食品科学与工程类（包含专业：食品科学与工程、食品营养与健康）,包含专业：食品科学与工程、食品营养与健康,,,,,683,2567,,,,,,683,2567,,,,,,,,,本科,,,,,
8135368,海南,本科批,物理,,X8E6053,专业组03,中国海洋大学,4226,大气科学,,,,,,685,2464,,,,,,685,2464,,,,,,,,,本科,,,,,
8135369,海南,本科批,物理,,X8E6053,专业组03,中国海洋大学,E40F,海洋资源开发技术,,,,,,686,2406,,,,,,686,2406,,,,,,,,,本科,,,,,
8135370,海南,本科批,物理,,X8E6053,专业组03,中国海洋大学,AF6C,声学,,,,,,690,2193,,,,,,690,2193,,,,,,,,,本科,,,,,
8135371,海南,本科批,物理,,X8E6053,专业组02,中国海洋大学,CA0F,旅游管理,,,,,,690,2193,,,,,,690,2193,,,,,,,,,本科,,,,,
8137395,海南,本科批,物理,,X0FFD97,专业组81,西安交通大学,ABA7,建筑学（中外合作办学）（意大利米兰理工）,中外合作办学; 意大利米兰理工,,,,,674,3136,,,,,,674,3136,,,,,,,,,本科,,,,,
8137396,海南,本科批,物理,,X0FFD97,专业组80,西安交通大学,A4EA,临床医学（5+3一体化）,5+3一体化,,,,,754,432,,,,,,754,432,,,,,,,,,本科,,,,,
8137397,海南,本科批,物理,,X0FFD97,专业组03,西安交通大学,289B,微电子科学与工程,,,,,,774,235,,,,,,774,235,,,,,,,,,本科,,,,,
8137398,海南,本科批,物理,,X0FFD97,专业组03,西安交通大学,4C65,自动化,,,,,,775,229,,,,,,775,229,,,,,,,,,本科,,,,,
8137399,海南,本科批,物理,,X0FFD97,专业组03,西安交通大学,1479,工科试验班（计算机科学技术类）（包含专业：计算机科学与技术、网络空间安全、物联网工程）,计算机科学技术类; 包含专业：计算机科学与技术、网络空间安全、物联网工程,,,,,776,221,,,,,,776,221,,,,,,,,,本科,,,,,
8137400,海南,本科批,物理,,X0FFD97,专业组03,西安交通大学,D5C6,工科试验班（航天航空类）（包含专业：飞行器设计与工程、飞行器动力工程、工程力学）,航天航空类; 包含专业：飞行器设计与工程、飞行器动力工程、工程力学,,,,,776,221,,,,,,776,221,,,,,,,,,本科,,,,,
8137401,海南,本科批,物理,,X0FFD97,专业组03,西安交通大学,5D4C,工科试验班（电气类（包含专业：电气工程及其自动化、能源互联网工程）,电气类（包含专业：电气工程及其自动化、能源互联网工程,,,,,779,202,,,,,,779,202,,,,,,,,,本科,,,,,
8137402,海南,本科批,物理,,X0FFD97,专业组03,西安交通大学,0D8B,工科试验班（智慧能源类）（包含专业：能源与动力工程、能源与动力工程（热流国际班）、新能源科学与工程、核工程与核技术、环境工程）,智慧能源类; 包含专业：能源与动力工程、能源与动力工程（热流国际班,,,,,786,164,,,,,,786,164,,,,,,,,,本科,,,,,
8138171,海南,本科批,物理,,X72DF07,专业组80,北京邮电大学,D25E,信息与计算科学（中外合作办学）（办学地点在海南陵水黎安国际教育创新试验区，本专业部分课程采用英语授课）,中外合作办学; 办学地点在海南陵水黎安国际教育创新试验区，本专业部分课程采用英语授课,,,,,649,5168,,,,,,649,5168,,,,,,,,,本科,,,,,
8138172,海南,本科批,物理,,X72DF07,专业组80,北京邮电大学,289B,数字媒体技术（中外合作办学）（办学地点在海南陵水黎安国际教育创新试验区，本专业部分课程采用英语授课）,中外合作办学; 办学地点在海南陵水黎安国际教育创新试验区，本专业部分课程采用英语授课,,,,,657,4421,,,,,,657,4421,,,,,,,,,本科,,,,,
8138173,海南,本科批,物理,,X72DF07,专业组01,北京邮电大学,B158,物联网工程（中外合作办学）（一年级在沙河校区，二、三、四年级将根据学校规划安排在沙河校区或西土城路校区；本专业部分课程采用英语授课）,中外合作办学; 一年级在沙河校区，二、三、四年级将根据学校规划安排在沙河校区或西土城路校区；本专业部分课程采用英语授课,,,,,685,2464,,,,,,685,2464,,,,,,,,,本科,,,,,
8138174,海南,本科批,物理,,X72DF07,专业组01,北京邮电大学,B81B,电信工程及管理（中外合作办学）（一年级在沙河校区，二、三、四年级将根据学校规划安排在沙河校区或西土城路校区；本专业部分课程采用英语授课）,中外合作办学; 一年级在沙河校区，二、三、四年级将根据学校规划安排在沙河校区或西土城路校区；本专业部分课程采用英语授课,,,,,688,2294,,,,,,688,2294,,,,,,,,,本科,,,,,
8138175,海南,本科批,物理,,X72DF07,专业组01,北京邮电大学,DC49,智能科学与技术（中外合作办学）（一年级在沙河校区，二、三、四年级将根据学校规划安排在沙河校区或西土城路校区；本专业部分课程采用英语授课）,中外合作办学; 一年级在沙河校区，二、三、四年级将根据学校规划安排在沙河校区或西土城路校区；本专业部分课程采用英语授课,,,,,689,2243,,,,,,689,2243,,,,,,,,,本科,,,,,
8138176,海南,本科批,物理,,X72DF07,专业组01,北京邮电大学,F46D,电子信息工程（中外合作办学）（一年级在沙河校区，二、三、四年级将根据学业部分课程采用英语授课校规划安排在沙河校区或西土城路校区；本专）,中外合作办学; 一年级在沙河校区，二、三、四年级将根据学业部分课程采用英语授课校规划安排在沙河校区或西土城路校区；本专,,,,,693,2052,,,,,,693,2052,,,,,,,,,本科,,,,,
8138177,海南,本科批,物理,,X72DF07,专业组02,北京邮电大学,A25A,软件工程（一年级在沙河校区，二、三、四年级将根据学校规划安排在沙河校区或西土城路校区；后两年学费为16000元/年；本专业部分课程采用英语授课）,一年级在沙河校区，二、三、四年级将根据学校规划安排在沙河校区或西土城路校区；后两年学费为16000元/年；本专业部分课程采用英语授课,,,,,724,957,,,,,,724,957,,,,,,,,,本科,,,,,
8138178,海南,本科批,物理,,X72DF07,专业组02,北京邮电大学,5D92,智能交互设计（办学地点在沙河校区）,办学地点在沙河校区,,,,,727,887,,,,,,727,887,,,,,,,,,本科,,,,,
8138179,海南,本科批,物理,,X72DF07,专业组02,北京邮电大学,B8B0,人工智能（大类招生）（包含专业：信息工程、人工智能、智能医学工程；一年级在沙河校区，二、三、四年级将根据学校规划安排在沙河校区或西土城路校区）,大类招生; 包含专业：信息工程、人工智能、智能医学工程；一年级在沙河校区，二、三、四年级将根据学校规划安排在沙河校区或西土城路校区,,,,,727,887,,,,,,727,887,,,,,,,,,本科,,,,,
8138180,海南,本科批,物理,,X72DF07,专业组02,北京邮电大学,E984,电子信息类（包含专业：电子信息科学与技术、电子科学与技术、光电信息科学与工程、集成电路设计与集成系统；一年级在沙河校区，二、三、四年校区级将根据学校规划安排在沙河校区或西土城路）,包含专业：电子信息科学与技术、电子科学与技术、光电信息科学与工程、集成电路设计与集成系统；一年级在沙河校区，二、三、四年校区级将根据学校规划安排在沙河校区或西土城路,,,,,730,822,,,,,,730,822,,,,,,,,,本科,,,,,
8138181,海南,本科批,物理,,X72DF07,专业组02,北京邮电大学,362E,通信工程（大类招生）（包含专业：通信工程、电子信息工程、空间信息与数字技术；一年级在沙河校区，二、三、四年级将根据学校规划安排在沙河校区或西土城路校区）,大类招生; 包含专业：通信工程、电子信息工程、空间信息与数字技术；一年级在沙河校区，二、三、四年级将根据学校规划安排在沙河校区或西土城路校区,,,,,730,822,,,,,,730,822,,,,,,,,,本科,,,,,
8138182,海南,本科批,物理,,X72DF07,专业组02,北京邮电大学,A59F,理科试验班（信息科学）（包含专业：数学与应用数学、信息与计算科学、应用物理学；办学地点在沙河校区）,信息科学; 包含专业：数学与应用数学、信息与计算科学、应用物理学；办学地点在沙河校区,,,,,732,780,,,,,,732,780,,,,,,,,,本科,,,,,
8138183,海南,本科批,物理,,X72DF07,专业组02,北京邮电大学,7346,计算机类（包含专业：计算机科学与技术、网络工程、数据科学与大数据技术；一年级在沙河校区，二、三、四年级将根据学校规划安排在沙河校区或西土城路校区）,包含专业：计算机科学与技术、网络工程、数据科学与大数据技术；一年级在沙河校区，二、三、四年级将根据学校规划安排在沙河校区或西土城路校区,,,,,739,649,,,,,,739,649,,,,,,,,,本科,,,,,
8138184,海南,本科批,物理,,X72DF07,专业组80,北京邮电大学,BA10,计算机类（元班）（包含专业：计算机科学与技术、网络空间安全；未来学院“元班”实验班；一年级在沙河校区，二、三、四年级将根据学校规划安排在沙河校区或西土城路校区）,元班; 包含专业：计算机科学与技术、网络空间安全；未来学院“元班”实验班；一年级在沙河校区，二、三、四年级将根据学校规划安排在沙河校区或西土城路校区,,,,,757,390,,,,,,757,390,,,,,,,,,本科,,,,,
8138185,海南,本科批,物理,,X72DF07,专业组80,北京邮电大学,3331,电子信息类（元班）（包含专业：通信工程、电子科学与技术；未来学院“元班”实验班；一年级在沙河校区，二、三、四年级将根据学校规划安排在沙河校区或西土城路校区）,元班; 包含专业：通信工程、电子科学与技术；未来学院“元班”实验班；一年级在沙河校区，二、三、四年级将根据学校规划安排在沙河校区或西土城路校区,,,,,760,359,,,,,,760,359,,,,,,,,,本科,,,,,
8139009,海南,本科批,物理,,XC84358,专业组04,暨南大学,C168,包装工程,,,,,,677,2924,,,,,,677,2924,,,,,,,,,本科,,,,,
8139010,海南,本科批,物理,,XC84358,专业组04,暨南大学,52FD,应用化学,,,,,,678,2871,,,,,,678,2871,,,,,,,,,本科,,,,,
8139011,海南,本科批,物理,,XC84358,专业组04,暨南大学,0541,生物科学,,,,,,678,2871,,,,,,678,2871,,,,,,,,,本科,,,,,
8139012,海南,本科批,物理,,XC84358,专业组03,暨南大学,16DF,金融工程,,,,,,681,2691,,,,,,681,2691,,,,,,,,,本科,,,,,
8139013,海南,本科批,物理,,XC84358,专业组04,暨南大学,C734,电子科学与技术,,,,,,684,2517,,,,,,684,2517,,,,,,,,,本科,,,,,
8139014,海南,本科批,物理,,XC84358,专业组02,暨南大学,AC90,行政管理,,,,,,684,2517,,,,,,684,2517,,,,,,,,,本科,,,,,
8139015,海南,本科批,物理,,XC84358,专业组04,暨南大学,548C,信息与计算科学,,,,,,685,2464,,,,,,685,2464,,,,,,,,,本科,,,,,
8139016,海南,本科批,物理,,XC84358,专业组02,暨南大学,CA0F,旅游管理,,,,,,685,2464,,,,,,685,2464,,,,,,,,,本科,,,,,
8139017,海南,本科批,物理,,XC84358,专业组03,暨南大学,BB8A,应急管理,,,,,,686,2406,,,,,,686,2406,,,,,,,,,本科,,,,,
8139018,海南,本科批,物理,,XC84358,专业组02,暨南大学,8B36,翻译,,,,,,687,2344,,,,,,687,2344,,,,,,,,,本科,,,,,
8139019,海南,本科批,物理,,XC84358,专业组02,暨南大学,A615,汉语国际教育,,,,,,688,2294,,,,,,688,2294,,,,,,,,,本科,,,,,
8139020,海南,本科批,物理,,XC84358,专业组02,暨南大学,FB65,风景园林,,,,,,689,2243,,,,,,689,2243,,,,,,,,,本科,,,,,
8139021,海南,本科批,物理,,XC84358,专业组02,暨南大学,4154,电子商务,,,,,,689,2243,,,,,,689,2243,,,,,,,,,本科,,,,,
8139022,海南,本科批,物理,,XC84358,专业组02,暨南大学,FB18,财务管理,,,,,,689,2243,,,,,,689,2243,,,,,,,,,本科,,,,,
8139023,海南,本科批,物理,,XC84358,专业组02,暨南大学,1D5E,税收学,,,,,,690,2193,,,,,,690,2193,,,,,,,,,本科,,,,,
8139024,海南,本科批,物理,,XC84358,专业组80,暨南大学,C924,中医学（不招色盲、色弱）,不招色盲、色弱,,,,,691,2145,,,,,,691,2145,,,,,,,,,本科,,,,,
8139025,海南,本科批,物理,,XC84358,专业组80,暨南大学,A61A,临床医学（校本部班；不招色盲、色弱）,校本部班；不招色盲、色弱,,,,,692,2093,,,,,,692,2093,,,,,,,,,本科,,,,,
8139026,海南,本科批,物理,,XC84358,专业组02,暨南大学,927B,法学,,,,,,695,1965,,,,,,695,1965,,,,,,,,,本科,,,,,
8139027,海南,本科批,物理,,XC84358,专业组80,暨南大学,9923,口腔医学（不招色盲、色弱）,不招色盲、色弱,,,,,701,1696,,,,,,701,1696,,,,,,,,,本科,,,,,
8139028,海南,本科批,物理,,XC84358,专业组02,暨南大学,2D37,汉语言,,,,,,704,1592,,,,,,704,1592,,,,,,,,,本科,,,,,
8139924,海南,本科批,物理,,X14AAB9,专业组02,南昌大学,97D0,临床医学,,,,,,642,5905,,,,,,642,5905,,,,,,,,,本科,,,,,
8139925,海南,本科批,物理,,X14AAB9,专业组02,南昌大学,817D,康复治疗学,,,,,,642,5905,,,,,,642,5905,,,,,,,,,本科,,,,,
8139926,海南,本科批,物理,,X14AAB9,专业组02,南昌大学,4ECE,土木工程,,,,,,642,5905,,,,,,642,5905,,,,,,,,,本科,,,,,
8139927,海南,本科批,物理,,X14AAB9,专业组02,南昌大学,7E23,环境工程,,,,,,642,5905,,,,,,642,5905,,,,,,,,,本科,,,,,
8139928,海南,本科批,物理,,X14AAB9,专业组02,南昌大学,7A1F,水产养殖学,,,,,,642,5905,,,,,,642,5905,,,,,,,,,本科,,,,,
8139929,海南,本科批,物理,,X14AAB9,专业组02,南昌大学,D6ED,化学工程与工艺,,,,,,642,5905,,,,,,642,5905,,,,,,,,,本科,,,,,
8139930,海南,本科批,物理,,X14AAB9,专业组02,南昌大学,4ED3,生态学,,,,,,643,5793,,,,,,643,5793,,,,,,,,,本科,,,,,
8139931,海南,本科批,物理,,X14AAB9,专业组02,南昌大学,E347,工业设计,,,,,,646,5489,,,,,,646,5489,,,,,,,,,本科,,,,,
8139932,海南,本科批,物理,,X14AAB9,专业组02,南昌大学,40CE,制药工程,,,,,,646,5489,,,,,,646,5489,,,,,,,,,本科,,,,,
8139933,海南,本科批,物理,,X14AAB9,专业组02,南昌大学,B5AE,化学,,,,,,646,5489,,,,,,646,5489,,,,,,,,,本科,,,,,
8139934,海南,本科批,物理,,X14AAB9,专业组80,南昌大学,EF11,临床医学（中外合作办学）（中英双学位合作办学）,中外合作办学; 中英双学位合作办学,,,,,648,5279,,,,,,648,5279,,,,,,,,,本科,,,,,
8139935,海南,本科批,物理,,X14AAB9,专业组03,南昌大学,313F,护理学（建议身高要求：男生167cm，女生157cm以上）,建议身高要求：男生167cm，女生157cm以上,,,,,650,5072,,,,,,650,5072,,,,,,,,,本科,,,,,
8139936,海南,本科批,物理,,X14AAB9,专业组02,南昌大学,57E6,医学影像学,,,,,,650,5072,,,,,,650,5072,,,,,,,,,本科,,,,,
8139937,海南,本科批,物理,,X14AAB9,专业组02,南昌大学,F89C,生物技术,,,,,,653,4781,,,,,,653,4781,,,,,,,,,本科,,,,,
8139938,海南,本科批,物理,,X14AAB9,专业组02,南昌大学,10A0,药学,,,,,,654,4713,,,,,,654,4713,,,,,,,,,本科,,,,,
8139939,海南,本科批,物理,,X14AAB9,专业组02,南昌大学,52FD,应用化学,,,,,,655,4593,,,,,,655,4593,,,,,,,,,本科,,,,,
8139940,海南,本科批,物理,,X14AAB9,专业组02,南昌大学,5E49,食品科学与工程,,,,,,656,4510,,,,,,656,4510,,,,,,,,,本科,,,,,
8139941,海南,本科批,物理,,X14AAB9,专业组01,南昌大学,7022,社会学,,,,,,660,4172,,,,,,660,4172,,,,,,,,,本科,,,,,
8139942,海南,本科批,物理,,X14AAB9,专业组02,南昌大学,BE91,医学检验技术,,,,,,660,4172,,,,,,660,4172,,,,,,,,,本科,,,,,
8139943,海南,本科批,物理,,X14AAB9,专业组01,南昌大学,671C,日语,,,,,,660,4172,,,,,,660,4172,,,,,,,,,本科,,,,,
8140833,海南,本科批,物理,,XC70C34,专业组80,长安大学,099F,道路桥梁与渡河工程（中外合作办学）（中外合作办学；高收费；合作院校为爱尔兰都柏林大学）,中外合作办学; 中外合作办学；高收费；合作院校为爱尔兰都柏林大学,,,,,597,12551,,,,,,597,12551,,,,,,,,,本科,,,,,
8140834,海南,本科批,物理,,XC70C34,专业组80,长安大学,B635,交通运输（中外合作办学）（中外合作办学；高收费；合作院校为爱尔兰都柏林大学）,中外合作办学; 中外合作办学；高收费；合作院校为爱尔兰都柏林大学,,,,,642,5905,,,,,,642,5905,,,,,,,,,本科,,,,,
8140835,海南,本科批,物理,,XC70C34,专业组04,长安大学,07E2,材料类（包含专业：材料科学与工程、材料成型及控制工程、无机非金属材料工程、新能源材料与器件、高分子材料与工程）,包含专业：材料科学与工程、材料成型及控制工程、无机非金属材料工程、新能源材料与器件、高分子材料与工程,,,,,645,5610,,,,,,645,5610,,,,,,,,,本科,,,,,
8140836,海南,本科批,物理,,XC70C34,专业组04,长安大学,B20B,道路桥梁与渡河工程（国际工程班）,国际工程班,,,,,645,5610,,,,,,645,5610,,,,,,,,,本科,,,,,
8140837,海南,本科批,物理,,XC70C34,专业组04,长安大学,2384,土木类（包含专业：土木工程、建筑环境与能源应用工程、给排水科学与工程、工程造价）,包含专业：土木工程、建筑环境与能源应用工程、给排水科学与工程、工程造价,,,,,645,5610,,,,,,645,5610,,,,,,,,,本科,,,,,
8140838,海南,本科批,物理,,XC70C34,专业组04,长安大学,1384,水利类（包含专业:水文与水资源工程、水利水电工程、地下水科学与工程）,包含专业:水文与水资源工程、水利水电工程、地下水科学与工程,,,,,647,5370,,,,,,647,5370,,,,,,,,,本科,,,,,
8140839,海南,本科批,物理,,XC70C34,专业组04,长安大学,CEDE,道路桥梁与渡河工程,,,,,,650,5072,,,,,,650,5072,,,,,,,,,本科,,,,,
8140840,海南,本科批,物理,,XC70C34,专业组04,长安大学,4A2C,物流工程,,,,,,653,4781,,,,,,653,4781,,,,,,,,,本科,,,,,
8140841,海南,本科批,物理,,XC70C34,专业组04,长安大学,C7AE,交通工程,,,,,,653,4781,,,,,,653,4781,,,,,,,,,本科,,,,,
8140842,海南,本科批,物理,,XC70C34,专业组04,长安大学,F55B,交通运输,,,,,,654,4713,,,,,,654,4713,,,,,,,,,本科,,,,,
8140843,海南,本科批,物理,,XC70C34,专业组04,长安大学,677D,汽车服务工程,,,,,,655,4593,,,,,,655,4593,,,,,,,,,本科,,,,,
8140844,海南,本科批,物理,,XC70C34,专业组02,长安大学,FBFE,物流管理,,,,,,657,4421,,,,,,657,4421,,,,,,,,,本科,,,,,
8140845,海南,本科批,物理,,XC70C34,专业组04,长安大学,5AC6,工程力学,,,,,,660,4172,,,,,,660,4172,,,,,,,,,本科,,,,,
8140846,海南,本科批,物理,,XC70C34,专业组04,长安大学,E602,电子信息类（包含专业：电子信息工程、通信工程、人工智能）,包含专业：电子信息工程、通信工程、人工智能,,,,,664,3845,,,,,,664,3845,,,,,,,,,本科,,,,,
8140847,海南,本科批,物理,,XC70C34,专业组04,长安大学,DDD9,机械类（包含专业：智能制造工程、机械工程、机械设计制造及其自动化、机械电子工程）,包含专业：智能制造工程、机械工程、机械设计制造及其自动化、机械电子工程,,,,,665,3764,,,,,,665,3764,,,,,,,,,本科,,,,,
8140848,海南,本科批,物理,,XC70C34,专业组03,长安大学,FEF4,管理科学与工程类（包含专业：工程管理、信息管理与信息系统）,包含专业：工程管理、信息管理与信息系统,,,,,665,3764,,,,,,665,3764,,,,,,,,,本科,,,,,
8141711,海南,本科批,物理,,X33871B,专业组04,江南大学,8336,食品营养与健康,,,,,,663,3920,,,,,,663,3920,,,,,,,,,本科,,,,,
8141712,海南,本科批,物理,,X33871B,专业组03,江南大学,4145,英语,,,,,,686,2406,,,,,,686,2406,,,,,,,,,本科,,,,,
8141713,海南,本科批,物理,,X33871B,专业组03,江南大学,927B,法学,,,,,,696,1913,,,,,,696,1913,,,,,,,,,本科,,,,,
8142727,海南,本科批,物理,,XC4AFB0,专业组01,哈尔滨工业大学,D129,工科试验班（院士特色班、未来技术拔尖班（包含专业：自动化、集成电路设计与集成系统、智能视觉工程、飞行器设计与工程、智能装备与系统、人工智能、机器人工程、计算机科学与技术、通信工程、电子信息工程、数据科学与大数据技术、大数据管理与应用、智能感知工程、仿生科学与工程、焊接技术与工程、电子封装技术；未来技术学院培养、书院制管理，采用“一生一策”拔尖培养）,院士特色班、未来技术拔尖班（包含专业：自动化、集成电路设计与集成系统、智能视觉工程、飞行器设计与工程、智能装备与系统、人工智能、机器人工程、计算机科学与技术、通信工程、电子信息工程、数据科学与大数据技术、大数据管理与应用、智能感知工程、仿生科学与工程、焊接技术与工程、电子封装技术；未来技术学院培养、书院制管理，采用“一生一策”拔尖培养,,,,,790,144,,,,,,790,144,,,,,,,,,本科,,,,,
8143470,海南,本科批,物理,,XD2092B,专业组03,扬州大学,7E23,环境工程,,,,,,597,12551,,,,,,597,12551,,,,,,,,,本科,,,,,
8143471,海南,本科批,物理,,XD2092B,专业组03,扬州大学,C325,农学,,,,,,599,12200,,,,,,599,12200,,,,,,,,,本科,,,,,
8143472,海南,本科批,物理,,XD2092B,专业组03,扬州大学,97D0,临床医学,,,,,,602,11656,,,,,,602,11656,,,,,,,,,本科,,,,,
8143473,海南,本科批,物理,,XD2092B,专业组03,扬州大学,4ECE,土木工程,,,,,,604,11285,,,,,,604,11285,,,,,,,,,本科,,,,,
8143474,海南,本科批,物理,,XD2092B,专业组03,扬州大学,2A78,物理学（含师范）,含师范,,,,,607,10761,,,,,,607,10761,,,,,,,,,本科,,,,,
8143475,海南,本科批,物理,,XD2092B,专业组03,扬州大学,C1B4,水利水电工程,,,,,,607,10761,,,,,,607,10761,,,,,,,,,本科,,,,,
8143476,海南,本科批,物理,,XD2092B,专业组03,扬州大学,C7AE,交通工程,,,,,,609,10437,,,,,,609,10437,,,,,,,,,本科,,,,,
8143477,海南,本科批,物理,,XD2092B,专业组03,扬州大学,0943,烹饪与营养教育,,,,,,610,10279,,,,,,610,10279,,,,,,,,,本科,,,,,
8143478,海南,本科批,物理,,XD2092B,专业组03,扬州大学,0325,动物医学,,,,,,616,9314,,,,,,616,9314,,,,,,,,,本科,,,,,
8143479,海南,本科批,物理,,XD2092B,专业组03,扬州大学,78FF,机械设计制造及其自动化,,,,,,617,9159,,,,,,617,9159,,,,,,,,,本科,,,,,
8143480,海南,本科批,物理,,XD2092B,专业组03,扬州大学,2638,植物保护,,,,,,619,8868,,,,,,619,8868,,,,,,,,,本科,,,,,
8143481,海南,本科批,物理,,XD2092B,专业组03,扬州大学,A5B7,电气工程及其自动化,,,,,,620,8717,,,,,,620,8717,,,,,,,,,本科,,,,,
8143482,海南,本科批,物理,,XD2092B,专业组03,扬州大学,289B,微电子科学与工程,,,,,,621,8571,,,,,,621,8571,,,,,,,,,本科,,,,,
8143483,海南,本科批,物理,,XD2092B,专业组03,扬州大学,B8DA,数学与应用数学（师范类）,师范类,,,,,631,7228,,,,,,631,7228,,,,,,,,,本科,,,,,
8143484,海南,本科批,物理,,XD2092B,专业组03,扬州大学,F89C,生物技术,,,,,,633,6965,,,,,,633,6965,,,,,,,,,本科,,,,,
8143485,海南,本科批,物理,,XD2092B,专业组02,扬州大学,6F56,工程管理,,,,,,637,6498,,,,,,637,6498,,,,,,,,,本科,,,,,
8143486,海南,本科批,物理,,XD2092B,专业组01,扬州大学,DB75,广播电视学,,,,,,648,5279,,,,,,648,5279,,,,,,,,,本科,,,,,
8143487,海南,本科批,物理,,XD2092B,专业组01,扬州大学,1049,商务英语,,,,,,657,4421,,,,,,657,4421,,,,,,,,,本科,,,,,
8143488,海南,本科批,物理,,XD2092B,专业组01,扬州大学,F338,英语（师范类）,师范类,,,,,659,4256,,,,,,659,4256,,,,,,,,,本科,,,,,
8143489,海南,本科批,物理,,XD2092B,专业组01,扬州大学,927B,法学,,,,,,660,4172,,,,,,660,4172,,,,,,,,,本科,,,,,
8144283,海南,本科批,物理,,XE1AD8D,专业组04,成都理工大学,CA0F,旅游管理,,,,,,599,12200,,,,,,599,12200,,,,,,,,,本科,,,,,
8144284,海南,本科批,物理,,XE1AD8D,专业组05,成都理工大学,43A0,建筑类,,,,,,615,9467,,,,,,615,9467,,,,,,,,,本科,,,,,
8144285,海南,本科批,物理,,XE1AD8D,专业组02,成都理工大学,5AC6,工程力学,,,,,,617,9159,,,,,,617,9159,,,,,,,,,本科,,,,,
8144286,海南,本科批,物理,,XE1AD8D,专业组02,成都理工大学,C0DA,应用统计学,,,,,,618,9022,,,,,,618,9022,,,,,,,,,本科,,,,,
8144287,海南,本科批,物理,,XE1AD8D,专业组02,成都理工大学,FF49,核工程类,,,,,,619,8868,,,,,,619,8868,,,,,,,,,本科,,,,,
8144288,海南,本科批,物理,,XE1AD8D,专业组02,成都理工大学,4D53,石油工程,,,,,,619,8868,,,,,,619,8868,,,,,,,,,本科,,,,,
8144289,海南,本科批,物理,,XE1AD8D,专业组02,成都理工大学,EC95,勘查技术与工程,,,,,,620,8717,,,,,,620,8717,,,,,,,,,本科,,,,,
8144290,海南,本科批,物理,,XE1AD8D,专业组02,成都理工大学,D583,网络空间安全,,,,,,621,8571,,,,,,621,8571,,,,,,,,,本科,,,,,
8144291,海南,本科批,物理,,XE1AD8D,专业组02,成都理工大学,6F78,空间科学与技术,,,,,,621,8571,,,,,,621,8571,,,,,,,,,本科,,,,,
8144292,海南,本科批,物理,,XE1AD8D,专业组02,成都理工大学,FA23,地理信息科学,,,,,,624,8163,,,,,,624,8163,,,,,,,,,本科,,,,,
8144293,海南,本科批,物理,,XE1AD8D,专业组02,成都理工大学,A03B,地质学类,,,,,,626,7880,,,,,,626,7880,,,,,,,,,本科,,,,,
8144294,海南,本科批,物理,,XE1AD8D,专业组02,成都理工大学,D06C,机械工程,,,,,,626,7880,,,,,,626,7880,,,,,,,,,本科,,,,,
8144295,海南,本科批,物理,,XE1AD8D,专业组01,成都理工大学,4145,英语,,,,,,629,7486,,,,,,629,7486,,,,,,,,,本科,,,,,
8144296,海南,本科批,物理,,XE1AD8D,专业组01,成都理工大学,09EE,市场营销,,,,,,630,7329,,,,,,630,7329,,,,,,,,,本科,,,,,
8144297,海南,本科批,物理,,XE1AD8D,专业组02,成都理工大学,861C,电子信息类,,,,,,634,6830,,,,,,634,6830,,,,,,,,,本科,,,,,
8144298,海南,本科批,物理,,XE1AD8D,专业组03,成都理工大学,51C8,思想政治教育,,,,,,649,5168,,,,,,649,5168,,,,,,,,,本科,,,,,
8145137,海南,本科批,物理,,XD7DC5B,专业组01,西北工业大学,A565,海洋工程类（智慧海洋试验班）,智慧海洋试验班,,,,,733,761,,,,,,733,761,,,,,,,,,本科,,,,,
8145138,海南,本科批,物理,,XD7DC5B,专业组01,西北工业大学,E364,机械类（航宇智能制造试验班）,航宇智能制造试验班,,,,,735,725,,,,,,735,725,,,,,,,,,本科,,,,,
8145139,海南,本科批,物理,,XD7DC5B,专业组01,西北工业大学,651E,材料类（航宇新材料试验班）,航宇新材料试验班,,,,,738,666,,,,,,738,666,,,,,,,,,本科,,,,,
8145140,海南,本科批,物理,,XD7DC5B,专业组01,西北工业大学,0184,自动化类,,,,,,738,666,,,,,,738,666,,,,,,,,,本科,,,,,
8145141,海南,本科批,物理,,XD7DC5B,专业组01,西北工业大学,B2DB,能源动力类（航空动力与新能源试验班）,航空动力与新能源试验班,,,,,739,649,,,,,,739,649,,,,,,,,,本科,,,,,
8145142,海南,本科批,物理,,XD7DC5B,专业组01,西北工业大学,861C,电子信息类,,,,,,742,599,,,,,,742,599,,,,,,,,,本科,,,,,
8145143,海南,本科批,物理,,XD7DC5B,专业组01,西北工业大学,0115,计算机类（网络安全）,网络安全,,,,,744,566,,,,,,744,566,,,,,,,,,本科,,,,,
8145144,海南,本科批,物理,,XD7DC5B,专业组01,西北工业大学,D3AB,航空航天类（航天）,航天,,,,,745,549,,,,,,745,549,,,,,,,,,本科,,,,,
8145145,海南,本科批,物理,,XD7DC5B,专业组01,西北工业大学,9E40,航空航天类（航空）,航空,,,,,745,549,,,,,,745,549,,,,,,,,,本科,,,,,
8145146,海南,本科批,物理,,XD7DC5B,专业组01,西北工业大学,82E6,计算机类,,,,,,747,521,,,,,,747,521,,,,,,,,,本科,,,,,
8145147,海南,本科批,物理,,XD7DC5B,专业组01,西北工业大学,7E22,航空航天类（陈士橹飞天班）,陈士橹飞天班,,,,,757,390,,,,,,757,390,,,,,,,,,本科,,,,,
8145148,海南,本科批,物理,,XD7DC5B,专业组01,西北工业大学,402B,航空航天类（智慧三航本研衔接班）,智慧三航本研衔接班,,,,,769,275,,,,,,769,275,,,,,,,,,本科,,,,,
8145923,海南,本科批,物理,,XD8D78E,专业组02,哈尔滨工程大学,5C67,少数民族预科班（预科培养地点：哈尔滨工程大学校本部）,预科培养地点：哈尔滨工程大学校本部,,,,,606,10952,,,,,,606,10952,,,,,,,,,本科,,,,,
8145924,海南,本科批,物理,,XD8D78E,专业组01,哈尔滨工程大学,5D62,能源动力类（包含专业：能源与动力工程、轮机工程）,包含专业：能源与动力工程、轮机工程,,,,,685,2464,,,,,,685,2464,,,,,,,,,本科,,,,,
8145925,海南,本科批,物理,,XD8D78E,专业组01,哈尔滨工程大学,8684,智能制造工程,,,,,,686,2406,,,,,,686,2406,,,,,,,,,本科,,,,,
8145926,海南,本科批,物理,,XD8D78E,专业组01,哈尔滨工程大学,FC33,核工程与核技术,,,,,,686,2406,,,,,,686,2406,,,,,,,,,本科,,,,,
8145927,海南,本科批,物理,,XD8D78E,专业组01,哈尔滨工程大学,43CF,海洋工程类（包含专业:船舶与海洋工程、港口航道与海岸工程、海洋机器人）,包含专业:船舶与海洋工程、港口航道与海岸工程、海洋机器人,,,,,687,2344,,,,,,687,2344,,,,,,,,,本科,,,,,
8145928,海南,本科批,物理,,XD8D78E,专业组01,哈尔滨工程大学,A2C5,航空航天类（包含专业：飞行器设计与工程、飞行器动力工程、工程力学、土木工程）,包含专业：飞行器设计与工程、飞行器动力工程、工程力学、土木工程,,,,,688,2294,,,,,,688,2294,,,,,,,,,本科,,,,,
8145929,海南,本科批,物理,,XD8D78E,专业组01,哈尔滨工程大学,0805,自动化类（包含专业：自动化、电气工程及其自动化、测控技术与仪器、探测制导与控制技术、机器人工程、人工智能）,包含专业：自动化、电气工程及其自动化、测控技术与仪器、探测制导与控制技术、机器人工程、人工智能,,,,,694,2000,,,,,,694,2000,,,,,,,,,本科,,,,,
8145930,海南,本科批,物理,,XD8D78E,专业组01,哈尔滨工程大学,DBFC,水声工程（含水声、电子水声、海洋信息）,含水声、电子水声、海洋信息,,,,,698,1821,,,,,,698,1821,,,,,,,,,本科,,,,,
8146594,海南,本科批,物理,,X00A4E9,专业组02,河南大学,8CFD,物理学（国家级一流本科专业建设点；入学后，按照学托专业具体要求，开展物理学明德计划实验班校拔尖创新人才培养实验班建设管理办法及依选拔培养工作）（师范类专业）,国家级一流本科专业建设点；入学后，按照学托专业具体要求，开展物理学明德计划实验班校拔尖创新人才培养实验班建设管理办法及依选拔培养工作; 师范类专业,,,,,574,17335,,,,,,574,17335,,,,,,,,,本科,,,,,
8146595,海南,本科批,物理,,X00A4E9,专业组02,河南大学,4850,土木工程（国家级一流本科专业建设点；入学后，按照学校拔尖创新人才培养实验班建设管理办法及依托专业具体要求，开展土木工程卓越计划实验班选拔培养工作）,国家级一流本科专业建设点；入学后，按照学校拔尖创新人才培养实验班建设管理办法及依托专业具体要求，开展土木工程卓越计划实验班选拔培养工作,,,,,576,16888,,,,,,576,16888,,,,,,,,,本科,,,,,
8146596,海南,本科批,物理,,X00A4E9,专业组02,河南大学,9B17,生物信息学,,,,,,577,16644,,,,,,577,16644,,,,,,,,,本科,,,,,
8146597,海南,本科批,物理,,X00A4E9,专业组02,河南大学,5FC4,环境科学,,,,,,581,15788,,,,,,581,15788,,,,,,,,,本科,,,,,
8146598,海南,本科批,物理,,X00A4E9,专业组02,河南大学,EFC3,化学类（包含专业：应用化学、能源化学、化学（师范）；化学为国家级一流本科专业建设点；入学后，按照学校拔尖创新人才培养实验班建设管理办法验班选拔培养工作）,包含专业：应用化学、能源化学、化学（师范,,,,,583,15317,,,,,,583,15317,,,,,,,,,本科,,,,,
8146599,海南,本科批,物理,,X00A4E9,专业组02,河南大学,F68B,植物科学与技术（国家级一流本科专业建设点）,国家级一流本科专业建设点,,,,,592,13501,,,,,,592,13501,,,,,,,,,本科,,,,,
8146600,海南,本科批,物理,,X00A4E9,专业组02,河南大学,7BB7,计算机类（包含专业：计算机科学与技术、数据科学与大数据技术、信息安全；计算机科学与技术为国家级一流本科专业建设点；入学后，按照学校拔尖创新人才培养实验班建设管理办法及依托越计划实验班选拔培养工作）,包含专业：计算机科学与技术、数据科学与大数据技术、信息安全；计算机科学与技术为国家级一流本科专业建设点；入学后，按照学校拔尖创新人才培养实验班建设管理办法及依托越计划实验班选拔培养工作,,,,,613,9795,,,,,,613,9795,,,,,,,,,本科,,,,,
8146601,海南,本科批,物理,,X00A4E9,专业组80,河南大学,6995,网络工程,,,,,,614,9643,,,,,,614,9643,,,,,,,,,本科,,,,,
8146602,海南,本科批,物理,,X00A4E9,专业组01,河南大学,F867,电子商务（国家级一流本科专业建设点）,国家级一流本科专业建设点,,,,,633,6965,,,,,,633,6965,,,,,,,,,本科,,,,,
8146603,海南,本科批,物理,,X00A4E9,专业组01,河南大学,E8EF,旅游管理类（包含专业：旅游管理、文化产业管理；旅游管理为国家级一流本科专业建设点）,包含专业：旅游管理、文化产业管理；旅游管理为国家级一流本科专业建设点,,,,,634,6830,,,,,,634,6830,,,,,,,,,本科,,,,,
8146604,海南,本科批,物理,,X00A4E9,专业组01,河南大学,248C,经济学类（包含专业：经济学、金融学、财政学、国际经济与贸易；经济学、金融学、财政学均为国家尖创新人才培养实验班建设管理办法及依托专级一流本科专业建设点；入学后，按照学校拔培养工作业具体要求，开展经济学明德计划实验班选拔）,包含专业：经济学、金融学、财政学、国际经济与贸易；经济学、金融学、财政学均为国家尖创新人才培养实验班建设管理办法及依托专级一流本科专业建设点；入学后，按照学校拔培养工作业具体要求，开展经济学明德计划实验班选拔,,,,,647,5370,,,,,,647,5370,,,,,,,,,本科,,,,,
8146605,海南,本科批,物理,,X00A4E9,专业组04,河南大学,4453,地理科学类（包含专业：地理信息科学、人文地理与城乡规划、地理科学（师范）；地理科学、人文地理与城乡规划均为国家级一流本科专业建设点；入学后，按照学校拔尖创新人才培养实验班建设管理办法及依托专业具体要求，开展地理科学|明德计划实验班选拔培养工作）,包含专业：地理信息科学、人文地理与城乡规划、地理科学（师范,,,,,656,4510,,,,,,656,4510,,,,,,,,,本科,,,,,
8146606,海南,本科批,物理,,X00A4E9,专业组01,河南大学,5520,法学（国家级一流本科专业建设点；入学后，按照学校拔尖创新人才培养实验班建设管理办法及依托专业具体要求，开展法学卓越计划实验班选拔培养工作）,国家级一流本科专业建设点；入学后，按照学校拔尖创新人才培养实验班建设管理办法及依托专业具体要求，开展法学卓越计划实验班选拔培养工作,,,,,659,4256,,,,,,659,4256,,,,,,,,,本科,,,,,
8146607,海南,本科批,物理,,X00A4E9,专业组03,河南大学,F8D7,中国语言文学类（包含专业：汉语言文学、汉语国际教育；汉语言文学、汉语国际教育均为国家级一流本科专业建设点；入学后，按照学校拔尖创新人才培养实验班建设管理办法及依托专业具体要求，开展汉语言文学明德计划实验班选拔培养工作）（师范类专业）,包含专业：汉语言文学、汉语国际教育；汉语言文学、汉语国际教育均为国家级一流本科专业建设点；入学后，按照学校拔尖创新人才培养实验班建设管理办法及依托专业具体要求，开展汉语言文学明德计划实验班选拔培养工作; 师范类专业,,,,,665,3764,,,,,,665,3764,,,,,,,,,本科,,,,,
8147359,海南,本科批,物理,,X5CD4F8,专业组02,东北大学,78B2,经济管理试验班（包含专业：工商管理、市场营销、会计学、工业工程、信息管理与信息系统、金融学、经济学；入学后部分课程采用英文教材和英语授课）,包含专业：工商管理、市场营销、会计学、工业工程、信息管理与信息系统、金融学、经济学；入学后部分课程采用英文教材和英语授课,,,,,685,2464,,,,,,685,2464,,,,,,,,,本科,,,,,
8147360,海南,本科批,物理,,X5CD4F8,专业组03,东北大学,1961,机械类（包含专业：机械工程、过程装备与控制工程、车辆工程、工业设计）,包含专业：机械工程、过程装备与控制工程、车辆工程、工业设计,,,,,700,1737,,,,,,700,1737,,,,,,,,,本科,,,,,
8147361,海南,本科批,物理,,X5CD4F8,专业组03,东北大学,70CE,电子信息类（包含专业：电子信息工程、通信工程；入学后部）,包含专业：电子信息工程、通信工程；入学后部,,,,,702,1663,,,,,,702,1663,,,,,,,,,本科,,,,,
8147362,海南,本科批,物理,,X5CD4F8,专业组03,东北大学,8684,智能制造工程,,,,,,702,1663,,,,,,702,1663,,,,,,,,,本科,,,,,
8147363,海南,本科批,物理,,X5CD4F8,专业组03,东北大学,36C7,自动化类（包含专业：自动化、电气工程及其自动化、测控技术与仪器、电子科学与技术、工业智能；入学后部分课程采用英文教材和英语授课）,包含专业：自动化、电气工程及其自动化、测控技术与仪器、电子科学与技术、工业智能；入学后部分课程采用英文教材和英语授课,,,,,703,1618,,,,,,703,1618,,,,,,,,,本科,,,,,
8147364,海南,本科批,物理,,X5CD4F8,专业组03,东北大学,D718,计算机类（包含专业：软件工程、信息安全、数字媒体技术；入学后部分课程采用英文教材和英语授课；原则上只招收有志愿考生；学年学费标准大大二5200元/年，大三大四16000元/年）,包含专业：软件工程、信息安全、数字媒体技术；入学后部分课程采用英文教材和英语授课；原则上只招收有志愿考生；学年学费标准大大二5200元/年，大三大四16000元/年,,,,,707,1471,,,,,,707,1471,,,,,,,,,本科,,,,,
8148072,海南,本科批,物理,,X7817F5,专业组02,西安电子科技大学,66B4,计算机类（智能）（包含专业:人工智能、智能科学与技术）,智能; 包含专业:人工智能、智能科学与技术,,,,,722,1011,,,,,,722,1011,,,,,,,,,本科,,,,,
8148073,海南,本科批,物理,,X7817F5,专业组02,西安电子科技大学,CACC,电子信息类（电子工程）（包含专业：电子信息工程、信息对抗技术、遥感科学与技术、电磁场与无线技术）,电子工程; 包含专业：电子信息工程、信息对抗技术、遥感科学与技术、电磁场与无线技术,,,,,723,985,,,,,,723,985,,,,,,,,,本科,,,,,
8148074,海南,本科批,物理,,X7817F5,专业组02,西安电子科技大学,1B5B,计算机类（包含专业：计算机科学与技术、软件工程；大类包含专业“软件工程”一、二年级每人每年学费6600元，大三、大四按学分计，每学分不超过400元，总学分不高于80学分）,包含专业：计算机科学与技术、软件工程；大类包含专业“软件工程”一、二年级每人每年学费6600元，大三、大四按学分计，每学分不超过400元，总学分不高于80学分,,,,,723,985,,,,,,723,985,,,,,,,,,本科,,,,,
8148075,海南,本科批,物理,,X7817F5,专业组02,西安电子科技大学,9C10,电子信息类（集成电路）（包含专业：微电子科学与工程、集成电路设计与集成系统）,集成电路; 包含专业：微电子科学与工程、集成电路设计与集成系统,,,,,724,957,,,,,,724,957,,,,,,,,,本科,,,,,
8148076,海南,本科批,物理,,X7817F5,专业组02,西安电子科技大学,0651,电子信息类（通信）（包含专业：通信工程、信息工程、空间信息与数字技术）,通信; 包含专业：通信工程、信息工程、空间信息与数字技术,,,,,735,725,,,,,,735,725,,,,,,,,,本科,,,,,
8148077,海南,本科批,物理,,X7817F5,专业组02,西安电子科技大学,D8E5,计算机类（新工科一流人才引领计划创新实验班）（包含专业：计算机科学与技术（国家拔尖基地班）、网络空间安全（实验班）、人工智能（图灵班）,新工科一流人才引领计划创新实验班; 包含专业：计算机科学与技术（国家拔尖基地班; 实验班; 图灵班,,,,,742,599,,,,,,742,599,,,,,,,,,本科,,,,,
8148955,海南,本科批,物理,,XA92DCD,专业组04,南华大学,91BF,矿物资源工程（含卓越工程师班）,含卓越工程师班,,,,,562,20113,,,,,,562,20113,,,,,,,,,本科,,,,,
8148956,海南,本科批,物理,,XA92DCD,专业组04,南华大学,8FEF,化工与制药类（包含专业：化学工程与工艺、制药工程）,包含专业：化学工程与工艺、制药工程,,,,,563,19861,,,,,,563,19861,,,,,,,,,本科,,,,,
8148957,海南,本科批,物理,,XA92DCD,专业组04,南华大学,6420,过程装备与控制工程,,,,,,568,18658,,,,,,568,18658,,,,,,,,,本科,,,,,
8148958,海南,本科批,物理,,XA92DCD,专业组04,南华大学,43D9,药物制剂,,,,,,572,17764,,,,,,572,17764,,,,,,,,,本科,,,,,
8148959,海南,本科批,物理,,XA92DCD,专业组04,南华大学,0DD8,资源勘查工程,,,,,,574,17335,,,,,,574,17335,,,,,,,,,本科,,,,,
8148960,海南,本科批,物理,,XA92DCD,专业组04,南华大学,CEDE,道路桥梁与渡河工程,,,,,,576,16888,,,,,,576,16888,,,,,,,,,本科,,,,,
8148961,海南,本科批,物理,,XA92DCD,专业组04,南华大学,F89C,生物技术,,,,,,576,16888,,,,,,576,16888,,,,,,,,,本科,,,,,
8148962,海南,本科批,物理,,XA92DCD,专业组04,南华大学,FEF6,材料成型及控制工程,,,,,,580,15994,,,,,,580,15994,,,,,,,,,本科,,,,,
8148963,海南,本科批,物理,,XA92DCD,专业组04,南华大学,6A3A,建筑环境与能源应用工程,,,,,,581,15788,,,,,,581,15788,,,,,,,,,本科,,,,,
8148964,海南,本科批,物理,,XA92DCD,专业组04,南华大学,1231,城市地下空间工程,,,,,,584,15113,,,,,,584,15113,,,,,,,,,本科,,,,,
8148965,海南,本科批,物理,,XA92DCD,专业组04,南华大学,BE91,医学检验技术,,,,,,585,14905,,,,,,585,14905,,,,,,,,,本科,,,,,
8148966,海南,本科批,物理,,XA92DCD,专业组04,南华大学,4D44,给排水科学与工程,,,,,,586,14706,,,,,,586,14706,,,,,,,,,本科,,,,,
8148967,海南,本科批,物理,,XA92DCD,专业组04,南华大学,10A0,药学,,,,,,587,14506,,,,,,587,14506,,,,,,,,,本科,,,,,
8148968,海南,本科批,物理,,XA92DCD,专业组04,南华大学,8684,智能制造工程,,,,,,588,14321,,,,,,588,14321,,,,,,,,,本科,,,,,
8148969,海南,本科批,物理,,XA92DCD,专业组04,南华大学,FA4A,安全工程（含卓越工程师班）,含卓越工程师班,,,,,588,14321,,,,,,588,14321,,,,,,,,,本科,,,,,
8148970,海南,本科批,物理,,XA92DCD,专业组04,南华大学,97D0,临床医学,,,,,,594,13128,,,,,,594,13128,,,,,,,,,本科,,,,,
8148971,海南,本科批,物理,,XA92DCD,专业组04,南华大学,57E6,医学影像学,,,,,,599,12200,,,,,,599,12200,,,,,,,,,本科,,,,,
8148972,海南,本科批,物理,,XA92DCD,专业组04,南华大学,4ECE,土木工程,,,,,,600,12004,,,,,,600,12004,,,,,,,,,本科,,,,,
8148973,海南,本科批,物理,,XA92DCD,专业组04,南华大学,26A7,车辆工程,,,,,,604,11285,,,,,,604,11285,,,,,,,,,本科,,,,,
8148974,海南,本科批,物理,,XA92DCD,专业组04,南华大学,F11A,机器人工程,,,,,,605,11138,,,,,,605,11138,,,,,,,,,本科,,,,,
8149824,海南,本科批,物理,,X3F0F52,专业组03,南京航空航天大学,6377,广播电视学（一、二年级在常州市天目湖校区就读，三、四年级在南京市将军路校区就读）,一、二年级在常州市天目湖校区就读，三、四年级在南京市将军路校区就读,,,,,673,3195,,,,,,673,3195,,,,,,,,,本科,,,,,
8149825,海南,本科批,物理,,X3F0F52,专业组03,南京航空航天大学,D9F4,英语（民航业务、国际贸易）（一、二年级在常州市天目湖校区就读，三、四级在南京市将军路校区就读）,民航业务、国际贸易; 一、二年级在常州市天目湖校区就读，三、四级在南京市将军路校区就读,,,,,676,3001,,,,,,676,3001,,,,,,,,,本科,,,,,
8149826,海南,本科批,物理,,X3F0F52,专业组03,南京航空航天大学,0F1E,金融学（一、二年级在常州市天目湖校区就读，三、四级在南京市将军路校区就读）,一、二年级在常州市天目湖校区就读，三、四级在南京市将军路校区就读,,,,,678,2871,,,,,,678,2871,,,,,,,,,本科,,,,,
8149827,海南,本科批,物理,,X3F0F52,专业组02,南京航空航天大学,D32D,交通运输（机场运行与管理）（报考该专业须仔细阅读我校招生章程；该专业一、二年级在常州市天目湖校区就读，三、四年级在南京市将军路校区就读）,机场运行与管理; 报考该专业须仔细阅读我校招生章程；该专业一、二年级在常州市天目湖校区就读，三、四年级在南京市将军路校区就读,,,,,700,1737,,,,,,700,1737,,,,,,,,,本科,,,,,
8149828,海南,本科批,物理,,X3F0F52,专业组02,南京航空航天大学,0E9B,交通运输（空中交通管制与签派）（报考该专业须仔细阅读我校招生章程；该专业一、二年级在常州市天目湖校区就读，三、四年级在南京市将军路校区就读）,空中交通管制与签派; 报考该专业须仔细阅读我校招生章程；该专业一、二年级在常州市天目湖校区就读，三、四年级在南京市将军路校区就读,,,,,702,1663,,,,,,702,1663,,,,,,,,,本科,,,,,
8149829,海南,本科批,物理,,X3F0F52,专业组02,南京航空航天大学,CFE0,交通运输（民航运输管理）（报考该专业须仔细阅读我校招生章程；该专业一、二年级在常州市天目湖校区就读，三、四年级在南京市将军路校区就读）,民航运输管理; 报考该专业须仔细阅读我校招生章程；该专业一、二年级在常州市天目湖校区就读，三、四年级在南京市将军路校区就读,,,,,703,1618,,,,,,703,1618,,,,,,,,,本科,,,,,
8149830,海南,本科批,物理,,X3F0F52,专业组02,南京航空航天大学,7FB3,土木工程（一、二年级在常州市天目湖校区就读，三、四年级在南京市将军路校区就读）,一、二年级在常州市天目湖校区就读，三、四年级在南京市将军路校区就读,,,,,704,1592,,,,,,704,1592,,,,,,,,,本科,,,,,
8149831,海南,本科批,物理,,X3F0F52,专业组02,南京航空航天大学,A440,信息与计算科学（一、二年级在常州市天目湖校区就读，三、四年级在南京市将军路校区就读）,一、二年级在常州市天目湖校区就读，三、四年级在南京市将军路校区就读,,,,,705,1549,,,,,,705,1549,,,,,,,,,本科,,,,,
8149832,海南,本科批,物理,,X3F0F52,专业组02,南京航空航天大学,0911,航空航天类（包含专业：飞行器设计与工程、飞行器环境与生命保障关行动噩控制行制造）,包含专业：飞行器设计与工程、飞行器环境与生命保障关行动噩控制行制造,,,,,706,1507,,,,,,706,1507,,,,,,,,,本科,,,,,
8150689,海南,本科批,物理,,X88D82D,专业组03,兰州大学,8F16,政治学类,,,,,,684,2517,,,,,,684,2517,,,,,,,,,本科,,,,,
8150690,海南,本科批,物理,,X88D82D,专业组02,兰州大学,17BC,大气科学类,,,,,,684,2517,,,,,,684,2517,,,,,,,,,本科,,,,,
8150691,海南,本科批,物理,,X88D82D,专业组02,兰州大学,FC33,核工程与核技术,,,,,,684,2517,,,,,,684,2517,,,,,,,,,本科,,,,,
8150692,海南,本科批,物理,,X88D82D,专业组03,兰州大学,CC5B,马克思主义理论类,,,,,,689,2243,,,,,,689,2243,,,,,,,,,本科,,,,,
8150693,海南,本科批,物理,,X88D82D,专业组02,兰州大学,82E6,计算机类,,,,,,693,2052,,,,,,693,2052,,,,,,,,,本科,,,,,
8150694,海南,本科批,物理,,X88D82D,专业组01,兰州大学,927B,法学,,,,,,700,1737,,,,,,700,1737,,,,,,,,,本科,,,,,
8150695,海南,本科批,物理,,X88D82D,专业组04,兰州大学,D243,汉语言文学,,,,,,710,1375,,,,,,710,1375,,,,,,,,,本科,,,,,
8151279,海南,本科批,物理,,X968B58,专业组03,南开大学,93DB,理科试验班（物理与光电信息技术工程）（包含专业：物理学、应用物理学、光电信息科与工程、电子科学与技术、通信工程；本专业大类内专业任选；包含与加州大学洛杉矶分学与工程、电子信息科学与技术、微电子科学校、慕尼黑工业大学等海外知名高校的国际交流项目）,物理与光电信息技术工程; 包含专业：物理学、应用物理学、光电信息科与工程、电子科学与技术、通信工程；本专业大类内专业任选；包含与加州大学洛杉矶分学与工程、电子信息科学与技术、微电子科学校、慕尼黑工业大学等海外知名高校的国际交流项目,,,,,748,510,,,,,,748,510,,,,,,,,,本科,,,,,
8151280,海南,本科批,物理,,X968B58,专业组03,南开大学,D454,工科试验班（信息科学与技术）（包含专业：计算机科学与技术、信息安全、物联网工程、密码科学与技术、自动化、智能科学与技术、软件工程；本专业大类内专业任选；含信息安全-法学双学位试点班，人工智能、计算机、新一代智能软件特色培养项目班；含多所海外知名高校的暑期学校和长短期交流项目）,信息科学与技术; 包含专业：计算机科学与技术、信息安全、物联网工程、密码科学与技术、自动化、智能科学与技术、软件工程；本专业大类内专业任选；含信息安全-法学双学位试点班，人工智能、计算机、新一代智能软件特色培养项目班；含多所海外知名高校的暑期学校和长短期交流项目,,,,,749,495,,,,,,749,495,,,,,,,,,本科,,,,,
8151281,海南,本科批,物理,,X968B58,专业组03,南开大学,BCAC,理科试验班（数学与大数据）（包含专业：数学与应用数学、信息与计算科学、数据科学、统计学；本专业大类内专业任选；包含加州大学伯克利分校等海外交流项目，以及与威斯康星大学麦迪逊分校、伊利诺伊大学厄巴纳-香槟分校等海外名校的3+2联合培养项目）,数学与大数据; 包含专业：数学与应用数学、信息与计算科学、数据科学、统计学；本专业大类内专业任选；包含加州大学伯克利分校等海外交流项目，以及与威斯康星大学麦迪逊分校、伊利诺伊大学厄巴纳-香槟分校等海外名校的3+2联合培养项目,,,,,753,440,,,,,,753,440,,,,,,,,,本科,,,,,
8151282,海南,本科批,物理,,X968B58,专业组02,南开大学,927B,法学,,,,,,762,338,,,,,,762,338,,,,,,,,,本科,,,,,
8151283,海南,本科批,物理,,X968B58,专业组02,南开大学,6EA5,中国语言文学类（包含专业：汉语言文学、新闻学、网络与新媒体（出版与智能传播方向）、汉语国际教育；本专业大类内专业任选；国家文科基础学科人才培养和科学研究优秀基地，国家级一流本科专业）,包含专业：汉语言文学、新闻学、网络与新媒体（出版与智能传播方向,,,,,763,332,,,,,,763,332,,,,,,,,,本科,,,,,
8151284,海南,本科批,物理,,X968B58,专业组02,南开大学,74C5,金融学类（包含专业：金融学、保险学（保险与精算）；本专业大类内专业任选；含数字金融、金融国际学术特色班等培养项目，及金融学、保险学、金融工程和精算学等国家级一流本科专业）,包含专业：金融学、保险学（保险与精算,,,,,764,319,,,,,,764,319,,,,,,,,,本科,,,,,
8151285,海南,本科批,物理,,X968B58,专业组02,南开大学,8962,经济学类（包含专业：经济学、国际经济与贸易、财政学、商务经济学；本专业大类内专业任选；包含���管法班等特色人才培养项目；大类内均为国家级一流本科专业建设点，并新增数字经济新专业）,包含专业：经济学、国际经济与贸易、财政学、商务经济学；本专业大类内专业任选；包含���管法班等特色人才培养项目；大类内均为国家级一流本科专业建设点，并新增数字经济新专业,,,,,791,141,,,,,,791,141,,,,,,,,,本科,,,,,
8152066,海南,本科批,物理,,XB50A38,专业组22,海南大学,BBC9,林学（一年级在海甸校区，二、三、四年级在儋州校区）,一年级在海甸校区，二、三、四年级在儋州校区,,,,,557,21396,,,,,,557,21396,,,,,,,,,本科,,,,,
8152067,海南,本科批,物理,,XB50A38,专业组22,海南大学,5FC4,环境科学,,,,,,557,21396,,,,,,557,21396,,,,,,,,,本科,,,,,
8152068,海南,本科批,物理,,XB50A38,专业组22,海南大学,D6ED,化学工程与工艺,,,,,,557,21396,,,,,,557,21396,,,,,,,,,本科,,,,,
8152069,海南,本科批,物理,,XB50A38,专业组22,海南大学,793F,园艺（一年级在海甸校区，二、三、四年级在儋州校区）,一年级在海甸校区，二、三、四年级在儋州校区,,,,,558,21127,,,,,,558,21127,,,,,,,,,本科,,,,,
8152070,海南,本科批,物理,,XB50A38,专业组22,海南大学,BECE,设施农业科学与工程（一年级在海甸校区，二、三、四年级在儋州校区）,一年级在海甸校区，二、三、四年级在儋州校区,,,,,558,21127,,,,,,558,21127,,,,,,,,,本科,,,,,
8152071,海南,本科批,物理,,XB50A38,专业组86,海南大学,FF8D,智能科学与技术（中外合作办学）（英语单科成绩不低于105分（150分制）,中外合作办学; 英语单科成绩不低于105分（150分制,,,,,559,20885,,,,,,559,20885,,,,,,,,,本科,,,,,
8152072,海南,本科批,物理,,XB50A38,专业组22,海南大学,1E23,动物科学（一年级在海甸校区，二、三、四年级在儋州校区）,一年级在海甸校区，二、三、四年级在儋州校区,,,,,559,20885,,,,,,559,20885,,,,,,,,,本科,,,,,
8152073,海南,本科批,物理,,XB50A38,专业组22,海南大学,4ED3,生态学,,,,,,559,20885,,,,,,559,20885,,,,,,,,,本科,,,,,
8152074,海南,本科批,物理,,XB50A38,专业组22,海南大学,C059,海洋科学,,,,,,559,20885,,,,,,559,20885,,,,,,,,,本科,,,,,
8152075,海南,本科批,物理,,XB50A38,专业组22,海南大学,7A1F,水产养殖学,,,,,,559,20885,,,,,,559,20885,,,,,,,,,本科,,,,,
8152076,海南,本科批,物理,,XB50A38,专业组22,海南大学,A4DB,植物保护（一年级在海甸校区，二、三、四年级在儋州校区）,一年级在海甸校区，二、三、四年级在儋州校区,,,,,561,20364,,,,,,561,20364,,,,,,,,,本科,,,,,
8152077,海南,本科批,物理,,XB50A38,专业组22,海南大学,0541,生物科学,,,,,,561,20364,,,,,,561,20364,,,,,,,,,本科,,,,,
8152078,海南,本科批,物理,,XB50A38,专业组22,海南大学,4ECE,土木工程,,,,,,561,20364,,,,,,561,20364,,,,,,,,,本科,,,,,
8152079,海南,本科批,物理,,XB50A38,专业组22,海南大学,7112,动物医学（一年级在海甸校区，二、三、四年级在儋州校区）,一年级在海甸校区，二、三、四年级在儋州校区,,,,,562,20113,,,,,,562,20113,,,,,,,,,本科,,,,,
8152080,海南,本科批,物理,,XB50A38,专业组22,海南大学,14A7,食品质量与安全（一、二年级在海甸校区，三、四年级在城西科教园）,一、二年级在海甸校区，三、四年级在城西科教园,,,,,563,19861,,,,,,563,19861,,,,,,,,,本科,,,,,
8152081,海南,本科批,物理,,XB50A38,专业组22,海南大学,10A0,药学,,,,,,567,18906,,,,,,567,18906,,,,,,,,,本科,,,,,
8152082,海南,本科批,物理,,XB50A38,专业组22,海南大学,3477,应用物理学,,,,,,569,18472,,,,,,569,18472,,,,,,,,,本科,,,,,
8152083,海南,本科批,物理,,XB50A38,专业组22,海南大学,39BD,农学（一年级在海甸校区，二、三、四年级在儋州校区）,一年级在海甸校区，二、三、四年级在儋州校区,,,,,569,18472,,,,,,569,18472,,,,,,,,,本科,,,,,
8152084,海南,本科批,物理,,XB50A38,专业组22,海南大学,F453,海洋工程与技术,,,,,,575,17087,,,,,,575,17087,,,,,,,,,本科,,,,,
8152085,海南,本科批,物理,,XB50A38,专业组22,海南大学,4A87,食品科学与工程（一、二年级在海甸校区，三、四年级在城西科教园）,一、二年级在海甸校区，三、四年级在城西科教园,,,,,578,16442,,,,,,578,16442,,,,,,,,,本科,,,,,
8152634,海南,本科批,物理,,X9FC7EE,专业组03,北京理工大学,4D62,会计学（中外合作办学）,中外合作办学,,,,,682,2624,,,,,,682,2624,,,,,,,,,本科,,,,,
8152635,海南,本科批,物理,,X9FC7EE,专业组04,北京理工大学,63B6,工科试验班（徐特立英才班（包含专业：计算机科学与技术、人工智能、自动化、智能无人系统技术、智能制造工程、机器人工程、软件工程、数据科学与大数据技术、电子信息工程、网络空间安全、智能感知支工程；全校专业任选、学制任选（3+1+X）；小班化、导师制、国际化教学）,徐特立英才班（包含专业：计算机科学与技术、人工智能、自动化、智能无人系统技术、智能制造工程、机器人工程、软件工程、数据科学与大数据技术、电子信息工程、网络空间安全、智能感知支工程；全校专业任选、学制任选（3+1+X,,,,,778,210,,,,,,778,210,,,,,,,,,本科,,,,,
8152636,海南,本科批,物理,,X9FC7EE,专业组04,北京理工大学,988F,工科试验班（未来精工技术（包含专业：智能制造工程、智能感知工程、人工智能、机器人工程、数据科学与大数据技术、计算机科学与技术、网络空间安全；全校专业任选、学制任选（3+1+X）、校区任选（大四、研究生可选珠海校区））,未来精工技术（包含专业：智能制造工程、智能感知工程、人工智能、机器人工程、数据科学与大数据技术、计算机科学与技术、网络空间安全；全校专业任选、学制任选（3+1+X; 大四、研究生可选珠海校区,,,,,790,144,,,,,,790,144,,,,,,,,,本科,,,,,
8153750,海南,本科批,物理,,X0BE7D9,专业组04,中南财经政法大学,7E23,环境工程,,,,,,676,3001,,,,,,676,3001,,,,,,,,,本科,,,,,
8153751,海南,本科批,物理,,X0BE7D9,专业组03,中南财经政法大学,0E54,保险学,,,,,,678,2871,,,,,,678,2871,,,,,,,,,本科,,,,,
8153752,海南,本科批,物理,,X0BE7D9,专业组03,中南财经政法大学,545F,管理科学与工程类（包含专业：工程管理、房地产开发与管理、工程造价）,包含专业：工程管理、房地产开发与管理、工程造价,,,,,679,2805,,,,,,679,2805,,,,,,,,,本科,,,,,
8153753,海南,本科批,物理,,X0BE7D9,专业组02,中南财经政法大学,A3A4,工商管理类（包含专业：工商管理、工商管理（商务分析方向）、市场营销、人力资源管理、物流管理、电子商务）,包含专业：工商管理、工商管理（商务分析方向,,,,,679,2805,,,,,,679,2805,,,,,,,,,本科,,,,,
8153754,海南,本科批,物理,,X0BE7D9,专业组02,中南财经政法大学,CA0F,旅游管理,,,,,,679,2805,,,,,,679,2805,,,,,,,,,本科,,,,,
8153755,海南,本科批,物理,,X0BE7D9,专业组02,中南财经政法大学,964C,新闻传播学类（包含专业：新闻学、广播电视学、网络与新媒体）,包含专业：新闻学、广播电视学、网络与新媒体,,,,,680,2744,,,,,,680,2744,,,,,,,,,本科,,,,,
8153756,海南,本科批,物理,,X0BE7D9,专业组03,中南财经政法大学,28AD,经济统计学,,,,,,680,2744,,,,,,680,2744,,,,,,,,,本科,,,,,
8153757,海南,本科批,物理,,X0BE7D9,专业组02,中南财经政法大学,5878,外国语言文学类（包含专业：英语、英语（翻译方向）、商务英语）,包含专业：英语、英语（翻译方向,,,,,681,2691,,,,,,681,2691,,,,,,,,,本科,,,,,
8153758,海南,本科批,物理,,X0BE7D9,专业组02,中南财经政法大学,3E25,国际商务,,,,,,681,2691,,,,,,681,2691,,,,,,,,,本科,,,,,
8153759,海南,本科批,物理,,X0BE7D9,专业组02,中南财经政法大学,DBC1,公共管理类（包含专业：公共事业管理、行政管理、劳动与社会保障、城市管理）,包含专业：公共事业管理、行政管理、劳动与社会保障、城市管理,,,,,682,2624,,,,,,682,2624,,,,,,,,,本科,,,,,
8153760,海南,本科批,物理,,X0BE7D9,专业组03,中南财经政法大学,C831,精算学,,,,,,684,2517,,,,,,684,2517,,,,,,,,,本科,,,,,
8153761,海南,本科批,物理,,X0BE7D9,专业组04,中南财经政法大学,683F,计算机类（包含专业：计算机科学与技术、信息安全、人工智能（仅招双学位班）,包含专业：计算机科学与技术、信息安全、人工智能（仅招双学位班,,,,,684,2517,,,,,,684,2517,,,,,,,,,本科,,,,,
8153762,海南,本科批,物理,,X0BE7D9,专业组02,中南财经政法大学,7022,社会学,,,,,,684,2517,,,,,,684,2517,,,,,,,,,本科,,,,,
8153763,海南,本科批,物理,,X0BE7D9,专业组03,中南财经政法大学,16DF,金融工程,,,,,,685,2464,,,,,,685,2464,,,,,,,,,本科,,,,,
8153764,海南,本科批,物理,,X0BE7D9,专业组03,中南财经政法大学,1298,管理科学与工程类（大数据方向）（包含专业：信息管理与信息系统、大数据管理与应用（仅招双学位班）,大数据方向; 包含专业：信息管理与信息系统、大数据管理与应用（仅招双学位班,,,,,686,2406,,,,,,686,2406,,,,,,,,,本科,,,,,
8153765,海南,本科批,物理,,X0BE7D9,专业组02,中南财经政法大学,8602,工商管理（卓越创新人才实验班）,卓越创新人才实验班,,,,,686,2406,,,,,,686,2406,,,,,,,,,本科,,,,,
8153766,海南,本科批,物理,,X0BE7D9,专业组02,中南财经政法大学,88A9,经济与贸易类（包含专业：国际经济与贸易、贸易经济（数字贸易方向）,包含专业：国际经济与贸易、贸易经济（数字贸易方向,,,,,687,2344,,,,,,687,2344,,,,,,,,,本科,,,,,
8153767,海南,本科批,物理,,X0BE7D9,专业组02,中南财经政法大学,F7D0,金融学类（包含专业：金融学、投资学）,包含专业：金融学、投资学,,,,,687,2344,,,,,,687,2344,,,,,,,,,本科,,,,,
8153768,海南,本科批,物理,,X0BE7D9,专业组03,中南财经政法大学,1C92,数字经济,,,,,,687,2344,,,,,,687,2344,,,,,,,,,本科,,,,,
8153769,海南,本科批,物理,,X0BE7D9,专业组02,中南财经政法大学,87C2,劳动关系,,,,,,692,2093,,,,,,692,2093,,,,,,,,,本科,,,,,
8154693,海南,本科批,物理,,X3FE75C,专业组03,合肥工业大学,A2E0,测绘工程,,,,,,650,5072,,,,,,650,5072,,,,,,,,,本科,,,,,
8154694,海南,本科批,物理,,X3FE75C,专业组03,合肥工业大学,7E23,环境工程,,,,,,651,4974,,,,,,651,4974,,,,,,,,,本科,,,,,
8154695,海南,本科批,物理,,X3FE75C,专业组03,合肥工业大学,4D44,给排水科学与工程,,,,,,651,4974,,,,,,651,4974,,,,,,,,,本科,,,,,
8154696,海南,本科批,物理,,X3FE75C,专业组03,合肥工业大学,B5AE,化学,,,,,,652,4884,,,,,,652,4884,,,,,,,,,本科,,,,,
8154697,海南,本科批,物理,,X3FE75C,专业组03,合肥工业大学,C1B4,水利水电工程,,,,,,653,4781,,,,,,653,4781,,,,,,,,,本科,,,,,
8154698,海南,本科批,物理,,X3FE75C,专业组03,合肥工业大学,5E49,食品科学与工程,,,,,,653,4781,,,,,,653,4781,,,,,,,,,本科,,,,,
8154699,海南,本科批,物理,,X3FE75C,专业组03,合肥工业大学,D6ED,化学工程与工艺,,,,,,654,4713,,,,,,654,4713,,,,,,,,,本科,,,,,
8154700,海南,本科批,物理,,X3FE75C,专业组03,合肥工业大学,FFE8,生物医学工程,,,,,,656,4510,,,,,,656,4510,,,,,,,,,本科,,,,,
8154701,海南,本科批,物理,,X3FE75C,专业组02,合肥工业大学,04A0,工商管理,,,,,,659,4256,,,,,,659,4256,,,,,,,,,本科,,,,,
8154702,海南,本科批,物理,,X3FE75C,专业组03,合肥工业大学,C7AE,交通工程,,,,,,660,4172,,,,,,660,4172,,,,,,,,,本科,,,,,
8154703,海南,本科批,物理,,X3FE75C,专业组02,合肥工业大学,1C92,数字经济,,,,,,664,3845,,,,,,664,3845,,,,,,,,,本科,,,,,
8154704,海南,本科批,物理,,X3FE75C,专业组03,合肥工业大学,78FF,机械设计制造及其自动化,,,,,,671,3324,,,,,,671,3324,,,,,,,,,本科,,,,,
8154705,海南,本科批,物理,,X3FE75C,专业组03,合肥工业大学,26A7,车辆工程,,,,,,675,3055,,,,,,675,3055,,,,,,,,,本科,,,,,
8154706,海南,本科批,物理,,X3FE75C,专业组03,合肥工业大学,A5B7,电气工程及其自动化,,,,,,678,2871,,,,,,678,2871,,,,,,,,,本科,,,,,
8155533,海南,本科批,物理,,XBEB10F,专业组04,济南大学,E10D,化学类（包含专业：化学（师范类）、应用化学；化学为师范类专业）,包含专业：化学（师范类,,,,,488,40419,,,,,,488,40419,,,,,,,,,本科,,,,,
8155534,海南,本科批,物理,,XBEB10F,专业组04,济南大学,D06C,机械工程,,,,,,488,40419,,,,,,488,40419,,,,,,,,,本科,,,,,
8155535,海南,本科批,物理,,XBEB10F,专业组04,济南大学,D081,新能源科学与工程,,,,,,501,36812,,,,,,501,36812,,,,,,,,,本科,,,,,
8155536,海南,本科批,物理,,XBEB10F,专业组04,济南大学,474E,化工与制药类（包含专业：高分子材料与工程、化学工程与工艺）,包含专业：高分子材料与工程、化学工程与工艺,,,,,509,34493,,,,,,509,34493,,,,,,,,,本科,,,,,
8155537,海南,本科批,物理,,XBEB10F,专业组04,济南大学,9C50,材料类（包含专业：材料物理、材料科学与工程、复合材料与工程）,包含专业：材料物理、材料科学与工程、复合材料与工程,,,,,513,33405,,,,,,513,33405,,,,,,,,,本科,,,,,
8155538,海南,本科批,物理,,XBEB10F,专业组04,济南大学,09E1,烹饪与营养教育（考生无从事食品行业所限制的传染性疾病和其他疾病）,考生无从事食品行业所限制的传染性疾病和其他疾病,,,,,521,31110,,,,,,521,31110,,,,,,,,,本科,,,,,
8155539,海南,本科批,物理,,XBEB10F,专业组04,济南大学,8684,智能制造工程,,,,,,523,30534,,,,,,523,30534,,,,,,,,,本科,,,,,
8155540,海南,本科批,物理,,XBEB10F,专业组04,济南大学,A687,光电信息科学与工程,,,,,,560,20621,,,,,,560,20621,,,,,,,,,本科,,,,,
8155541,海南,本科批,物理,,XBEB10F,专业组02,济南大学,CA0F,旅游管理,,,,,,593,13321,,,,,,593,13321,,,,,,,,,本科,,,,,
8155542,海南,本科批,物理,,XBEB10F,专业组02,济南大学,7288,文化产业管理,,,,,,594,13128,,,,,,594,13128,,,,,,,,,本科,,,,,
8155543,海南,本科批,物理,,XBEB10F,专业组04,济南大学,E347,工业设计,,,,,,595,12898,,,,,,595,12898,,,,,,,,,本科,,,,,
8155544,海南,本科批,物理,,XBEB10F,专业组02,济南大学,0A60,特殊教育（师范类）,师范类,,,,,596,12722,,,,,,596,12722,,,,,,,,,本科,,,,,
8155545,海南,本科批,物理,,XBEB10F,专业组02,济南大学,04A0,工商管理,,,,,,596,12722,,,,,,596,12722,,,,,,,,,本科,,,,,
8155546,海南,本科批,物理,,XBEB10F,专业组02,济南大学,1F07,公共管理类（包含专业：行政管理、劳动与社会保障）,包含专业：行政管理、劳动与社会保障,,,,,605,11138,,,,,,605,11138,,,,,,,,,本科,,,,,
8155547,海南,本科批,物理,,XBEB10F,专业组03,济南大学,BB8A,应急管理,,,,,,608,10596,,,,,,608,10596,,,,,,,,,本科,,,,,
8156421,海南,本科批,物理,,XA1F45F,专业组03,青岛理工大学,735F,环保设备工程,,,,,,563,19861,,,,,,563,19861,,,,,,,,,本科,,,,,
8156422,海南,本科批,物理,,XA1F45F,专业组03,青岛理工大学,25FE,数学与应用数学,,,,,,563,19861,,,,,,563,19861,,,,,,,,,本科,,,,,
8156423,海南,本科批,物理,,XA1F45F,专业组03,青岛理工大学,FEF6,材料成型及控制工程,,,,,,565,19373,,,,,,565,19373,,,,,,,,,本科,,,,,
8156424,海南,本科批,物理,,XA1F45F,专业组03,青岛理工大学,4ECE,土木工程,,,,,,565,19373,,,,,,565,19373,,,,,,,,,本科,,,,,
8156425,海南,本科批,物理,,XA1F45F,专业组03,青岛理工大学,3477,应用物理学,,,,,,567,18906,,,,,,567,18906,,,,,,,,,本科,,,,,
8156426,海南,本科批,物理,,XA1F45F,专业组03,青岛理工大学,6A3A,建筑环境与能源应用工程,,,,,,567,18906,,,,,,567,18906,,,,,,,,,本科,,,,,
8156427,海南,本科批,物理,,XA1F45F,专业组03,青岛理工大学,5FC4,环境科学,,,,,,569,18472,,,,,,569,18472,,,,,,,,,本科,,,,,
8156428,海南,本科批,物理,,XA1F45F,专业组03,青岛理工大学,7E23,环境工程,,,,,,572,17764,,,,,,572,17764,,,,,,,,,本科,,,,,
8156429,海南,本科批,物理,,XA1F45F,专业组03,青岛理工大学,F620,安全工程,,,,,,578,16442,,,,,,578,16442,,,,,,,,,本科,,,,,
8156430,海南,本科批,物理,,XA1F45F,专业组03,青岛理工大学,C7AE,交通工程,,,,,,578,16442,,,,,,578,16442,,,,,,,,,本科,,,,,
8156431,海南,本科批,物理,,XA1F45F,专业组03,青岛理工大学,4D44,给排水科学与工程,,,,,,579,16225,,,,,,579,16225,,,,,,,,,本科,,,,,
8156432,海南,本科批,物理,,XA1F45F,专业组03,青岛理工大学,A5D2,测控技术与仪器,,,,,,584,15113,,,,,,584,15113,,,,,,,,,本科,,,,,
8156433,海南,本科批,物理,,XA1F45F,专业组03,青岛理工大学,76B9,统计学,,,,,,585,14905,,,,,,585,14905,,,,,,,,,本科,,,,,
8156434,海南,本科批,物理,,XA1F45F,专业组03,青岛理工大学,26A7,车辆工程,,,,,,587,14506,,,,,,587,14506,,,,,,,,,本科,,,,,
8156435,海南,本科批,物理,,XA1F45F,专业组03,青岛理工大学,A942,材料科学与工程,,,,,,591,13666,,,,,,591,13666,,,,,,,,,本科,,,,,
8156436,海南,本科批,物理,,XA1F45F,专业组03,青岛理工大学,4C65,自动化,,,,,,594,13128,,,,,,594,13128,,,,,,,,,本科,,,,,
8156437,海南,本科批,物理,,XA1F45F,专业组03,青岛理工大学,8684,智能制造工程,,,,,,601,11844,,,,,,601,11844,,,,,,,,,本科,,,,,
8156438,海南,本科批,物理,,XA1F45F,专业组01,青岛理工大学,671C,日语,,,,,,602,11656,,,,,,602,11656,,,,,,,,,本科,,,,,
8156439,海南,本科批,物理,,XA1F45F,专业组01,青岛理工大学,E6CB,社会工作,,,,,,602,11656,,,,,,602,11656,,,,,,,,,本科,,,,,
8156440,海南,本科批,物理,,XA1F45F,专业组01,青岛理工大学,4145,英语,,,,,,603,11475,,,,,,603,11475,,,,,,,,,本科,,,,,
8157234,海南,本科批,物理,,XCD21FB,专业组05,华东师范大学,802A,物理学,,,,,,719,1104,,,,,,719,1104,,,,,,,,,本科,,,,,
8157235,海南,本科批,物理,,XCD21FB,专业组05,华东师范大学,289B,微电子科学与工程,,,,,,719,1104,,,,,,719,1104,,,,,,,,,本科,,,,,
8157236,海南,本科批,物理,,XCD21FB,专业组05,华东师范大学,B9A5,计算机科学与技术,,,,,,720,1067,,,,,,720,1067,,,,,,,,,本科,,,,,
8157237,海南,本科批,物理,,XCD21FB,专业组05,华东师范大学,B5AE,化学,,,,,,725,935,,,,,,725,935,,,,,,,,,本科,,,,,
8157238,海南,本科批,物理,,XCD21FB,专业组05,华东师范大学,25FE,数学与应用数学,,,,,,736,702,,,,,,736,702,,,,,,,,,本科,,,,,
8157239,海南,本科批,物理,,XCD21FB,专业组04,华东师范大学,4145,英语,,,,,,740,626,,,,,,740,626,,,,,,,,,本科,,,,,
8158093,海南,本科批,物理,,X110192,专业组03,吉林大学,63AF,地质类（包含专业：地质学、资源勘查工程、土地资源管理）,包含专业：地质学、资源勘查工程、土地资源管理,,,,,681,2691,,,,,,681,2691,,,,,,,,,本科,,,,,
8158094,海南,本科批,物理,,X110192,专业组03,吉林大学,4DFC,交通运输类（包含专业：交通运输、交通工程、道路桥梁与渡河工程）,包含专业：交通运输、交通工程、道路桥梁与渡河工程,,,,,681,2691,,,,,,681,2691,,,,,,,,,本科,,,,,
8158095,海南,本科批,物理,,X110192,专业组03,吉林大学,52BF,数据科学与大数据技术（只招有专业志愿考生；第3、4年学费共28000元）,只招有专业志愿考生；第3、4年学费共28000元,,,,,685,2464,,,,,,685,2464,,,,,,,,,本科,,,,,
8158096,海南,本科批,物理,,X110192,专业组02,吉林大学,0962,工商管理类（包含专业：工商管理、市场营销、人力资源管理；工商管理专业的培养方向含数字经济与投资管理、战略与运营管理；市场营销专业的培养方向数智营销60）,包含专业：工商管理、市场营销、人力资源管理；工商管理专业的培养方向含数字经济与投资管理、战略与运营管理；市场营销专业的培养方向数智营销60,,,,,686,2406,,,,,,686,2406,,,,,,,,,本科,,,,,
8158097,海南,本科批,物理,,X110192,专业组03,吉林大学,765E,临床药学,,,,,,686,2406,,,,,,686,2406,,,,,,,,,本科,,,,,
8158098,海南,本科批,物理,,X110192,专业组03,吉林大学,3AE8,软件工程（只招有专业志愿考生；第3、4年学费共28000元）,只招有专业志愿考生；第3、4年学费共28000元,,,,,687,2344,,,,,,687,2344,,,,,,,,,本科,,,,,
8158099,海南,本科批,物理,,X110192,专业组03,吉林大学,ECA4,通信工程,,,,,,689,2243,,,,,,689,2243,,,,,,,,,本科,,,,,
8158100,海南,本科批,物理,,X110192,专业组03,吉林大学,7771,材料类（包含专业：材料科学与工程、无机非金属材料加坡国立大学3+1+1、英国曼彻斯特大学2+2联工程、材料成型及控制工程；入校后可申请新合培养项目）,包含专业：材料科学与工程、无机非金属材料加坡国立大学3+1+1、英国曼彻斯特大学2+2联工程、材料成型及控制工程；入校后可申请新合培养项目,,,,,690,2193,,,,,,690,2193,,,,,,,,,本科,,,,,
8158101,海南,本科批,物理,,X110192,专业组03,吉林大学,3813,空间信息与数字技术,,,,,,690,2193,,,,,,690,2193,,,,,,,,,本科,,,,,
8158102,海南,本科批,物理,,X110192,专业组03,吉林大学,D06C,机械工程,,,,,,690,2193,,,,,,690,2193,,,,,,,,,本科,,,,,
8158103,海南,本科批,物理,,X110192,专业组02,吉林大学,32C2,会计学（按类招生：含会计学、财务管理、信用管理；财务管理专业的培养方向数智化决策；信用管理专业的培养方向数字金融）,按类招生：含会计学、财务管理、信用管理；财务管理专业的培养方向数智化决策；信用管理专业的培养方向数字金融,,,,,693,2052,,,,,,693,2052,,,,,,,,,本科,,,,,
8158104,海南,本科批,物理,,X110192,专业组03,吉林大学,3690,化学类（包含专业：化学、应用化学、材料化学、高分子材料与工程、化学工程与工艺）,包含专业：化学、应用化学、材料化学、高分子材料与工程、化学工程与工艺,,,,,696,1913,,,,,,696,1913,,,,,,,,,本科,,,,,
8158105,海南,本科批,物理,,X110192,专业组04,吉林大学,D94A,政治学与行政学（按类招生：含政治学与行政学、国际政治、行政管理）,按类招生：含政治学与行政学、国际政治、行政管理,,,,,700,1737,,,,,,700,1737,,,,,,,,,本科,,,,,
8158106,海南,本科批,物理,,X110192,专业组80,吉林大学,DFD3,临床医学（白求恩第一临床医学院）,白求恩第一临床医学院,,,,,704,1592,,,,,,704,1592,,,,,,,,,本科,,,,,
8158107,海南,本科批,物理,,X110192,专业组04,吉林大学,51C8,思想政治教育,,,,,,705,1549,,,,,,705,1549,,,,,,,,,本科,,,,,
8158108,海南,本科批,物理,,X110192,专业组03,吉林大学,4E05,数学类（包含专业：数学与应用数学、信息与计算科学、统计学）,包含专业：数学与应用数学、信息与计算科学、统计学,,,,,707,1471,,,,,,707,1471,,,,,,,,,本科,,,,,
8158109,海南,本科批,物理,,X110192,专业组80,吉林大学,7C89,临床医学（白求恩第三临床医学院）,白求恩第三临床医学院,,,,,710,1375,,,,,,710,1375,,,,,,,,,本科,,,,,
8158110,海南,本科批,物理,,X110192,专业组81,吉林大学,D583,网络空间安全,,,,,,710,1375,,,,,,710,1375,,,,,,,,,本科,,,,,
8158111,海南,本科批,物理,,X110192,专业组81,吉林大学,A4FF,电子信息类（包含专业：电子科学与技术、微电子科学与工程、电子信息科学与技术）,包含专业：电子科学与技术、微电子科学与工程、电子信息科学与技术,,,,,711,1336,,,,,,711,1336,,,,,,,,,本科,,,,,
8158112,海南,本科批,物理,,X110192,专业组81,吉林大学,B9A5,计算机科学与技术,,,,,,717,1159,,,,,,717,1159,,,,,,,,,本科,,,,,
8158867,海南,本科批,物理,,X6FFD17,专业组01,山东科技大学,F55B,交通运输,,,,,,496,38160,,,,,,496,38160,,,,,,,,,本科,,,,,
8158868,海南,本科批,物理,,X6FFD17,专业组01,山东科技大学,F0CF,海洋技术,,,,,,505,35622,,,,,,505,35622,,,,,,,,,本科,,,,,
8158869,海南,本科批,物理,,X6FFD17,专业组01,山东科技大学,4ECE,土木工程,,,,,,524,30268,,,,,,524,30268,,,,,,,,,本科,,,,,
8158870,海南,本科批,物理,,X6FFD17,专业组01,山东科技大学,0C52,船舶与海洋工程,,,,,,547,23968,,,,,,547,23968,,,,,,,,,本科,,,,,
8158871,海南,本科批,物理,,X6FFD17,专业组01,山东科技大学,F620,安全工程,,,,,,549,23420,,,,,,549,23420,,,,,,,,,本科,,,,,
8158872,海南,本科批,物理,,X6FFD17,专业组01,山东科技大学,93E3,电子信息工程,,,,,,588,14321,,,,,,588,14321,,,,,,,,,本科,,,,,
8158873,海南,本科批,物理,,X6FFD17,专业组01,山东科技大学,B9A5,计算机科学与技术,,,,,,598,12377,,,,,,598,12377,,,,,,,,,本科,,,,,
8158874,海南,本科批,物理,,X6FFD17,专业组01,山东科技大学,4C65,自动化,,,,,,605,11138,,,,,,605,11138,,,,,,,,,本科,,,,,
8159576,海南,本科批,物理,,X7F1F81,专业组15,华中师范大学,EB4B,生物科学类（包含专业：生物技术、生物科学（化学生物交叉班））,包含专业：生物技术、生物科学（化学生物交叉班,,,,,668,3539,,,,,,668,3539,,,,,,,,,本科,,,,,
8159577,海南,本科批,物理,,X7F1F81,专业组15,华中师范大学,F5BE,电子信息类（包含专业：电子信息科学与技术、通信工程、集成电路设计与集成系统）,包含专业：电子信息科学与技术、通信工程、集成电路设计与集成系统,,,,,672,3261,,,,,,672,3261,,,,,,,,,本科,,,,,
8159578,海南,本科批,物理,,X7F1F81,专业组15,华中师范大学,B778,计算机类（包含专业：计算机科学与技术、软件工程、信息安全、物联网工程、计算机科学与技术（智能基座基地班））,包含专业：计算机科学与技术、软件工程、信息安全、物联网工程、计算机科学与技术（智能基座基地班,,,,,673,3195,,,,,,673,3195,,,,,,,,,本科,,,,,
8159579,海南,本科批,物理,,X7F1F81,专业组15,华中师范大学,7173,化学类（包含专业：化学（非公费师范）、化学（英才班）、应用化学、化学（化学生物交叉班）,包含专业：化学（非公费师范; 英才班; 化学生物交叉班,,,,,676,3001,,,,,,676,3001,,,,,,,,,本科,,,,,
8159580,海南,本科批,物理,,X7F1F81,专业组15,华中师范大学,58A4,计算机类（包含专业：数据科学与大数据技术、人工智能）,包含专业：数据科学与大数据技术、人工智能,,,,,677,2924,,,,,,677,2924,,,,,,,,,本科,,,,,
8159581,海南,本科批,物理,,X7F1F81,专业组15,华中师范大学,41CF,数字媒体技术,,,,,,689,2243,,,,,,689,2243,,,,,,,,,本科,,,,,
8159582,海南,本科批,物理,,X7F1F81,专业组15,华中师范大学,0FFB,数学类（包含专业：数学与应用数学（非公费师范）、数学与应用数学（非师范）、数学与应用数学（数学经济学交叉班））,包含专业：数学与应用数学（非公费师范; 非师范; 数学经济学交叉班,,,,,690,2193,,,,,,690,2193,,,,,,,,,本科,,,,,
8159583,海南,本科批,物理,,X7F1F81,专业组13,华中师范大学,E660,旅游管理（创新实验班）,创新实验班,,,,,691,2145,,,,,,691,2145,,,,,,,,,本科,,,,,
8159584,海南,本科批,物理,,X7F1F81,专业组13,华中师范大学,964C,新闻传播学类（包含专业：新闻学、广播电视学、网络与新媒体）,包含专业：新闻学、广播电视学、网络与新媒体,,,,,693,2052,,,,,,693,2052,,,,,,,,,本科,,,,,
8159585,海南,本科批,物理,,X7F1F81,专业组13,华中师范大学,C604,法学类（包含专业：法学、法学（法学经济学交叉班））,包含专业：法学、法学（法学经济学交叉班,,,,,698,1821,,,,,,698,1821,,,,,,,,,本科,,,,,
8159586,海南,本科批,物理,,X7F1F81,专业组14,华中师范大学,7814,心理学类（包含专业：心理学（非师范）、应用心理学）,包含专业：心理学（非师范,,,,,699,1777,,,,,,699,1777,,,,,,,,,本科,,,,,
8159587,海南,本科批,物理,,X7F1F81,专业组17,华中师范大学,ADB8,地理科学类（包含专业：地理科学（非公费师范）、自然地理与资源环境、人文地理与城乡规划、地理信息科学）,包含专业：地理科学（非公费师范,,,,,719,1104,,,,,,719,1104,,,,,,,,,本科,,,,,
8159588,海南,本科批,物理,,X7F1F81,专业组16,华中师范大学,8C77,中国语言文学类（包含专业：汉语言文学（非公费师范）、汉语言文学（非师范）、汉语言文学（国家拔尖学生培养基地班）、汉语言）,包含专业：汉语言文学（非公费师范; 非师范; 国家拔尖学生培养基地班,,,,,730,822,,,,,,730,822,,,,,,,,,本科,,,,,
8160237,海南,本科批,物理,,XAB0483,专业组02,河南科技大学,C1CA,机械类（包含专业：机械设计制造及其自动化、机械电子工程）,包含专业：机械设计制造及其自动化、机械电子工程,,,,,522,30842,,,,,,522,30842,,,,,,,,,本科,,,,,
8160238,海南,本科批,物理,,XAB0483,专业组02,河南科技大学,7BEF,法医学,,,,,,523,30534,,,,,,523,30534,,,,,,,,,本科,,,,,
8160239,海南,本科批,物理,,XAB0483,专业组02,河南科技大学,FEF6,材料成型及控制工程,,,,,,524,30268,,,,,,524,30268,,,,,,,,,本科,,,,,
8160240,海南,本科批,物理,,XAB0483,专业组02,河南科技大学,A687,光电信息科学与工程,,,,,,525,29966,,,,,,525,29966,,,,,,,,,本科,,,,,
8160241,海南,本科批,物理,,XAB0483,专业组02,河南科技大学,26A7,车辆工程,,,,,,527,29380,,,,,,527,29380,,,,,,,,,本科,,,,,
8160242,海南,本科批,物理,,XAB0483,专业组02,河南科技大学,D6ED,化学工程与工艺,,,,,,530,28572,,,,,,530,28572,,,,,,,,,本科,,,,,
8160243,海南,本科批,物理,,XAB0483,专业组02,河南科技大学,4C65,自动化,,,,,,571,17978,,,,,,571,17978,,,,,,,,,本科,,,,,
8160244,海南,本科批,物理,,XAB0483,专业组01,河南科技大学,1049,商务英语,,,,,,584,15113,,,,,,584,15113,,,,,,,,,本科,,,,,
8160245,海南,本科批,物理,,XAB0483,专业组01,河南科技大学,4145,英语,,,,,,587,14506,,,,,,587,14506,,,,,,,,,本科,,,,,
8160246,海南,本科批,物理,,XAB0483,专业组01,河南科技大学,04A0,工商管理,,,,,,589,14092,,,,,,589,14092,,,,,,,,,本科,,,,,
8160247,海南,本科批,物理,,XAB0483,专业组02,河南科技大学,A5B7,电气工程及其自动化,,,,,,594,13128,,,,,,594,13128,,,,,,,,,本科,,,,,
8160877,海南,本科批,物理,,X665B00,专业组04,烟台大学,548C,信息与计算科学,,,,,,473,44359,,,,,,473,44359,,,,,,,,,本科,,,,,
8160878,海南,本科批,物理,,X665B00,专业组04,烟台大学,7A1F,水产养殖学,,,,,,476,43585,,,,,,476,43585,,,,,,,,,本科,,,,,
8160879,海南,本科批,物理,,X665B00,专业组04,烟台大学,26A7,车辆工程,,,,,,483,41779,,,,,,483,41779,,,,,,,,,本科,,,,,
8160880,海南,本科批,物理,,X665B00,专业组04,烟台大学,A942,材料科学与工程,,,,,,487,40700,,,,,,487,40700,,,,,,,,,本科,,,,,
8160881,海南,本科批,物理,,X665B00,专业组04,烟台大学,262E,金属材料工程,,,,,,495,38461,,,,,,495,38461,,,,,,,,,本科,,,,,
8160882,海南,本科批,物理,,X665B00,专业组04,烟台大学,4ECE,土木工程,,,,,,498,37632,,,,,,498,37632,,,,,,,,,本科,,,,,
8160883,海南,本科批,物理,,X665B00,专业组04,烟台大学,E9A7,环境科学与工程,,,,,,510,34198,,,,,,510,34198,,,,,,,,,本科,,,,,
8160884,海南,本科批,物理,,X665B00,专业组04,烟台大学,C059,海洋科学,,,,,,520,31393,,,,,,520,31393,,,,,,,,,本科,,,,,
8160885,海南,本科批,物理,,X665B00,专业组04,烟台大学,7932,电子信息科学与技术,,,,,,537,26650,,,,,,537,26650,,,,,,,,,本科,,,,,
8160886,海南,本科批,物理,,X665B00,专业组04,烟台大学,B9A5,计算机科学与技术,,,,,,573,17552,,,,,,573,17552,,,,,,,,,本科,,,,,
8160887,海南,本科批,物理,,X665B00,专业组02,烟台大学,5077,朝鲜语,,,,,,593,13321,,,,,,593,13321,,,,,,,,,本科,,,,,
8160888,海南,本科批,物理,,X665B00,专业组02,烟台大学,A615,汉语国际教育,,,,,,594,13128,,,,,,594,13128,,,,,,,,,本科,,,,,
8160889,海南,本科批,物理,,X665B00,专业组03,烟台大学,A5C9,建筑学,,,,,,594,13128,,,,,,594,13128,,,,,,,,,本科,,,,,
8160890,海南,本科批,物理,,X665B00,专业组03,烟台大学,6F56,工程管理,,,,,,596,12722,,,,,,596,12722,,,,,,,,,本科,,,,,
8160891,海南,本科批,物理,,X665B00,专业组02,烟台大学,92DB,知识产权,,,,,,596,12722,,,,,,596,12722,,,,,,,,,本科,,,,,
8160892,海南,本科批,物理,,X665B00,专业组02,烟台大学,68F4,新闻学,,,,,,606,10952,,,,,,606,10952,,,,,,,,,本科,,,,,
8161649,海南,本科批,物理,,X7AE34B,专业组05,南京理工大学,DBB9,英语（一年级在江阴校区就读，二、三、四年级在南京校区就读）,一年级在江阴校区就读，二、三、四年级在南京校区就读,,,,,664,3845,,,,,,664,3845,,,,,,,,,本科,,,,,
8161650,海南,本科批,物理,,X7AE34B,专业组03,南京理工大学,953D,经济学类（包含专业：国际经济与贸易、金融学；一年级在江阴校区就读，二、三、四年级在南京校区就读）,包含专业：国际经济与贸易、金融学；一年级在江阴校区就读，二、三、四年级在南京校区就读,,,,,676,3001,,,,,,676,3001,,,,,,,,,本科,,,,,
8161651,海南,本科批,物理,,X7AE34B,专业组03,南京理工大学,089D,工商管理类（包含专业：会计学、人力资源管理；一年级在江阴校区就读，二、三、四年级在南京校区就读）,包含专业：会计学、人力资源管理；一年级在江阴校区就读，二、三、四年级在南京校区就读,,,,,680,2744,,,,,,680,2744,,,,,,,,,本科,,,,,
8161652,海南,本科批,物理,,X7AE34B,专业组02,南京理工大学,EB2F,语言学（一年级在江阴校区就读，二、三、四年级在南京校区就读）,一年级在江阴校区就读，二、三、四年级在南京校区就读,,,,,682,2624,,,,,,682,2624,,,,,,,,,本科,,,,,
8161653,海南,本科批,物理,,X7AE34B,专业组04,南京理工大学,D3D8,化工与制药类（包含专业：材料化学、高分子材料与工程、化在江阴校区就读，二、三、四年级在南京校区学工程与工艺、应用化学、制药工程；一年级就读）,包含专业：材料化学、高分子材料与工程、化在江阴校区就读，二、三、四年级在南京校区学工程与工艺、应用化学、制药工程；一年级就读,,,,,686,2406,,,,,,686,2406,,,,,,,,,本科,,,,,
8161654,海南,本科批,物理,,X7AE34B,专业组04,南京理工大学,6006,材料类（包含专业：材料科学与工程、材料物理、纳米材料与技术、材料成型及控制工程；一年级在江阴校区就读，二、三、四年级在南京校区就读）,包含专业：材料科学与工程、材料物理、纳米材料与技术、材料成型及控制工程；一年级在江阴校区就读，二、三、四年级在南京校区就读,,,,,687,2344,,,,,,687,2344,,,,,,,,,本科,,,,,
8161655,海南,本科批,物理,,X7AE34B,专业组04,南京理工大学,8FAA,兵器类（包含专业：弹药工程与爆炸技术、武器系统与工程；一年级在江阴校区就读，二、三、四年级在南京校区就读）,包含专业：弹药工程与爆炸技术、武器系统与工程；一年级在江阴校区就读，二、三、四年级在南京校区就读,,,,,694,2000,,,,,,694,2000,,,,,,,,,本科,,,,,
8161656,海南,本科批,物理,,X7AE34B,专业组04,南京理工大学,2F9A,机器人工程（一年级在江阴校区就读，二、三、四年级在南京校区就读）,一年级在江阴校区就读，二、三、四年级在南京校区就读,,,,,697,1864,,,,,,697,1864,,,,,,,,,本科,,,,,
8161657,海南,本科批,物理,,X7AE34B,专业组04,南京理工大学,D058,机械类（包含专业：车辆工程、工业工程、机械工程；一年级在江阴校区就读，，二、三、四年级在南京校区就读）,包含专业：车辆工程、工业工程、机械工程；一年级在江阴校区就读，，二、三、四年级在南京校区就读,,,,,698,1821,,,,,,698,1821,,,,,,,,,本科,,,,,
8161658,海南,本科批,物理,,X7AE34B,专业组04,南京理工大学,D4E7,计算机类（包含专业：计算机科学与技术、软件工程、智能科学与技术；一年级在江阴校区就读，三、四年级在南京校区就读）,包含专业：计算机科学与技术、软件工程、智能科学与技术；一年级在江阴校区就读，三、四年级在南京校区就读,,,,,704,1592,,,,,,704,1592,,,,,,,,,本科,,,,,
8162201,海南,本科批,物理,,XCE66AF,专业组05,广州大学,B5AE,化学,,,,,,627,7735,,,,,,627,7735,,,,,,,,,本科,,,,,
8162202,海南,本科批,物理,,XCE66AF,专业组05,广州大学,4ECE,土木工程,,,,,,629,7486,,,,,,629,7486,,,,,,,,,本科,,,,,
8162203,海南,本科批,物理,,XCE66AF,专业组04,广州大学,1C92,数字经济,,,,,,650,5072,,,,,,650,5072,,,,,,,,,本科,,,,,
8162204,海南,本科批,物理,,XCE66AF,专业组05,广州大学,802A,物理学,,,,,,650,5072,,,,,,650,5072,,,,,,,,,本科,,,,,
8162205,海南,本科批,物理,,XCE66AF,专业组03,广州大学,CA0F,旅游管理,,,,,,650,5072,,,,,,650,5072,,,,,,,,,本科,,,,,
8162206,海南,本科批,物理,,XCE66AF,专业组03,广州大学,4145,英语,,,,,,651,4974,,,,,,651,4974,,,,,,,,,本科,,,,,
8162207,海南,本科批,物理,,XCE66AF,专业组03,广州大学,A5C9,建筑学,,,,,,651,4974,,,,,,651,4974,,,,,,,,,本科,,,,,
8162208,海南,本科批,物理,,XCE66AF,专业组03,广州大学,AC90,行政管理,,,,,,652,4884,,,,,,652,4884,,,,,,,,,本科,,,,,
8162209,海南,本科批,物理,,XCE66AF,专业组03,广州大学,DB75,广播电视学,,,,,,652,4884,,,,,,652,4884,,,,,,,,,本科,,,,,
8162210,海南,本科批,物理,,XCE66AF,专业组03,广州大学,310F,国际法,,,,,,655,4593,,,,,,655,4593,,,,,,,,,本科,,,,,
8162211,海南,本科批,物理,,XCE66AF,专业组05,广州大学,25FE,数学与应用数学,,,,,,660,4172,,,,,,660,4172,,,,,,,,,本科,,,,,
8162212,海南,本科批,物理,,XCE66AF,专业组03,广州大学,927B,法学,,,,,,664,3845,,,,,,664,3845,,,,,,,,,本科,,,,,
8162213,海南,本科批,物理,,XCE66AF,专业组05,广州大学,B9A5,计算机科学与技术,,,,,,664,3845,,,,,,664,3845,,,,,,,,,本科,,,,,
8162214,海南,本科批,物理,,XCE66AF,专业组03,广州大学,D243,汉语言文学,,,,,,669,3468,,,,,,669,3468,,,,,,,,,本科,,,,,
8162918,海南,本科批,物理,,X763D03,专业组02,华东理工大学,92A1,工商管理类（包含专业：工商管理（商务分析方向）、市场营销（大数据营销）、人力资源管理（人力资源数据分析方向）、会计学（大数据会计）、财务管理（智能财务方向）；优秀学生可申请拔尖创新人才培养计划（3+1+X））,包含专业：工商管理（商务分析方向; 大数据营销; 人力资源数据分析方向; 大数据会计; 智能财务方向; 3+1+X,,,,,691,2145,,,,,,691,2145,,,,,,,,,本科,,,,,
8162919,海南,本科批,物理,,X763D03,专业组03,华东理工大学,2D60,化学类（包含专业：化学、应用化学、材料化学（绿色与能源催化方向）、精细化工（光电信息材料方向）；不招色弱、色盲、嗅觉迟钝者；优秀学生可申请拔尖创新人才培养计划（3+1+X））,包含专业：化学、应用化学、材料化学（绿色与能源催化方向; 光电信息材料方向; 3+1+X,,,,,693,2052,,,,,,693,2052,,,,,,,,,本科,,,,,
8162920,海南,本科批,物理,,X763D03,专业组03,华东理工大学,0BF6,工科试验班（能源与环境）（包含专业：能源与动力工程、环境工程、储能科学与工程；不招色弱、色盲、嗅觉迟钝者；优秀学生可申请拔尖创新人才培养计划（3+1+X））,能源与环境; 包含专业：能源与动力工程、环境工程、储能科学与工程；不招色弱、色盲、嗅觉迟钝者；优秀学生可申请拔尖创新人才培养计划（3+1+X,,,,,694,2000,,,,,,694,2000,,,,,,,,,本科,,,,,
8162921,海南,本科批,物理,,X763D03,专业组03,华东理工大学,FF58,生物工程类（包含专业：生物工程、生物科学、生物技术、食品科学与工程、食品质量与安全；不招色弱、色盲、嗅觉迟钝者；优秀学生可申请拔尖创新人才培养计划（3+1+X））,包含专业：生物工程、生物科学、生物技术、食品科学与工程、食品质量与安全；不招色弱、色盲、嗅觉迟钝者；优秀学生可申请拔尖创新人才培养计划（3+1+X,,,,,694,2000,,,,,,694,2000,,,,,,,,,本科,,,,,
8162922,海南,本科批,物理,,X763D03,专业组03,华东理工大学,96A1,工科试验班（智慧化工）（包含专业:化学工程与工艺、油气储运工程、轻化工程、资源循环科学与工程;不招色弱色盲、嗅觉迟钝者；优秀学生可申请拔尖创新人才培养计划（3+1+X））,智慧化工; 包含专业:化学工程与工艺、油气储运工程、轻化工程、资源循环科学与工程;不招色弱色盲、嗅觉迟钝者；优秀学生可申请拔尖创新人才培养计划（3+1+X,,,,,694,2000,,,,,,694,2000,,,,,,,,,本科,,,,,
8162923,海南,本科批,物理,,X763D03,专业组03,华东理工大学,2E5A,机械类（机械智能化实验班）（包含专业：机械设计制造及其自动化、过程装备与控制工程、智能制造工程；不招色盲；优秀学生可申请拔尖创新人才培养计划（3+1+X））,机械智能化实验班; 包含专业：机械设计制造及其自动化、过程装备与控制工程、智能制造工程；不招色盲；优秀学生可申请拔尖创新人才培养计划（3+1+X,,,,,696,1913,,,,,,696,1913,,,,,,,,,本科,,,,,
8162924,海南,本科批,物理,,X763D03,专业组03,华东理工大学,18B5,工科试验班（智能与机器人）（包含专业：人工智能、机器人工程；不招色盲；优秀学生可申请拔尖创新人才培养计划（3+1+X））,智能与机器人; 包含专业：人工智能、机器人工程；不招色盲；优秀学生可申请拔尖创新人才培养计划（3+1+X,,,,,698,1821,,,,,,698,1821,,,,,,,,,本科,,,,,
8162925,海南,本科批,物理,,X763D03,专业组03,华东理工大学,5761,电子信息类（包含专业:自动化、电气工程及其自动化、信息工程;不招色盲;优秀学生可申请拔尖创新）才培养计划（3+1+X））,包含专业:自动化、电气工程及其自动化、信息工程;不招色盲;优秀学生可申请拔尖创新; 3+1+X,,,,,703,1618,,,,,,703,1618,,,,,,,,,本科,,,,,
8163767,海南,本科批,物理,,XE34209,专业组80,云南大学,873B,土木工程（中外合作办学）,中外合作办学,,,,,577,16443,,,,,,577,16443,,,,,,,,,本科,,,,,
8163768,海南,高校专项计划批次,物理,,XE34209,专业组政,云南大学,BFAF,广播电视学（特殊类型线）（高校专项计划）,特殊类型线; 高校专项计划,,,,,597,12551,,,,,,597,12551,,,,,,,,,本科,,,,,
8163769,海南,高校专项计划批次,物理,,XE34209,专业组物化,云南大学,D533,化学类（特殊类型线）（高校专项计划）（化学、高分子材料与工程、化学工程与工艺、制药工程）,特殊类型线; 高校专项计划; 化学、高分子材料与工程、化学工程与工艺、制药工程,,,,,601,11844,,,,,,601,11844,,,,,,,,,本科,,,,,
8163770,海南,本科批,物理,,XE34209,专业组04,云南大学,ECFB,植物科学与技术,,,,,,631,7100,,,,,,631,7100,,,,,,,,,本科,,,,,
8163771,海南,本科批,物理,,XE34209,专业组04,云南大学,4ECE,土木工程,,,,,,631,7100,,,,,,631,7100,,,,,,,,,本科,,,,,
8163772,海南,本科批,物理,,XE34209,专业组04,云南大学,DE8A,地质学,,,,,,638,6232,,,,,,638,6232,,,,,,,,,本科,,,,,
8163773,海南,本科批,物理,,XE34209,专业组02,云南大学,7F63,马来语,,,,,,641,5906,,,,,,641,5906,,,,,,,,,本科,,,,,
8163774,海南,本科批,物理,,XE34209,专业组02,云南大学,8A5F,越南语,,,,,,643,5702,,,,,,643,5702,,,,,,,,,本科,,,,,
8163775,海南,本科批,物理,,XE34209,专业组04,云南大学,A9FE,化学类（化学、高分子材料与工程、化学工程与工艺、制药工程）,化学、高分子材料与工程、化学工程与工艺、制药工程,,,,,643,5702,,,,,,643,5702,,,,,,,,,本科,,,,,
8163776,海南,本科批,物理,,XE34209,专业组04,云南大学,4226,大气科学,,,,,,644,5611,,,,,,644,5611,,,,,,,,,本科,,,,,
8163777,海南,本科批,物理,,XE34209,专业组04,云南大学,F46B,生物技术（国家生命科学与技术基地班）,国家生命科学与技术基地班,,,,,649,5073,,,,,,649,5073,,,,,,,,,本科,,,,,
8163778,海南,本科批,物理,,XE34209,专业组02,云南大学,AC90,行政管理,,,,,,650,4975,,,,,,650,4975,,,,,,,,,本科,,,,,
8163779,海南,本科批,物理,,XE34209,专业组04,云南大学,D081,新能源科学与工程,,,,,,653,4714,,,,,,653,4714,,,,,,,,,本科,,,,,
8163780,海南,本科批,物理,,XE34209,专业组04,云南大学,76B9,统计学,,,,,,654,4594,,,,,,654,4594,,,,,,,,,本科,,,,,
8163781,海南,本科批,物理,,XE34209,专业组03,云南大学,D4C6,经济学类（含经济学、财政学、金融学、国际经济与贸易）,含经济学、财政学、金融学、国际经济与贸易,,,,,658,4257,,,,,,658,4257,,,,,,,,,本科,,,,,
8163782,海南,本科批,物理,,XE34209,专业组05,云南大学,1F0F,计算机类（计算机科学与技术、物联网工程、智能科学与技术、软件工程、数字媒体技术、网络空间安全、人工智能）,计算机科学与技术、物联网工程、智能科学与技术、软件工程、数字媒体技术、网络空间安全、人工智能,,,,,659,4173,,,,,,659,4173,,,,,,,,,本科,,,,,
8163783,海南,本科批,物理,,XE34209,专业组05,云南大学,A687,光电信息科学与工程,,,,,,659,4173,,,,,,659,4173,,,,,,,,,本科,,,,,
8163784,海南,本科批,物理,,XE34209,专业组03,云南大学,AA06,工商管理类（包含工商管理、财务管理、会计学、人力资源管理、物流管理、旅游管理）,包含工商管理、财务管理、会计学、人力资源管理、物流管理、旅游管理,,,,,660,4081,,,,,,660,4081,,,,,,,,,本科,,,,,
8163785,海南,本科批,物理,,XE34209,专业组05,云南大学,5D8C,电子信息类（含电子信息工程、通信工程专业）,含电子信息工程、通信工程专业,,,,,661,3997,,,,,,661,3997,,,,,,,,,本科,,,,,
8163786,海南,本科批,物理,,XE34209,专业组08,云南大学,E6CB,社会工作,,,,,,664,3765,,,,,,664,3765,,,,,,,,,本科,,,,,
8164714,海南,本科批,物理,,X50A882,专业组03,西北农林科技大学,06D7,水利类（包含专业：水利水电工程、水文与水资源工程、农业水利工程、能源与动力工程）,包含专业：水利水电工程、水文与水资源工程、农业水利工程、能源与动力工程,,,,,657,4421,,,,,,657,4421,,,,,,,,,本科,,,,,
8164715,海南,本科批,物理,,X50A882,专业组03,西北农林科技大学,D424,园艺（园艺类）,园艺类,,,,,657,4421,,,,,,657,4421,,,,,,,,,本科,,,,,
8164716,海南,本科批,物理,,X50A882,专业组03,西北农林科技大学,4ECE,土木工程,,,,,,657,4421,,,,,,657,4421,,,,,,,,,本科,,,,,
8164717,海南,本科批,物理,,X50A882,专业组03,西北农林科技大学,6587,机械类（包含专业：机械设计制造及其自动化、机械电子工程、车辆工程）,包含专业：机械设计制造及其自动化、机械电子工程、车辆工程,,,,,658,4330,,,,,,658,4330,,,,,,,,,本科,,,,,
8164718,海南,本科批,物理,,X50A882,专业组03,西北农林科技大学,7DE6,葡萄与葡萄酒工程,,,,,,661,4080,,,,,,661,4080,,,,,,,,,本科,,,,,
8164719,海南,本科批,物理,,X50A882,专业组04,西北农林科技大学,EB9A,生物科学类（包含专业：生物科学、生物技术、生物工程）,包含专业：生物科学、生物技术、生物工程,,,,,664,3845,,,,,,664,3845,,,,,,,,,本科,,,,,
8164720,海南,本科批,物理,,X50A882,专业组03,西北农林科技大学,0FF3,食品科学与工程类（包含专业：食品科学与工程、食品质量与安全）,包含专业：食品科学与工程、食品质量与安全,,,,,665,3764,,,,,,665,3764,,,,,,,,,本科,,,,,
8164721,海南,本科批,物理,,X50A882,专业组03,西北农林科技大学,871E,计算机类（包含专业：计算机科学与技术、软件工程、数据科学与大数据技术、电子商务、信息管理与信息系统）,包含专业：计算机科学与技术、软件工程、数据科学与大数据技术、电子商务、信息管理与信息系统,,,,,668,3539,,,,,,668,3539,,,,,,,,,本科,,,,,
8164722,海南,本科批,物理,,X50A882,专业组03,西北农林科技大学,1114,动物医学类（包含专业：动物医学、动物药学；动物医学专业学制5年，动物药学专业学制4年）,包含专业：动物医学、动物药学；动物医学专业学制5年，动物药学专业学制4年,,,,,670,3396,,,,,,670,3396,,,,,,,,,本科,,,,,
8164723,海南,本科批,物理,,X50A882,专业组02,西北农林科技大学,CE8C,工商管理类（包含专业：会计学、工商管理、农林经济管理、土地资源管理、市场营销）,包含专业：会计学、工商管理、农林经济管理、土地资源管理、市场营销,,,,,674,3136,,,,,,674,3136,,,,,,,,,本科,,,,,
8165683,海南,本科批,物理,,XCAA0F1,专业组不限,西南财经大学,2FF5,经济与贸易类（高校专项计划）,高校专项计划,,,,,603,11475,,,,,,603,11475,,,,,,,,,本科,,,,,
8165684,海南,本科批,物理,,XCAA0F1,专业组01,西南财经大学,D9E9,外国语言文学类,,,,,,692,2093,,,,,,692,2093,,,,,,,,,本科,,,,,
8165685,海南,本科批,物理,,XCAA0F1,专业组03,西南财经大学,A223,统计学类,,,,,,692,2093,,,,,,692,2093,,,,,,,,,本科,,,,,
8165686,海南,本科批,物理,,XCAA0F1,专业组01,西南财经大学,FB3B,经济与贸易类,,,,,,693,2052,,,,,,693,2052,,,,,,,,,本科,,,,,
8165687,海南,本科批,物理,,XCAA0F1,专业组03,西南财经大学,28AD,经济统计学,,,,,,693,2052,,,,,,693,2052,,,,,,,,,本科,,,,,
8165688,海南,本科批,物理,,XCAA0F1,专业组03,西南财经大学,82E6,计算机类,,,,,,695,1965,,,,,,695,1965,,,,,,,,,本科,,,,,
8165689,海南,本科批,物理,,XCAA0F1,专业组01,西南财经大学,D43F,西班牙语,,,,,,695,1965,,,,,,695,1965,,,,,,,,,本科,,,,,
8165690,海南,本科批,物理,,XCAA0F1,专业组01,西南财经大学,D180,金融学类（保险方向）,保险方向,,,,,696,1913,,,,,,696,1913,,,,,,,,,本科,,,,,
8165691,海南,本科批,物理,,XCAA0F1,专业组01,西南财经大学,5D72,网络与新媒体,,,,,,696,1913,,,,,,696,1913,,,,,,,,,本科,,,,,
8165692,海南,本科批,物理,,XCAA0F1,专业组01,西南财经大学,CA9C,财政学类,,,,,,697,1864,,,,,,697,1864,,,,,,,,,本科,,,,,
8165693,海南,本科批,物理,,XCAA0F1,专业组02,西南财经大学,8EF0,管理科学与工程类,,,,,,698,1821,,,,,,698,1821,,,,,,,,,本科,,,,,
8165694,海南,本科批,物理,,XCAA0F1,专业组03,西南财经大学,A079,计算机科学与技术（基础学科拔尖实验班）,基础学科拔尖实验班,,,,,698,1821,,,,,,698,1821,,,,,,,,,本科,,,,,
8165695,海南,本科批,物理,,XCAA0F1,专业组01,西南财经大学,EF7C,工商管理类,,,,,,699,1777,,,,,,699,1777,,,,,,,,,本科,,,,,
8165696,海南,本科批,物理,,XCAA0F1,专业组03,西南财经大学,0544,数学与应用数学（数学与经济学双学位）,数学与经济学双学位,,,,,699,1777,,,,,,699,1777,,,,,,,,,本科,,,,,
8165697,海南,本科批,物理,,XCAA0F1,专业组01,西南财经大学,1356,金融学类,,,,,,700,1737,,,,,,700,1737,,,,,,,,,本科,,,,,
8165698,海南,本科批,物理,,XCAA0F1,专业组02,西南财经大学,C831,精算学,,,,,,700,1737,,,,,,700,1737,,,,,,,,,本科,,,,,
8165699,海南,本科批,物理,,XCAA0F1,专业组03,西南财经大学,9480,数学与应用数学（基础学科拔尖实验班）,基础学科拔尖实验班,,,,,700,1737,,,,,,700,1737,,,,,,,,,本科,,,,,
8165700,海南,本科批,物理,,XCAA0F1,专业组02,西南财经大学,BD59,金融科技,,,,,,701,1696,,,,,,701,1696,,,,,,,,,本科,,,,,
8165701,海南,本科批,物理,,XCAA0F1,专业组01,西南财经大学,3959,法学（法学与国商双学位���,,,,,,701,1696,,,,,,701,1696,,,,,,,,,本科,,,,,
8165702,海南,本科批,物理,,XCAA0F1,专业组02,西南财经大学,16DF,金融工程,,,,,,703,1618,,,,,,703,1618,,,,,,,,,本科,,,,,
8166748,海南,本科批,物理,,X147B5F,专业组03,河海大学,5187,农业水利工程（大一、大三、大四在南京相应校区学习，大二在常州校区学习）,大一、大三、大四在南京相应校区学习，大二在常州校区学习,,,,,661,4080,,,,,,661,4080,,,,,,,,,本科,,,,,
8166749,海南,本科批,物理,,X147B5F,专业组03,河海大学,331D,土木工程（大一、大三、大四在南京相应校区学习，大二在常州校区学习）,大一、大三、大四在南京相应校区学习，大二在常州校区学习,,,,,661,4080,,,,,,661,4080,,,,,,,,,本科,,,,,
8166750,海南,本科批,物理,,X147B5F,专业组03,河海大学,0E02,海洋资源开发技术（大一、大三、大四在南京相应校区学习，大二在常州校区学习）,大一、大三、大四在南京相应校区学习，大二在常州校区学习,,,,,662,3996,,,,,,662,3996,,,,,,,,,本科,,,,,
8166751,海南,本科批,物理,,X147B5F,专业组03,河海大学,C98B,水务工程（大一、大三、大四在南京相应校区学习，大二在常州校区学习）,大一、大三、大四在南京相应校区学习，大二在常州校区学习,,,,,663,3920,,,,,,663,3920,,,,,,,,,本科,,,,,
8166752,海南,本科批,物理,,X147B5F,专业组03,河海大学,5196,环境工程（大一、大三、大四在南京相应校区学习，大二在常州校区学习）,大一、大三、大四在南京相应校区学习，大二在常州校区学习,,,,,666,3691,,,,,,666,3691,,,,,,,,,本科,,,,,
8166753,海南,本科批,物理,,X147B5F,专业组03,河海大学,14DE,海洋科学（大一、大三、大四在南京相应校区学习，大二在常州校区学习）,大一、大三、大四在南京相应校区学习，大二在常州校区学习,,,,,667,3616,,,,,,667,3616,,,,,,,,,本科,,,,,
8166754,海南,本科批,物理,,X147B5F,专业组03,河海大学,B795,海洋技术（大一、大三、大四在南京相应校区学习，大二在常州校区学习）,大一、大三、大四在南京相应校区学习，大二在常州校区学习,,,,,668,3539,,,,,,668,3539,,,,,,,,,本科,,,,,
8166755,海南,本科批,物理,,X147B5F,专业组03,河海大学,8CF3,船舶与海洋工程（大一、大三、大四在南京相应校区学习，大二在常州校区学习）,大一、大三、大四在南京相应校区学习，大二在常州校区学习,,,,,669,3468,,,,,,669,3468,,,,,,,,,本科,,,,,
8166756,海南,本科批,物理,,X147B5F,专业组03,河海大学,0A6B,港口航道与海岸工程（大一、大三、大四在南京相应校区学习，大二在常州校区学习）,大一、大三、大四在南京相应校区学习，大二在常州校区学习,,,,,669,3468,,,,,,669,3468,,,,,,,,,本科,,,,,
8166757,海南,本科批,物理,,X147B5F,专业组02,河海大学,95E1,工商管理（大一、大三、大四在南京相应校区学习，大二在常州校区学习）,大一、大三、大四在南京相应校区学习，大二在常州校区学习,,,,,674,3136,,,,,,674,3136,,,,,,,,,本科,,,,,
8166758,海南,本科批,物理,,X147B5F,专业组03,河海大学,9096,水文与水资源工程（大一、大三、大四在南京相应校区学习，大二在常州校区学习）,大一、大三、大四在南京相应校区学习，大二在常州校区学习,,,,,675,3055,,,,,,675,3055,,,,,,,,,本科,,,,,
8166759,海南,本科批,物理,,X147B5F,专业组03,河海大学,D227,水利水电工程（大一、大三、大四在南京相应校区学习，大二在常州校区学习）,大一、大三、大四在南京相应校区学习，大二在常州校区学习,,,,,683,2567,,,,,,683,2567,,,,,,,,,本科,,,,,
8166760,海南,本科批,物理,,X147B5F,专业组03,河海大学,6030,计算机科学与技术（大一、大三、大四在南京相应校区学习，大二在常州校区学习）,大一、大三、大四在南京相应校区学习，大二在常州校区学习,,,,,686,2406,,,,,,686,2406,,,,,,,,,本科,,,,,
8166761,海南,本科批,物理,,X147B5F,专业组03,河海大学,8373,电气工程及其自动化（大一、大三、大四在南京相应校区学习，大二在常州校区学习）,大一、大三、大四在南京相应校区学习，大二在常州校区学习,,,,,696,1913,,,,,,696,1913,,,,,,,,,本科,,,,,
8167649,海南,本科提前批,物理,,XA4DF0B,专业组01,大连海事大学,AAA2,轮机工程（海上专业）,海上专业,,,,,630,7329,,,,,,630,7329,,,,,,,,,本科,,,,,
8167650,海南,本科提前批,物理,,XA4DF0B,专业组01,大连海事大学,B8D1,航海技术,,,,,,642,5905,,,,,,642,5905,,,,,,,,,本科,,,,,
8167651,海南,本科批,物理,,XA4DF0B,专业组03,大连海事大学,ABA8,环境科学与工程类,,,,,,646,5489,,,,,,646,5489,,,,,,,,,本科,,,,,
8167652,海南,本科批,物理,,XA4DF0B,专业组03,大连海事大学,3477,应用物理学,,,,,,650,5072,,,,,,650,5072,,,,,,,,,本科,,,,,
8167653,海南,本科批,物理,,XA4DF0B,专业组03,大连海事大学,F620,安全工程,,,,,,650,5072,,,,,,650,5072,,,,,,,,,本科,,,,,
8167654,海南,本科批,物理,,XA4DF0B,专业组03,大连海事大学,852C,交通运输类,,,,,,650,5072,,,,,,650,5072,,,,,,,,,本科,,,,,
8167655,海南,本科批,物理,,XA4DF0B,专业组03,大连海事大学,5669,数学类,,,,,,651,4974,,,,,,651,4974,,,,,,,,,本科,,,,,
8167656,海南,本科批,物理,,XA4DF0B,专业组03,大连海事大学,0184,自动化类,,,,,,654,4713,,,,,,654,4713,,,,,,,,,本科,,,,,
8167657,海南,本科批,物理,,XA4DF0B,专业组03,大连海事大学,861C,电子信息类,,,,,,658,4330,,,,,,658,4330,,,,,,,,,本科,,,,,
8167658,海南,本科批,物理,,XA4DF0B,专业组02,大连海事大学,16DF,金融工程,,,,,,661,4080,,,,,,661,4080,,,,,,,,,本科,,,,,
8167659,海南,本科批,物理,,XA4DF0B,专业组02,大连海事大学,8EF0,管理科学与工程类,,,,,,663,3920,,,,,,663,3920,,,,,,,,,本科,,,,,
8167660,海南,本科批,物理,,XA4DF0B,专业组03,大连海事大学,82E6,计算机类,,,,,,664,3845,,,,,,664,3845,,,,,,,,,本科,,,,,
8168453,海南,本科批,物理,,XFE3A39,专业组02,中国石油大学（华东）,B4AC,土木类（绿色能源建设工程（包含专业：建筑环境与能源应用工程、土木工程）,绿色能源建设工程（包含专业：建筑环境与能源应用工程、土木工程,,,,,663,3920,,,,,,663,3920,,,,,,,,,本科,,,,,
8168454,海南,本科批,物理,,XFE3A39,专业组02,中国石油大学（华东）,97ED,材料类（包含专业：材料成型及控制工程、材料科学与工程、材料物理、材料化学、新能源材料与器件）,包含专业：材料成型及控制工程、材料科学与工程、材料物理、材料化学、新能源材料与器件,,,,,663,3920,,,,,,663,3920,,,,,,,,,本科,,,,,
8168455,海南,本科批,物理,,XFE3A39,专业组02,中国石油大学（华东）,F620,安全工程,,,,,,663,3920,,,,,,663,3920,,,,,,,,,本科,,,,,
8168456,海南,本科批,物理,,XFE3A39,专业组02,中国石油大学（华东）,6420,过程装备与控制工程,,,,,,663,3920,,,,,,663,3920,,,,,,,,,本科,,,,,
8168457,海南,本科批,物理,,XFE3A39,专业组02,中国石油大学（华东）,E347,工业设计,,,,,,665,3764,,,,,,665,3764,,,,,,,,,本科,,,,,
8168458,海南,本科批,物理,,XFE3A39,专业组02,中国石油大学（华东）,702F,地球物理学,,,,,,665,3764,,,,,,665,3764,,,,,,,,,本科,,,,,
8168459,海南,本科批,物理,,XFE3A39,专业组02,中国石油大学（华东）,A687,光电信息科学与工程,,,,,,667,3616,,,,,,667,3616,,,,,,,,,本科,,,,,
8168460,海南,本科批,物理,,XFE3A39,专业组02,中国石油大学（华东）,CEC1,数学类（包含专业：数学与应用数学、信息与计算科学）,包含专业：数学与应用数学、信息与计算科学,,,,,669,3468,,,,,,669,3468,,,,,,,,,本科,,,,,
8168461,海南,本科批,物理,,XFE3A39,专业组02,中国石油大学（华东）,917A,海洋油气工程,,,,,,670,3396,,,,,,670,3396,,,,,,,,,本科,,,,,
8168462,海南,本科批,物理,,XFE3A39,专业组02,中国石油大学（华东）,3557,能源与动力工程,,,,,,671,3324,,,,,,671,3324,,,,,,,,,本科,,,,,
8168463,海南,本科批,物理,,XFE3A39,专业组02,中国石油大学（华东）,E640,机械类（智能装备工程）（包含专业：机械设计制造及其自动化、车辆工程、智能制造工程）,智能装备工程; 包含专业：机械设计制造及其自动化、车辆工程、智能制造工程,,,,,673,3195,,,,,,673,3195,,,,,,,,,本科,,,,,
8168464,海南,本科批,物理,,XFE3A39,专业组02,中国石油大学（华东）,4718,数据科学与大数据技术,,,,,,674,3136,,,,,,674,3136,,,,,,,,,本科,,,,,
8168465,海南,本科批,物理,,XFE3A39,专业组02,中国石油大学（华东）,B9A5,计算机科学与技术,,,,,,682,2624,,,,,,682,2624,,,,,,,,,本科,,,,,
8168466,海南,本科批,物理,,XFE3A39,专业组02,中国石油大学（华东）,A5B7,电气工程及其自动化,,,,,,687,2344,,,,,,687,2344,,,,,,,,,本科,,,,,
8169388,海南,本科批,物理,,X6D2916,专业组03,长沙理工大学,6A3A,建筑环境与能源应用工程,,,,,,616,9314,,,,,,616,9314,,,,,,,,,本科,,,,,
8169389,海南,本科批,物理,,X6D2916,专业组03,长沙理工大学,7E23,环境工程,,,,,,617,9159,,,,,,617,9159,,,,,,,,,本科,,,,,
8169390,海南,本科批,物理,,X6D2916,专业组03,长沙理工大学,EAB4,轻化工程,,,,,,617,9159,,,,,,617,9159,,,,,,,,,本科,,,,,
8169391,海南,本科批,物理,,X6D2916,专业组03,长沙理工大学,D6ED,化学工程与工艺,,,,,,618,9022,,,,,,618,9022,,,,,,,,,本科,,,,,
8169392,海南,本科批,物理,,X6D2916,专业组03,长沙理工大学,52FD,应用化学,,,,,,619,8868,,,,,,619,8868,,,,,,,,,本科,,,,,
8169393,海南,本科批,物理,,X6D2916,专业组03,长沙理工大学,B5E9,无机非金属材料工程,,,,,,619,8868,,,,,,619,8868,,,,,,,,,本科,,,,,
8169394,海南,本科批,物理,,X6D2916,专业组03,长沙理工大学,225A,水利类,,,,,,622,8436,,,,,,622,8436,,,,,,,,,本科,,,,,
8169395,海南,本科批,物理,,X6D2916,专业组03,长沙理工大学,E2E1,生物工程,,,,,,623,8295,,,,,,623,8295,,,,,,,,,本科,,,,,
8169396,海南,本科批,物理,,X6D2916,专业组03,长沙理工大学,5E49,食品科学与工程,,,,,,624,8163,,,,,,624,8163,,,,,,,,,本科,,,,,
8169397,海南,本科批,物理,,X6D2916,专业组03,长沙理工大学,A2E0,测绘工程,,,,,,624,8163,,,,,,624,8163,,,,,,,,,本科,,,,,
8169398,海南,本科批,物理,,X6D2916,专业组03,长沙理工大学,4EA7,新能源材料与器件,,,,,,626,7880,,,,,,626,7880,,,,,,,,,本科,,,,,
8169399,海南,本科批,物理,,X6D2916,专业组03,长沙理工大学,0C52,船舶与海洋工程,,,,,,626,7880,,,,,,626,7880,,,,,,,,,本科,,,,,
8169400,海南,本科批,物理,,X6D2916,专业组03,长沙理工大学,C7AE,交通工程,,,,,,627,7735,,,,,,627,7735,,,,,,,,,本科,,,,,
8169401,海南,本科批,物理,,X6D2916,专业组02,长沙理工大学,6F56,工程管理,,,,,,628,7623,,,,,,628,7623,,,,,,,,,本科,,,,,
8169402,海南,本科批,物理,,X6D2916,专业组03,长沙理工大学,26A7,车辆工程,,,,,,630,7329,,,,,,630,7329,,,,,,,,,本科,,,,,
8169403,海南,本科批,物理,,X6D2916,专业组03,长沙理工大学,CEDE,道路桥梁与渡河工程,,,,,,632,7099,,,,,,632,7099,,,,,,,,,本科,,,,,
8169404,海南,本科批,物理,,X6D2916,专业组03,长沙理工大学,F55B,交通运输,,,,,,633,6965,,,,,,633,6965,,,,,,,,,本科,,,,,
8169405,海南,本科批,物理,,X6D2916,专业组03,长沙理工大学,4ECE,土木工程,,,,,,635,6726,,,,,,635,6726,,,,,,,,,本科,,,,,
8169406,海南,本科批,物理,,X6D2916,专业组03,长沙理工大学,2B47,智能建造,,,,,,637,6498,,,,,,637,6498,,,,,,,,,本科,,,,,
8169407,海南,本科批,物理,,X6D2916,专业组01,长沙理工大学,4145,英语,,,,,,637,6498,,,,,,637,6498,,,,,,,,,本科,,,,,
8170170,海南,本科批,物理,,X09B35C,专业组03,上海财经大学,3E04,数据科学与大数据技术（工学）,工学,,,,,713,1271,,,,,,713,1271,,,,,,,,,本科,,,,,
8170171,海南,本科批,物理,,X09B35C,专业组03,上海财经大学,144B,数学类（包含专业：信息与计算科学、数学与应用数学）,包含专业：信息与计算科学、数学与应用数学,,,,,714,1246,,,,,,714,1246,,,,,,,,,本科,,,,,
8170172,海南,本科批,物理,,X09B35C,专业组03,上海财经大学,FEAC,统计学（双学士学位、统计与管理学院和商学院培养）,双学士学位、统计与管理学院和商学院培养,,,,,719,1104,,,,,,719,1104,,,,,,,,,本科,,,,,
8170173,海南,本科批,物理,,X09B35C,专业组02,上海财经大学,3564,工商管理类（包含专业：工商管理（商务分析）、工商管理（战略与创新创业）、人力资源管理、市场营销（战略与创新创业）、人力资源管理、市场营销）,包含专业：工商管理（商务分析; 战略与创新创业; 战略与创新创业,,,,,720,1067,,,,,,720,1067,,,,,,,,,本科,,,,,
8170174,海南,本科批,物理,,X09B35C,专业组02,上海财经大学,1F07,公共管理类（包含专业：行政管理、劳动与社会保障）,包含专业：行政管理、劳动与社会保障,,,,,721,1038,,,,,,721,1038,,,,,,,,,本科,,,,,
8170175,海南,本科批,物理,,X09B35C,专业组02,上海财经大学,EA5A,法学（涉外法治实验班、财经法治卓越班）,涉外法治实验班、财经法治卓越班,,,,,724,957,,,,,,724,957,,,,,,,,,本科,,,,,
8170176,海南,本科批,物理,,X09B35C,专业组02,上海财经大学,4869,投资学,,,,,,728,865,,,,,,728,865,,,,,,,,,本科,,,,,
8170177,海南,本科批,物理,,X09B35C,专业组02,上海财经大学,F29E,财务管理（智能化方向）,智能化方向,,,,,729,840,,,,,,729,840,,,,,,,,,本科,,,,,
8170178,海南,本科批,物理,,X09B35C,专业组02,上海财经大学,5E19,会计学,,,,,,737,687,,,,,,737,687,,,,,,,,,本科,,,,,
8170179,海南,本科批,物理,,X09B35C,专业组02,上海财经大学,B26C,金融学（双学士学位、金融学和统计学）,双学士学位、金融学和统计学,,,,,758,378,,,,,,758,378,,,,,,,,,本科,,,,,
8171577,海南,本科批,物理,,XD4956D,专业组03,西北大学,5E49,食品科学与工程,,,,,,640,6127,,,,,,640,6127,,,,,,,,,本科,,,,,
8171578,海南,本科批,物理,,XD4956D,专业组03,西北大学,2689,环境科学与工程类（包含专业：环境科学、环境工程）,包含专业：环境科学、环境工程,,,,,645,5610,,,,,,645,5610,,,,,,,,,本科,,,,,
8171579,海南,本科批,物理,,XD4956D,专业组03,西北大学,68C9,化工与制药类（包含专业：化学工程与工艺、制药工程、能源化学工程）,包含专业：化学工程与工艺、制药工程、能源化学工程,,,,,645,5610,,,,,,645,5610,,,,,,,,,本科,,,,,
8171580,海南,本科批,物理,,XD4956D,专业组03,西北大学,1DCB,化学类（包含专业：化学、应用化学、化学生物学、材料化学）,包含专业：化学、应用化学、化学生物学、材料化学,,,,,645,5610,,,,,,645,5610,,,,,,,,,本科,,,,,
8171581,海南,本科批,物理,,XD4956D,专业组03,西北大学,8C34,生物科学（华大创新班）,华大创新班,,,,,648,5279,,,,,,648,5279,,,,,,,,,本科,,,,,
8171582,海南,本科批,物理,,XD4956D,专业组03,西北大学,A5B5,计算机类（包含专业：计算机科学与技术、物联网工程、软件工程）,包含专业：计算机科学与技术、物联网工程、软件工程,,,,,649,5168,,,,,,649,5168,,,,,,,,,本科,,,,,
8171583,海南,本科批,物理,,XD4956D,专业组03,西北大学,6880,数学类（包含专业：数学与应用数学、信息与计算科学、应用统计学）,包含专业：数学与应用数学、信息与计算科学、应用统计学,,,,,654,4713,,,,,,654,4713,,,,,,,,,本科,,,,,
8171584,海南,本科批,物理,,XD4956D,专业组02,西北大学,B1CA,信息管理与信息系统（数据科学与智能管理方向）,数据科学与智能管理方向,,,,,661,4080,,,,,,661,4080,,,,,,,,,本科,,,,,
8171585,海南,本科批,物理,,XD4956D,专业组80,西北大学,97D0,临床医学,,,,,,662,3996,,,,,,662,3996,,,,,,,,,本科,,,,,
8171586,海南,本科批,物理,,XD4956D,专业组01,西北大学,0409,工商管理类（包含专业：工商管理、会计学、旅游管理）,包含专业：工商管理、会计学、旅游管理,,,,,665,3764,,,,,,665,3764,,,,,,,,,本科,,,,,
8171587,海南,本科批,物理,,XD4956D,专业组02,西北大学,92DB,知识产权,,,,,,666,3691,,,,,,666,3691,,,,,,,,,本科,,,,,
8171588,海南,本科批,物理,,XD4956D,专业组01,西北大学,25DE,国际经济与贸易,,,,,,666,3691,,,,,,666,3691,,,,,,,,,本科,,,,,
8171589,海南,本科批,物理,,XD4956D,专业组04,西北大学,88E9,外国语言文学类（包含专业：英语、日语、俄语）,包含专业：英语、日语、俄语,,,,,670,3396,,,,,,670,3396,,,,,,,,,本科,,,,,
8171590,海南,本科批,物理,,XD4956D,专业组01,西北大学,E963,经济学（数理经济实验班）,数理经济实验班,,,,,671,3324,,,,,,671,3324,,,,,,,,,本科,,,,,
8171591,海南,本科批,物理,,XD4956D,专业组04,西北大学,4C94,中国语言文学类（包含专业：汉语言文学、汉语国际教育）,包含专业：汉语言文学、汉语国际教育,,,,,672,3261,,,,,,672,3261,,,,,,,,,本科,,,,,
8171592,海南,本科批,物理,,XD4956D,专业组04,西北大学,4D13,世界史,,,,,,674,3136,,,,,,674,3136,,,,,,,,,本科,,,,,
8171593,海南,本科批,物理,,XD4956D,专业组04,西北大学,9544,考古学,,,,,,679,2805,,,,,,679,2805,,,,,,,,,本科,,,,,
8172347,海南,本科批,物理,,X04B9AD,专业组02,安徽大学,6995,网络工程,,,,,,664,3845,,,,,,664,3845,,,,,,,,,本科,,,,,
8172348,海南,本科批,物理,,X04B9AD,专业组02,安徽大学,B0CC,互联网金融,,,,,,666,3691,,,,,,666,3691,,,,,,,,,本科,,,,,
8172349,海南,本科批,物理,,X04B9AD,专业组02,安徽大学,CEC1,数学类（包含专业：数学与应用数学、信息与计算科学）,包含专业：数学与应用数学、信息与计算科学,,,,,667,3616,,,,,,667,3616,,,,,,,,,本科,,,,,
8172350,海南,本科批,物理,,X04B9AD,专业组02,安徽大学,ECA4,通信工程,,,,,,668,3539,,,,,,668,3539,,,,,,,,,本科,,,,,
8172351,海南,本科批,物理,,X04B9AD,专业组01,安徽大学,E2BB,社会学类（包含专业：社会学、社会工作）,包含专业：社会学、社会工作,,,,,670,3396,,,,,,670,3396,,,,,,,,,本科,,,,,
8172352,海南,本科批,物理,,X04B9AD,专业组01,安徽大学,BF14,工商管理类（包含专业：会计学、工商管理、市场营销、人力资源管理）,包含专业：会计学、工商管理、市场营销、人力资源管理,,,,,670,3396,,,,,,670,3396,,,,,,,,,本科,,,,,
8172353,海南,本科批,物理,,X04B9AD,专业组01,安徽大学,6AB9,经济学,,,,,,670,3396,,,,,,670,3396,,,,,,,,,本科,,,,,
8172354,海南,本科批,物理,,X04B9AD,专业组02,安徽大学,3C38,软件工程,,,,,,672,3261,,,,,,672,3261,,,,,,,,,本科,,,,,
8172355,海南,本科批,物理,,X04B9AD,专业组02,安徽大学,A5B7,电气工程及其自动化,,,,,,672,3261,,,,,,672,3261,,,,,,,,,本科,,,,,
8172356,海南,本科批,物理,,X04B9AD,专业组01,安徽大学,5CC8,哲学,,,,,,675,3055,,,,,,675,3055,,,,,,,,,本科,,,,,
8172357,海南,本科批,物理,,X04B9AD,专业组01,安徽大学,5342,新闻传播学类（包含专业：新闻学、广播电视学、编辑出版学、网络与新媒体）,包含专业：新闻学、广播电视学、编辑出版学、网络与新媒体,,,,,680,2744,,,,,,680,2744,,,,,,,,,本科,,,,,
8172358,海南,本科批,物理,,X04B9AD,专业组01,安徽大学,D243,汉语言文学,,,,,,701,1696,,,,,,701,1696,,,,,,,,,本科,,,,,
8172960,海南,高校专项计划批次,物理,,XFF08FC,专业组不限,南京师范大学,EE66,公共管理类（公共事业管理、行政管理）（高校专项计划）,公共事业管理、行政管理; 高校专项计划,,,,,643,5793,,,,,,643,5793,,,,,,,,,本科,,,,,
8172961,海南,本科批,物理,,XFF08FC,专业组01,南京师范大学,377E,海洋资源与环境,,,,,,643,5793,,,,,,643,5793,,,,,,,,,本科,,,,,
8173732,海南,本科批,物理,,X70DD86,专业组80,重庆医科大学,18E9,临床药学（不招色盲、色弱；视力矫正到4.8镜片度数不大于800度）,不招色盲、色弱；视力矫正到4.8镜片度数不大于800度,,,,,594,13128,,,,,,594,13128,,,,,,,,,本科,,,,,
8173733,海南,本科批,物理,,X70DD86,专业组80,重庆医科大学,4E9B,预防医学（不招色盲、色弱；视力矫正到4.8镜片度数不大于800度）,不招色盲、色弱；视力矫正到4.8镜片度数不大于800度,,,,,609,10437,,,,,,609,10437,,,,,,,,,本科,,,,,
8173734,海南,本科批,物理,,X70DD86,专业组80,重庆医科大学,471A,医学检验技术（不招色盲、色弱；视力矫正到4.8镜片度数不大于800度）,不招色盲、色弱；视力矫正到4.8镜片度数不大于800度,,,,,617,9159,,,,,,617,9159,,,,,,,,,本科,,,,,
8173735,海南,本科批,物理,,X70DD86,专业组80,重庆医科大学,4FE3,药学（不招色盲、色弱；视力矫正到4.8镜片度数不大于800度）,不招色盲、色弱；视力矫正到4.8镜片度数不大于800度,,,,,644,5701,,,,,,644,5701,,,,,,,,,本科,,,,,
8173736,海南,本科批,物理,,X70DD86,专业组80,重庆医科大学,25FB,法医学（不招色盲、色弱；视力矫正到4.8镜片度数不大于800度）,不招色盲、色弱；视力矫正到4.8镜片度数不大于800度,,,,,652,4884,,,,,,652,4884,,,,,,,,,本科,,,,,
8173737,海南,本科批,物理,,X70DD86,专业组01,重庆医科大学,3CBA,儿科学（不招色盲、色弱；视力矫正到4.8镜片度数不大于800度）,不招色盲、色弱；视力矫正到4.8镜片度数不大于800度,,,,,683,2567,,,,,,683,2567,,,,,,,,,本科,,,,,
8173738,海南,本科批,物理,,X70DD86,专业组01,重庆医科大学,99C9,麻醉学（不招色盲、色弱；视力矫正到4.8镜片度数不大于800度）,不招色盲、色弱；视力矫正到4.8镜片度数不大于800度,,,,,686,2406,,,,,,686,2406,,,,,,,,,本科,,,,,
8173739,海南,本科批,物理,,X70DD86,专业组01,重庆医科大学,58D4,眼视光医学（不招色盲、色弱；视力矫正到4.8镜片度数不大于800度）,不招色盲、色弱；视力矫正到4.8镜片度数不大于800度,,,,,688,2294,,,,,,688,2294,,,,,,,,,本科,,,,,
8173740,海南,本科批,物理,,X70DD86,专业组01,重庆医科大学,37D7,医学影像学（不招色盲、色弱；视力矫正到4.8镜片度数不大于800度）,不招色盲、色弱；视力矫正到4.8镜片度数不大于800度,,,,,699,1777,,,,,,699,1777,,,,,,,,,本科,,,,,
8173741,海南,本科批,物理,,X70DD86,专业组01,重庆医科大学,AAD1,口腔医学（不招色盲、色弱；视力矫正到4.8镜片度数不大于800度；不招左手惯用者）,不招色盲、色弱；视力矫正到4.8镜片度数不大于800度；不招左手惯用者,,,,,703,1618,,,,,,703,1618,,,,,,,,,本科,,,,,
8173742,海南,本科批,物理,,X70DD86,专业组01,重庆医科大学,A9EE,临床医学（不招色盲、色弱；视力矫正到4.8镜片度数不大于800度）,不招色盲、色弱；视力矫正到4.8镜片度数不大于800度,,,,,705,1549,,,,,,705,1549,,,,,,,,,本科,,,,,
8174493,海南,本科批,物理,,XB8555F,专业组05,四川师范大学,F89C,生物技术,,,,,,537,26650,,,,,,537,26650,,,,,,,,,本科,,,,,
8174494,海南,本科批,物理,,XB8555F,专业组05,四川师范大学,0541,生物科学,,,,,,557,21396,,,,,,557,21396,,,,,,,,,本科,,,,,
8174495,海南,本科批,物理,,XB8555F,专业组04,四川师范大学,1B86,金融数学,,,,,,578,16442,,,,,,578,16442,,,,,,,,,本科,,,,,
8174496,海南,本科批,物理,,XB8555F,专业组04,四川师范大学,3C38,软件工程,,,,,,578,16442,,,,,,578,16442,,,,,,,,,本科,,,,,
8174497,海南,本科批,物理,,XB8555F,专业组04,四川师范大学,6995,网络工程,,,,,,582,15570,,,,,,582,15570,,,,,,,,,本科,,,,,
8174498,海南,本科批,物理,,XB8555F,专业组04,四川师范大学,93E3,电子信息工程,,,,,,583,15317,,,,,,583,15317,,,,,,,,,本科,,,,,
8174499,海南,本科批,物理,,XB8555F,专业组04,四川师范大学,802A,物理学,,,,,,594,13128,,,,,,594,13128,,,,,,,,,本科,,,,,
8174500,海南,本科批,物理,,XB8555F,专业组04,四川师范大学,B5AE,化学,,,,,,600,12004,,,,,,600,12004,,,,,,,,,本科,,,,,
8174501,海南,本科批,物理,,XB8555F,专业组04,四川师范大学,548C,信息与计算科学,,,,,,606,10952,,,,,,606,10952,,,,,,,,,本科,,,,,
8174502,海南,本科批,物理,,XB8555F,专业组04,四川师范大学,B9A5,计算机科学与技术,,,,,,608,10596,,,,,,608,10596,,,,,,,,,本科,,,,,
8174503,海南,本科批,物理,,XB8555F,专业组03,四川师范大学,16DF,金融工程,,,,,,614,9643,,,,,,614,9643,,,,,,,,,本科,,,,,
8174504,海南,本科批,物理,,XB8555F,专业组04,四川师范大学,25FE,数学与应用数学,,,,,,615,9467,,,,,,615,9467,,,,,,,,,本科,,,,,
8174505,海南,本科批,物理,,XB8555F,专业组03,四川师范大学,436B,科学教育,,,,,,621,8571,,,,,,621,8571,,,,,,,,,本科,,,,,
8174506,海南,本科批,物理,,XB8555F,专业组02,四川师范大学,5CC8,哲学,,,,,,624,8163,,,,,,624,8163,,,,,,,,,本科,,,,,
8174507,海南,本科批,物理,,XB8555F,专业组02,四川师范大学,DB75,广播电视学,,,,,,624,8163,,,,,,624,8163,,,,,,,,,本科,,,,,
8174508,海南,本科批,物理,,XB8555F,专业组02,四川师范大学,6AB9,经济学,,,,,,625,8008,,,,,,625,8008,,,,,,,,,本科,,,,,
8174509,海南,本科批,物理,,XB8555F,专业组02,四川师范大学,1103,心理学,,,,,,626,7880,,,,,,626,7880,,,,,,,,,本科,,,,,
8174510,海南,本科批,物理,,XB8555F,专业组06,四川师范大学,A615,汉语国际教育,,,,,,627,7735,,,,,,627,7735,,,,,,,,,本科,,,,,
8174511,海南,本科批,物理,,XB8555F,专业组02,四川师范大学,CA0F,旅游管理,,,,,,630,7329,,,,,,630,7329,,,,,,,,,本科,,,,,
8174512,海南,本科批,物理,,XB8555F,专业组02,四川师范大学,5D72,网络与新媒体,,,,,,631,7228,,,,,,631,7228,,,,,,,,,本科,,,,,
8175374,海南,本科批,物理,,XC789DB,专业组04,集美大学,87D8,海洋渔业科学与技术,,,,,,489,40101,,,,,,489,40101,,,,,,,,,本科,,,,,
8175375,海南,本科批,物理,,XC789DB,专业组04,集美大学,7A1F,水产养殖学,,,,,,492,39297,,,,,,492,39297,,,,,,,,,本科,,,,,
8175376,海南,本科批,物理,,XC789DB,专业组04,集美大学,89AC,水生动物医学,,,,,,519,31653,,,,,,519,31653,,,,,,,,,本科,,,,,
8175377,海南,本科批,物理,,XC789DB,专业组03,集美大学,E2E1,生物工程,,,,,,589,14092,,,,,,589,14092,,,,,,,,,本科,,,,,
8175378,海南,本科批,物理,,XC789DB,专业组03,集美大学,557A,港口航道与海岸工程,,,,,,594,13128,,,,,,594,13128,,,,,,,,,本科,,,,,
8175379,海南,本科批,物理,,XC789DB,专业组03,集美大学,53B9,食品质量与安全,,,,,,595,12898,,,,,,595,12898,,,,,,,,,本科,,,,,
8175380,海南,本科批,物理,,XC789DB,专业组03,集美大学,0C52,船舶与海洋工程,,,,,,609,10437,,,,,,609,10437,,,,,,,,,本科,,,,,
8175381,海南,本科批,物理,,XC789DB,专业组03,集美大学,F55B,交通运输,,,,,,610,10279,,,,,,610,10279,,,,,,,,,本科,,,,,
8175382,海南,本科批,物理,,XC789DB,专业组03,集美大学,046D,轮机工程（陆上方向）,陆上方向,,,,,614,9643,,,,,,614,9643,,,,,,,,,本科,,,,,
8175383,海南,本科批,物理,,XC789DB,专业组02,集美大学,04A0,工商管理,,,,,,635,6726,,,,,,635,6726,,,,,,,,,本科,,,,,
8175384,海南,本科批,物理,,XC789DB,专业组02,集美大学,6AB9,经济学,,,,,,639,6231,,,,,,639,6231,,,,,,,,,本科,,,,,
8175586,海南,本科批,物理,,X0BBF4F,专业组04,河南理工大学,A9D1,材料成型及控制工程（智能制造方向）,智能制造方向,,,,,519,31653,,,,,,519,31653,,,,,,,,,本科,,,,,
8176091,海南,本科批,物理,,X3206E0,专业组81,广东工业大学,9528,土木工程（国际班）（与英澳实行一校对多校的联合培养项目，具体培养模式和学习费用请查看学校网站）,国际班; 与英澳实行一校对多校的联合培养项目，具体培养模式和学习费用请查看学校网站,,,,,577,16644,,,,,,577,16644,,,,,,,,,本科,,,,,
8176092,海南,本科批,物理,,X3206E0,专业组81,广东工业大学,25E6,机械设计制造及其自动化（国际班（与英澳实行一校对多校的联合培养项目，具体培养模式和学习费用请查看学校网站）,国际班（与英澳实行一校对多校的联合培养项目，具体培养模式和学习费用请查看学校网站,,,,,580,15994,,,,,,580,15994,,,,,,,,,本科,,,,,
8176093,海南,本科批,物理,,X3206E0,专业组81,广东工业大学,0F3C,电气工程及其自动化（国际班）（与英澳实行一校对多校的联合培养项目，具体培养模式和学习费用请查看学校网站；不招色盲）,国际班; 与英澳实行一校对多校的联合培养项目，具体培养模式和学习费用请查看学校网站；不招色盲,,,,,588,14321,,,,,,588,14321,,,,,,,,,本科,,,,,
8176094,海南,本科批,物理,,X3206E0,专业组80,广东工业大学,0291,工商管理（国际班）（与英澳实行一校对多校的联合培养项目，具体培养模式和学习费用请查看学校网站）,国际班; 与英澳实行一校对多校的联合培养项目，具体培养模式和学习费用请查看学校网站,,,,,610,10279,,,,,,610,10279,,,,,,,,,本科,,,,,
8176095,海南,本科批,物理,,X3206E0,专业组81,广东工业大学,DB7F,计算机科学与技术（国际班）（与英澳实行一校对多校的联合培养项目，具体培养模式和学习费用请查看学校网站）,国际班; 与英澳实行一校对多校的联合培养项目，具体培养模式和学习费用请查看学校网站,,,,,619,8868,,,,,,619,8868,,,,,,,,,本科,,,,,
8176096,海南,本科批,物理,,X3206E0,专业组83,广东工业大学,A086,土木工程（揭阳校区）（在揭阳校区就读）,揭阳校区; 在揭阳校区就读,,,,,624,8163,,,,,,624,8163,,,,,,,,,本科,,,,,
8176097,海南,本科批,物理,,X3206E0,专业组82,广东工业大学,B824,电子商务（揭阳校区）（在揭阳校区就读）,揭阳校区; 在揭阳校区就读,,,,,627,7735,,,,,,627,7735,,,,,,,,,本科,,,,,
8176098,海南,本科批,物理,,X3206E0,专业组02,广东工业大学,E6CB,社会工作,,,,,,635,6726,,,,,,635,6726,,,,,,,,,本科,,,,,
8176099,海南,本科批,物理,,X3206E0,专业组02,广东工业大学,D627,工商管理类（包含专业：工商管理、市场营销、人力资源管理；第三学期专业分流）,包含专业：工商管理、市场营销、人力资源管理；第三学期专业分流,,,,,637,6498,,,,,,637,6498,,,,,,,,,本科,,,,,
8176100,海南,本科批,物理,,X3206E0,专业组83,广东工业大学,B35E,化学工程与工艺（揭阳校区）（不招色盲、色弱；在揭阳校区就读）,揭阳校区; 不招色盲、色弱；在揭阳校区就读,,,,,637,6498,,,,,,637,6498,,,,,,,,,本科,,,,,
8176101,海南,本科批,物理,,X3206E0,专业组02,广东工业大学,25DE,国际经济与贸易,,,,,,637,6498,,,,,,637,6498,,,,,,,,,本科,,,,,
8176102,海南,本科批,物理,,X3206E0,专业组83,广东工业大学,CC13,机械电子工程（揭阳校区）（在揭阳校区就读）,揭阳校区; 在揭阳校区就读,,,,,638,6368,,,,,,638,6368,,,,,,,,,本科,,,,,
8176103,海南,本科批,物理,,X3206E0,专业组02,广东工业大学,85C0,外国语言文学类（包含专业：英语、翻译、商务英语；第三学期专业分流）,包含专业：英语、翻译、商务英语；第三学期专业分流,,,,,638,6368,,,,,,638,6368,,,,,,,,,本科,,,,,
8176104,海南,本科批,物理,,X3206E0,专业组02,广东工业大学,5E19,会计学,,,,,,642,5905,,,,,,642,5905,,,,,,,,,本科,,,,,
8176105,海南,本科批,物理,,X3206E0,专业组83,广东工业大学,8E8F,电气工程及其自动化（揭阳校区）（不招色盲；在揭阳校区就读）,揭阳校区; 不招色盲；在揭阳校区就读,,,,,653,4781,,,,,,653,4781,,,,,,,,,本科,,,,,
8176106,海南,本科批,物理,,X3206E0,专业组03,广东工业大学,AC10,食品科学与工程（不招色盲、色弱）,不招色盲、色弱,,,,,656,4510,,,,,,656,4510,,,,,,,,,本科,,,,,
8176107,海南,本科批,物理,,X3206E0,专业组83,广东工业大学,3AD5,计算机科学与技术（揭阳校区）（在揭阳校区就读）,揭阳校区; 在揭阳校区就读,,,,,657,4421,,,,,,657,4421,,,,,,,,,本科,,,,,
8176108,海南,本科批,物理,,X3206E0,专业组03,广东工业大学,03AE,化学工程与工艺（创新班、卓越工程师班第二学期选拔；不招色盲、色弱）,创新班、卓越工程师班第二学期选拔；不招色盲、色弱,,,,,658,4330,,,,,,658,4330,,,,,,,,,本科,,,,,
8176109,海南,本科批,物理,,X3206E0,专业组03,广东工业大学,4ECE,土木工程,,,,,,662,3996,,,,,,662,3996,,,,,,,,,本科,,,,,
8176110,海南,本科批,物理,,X3206E0,专业组03,广东工业大学,3818,材料成型及控制工程（含卓越工程师班；第六学期选拔；不招色盲）,含卓越工程师班；第六学期选拔；不招色盲,,,,,663,3920,,,,,,663,3920,,,,,,,,,本科,,,,,
8176422,海南,本科批,物理,,X0EC453,专业组02,河南师范大学,6462,水产类（包含专业：水产养殖学、水族科学与技术）,包含专业：水产养殖学、水族科学与技术,,,,,483,41779,,,,,,483,41779,,,,,,,,,本科,,,,,
8176423,海南,本科批,物理,,X0EC453,专业组01,河南师范大学,04A0,工商管理,,,,,,598,12377,,,,,,598,12377,,,,,,,,,本科,,,,,
8176424,海南,本科批,物理,,X0EC453,专业组03,河南师范大学,B67D,马克思主义理论类（包含专业：马克思主义理论、中国共产党历史）,包含专业：马克思主义理论、中国共产党历史,,,,,599,12200,,,,,,599,12200,,,,,,,,,本科,,,,,
8176425,海南,本科批,物理,,X0EC453,专业组01,河南师范大学,6451,运动人体科学（师范类专业）,师范类专业,,,,,599,12200,,,,,,599,12200,,,,,,,,,本科,,,,,
8176426,海南,本科批,物理,,X0EC453,专业组03,河南师范大学,D0E1,政治学与行政学,,,,,,603,11475,,,,,,603,11475,,,,,,,,,本科,,,,,
8176427,海南,本科批,物理,,X0EC453,专业组01,河南师范大学,B755,法学类（包含专业：法学、法学（民商法学方向）、知识产权）,包含专业：法学、法学（民商法学方向,,,,,618,9022,,,,,,618,9022,,,,,,,,,本科,,,,,
8177090,海南,本科批,物理,,X0BBF4F,专业组04,河南理工大学,38C2,地质工程,,,,,,513,33405,,,,,,513,33405,,,,,,,,,本科,,,,,
8177091,海南,本科批,物理,,X0BBF4F,专业组04,河南理工大学,52F8,轨道交通信号与控制,,,,,,515,32818,,,,,,515,32818,,,,,,,,,本科,,,,,
8177092,海南,本科批,物理,,X0BBF4F,专业组04,河南理工大学,5AC6,工程力学,,,,,,518,31962,,,,,,518,31962,,,,,,,,,本科,,,,,
8177093,海南,本科批,物理,,X0BBF4F,专业组04,河南理工大学,A9D1,材料成型及控制工程（智能制造方向）,智能制造方向,,,,,519,31653,,,,,,519,31653,,,,,,,,,本科,,,,,
8177094,海南,本科批,物理,,X0BBF4F,专业组04,河南理工大学,9E8D,资源勘查工程（清洁能源勘查方向）,清洁能源勘查方向,,,,,520,31393,,,,,,520,31393,,,,,,,,,本科,,,,,
8177095,海南,本科批,物理,,X0BBF4F,专业组04,河南理工大学,C096,智能材料与结构,,,,,,522,30842,,,,,,522,30842,,,,,,,,,本科,,,,,
8177096,海南,本科批,物理,,X0BBF4F,专业组04,河南理工大学,EAC6,测绘工程（导航方向）,导航方向,,,,,529,28875,,,,,,529,28875,,,,,,,,,本科,,,,,
8177097,海南,本科批,物理,,X0BBF4F,专业组04,河南理工大学,A942,材料科学与工程,,,,,,530,28572,,,,,,530,28572,,,,,,,,,本科,,,,,
8177098,海南,本科批,物理,,X0BBF4F,专业组04,河南理工大学,E0D8,水文与水资源工程（智慧水文方向）,智慧水文方向,,,,,532,28031,,,,,,532,28031,,,,,,,,,本科,,,,,
8177099,海南,本科批,物理,,X0BBF4F,专业组04,河南理工大学,4ECE,土木工程,,,,,,540,25810,,,,,,540,25810,,,,,,,,,本科,,,,,
8177100,海南,本科批,物理,,X0BBF4F,专业组04,河南理工大学,A5D2,测控技术与仪器,,,,,,554,22142,,,,,,554,22142,,,,,,,,,本科,,,,,
8177101,海南,本科批,物理,,X0BBF4F,专业组04,河南理工大学,26A7,车辆工程,,,,,,561,20364,,,,,,561,20364,,,,,,,,,本科,,,,,
8177102,海南,本科批,物理,,X0BBF4F,专业组04,河南理工大学,A86C,遥感科学与技术,,,,,,565,19373,,,,,,565,19373,,,,,,,,,本科,,,,,
8177103,海南,本科批,物理,,X0BBF4F,专业组04,河南理工大学,ECA4,通信工程,,,,,,581,15788,,,,,,581,15788,,,,,,,,,本科,,,,,
8177104,海南,本科批,物理,,X0BBF4F,专业组04,河南理工大学,E73D,安全工程（卓越计划班）,卓越计划班,,,,,585,14905,,,,,,585,14905,,,,,,,,,本科,,,,,
8177105,海南,本科批,物理,,X0BBF4F,专业组04,河南理工大学,78FF,机械设计制造及其自动化,,,,,,585,14905,,,,,,585,14905,,,,,,,,,本科,,,,,
8177106,海南,本科批,物理,,X0BBF4F,专业组01,河南理工大学,A389,建筑类（包含专业：建筑学、城乡规划）,包含专业：建筑学、城乡规划,,,,,600,12004,,,,,,600,12004,,,,,,,,,本科,,,,,
8177107,海南,本科批,物理,,X0BBF4F,专业组01,河南理工大学,CA0F,旅游管理,,,,,,601,11844,,,,,,601,11844,,,,,,,,,本科,,,,,
8177108,海南,本科批,物理,,X0BBF4F,专业组04,河南理工大学,B9A5,计算机科学与技术,,,,,,604,11285,,,,,,604,11285,,,,,,,,,本科,,,,,
8177109,海南,本科批,物理,,X0BBF4F,专业组01,河南理工大学,0FBC,金融学,,,,,,605,11138,,,,,,605,11138,,,,,,,,,本科,,,,,
8177664,海南,本科批,物理,,X36A273,专业组02,西南政法大学,7542,新闻传播学类（包含专业：新闻学、广播电视学、传播学、网络与新媒体）,包含专业：新闻学、广播电视学、传播学、网络与新媒体,,,,,681,2691,,,,,,681,2691,,,,,,,,,本科,,,,,
8177665,海南,本科批,物理,,X36A273,专业组02,西南政法大学,25DE,国际经济与贸易,,,,,,682,2624,,,,,,682,2624,,,,,,,,,本科,,,,,
8177666,海南,本科批,物理,,X36A273,专业组02,西南政法大学,0FBC,金融学,,,,,,686,2406,,,,,,686,2406,,,,,,,,,本科,,,,,
8177667,海南,本科批,物理,,X36A273,专业组02,西南政法大学,92DB,知识产权,,,,,,690,2193,,,,,,690,2193,,,,,,,,,本科,,,,,
8177668,海南,本科批,物理,,X36A273,专业组02,西南政法大学,927B,法学,,,,,,695,1965,,,,,,695,1965,,,,,,,,,本科,,,,,
8177669,海南,本科批,物理,,X36A273,专业组02,西南政法大学,ED4C,法学（行管双学位）（法学+行政管理）双学士学位复合型人才培养项目）,行管双学位; 法学+行政管理,,,,,701,1696,,,,,,701,1696,,,,,,,,,本科,,,,,
8178468,海南,本科批,物理,,X50BC57,专业组02,中国农业大学,0464,环境科学与工程类（包含专业：应用气象学、生态学、资源环境科学、环境工程）,包含专业：应用气象学、生态学、资源环境科学、环境工程,,,,,700,1737,,,,,,700,1737,,,,,,,,,本科,,,,,
8178469,海南,本科批,物理,,X50BC57,专业组02,中国农业大学,F519,水利类（包含专业：农业水利工程、水利水电工程、能源与动力工程、农业建筑环境与能源工程、土木工程）,包含专业：农业水利工程、水利水电工程、能源与动力工程、农业建筑环境与能源工程、土木工程,,,,,701,1696,,,,,,701,1696,,,,,,,,,本科,,,,,
8178470,海南,本科批,物理,,X50BC57,专业组02,中国农业大学,0F06,农业工程类（包含专业：农业工程、农业机械化及其自动化、农业智能装备工程）,包含专业：农业工程、农业机械化及其自动化、农业智能装备工程,,,,,704,1592,,,,,,704,1592,,,,,,,,,本科,,,,,
8178471,海南,本科批,物理,,X50BC57,专业组02,中国农业大学,8595,电子信息类（包含专业：电子信息工程、通信工程、电气工程及其自动化、人工智能）,包含专业：电子信息工程、通信工程、电气工程及其自动化、人工智能,,,,,705,1549,,,,,,705,1549,,,,,,,,,本科,,,,,
8178472,海南,本科批,物理,,X50BC57,专业组02,中国农业大学,2638,植物保护,,,,,,707,1471,,,,,,707,1471,,,,,,,,,本科,,,,,
8178473,海南,本科批,物理,,X50BC57,专业组02,中国农业大学,99EA,动物科学,,,,,,712,1304,,,,,,712,1304,,,,,,,,,本科,,,,,
8178474,海南,本科批,物理,,X50BC57,专业组02,中国农业大学,9C79,农学（包含农学、种子科学与工程两个专业方向）,包含农学、种子科学与工程两个专业方向,,,,,722,1011,,,,,,722,1011,,,,,,,,,本科,,,,,
8178475,海南,本科批,物理,,X50BC57,专业组02,中国农业大学,5858,生物科学类（包含专业：生物科学、生物技术）,包含专业：生物科学、生物技术,,,,,727,887,,,,,,727,887,,,,,,,,,本科,,,,,
8178476,海南,本科批,物理,,X50BC57,专业组02,中国农业大学,9E31,理科试验班类（生命科学）（包含专业：生物科学类、农学、种子科学与工程、园艺、植物保护、动物医学类、动物科学、草业科学、环境科学与工程类、食品科学与工程类、化学类）,生命科学; 包含专业：生物科学类、农学、种子科学与工程、园艺、植物保护、动物医学类、动物科学、草业科学、环境科学与工程类、食品科学与工程类、化学类,,,,,729,840,,,,,,729,840,,,,,,,,,本科,,,,,
8179322,海南,本科批,物理,,XD7DF35,专业组02,东华大学,1149,化学类（包含专业：轻化工程、应用化学）,包含专业：轻化工程、应用化学,,,,,671,3324,,,,,,671,3324,,,,,,,,,本科,,,,,
8179323,海南,本科批,物理,,XD7DF35,专业组02,东华大学,6A3A,建筑环境与能源应用工程,,,,,,671,3324,,,,,,671,3324,,,,,,,,,本科,,,,,
8179324,海南,本科批,物理,,XD7DF35,专业组02,东华大学,3108,纺织类（包含专业：纺织工程、非织造材料与工程；“双一流”学科息安全）,包含专业：纺织工程、非织造材料与工程；“双一流”学科息安全,,,,,674,3136,,,,,,674,3136,,,,,,,,,本科,,,,,
8179325,海南,本科批,物理,,XD7DF35,专业组02,东华大学,838F,材料类（包含专业：高分子材料与工程、无机非金属材料工程、复合材料与工程；“双一流”学科）,包含专业：高分子材料与工程、无机非金属材料工程、复合材料与工程；“双一流”学科,,,,,676,3001,,,,,,676,3001,,,,,,,,,本科,,,,,
8179326,海南,本科批,物理,,XD7DF35,专业组02,东华大学,8DE0,数学类（金融与统计）（包含专业：数学与应用数学、统计学）,金融与统计; 包含专业：数学与应用数学、统计学,,,,,677,2924,,,,,,677,2924,,,,,,,,,本科,,,,,
8179327,海南,本科批,物理,,XD7DF35,专业组02,东华大学,8684,智能制造工程,,,,,,677,2924,,,,,,677,2924,,,,,,,,,本科,,,,,
8179328,海南,本科批,物理,,XD7DF35,专业组01,东华大学,9EAF,经济管理试验班（包含专业：市场营销、财务管理、会计学、工商管理）,包含专业：市场营销、财务管理、会计学、工商管理,,,,,678,2871,,,,,,678,2871,,,,,,,,,本科,,,,,
8179329,海南,本科批,物理,,XD7DF35,专业组02,东华大学,63AE,理科试验班类（隶属于“钱宝钧学院”，大一结束后面向全校进行专业分流（特殊类型招生专业除外），具体分流方式根据《学生手册》执行；包含专业：数据科学与大数据技术、智能制造工程、信息管理与信息系统、电子商务、软件工程、计算机科学与技术、信息安全、电气工程及其自动化、自动化、通信工程、电子信息工程、建筑环境与能源应用工程、能源与环境系统工程、机械工程、工业设计、数学与应用数学、统计学、应用物理学、光电信息科学与工程、人工智能、供应链管理、智能科学与技术等）,隶属于“钱宝钧学院”，大一结束后面向全校进行专业分流（特殊类型招生专业除外,,,,,680,2744,,,,,,680,2744,,,,,,,,,本科,,,,,
8179330,海南,本科批,物理,,XD7DF35,专业组02,东华大学,03B1,智能科学与技术,,,,,,682,2624,,,,,,682,2624,,,,,,,,,本科,,,,,
8179331,海南,本科批,物理,,XD7DF35,专业组01,东华大学,66C0,经济与贸易类（包含专业：国际经济与贸易、金融学）,包含专业：国际经济与贸易、金融学,,,,,685,2464,,,,,,685,2464,,,,,,,,,本科,,,,,
8179332,海南,本科批,物理,,XD7DF35,专业组02,东华大学,E51E,电子信息类（包含专业：电气工程及其自动化、自动化、通信工程、电子信息工程）,包含专业：电气工程及其自动化、自动化、通信工程、电子信息工程,,,,,686,2406,,,,,,686,2406,,,,,,,,,本科,,,,,
8179333,海南,本科批,物理,,XD7DF35,专业组02,东华大学,3E78,计算机类（包含专业：软件工程、计算机科学与技术、信息安全）,包含专业：软件工程、计算机科学与技术、信息安全,,,,,687,2344,,,,,,687,2344,,,,,,,,,本科,,,,,
8179976,海南,本科批,物理,,X8F4791,专业组01,重庆邮电大学,D7F9,工商管理类（包含专业：市场营销、会计学）,包含专业：市场营销、会计学,,,,,635,6726,,,,,,635,6726,,,,,,,,,本科,,,,,
8179977,海南,本科批,物理,,X8F4791,专业组01,重庆邮电大学,47F3,机械类（智能制造与机器人类）（包含专业：智能制造工程、机械设计制造及其自动化、机器人工程）,智能制造与机器人类; 包含专业：智能制造工程、机械设计制造及其自动化、机器人工程,,,,,636,6586,,,,,,636,6586,,,,,,,,,本科,,,,,
8179978,海南,本科批,物理,,X8F4791,专业组01,重庆邮电大学,9B17,生物信息学,,,,,,637,6498,,,,,,637,6498,,,,,,,,,本科,,,,,
8179979,海南,本科批,物理,,X8F4791,专业组01,重庆邮电大学,D681,信息管理与信息系统,,,,,,637,6498,,,,,,637,6498,,,,,,,,,本科,,,,,
8179980,海南,本科批,物理,,X8F4791,专业组01,重庆邮电大学,31DB,数学类（数学与信息科学类）（包含专业：信息与计算科学、数据计算及应用）,数学与信息科学类; 包含专业：信息与计算科学、数据计算及应用,,,,,641,6019,,,,,,641,6019,,,,,,,,,本科,,,,,
8179981,海南,本科批,物理,,X8F4791,专业组01,重庆邮电大学,64E9,软件工程（三、四年级学费15000元/年）,三、四年级学费15000元/年,,,,,641,6019,,,,,,641,6019,,,,,,,,,本科,,,,,
8179982,海南,本科批,物理,,X8F4791,专业组01,重庆邮电大学,84EB,自动化类（智能自动化）（包含专业：自动化、电气工程及其自动化、物大三、大四在渝北区仙桃数据谷就读联网工程、测控技术与仪器；物联网工程专业）,智能自动化; 包含专业：自动化、电气工程及其自动化、物大三、大四在渝北区仙桃数据谷就读联网工程、测控技术与仪器；物联网工程专业,,,,,644,5701,,,,,,644,5701,,,,,,,,,本科,,,,,
8179983,海南,本科批,物理,,X8F4791,专业组01,重庆邮电大学,62BF,大数据管理与应用,,,,,,646,5489,,,,,,646,5489,,,,,,,,,本科,,,,,
8179984,海南,本科批,物理,,X8F4791,专业组01,重庆邮电大学,D8F7,电子信息类（集成电路类）（包含专业：微电子科学与工程、集成电路设计与集成系统）,集成电路类; 包含专业：微电子科学与工程、集成电路设计与集成系统,,,,,654,4713,,,,,,654,4713,,,,,,,,,本科,,,,,
8179985,海南,本科批,物理,,X8F4791,专业组01,重庆邮电大学,CD7B,计算机类（计算机与智能科学类）（包含专业：计算机科学与技术、智能科学与技）,计算机与智能科学类; 包含专业：计算机科学与技术、智能科学与技,,,,,655,4593,,,,,,655,4593,,,,,,,,,本科,,,,,
8179986,海南,本科批,物理,,X8F4791,专业组01,重庆邮电大学,8B62,电子信息类（电子工程类）（包含专业：光电信息科学与工程、电子科学与技术、电磁场与无线技术）,电子工程类; 包含专业：光电信息科学与工程、电子科学与技术、电磁场与无线技术,,,,,659,4256,,,,,,659,4256,,,,,,,,,本科,,,,,
8179987,海南,本科批,物理,,X8F4791,专业组01,重庆邮电大学,C6D6,电子信息类（通信与信息类）（包含专业：通信工程、电子信息工程）,通信与信息类; 包含专业：通信工程、电子信息工程,,,,,661,4080,,,,,,661,4080,,,,,,,,,本科,,,,,
8180804,海南,本科批,物理,,X856A16,专业组80,华北理工大学,817D,康复治疗学,,,,,,509,34493,,,,,,509,34493,,,,,,,,,本科,,,,,
8180805,海南,本科批,物理,,X856A16,专业组80,华北理工大学,3B42,精神医学,,,,,,536,26922,,,,,,536,26922,,,,,,,,,本科,,,,,
8180806,海南,本科批,物理,,X856A16,专业组03,华北理工大学,B090,生物科学类（包含专业：生物技术、生物信息学）,包含专业：生物技术、生物信息学,,,,,545,24505,,,,,,545,24505,,,,,,,,,本科,,,,,
8180807,海南,本科批,物理,,X856A16,专业组03,华北理工大学,38B5,能源化学工程,,,,,,546,24228,,,,,,546,24228,,,,,,,,,本科,,,,,
8180808,海南,本科批,物理,,X856A16,专业组03,华北理工大学,B5A0,矿业类（包含专业：采矿工程、矿物加工工程）,包含专业：采矿工程、矿物加工工程,,,,,546,24228,,,,,,546,24228,,,,,,,,,本科,,,,,
8180809,海南,本科批,物理,,X856A16,专业组03,华北理工大学,4C65,自动化,,,,,,573,17552,,,,,,573,17552,,,,,,,,,本科,,,,,
8180810,海南,本科批,物理,,X856A16,专业组03,华北理工大学,4D44,给排水科学与工程,,,,,,579,16225,,,,,,579,16225,,,,,,,,,本科,,,,,
8180811,海南,本科批,物理,,X856A16,专业组03,华北理工大学,B9A5,计算机科学与技术,,,,,,580,15994,,,,,,580,15994,,,,,,,,,本科,,,,,
8180812,海南,本科批,物理,,X856A16,专业组01,华北理工大学,4852,应用心理学,,,,,,592,13501,,,,,,592,13501,,,,,,,,,本科,,,,,
8180813,海南,本科批,物理,,X856A16,专业组01,华北理工大学,25DE,国际经济与贸易,,,,,,593,13321,,,,,,593,13321,,,,,,,,,本科,,,,,
8180814,海南,本科批,物理,,X856A16,专业组02,华北理工大学,6F56,工程管理,,,,,,594,13128,,,,,,594,13128,,,,,,,,,本科,,,,,
8180815,海南,本科批,物理,,X856A16,专业组02,华北理工大学,4A2C,物流工程,,,,,,598,12377,,,,,,598,12377,,,,,,,,,本科,,,,,
8180816,海南,本科批,物理,,X856A16,专业组04,华北理工大学,97D0,临床医学,,,,,,625,8008,,,,,,625,8008,,,,,,,,,本科,,,,,
8182324,海南,本科批,物理,,X431968,专业组03,太原理工大学,A2E0,测绘工程,,,,,,626,7880,,,,,,626,7880,,,,,,,,,本科,,,,,
8182325,海南,本科批,物理,,X431968,专业组03,太原理工大学,C1B4,水利水电工程,,,,,,627,7735,,,,,,627,7735,,,,,,,,,本科,,,,,
8182326,海南,本科批,物理,,X431968,专业组03,太原理工大学,91CE,水文与水资源工程,,,,,,627,7735,,,,,,627,7735,,,,,,,,,本科,,,,,
8182327,海南,本科批,物理,,X431968,专业组03,太原理工大学,7E23,环境工程,,,,,,627,7735,,,,,,627,7735,,,,,,,,,本科,,,,,
8182328,海南,本科批,物理,,X431968,专业组03,太原理工大学,4D44,给排水科学与工程,,,,,,628,7623,,,,,,628,7623,,,,,,,,,本科,,,,,
8182329,海南,本科批,物理,,X431968,专业组03,太原理工大学,3477,应用物理学,,,,,,628,7623,,,,,,628,7623,,,,,,,,,本科,,,,,
8182330,海南,本科批,物理,,X431968,专业组03,太原理工大学,D6ED,化学工程与工艺,,,,,,628,7623,,,,,,628,7623,,,,,,,,,本科,,,,,
8182331,海南,本科批,物理,,X431968,专业组03,太原理工大学,CEDE,道路桥梁与渡河工程,,,,,,629,7486,,,,,,629,7486,,,,,,,,,本科,,,,,
8182332,海南,本科批,物理,,X431968,专业组03,太原理工大学,7F6A,量子信息科学,,,,,,629,7486,,,,,,629,7486,,,,,,,,,本科,,,,,
8182333,海南,本科批,物理,,X431968,专业组03,太原理工大学,E347,工业设计,,,,,,629,7486,,,,,,629,7486,,,,,,,,,本科,,,,,
8182334,海南,本科批,物理,,X431968,专业组81,太原理工大学,99F2,城乡规划（入校后加试美术，成绩不合格者根据学校转专业相关文件要求执行）,入校后加试美术，成绩不合格者根据学校转专业相关文件要求执行,,,,,631,7228,,,,,,631,7228,,,,,,,,,本科,,,,,
8182335,海南,本科批,物理,,X431968,专业组81,太原理工大学,4221,建筑学（入校后加试美术，成绩不合格者根据学校转专业相关文件要求执行）,入校后加试美术，成绩不合格者根据学校转专业相关文件要求执行,,,,,631,7228,,,,,,631,7228,,,,,,,,,本科,,,,,
8182336,海南,本科批,物理,,X431968,专业组03,太原理工大学,6420,过程装备与控制工程,,,,,,632,7099,,,,,,632,7099,,,,,,,,,本科,,,,,
8182337,海南,本科批,物理,,X431968,专业组03,太原理工大学,40CE,制药工程,,,,,,632,7099,,,,,,632,7099,,,,,,,,,本科,,,,,
8182338,海南,本科批,物理,,X431968,专业组03,太原理工大学,6A3A,建筑环境与能源应用工程,,,,,,632,7099,,,,,,632,7099,,,,,,,,,本科,,,,,
8182339,海南,本科批,物理,,X431968,专业组03,太原理工大学,5B8B,高分子材料与工程,,,,,,633,6965,,,,,,633,6965,,,,,,,,,本科,,,,,
8182340,海南,本科批,物理,,X431968,专业组03,太原理工大学,4ECE,土木工程,,,,,,633,6965,,,,,,633,6965,,,,,,,,,本科,,,,,
8182341,海南,本科批,物理,,X431968,专业组03,太原理工大学,548C,信息与计算科学,,,,,,633,6965,,,,,,633,6965,,,,,,,,,本科,,,,,
8182342,海南,本科批,物理,,X431968,专业组03,太原理工大学,FEF6,材料成型及控制工程,,,,,,637,6498,,,,,,637,6498,,,,,,,,,本科,,,,,
8182343,海南,本科批,物理,,X431968,专业组03,太原理工大学,76B9,统计学,,,,,,638,6368,,,,,,638,6368,,,,,,,,,本科,,,,,
8183123,海南,本科批,物理,,X7984E7,专业组02,山东理工大学,26A7,车辆工程,,,,,,538,26380,,,,,,538,26380,,,,,,,,,本科,,,,,
8183124,海南,本科批,物理,,X7984E7,专业组02,山东理工大学,0541,生物科学,,,,,,540,25810,,,,,,540,25810,,,,,,,,,本科,,,,,
8183125,海南,本科批,物理,,X7984E7,专业组02,山东理工大学,F6E0,农业机械化及其自动化,,,,,,542,25271,,,,,,542,25271,,,,,,,,,本科,,,,,
8183126,海南,本科批,物理,,X7984E7,专业组02,山东理工大学,A5D2,测控技术与仪器,,,,,,544,24716,,,,,,544,24716,,,,,,,,,本科,,,,,
8183127,海南,本科批,物理,,X7984E7,专业组02,山东理工大学,7E23,环境工程,,,,,,555,21888,,,,,,555,21888,,,,,,,,,本科,,,,,
8183128,海南,本科批,物理,,X7984E7,专业组02,山东理工大学,0DD8,资源勘查工程,,,,,,557,21396,,,,,,557,21396,,,,,,,,,本科,,,,,
8183129,海南,本科批,物理,,X7984E7,专业组02,山东理工大学,D6ED,化学工程与工艺,,,,,,558,21127,,,,,,558,21127,,,,,,,,,本科,,,,,
8183130,海南,本科批,物理,,X7984E7,专业组02,山东理工大学,52FD,应用化学,,,,,,561,20364,,,,,,561,20364,,,,,,,,,本科,,,,,
8183131,海南,本科批,物理,,X7984E7,专业组02,山东理工大学,A5B7,电气工程及其自动化,,,,,,577,16644,,,,,,577,16644,,,,,,,,,本科,,,,,
8183132,海南,本科批,物理,,X7984E7,专业组01,山东理工大学,4CD3,国际经济与贸易（国际投融资方向）,国际投融资方向,,,,,612,9934,,,,,,612,9934,,,,,,,,,本科,,,,,
8183133,海南,本科批,物理,,X7984E7,专业组01,山东理工大学,5D72,网络与新媒体,,,,,,612,9934,,,,,,612,9934,,,,,,,,,本科,,,,,
8183134,海南,本科批,物理,,X7984E7,专业组01,山东理工大学,927B,法学,,,,,,624,8163,,,,,,624,8163,,,,,,,,,本科,,,,,
8183888,海南,本科批,物理,,X12DC67,专业组01,杭州电子科技大学,BA5E,经济学类（包含专业：国际经济与贸易、经济学）,包含专业：国际经济与贸易、经济学,,,,,654,4713,,,,,,654,4713,,,,,,,,,本科,,,,,
8183889,海南,本科批,物理,,X12DC67,专业组02,杭州电子科技大学,DF75,管理科学与工程类（包含专业：信息管理与信息系统、保密管理）,包含专业：信息管理与信息系统、保密管理,,,,,666,3691,,,,,,666,3691,,,,,,,,,本科,,,,,
8183890,海南,本科批,物理,,X12DC67,专业组03,杭州电子科技大学,78FF,机械设计制造及其自动化,,,,,,670,3396,,,,,,670,3396,,,,,,,,,本科,,,,,
8183891,海南,本科批,物理,,X12DC67,专业组03,杭州电子科技大学,6995,网络工程,,,,,,672,3261,,,,,,672,3261,,,,,,,,,本科,,,,,
8183892,海南,本科批,物理,,X12DC67,专业组03,杭州电子科技大学,A687,光电信息科学与工程,,,,,,673,3195,,,,,,673,3195,,,,,,,,,本科,,,,,
8183893,海南,本科批,物理,,X12DC67,专业组03,杭州电子科技大学,A41A,电子信息类（通信学院）（包含专业：通信工程、信息对抗技术）,通信学院; 包含专业：通信工程、信息对抗技术,,,,,674,3136,,,,,,674,3136,,,,,,,,,本科,,,,,
8183894,海南,本科批,物理,,X12DC67,专业组03,杭州电子科技大学,C41D,电子信息类（电子信息学院）（包含专业：电子信息工程、电子科学与技术）,电子信息学院; 包含专业：电子信息工程、电子科学与技术,,,,,684,2517,,,,,,684,2517,,,,,,,,,本科,,,,,
8183895,海南,本科批,物理,,X12DC67,专业组03,杭州电子科技大学,043E,计算机类（包含专业：计算机科学与技术、软件工程）,包含专业：计算机科学与技术、软件工程,,,,,686,2406,,,,,,686,2406,,,,,,,,,本科,,,,,
8184315,海南,本科批,物理,,XDB2815,专业组02,上海理工大学,0D5B,工科试验班（智能化制造类）（包含专业：机械设计制造及其自动化、材料成型及控制工程、工业设计、过程装备与控制工程、车辆工程、材料科学与工程、能源与动力工程、新能源科学与工程、储能科学与工程、机器人工程、土木工程、建筑环境与能源应用工程、制药工程、交通工程、环境工程、生物医学工程、康复工程、食品科学与工程、食品质量与安全、应用化学、生物技术）,智能化制造类; 包含专业：机械设计制造及其自动化、材料成型及控制工程、工业设计、过程装备与控制工程、车辆工程、材料科学与工程、能源与动力工程、新能源科学与工程、储能科学与工程、机器人工程、土木工程、建筑环境与能源应用工程、制药工程、交通工程、环境工程、生物医学工程、康复工程、食品科学与工程、食品质量与安全、应用化学、生物技术,,,,,638,6368,,,,,,638,6368,,,,,,,,,本科,,,,,
8184316,海南,本科批,物理,,XDB2815,专业组02,上海理工大学,707D,理科试验班（包含专业：数学与应用数学、应用物理学）,包含专业：数学与应用数学、应用物理学,,,,,646,5489,,,,,,646,5489,,,,,,,,,本科,,,,,
8184317,海南,本科批,物理,,XDB2815,专业组02,上海理工大学,9CA8,工科试验班（电子与信息类）（包含专业：测控技术与仪器、电气工程及其自动化、电子信息工程、电子科学与技术、通信工程、光电信息科学与工程、医学信息工程、人工智能、自动化、计算机科学与技术、智能科学与技术、数据科学与大数据技术、新媒体技术、医学影像技术、智能医学工程、系统科学与工程）,电子与信息类; 包含专业：测控技术与仪器、电气工程及其自动化、电子信息工程、电子科学与技术、通信工程、光电信息科学与工程、医学信息工程、人工智能、自动化、计算机科学与技术、智能科学与技术、数据科学与大数据技术、新媒体技术、医学影像技术、智能医学工程、系统科学与工程,,,,,649,5168,,,,,,649,5168,,,,,,,,,本科,,,,,
8184318,海南,本科批,物理,,XDB2815,专业组01,上海理工大学,571D,经济管理试验班（包含专业：税收学、金融学、国际经济与贸易、会计学、公共事业管理）,包含专业：税收学、金融学、国际经济与贸易、会计学、公共事业管理,,,,,656,4510,,,,,,656,4510,,,,,,,,,本科,,,,,
8185598,海南,本科批,物理,,X0DE5F7,专业组02,重庆理工大学,548C,信息与计算科学,,,,,,623,8295,,,,,,623,8295,,,,,,,,,本科,,,,,
8185599,海南,本科批,物理,,X0DE5F7,专业组01,重庆理工大学,FBFE,物流管理,,,,,,623,8295,,,,,,623,8295,,,,,,,,,本科,,,,,
8185600,海南,本科批,物理,,X0DE5F7,专业组02,重庆理工大学,26A7,车辆工程,,,,,,624,8163,,,,,,624,8163,,,,,,,,,本科,,,,,
8185601,海南,本科批,物理,,X0DE5F7,专业组02,重庆理工大学,78FF,机械设计制造及其自动化,,,,,,626,7880,,,,,,626,7880,,,,,,,,,本科,,,,,
8185602,海南,本科批,物理,,X0DE5F7,专业组01,重庆理工大学,CA0F,旅游管理,,,,,,627,7735,,,,,,627,7735,,,,,,,,,本科,,,,,
8185603,海南,本科批,物理,,X0DE5F7,专业组02,重庆理工大学,A5B7,电气工程及其自动化,,,,,,627,7735,,,,,,627,7735,,,,,,,,,本科,,,,,
8185604,海南,本科批,物理,,X0DE5F7,专业组02,重庆理工大学,B9A5,计算机科学与技术,,,,,,627,7735,,,,,,627,7735,,,,,,,,,本科,,,,,
8185605,海南,本科批,物理,,X0DE5F7,专业组01,重庆理工大学,25DE,国际经济与贸易,,,,,,630,7329,,,,,,630,7329,,,,,,,,,本科,,,,,
8185606,海南,本科批,物理,,X0DE5F7,专业组01,重庆理工大学,5E19,会计学,,,,,,637,6498,,,,,,637,6498,,,,,,,,,本科,,,,,
8186428,海南,本科批,物理,,X022059,专业组04,山东师范大学,D035,生物科学类,,,,,,487,40700,,,,,,487,40700,,,,,,,,,本科,,,,,
8186429,海南,本科批,物理,,X022059,专业组04,山东师范大学,B5AE,化学,,,,,,496,38160,,,,,,496,38160,,,,,,,,,本科,,,,,
8186430,海南,本科批,物理,,X022059,专业组04,山东师范大学,ECA4,通信工程,,,,,,546,24228,,,,,,546,24228,,,,,,,,,本科,,,,,
8186431,海南,本科批,物理,,X022059,专业组03,山东师范大学,11E3,心理学类,,,,,,615,9467,,,,,,615,9467,,,,,,,,,本科,,,,,
8186432,海南,本科批,物理,,X022059,专业组03,山东师范大学,D681,信息管理与信息系统,,,,,,616,9314,,,,,,616,9314,,,,,,,,,本科,,,,,
8186433,海南,本科批,物理,,X022059,专业组02,山东师范大学,46AC,公共管理类,,,,,,627,7735,,,,,,627,7735,,,,,,,,,本科,,,,,
8186434,海南,本科批,物理,,X022059,专业组02,山东师范大学,1356,金融学类,,,,,,631,7228,,,,,,631,7228,,,,,,,,,本科,,,,,
8186435,海南,本科批,物理,,X022059,专业组02,山东师范大学,671C,日语,,,,,,631,7228,,,,,,631,7228,,,,,,,,,本科,,,,,
8186436,海南,本科批,物理,,X022059,专业组02,山东师范大学,9301,新闻传播学类,,,,,,636,6586,,,,,,636,6586,,,,,,,,,本科,,,,,
8186437,海南,本科批,物理,,X022059,专业组02,山东师范大学,A615,汉语国际教育,,,,,,650,5072,,,,,,650,5072,,,,,,,,,本科,,,,,
8186438,海南,本科批,物理,,X022059,专业组02,山东师范大学,927B,法学,,,,,,651,4974,,,,,,651,4974,,,,,,,,,本科,,,,,
8186439,海南,本科批,物理,,X022059,专业组02,山东师范大学,4873,历史学,,,,,,661,4080,,,,,,661,4080,,,,,,,,,本科,,,,,
8186440,海南,本科批,物理,,X022059,专业组05,山东师范大学,E118,地理科学类,,,,,,691,2145,,,,,,691,2145,,,,,,,,,本科,,,,,
8187397,海南,本科批,物理,,XAFC6EE,专业组02,湘潭大学,4ECE,土木工程,,,,,,611,10110,,,,,,611,10110,,,,,,,,,本科,,,,,
8187398,海南,本科批,物理,,XAFC6EE,专业组02,湘潭大学,A5D2,测控技术与仪器,,,,,,612,9934,,,,,,612,9934,,,,,,,,,本科,,,,,
8187399,海南,本科批,物理,,XAFC6EE,专业组02,湘潭大学,B5AE,化学,,,,,,612,9934,,,,,,612,9934,,,,,,,,,本科,,,,,
8187400,海南,本科批,物理,,XAFC6EE,专业组02,湘潭大学,8684,智能制造工程,,,,,,613,9795,,,,,,613,9795,,,,,,,,,本科,,,,,
8187401,海南,本科批,物理,,XAFC6EE,专业组02,湘潭大学,F620,安全工程,,,,,,613,9795,,,,,,613,9795,,,,,,,,,本科,,,,,
8187402,海南,本科批,物理,,XAFC6EE,专业组02,湘潭大学,7E23,环境工程,,,,,,613,9795,,,,,,613,9795,,,,,,,,,本科,,,,,
8187403,海南,本科批,物理,,XAFC6EE,专业组02,湘潭大学,A2E0,测绘工程,,,,,,614,9643,,,,,,614,9643,,,,,,,,,本科,,,,,
8187404,海南,本科批,物理,,XAFC6EE,专业组02,湘潭大学,A942,材料科学与工程,,,,,,614,9643,,,,,,614,9643,,,,,,,,,本科,,,,,
8187405,海南,本科批,物理,,XAFC6EE,专业组02,湘潭大学,E347,工业设计,,,,,,616,9314,,,,,,616,9314,,,,,,,,,本科,,,,,
8187406,海南,本科批,物理,,XAFC6EE,专业组02,湘潭大学,40CE,制药工程,,,,,,617,9159,,,,,,617,9159,,,,,,,,,本科,,,,,
8187407,海南,本科批,物理,,XAFC6EE,专业组02,湘潭大学,5AC6,工程力学,,,,,,621,8571,,,,,,621,8571,,,,,,,,,本科,,,,,
8187408,海南,本科批,物理,,XAFC6EE,专业组02,湘潭大学,D681,信息管理与信息系统,,,,,,623,8295,,,,,,623,8295,,,,,,,,,本科,,,,,
8187409,海南,本科批,物理,,XAFC6EE,专业组02,湘潭大学,4EA7,新能源材料与器件,,,,,,624,8163,,,,,,624,8163,,,,,,,,,本科,,,,,
8187410,海南,本科批,物理,,XAFC6EE,专业组02,湘潭大学,D583,网络空间安全,,,,,,625,8008,,,,,,625,8008,,,,,,,,,本科,,,,,
8187411,海南,本科批,物理,,XAFC6EE,专业组02,湘潭大学,802A,物理学,,,,,,625,8008,,,,,,625,8008,,,,,,,,,本科,,,,,
8187412,海南,本科批,物理,,XAFC6EE,专业组02,湘潭大学,A687,光电信息科学与工程,,,,,,627,7735,,,,,,627,7735,,,,,,,,,本科,,,,,
8187413,海南,本科批,物理,,XAFC6EE,专业组02,湘潭大学,F068,人工智能,,,,,,633,6965,,,,,,633,6965,,,,,,,,,本科,,,,,
8187414,海南,本科批,物理,,XAFC6EE,专业组02,湘潭大学,ECA4,通信工程,,,,,,633,6965,,,,,,633,6965,,,,,,,,,本科,,,,,
8187415,海南,本科批,物理,,XAFC6EE,专业组02,湘潭大学,78FF,机械设计制造及其自动化,,,,,,635,6726,,,,,,635,6726,,,,,,,,,本科,,,,,
8187416,海南,本科批,物理,,XAFC6EE,专业组02,湘潭大学,4718,数据科学与大数据技术,,,,,,637,6498,,,,,,637,6498,,,,,,,,,本科,,,,,
8188182,海南,本科批,物理,,XE69765,专业组02,青岛科技大学,FEF6,材料成型及控制工程,,,,,,531,28298,,,,,,531,28298,,,,,,,,,本科,,,,,
8188183,海南,本科批,物理,,XE69765,专业组02,青岛科技大学,E2E1,生物工程,,,,,,551,22908,,,,,,551,22908,,,,,,,,,本科,,,,,
8188184,海南,本科批,物理,,XE69765,专业组02,青岛科技大学,682F,高分子材料与工程（合成方向）,合成方向,,,,,555,21888,,,,,,555,21888,,,,,,,,,本科,,,,,
8188185,海南,本科批,物理,,XE69765,专业组02,青岛科技大学,262E,金属材料工程,,,,,,559,20885,,,,,,559,20885,,,,,,,,,本科,,,,,
8188186,海南,本科批,物理,,XE69765,专业组02,青岛科技大学,B5E9,无机非金属材料工程,,,,,,563,19861,,,,,,563,19861,,,,,,,,,本科,,,,,
8188187,海南,本科批,物理,,XE69765,专业组02,青岛科技大学,3557,能源与动力工程,,,,,,570,18200,,,,,,570,18200,,,,,,,,,本科,,,,,
8188188,海南,本科批,物理,,XE69765,专业组02,青岛科技大学,1A0B,高分子材料与工程（橡胶工程方向）,橡胶工程方向,,,,,571,17978,,,,,,571,17978,,,,,,,,,本科,,,,,
8188189,海南,本科批,物理,,XE69765,专业组02,青岛科技大学,F620,安全工程,,,,,,574,17335,,,,,,574,17335,,,,,,,,,本科,,,,,
8188190,海南,本科批,物理,,XE69765,专业组01,青岛科技大学,E467,物流管理（供应链方向）,供应链方向,,,,,600,12004,,,,,,600,12004,,,,,,,,,本科,,,,,
8188191,海南,本科批,物理,,XE69765,专业组01,青岛科技大学,25DE,国际经济与贸易,,,,,,603,11475,,,,,,603,11475,,,,,,,,,本科,,,,,
8188192,海南,本科批,物理,,XE69765,专业组02,青岛科技大学,B9A5,计算机科学与技术,,,,,,612,9934,,,,,,612,9934,,,,,,,,,本科,,,,,
8188971,海南,高校专项计划批次,物理,,X7B6DC2,专业组物化,陕西师范大学,B13E,生物科学类（高校专项计划）,高校专项计划,,,,,635,6726,,,,,,635,6726,,,,,,,,,本科,,,,,
8188972,海南,本科批,物理,,X7B6DC2,专业组物生,陕西师范大学,D1B1,心理学类（国家专项计划）,国家专项计划,,,,,658,4330,,,,,,658,4330,,,,,,,,,本科,,,,,
8188973,海南,本科批,物理,,X7B6DC2,专业组13,陕西师范大学,2242,广播电视编导,,,,,,663,3920,,,,,,663,3920,,,,,,,,,本科,,,,,
8188974,海南,本科批,物理,,X7B6DC2,专业组历,陕西师范大学,4195,教育学（小学全科师范）（国家专项计划）,小学全科师范; 国家专项计划,,,,,676,3001,,,,,,676,3001,,,,,,,,,本科,,,,,
8188975,海南,本科提前批,物理,,X7B6DC2,专业组05,陕西师范大学,BD7A,思想政治教育（国家优师专项）,国家优师专项,,,,,677,2924,,,,,,677,2924,,,,,,,,,本科,,,,,
8188976,海南,本科提前批,物理,,X7B6DC2,专业组03,陕西师范大学,9B57,生物科学（国家优师专项）,国家优师专项,,,,,678,2871,,,,,,678,2871,,,,,,,,,本科,,,,,
8188977,海南,本科提前批,物理,,X7B6DC2,专业组03,陕西师范大学,C3C8,物理学（国家优师专项）,国家优师专项,,,,,681,2691,,,,,,681,2691,,,,,,,,,本科,,,,,
8188978,海南,本科提前批,物理,,X7B6DC2,专业组02,陕西师范大学,E375,科学教育（国家公费师范生）,国家公费师范生,,,,,682,2624,,,,,,682,2624,,,,,,,,,本科,,,,,
8188979,海南,高校专项计划批次,物理,,X7B6DC2,专业组不限,陕西师范大学,9DA6,外国语言文学类（英语）（高校专项计划）,英语; 高校专项计划,,,,,696,1913,,,,,,696,1913,,,,,,,,,本科,,,,,
8188980,海南,本科提前批,物理,,X7B6DC2,专业组04,陕西师范大学,7EB1,数学与应用数学（国家公费师范生）,国家公费师范生,,,,,704,1592,,,,,,704,1592,,,,,,,,,本科,,,,,
8188981,海南,本科提前批,物理,,X7B6DC2,专业组04,陕西师范大学,8AF9,化学（国家公费师范生）,国家公费师范生,,,,,707,1471,,,,,,707,1471,,,,,,,,,本科,,,,,
8188982,海南,本科提前批,物理,,X7B6DC2,专业组04,陕西师范大学,3061,物理学（国家公费师范生）,国家公费师范生,,,,,736,702,,,,,,736,702,,,,,,,,,本科,,,,,
8188983,海南,本科提前批,物理,,X7B6DC2,专业组06,陕西师范大学,B152,思想政治教育（国家公费师范生）,国家公费师范生,,,,,742,599,,,,,,742,599,,,,,,,,,本科,,,,,
8188984,海南,本科提前批,物理,,X7B6DC2,专业组04,陕西师范大学,8C46,计算机科学与技术（国家公费师范生）,国家公费师范生,,,,,745,549,,,,,,745,549,,,,,,,,,本科,,,,,
8188985,海南,本科提前批,物理,,X7B6DC2,专业组08,陕西师范大学,8D60,地理科学（国家公费师范生）,国家公费师范生,,,,,746,536,,,,,,746,536,,,,,,,,,本科,,,,,
8188986,海南,本科提前批,物理,,X7B6DC2,专业组07,陕西师范大学,AFE6,汉语言文学（国家公费师范生）,国家公费师范生,,,,,750,478,,,,,,750,478,,,,,,,,,本科,,,,,
8188987,海南,本科提前批,物理,,X7B6DC2,专业组04,陕西师范大学,9B4A,生物科学（国家公费师范生）,国家公费师范生,,,,,755,413,,,,,,755,413,,,,,,,,,本科,,,,,
8188988,海南,本科提前批,物理,,X7B6DC2,专业组07,陕西师范大学,2256,历史学（国家公费师范生）,国家公费师范生,,,,,769,275,,,,,,769,275,,,,,,,,,本科,,,,,
8188989,海南,本科提前批,物理,,X7B6DC2,专业组01,陕西师范大学,D56B,英语（国家公费师范生）,国家公费师范生,,,,,794,128,,,,,,794,128,,,,,,,,,本科,,,,,
8189657,海南,本科批,物理,,X73CAF5,专业组03,西华大学,FEF6,材料成型及控制工程,,,,,,593,13321,,,,,,593,13321,,,,,,,,,本科,,,,,
8189658,海南,本科批,物理,,X73CAF5,专业组03,西华大学,25FE,数学与应用数学,,,,,,595,12898,,,,,,595,12898,,,,,,,,,本科,,,,,
8189659,海南,本科批,物理,,X73CAF5,专业组03,西华大学,5E49,食品科学与工程,,,,,,596,12722,,,,,,596,12722,,,,,,,,,本科,,,,,
8189660,海南,本科批,物理,,X73CAF5,专业组03,西华大学,3557,能源与动力工程,,,,,,597,12551,,,,,,597,12551,,,,,,,,,本科,,,,,
8189661,海南,本科批,物理,,X73CAF5,专业组02,西华大学,4154,电子商务,,,,,,617,9159,,,,,,617,9159,,,,,,,,,本科,,,,,
8189662,海南,本科批,物理,,X73CAF5,专业组02,西华大学,5D72,网络与新媒体,,,,,,618,9022,,,,,,618,9022,,,,,,,,,本科,,,,,
8190095,海南,本科批,物理,,X230FF7,专业组05,华南师范大学,5FC4,环境科学,,,,,,659,4256,,,,,,659,4256,,,,,,,,,本科,,,,,
8190096,海南,本科批,物理,,X230FF7,专业组05,华南师范大学,E2E1,生物工程,,,,,,660,4172,,,,,,660,4172,,,,,,,,,本科,,,,,
8190097,海南,本科批,物理,,X230FF7,专业组05,华南师范大学,A687,光电信息科学与工程,,,,,,664,3845,,,,,,664,3845,,,,,,,,,本科,,,,,
8190098,海南,本科批,物理,,X230FF7,专业组05,华南师范大学,2C65,生物科学（师范）,师范,,,,,669,3468,,,,,,669,3468,,,,,,,,,本科,,,,,
8190099,海南,本科批,物理,,X230FF7,专业组05,华南师范大学,ECB5,计算机科学与技术（师范）,师范,,,,,684,2517,,,,,,684,2517,,,,,,,,,本科,,,,,
8190100,海南,本科批,物理,,X230FF7,专业组04,华南师范大学,4852,应用心理学,,,,,,690,2193,,,,,,690,2193,,,,,,,,,本科,,,,,
8190101,海南,本科批,物理,,X230FF7,专业组04,华南师范大学,AD20,心理学（师范）,师范,,,,,696,1913,,,,,,696,1913,,,,,,,,,本科,,,,,
8190102,海南,本科批,物理,,X230FF7,专业组03,华南师范大学,E6CB,社会工作,,,,,,703,1618,,,,,,703,1618,,,,,,,,,本科,,,,,
8190103,海南,本科批,物理,,X230FF7,专业组03,华南师范大学,927B,法学,,,,,,703,1618,,,,,,703,1618,,,,,,,,,本科,,,,,
8190104,海南,本科批,物理,,X230FF7,专业组07,华南师范大学,DF93,历史学（师范）,师范,,,,,709,1401,,,,,,709,1401,,,,,,,,,本科,,,,,
8190105,海南,本科批,物理,,X230FF7,专业组08,华南师范大学,D4CC,地理科学（师范）,师范,,,,,714,1246,,,,,,714,1246,,,,,,,,,本科,,,,,
8190106,海南,本科批,物理,,X230FF7,专业组06,华南师范大学,F9EA,思想政治教育（师范）,师范,,,,,715,1207,,,,,,715,1207,,,,,,,,,本科,,,,,
8190107,海南,本科批,物理,,X230FF7,专业组03,华南师范大学,B53C,汉语言文学（师范）,师范,,,,,724,957,,,,,,724,957,,,,,,,,,本科,,,,,
8190864,海南,本科批,物理,,X39E232,专业组82,河南工业大学,F14C,食品科学与工程（中外合作办学）,中外合作办学,,,,,533,27726,,,,,,533,27726,,,,,,,,,本科,,,,,
8190865,海南,本科批,物理,,X39E232,专业组81,河南工业大学,6223,生物技术（中外合作办学）,中外合作办学,,,,,543,24997,,,,,,543,24997,,,,,,,,,本科,,,,,
8190866,海南,本科批,物理,,X39E232,专业组04,河南工业大学,2B47,智能建造,,,,,,570,18200,,,,,,570,18200,,,,,,,,,本科,,,,,
8190867,海南,本科批,物理,,X39E232,专业组04,河南工业大学,CB16,材料类（包含专业：高分子材料与工程、复合材料与工程）,包含专业：高分子材料与工程、复合材料与工程,,,,,571,17978,,,,,,571,17978,,,,,,,,,本科,,,,,
8190868,海南,本科批,物理,,X39E232,专业组04,河南工业大学,B5E9,无机非金属材料工程,,,,,,571,17978,,,,,,571,17978,,,,,,,,,本科,,,,,
8190869,海南,本科批,物理,,X39E232,专业组04,河南工业大学,3477,应用物理学,,,,,,572,17764,,,,,,572,17764,,,,,,,,,本科,,,,,
8190870,海南,本科批,物理,,X39E232,专业组04,河南工业大学,C0DA,应用统计学,,,,,,576,16888,,,,,,576,16888,,,,,,,,,本科,,,,,
8190871,海南,本科批,物理,,X39E232,专业组04,河南工业大学,65D0,饲料工程,,,,,,578,16442,,,,,,578,16442,,,,,,,,,本科,,,,,
8190872,海南,本科批,物理,,X39E232,专业组04,河南工业大学,F11A,机器人工程,,,,,,581,15788,,,,,,581,15788,,,,,,,,,本科,,,,,
8190873,海南,本科批,物理,,X39E232,专业组04,河南工业大学,32F1,水质科学与技术,,,,,,584,15113,,,,,,584,15113,,,,,,,,,本科,,,,,
8190874,海南,本科批,物理,,X39E232,专业组04,河南工业大学,F89C,生物技术,,,,,,585,14905,,,,,,585,14905,,,,,,,,,本科,,,,,
8190875,海南,本科批,物理,,X39E232,专业组04,河南工业大学,6A3A,建筑环境与能源应用工程,,,,,,586,14706,,,,,,586,14706,,,,,,,,,本科,,,,,
8190876,海南,本科批,物理,,X39E232,专业组80,河南工业大学,A7B5,物联网工程（中外合作办学）,中外合作办学,,,,,586,14706,,,,,,586,14706,,,,,,,,,本科,,,,,
8190877,海南,本科批,物理,,X39E232,专业组04,河南工业大学,A942,材料科学与工程,,,,,,586,14706,,,,,,586,14706,,,,,,,,,本科,,,,,
8190878,海南,本科批,物理,,X39E232,专业组04,河南工业大学,CEDE,道路桥梁与渡河工程,,,,,,587,14506,,,,,,587,14506,,,,,,,,,本科,,,,,
8190879,海南,本科批,物理,,X39E232,专业组04,河南工业大学,7E23,环境工程,,,,,,587,14506,,,,,,587,14506,,,,,,,,,本科,,,,,
8190880,海南,本科批,物理,,X39E232,专业组04,河南工业大学,4ECE,土木工程,,,,,,588,14321,,,,,,588,14321,,,,,,,,,本科,,,,,
8190881,海南,本科批,物理,,X39E232,专业组04,河南工业大学,00F5,食品科学与工程（智慧储运）,智慧储运,,,,,589,14092,,,,,,589,14092,,,,,,,,,本科,,,,,
8190882,海南,本科批,物理,,X39E232,专业组04,河南工业大学,FEF6,材料成型及控制工程,,,,,,589,14092,,,,,,589,14092,,,,,,,,,本科,,,,,
8190883,海南,本科批,物理,,X39E232,专业组04,河南工业大学,78FF,机械设计制造及其自动化,,,,,,592,13501,,,,,,592,13501,,,,,,,,,本科,,,,,
8191781,海南,本科批,物理,,XBE048E,专业组02,昆明理工大学,EAB4,轻化工程,,,,,,583,15317,,,,,,583,15317,,,,,,,,,本科,,,,,
8191782,海南,本科批,物理,,XBE048E,专业组02,昆明理工大学,EF96,食品科学与工程类,,,,,,584,15113,,,,,,584,15113,,,,,,,,,本科,,,,,
8191783,海南,本科批,物理,,XBE048E,专业组02,昆明理工大学,4ECE,土木工程,,,,,,584,15113,,,,,,584,15113,,,,,,,,,本科,,,,,
8191784,海南,本科批,物理,,XBE048E,专业组02,昆明理工大学,38A4,资源环境科学,,,,,,586,14706,,,,,,586,14706,,,,,,,,,本科,,,,,
8191785,海南,本科批,物理,,XBE048E,专业组02,昆明理工大学,FEF6,材料成型及控制工程,,,,,,588,14321,,,,,,588,14321,,,,,,,,,本科,,,,,
8191786,海南,本科批,物理,,XBE048E,专业组02,昆明理工大学,D6ED,化学工程与工艺,,,,,,592,13501,,,,,,592,13501,,,,,,,,,本科,,,,,
8191787,海南,本科批,物理,,XBE048E,专业组03,昆明理工大学,4BF3,护理学,,,,,,596,12722,,,,,,596,12722,,,,,,,,,本科,,,,,
8191788,海南,本科批,物理,,XBE048E,专业组02,昆明理工大学,4D44,给排水科学与工程,,,,,,596,12722,,,,,,596,12722,,,,,,,,,本科,,,,,
8191789,海南,本科批,物理,,XBE048E,专业组02,昆明理工大学,C7AE,交通工程,,,,,,602,11656,,,,,,602,11656,,,,,,,,,本科,,,,,
8191790,海南,本科批,物理,,XBE048E,专业组02,昆明理工大学,F55B,交通运输,,,,,,608,10596,,,,,,608,10596,,,,,,,,,本科,,,,,
8191791,海南,本科批,物理,,XBE048E,专业组02,昆明理工大学,D06C,机械工程,,,,,,610,10279,,,,,,610,10279,,,,,,,,,本科,,,,,
8191792,海南,本科批,物理,,XBE048E,专业组02,昆明理工大学,29F4,物联网工程,,,,,,611,10110,,,,,,611,10110,,,,,,,,,本科,,,,,
8191793,海南,本科批,物理,,XBE048E,专业组01,昆明理工大学,1C92,数字经济,,,,,,615,9467,,,,,,615,9467,,,,,,,,,本科,,,,,
8191794,海南,本科批,物理,,XBE048E,专业组02,昆明理工大学,F11A,机器人工程,,,,,,615,9467,,,,,,615,9467,,,,,,,,,本科,,,,,
8191795,海南,本科批,物理,,XBE048E,专业组01,昆明理工大学,6F56,工程管理,,,,,,615,9467,,,,,,615,9467,,,,,,,,,本科,,,,,
8191796,海南,本科批,物理,,XBE048E,专业组04,昆明理工大学,F068,人工智能,,,,,,618,9022,,,,,,618,9022,,,,,,,,,本科,,,,,
8191797,海南,本科批,物理,,XBE048E,专业组04,昆明理工大学,4C65,自动化,,,,,,621,8571,,,,,,621,8571,,,,,,,,,本科,,,,,
8191798,海南,本科批,物理,,XBE048E,专业组01,昆明理工大学,5257,工业工程,,,,,,621,8571,,,,,,621,8571,,,,,,,,,本科,,,,,
8191799,海南,本科批,物理,,XBE048E,专业组02,昆明理工大学,ECA4,通信工程,,,,,,624,8163,,,,,,624,8163,,,,,,,,,本科,,,,,
8191800,海南,本科批,物理,,XBE048E,专业组02,昆明理工大学,A5B7,电气工程及其自动化,,,,,,636,6586,,,,,,636,6586,,,,,,,,,本科,,,,,
8192695,海南,本科批,物理,,X3A66C7,专业组01,河北工业大学,7662,应用化学（不招色盲、色弱）,不招色盲、色弱,,,,,641,6019,,,,,,641,6019,,,,,,,,,本科,,,,,
8192696,海南,本科批,物理,,X3A66C7,专业组01,河北工业大学,6F56,工程管理,,,,,,641,6019,,,,,,641,6019,,,,,,,,,本科,,,,,
8192697,海南,本科批,物理,,X3A66C7,专业组01,河北工业大学,CEDE,道路桥梁与渡河工程,,,,,,642,5905,,,,,,642,5905,,,,,,,,,本科,,,,,
8192698,海南,本科批,物理,,X3A66C7,专业组01,河北工业大学,0144,海洋技术（不招色盲、色弱）,不招色盲、色弱,,,,,642,5905,,,,,,642,5905,,,,,,,,,本科,,,,,
8192699,海南,本科批,物理,,X3A66C7,专业组01,河北工业大学,EEDB,应用物理学（不招色盲）,不招色盲,,,,,644,5701,,,,,,644,5701,,,,,,,,,本科,,,,,
8192700,海南,本科批,物理,,X3A66C7,专业组01,河北工业大学,552A,智能医学工程,,,,,,645,5610,,,,,,645,5610,,,,,,,,,本科,,,,,
8192701,海南,本科批,物理,,X3A66C7,专业组01,河北工业大学,CEC1,数学类（包含专业：数学与应用数学、信息与计算科学）,包含专业：数学与应用数学、信息与计算科学,,,,,647,5370,,,,,,647,5370,,,,,,,,,本科,,,,,
8192702,海南,本科批,物理,,X3A66C7,专业组01,河北工业大学,8134,制药工程（不招色盲、色弱）,不招色盲、色弱,,,,,649,5168,,,,,,649,5168,,,,,,,,,本科,,,,,
8192703,海南,本科批,物理,,X3A66C7,专业组01,河北工业大学,26A7,车辆工程,,,,,,653,4781,,,,,,653,4781,,,,,,,,,本科,,,,,
8192704,海南,本科批,物理,,X3A66C7,专业组01,河北工业大学,3C38,软件工程,,,,,,654,4713,,,,,,654,4713,,,,,,,,,本科,,,,,
8192705,海南,本科批,物理,,X3A66C7,专业组01,河北工业大学,78FF,机械设计制造及其自动化,,,,,,655,4593,,,,,,655,4593,,,,,,,,,本科,,,,,
8192706,海南,本科批,物理,,X3A66C7,专业组01,河北工业大学,3557,能源与动力工程,,,,,,658,4330,,,,,,658,4330,,,,,,,,,本科,,,,,
8193545,海南,本科批,物理,,X7D9C4B,专业组01,北京交通大学,7476,计算机科学与技术（中外合作办学）（威海校区）,中外合作办学; 威海校区,,,,,661,4080,,,,,,661,4080,,,,,,,,,本科,,,,,
8193546,海南,本科批,物理,,X7D9C4B,专业组01,北京交通大学,852C,交通运输类,,,,,,709,1401,,,,,,709,1401,,,,,,,,,本科,,,,,
8193547,海南,本科批,物理,,X7D9C4B,专业组01,北京交通大学,8A31,机械类（智能制造与智能装备）,智能制造与智能装备,,,,,709,1401,,,,,,709,1401,,,,,,,,,本科,,,,,
8193548,海南,本科批,物理,,X7D9C4B,专业组01,北京交通大学,3C38,软件工程,,,,,,711,1336,,,,,,711,1336,,,,,,,,,本科,,,,,
8193549,海南,本科批,物理,,X7D9C4B,专业组01,北京交通大学,0184,自动化类,,,,,,715,1207,,,,,,715,1207,,,,,,,,,本科,,,,,
8193550,海南,本科批,物理,,X7D9C4B,专业组01,北京交通大学,85BF,电气类,,,,,,717,1159,,,,,,717,1159,,,,,,,,,本科,,,,,
8193551,海南,本科批,物理,,X7D9C4B,专业组01,北京交通大学,861C,电子信息类,,,,,,718,1126,,,,,,718,1126,,,,,,,,,本科,,,,,
8193552,海南,本科批,物理,,X7D9C4B,专业组01,北京交通大学,82E6,计算机类,,,,,,721,1038,,,,,,721,1038,,,,,,,,,本科,,,,,
8193553,海南,本科批,物理,,X7D9C4B,专业组80,北京交通大学,9A8D,理科试验班类（詹天佑试点班信息类）,詹天佑试点班信息类,,,,,738,666,,,,,,738,666,,,,,,,,,本科,,,,,
8194444,海南,本科批,物理,,X8026F8,专业组02,南京工业大学,32F1,水质科学与技术,,,,,,596,12722,,,,,,596,12722,,,,,,,,,本科,,,,,
8194445,海南,本科批,物理,,X8026F8,专业组02,南京工业大学,E2E1,生物工程,,,,,,596,12722,,,,,,596,12722,,,,,,,,,本科,,,,,
8194446,海南,本科批,物理,,X8026F8,专业组02,南京工业大学,5E49,食品科学与工程,,,,,,597,12551,,,,,,597,12551,,,,,,,,,本科,,,,,
8194447,海南,本科批,物理,,X8026F8,专业组02,南京工业大学,A5C9,建筑学,,,,,,597,12551,,,,,,597,12551,,,,,,,,,本科,,,,,
8194448,海南,本科批,物理,,X8026F8,专业组02,南京工业大学,53B9,食品质量与安全,,,,,,600,12004,,,,,,600,12004,,,,,,,,,本科,,,,,
8194449,海南,本科批,物理,,X8026F8,专业组02,南京工业大学,43D9,药物制剂,,,,,,601,11844,,,,,,601,11844,,,,,,,,,本科,,,,,
8194450,海南,本科批,物理,,X8026F8,专业组02,南京工业大学,CB22,城乡规划,,,,,,602,11656,,,,,,602,11656,,,,,,,,,本科,,,,,
8194451,海南,本科批,物理,,X8026F8,专业组01,南京工业大学,4145,英语,,,,,,603,11475,,,,,,603,11475,,,,,,,,,本科,,,,,
8194452,海南,本科批,物理,,X8026F8,专业组02,南京工业大学,52FD,应用化学,,,,,,605,11138,,,,,,605,11138,,,,,,,,,本科,,,,,
8194453,海南,本科批,物理,,X8026F8,专业组02,南京工业大学,6A3A,建筑环境与能源应用工程,,,,,,608,10596,,,,,,608,10596,,,,,,,,,本科,,,,,
8194454,海南,本科批,物理,,X8026F8,专业组02,南京工业大学,F620,安全工程,,,,,,609,10437,,,,,,609,10437,,,,,,,,,本科,,,,,
8194455,海南,本科批,物理,,X8026F8,专业组02,南京工业大学,BB8A,应急管理,,,,,,612,9934,,,,,,612,9934,,,,,,,,,本科,,,,,
8194456,海南,本科批,物理,,X8026F8,专业组02,南京工业大学,396D,资源循环科学与工程,,,,,,612,9934,,,,,,612,9934,,,,,,,,,本科,,,,,
8194457,海南,本科批,物理,,X8026F8,专业组02,南京工业大学,4D44,给排水科学与工程,,,,,,612,9934,,,,,,612,9934,,,,,,,,,本科,,,,,
8194458,海南,本科批,物理,,X8026F8,专业组01,南京工业大学,671C,日语,,,,,,613,9795,,,,,,613,9795,,,,,,,,,本科,,,,,
8194459,海南,本科批,物理,,X8026F8,专业组02,南京工业大学,40CE,制药工程,,,,,,618,9022,,,,,,618,9022,,,,,,,,,本科,,,,,
8194460,海南,本科批,物理,,X8026F8,专业组01,南京工业大学,04A0,工商管理,,,,,,623,8295,,,,,,623,8295,,,,,,,,,本科,,,,,
8194461,海南,本科批,物理,,X8026F8,专业组02,南京工业大学,4718,数据科学与大数据技术,,,,,,626,7880,,,,,,626,7880,,,,,,,,,本科,,,,,
8194462,海南,本科批,物理,,X8026F8,专业组02,南京工业大学,A5B7,电气工程及其自动化,,,,,,635,6726,,,,,,635,6726,,,,,,,,,本科,,,,,
8196480,海南,本科批,物理,,X4AD256,专业组01,北京师范大学,4145,英语,,,,,,739,649,,,,,,739,649,,,,,,,,,本科,,,,,
8196481,海南,本科批,物理,,X4AD256,专业组01,北京师范大学,F038,传播学（网络新媒体方向）,网络新媒体方向,,,,,744,566,,,,,,744,566,,,,,,,,,本科,,,,,
8196482,海南,本科批,物理,,X4AD256,专业组01,北京师范大学,5E19,会计学,,,,,,747,521,,,,,,747,521,,,,,,,,,本科,,,,,
8196483,海南,本科批,物理,,X4AD256,专业组02,北京师范大学,B54C,物理学类（包含专业：物理学、天文学）,包含专业：物理学、天文学,,,,,755,413,,,,,,755,413,,,,,,,,,本科,,,,,
8196484,海南,本科批,物理,,X4AD256,专业组02,北京师范大学,25FE,数学与应用数学,,,,,,771,259,,,,,,771,259,,,,,,,,,本科,,,,,
8196485,海南,本科批,物理,,X4AD256,专业组01,北京师范大学,D243,汉语言文学,,,,,,788,153,,,,,,788,153,,,,,,,,,本科,,,,,
8197198,海南,高校专项计划批次,物理,,X78CFD6,专业组物化,福州大学,2C07,工程管理（高校专项计划）,高校专项计划,,,,,587,14506,,,,,,587,14506,,,,,,,,,本科,,,,,
8197199,海南,本科批,物理,,X78CFD6,专业组03,福州大学,BFDA,人文地理与城乡规划,,,,,,659,4256,,,,,,659,4256,,,,,,,,,本科,,,,,
8197200,海南,本科批,物理,,X78CFD6,专业组02,福州大学,4ECE,土木工程,,,,,,662,3996,,,,,,662,3996,,,,,,,,,本科,,,,,
8197201,海南,本科批,物理,,X78CFD6,专业组02,福州大学,26A7,车辆工程,,,,,,663,3920,,,,,,663,3920,,,,,,,,,本科,,,,,
8197202,海南,本科批,物理,,X78CFD6,专业组02,福州大学,5D8C,电子信息类（含电子信息工程、通信工程专业）,含电子信息工程、通信工程专业,,,,,683,2567,,,,,,683,2567,,,,,,,,,本科,,,,,
8198250,海南,本科批,物理,,X76B1D3,专业组02,华北水利水电大学,76B9,统计学,,,,,,563,19861,,,,,,563,19861,,,,,,,,,本科,,,,,
8198251,海南,本科批,物理,,X76B1D3,专业组02,华北水利水电大学,4ECE,土木工程,,,,,,563,19861,,,,,,563,19861,,,,,,,,,本科,,,,,
8198252,海南,本科批,物理,,X76B1D3,专业组02,华北水利水电大学,557A,港口航道与海岸工程,,,,,,570,18200,,,,,,570,18200,,,,,,,,,本科,,,,,
8198253,海南,本科批,物理,,X76B1D3,专业组02,华北水利水电大学,4D44,给排水科学与工程,,,,,,572,17764,,,,,,572,17764,,,,,,,,,本科,,,,,
8198254,海南,本科批,物理,,X76B1D3,专业组02,华北水利水电大学,3C38,软件工程,,,,,,578,16442,,,,,,578,16442,,,,,,,,,本科,,,,,
8198255,海南,本科批,物理,,X76B1D3,专业组02,华北水利水电大学,C1B4,水利水电工程,,,,,,591,13666,,,,,,591,13666,,,,,,,,,本科,,,,,
8198256,海南,本科批,物理,,X76B1D3,专业组02,华北水利水电大学,A5B7,电气工程及其自动化,,,,,,610,10279,,,,,,610,10279,,,,,,,,,本科,,,,,
8198257,海南,本科批,物理,,X76B1D3,专业组01,华北水利水电大学,62BF,大数据管理与应用,,,,,,616,9314,,,,,,616,9314,,,,,,,,,本科,,,,,
8198985,海南,本科批,物理,,X65A8E4,专业组02,山东财经大学,C831,精算学,,,,,,619,8868,,,,,,619,8868,,,,,,,,,本科,,,,,
8198986,海南,本科批,物理,,X65A8E4,专业组02,山东财经大学,62BF,大数据管理与应用,,,,,,628,7623,,,,,,628,7623,,,,,,,,,本科,,,,,
8198987,海南,本科批,物理,,X65A8E4,专业组01,山东财经大学,A615,汉语国际教育,,,,,,628,7623,,,,,,628,7623,,,,,,,,,本科,,,,,
8198988,海南,本科批,物理,,X65A8E4,专业组03,山东财经大学,B9A5,计算机科学与技术,,,,,,628,7623,,,,,,628,7623,,,,,,,,,本科,,,,,
8198989,海南,本科批,物理,,X65A8E4,专业组01,山东财经大学,86E9,国际经济发展合作,,,,,,629,7486,,,,,,629,7486,,,,,,,,,本科,,,,,
8198990,海南,本科批,物理,,X65A8E4,专业组01,山东财经大学,4869,投资学,,,,,,632,7099,,,,,,632,7099,,,,,,,,,本科,,,,,
8198991,海南,本科批,物理,,X65A8E4,专业组01,山东财经大学,2F40,工商管理类（包含专业：工商管理、市场营销、人力资源管）,包含专业：工商管理、市场营销、人力资源管,,,,,634,6830,,,,,,634,6830,,,,,,,,,本科,,,,,
8198992,海南,本科批,物理,,X65A8E4,专业组01,山东财经大学,2B84,公共管理类（包含专业：行政管理、城市管理、劳动与社会保障）,包含专业：行政管理、城市管理、劳动与社会保障,,,,,634,6830,,,,,,634,6830,,,,,,,,,本科,,,,,
8198993,海南,本科批,物理,,X65A8E4,专业组01,山东财经大学,430D,经济学类（包含专业：资源与环境经济学、经济学）,包含专业：资源与环境经济学、经济学,,,,,635,6726,,,,,,635,6726,,,,,,,,,本科,,,,,
8198994,海南,本科批,物理,,X65A8E4,专业组01,山东财经大学,8B41,经济与贸易类（包含专业：国际经济与贸易、国际商务）,包含专业：国际经济与贸易、国际商务,,,,,637,6498,,,,,,637,6498,,,,,,,,,本科,,,,,
8198995,海南,本科批,物理,,X65A8E4,专业组01,山东财经大学,B293,外国语言文学类（包含专业：英语、法语、日语、商务英语）,包含专业：英语、法语、日语、商务英语,,,,,637,6498,,,,,,637,6498,,,,,,,,,本科,,,,,
8198996,海南,本科批,物理,,X65A8E4,专业组01,山东财经大学,1D5E,税收学,,,,,,649,5168,,,,,,649,5168,,,,,,,,,本科,,,,,
8198997,海南,本科批,物理,,X65A8E4,专业组01,山东财经大学,978C,审计学,,,,,,652,4884,,,,,,652,4884,,,,,,,,,本科,,,,,
8198998,海南,本科批,物理,,X65A8E4,专业组01,山东财经大学,5E19,会计学,,,,,,655,4593,,,,,,655,4593,,,,,,,,,本科,,,,,
8199719,海南,本科批,物理,,X07A755,专业组02,西南科技大学,C493,土木类,,,,,,565,19373,,,,,,565,19373,,,,,,,,,本科,,,,,
8199720,海南,本科批,物理,,X07A755,专业组02,西南科技大学,F89C,生物技术,,,,,,568,18658,,,,,,568,18658,,,,,,,,,本科,,,,,
8199721,海南,本科批,物理,,X07A755,专业组02,西南科技大学,5669,数学类,,,,,,570,18200,,,,,,570,18200,,,,,,,,,本科,,,,,
8199722,海南,本科批,物理,,X07A755,专业组02,西南科技大学,7E23,环境工程,,,,,,572,17764,,,,,,572,17764,,,,,,,,,本科,,,,,
8199723,海南,本科批,物理,,X07A755,专业组02,西南科技大学,2426,材料类,,,,,,574,17335,,,,,,574,17335,,,,,,,,,本科,,,,,
8199724,海南,本科批,物理,,X07A755,专业组02,西南科技大学,FF49,核工程类,,,,,,580,15994,,,,,,580,15994,,,,,,,,,本科,,,,,
8199725,海南,本科批,物理,,X07A755,专业组02,西南科技大学,3615,机械类,,,,,,591,13666,,,,,,591,13666,,,,,,,,,本科,,,,,
8199726,海南,本科批,物理,,X07A755,专业组02,西南科技大学,82E6,计算机类,,,,,,609,10437,,,,,,609,10437,,,,,,,,,本科,,,,,
8199727,海南,本科批,物理,,X07A755,专业组01,西南科技大学,EF7C,工商管理类,,,,,,613,9795,,,,,,613,9795,,,,,,,,,本科,,,,,
8199728,海南,本科批,物理,,X07A755,专业组03,西南科技大学,51C8,思想政治教育,,,,,,615,9467,,,,,,615,9467,,,,,,,,,本科,,,,,
8199729,海南,本科批,物理,,X07A755,专业组01,西南科技大学,B1EC,中国语言文学类,,,,,,616,9314,,,,,,616,9314,,,,,,,,,本科,,,,,
8199730,海南,本科批,物理,,X07A755,专业组02,西南科技大学,4C65,自动化,,,,,,619,8868,,,,,,619,8868,,,,,,,,,本科,,,,,
8200570,海南,本科批,物理,,XC9F767,专业组80,中国传媒大学,2813,智能科学与技术（中外合作办学）（办学地点在海南陵水黎安国际教育创新试验区）,中外合作办学; 办学地点在海南陵水黎安国际教育创新试验区,,,,,603,11475,,,,,,603,11475,,,,,,,,,本科,,,,,
8200571,海南,本科批,物理,,XC9F767,专业组80,中国传媒大学,E94F,数字媒体技术（中外合作办学）（办学地点在海南陵水黎安国际教育创新试验区）,中外合作办学; 办学地点在海南陵水黎安国际教育创新试验区,,,,,618,9022,,,,,,618,9022,,,,,,,,,本科,,,,,
8200572,海南,本科批,物理,,XC9F767,专业组05,中国传媒大学,ECA4,通信工程,,,,,,683,2567,,,,,,683,2567,,,,,,,,,本科,,,,,
8200573,海南,本科批,物理,,XC9F767,专业组05,中国传媒大学,D583,网络空间安全,,,,,,684,2517,,,,,,684,2517,,,,,,,,,本科,,,,,
8200574,海南,本科批,物理,,XC9F767,专业组05,中国传媒大学,F068,人工智能,,,,,,685,2464,,,,,,685,2464,,,,,,,,,本科,,,,,
8200575,海南,本科批,物理,,XC9F767,专业组05,中国传媒大学,93E3,电子信息工程,,,,,,688,2294,,,,,,688,2294,,,,,,,,,本科,,,,,
8200576,海南,本科批,物理,,XC9F767,专业组04,中国传媒大学,4145,英语,,,,,,691,2145,,,,,,691,2145,,,,,,,,,本科,,,,,
8200577,海南,本科批,物理,,XC9F767,专业组05,中国传媒大学,4718,数据科学与大数据技术,,,,,,692,2093,,,,,,692,2093,,,,,,,,,本科,,,,,
8200578,海南,本科批,物理,,XC9F767,专业组04,中国传媒大学,5F0C,跨境电子商务,,,,,,695,1965,,,,,,695,1965,,,,,,,,,本科,,,,,
8200579,海南,本科批,物理,,XC9F767,专业组04,中国传媒大学,8393,新闻学（数据新闻方向）,数据新闻方向,,,,,702,1663,,,,,,702,1663,,,,,,,,,本科,,,,,
8200580,海南,本科批,物理,,XC9F767,专业组04,中国传媒大学,5D72,网络与新媒体,,,,,,702,1663,,,,,,702,1663,,,,,,,,,本科,,,,,
8200581,海南,本科批,物理,,XC9F767,专业组05,中国传媒大学,41CF,数字媒体技术,,,,,,706,1507,,,,,,706,1507,,,,,,,,,本科,,,,,
8200582,海南,本科批,物理,,XC9F767,专业组04,中国传媒大学,9CA5,传播学,,,,,,710,1375,,,,,,710,1375,,,,,,,,,本科,,,,,
8201411,海南,本科批,物理,,XC02FA4,专业组03,江苏大学,97D0,临床医学,,,,,,631,7228,,,,,,631,7228,,,,,,,,,本科,,,,,
8201412,海南,本科批,物理,,XC02FA4,专业组03,江苏大学,2410,智能制造工程（包含专业：食品科学与工程、食品质量与安全、食品营养与健康）,包含专业：食品科学与工程、食品质量与安全、食品营养与健康,,,,,633,6965,,,,,,633,6965,,,,,,,,,本科,,,,,
8201413,海南,本科批,物理,,XC02FA4,专业组03,江苏大学,3557,能源与动力工程,,,,,,633,6965,,,,,,633,6965,,,,,,,,,本科,,,,,
8201414,海南,本科批,物理,,XC02FA4,专业组01,江苏大学,09EE,市场营销,,,,,,634,6830,,,,,,634,6830,,,,,,,,,本科,,,,,
8201415,海南,本科批,物理,,XC02FA4,专业组01,江苏大学,FBFE,物流管理,,,,,,635,6726,,,,,,635,6726,,,,,,,,,本科,,,,,
8201416,海南,本科批,物理,,XC02FA4,专业组01,江苏大学,C19A,人力资源管理,,,,,,635,6726,,,,,,635,6726,,,,,,,,,本科,,,,,
8201417,海南,本科批,物理,,XC02FA4,专业组03,江苏大学,C75C,食品科学与工程类（包含专业：食品科学与工程、食品质量与安全、食品营养与健康）,包含专业：食品科学与工程、食品质量与安全、食品营养与健康,,,,,635,6726,,,,,,635,6726,,,,,,,,,本科,,,,,
8201418,海南,本科批,物理,,XC02FA4,专业组03,江苏大学,D6ED,化学工程与工艺,,,,,,639,6231,,,,,,639,6231,,,,,,,,,本科,,,,,
8201419,海南,本科批,物理,,XC02FA4,专业组01,江苏大学,0FBC,金融学,,,,,,640,6127,,,,,,640,6127,,,,,,,,,本科,,,,,
8201420,海南,本科批,物理,,XC02FA4,专业组02,江苏大学,5257,工业工程,,,,,,642,5905,,,,,,642,5905,,,,,,,,,本科,,,,,
8201421,海南,本科批,物理,,XC02FA4,专业组03,江苏大学,289B,微电子科学与工程,,,,,,643,5793,,,,,,643,5793,,,,,,,,,本科,,,,,
8201422,海南,本科批,物理,,XC02FA4,专业组03,江苏大学,29F4,物联网工程,,,,,,643,5793,,,,,,643,5793,,,,,,,,,本科,,,,,
8201423,海南,本科批,物理,,XC02FA4,专业组01,江苏大学,FB18,财务管理,,,,,,644,5701,,,,,,644,5701,,,,,,,,,本科,,,,,
8201424,海南,本科批,物理,,XC02FA4,专业组03,江苏大学,ECA4,通信工程,,,,,,644,5701,,,,,,644,5701,,,,,,,,,本科,,,,,
8201425,海南,本科批,物理,,XC02FA4,专业组03,江苏大学,D078,新能源汽车工程,,,,,,644,5701,,,,,,644,5701,,,,,,,,,本科,,,,,
8201426,海南,本科批,物理,,XC02FA4,专业组03,江苏大学,4C65,自动化,,,,,,645,5610,,,,,,645,5610,,,,,,,,,本科,,,,,
8201427,海南,本科批,物理,,XC02FA4,专业组03,江苏大学,B001,信息安全,,,,,,648,5279,,,,,,648,5279,,,,,,,,,本科,,,,,
8201428,海南,本科批,物理,,XC02FA4,专业组03,江苏大学,26A7,车辆工程,,,,,,649,5168,,,,,,649,5168,,,,,,,,,本科,,,,,
8201429,海南,本科批,物理,,XC02FA4,专业组03,江苏大学,8EA2,机械电子工程,,,,,,649,5168,,,,,,649,5168,,,,,,,,,本科,,,,,
8201430,海南,本科批,物理,,XC02FA4,专业组03,江苏大学,93E3,电子信息工程,,,,,,651,4974,,,,,,651,4974,,,,,,,,,本科,,,,,
8202304,海南,本科批,物理,,X38D83F,专业组03,天津师范大学,ECB5,计算机科学与技术（师范）,师范,,,,,638,6368,,,,,,638,6368,,,,,,,,,本科,,,,,
8202305,海南,本科批,物理,,X38D83F,专业组02,天津师范大学,4869,投资学,,,,,,645,5610,,,,,,645,5610,,,,,,,,,本科,,,,,
8202306,海南,本科批,物理,,X38D83F,专业组03,天津师范大学,5683,化学（师范）,师范,,,,,647,5370,,,,,,647,5370,,,,,,,,,本科,,,,,
8202307,海南,本科批,物理,,X38D83F,专业组03,天津师范大学,9268,数学与应用数学（师范）,师范,,,,,648,5279,,,,,,648,5279,,,,,,,,,本科,,,,,
8202308,海南,本科批,物理,,X38D83F,专业组02,天津师范大学,25DE,国际经济与贸易,,,,,,649,5168,,,,,,649,5168,,,,,,,,,本科,,,,,
8202309,海南,本科批,物理,,X38D83F,专业组02,天津师范大学,6AB9,经济学,,,,,,653,4781,,,,,,653,4781,,,,,,,,,本科,,,,,
8202310,海南,本科批,物理,,X38D83F,专业组02,天津师范大学,E646,教育学类（师范）,师范,,,,,663,3920,,,,,,663,3920,,,,,,,,,本科,,,,,
8202311,海南,本科批,物理,,X38D83F,专业组02,天津师范大学,927B,法学,,,,,,672,3261,,,,,,672,3261,,,,,,,,,本科,,,,,
8202312,海南,本科批,物理,,X38D83F,专业组02,天津师范大学,B53C,汉语言文学（师范）,师范,,,,,698,1821,,,,,,698,1821,,,,,,,,,本科,,,,,
8203230,海南,本科批,物理,,XF2FE31,专业组84,天津科技大学,E24F,海洋科学（实行学分制收费；只招收经审核取得少数民族聚居地区的少数民族加分资格及取得少数民族预科班（民族班）资格的考生）,实行学分制收费；只招收经审核取得少数民族聚居地区的少数民族加分资格及取得少数民族预科班（民族班,,,,,521,31110,,,,,,521,31110,,,,,,,,,本科,,,,,
8203231,海南,本科批,物理,,XF2FE31,专业组84,天津科技大学,83AA,材料化学（实行学分制收费；只招收经审核取得少数民族聚居地区的少数民族加分资格及取得少数民族预科班（民族班）资格的考生）,实行学分制收费；只招收经审核取得少数民族聚居地区的少数民族加分资格及取得少数民族预科班（民族班,,,,,523,30534,,,,,,523,30534,,,,,,,,,本科,,,,,
8203232,海南,本科批,物理,,XF2FE31,专业组84,天津科技大学,3E18,轻化工程（实行学分制收费；只招收经审核取得少数民族聚居地区的少数民族加分资格及取得少数民族预科班（民族班）资格的考生）,实行学分制收费；只招收经审核取得少数民族聚居地区的少数民族加分资格及取得少数民族预科班（民族班,,,,,525,29966,,,,,,525,29966,,,,,,,,,本科,,,,,
8203233,海南,本科批,物理,,XF2FE31,专业组84,天津科技大学,906B,高分子材料与工程（实行学分制收费；只招收经审核取得少数民族聚居地区的少数民族加分资格及取得少数民族预科班（民族班）资格的考生）,实行学分制收费；只招收经审核取得少数民族聚居地区的少数民族加分资格及取得少数民族预科班（民族班,,,,,532,28031,,,,,,532,28031,,,,,,,,,本科,,,,,
8203234,海南,本科批,物理,,XF2FE31,专业组84,天津科技大学,5B92,食品科学与工程（实行学分制收费；只招收经审核取得少数民族聚居地区的少数民族加分资格及取得少数民族预科班（民族班）资格的考生）,实行学分制收费；只招收经审核取得少数民族聚居地区的少数民族加分资格及取得少数民族预科班（民族班,,,,,535,27215,,,,,,535,27215,,,,,,,,,本科,,,,,
8203235,海南,本科批,物理,,XF2FE31,专业组84,天津科技大学,1E73,化学工程与工艺（实行学分制收费；只招收经审核取得少数民族聚居地区的少数民族加分资格及取得少数民族预科班（民族班）资格的考生）,实行学分制收费；只招收经审核取得少数民族聚居地区的少数民族加分资格及取得少数民族预科班（民族班,,,,,536,26922,,,,,,536,26922,,,,,,,,,本科,,,,,
8203236,海南,本科批,物理,,XF2FE31,专业组82,天津科技大学,107B,微电子科学与工程（实行学分制收费；只招收经审核取得少数民族聚居地区的少数民族加分资格及取得少数民族预科班（民族班）资格的考生）,实行学分制收费；只招收经审核取得少数民族聚居地区的少数民族加分资格及取得少数民族预科班（民族班,,,,,537,26650,,,,,,537,26650,,,,,,,,,本科,,,,,
8203237,海南,本科批,物理,,XF2FE31,专业组84,天津科技大学,3BA6,环境科学（实行学分制收费；只招收经审核取得少数民族聚居地区的少数民族加分资格及取得少数民族预科班（民族班）资格的考生）,实行学分制收费；只招收经审核取得少数民族聚居地区的少数民族加分资格及取得少数民族预科班（民族班,,,,,541,25500,,,,,,541,25500,,,,,,,,,本科,,,,,
8203238,海南,本科批,物理,,XF2FE31,专业组82,天津科技大学,A8E6,数字媒体技术（实行学分制收费；只招收经审核取得少数民族聚居地区的少数民族加分资格及取得少数民族预科班（民族班）资格的考生）,实行学分制收费；只招收经审核取得少数民族聚居地区的少数民族加分资格及取得少数民族预科班（民族班,,,,,542,25271,,,,,,542,25271,,,,,,,,,本科,,,,,
8203239,海南,本科批,物理,,XF2FE31,专业组82,天津科技大学,87F0,电气工程及其自动化（实行学分制收费；只招收经审核取得少数民族聚居地区的少数民族加分资格及取得少数民族预科班（民族班）资格的考生）,实行学分制收费；只招收经审核取得少数民族聚居地区的少数民族加分资格及取得少数民族预科班（民族班,,,,,552,22661,,,,,,552,22661,,,,,,,,,本科,,,,,
8203240,海南,本科批,物理,,XF2FE31,专业组81,天津科技大学,5CCE,工业工程（实行学分制收费；只招收经审核取得少数民族聚居地区的少数民族加分资格及取得少数民族预科班（民族班）资格的考生）,实行学分制收费；只招收经审核取得少数民族聚居地区的少数民族加分资格及取得少数民族预科班（民族班,,,,,562,20113,,,,,,562,20113,,,,,,,,,本科,,,,,
8203241,海南,本科批,物理,,XF2FE31,专业组81,天津科技大学,3340,金融工程（实行学分制收费；只招收经审核取得少数民族聚居地区的少数民族加分资格及取得少数民族预科班（民族班）资格的考生）,实行学分制收费；只招收经审核取得少数民族聚居地区的少数民族加分资格及取得少数民族预科班（民族班,,,,,562,20113,,,,,,562,20113,,,,,,,,,本科,,,,,
8203242,海南,本科批,物理,,XF2FE31,专业组83,天津科技大学,069E,海洋资源开发技术（实行学分制收费）,实行学分制收费,,,,,570,18200,,,,,,570,18200,,,,,,,,,本科,,,,,
8203243,海南,本科批,物理,,XF2FE31,专业组82,天津科技大学,F70C,计算机科学与技术（实行学分制收费；只招收经审核取得少数民族聚居地区的少数民族加分资格及取得少数民族预科班（民族班）资格的考生）,实行学分制收费；只招收经审核取得少数民族聚居地区的少数民族加分资格及取得少数民族预科班（民族班,,,,,573,17552,,,,,,573,17552,,,,,,,,,本科,,,,,
8203244,海南,本科批,物理,,XF2FE31,专业组83,天津科技大学,1AA6,制药工程（实行学分制收费）,实行学分制收费,,,,,574,17335,,,,,,574,17335,,,,,,,,,本科,,,,,
8203245,海南,本科批,物理,,XF2FE31,专业组80,天津科技大学,FE1A,人力资源管理（实行学分制收费；只招收经审核取得少数民族）,实行学分制收费；只招收经审核取得少数民族,,,,,594,13128,,,,,,594,13128,,,,,,,,,本科,,,,,
8203246,海南,本科批,物理,,XF2FE31,专业组80,天津科技大学,B83E,法学类（只招收经审核取得少数民族聚居地区的少数民）,只招收经审核取得少数民族聚居地区的少数民,,,,,597,12551,,,,,,597,12551,,,,,,,,,本科,,,,,
8203247,海南,本科批,物理,,XF2FE31,专业组83,天津科技大学,D4A0,生物工程（实行学分制收费）,实行学分制收费,,,,,603,11475,,,,,,603,11475,,,,,,,,,本科,,,,,
8203248,海南,本科批,物理,,XF2FE31,专业组03,天津科技大学,88DF,英语（实行学分制收费）,实行学分制收费,,,,,606,10952,,,,,,606,10952,,,,,,,,,本科,,,,,
8203249,海南,本科批,物理,,XF2FE31,专业组03,天津科技大学,B530,翻译（实行学分制收费）,实行学分制收费,,,,,606,10952,,,,,,606,10952,,,,,,,,,本科,,,,,
8204084,海南,本科批,物理,,XEE2AAD,专业组01,南京邮电大学,EED9,邮政工程,,,,,,669,3397,,,,,,669,3397,,,,,,,,,本科,,,,,
8204085,海南,本科批,物理,,XEE2AAD,专业组01,南京邮电大学,A5D2,测控技术与仪器,,,,,,669,3397,,,,,,669,3397,,,,,,,,,本科,,,,,
8204086,海南,本科批,物理,,XEE2AAD,专业组01,南京邮电大学,8671,电磁场与无线技术,,,,,,669,3397,,,,,,669,3397,,,,,,,,,本科,,,,,
8204087,海南,本科批,物理,,XEE2AAD,专业组01,南京邮电大学,FA23,地理信息科学,,,,,,670,3325,,,,,,670,3325,,,,,,,,,本科,,,,,
8204088,海南,本科批,物理,,XEE2AAD,专业组01,南京邮电大学,C0DA,应用统计学,,,,,,670,3325,,,,,,670,3325,,,,,,,,,本科,,,,,
8204089,海南,本科批,物理,,XEE2AAD,专业组01,南京邮电大学,F068,人工智能,,,,,,671,3262,,,,,,671,3262,,,,,,,,,本科,,,,,
8204090,海南,本科批,物理,,XEE2AAD,专业组01,南京邮电大学,29F4,物联网工程,,,,,,671,3262,,,,,,671,3262,,,,,,,,,本科,,,,,
8204091,海南,本科批,物理,,XEE2AAD,专业组01,南京邮电大学,A687,光电信息科学与工程,,,,,,671,3262,,,,,,671,3262,,,,,,,,,本科,,,,,
8204092,海南,本科批,物理,,XEE2AAD,专业组01,南京邮电大学,4718,数据科学与大数据技术,,,,,,672,3196,,,,,,672,3196,,,,,,,,,本科,,,,,
8204093,海南,本科批,物理,,XEE2AAD,专业组01,南京邮电大学,41CF,数字媒体技术,,,,,,672,3196,,,,,,672,3196,,,,,,,,,本科,,,,,
8204094,海南,本科批,物理,,XEE2AAD,专业组01,南京邮电大学,6995,网络工程,,,,,,672,3196,,,,,,672,3196,,,,,,,,,本科,,,,,
8204095,海南,本科批,物理,,XEE2AAD,专业组01,南京邮电大学,289B,微电子科学与工程,,,,,,673,3137,,,,,,673,3137,,,,,,,,,本科,,,,,
8204096,海南,本科批,物理,,XEE2AAD,专业组01,南京邮电大学,4C65,自动化,,,,,,674,3056,,,,,,674,3056,,,,,,,,,本科,,,,,
8204097,海南,本科批,物理,,XEE2AAD,专业组01,南京邮电大学,B001,信息安全,,,,,,678,2806,,,,,,678,2806,,,,,,,,,本科,,,,,
8204098,海南,本科批,物理,,XEE2AAD,专业组01,南京邮电大学,25BA,集成电路设计与集成系统,,,,,,683,2518,,,,,,683,2518,,,,,,,,,本科,,,,,
8204099,海南,本科批,物理,,XEE2AAD,专业组01,南京邮电大学,3C38,软件工程,,,,,,684,2465,,,,,,684,2465,,,,,,,,,本科,,,,,
8204100,海南,本科批,物理,,XEE2AAD,专业组01,南京邮电大学,C734,电子科学与技术,,,,,,684,2465,,,,,,684,2465,,,,,,,,,本科,,,,,
8204101,海南,本科批,物理,,XEE2AAD,专业组01,南京邮电大学,93E3,电子信息工程,,,,,,689,2194,,,,,,689,2194,,,,,,,,,本科,,,,,
8204102,海南,本科批,物理,,XEE2AAD,专业组01,南京邮电大学,ECA4,通信工程,,,,,,690,2146,,,,,,690,2146,,,,,,,,,本科,,,,,
8204103,海南,本科批,物理,,XEE2AAD,专业组01,南京邮电大学,B9A5,计算机科学与技术,,,,,,691,2094,,,,,,691,2094,,,,,,,,,本科,,,,,
8204617,海南,本科批,物理,,XCC7024,专业组02,上海师范大学,3A78,旅游管理类（包含专业：旅游管理、酒店管理、会展经济与管理）,包含专业：旅游管理、酒店管理、会展经济与管理,,,,,628,7623,,,,,,628,7623,,,,,,,,,本科,,,,,
8204618,海南,本科批,物理,,XCC7024,专业组02,上海师范大学,C19A,人力资源管理,,,,,,628,7623,,,,,,628,7623,,,,,,,,,本科,,,,,
8204619,海南,本科批,物理,,XCC7024,专业组03,上海师范大学,CAF4,数学与应用数学（数学金融AI实验班）（数学金融AI实验班）,数学金融AI实验班; 数学金融AI实验班,,,,,629,7486,,,,,,629,7486,,,,,,,,,本科,,,,,
8204620,海南,本科批,物理,,XCC7024,专业组03,上海师范大学,C71E,计算机科学与技术（师范）（建议无色盲；师范类）,师范; 建议无色盲；师范类,,,,,631,7228,,,,,,631,7228,,,,,,,,,本科,,,,,
8204621,海南,本科批,物理,,XCC7024,专业组02,上海师范大学,5F1E,新闻传播学类（包含专业：广告学、广播电视学）,包含专业：广告学、广播电视学,,,,,635,6726,,,,,,635,6726,,,,,,,,,本科,,,,,
8204622,海南,本科批,物理,,XCC7024,专业组02,上海师范大学,927B,法学,,,,,,639,6231,,,,,,639,6231,,,,,,,,,本科,,,,,
8205410,海南,本科批,物理,,X6EE50B,专业组80,湖南师范大学,2242,广播电视编导,,,,,,663,3920,,,,,,663,3920,,,,,,,,,本科,,,,,
8205411,海南,本科批,物理,,X6EE50B,专业组01,湖南师范大学,3A78,旅游管理类（包含专业：旅游管理、酒店管理、会展经济与管理）,包含专业：旅游管理、酒店管理、会展经济与管理,,,,,664,3845,,,,,,664,3845,,,,,,,,,本科,,,,,
8205412,海南,本科批,物理,,X6EE50B,专业组02,湖南师范大学,F068,人工智能,,,,,,666,3691,,,,,,666,3691,,,,,,,,,本科,,,,,
8205413,海南,本科批,物理,,X6EE50B,专业组02,湖南师范大学,7932,电子信息科学与技术,,,,,,667,3616,,,,,,667,3616,,,,,,,,,本科,,,,,
8205414,海南,本科批,物理,,X6EE50B,专业组02,湖南师范大学,3C38,软件工程,,,,,,667,3616,,,,,,667,3616,,,,,,,,,本科,,,,,
8205415,海南,本科批,物理,,X6EE50B,专业组02,湖南师范大学,B9A5,计算机科学与技术,,,,,,671,3324,,,,,,671,3324,,,,,,,,,本科,,,,,
8205416,海南,本科批,物理,,X6EE50B,专业组01,湖南师范大学,7022,社会学,,,,,,672,3261,,,,,,672,3261,,,,,,,,,本科,,,,,
8205417,海南,本科批,物理,,X6EE50B,专业组01,湖南师范大学,927B,法学,,,,,,673,3195,,,,,,673,3195,,,,,,,,,本科,,,,,
8205418,海南,本科批,物理,,X6EE50B,专业组02,湖南师范大学,DBE5,物理学类（包含专业：物理学、应用物理学；包含物理学、应用物理学；含世承书院周光召班）,包含专业：物理学、应用物理学；包含物理学、应用物理学；含世承书院周光召班,,,,,674,3136,,,,,,674,3136,,,,,,,,,本科,,,,,
8205419,海南,本科批,物理,,X6EE50B,专业组01,湖南师范大学,0A60,特殊教育（师范类）,师范类,,,,,678,2871,,,,,,678,2871,,,,,,,,,本科,,,,,
8205420,海南,本科批,物理,,X6EE50B,专业组01,湖南师范大学,32F0,文物与博物馆学,,,,,,681,2691,,,,,,681,2691,,,,,,,,,本科,,,,,
8205421,海南,本科批,物理,,X6EE50B,专业组81,湖南师范大学,5A5A,戏剧影视文学,,,,,,682,2624,,,,,,682,2624,,,,,,,,,本科,,,,,
8205422,海南,本科批,物理,,X6EE50B,专业组01,湖南师范大学,7C01,新闻传播学类（包含专业：新闻学、编辑出版学、广告学、网络与新媒体）,包含专业：新闻学、编辑出版学、广告学、网络与新媒体,,,,,686,2406,,,,,,686,2406,,,,,,,,,本科,,,,,
8205423,海南,本科批,物理,,X6EE50B,专业组02,湖南师范大学,8D67,数学与应用数学（师范类，含世承书院天问班）,师范类，含世承书院天问班,,,,,687,2344,,,,,,687,2344,,,,,,,,,本科,,,,,
8205424,海南,本科批,物理,,X6EE50B,专业组01,湖南师范大学,9FAE,外国语言文学类（包含专业:英语、俄语、德语、法语、西班牙语、阿拉伯语、日语、朝鲜语、葡萄牙语、翻译;含世承书院锺书班）,包含专业:英语、俄语、德语、法语、西班牙语、阿拉伯语、日语、朝鲜语、葡萄牙语、翻译;含世承书院锺书班,,,,,702,1663,,,,,,702,1663,,,,,,,,,本科,,,,,
8205425,海南,本科批,物理,,X6EE50B,专业组03,湖南师范大学,2D6D,汉语言文学（师范类，含世承书院中国语言文学基地班）,师范类，含世承书院中国语言文学基地班,,,,,712,1304,,,,,,712,1304,,,,,,,,,本科,,,,,
8206273,海南,本科批,物理,,XE1310A,专业组04,中国地质大学（武汉）,A318,地质类（包含专业：地质工程、勘查技术与工程（钻探工程方向）；不招色盲、色弱）,包含专业：地质工程、勘查技术与工程（钻探工程方向,,,,,652,4884,,,,,,652,4884,,,,,,,,,本科,,,,,
8206274,海南,本科批,物理,,XE1310A,专业组04,中国地质大学（武汉）,5D8C,宝石及材料工艺学（不招色盲、色弱）,不招色盲、色弱,,,,,652,4884,,,,,,652,4884,,,,,,,,,本科,,,,,
8206275,海南,本科批,物理,,XE1310A,专业组04,中国地质大学（武汉）,0DC6,海洋科学类（包含专业：海洋科学、海洋工程与技术；不招色盲、色弱）,包含专业：海洋科学、海洋工程与技术；不招色盲、色弱,,,,,652,4884,,,,,,652,4884,,,,,,,,,本科,,,,,
8206276,海南,本科批,物理,,XE1310A,专业组04,中国地质大学（武汉）,7895,环境科学与工程类（环境地球科学类）（包含专业：生物科学、水文与水资源工程、地下水科学与工程、环境工程；不招色盲、色弱）,环境地球科学类; 包含专业：生物科学、水文与水资源工程、地下水科学与工程、环境工程；不招色盲、色弱,,,,,652,4884,,,,,,652,4884,,,,,,,,,本科,,,,,
8206277,海南,本科批,物理,,XE1310A,专业组04,中国地质大学（武汉）,F16B,测绘类（测绘与信息类）（包含专业：测绘工程、遥感科学与技术、地理空间信息工程；不招色盲、色弱）,测绘与信息类; 包含专业：测绘工程、遥感科学与技术、地理空间信息工程；不招色盲、色弱,,,,,654,4713,,,,,,654,4713,,,,,,,,,本科,,,,,
8206278,海南,本科批,物理,,XE1310A,专业组04,中国地质大学（武汉）,CCAA,地质类（资源能源）（包含专业：资源勘查工程；不招色盲、色弱）,资源能源; 包含专业：资源勘查工程；不招色盲、色弱,,,,,654,4713,,,,,,654,4713,,,,,,,,,本科,,,,,
8206279,海南,本科批,物理,,XE1310A,专业组04,中国地质大学（武汉）,1E08,资源环境大数据工程（不招色盲、色弱）,不招色盲、色弱,,,,,656,4510,,,,,,656,4510,,,,,,,,,本科,,,,,
8206280,海南,本科批,物理,,XE1310A,专业组04,中国地质大学（武汉）,802A,物理学,,,,,,656,4510,,,,,,656,4510,,,,,,,,,本科,,,,,
8206281,海南,本科批,物理,,XE1310A,专业组04,中国地质大学（武汉）,A806,地质学类（国家拔尖计划，国家理科基地班）（包含专业：地质学；不招色盲、色弱）,国家拔尖计划，国家理科基地班; 包含专业：地质学；不招色盲、色弱,,,,,657,4421,,,,,,657,4421,,,,,,,,,本科,,,,,
8206282,海南,本科批,物理,,XE1310A,专业组04,中国地质大学（武汉）,FACA,石油工程（不招色盲、色弱）,不招色盲、色弱,,,,,659,4256,,,,,,659,4256,,,,,,,,,本科,,,,,
8206283,海南,本科批,物理,,XE1310A,专业组04,中国地质大学（武汉）,3EF8,地理科学类（包含专业：地理科学、地理信息科学；不招色盲、色弱）,包含专业：地理科学、地理信息科学；不招色盲、色弱,,,,,660,4172,,,,,,660,4172,,,,,,,,,本科,,,,,
8206284,海南,本科批,物理,,XE1310A,专业组04,中国地质大学（武汉）,0537,电子信息类（包含专业：电子信息工程、通信工程；不招色盲、色弱）,包含专业：电子信息工程、通信工程；不招色盲、色弱,,,,,666,3691,,,,,,666,3691,,,,,,,,,本科,,,,,
8206285,海南,本科批,物理,,XE1310A,专业组04,中国地质大学（武汉）,CEC1,数学类（包含专业：数学与应用数学、信息与计算科学）,包含专业：数学与应用数学、信息与计算科学,,,,,668,3539,,,,,,668,3539,,,,,,,,,本科,,,,,
8206286,海南,本科批,物理,,XE1310A,专业组04,中国地质大学（武汉）,BB82,地质学类（包含专业：地质学、地球化学；不招色盲、色弱）,包含专业：地质学、地球化学；不招色盲、色弱,,,,,673,3195,,,,,,673,3195,,,,,,,,,本科,,,,,
8206287,海南,本科批,物理,,XE1310A,专业组03,中国地质大学（武汉）,AE8F,工商管理类（包含专业：工商管理（双语教学班）、市场营销、会计学、旅游管理）,包含专业：工商管理（双语教学班,,,,,681,2691,,,,,,681,2691,,,,,,,,,本科,,,,,
8206288,海南,本科批,物理,,XE1310A,专业组04,中国地质大学（武汉）,0BA2,土木类（包含专业：土木工程、城市地下空间工程；不招色盲、色弱）,包含专业：土木工程、城市地下空间工程；不招色盲、色弱,,,,,682,2624,,,,,,682,2624,,,,,,,,,本科,,,,,
8206289,海南,本科批,物理,,XE1310A,专业组04,中国地质大学（武汉）,C9AD,计算机类（包含专业：计算机科学与技术、软件工程、信息安全、智能科学与技术、空间信息与数字技术、数据科学与大数据技术；大类中软件工程专业不招色盲、色弱）,包含专业：计算机科学与技术、软件工程、信息安全、智能科学与技术、空间信息与数字技术、数据科学与大数据技术；大类中软件工程专业不招色盲、色弱,,,,,688,2294,,,,,,688,2294,,,,,,,,,本科,,,,,
8206290,海南,本科批,物理,,XE1310A,专业组03,中国地质大学（武汉）,A4A4,经济学类（包含专业：经济学、国际经济与贸易）,包含专业：经济学、国际经济与贸易,,,,,688,2294,,,,,,688,2294,,,,,,,,,本科,,,,,
8206291,海南,本科批,物理,,XE1310A,专业组03,中国地质大学（武汉）,927B,法学,,,,,,695,1965,,,,,,695,1965,,,,,,,,,本科,,,,,
8207095,海南,本科批,物理,,X811419,专业组02,中央财经大学,54D5,管理科学与工程类（包含专业：管理科学（商务量化分析）、工程管理（建设经济管理）,包含专业：管理科学（商务量化分析; 建设经济管理,,,,,716,1181,,,,,,716,1181,,,,,,,,,本科,,,,,
8207096,海南,本科批,物理,,X811419,专业组01,中央财经大学,938A,经济与贸易类（包含专业：国际经济与贸易、国际经济与贸易（国际贸易、应统双学位项目）、国际商务、贸曰易经济）,包含专业：国际经济与贸易、国际经济与贸易（国际贸易、应统双学位项目,,,,,716,1181,,,,,,716,1181,,,,,,,,,本科,,,,,
8207097,海南,本科批,物理,,X811419,专业组02,中央财经大学,4869,投资学,,,,,,719,1104,,,,,,719,1104,,,,,,,,,本科,,,,,
8207098,海南,本科批,物理,,X811419,专业组01,中央财经大学,A8CA,应用心理学（经济心理学）,经济心理学,,,,,720,1067,,,,,,720,1067,,,,,,,,,本科,,,,,
8207099,海南,本科批,物理,,X811419,专业组01,中央财经大学,87C6,法学（卓越法治人才教育培养计划）,卓越法治人才教育培养计划,,,,,721,1038,,,,,,721,1038,,,,,,,,,本科,,,,,
8207100,海南,本科批,物理,,X811419,专业组01,中央财经大学,C6C0,工商管理类（商学院）（包含专业：工商管理、市场营销（大数据营）,商学院; 包含专业：工商管理、市场营销（大数据营,,,,,721,1038,,,,,,721,1038,,,,,,,,,本科,,,,,
8207101,海南,本科批,物理,,X811419,专业组01,中央财经大学,1BAB,经济学类（包含专业：经济学、国民经济管理）,包含专业：经济学、国民经济管理,,,,,721,1038,,,,,,721,1038,,,,,,,,,本科,,,,,
8207102,海南,本科批,物理,,X811419,专业组02,中央财经大学,3E4F,保险学（北理工智能、保险联培项目）,北理工智能、保险联培项目,,,,,721,1038,,,,,,721,1038,,,,,,,,,本科,,,,,
8207103,海南,本科批,物理,,X811419,专业组01,中央财经大学,2E25,金融学（国际金融与公司理财）,国际金融与公司理财,,,,,721,1038,,,,,,721,1038,,,,,,,,,本科,,,,,
8207104,海南,本科批,物理,,X811419,专业组02,中央财经大学,68B8,金融学类（包含专业：金融工程、金融科技）,包含专业：金融工程、金融科技,,,,,722,1011,,,,,,722,1011,,,,,,,,,本科,,,,,
8207105,海南,本科批,物理,,X811419,专业组01,中央财经大学,5B5A,工商管理类（会计学院）（包含专业：会计学、财务管理）,会计学院; 包含专业：会计学、财务管理,,,,,731,800,,,,,,731,800,,,,,,,,,本科,,,,,
8207106,海南,本科批,物理,,X811419,专业组01,中央财经大学,EE2F,金融学（金融学、金融学北京外国语大学英语专业联培）,金融学、金融学北京外国语大学英语专业联培,,,,,731,800,,,,,,731,800,,,,,,,,,本科,,,,,
8207107,海南,本科批,物理,,X811419,专业组02,中央财经大学,C831,精算学,,,,,,731,800,,,,,,731,800,,,,,,,,,本科,,,,,
8207108,海南,本科批,物理,,X811419,专业组01,中央财经大学,4E25,财政学类（包含专业：财政学、税收学、资产评估、财政学（财政基础理论基地班）、税收学（全球税收治理菁英班）,包含专业：财政学、税收学、资产评估、财政学（财政基础理论基地班; 全球税收治理菁英班,,,,,732,780,,,,,,732,780,,,,,,,,,本科,,,,,
8207109,海南,本科批,物理,,X811419,专业组02,中央财经大学,60BE,金融科技（北航计算机联培项目）,北航计算机联培项目,,,,,764,319,,,,,,764,319,,,,,,,,,本科,,,,,
8208062,海南,本科批,物理,,XF6A996,专业组03,宁波大学,4ECE,土木工程,,,,,,588,14321,,,,,,588,14321,,,,,,,,,本科,,,,,
8208063,海南,本科批,物理,,XF6A996,专业组03,宁波大学,E347,工业设计,,,,,,592,13501,,,,,,592,13501,,,,,,,,,本科,,,,,
8208064,海南,本科批,物理,,XF6A996,专业组03,宁波大学,802A,物理学,,,,,,593,13321,,,,,,593,13321,,,,,,,,,本科,,,,,
8208065,海南,本科批,物理,,XF6A996,专业组03,宁波大学,B5AE,化学,,,,,,605,11138,,,,,,605,11138,,,,,,,,,本科,,,,,
8208066,海南,本科批,物理,,XF6A996,专业组03,宁波大学,87C9,水产养殖学（拔尖人才创新班）（梅山校区）,拔尖人才创新班; 梅山校区,,,,,611,10110,,,,,,611,10110,,,,,,,,,本科,,,,,
8208067,海南,本科批,物理,,XF6A996,专业组03,宁波大学,289B,微电子科学与工程,,,,,,612,9934,,,,,,612,9934,,,,,,,,,本科,,,,,
8208068,海南,本科批,物理,,XF6A996,专业组02,宁波大学,A4CB,物流管理（梅山校区）,梅山校区,,,,,650,5072,,,,,,650,5072,,,,,,,,,本科,,,,,
8208069,海南,本科批,物理,,XF6A996,专业组02,宁波大学,2570,法学类（按类招生，含法学、法学（英语特色班）专业）,按类招生，含法学、法学（英语特色班,,,,,657,4421,,,,,,657,4421,,,,,,,,,本科,,,,,
8208774,海南,本科批,物理,,XDAF228,专业组80,长江大学,873B,土木工程（中外合作办学）,中外合作办学,,,,,495,38461,,,,,,495,38461,,,,,,,,,本科,,,,,
8208775,海南,本科批,物理,,XDAF228,专业组02,长江大学,C5CB,园艺,,,,,,526,29707,,,,,,526,29707,,,,,,,,,本科,,,,,
8208776,海南,本科批,物理,,XDAF228,专业组02,长江大学,BC2E,植物生产类,,,,,,527,29380,,,,,,527,29380,,,,,,,,,本科,,,,,
8208777,海南,本科批,物理,,XDAF228,专业组02,长江大学,6BB2,动物医学类,,,,,,527,29380,,,,,,527,29380,,,,,,,,,本科,,,,,
8208778,海南,本科批,物理,,XDAF228,专业组02,长江大学,FA23,地理信息科学,,,,,,527,29380,,,,,,527,29380,,,,,,,,,本科,,,,,
8208779,海南,本科批,物理,,XDAF228,专业组02,长江大学,E7FB,化工与制药类,,,,,,529,28875,,,,,,529,28875,,,,,,,,,本科,,,,,
8208780,海南,本科批,物理,,XDAF228,专业组02,长江大学,D035,生物科学类,,,,,,532,28031,,,,,,532,28031,,,,,,,,,本科,,,,,
8208781,海南,本科批,物理,,XDAF228,专业组02,长江大学,30B8,智慧农业,,,,,,534,27473,,,,,,534,27473,,,,,,,,,本科,,,,,
8208782,海南,本科批,物理,,XDAF228,专业组02,长江大学,16D4,资源环境大数据工程,,,,,,539,26094,,,,,,539,26094,,,,,,,,,本科,,,,,
8208783,海南,本科批,物理,,XDAF228,专业组02,长江大学,B786,医学技术类,,,,,,545,24505,,,,,,545,24505,,,,,,,,,本科,,,,,
8208784,海南,本科批,物理,,XDAF228,专业组02,长江大学,E347,工业设计,,,,,,556,21627,,,,,,556,21627,,,,,,,,,本科,,,,,
8208785,海南,本科批,物理,,XDAF228,专业组02,长江大学,B5AE,化学,,,,,,557,21396,,,,,,557,21396,,,,,,,,,本科,,,,,
8208786,海南,本科批,物理,,XDAF228,专业组02,长江大学,3615,机械类,,,,,,563,19861,,,,,,563,19861,,,,,,,,,本科,,,,,
8208787,海南,本科批,物理,,XDAF228,专业组02,长江大学,93E3,电子信息工程,,,,,,574,17335,,,,,,574,17335,,,,,,,,,本科,,,,,
8208788,海南,本科批,物理,,XDAF228,专业组02,长江大学,82E6,计算机类,,,,,,575,17087,,,,,,575,17087,,,,,,,,,本科,,,,,
8208789,海南,本科批,物理,,XDAF228,专业组01,长江大学,43A0,建筑类,,,,,,609,10437,,,,,,609,10437,,,,,,,,,本科,,,,,
8208790,海南,本科批,物理,,XDAF228,专业组01,长江大学,C29F,经济学类,,,,,,616,9314,,,,,,616,9314,,,,,,,,,本科,,,,,
8208791,海南,本科批,物理,,XDAF228,专业组01,长江大学,D9E9,外国语言文学类,,,,,,616,9314,,,,,,616,9314,,,,,,,,,本科,,,,,
8208792,海南,本科批,物理,,XDAF228,专业组03,长江大学,5ED3,中西医临床医学,,,,,,621,8571,,,,,,621,8571,,,,,,,,,本科,,,,,
8208793,海南,本科批,物理,,XDAF228,专业组01,长江大学,9301,新闻传播学类,,,,,,625,8008,,,,,,625,8008,,,,,,,,,本科,,,,,
8209662,海南,本科批,物理,,X5ECF44,专业组03,石河子大学,BA4B,植物生产类（包含专业：农学、园艺、植物保护、种子科学与工程、设施农业科学与工程）,包含专业：农学、园艺、植物保护、种子科学与工程、设施农业科学与工程,,,,,534,27473,,,,,,534,27473,,,,,,,,,本科,,,,,
8209663,海南,本科批,物理,,X5ECF44,专业组03,石河子大学,7DE6,葡萄与葡萄酒工程,,,,,,540,25810,,,,,,540,25810,,,,,,,,,本科,,,,,
8209664,海南,本科批,物理,,X5ECF44,专业组03,石河子大学,97D0,临床医学,,,,,,542,25271,,,,,,542,25271,,,,,,,,,本科,,,,,
8209665,海南,本科批,物理,,X5ECF44,专业组03,石河子大学,0FF3,食品科学与工程类（包含专业：食品科学与工程、食品质量与安全）,包含专业：食品科学与工程、食品质量与安全,,,,,549,23420,,,,,,549,23420,,,,,,,,,本科,,,,,
8209666,海南,本科批,物理,,X5ECF44,专业组03,石河子大学,CA1E,软件工程（NIIT班）（只招有专业志愿考生，详见学校招生章程）,NIIT班; 只招有专业志愿考生，详见学校招生章程,,,,,555,21888,,,,,,555,21888,,,,,,,,,本科,,,,,
8209667,海南,本科批,物理,,X5ECF44,专业组03,石河子大学,5DA6,口腔医学,,,,,,562,20113,,,,,,562,20113,,,,,,,,,本科,,,,,
8209668,海南,本科批,物理,,X5ECF44,专业组03,石河子大学,93E3,电子信息工程,,,,,,573,17552,,,,,,573,17552,,,,,,,,,本科,,,,,
8209669,海南,本科批,物理,,X5ECF44,专业组03,石河子大学,1AFF,农业资源与环境,,,,,,577,16644,,,,,,577,16644,,,,,,,,,本科,,,,,
8209670,海南,本科批,物理,,X5ECF44,专业组03,石河子大学,0C9C,计算机类（包含专业:计算机科学与技术、软件工程、数据科学与大数据技术、网络空间安全）,包含专业:计算机科学与技术、软件工程、数据科学与大数据技术、网络空间安全,,,,,581,15788,,,,,,581,15788,,,,,,,,,本科,,,,,
8209671,海南,本科批,物理,,X5ECF44,专业组02,石河子大学,1C92,数字经济,,,,,,593,13321,,,,,,593,13321,,,,,,,,,本科,,,,,
8209672,海南,本科批,物理,,X5ECF44,专业组02,石河子大学,C1AC,经济学类（包含专业：金融学、经济学、国际经济与贸易）,包含专业：金融学、经济学、国际经济与贸易,,,,,597,12551,,,,,,597,12551,,,,,,,,,本科,,,,,
8209673,海南,本科批,物理,,X5ECF44,专业组02,石河子大学,5257,工业工程,,,,,,598,12377,,,,,,598,12377,,,,,,,,,本科,,,,,
8209674,海南,本科批,物理,,X5ECF44,专业组01,石河子大学,9569,小学教育（师范类）,师范类,,,,,603,11475,,,,,,603,11475,,,,,,,,,本科,,,,,
8209675,海南,本科批,物理,,X5ECF44,专业组01,石河子大学,CC8C,工商管理类（包含专业：财务管理、工商管理、人力资源管理、市场营销）,包含专业：财务管理、工商管理、人力资源管理、市场营销,,,,,604,11285,,,,,,604,11285,,,,,,,,,本科,,,,,
8209676,海南,本科批,物理,,X5ECF44,专业组01,石河子大学,DFD2,学前教育（师范类）,师范类,,,,,605,11138,,,,,,605,11138,,,,,,,,,本科,,,,,
8209677,海南,本科批,物理,,X5ECF44,专业组01,石河子大学,4C13,农林经济管理,,,,,,606,10952,,,,,,606,10952,,,,,,,,,本科,,,,,
8209678,海南,本科批,物理,,X5ECF44,专业组01,石河子大学,5E19,会计学,,,,,,613,9795,,,,,,613,9795,,,,,,,,,本科,,,,,
8209679,海南,本科批,物理,,X5ECF44,专业组01,石河子大学,D243,汉语言文学,,,,,,622,8436,,,,,,622,8436,,,,,,,,,本科,,,,,
8210345,海南,本科批,物理,,X0C3988,专业组03,对外经济贸易大学,ABB6,金融工程（大类招生）（金融工程、金融科技，可参与金融科技与北邮人工智能联合学士学位项目选拔）,大类招生; 金融工程、金融科技，可参与金融科技与北邮人工智能联合学士学位项目选拔,,,,,707,1471,,,,,,707,1471,,,,,,,,,本科,,,,,
8210346,海南,本科批,物理,,X0C3988,专业组03,对外经济贸易大学,751B,精算学（可参与精算学-劳动与社会保障双学士学位项目、精算与风险管理实验班、与英国曼彻斯特大学、肯特大学联合培养“2+2”项目选拔）,可参与精算学-劳动与社会保障双学士学位项目、精算与风险管理实验班、与英国曼彻斯特大学、肯特大学联合培养“2+2”项目选拔,,,,,709,1401,,,,,,709,1401,,,,,,,,,本科,,,,,
8210347,海南,本科批,物理,,X0C3988,专业组02,对外经济贸易大学,CF11,金融学类（金融学、金融学（国际金融与市场）、经济与金融、投资学、保险学）,金融学、金融学（国际金融与市场,,,,,714,1246,,,,,,714,1246,,,,,,,,,本科,,,,,
8210348,海南,本科批,物理,,X0C3988,专业组02,对外经济贸易大学,AF96,工商管理类（会计学、财务管理、人力资源管理、市场营销、工商管理，可参与会计学与北邮计算机/金融科技联合学士学位项目选拔）,会计学、财务管理、人力资源管理、市场营销、工商管理，可参与会计学与北邮计算机/金融科技联合学士学位项目选拔,,,,,714,1246,,,,,,714,1246,,,,,,,,,本科,,,,,
8210349,海南,本科批,物理,,X0C3988,专业组02,对外经济贸易大学,80D2,法学类（法学、可参与法学-大数据专业双学士学位项目或涉外型卓越经贸法律人才实验班选拔）,法学、可参与法学-大数据专业双学士学位项目或涉外型卓越经贸法律人才实验班选拔,,,,,751,469,,,,,,751,469,,,,,,,,,本科,,,,,
8211086,海南,本科批,物理,,X24C671,专业组01,南京信息工程大学,19BC,人工智能（包含专业：电子信息工程、电子科学与技术通信工程）,包含专业：电子信息工程、电子科学与技术通信工程,,,,,667,3616,,,,,,667,3616,,,,,,,,,本科,,,,,
8211087,海南,本科批,物理,,X24C671,专业组01,南京信息工程大学,F620,安全工程,,,,,,667,3616,,,,,,667,3616,,,,,,,,,本科,,,,,
8211088,海南,本科批,物理,,X24C671,专业组01,南京信息工程大学,6A44,计算机类（包含专业：计算机科学与技术、物联网工程信息安全）,包含专业：计算机科学与技术、物联网工程信息安全,,,,,668,3539,,,,,,668,3539,,,,,,,,,本科,,,,,
8211089,海南,本科批,物理,,X24C671,专业组01,南京信息工程大学,7182,电子信息类（包含专业：电子信息工程、电子科学与技术通信工程）,包含专业：电子信息工程、电子科学与技术通信工程,,,,,668,3539,,,,,,668,3539,,,,,,,,,本科,,,,,
8211090,海南,本科批,物理,,X24C671,专业组01,南京信息工程大学,A86C,遥感科学与技术,,,,,,669,3468,,,,,,669,3468,,,,,,,,,本科,,,,,
8211091,海南,本科批,物理,,X24C671,专业组01,南京信息工程大学,3EDA,大气科学类（包含专业：大气科学）,包含专业：大气科学,,,,,677,2924,,,,,,677,2924,,,,,,,,,本科,,,,,
8211722,海南,本科批,物理,,XD72114,专业组02,河北大学,7D22,材料化学,,,,,,496,38160,,,,,,496,38160,,,,,,,,,本科,,,,,
8211723,海南,本科批,物理,,XD72114,专业组02,河北大学,3057,环境科学与工程类（包含专业：环境工程、环境科学；环境工程专业不招色弱考生；环境科学专业色弱考生慎重报考）,包含专业：环境工程、环境科学；环境工程专业不招色弱考生；环境科学专业色弱考生慎重报考,,,,,503,36239,,,,,,503,36239,,,,,,,,,本科,,,,,
8211724,海南,本科批,物理,,XD72114,专业组02,河北大学,552A,智能医学工程,,,,,,503,36239,,,,,,503,36239,,,,,,,,,本科,,,,,
8211725,海南,本科批,物理,,XD72114,专业组02,河北大学,B5AE,化学,,,,,,504,35899,,,,,,504,35899,,,,,,,,,本科,,,,,
8211726,海南,本科批,物理,,XD72114,专业组02,河北大学,4ECE,土木工程,,,,,,506,35366,,,,,,506,35366,,,,,,,,,本科,,,,,
8211727,海南,本科批,物理,,XD72114,专业组02,河北大学,F396,物理学类（包含专业：物理学、应用物理学；应用物理学专业不招色盲考生；物理学专业色盲考生慎重报考）,包含专业：物理学、应用物理学；应用物理学专业不招色盲考生；物理学专业色盲考生慎重报考,,,,,521,31110,,,,,,521,31110,,,,,,,,,本科,,,,,
8211728,海南,本科批,物理,,XD72114,专业组02,河北大学,4C65,自动化,,,,,,552,22661,,,,,,552,22661,,,,,,,,,本科,,,,,
8211729,海南,本科批,物理,,XD72114,专业组02,河北大学,A687,光电信息科学与工程,,,,,,560,20621,,,,,,560,20621,,,,,,,,,本科,,,,,
8211730,海南,本科批,物理,,XD72114,专业组02,河北大学,ECA4,通信工程,,,,,,576,16888,,,,,,576,16888,,,,,,,,,本科,,,,,
8211731,海南,本科批,物理,,XD72114,专业组02,河北大学,C734,电子科学与技术,,,,,,580,15994,,,,,,580,15994,,,,,,,,,本科,,,,,
8211732,海南,本科批,物理,,XD72114,专业组01,河北大学,A5C9,建筑学,,,,,,599,12200,,,,,,599,12200,,,,,,,,,本科,,,,,
8211733,海南,本科批,物理,,XD72114,专业组01,河北大学,E6CB,社会工作,,,,,,599,12200,,,,,,599,12200,,,,,,,,,本科,,,,,
8211734,海南,本科批,物理,,XD72114,专业组01,河北大学,0E54,保险学,,,,,,600,12004,,,,,,600,12004,,,,,,,,,本科,,,,,
8211735,海南,本科批,物理,,XD72114,专业组01,河北大学,25DE,国际经济与贸易,,,,,,600,12004,,,,,,600,12004,,,,,,,,,本科,,,,,
8211736,海南,本科批,物理,,XD72114,专业组01,河北大学,CA0F,旅游管理,,,,,,601,11844,,,,,,601,11844,,,,,,,,,本科,,,,,
8211737,海南,本科批,物理,,XD72114,专业组01,河北大学,6AB9,经济学,,,,,,602,11656,,,,,,602,11656,,,,,,,,,本科,,,,,
8211738,海南,本科批,物理,,XD72114,专业组01,河北大学,E78B,历史学类（包含专业：历史学、世界史）,包含专业：历史学、世界史,,,,,612,9934,,,,,,612,9934,,,,,,,,,本科,,,,,
8211739,海南,本科批,物理,,XD72114,专业组01,河北大学,9542,新闻传播学类（包含专业：新闻学、广播电视学、编辑出版学）,包含专业：新闻学、广播电视学、编辑出版学,,,,,617,9159,,,,,,617,9159,,,,,,,,,本科,,,,,
8212441,海南,本科批,物理,,X657927,专业组04,天津工业大学,A942,材料科学与工程,,,,,,628,7623,,,,,,628,7623,,,,,,,,,本科,,,,,
8212442,海南,本科批,物理,,X657927,专业组04,天津工业大学,E666,化学生物学,,,,,,629,7486,,,,,,629,7486,,,,,,,,,本科,,,,,
8212443,海南,本科批,物理,,X657927,专业组04,天津工业大学,7E23,环境工程,,,,,,630,7329,,,,,,630,7329,,,,,,,,,本科,,,,,
8212444,海南,本科批,物理,,X657927,专业组04,天津工业大学,552A,智能医学工程,,,,,,631,7228,,,,,,631,7228,,,,,,,,,本科,,,,,
8212445,海南,本科批,物理,,X657927,专业组04,天津工业大学,93E3,电子信息工程,,,,,,635,6726,,,,,,635,6726,,,,,,,,,本科,,,,,
8212446,海南,本科批,物理,,X657927,专业组04,天津工业大学,29F4,物联网工程,,,,,,644,5701,,,,,,644,5701,,,,,,,,,本科,,,,,
8212447,海南,本科批,物理,,X657927,专业组04,天津工业大学,C734,电子科学与技术,,,,,,645,5610,,,,,,645,5610,,,,,,,,,本科,,,,,
8212448,海南,本科批,物理,,X657927,专业组02,天津工业大学,04A0,工商管理,,,,,,646,5489,,,,,,646,5489,,,,,,,,,本科,,,,,
8212449,海南,本科批,物理,,X657927,专业组02,天津工业大学,25DE,国际经济与贸易,,,,,,648,5279,,,,,,648,5279,,,,,,,,,本科,,,,,
8212450,海南,本科批,物理,,X657927,专业组03,天津工业大学,5257,工业工程,,,,,,650,5072,,,,,,650,5072,,,,,,,,,本科,,,,,
8212451,海南,本科批,物理,,X657927,专业组02,天津工业大学,5D72,网络与新媒体,,,,,,650,5072,,,,,,650,5072,,,,,,,,,本科,,,,,
8212452,海南,本科批,物理,,X657927,专业组02,天津工业大学,0FBC,金融学,,,,,,650,5072,,,,,,650,5072,,,,,,,,,本科,,,,,
8212453,海南,本科批,物理,,X657927,专业组02,天津工业大学,D243,汉语言文学,,,,,,651,4974,,,,,,651,4974,,,,,,,,,本科,,,,,
8212454,海南,本科批,物理,,X657927,专业组02,天津工业大学,5E19,会计学,,,,,,652,4884,,,,,,652,4884,,,,,,,,,本科,,,,,
8212455,海南,本科批,物理,,X657927,专业组02,天津工业大学,927B,法学,,,,,,653,4781,,,,,,653,4781,,,,,,,,,本科,,,,,
8212456,海南,本科批,物理,,X657927,专业组03,天津工业大学,D681,信息管理与信息系统,,,,,,654,4713,,,,,,654,4713,,,,,,,,,本科,,,,,
8213403,海南,本科批,物理,,X3B93C5,专业组02,河南财经政法大学,495D,管理科学与工程类（包含专业：工程管理、工程造价）,包含专业：工程管理、工程造价,,,,,592,13501,,,,,,592,13501,,,,,,,,,本科,,,,,
8213404,海南,本科批,物理,,X3B93C5,专业组01,河南财经政法大学,CA0F,旅游管理,,,,,,616,9314,,,,,,616,9314,,,,,,,,,本科,,,,,
8213405,海南,本科批,物理,,X3B93C5,专业组01,河南财经政法大学,1F07,公共管理类（包含专业：行政管理、劳动与社会保障）,包含专业：行政管理、劳动与社会保障,,,,,628,7623,,,,,,628,7623,,,,,,,,,本科,,,,,
8213406,海南,本科批,物理,,X3B93C5,专业组01,河南财经政法大学,26E1,工商管理类（包含专业：工商管理、市场营销（大数据营销方向）,包含专业：工商管理、市场营销（大数据营销方向,,,,,632,7099,,,,,,632,7099,,,,,,,,,本科,,,,,
8213407,海南,本科批,物理,,X3B93C5,专业组01,河南财经政法大学,927B,法学,,,,,,636,6586,,,,,,636,6586,,,,,,,,,本科,,,,,
8213941,海南,本科批,物理,,XE0E77E,专业组08,东北师范大学,EF9B,物理学类（包含专业：物理学（师范）、电子信息科学与技术、材料物理）,包含专业：物理学（师范,,,,,687,2344,,,,,,687,2344,,,,,,,,,本科,,,,,
8213942,海南,本科批,物理,,XE0E77E,专业组07,东北师范大学,6B4C,经济学类（包含专业：教育学、小学教育、学前教育）,包含专业：教育学、小学教育、学前教育,,,,,690,2193,,,,,,690,2193,,,,,,,,,本科,,,,,
8213943,海南,本科批,物理,,XE0E77E,专业组08,东北师范大学,8754,数学类（包含专业：数学与应用数学（师范）、统计学）,包含专业：数学与应用数学（师范,,,,,691,2145,,,,,,691,2145,,,,,,,,,本科,,,,,
8213944,海南,本科批,物理,,XE0E77E,专业组07,东北师范大学,3A12,教育学类（师范类专业，包含专业：教育学、小学教育、学前教育）,师范类专业，包含专业：教育学、小学教育、学前教育,,,,,701,1696,,,,,,701,1696,,,,,,,,,本科,,,,,
8213945,海南,本科批,物理,,XE0E77E,专业组07,东北师范大学,6343,汉语言文学（师范类专业）,师范类专业,,,,,707,1471,,,,,,707,1471,,,,,,,,,本科,,,,,
8214734,海南,本科批,物理,,X8DEAE0,专业组03,郑州轻工业大学,5E49,食品科学与工程,,,,,,562,20113,,,,,,562,20113,,,,,,,,,本科,,,,,
8214735,海南,本科批,物理,,X8DEAE0,专业组03,郑州轻工业大学,A5D2,测控技术与仪器,,,,,,563,19861,,,,,,563,19861,,,,,,,,,本科,,,,,
8214736,海南,本科批,物理,,X8DEAE0,专业组03,郑州轻工业大学,B5AE,化学,,,,,,565,19373,,,,,,565,19373,,,,,,,,,本科,,,,,
8214737,海南,本科批,物理,,X8DEAE0,专业组03,郑州轻工业大学,5B8B,高分子材料与工程,,,,,,566,19137,,,,,,566,19137,,,,,,,,,本科,,,,,
8214738,海南,本科批,物理,,X8DEAE0,专业组03,郑州轻工业大学,26A7,车辆工程,,,,,,570,18200,,,,,,570,18200,,,,,,,,,本科,,,,,
8214739,海南,本科批,物理,,X8DEAE0,专业组03,郑州轻工业大学,18D0,建筑电气与智能化,,,,,,576,16888,,,,,,576,16888,,,,,,,,,本科,,,,,
8214740,海南,本科批,物理,,X8DEAE0,专业组03,郑州轻工业大学,548C,信息与计算科学,,,,,,577,16644,,,,,,577,16644,,,,,,,,,本科,,,,,
8214741,海南,本科批,物理,,X8DEAE0,专业组03,郑州轻工业大学,78FF,机械设计制造及其自动化,,,,,,578,16442,,,,,,578,16442,,,,,,,,,本科,,,,,
8214742,海南,本科批,物理,,X8DEAE0,专业组03,郑州轻工业大学,03B1,智能科学与技术,,,,,,583,15317,,,,,,583,15317,,,,,,,,,本科,,,,,
8214743,海南,本科批,物理,,X8DEAE0,专业组03,郑州轻工业大学,F068,人工智能,,,,,,590,13900,,,,,,590,13900,,,,,,,,,本科,,,,,
8214744,海南,本科批,物理,,X8DEAE0,专业组03,郑州轻工业大学,A5B7,电气工程及其自动化,,,,,,598,12377,,,,,,598,12377,,,,,,,,,本科,,,,,
8214745,海南,本科批,物理,,X8DEAE0,专业组02,郑州轻工业大学,04A0,工商管理,,,,,,603,11475,,,,,,603,11475,,,,,,,,,本科,,,,,
8214746,海南,本科批,物理,,X8DEAE0,专业组02,郑州轻工业大学,FBFE,物流管理,,,,,,606,10952,,,,,,606,10952,,,,,,,,,本科,,,,,
8214747,海南,本科批,物理,,X8DEAE0,专业组02,郑州轻工业大学,6AB9,经济学,,,,,,608,10596,,,,,,608,10596,,,,,,,,,本科,,,,,
8214748,海南,本科批,物理,,X8DEAE0,专业组02,郑州轻工业大学,927B,法学,,,,,,612,9934,,,,,,612,9934,,,,,,,,,本科,,,,,
8214749,海南,本科批,物理,,X8DEAE0,专业组02,郑州轻工业大学,5E19,会计学,,,,,,617,9159,,,,,,617,9159,,,,,,,,,本科,,,,,
8215440,海南,本科批,物理,,XBE703B,专业组03,西南石油大学,4ECE,土木工程,,,,,,622,8436,,,,,,622,8436,,,,,,,,,本科,,,,,
8215441,海南,本科批,物理,,XBE703B,专业组03,西南石油大学,F11A,机器人工程,,,,,,623,8295,,,,,,623,8295,,,,,,,,,本科,,,,,
8215442,海南,本科批,物理,,XBE703B,专业组03,西南石油大学,A5D2,测控技术与仪器,,,,,,623,8295,,,,,,623,8295,,,,,,,,,本科,,,,,
8215443,海南,本科批,物理,,XBE703B,专业组03,西南石油大学,EA21,环境工程（不招色盲、色弱）,不招色盲、色弱,,,,,624,8163,,,,,,624,8163,,,,,,,,,本科,,,,,
8215444,海南,本科批,物理,,XBE703B,专业组03,西南石油大学,7662,应用化学（不招色盲、色弱）,不招色盲、色弱,,,,,625,8008,,,,,,625,8008,,,,,,,,,本科,,,,,
8215445,海南,本科批,物理,,XBE703B,专业组03,西南石油大学,78FF,机械设计制造及其自动化,,,,,,628,7623,,,,,,628,7623,,,,,,,,,本科,,,,,
8215446,海南,本科批,物理,,XBE703B,专业组03,西南石油大学,F068,人工智能,,,,,,629,7486,,,,,,629,7486,,,,,,,,,本科,,,,,
8215447,海南,本科批,物理,,XBE703B,专业组03,西南石油大学,4C65,自动化,,,,,,629,7486,,,,,,629,7486,,,,,,,,,本科,,,,,
8215448,海南,本科批,物理,,XBE703B,专业组03,西南石油大学,4EA7,新能源材料与器件,,,,,,630,7329,,,,,,630,7329,,,,,,,,,本科,,,,,
8215449,海南,本科批,物理,,XBE703B,专业组03,西南石油大学,D06C,机械工程,,,,,,630,7329,,,,,,630,7329,,,,,,,,,本科,,,,,
8215450,海南,本科批,物理,,XBE703B,专业组03,西南石油大学,22F2,通信工程（不招色盲）,不招色盲,,,,,633,6965,,,,,,633,6965,,,,,,,,,本科,,,,,
8215451,海南,本科批,物理,,XBE703B,专业组03,西南石油大学,A5B7,电气工程及其自动化,,,,,,633,6965,,,,,,633,6965,,,,,,,,,本科,,,,,
8215452,海南,本科批,物理,,XBE703B,专业组03,西南石油大学,C5D3,资源勘查工程（不招色盲）,不招色盲,,,,,634,6830,,,,,,634,6830,,,,,,,,,本科,,,,,
8215453,海南,本科批,物理,,XBE703B,专业组03,西南石油大学,A475,油气储运工程（不招色盲）,不招色盲,,,,,635,6726,,,,,,635,6726,,,,,,,,,本科,,,,,
8215454,海南,本科批,物理,,XBE703B,专业组02,西南石油大学,ACD9,国际经济与贸易（不招单色识别不全者）,不招单色识别不全者,,,,,642,5905,,,,,,642,5905,,,,,,,,,本科,,,,,
8215455,海南,本科批,物理,,XBE703B,专业组03,西南石油大学,917A,海洋油气工程,,,,,,643,5793,,,,,,643,5793,,,,,,,,,本科,,,,,
8215456,海南,本科批,物理,,XBE703B,专业组03,西南石油大学,4D53,石油工程,,,,,,645,5610,,,,,,645,5610,,,,,,,,,本科,,,,,
8215457,海南,本科批,物理,,XBE703B,专业组02,西南石油大学,E776,工商管理（不招单色识别不全者）,不招单色识别不全者,,,,,646,5489,,,,,,646,5489,,,,,,,,,本科,,,,,
8215458,海南,本科批,物理,,XBE703B,专业组02,西南石油大学,927B,法学,,,,,,646,5489,,,,,,646,5489,,,,,,,,,本科,,,,,
8215459,海南,本科批,物理,,XBE703B,专业组03,西南石油大学,6327,计算机类（包含专业：计算机科学与技术、软件工程、物联网工程、数据科学与大数据技术、网络空间安全；不招单色识别不全者）,包含专业：计算机科学与技术、软件工程、物联网工程、数据科学与大数据技术、网络空间安全；不招单色识别不全者,,,,,648,5279,,,,,,648,5279,,,,,,,,,本科,,,,,
8216032,海南,本科批,物理,,X23B28E,专业组01,武汉科技大学,3708,土木类（土木工程、建筑环境与能源应用工程、给排水科学与工程）,土木工程、建筑环境与能源应用工程、给排水科学与工程,,,,,623,8295,,,,,,623,8295,,,,,,,,,本科,,,,,
8216033,海南,本科批,物理,,X23B28E,专业组01,武汉科技大学,EDF3,机械类（机械工程、机械电子工程、智能制造工程、测控技术与仪器、工业工程）,机械工程、机械电子工程、智能制造工程、测控技术与仪器、工业工程,,,,,627,7735,,,,,,627,7735,,,,,,,,,本科,,,,,
8216034,海南,本科批,物理,,X23B28E,专业组01,武汉科技大学,2595,自动化类（自动化、机器人工程）,自动化、机器人工程,,,,,629,7486,,,,,,629,7486,,,,,,,,,本科,,,,,
8216035,海南,本科批,物理,,X23B28E,专业组01,武汉科技大学,2897,计算机类（计算机科学与技术、软件工程、智能科学与技术、信息安全）,计算机科学与技术、软件工程、智能科学与技术、信息安全,,,,,644,5701,,,,,,644,5701,,,,,,,,,本科,,,,,
8216500,海南,本科批,物理,,XEE6D29,专业组80,重庆师范大学,1855,广播电视编导（授予艺术学学士学位）,授予艺术学学士学位,,,,,604,11285,,,,,,604,11285,,,,,,,,,本科,,,,,
8216501,海南,本科批,物理,,XEE6D29,专业组02,重庆师范大学,4154,电子商务,,,,,,611,10110,,,,,,611,10110,,,,,,,,,本科,,,,,
8216502,海南,本科批,物理,,XEE6D29,专业组01,重庆师范大学,CA0F,旅游管理,,,,,,619,8868,,,,,,619,8868,,,,,,,,,本科,,,,,
8216503,海南,本科批,物理,,XEE6D29,专业组01,重庆师范大学,53A6,外国语言文学类（包含专业：日语、翻译、僧伽罗语）,包含专业：日语、翻译、僧伽罗语,,,,,620,8717,,,,,,620,8717,,,,,,,,,本科,,,,,
8216504,海南,本科批,物理,,XEE6D29,专业组01,重庆师范大学,E6CB,社会工作,,,,,,621,8571,,,,,,621,8571,,,,,,,,,本科,,,,,
8216505,海南,本科批,物理,,XEE6D29,专业组01,重庆师范大学,D193,工商管理类（包含专业：工商管理、市场营销、财务管理、人力资源管理）,包含专业：工商管理、市场营销、财务管理、人力资源管理,,,,,623,8295,,,,,,623,8295,,,,,,,,,本科,,,,,
8216506,海南,本科批,物理,,XEE6D29,专业组02,重庆师范大学,16DF,金融工程,,,,,,624,8163,,,,,,624,8163,,,,,,,,,本科,,,,,
8216507,海南,本科批,物理,,XEE6D29,专业组03,重庆师范大学,03B1,智能科学与技术,,,,,,627,7735,,,,,,627,7735,,,,,,,,,本科,,,,,
8216508,海南,本科批,物理,,XEE6D29,专业组01,重庆师范大学,4852,应用心理学,,,,,,632,7099,,,,,,632,7099,,,,,,,,,本科,,,,,
8216509,海南,本科批,物理,,XEE6D29,专业组03,重庆师范大学,3D97,化学（不招色盲、色弱）（师范类）,不招色盲、色弱; 师范类,,,,,633,6965,,,,,,633,6965,,,,,,,,,本科,,,,,
8216510,海南,本科批,物理,,XEE6D29,专业组05,重庆师范大学,C1C2,中国语言文学类（包含专业：汉语言文学（师范）、汉语国际教育、秘书学）,包含专业：汉语言文学（师范,,,,,662,3996,,,,,,662,3996,,,,,,,,,本科,,,,,
8216511,海南,本科批,物理,,XEE6D29,专业组03,重庆师范大学,B8DA,数学与应用数学（师范类）,师范类,,,,,669,3468,,,,,,669,3468,,,,,,,,,本科,,,,,
8216512,海南,本科批,物理,,XEE6D29,专业组04,重庆师范大学,C17B,思想政治教育（师范类）,师范类,,,,,671,3324,,,,,,671,3324,,,,,,,,,本科,,,,,
8217364,海南,本科批,物理,,X66B0A9,专业组80,华东交通大学,424F,工程管理（中外合作办学）,中外合作办学,,,,,577,16644,,,,,,577,16644,,,,,,,,,本科,,,,,
8217365,海南,本科批,物理,,X66B0A9,专业组03,华东交通大学,26A7,车辆工程,,,,,,594,13128,,,,,,594,13128,,,,,,,,,本科,,,,,
8217366,海南,本科批,物理,,X66B0A9,专业组03,华东交通大学,4ECE,土木工程,,,,,,594,13128,,,,,,594,13128,,,,,,,,,本科,,,,,
8217367,海南,本科批,物理,,X66B0A9,专业组03,华东交通大学,4D44,给排水科学与工程,,,,,,595,12898,,,,,,595,12898,,,,,,,,,本科,,,,,
8217368,海南,本科批,物理,,X66B0A9,专业组03,华东交通大学,548C,信息与计算科学,,,,,,598,12377,,,,,,598,12377,,,,,,,,,本科,,,,,
8217369,海南,本科批,物理,,X66B0A9,专业组03,华东交通大学,6A3A,建筑环境与能源应用工程,,,,,,601,11844,,,,,,601,11844,,,,,,,,,本科,,,,,
8217370,海南,本科批,物理,,X66B0A9,专业组03,华东交通大学,A687,光电信息科学与工程,,,,,,602,11656,,,,,,602,11656,,,,,,,,,本科,,,,,
8217371,海南,本科批,物理,,X66B0A9,专业组03,华东交通大学,29F4,物联网工程,,,,,,604,11285,,,,,,604,11285,,,,,,,,,本科,,,,,
8217372,海南,本科批,物理,,X66B0A9,专业组03,华东交通大学,8EA2,机械电子工程,,,,,,605,11138,,,,,,605,11138,,,,,,,,,本科,,,,,
8217373,海南,本科批,物理,,X66B0A9,专业组03,华东交通大学,A2E0,测绘工程,,,,,,606,10952,,,,,,606,10952,,,,,,,,,本科,,,,,
8217374,海南,本科批,物理,,X66B0A9,专业组03,华东交通大学,C02C,铁道工程,,,,,,607,10761,,,,,,607,10761,,,,,,,,,本科,,,,,
8217375,海南,本科批,物理,,X66B0A9,专业组03,华东交通大学,2B47,智能建造,,,,,,610,10279,,,,,,610,10279,,,,,,,,,本科,,,,,
8217376,海南,本科批,物理,,X66B0A9,专业组01,华东交通大学,A5C9,建筑学,,,,,,610,10279,,,,,,610,10279,,,,,,,,,本科,,,,,
8217377,海南,本科批,物理,,X66B0A9,专业组01,华东交通大学,4F4A,葡萄牙语,,,,,,611,10110,,,,,,611,10110,,,,,,,,,本科,,,,,
8217378,海南,本科批,物理,,X66B0A9,专业组02,华东交通大学,4A2C,物流工程,,,,,,612,9934,,,,,,612,9934,,,,,,,,,本科,,,,,
8217379,海南,本科批,物理,,X66B0A9,专业组01,华东交通大学,0FBC,金融学,,,,,,612,9934,,,,,,612,9934,,,,,,,,,本科,,,,,
8217380,海南,本科批,物理,,X66B0A9,专业组03,华东交通大学,18D0,建筑电气与智能化,,,,,,612,9934,,,,,,612,9934,,,,,,,,,本科,,,,,
8217381,海南,本科批,物理,,X66B0A9,专业组03,华东交通大学,C7AE,交通工程,,,,,,612,9934,,,,,,612,9934,,,,,,,,,本科,,,,,
8217382,海南,本科批,物理,,X66B0A9,专业组03,华东交通大学,78FF,机械设计制造及其自动化,,,,,,613,9795,,,,,,613,9795,,,,,,,,,本科,,,,,
8217383,海南,本科批,物理,,X66B0A9,专业组01,华东交通大学,C19A,人力资源管理,,,,,,614,9643,,,,,,614,9643,,,,,,,,,本科,,,,,
8218157,海南,本科批,物理,,X67FBA8,专业组02,燕山大学,7E23,环境工程,,,,,,589,14092,,,,,,589,14092,,,,,,,,,本科,,,,,
8218158,海南,本科批,物理,,X67FBA8,专业组02,燕山大学,BA94,土木类（包含专业：土木工程、建筑环境与能源应用工程、工程力学）,包含专业：土木工程、建筑环境与能源应用工程、工程力学,,,,,591,13666,,,,,,591,13666,,,,,,,,,本科,,,,,
8218159,海南,本科批,物理,,X67FBA8,专业组02,燕山大学,A13C,电子信息类（包含专业：电子信息工程、电子科学与技术）,包含专业：电子信息工程、电子科学与技术,,,,,594,13128,,,,,,594,13128,,,,,,,,,本科,,,,,
8218160,海南,本科批,物理,,X67FBA8,专业组02,燕山大学,A5D2,测控技术与仪器,,,,,,604,11285,,,,,,604,11285,,,,,,,,,本科,,,,,
8218161,海南,本科批,物理,,X67FBA8,专业组02,燕山大学,B9A5,计算机科学与技术,,,,,,604,11285,,,,,,604,11285,,,,,,,,,本科,,,,,
8218162,海南,本科批,物理,,X67FBA8,专业组02,燕山大学,946B,电气类（包含专业：电气工程及其自动化、自动化、智能科学与技术）,包含专业：电气工程及其自动化、自动化、智能科学与技术,,,,,609,10437,,,,,,609,10437,,,,,,,,,本科,,,,,
8218163,海南,本科批,物理,,X67FBA8,专业组02,燕山大学,B0A8,机械类（包含专业：机械设计制造及其自动化、智能制造工程、机器人工程）,包含专业：机械设计制造及其自动化、智能制造工程、机器人工程,,,,,616,9314,,,,,,616,9314,,,,,,,,,本科,,,,,
8218164,海南,本科批,物理,,X67FBA8,专业组01,燕山大学,481C,工商管理类（包含专业：工商管理、会计学、旅游管理、电子商务）,包含专业：工商管理、会计学、旅游管理、电子商务,,,,,616,9314,,,,,,616,9314,,,,,,,,,本科,,,,,
8218165,海南,本科批,物理,,X67FBA8,专业组01,燕山大学,E042,经济与金融,,,,,,624,8163,,,,,,624,8163,,,,,,,,,本科,,,,,
8219073,海南,本科批,物理,,X02E144,专业组02,贵州大学,10E8,数学类（包含专业：数学与应用数学、统计学）,包含专业：数学与应用数学、统计学,,,,,605,11138,,,,,,605,11138,,,,,,,,,本科,,,,,
8219074,海南,本科批,物理,,X02E144,专业组02,贵州大学,2CF3,土木类（包含专业：土木工程、建筑环境与能源应用工程）,包含专业：土木工程、建筑环境与能源应用工程,,,,,605,11138,,,,,,605,11138,,,,,,,,,本科,,,,,
8219075,海南,本科批,物理,,X02E144,专业组02,贵州大学,E347,工业设计,,,,,,605,11138,,,,,,605,11138,,,,,,,,,本科,,,,,
8219076,海南,本科批,物理,,X02E144,专业组02,贵州大学,4EA9,化学类（包含专业：化学、应用化学、化学生物学）,包含专业：化学、应用化学、化学生物学,,,,,609,10437,,,,,,609,10437,,,,,,,,,本科,,,,,
8219077,海南,本科批,物理,,X02E144,专业组02,贵州大学,3170,冶金工程,,,,,,611,10110,,,,,,611,10110,,,,,,,,,本科,,,,,
8219078,海南,本科批,物理,,X02E144,专业组02,贵州大学,C49F,生物科学类（包含专业：生物科学、生物技术、生态学）,包含专业：生物科学、生物技术、生态学,,,,,613,9795,,,,,,613,9795,,,,,,,,,本科,,,,,
8219079,海南,本科批,物理,,X02E144,专业组02,贵州大学,F747,材料类（包含专业：材料科学与工程、高分子材料与工程）,包含专业：材料科学与工程、高分子材料与工程,,,,,614,9643,,,,,,614,9643,,,,,,,,,本科,,,,,
8219080,海南,本科批,物理,,X02E144,专业组02,贵州大学,1267,食品科学与工程类（包含专业：食品科学与工程、食品质量与安全、酿酒工程）,包含专业：食品科学与工程、食品质量与安全、酿酒工程,,,,,621,8571,,,,,,621,8571,,,,,,,,,本科,,,,,
8219081,海南,本科批,物理,,X02E144,专业组02,贵州大学,29F4,物联网工程,,,,,,632,7099,,,,,,632,7099,,,,,,,,,本科,,,,,
8219082,海南,本科批,物理,,X02E144,专业组02,贵州大学,78FF,机械设计制造及其自动化,,,,,,633,6965,,,,,,633,6965,,,,,,,,,本科,,,,,
8219083,海南,本科批,物理,,X02E144,专业组01,贵州大学,89CD,建筑类（包含专业：建筑学、城乡规划；要具有一定美术）,包含专业：建筑学、城乡规划；要具有一定美术,,,,,636,6586,,,,,,636,6586,,,,,,,,,本科,,,,,
8219084,海南,本科批,物理,,X02E144,专业组01,贵州大学,7288,文化产业管理,,,,,,636,6586,,,,,,636,6586,,,,,,,,,本科,,,,,
8219085,海南,本科批,物理,,X02E144,专业组01,贵州大学,671C,日语,,,,,,637,6498,,,,,,637,6498,,,,,,,,,本科,,,,,
8219086,海南,本科批,物理,,X02E144,专业组01,贵州大学,68F4,新闻学,,,,,,637,6498,,,,,,637,6498,,,,,,,,,本科,,,,,
8219087,海南,本科批,物理,,X02E144,专业组01,贵州大学,4145,英语,,,,,,639,6231,,,,,,639,6231,,,,,,,,,本科,,,,,
8219088,海南,本科批,物理,,X02E144,专业组01,贵州大学,C91C,工商管理类（包含专业：工商管理、市场营销、会计学、财）,包含专业：工商管理、市场营销、会计学、财,,,,,640,6127,,,,,,640,6127,,,,,,,,,本科,,,,,
8219089,海南,本科批,物理,,X02E144,专业组01,贵州大学,3222,经济与贸易类（包含专业：经济学、国际经济与贸易）,包含专业：经济学、国际经济与贸易,,,,,641,6019,,,,,,641,6019,,,,,,,,,本科,,,,,
8219090,海南,本科批,物理,,X02E144,专业组01,贵州大学,3D24,财政学类（包含专业：财政学、金融学）,包含专业：财政学、金融学,,,,,644,5701,,,,,,644,5701,,,,,,,,,本科,,,,,
8219091,海南,本科批,物理,,X02E144,专业组02,贵州大学,F068,人工智能,,,,,,644,5701,,,,,,644,5701,,,,,,,,,本科,,,,,
8219092,海南,本科批,物理,,X02E144,专业组02,贵州大学,802A,物理学,,,,,,645,5610,,,,,,645,5610,,,,,,,,,本科,,,,,
8219901,海南,本科批,物理,,X6EB3A5,专业组02,华南农业大学,4ECE,土木工程,,,,,,488,40419,,,,,,488,40419,,,,,,,,,本科,,,,,
8219902,海南,本科批,物理,,X6EB3A5,专业组02,华南农业大学,975D,林学（低碳林业）,低碳林业,,,,,492,39297,,,,,,492,39297,,,,,,,,,本科,,,,,
8219903,海南,本科批,物理,,X6EB3A5,专业组02,华南农业大学,A894,生物育种科学（动物育种）,动物育种,,,,,494,38727,,,,,,494,38727,,,,,,,,,本科,,,,,
8219904,海南,本科批,物理,,X6EB3A5,专业组02,华南农业大学,99EA,动物科学,,,,,,517,32234,,,,,,517,32234,,,,,,,,,本科,,,,,
8219905,海南,本科批,物理,,X6EB3A5,专业组02,华南农业大学,CE42,水产养殖学（智慧渔业）,智慧渔业,,,,,531,28298,,,,,,531,28298,,,,,,,,,本科,,,,,
8219906,海南,本科批,物理,,X6EB3A5,专业组02,华南农业大学,C059,海洋科学,,,,,,538,26380,,,,,,538,26380,,,,,,,,,本科,,,,,
8219907,海南,本科批,物理,,X6EB3A5,专业组02,华南农业大学,A2E0,测绘工程,,,,,,539,26094,,,,,,539,26094,,,,,,,,,本科,,,,,
8219908,海南,本科批,物理,,X6EB3A5,专业组02,华南农业大学,6EBA,植物保护（智慧植保）,智慧植保,,,,,543,24997,,,,,,543,24997,,,,,,,,,本科,,,,,
8219909,海南,本科批,物理,,X6EB3A5,专业组02,华南农业大学,E3AC,森林保护,,,,,,551,22908,,,,,,551,22908,,,,,,,,,本科,,,,,
8219910,海南,本科批,物理,,X6EB3A5,专业组02,华南农业大学,C5CB,园艺,,,,,,569,18472,,,,,,569,18472,,,,,,,,,本科,,,,,
8219911,海南,本科批,物理,,X6EB3A5,专业组02,华南农业大学,5FC4,环境科学,,,,,,577,16644,,,,,,577,16644,,,,,,,,,本科,,,,,
8219912,海南,本科批,物理,,X6EB3A5,专业组02,华南农业大学,7E23,环境工程,,,,,,577,16644,,,,,,577,16644,,,,,,,,,本科,,,,,
8219913,海南,本科批,物理,,X6EB3A5,专业组02,华南农业大学,E930,农业资源与环境（低碳农业）,低碳农业,,,,,582,15570,,,,,,582,15570,,,,,,,,,本科,,,,,
8219914,海南,本科批,物理,,X6EB3A5,专业组02,华南农业大学,98E9,茶学,,,,,,598,12377,,,,,,598,12377,,,,,,,,,本科,,,,,
8219915,海南,本科批,物理,,X6EB3A5,专业组02,华南农业大学,8DE6,生物育种科学（植物育种）,植物育种,,,,,607,10761,,,,,,607,10761,,,,,,,,,本科,,,,,
8219916,海南,本科批,物理,,X6EB3A5,专业组02,华南农业大学,7A1F,水产养殖学,,,,,,609,10437,,,,,,609,10437,,,,,,,,,本科,,,,,
8219917,海南,本科批,物理,,X6EB3A5,专业组02,华南农业大学,2638,植物保护,,,,,,611,10110,,,,,,611,10110,,,,,,,,,本科,,,,,
8219918,海南,本科批,物理,,X6EB3A5,专业组02,华南农业大学,C325,农学,,,,,,614,9643,,,,,,614,9643,,,,,,,,,本科,,,,,
8219919,海南,本科批,物理,,X6EB3A5,专业组02,华南农业大学,26A7,车辆工程,,,,,,623,8295,,,,,,623,8295,,,,,,,,,本科,,,,,
8219920,海南,本科批,物理,,X6EB3A5,专业组02,华南农业大学,A687,光电信息科学与工程,,,,,,644,5701,,,,,,644,5701,,,,,,,,,本科,,,,,
8221362,海南,本科批,物理,,XE33A45,专业组01,山东农业大学,59C5,植物生产类（包含专业：园艺、设施农业科学与工程、茶学）,包含专业：园艺、设施农业科学与工程、茶学,,,,,538,26380,,,,,,538,26380,,,,,,,,,本科,,,,,
8221363,海南,本科批,物理,,XE33A45,专业组01,山东农业大学,5E49,食品科学与工程,,,,,,539,26094,,,,,,539,26094,,,,,,,,,本科,,,,,
8221364,海南,本科批,物理,,XE33A45,专业组01,山东农业大学,92C6,土木类（包含专业：土木工程、道路桥梁与渡河工程、给排水科学与工程）,包含专业：土木工程、道路桥梁与渡河工程、给排水科学与工程,,,,,540,25810,,,,,,540,25810,,,,,,,,,本科,,,,,
8221365,海南,本科批,物理,,XE33A45,专业组01,山东农业大学,D901,木材科学与工程,,,,,,542,25271,,,,,,542,25271,,,,,,,,,本科,,,,,
8222149,海南,本科批,物理,,X89D6AA,专业组02,桂林电子科技大学,4145,英语,,,,,,620,8717,,,,,,620,8717,,,,,,,,,本科,,,,,
8222150,海南,本科批,物理,,X89D6AA,专业组02,桂林电子科技大学,4154,电子商务,,,,,,620,8717,,,,,,620,8717,,,,,,,,,本科,,,,,
8222151,海南,本科批,物理,,X89D6AA,专业组02,桂林电子科技大学,927B,法学,,,,,,624,8163,,,,,,624,8163,,,,,,,,,本科,,,,,
8222152,海南,本科批,物理,,X89D6AA,专业组03,桂林电子科技大学,F11A,机器人工程,,,,,,626,7880,,,,,,626,7880,,,,,,,,,本科,,,,,
8222153,海南,本科批,物理,,X89D6AA,专业组03,桂林电子科技大学,78FF,机械设计制造及其自动化,,,,,,626,7880,,,,,,626,7880,,,,,,,,,本科,,,,,
8222154,海南,本科批,物理,,X89D6AA,专业组03,桂林电子科技大学,4EA7,新能源材料与器件,,,,,,627,7735,,,,,,627,7735,,,,,,,,,本科,,,,,
8222155,海南,本科批,物理,,X89D6AA,专业组03,桂林电子科技大学,A5D2,测控技术与仪器,,,,,,631,7228,,,,,,631,7228,,,,,,,,,本科,,,,,
8222156,海南,本科批,物理,,X89D6AA,专业组03,桂林电子科技大学,5487,电子封装技术,,,,,,633,6965,,,,,,633,6965,,,,,,,,,本科,,,,,
8222157,海南,本科批,物理,,X89D6AA,专业组03,桂林电子科技大学,03B1,智能科学与技术,,,,,,636,6586,,,,,,636,6586,,,,,,,,,本科,,,,,
8222158,海南,本科批,物理,,X89D6AA,专业组03,桂林电子科技大学,C0DA,应用统计学,,,,,,639,6231,,,,,,639,6231,,,,,,,,,本科,,,,,
8222159,海南,本科批,物理,,X89D6AA,专业组03,桂林电子科技大学,93E3,电子信息工程,,,,,,644,5701,,,,,,644,5701,,,,,,,,,本科,,,,,
8222160,海南,本科批,物理,,X89D6AA,专业组03,桂林电子科技大学,ECA4,通信工程,,,,,,649,5168,,,,,,649,5168,,,,,,,,,本科,,,,,
8222161,海南,本科批,物理,,X89D6AA,专业组03,桂林电子科技大学,B9A5,计算机科学与技术,,,,,,653,4781,,,,,,653,4781,,,,,,,,,本科,,,,,
8222745,海南,本科批,物理,,XD2D785,专业组01,齐鲁工业大学,485C,轻工类（包含专业：印刷工程、包装工程）,包含专业：印刷工程、包装工程,,,,,482,42014,,,,,,482,42014,,,,,,,,,本科,,,,,
8222746,海南,本科批,物理,,XD2D785,专业组01,齐鲁工业大学,0D0C,酿酒工程,,,,,,492,39297,,,,,,492,39297,,,,,,,,,本科,,,,,
8222747,海南,本科批,物理,,XD2D785,专业组01,齐鲁工业大学,DDC7,环境科学与工程类（包含专业：环境工程、环境科学、环境生态工程）,包含专业：环境工程、环境科学、环境生态工程,,,,,503,36239,,,,,,503,36239,,,,,,,,,本科,,,,,
8222748,海南,本科批,物理,,XD2D785,专业组01,齐鲁工业大学,C75C,食品科学与工程类（包含专业：食品科学与工程、食品质量与安全、食品营养与健康）,包含专业：食品科学与工程、食品质量与安全、食品营养与健康,,,,,520,31393,,,,,,520,31393,,,,,,,,,本科,,,,,
8222749,海南,本科批,物理,,XD2D785,专业组01,齐鲁工业大学,EAB4,轻化工程,,,,,,539,26094,,,,,,539,26094,,,,,,,,,本科,,,,,
8222750,海南,本科批,物理,,XD2D785,专业组01,齐鲁工业大学,3557,能源与动力工程,,,,,,570,18200,,,,,,570,18200,,,,,,,,,本科,,,,,
8223374,海南,本科批,物理,,XCC79E7,专业组01,西安理工大学,4EA7,新能源材料与器件,,,,,,622,8436,,,,,,622,8436,,,,,,,,,本科,,,,,
8223375,海南,本科批,物理,,XCC79E7,专业组01,西安理工大学,9A06,储能科学与工程,,,,,,623,8295,,,,,,623,8295,,,,,,,,,本科,,,,,
8223376,海南,本科批,物理,,XCC79E7,专业组01,西安理工大学,A5D2,测控技术与仪器,,,,,,623,8295,,,,,,623,8295,,,,,,,,,本科,,,,,
8223377,海南,本科批,物理,,XCC79E7,专业组01,西安理工大学,F068,人工智能,,,,,,627,7735,,,,,,627,7735,,,,,,,,,本科,,,,,
8223378,海南,本科批,物理,,XCC79E7,专业组01,西安理工大学,41CF,数字媒体技术,,,,,,631,7228,,,,,,631,7228,,,,,,,,,本科,,,,,
8223379,海南,本科批,物理,,XCC79E7,专业组01,西安理工大学,78FF,机械设计制造及其自动化,,,,,,632,7099,,,,,,632,7099,,,,,,,,,本科,,,,,
8223380,海南,本科批,物理,,XCC79E7,专业组01,西安理工大学,A5B7,电气工程及其自动化,,,,,,635,6726,,,,,,635,6726,,,,,,,,,本科,,,,,
8223381,海南,本科批,物理,,XCC79E7,专业组01,西安理工大学,93E3,电子信息工程,,,,,,636,6586,,,,,,636,6586,,,,,,,,,本科,,,,,
8223943,海南,本科批,物理,,X3C31B3,专业组02,鲁东大学,7E23,环境工程,,,,,,478,43056,,,,,,478,43056,,,,,,,,,本科,,,,,
8223944,海南,本科批,物理,,X3C31B3,专业组02,鲁东大学,C15F,生物科学（师范类）,师范类,,,,,479,42765,,,,,,479,42765,,,,,,,,,本科,,,,,
8223945,海南,本科批,物理,,X3C31B3,专业组02,鲁东大学,76B9,统计学,,,,,,480,42524,,,,,,480,42524,,,,,,,,,本科,,,,,
8223946,海南,本科批,物理,,X3C31B3,专业组02,鲁东大学,FA23,地理信息科学,,,,,,480,42524,,,,,,480,42524,,,,,,,,,本科,,,,,
8223947,海南,本科批,物理,,X3C31B3,专业组02,鲁东大学,5E49,食品科学与工程,,,,,,494,38727,,,,,,494,38727,,,,,,,,,本科,,,,,
8223948,海南,本科批,物理,,X3C31B3,专业组01,鲁东大学,CA0F,旅游管理,,,,,,583,15317,,,,,,583,15317,,,,,,,,,本科,,,,,
8223949,海南,本科批,物理,,X3C31B3,专业组01,鲁东大学,25DE,国际经济与贸易,,,,,,585,14905,,,,,,585,14905,,,,,,,,,本科,,,,,
8223950,海南,本科批,物理,,X3C31B3,专业组01,鲁东大学,052B,心理学（师范类）,师范类,,,,,591,13666,,,,,,591,13666,,,,,,,,,本科,,,,,
8224663,海南,本科批,物理,,X332ABF,专业组04,四川农业大学,CEDE,道路桥梁与渡河工程,,,,,,547,23968,,,,,,547,23968,,,,,,,,,本科,,,,,
8224664,海南,本科批,物理,,X332ABF,专业组04,四川农业大学,4D44,给排水科学与工程,,,,,,561,20364,,,,,,561,20364,,,,,,,,,本科,,,,,
8224665,海南,本科批,物理,,X332ABF,专业组04,四川农业大学,4ECE,土木工程,,,,,,571,17978,,,,,,571,17978,,,,,,,,,本科,,,,,
8224666,海南,本科批,物理,,X332ABF,专业组04,四川农业大学,52FD,应用化学,,,,,,575,17087,,,,,,575,17087,,,,,,,,,本科,,,,,
8224667,海南,本科批,物理,,X332ABF,专业组04,四川农业大学,7775,中草药栽培与鉴定,,,,,,578,16442,,,,,,578,16442,,,,,,,,,本科,,,,,
8224668,海南,本科批,物理,,X332ABF,专业组04,四川农业大学,C5CB,园艺,,,,,,586,14706,,,,,,586,14706,,,,,,,,,本科,,,,,
8224669,海南,本科批,物理,,X332ABF,专业组04,四川农业大学,5E49,食品科学与工程,,,,,,594,13128,,,,,,594,13128,,,,,,,,,本科,,,,,
8224670,海南,本科批,物理,,X332ABF,专业组04,四川农业大学,67E2,林学,,,,,,595,12898,,,,,,595,12898,,,,,,,,,本科,,,,,
8224671,海南,本科批,物理,,X332ABF,专业组04,四川农业大学,E666,化学生物学,,,,,,597,12551,,,,,,597,12551,,,,,,,,,本科,,,,,
8224672,海南,本科批,物理,,X332ABF,专业组04,四川农业大学,E2E1,生物工程,,,,,,600,12004,,,,,,600,12004,,,,,,,,,本科,,,,,
8224673,海南,本科批,物理,,X332ABF,专业组04,四川农业大学,7A1F,水产养殖学,,,,,,601,11844,,,,,,601,11844,,,,,,,,,本科,,,,,
8224674,海南,本科批,物理,,X332ABF,专业组04,四川农业大学,F6E0,农业机械化及其自动化,,,,,,610,10279,,,,,,610,10279,,,,,,,,,本科,,,,,
8224675,海南,本科批,物理,,X332ABF,专业组04,四川农业大学,548C,信息与计算科学,,,,,,611,10110,,,,,,611,10110,,,,,,,,,本科,,,,,
8224676,海南,本科批,物理,,X332ABF,专业组04,四川农业大学,99EA,动物科学,,,,,,616,9314,,,,,,616,9314,,,,,,,,,本科,,,,,
8224677,海南,本科批,物理,,X332ABF,专业组04,四川农业大学,F89C,生物技术,,,,,,618,9022,,,,,,618,9022,,,,,,,,,本科,,,,,
8224678,海南,本科批,物理,,X332ABF,专业组04,四川农业大学,C325,农学,,,,,,618,9022,,,,,,618,9022,,,,,,,,,本科,,,,,
8224679,海南,本科批,物理,,X332ABF,专业组04,四川农业大学,29F4,物联网工程,,,,,,623,8295,,,,,,623,8295,,,,,,,,,本科,,,,,
8224680,海南,本科批,物理,,X332ABF,专业组04,四川农业大学,3557,能源与动力工程,,,,,,624,8163,,,,,,624,8163,,,,,,,,,本科,,,,,
8224681,海南,本科批,物理,,X332ABF,专业组04,四川农业大学,53B9,食品质量与安全,,,,,,625,8008,,,,,,625,8008,,,,,,,,,本科,,,,,
8224682,海南,本科批,物理,,X332ABF,专业组04,四川农业大学,4718,数据科学与大数据技术,,,,,,634,6830,,,,,,634,6830,,,,,,,,,本科,,,,,
8225428,海南,本科批,物理,,XF42061,专业组01,南通大学,F42B,生物技术（国家专项计划）,国家专项计划,,,,,580,15994,,,,,,580,15994,,,,,,,,,本科,,,,,
8225429,海南,本科批,物理,,XF42061,专业组04,南通大学,B367,交通设备与控制工程,,,,,,599,12200,,,,,,599,12200,,,,,,,,,本科,,,,,
8225430,海南,本科批,物理,,XF42061,专业组02,南通大学,C349,学前教育（师范）,师范,,,,,601,11844,,,,,,601,11844,,,,,,,,,本科,,,,,
8225431,海南,本科批,物理,,XF42061,专业组04,南通大学,BE91,医学检验技术,,,,,,601,11844,,,,,,601,11844,,,,,,,,,本科,,,,,
8225432,海南,本科批,物理,,XF42061,专业组04,南通大学,0C82,物理学（师范）,师范,,,,,602,11656,,,,,,602,11656,,,,,,,,,本科,,,,,
8225433,海南,本科批,物理,,XF42061,专业组04,南通大学,A687,光电信息科学与工程,,,,,,613,9795,,,,,,613,9795,,,,,,,,,本科,,,,,
8225434,海南,本科批,物理,,XF42061,专业组04,南通大学,B9A5,计算机科学与技术,,,,,,614,9643,,,,,,614,9643,,,,,,,,,本科,,,,,
8225435,海南,本科批,物理,,XF42061,专业组03,南通大学,BA85,教育技术学（师范）,师范,,,,,616,9314,,,,,,616,9314,,,,,,,,,本科,,,,,
8225990,海南,本科批,物理,,X75AF0D,专业组03,曲阜师范大学,7288,文化产业管理,,,,,,584,15113,,,,,,584,15113,,,,,,,,,本科,,,,,
8225991,海南,本科批,物理,,X75AF0D,专业组03,曲阜师范大学,CA0F,旅游管理,,,,,,585,14905,,,,,,585,14905,,,,,,,,,本科,,,,,
8225992,海南,本科批,物理,,X75AF0D,专业组03,曲阜师范大学,25DE,国际经济与贸易,,,,,,587,14506,,,,,,587,14506,,,,,,,,,本科,,,,,
8226445,海南,本科批,物理,,X0B3E26,专业组80,河南农业大学,5257,环境科学（中外合作办学）,中外合作办学,,,,,491,39563,,,,,,491,39563,,,,,,,,,本科,,,,,
8226446,海南,本科批,物理,,X0B3E26,专业组03,河南农业大学,7D03,生物科学类（包含专业：生物科学、生物技术；不招色盲、色弱）,包含专业：生物科学、生物技术；不招色盲、色弱,,,,,535,27215,,,,,,535,27215,,,,,,,,,本科,,,,,
8226447,海南,本科批,物理,,X0B3E26,专业组03,河南农业大学,3FF8,植物生产类（园艺类）（包含专业：园艺、设施农业科学与工程、茶学；不招色盲、色弱）,园艺类; 包含专业：园艺、设施农业科学与工程、茶学；不招色盲、色弱,,,,,553,22416,,,,,,553,22416,,,,,,,,,本科,,,,,
8226448,海南,本科批,物理,,X0B3E26,专业组81,河南农业大学,5CC7,烟草,,,,,,581,15788,,,,,,581,15788,,,,,,,,,本科,,,,,
8226449,海南,本科批,物理,,X0B3E26,专业组02,河南农业大学,2F95,建筑类（包含专业：城乡规划、风景园林）,包含专业：城乡规划、风景园林,,,,,585,14905,,,,,,585,14905,,,,,,,,,本科,,,,,
8226450,海南,本科批,物理,,X0B3E26,专业组01,河南农业大学,CA0F,旅游管理,,,,,,585,14905,,,,,,585,14905,,,,,,,,,本科,,,,,
8226451,海南,本科批,物理,,X0B3E26,专业组01,河南农业大学,927B,法学,,,,,,586,14706,,,,,,586,14706,,,,,,,,,本科,,,,,
8227402,海南,本科批,物理,,X218153,专业组01,福建师范大学,47A6,能源动力类（包含专业：新能源科学与工程、储能科学与工程）,包含专业：新能源科学与工程、储能科学与工程,,,,,588,14321,,,,,,588,14321,,,,,,,,,本科,,,,,
8227403,海南,本科批,物理,,X218153,专业组01,福建师范大学,A687,光电信息科学与工程,,,,,,590,13900,,,,,,590,13900,,,,,,,,,本科,,,,,
8227404,海南,本科批,物理,,X218153,专业组01,福建师范大学,7E23,环境工程,,,,,,593,13321,,,,,,593,13321,,,,,,,,,本科,,,,,
8227405,海南,本科批,物理,,X218153,专业组01,福建师范大学,D583,网络空间安全,,,,,,595,12898,,,,,,595,12898,,,,,,,,,本科,,,,,
8227406,海南,本科批,物理,,X218153,专业组01,福建师范大学,3C38,软件工程,,,,,,596,12722,,,,,,596,12722,,,,,,,,,本科,,,,,
8227407,海南,本科批,物理,,X218153,专业组01,福建师范大学,B9A5,计算机科学与技术,,,,,,616,9314,,,,,,616,9314,,,,,,,,,本科,,,,,
8227408,海南,本科批,物理,,X218153,专业组01,福建师范大学,B8DA,数学与应用数学（师范类）,师范类,,,,,645,5610,,,,,,645,5610,,,,,,,,,本科,,,,,
8228075,海南,本科批,物理,,X6EF30C,专业组04,重庆交通大学,924C,智慧交通,,,,,,592,13501,,,,,,592,13501,,,,,,,,,本科,,,,,
8228076,海南,本科批,物理,,X6EF30C,专业组04,重庆交通大学,4D44,给排水科学与工程,,,,,,593,13321,,,,,,593,13321,,,,,,,,,本科,,,,,
8228077,海南,本科批,物理,,X6EF30C,专业组04,重庆交通大学,A2E0,测绘工程,,,,,,593,13321,,,,,,593,13321,,,,,,,,,本科,,,,,
8228078,海南,本科批,物理,,X6EF30C,专业组04,重庆交通大学,4ECE,土木工程,,,,,,593,13321,,,,,,593,13321,,,,,,,,,本科,,,,,
8228079,海南,本科批,物理,,X6EF30C,专业组04,重庆交通大学,2B47,智能建造,,,,,,594,13128,,,,,,594,13128,,,,,,,,,本科,,,,,
8228080,海南,本科批,物理,,X6EF30C,专业组04,重庆交通大学,185C,水利类（包含专业：水利水电工程、港口航道与海岸工程、智慧水利）,包含专业：水利水电工程、港口航道与海岸工程、智慧水利,,,,,598,12377,,,,,,598,12377,,,,,,,,,本科,,,,,
8228081,海南,本科批,物理,,X6EF30C,专业组04,重庆交通大学,52FD,应用化学,,,,,,602,11656,,,,,,602,11656,,,,,,,,,本科,,,,,
8228082,海南,本科批,物理,,X6EF30C,专业组04,重庆交通大学,7A06,飞行器制造工程,,,,,,603,11475,,,,,,603,11475,,,,,,,,,本科,,,,,
8228083,海南,本科批,物理,,X6EF30C,专业组04,重庆交通大学,EED2,机械类（包含专业：机械设计制造及其自动化、材料成）,包含专业：机械设计制造及其自动化、材料成,,,,,606,10952,,,,,,606,10952,,,,,,,,,本科,,,,,
8228084,海南,本科批,物理,,X6EF30C,专业组04,重庆交通大学,4690,交通运输类（包含专业：交通运输、交通工程、交通设备与控制工程型及控制工程、机械电子工程、车辆工程）,包含专业：交通运输、交通工程、交通设备与控制工程型及控制工程、机械电子工程、车辆工程,,,,,608,10596,,,,,,608,10596,,,,,,,,,本科,,,,,
8228085,海南,本科批,物理,,X6EF30C,专业组04,重庆交通大学,E57E,电子信息类（包含专业：电子信息工程、通信工程）,包含专业：电子信息工程、通信工程,,,,,610,10279,,,,,,610,10279,,,,,,,,,本科,,,,,
8228086,海南,本科批,物理,,X6EF30C,专业组04,重庆交通大学,F068,人工智能,,,,,,611,10110,,,,,,611,10110,,,,,,,,,本科,,,,,
8228087,海南,本科批,物理,,X6EF30C,专业组04,重庆交通大学,A5B7,电气工程及其自动化,,,,,,615,9467,,,,,,615,9467,,,,,,,,,本科,,,,,
8228088,海南,本科批,物理,,X6EF30C,专业组03,重庆交通大学,495D,管理科学与工程类（包含专业：工程管理、工程造价）,包含专业：工程管理、工程造价,,,,,620,8717,,,,,,620,8717,,,,,,,,,本科,,,,,
8228089,海南,本科批,物理,,X6EF30C,专业组02,重庆交通大学,92DB,知识产权,,,,,,624,8163,,,,,,624,8163,,,,,,,,,本科,,,,,
8228090,海南,本科批,物理,,X6EF30C,专业组02,重庆交通大学,F906,工商管理类（包含专业：工商管理、会计学、市场营销）,包含专业：工商管理、会计学、市场营销,,,,,625,8008,,,,,,625,8008,,,,,,,,,本科,,,,,
8228091,海南,本科批,物理,,X6EF30C,专业组02,重庆交通大学,22DA,交通管理,,,,,,626,7880,,,,,,626,7880,,,,,,,,,本科,,,,,
8229002,海南,本科批,物理,,XA0555F,专业组02,北京科技大学,AE20,工商管理类（数智管理与经济试验班）（包含专业：工商管理、会计学、国际经济与贸易；入学一年后专业分流）,数智管理与经济试验班; 包含专业：工商管理、会计学、国际经济与贸易；入学一年后专业分流,,,,,696,1913,,,,,,696,1913,,,,,,,,,本科,,,,,
8229003,海南,本科批,物理,,XA0555F,专业组04,北京科技大学,6DC3,机械类（包含专业：机械工程、机器人工程、车辆工程、物流工程、工业设计；入学一年后专业分流）,包含专业：机械工程、机器人工程、车辆工程、物流工程、工业设计；入学一年后专业分流,,,,,699,1777,,,,,,699,1777,,,,,,,,,本科,,,,,
8229004,海南,本科批,物理,,XA0555F,专业组04,北京科技大学,6928,材料科学与工程（入校一年后可分流至材料科学与工程、材料物理、材料化学、无机非金属材料、纳米材料与技术、材料成型及控制工程等专业技术、材料成型及控制工程等专业）,入校一年后可分流至材料科学与工程、材料物理、材料化学、无机非金属材料、纳米材料与技术、材料成型及控制工程等专业技术、材料成型及控制工程等专业,,,,,699,1777,,,,,,699,1777,,,,,,,,,本科,,,,,
8229005,海南,本科批,物理,,XA0555F,专业组04,北京科技大学,402D,自动化类（包含专业：自动化、测控技术与仪器、智能感知工程；入学一年后专业分流）,包含专业：自动化、测控技术与仪器、智能感知工程；入学一年后专业分流,,,,,704,1592,,,,,,704,1592,,,,,,,,,本科,,,,,
8229006,海南,本科批,物理,,XA0555F,专业组04,北京科技大学,D5DF,计算机类（包含专业：计算机科学与技术、信息安全、物联网工程；入学一年后专业分流）,包含专业：计算机科学与技术、信息安全、物联网工程；入学一年后专业分流,,,,,706,1507,,,,,,706,1507,,,,,,,,,本科,,,,,
8229007,海南,本科批,物理,,XA0555F,专业组03,北京科技大学,B5E9,大数据管理与应用（大数据与金融试验班）（入学一年后可分流至信息管理与信息系统、工程管理、大数据管理与应用、金融工程）,大数据与金融试验班; 入学一年后可分流至信息管理与信息系统、工程管理、大数据管理与应用、金融工程,,,,,706,1507,,,,,,706,1507,,,,,,,,,本科,,,,,
8229615,海南,本科批,物理,,XEF35ED,专业组01,中国政法大学,090D,公共事业管理,,,,,,703,1618,,,,,,703,1618,,,,,,,,,本科,,,,,
8229616,海南,本科批,物理,,XEF35ED,专业组01,中国政法大学,AC90,行政管理,,,,,,704,1592,,,,,,704,1592,,,,,,,,,本科,,,,,
8229617,海南,本科批,物理,,XEF35ED,专业组01,中国政法大学,04A0,工商管理,,,,,,704,1592,,,,,,704,1592,,,,,,,,,本科,,,,,
8229618,海南,本科批,物理,,XEF35ED,专业组01,中国政法大学,85B8,英语（法律英语实验班）,法律英语实验班,,,,,715,1207,,,,,,715,1207,,,,,,,,,本科,,,,,
8229619,海南,本科批,物理,,XEF35ED,专业组01,中国政法大学,927B,法学,,,,,,716,1181,,,,,,716,1181,,,,,,,,,本科,,,,,
8229620,海南,本科批,物理,,XEF35ED,专业组01,中国政法大学,4852,应用心理学,,,,,,718,1126,,,,,,718,1126,,,,,,,,,本科,,,,,
8229621,海南,本科批,物理,,XEF35ED,专业组01,中国政法大学,5D72,网络与新媒体,,,,,,737,687,,,,,,737,687,,,,,,,,,本科,,,,,
8230291,海南,本科批,物理,,XBD221F,专业组03,三峡大学,4BF3,护理学,,,,,,553,22416,,,,,,553,22416,,,,,,,,,本科,,,,,
8230292,海南,本科批,物理,,XBD221F,专业组03,三峡大学,557A,港口航道与海岸工程,,,,,,553,22416,,,,,,553,22416,,,,,,,,,本科,,,,,
8230293,海南,本科批,物理,,XBD221F,专业组03,三峡大学,E2E1,生物工程,,,,,,555,21888,,,,,,555,21888,,,,,,,,,本科,,,,,
8230294,海南,本科批,物理,,XBD221F,专业组03,三峡大学,03FE,中医学,,,,,,558,21127,,,,,,558,21127,,,,,,,,,本科,,,,,
8230295,海南,本科批,物理,,XBD221F,专业组03,三峡大学,4ECE,土木工程,,,,,,560,20621,,,,,,560,20621,,,,,,,,,本科,,,,,
8230296,海南,本科批,物理,,XBD221F,专业组03,三峡大学,97D0,临床医学,,,,,,560,20621,,,,,,560,20621,,,,,,,,,本科,,,,,
8230297,海南,本科批,物理,,XBD221F,专业组03,三峡大学,7E23,环境工程,,,,,,565,19373,,,,,,565,19373,,,,,,,,,本科,,,,,
8230298,海南,本科批,物理,,XBD221F,专业组03,三峡大学,B9A5,计算机科学与技术,,,,,,567,18906,,,,,,567,18906,,,,,,,,,本科,,,,,
8230299,海南,本科批,物理,,XBD221F,专业组03,三峡大学,B9E2,智能电网信息工程,,,,,,576,16888,,,,,,576,16888,,,,,,,,,本科,,,,,
8230300,海南,本科批,物理,,XBD221F,专业组03,三峡大学,0541,生物科学,,,,,,580,15994,,,,,,580,15994,,,,,,,,,本科,,,,,
8230301,海南,本科批,物理,,XBD221F,专业组03,三峡大学,4EA7,新能源材料与器件,,,,,,584,15113,,,,,,584,15113,,,,,,,,,本科,,,,,
8230302,海南,本科批,物理,,XBD221F,专业组01,三峡大学,4869,投资学,,,,,,592,13501,,,,,,592,13501,,,,,,,,,本科,,,,,
8230303,海南,本科批,物理,,XBD221F,专业组03,三峡大学,C1B4,水利水电工程,,,,,,592,13501,,,,,,592,13501,,,,,,,,,本科,,,,,
8230304,海南,本科批,物理,,XBD221F,专业组01,三峡大学,4145,英语,,,,,,593,13321,,,,,,593,13321,,,,,,,,,本科,,,,,
8230305,海南,本科批,物理,,XBD221F,专业组01,三峡大学,A5C9,建筑学,,,,,,596,12722,,,,,,596,12722,,,,,,,,,本科,,,,,
8230306,海南,本科批,物理,,XBD221F,专业组03,三峡大学,FC33,核工程与核技术,,,,,,599,12200,,,,,,599,12200,,,,,,,,,本科,,,,,
8230307,海南,本科批,物理,,XBD221F,专业组03,三峡大学,9AC8,电气工程及其自动化（输电线路工程方向）,输电线路工程方向,,,,,612,9934,,,,,,612,9934,,,,,,,,,本科,,,,,
8230308,海南,本科批,物理,,XBD221F,专业组80,三峡大学,8091,电气工程及其自动化（中外合作办学）,中外合作办学,,,,,614,9643,,,,,,614,9643,,,,,,,,,本科,,,,,
8230309,海南,本科批,物理,,XBD221F,专业组02,三峡大学,6F56,工程管理,,,,,,627,7735,,,,,,627,7735,,,,,,,,,本科,,,,,
8230310,海南,本科批,物理,,XBD221F,专业组03,三峡大学,A5B7,电气工程及其自动化,,,,,,646,5489,,,,,,646,5489,,,,,,,,,本科,,,,,
8231431,海南,本科批,物理,,XC50040,专业组02,辽宁大学,68F4,新闻学,,,,,,654,4713,,,,,,654,4713,,,,,,,,,本科,,,,,
8231432,海南,本科批,物理,,XC50040,专业组02,辽宁大学,25DE,国际经济与贸易,,,,,,654,4713,,,,,,654,4713,,,,,,,,,本科,,,,,
8231433,海南,本科批,物理,,XC50040,专业组02,辽宁大学,736E,工商管理类（包含专业：工商管理、市场营销、人力资源管理物理，化学（2门科目考生均须选考方可报）,包含专业：工商管理、市场营销、人力资源管理物理，化学（2门科目考生均须选考方可报,,,,,655,4593,,,,,,655,4593,,,,,,,,,本科,,,,,
8231434,海南,本科批,物理,,XC50040,专业组02,辽宁大学,29CC,档案学,,,,,,657,4421,,,,,,657,4421,,,,,,,,,本科,,,,,
8231435,海南,本科批,物理,,XC50040,专业组02,辽宁大学,5E19,会计学,,,,,,663,3920,,,,,,663,3920,,,,,,,,,本科,,,,,
8232062,海南,本科批,物理,,XC63182,专业组01,南京财经大学,CA0F,旅游管理,,,,,,644,5701,,,,,,644,5701,,,,,,,,,本科,,,,,
8232063,海南,本科批,物理,,XC63182,专业组01,南京财经大学,09EE,市场营销,,,,,,647,5370,,,,,,647,5370,,,,,,,,,本科,,,,,
8232064,海南,本科批,物理,,XC63182,专业组01,南京财经大学,25DE,国际经济与贸易,,,,,,648,5279,,,,,,648,5279,,,,,,,,,本科,,,,,
8232065,海南,本科批,物理,,XC63182,专业组01,南京财经大学,FBFE,物流管理,,,,,,649,5168,,,,,,649,5168,,,,,,,,,本科,,,,,
8232066,海南,本科批,物理,,XC63182,专业组01,南京财经大学,CA9C,财政学类,,,,,,655,4593,,,,,,655,4593,,,,,,,,,本科,,,,,
8232067,海南,本科批,物理,,XC63182,专业组01,南京财经大学,EF7C,工商管理类,,,,,,660,4172,,,,,,660,4172,,,,,,,,,本科,,,,,
8232804,海南,本科批,物理,,X8F6EDC,专业组01,东北电力大学,FC33,核工程与核技术,,,,,,638,6368,,,,,,638,6368,,,,,,,,,本科,,,,,
8232805,海南,本科批,物理,,X8F6EDC,专业组01,东北电力大学,3557,能源与动力工程,,,,,,641,6019,,,,,,641,6019,,,,,,,,,本科,,,,,
8232806,海南,本科批,物理,,X8F6EDC,专业组01,东北电力大学,4C65,自动化,,,,,,645,5610,,,,,,645,5610,,,,,,,,,本科,,,,,
8232807,海南,本科批,物理,,X8F6EDC,专业组01,东北电力大学,A5B7,电气工程及其自动化,,,,,,650,5072,,,,,,650,5072,,,,,,,,,本科,,,,,
8233169,海南,本科批,物理,,X394562,专业组01,河南中医药大学,D9E9,外国语言文学类,,,,,,580,15994,,,,,,580,15994,,,,,,,,,本科,,,,,
8233170,海南,本科批,物理,,X394562,专业组01,河南中医药大学,46AC,公共管理类,,,,,,582,15570,,,,,,582,15570,,,,,,,,,本科,,,,,
8233171,海南,本科批,物理,,X394562,专业组02,河南中医药大学,6246,针灸推拿学,,,,,,589,14092,,,,,,589,14092,,,,,,,,,本科,,,,,
8233172,海南,本科批,物理,,X394562,专业组02,河南中医药大学,5ED3,中西医临床医学,,,,,,604,11285,,,,,,604,11285,,,,,,,,,本科,,,,,
8233605,海南,本科批,物理,,X76F5C4,专业组02,信阳师范大学,52FD,应用化学,,,,,,488,40419,,,,,,488,40419,,,,,,,,,本科,,,,,
8233606,海南,本科批,物理,,X76F5C4,专业组01,信阳师范大学,89F9,学前教育（师范类专业）,师范类专业,,,,,571,17978,,,,,,571,17978,,,,,,,,,本科,,,,,
8233607,海南,本科批,物理,,X76F5C4,专业组01,信阳师范大学,04A0,工商管理,,,,,,582,15570,,,,,,582,15570,,,,,,,,,本科,,,,,
8234198,海南,本科批,物理,,X02DC8B,专业组01,大连交通大学,F620,安全工程,,,,,,575,17087,,,,,,575,17087,,,,,,,,,本科,,,,,
8234199,海南,本科批,物理,,X02DC8B,专业组01,大连交通大学,FEF6,材料成型及控制工程,,,,,,589,14092,,,,,,589,14092,,,,,,,,,本科,,,,,
8234200,海南,本科批,物理,,X02DC8B,专业组01,大连交通大学,D06C,机械工程,,,,,,595,12898,,,,,,595,12898,,,,,,,,,本科,,,,,
8234201,海南,本科批,物理,,X02DC8B,专业组01,大连交通大学,26A7,车辆工程,,,,,,598,12377,,,,,,598,12377,,,,,,,,,本科,,,,,
8235150,海南,本科批,物理,,X22EE14,专业组04,湖南科技大学,25BA,集成电路设计与集成系统,,,,,,551,22908,,,,,,551,22908,,,,,,,,,本科,,,,,
8235151,海南,本科批,物理,,X22EE14,专业组04,湖南科技大学,0294,物理学（师范类）,师范类,,,,,551,22908,,,,,,551,22908,,,,,,,,,本科,,,,,
8235152,海南,本科批,物理,,X22EE14,专业组04,湖南科技大学,A2E0,测绘工程,,,,,,552,22661,,,,,,552,22661,,,,,,,,,本科,,,,,
8235153,海南,本科批,物理,,X22EE14,专业组04,湖南科技大学,A942,材料科学与工程,,,,,,553,22416,,,,,,553,22416,,,,,,,,,本科,,,,,
8235154,海南,本科批,物理,,X22EE14,专业组04,湖南科技大学,4ECE,土木工程,,,,,,553,22416,,,,,,553,22416,,,,,,,,,本科,,,,,
8235155,海南,本科批,物理,,X22EE14,专业组04,湖南科技大学,C096,智能材料与结构,,,,,,555,21888,,,,,,555,21888,,,,,,,,,本科,,,,,
8235156,海南,本科批,物理,,X22EE14,专业组04,湖南科技大学,7BAD,海洋机器人,,,,,,557,21396,,,,,,557,21396,,,,,,,,,本科,,,,,
8235157,海南,本科批,物理,,X22EE14,专业组04,湖南科技大学,2B47,智能建造,,,,,,557,21396,,,,,,557,21396,,,,,,,,,本科,,,,,
8235158,海南,本科批,物理,,X22EE14,专业组04,湖南科技大学,FEF6,材料成型及控制工程,,,,,,557,21396,,,,,,557,21396,,,,,,,,,本科,,,,,
8235159,海南,本科批,物理,,X22EE14,专业组04,湖南科技大学,A687,光电信息科学与工程,,,,,,559,20885,,,,,,559,20885,,,,,,,,,本科,,,,,
8235160,海南,本科批,物理,,X22EE14,专业组04,湖南科技大学,7E23,环境工程,,,,,,561,20364,,,,,,561,20364,,,,,,,,,本科,,,,,
8235161,海南,本科批,物理,,X22EE14,专业组04,湖南科技大学,5AC6,工程力学,,,,,,563,19861,,,,,,563,19861,,,,,,,,,本科,,,,,
8235162,海南,本科批,物理,,X22EE14,专业组04,湖南科技大学,EC95,勘查技术与工程,,,,,,564,19597,,,,,,564,19597,,,,,,,,,本科,,,,,
8235163,海南,本科批,物理,,X22EE14,专业组04,湖南科技大学,4D44,给排水科学与工程,,,,,,566,19137,,,,,,566,19137,,,,,,,,,本科,,,,,
8235164,海南,本科批,物理,,X22EE14,专业组04,湖南科技大学,40CE,制药工程,,,,,,570,18200,,,,,,570,18200,,,,,,,,,本科,,,,,
8235165,海南,本科批,物理,,X22EE14,专业组04,湖南科技大学,6A3A,建筑环境与能源应用工程,,,,,,571,17978,,,,,,571,17978,,,,,,,,,本科,,,,,
8235166,海南,本科批,物理,,X22EE14,专业组04,湖南科技大学,33A1,应急技术与管理,,,,,,574,17335,,,,,,574,17335,,,,,,,,,本科,,,,,
8235167,海南,本科批,物理,,X22EE14,专业组04,湖南科技大学,E2E1,生物工程,,,,,,574,17335,,,,,,574,17335,,,,,,,,,本科,,,,,
8235168,海南,本科批,物理,,X22EE14,专业组04,湖南科技大学,D6ED,化学工程与工艺,,,,,,575,17087,,,,,,575,17087,,,,,,,,,本科,,,,,
8235169,海南,本科批,物理,,X22EE14,专业组04,湖南科技大学,8684,智能制造工程,,,,,,577,16644,,,,,,577,16644,,,,,,,,,本科,,,,,
8236198,海南,本科批,物理,,X601532,专业组81,江西财经大学,D3F0,软件工程（中外合作办学）,中外合作办学,,,,,586,14706,,,,,,586,14706,,,,,,,,,本科,,,,,
8236199,海南,本科批,物理,,X601532,专业组80,江西财经大学,E9F3,数字经济（中外合作办学）,中外合作办学,,,,,605,11138,,,,,,605,11138,,,,,,,,,本科,,,,,
8236200,海南,本科批,物理,,X601532,专业组04,江西财经大学,018C,软件工程（VR软件开发）,VR软件开发,,,,,605,11138,,,,,,605,11138,,,,,,,,,本科,,,,,
8236201,海南,本科批,物理,,X601532,专业组04,江西财经大学,3C38,软件工程,,,,,,607,10761,,,,,,607,10761,,,,,,,,,本科,,,,,
8236202,海南,本科批,物理,,X601532,专业组04,江西财经大学,29F4,物联网工程,,,,,,608,10596,,,,,,608,10596,,,,,,,,,本科,,,,,
8236203,海南,本科批,物理,,X601532,专业组04,江西财经大学,0EF2,虚拟现实技术,,,,,,610,10279,,,,,,610,10279,,,,,,,,,本科,,,,,
8236204,海南,本科批,物理,,X601532,专业组04,江西财经大学,098D,数据科学,,,,,,617,9159,,,,,,617,9159,,,,,,,,,本科,,,,,
8236205,海南,本科批,物理,,X601532,专业组04,江西财经大学,B9A5,计算机科学与技术,,,,,,622,8436,,,,,,622,8436,,,,,,,,,本科,,,,,
8236206,海南,本科批,物理,,X601532,专业组02,江西财经大学,E6CB,社会工作,,,,,,634,6830,,,,,,634,6830,,,,,,,,,本科,,,,,
8236207,海南,本科批,物理,,X601532,专业组02,江西财经大学,5280,市场营销（数字营销）,数字营销,,,,,635,6726,,,,,,635,6726,,,,,,,,,本科,,,,,
8236208,海南,本科批,物理,,X601532,专业组02,江西财经大学,4F15,法学（数据法学）,数据法学,,,,,635,6726,,,,,,635,6726,,,,,,,,,本科,,,,,
8236209,海南,本科批,物理,,X601532,专业组02,江西财经大学,6343,劳动与社会保障（康养金融）,康养金融,,,,,636,6586,,,,,,636,6586,,,,,,,,,本科,,,,,
8236210,海南,本科批,物理,,X601532,专业组02,江西财经大学,4154,电子商务,,,,,,636,6586,,,,,,636,6586,,,,,,,,,本科,,,,,
8236211,海南,本科批,物理,,X601532,专业组02,江西财经大学,C8E6,人力资源管理（数智人力）,数智人力,,,,,637,6498,,,,,,637,6498,,,,,,,,,本科,,,,,
8236212,海南,本科批,物理,,X601532,专业组02,江西财经大学,CF41,旅游管理（数字文旅）,数字文旅,,,,,637,6498,,,,,,637,6498,,,,,,,,,本科,,,,,
8236213,海南,本科批,物理,,X601532,专业组02,江西财经大学,1049,商务英语,,,,,,637,6498,,,,,,637,6498,,,,,,,,,本科,,,,,
8236214,海南,本科批,物理,,X601532,专业组02,江西财经大学,DFDD,市场营销（国际营销）,国际营销,,,,,639,6231,,,,,,639,6231,,,,,,,,,本科,,,,,
8236215,海南,本科批,物理,,X601532,专业组02,江西财经大学,6984,会计学（CIMA方向）,CIMA方向,,,,,639,6231,,,,,,639,6231,,,,,,,,,本科,,,,,
8236216,海南,本科批,物理,,X601532,专业组04,江西财经大学,C0DA,应用统计学,,,,,,642,5905,,,,,,642,5905,,,,,,,,,本科,,,,,
8236217,海南,本科批,物理,,X601532,专业组02,江西财经大学,1E85,金融学（CFA方向）,CFA方向,,,,,643,5793,,,,,,643,5793,,,,,,,,,本科,,,,,
8237016,海南,本科批,物理,,X5FB0C6,专业组02,南京工程学院,26A7,车辆工程,,,,,,610,10279,,,,,,610,10279,,,,,,,,,本科,,,,,
8237017,海南,本科批,物理,,X5FB0C6,专业组02,南京工程学院,93E3,电子信息工程,,,,,,611,10110,,,,,,611,10110,,,,,,,,,本科,,,,,
8237018,海南,本科批,物理,,X5FB0C6,专业组02,南京工程学院,3C38,软件工程,,,,,,613,9795,,,,,,613,9795,,,,,,,,,本科,,,,,
8237019,海南,本科批,物理,,X5FB0C6,专业组02,南京工程学院,B9A5,计算机科学与技术,,,,,,613,9795,,,,,,613,9795,,,,,,,,,本科,,,,,
8237020,海南,本科批,物理,,X5FB0C6,专业组01,南京工程学院,25DE,国际经济与贸易,,,,,,613,9795,,,,,,613,9795,,,,,,,,,本科,,,,,
8237558,海南,本科批,物理,,X5BE74D,专业组81,苏州科技大学,873B,土木工程（中外合作办学）,中外合作办学,,,,,565,19373,,,,,,565,19373,,,,,,,,,本科,,,,,
8237559,海南,本科批,物理,,X5BE74D,专业组80,苏州科技大学,FD54,物流管理（中外合作办学）,中外合作办学,,,,,587,14506,,,,,,587,14506,,,,,,,,,本科,,,,,
8237560,海南,本科批,物理,,X5BE74D,专业组02,苏州科技大学,2B47,智能建造,,,,,,605,11138,,,,,,605,11138,,,,,,,,,本科,,,,,
8237561,海南,本科批,物理,,X5BE74D,专业组02,苏州科技大学,289B,微电子科学与工程,,,,,,606,10952,,,,,,606,10952,,,,,,,,,本科,,,,,
8237562,海南,本科批,物理,,X5BE74D,专业组01,苏州科技大学,CA0F,旅游管理,,,,,,611,10110,,,,,,611,10110,,,,,,,,,本科,,,,,
8237563,海南,本科批,物理,,X5BE74D,专业组01,苏州科技大学,A5C9,建筑学,,,,,,612,9934,,,,,,612,9934,,,,,,,,,本科,,,,,
8237564,海南,本科批,物理,,X5BE74D,专业组01,苏州科技大学,04A0,工商管理,,,,,,614,9643,,,,,,614,9643,,,,,,,,,本科,,,,,
8237565,海南,本科批,物理,,X5BE74D,专业组01,苏州科技大学,CB22,城乡规划,,,,,,615,9467,,,,,,615,9467,,,,,,,,,本科,,,,,
8237566,海南,本科批,物理,,X5BE74D,专业组01,苏州科技大学,FB18,财务管理,,,,,,620,8717,,,,,,620,8717,,,,,,,,,本科,,,,,
8238344,海南,本科批,物理,,XE5921F,专业组08,西南民族大学,4C2A,中药学,,,,,,486,40965,,,,,,486,40965,,,,,,,,,本科,,,,,
8238345,海南,本科批,物理,,XE5921F,专业组08,西南民族大学,D53D,化学类（包含专业：化学、应用化学）,包含专业：化学、应用化学,,,,,494,38727,,,,,,494,38727,,,,,,,,,本科,,,,,
8238346,海南,本科批,物理,,XE5921F,专业组08,西南民族大学,10A0,药学,,,,,,497,37924,,,,,,497,37924,,,,,,,,,本科,,,,,
8238347,海南,本科批,物理,,XE5921F,专业组08,西南民族大学,0325,动物医学,,,,,,500,37077,,,,,,500,37077,,,,,,,,,本科,,,,,
8238348,海南,本科批,物理,,XE5921F,专业组08,西南民族大学,D6ED,化学工程与工艺,,,,,,518,31962,,,,,,518,31962,,,,,,,,,本科,,,,,
8238349,海南,本科批,物理,,XE5921F,专业组08,西南民族大学,2BF4,环境科学与工程类（包含专业：环境工程、环境科学）,包含专业：环境工程、环境科学,,,,,538,26380,,,,,,538,26380,,,,,,,,,本科,,,,,
8238350,海南,本科批,物理,,XE5921F,专业组08,西南民族大学,0FF3,食品科学与工程类（包含专业：食品科学与工程、食品质量与安全）,包含专业：食品科学与工程、食品质量与安全,,,,,544,24716,,,,,,544,24716,,,,,,,,,本科,,,,,
8238351,海南,本科批,物理,,XE5921F,专业组08,西南民族大学,99EA,动物科学,,,,,,545,24505,,,,,,545,24505,,,,,,,,,本科,,,,,
8238352,海南,本科批,物理,,XE5921F,专业组08,西南民族大学,F89C,生物技术,,,,,,553,22416,,,,,,553,22416,,,,,,,,,本科,,,,,
8238353,海南,本科批,物理,,XE5921F,专业组08,西南民族大学,25FE,数学与应用数学,,,,,,560,20621,,,,,,560,20621,,,,,,,,,本科,,,,,
8238354,海南,本科批,物理,,XE5921F,专业组08,西南民族大学,76B9,统计学,,,,,,586,14706,,,,,,586,14706,,,,,,,,,本科,,,,,
8238355,海南,本科批,物理,,XE5921F,专业组08,西南民族大学,F068,人工智能,,,,,,587,14506,,,,,,587,14506,,,,,,,,,本科,,,,,
8238356,海南,本科批,物理,,XE5921F,专业组08,西南民族大学,548C,信息与计算科学,,,,,,590,13900,,,,,,590,13900,,,,,,,,,本科,,,,,
8238357,海南,本科批,物理,,XE5921F,专业组08,西南民族大学,ECA4,通信工程,,,,,,591,13666,,,,,,591,13666,,,,,,,,,本科,,,,,
8238358,海南,本科批,物理,,XE5921F,专业组08,西南民族大学,93E3,电子信息工程,,,,,,596,12722,,,,,,596,12722,,,,,,,,,本科,,,,,
8238359,海南,本科批,物理,,XE5921F,专业组08,西南民族大学,0783,计算机类（包含专业：计算机科学与技术、软件工程、网络工程、物联网工程）,包含专业：计算机科学与技术、软件工程、网络工程、物联网工程,,,,,600,12004,,,,,,600,12004,,,,,,,,,本科,,,,,
8238360,海南,本科批,物理,,XE5921F,专业组08,西南民族大学,4C65,自动化,,,,,,607,10761,,,,,,607,10761,,,,,,,,,本科,,,,,
8238361,海南,本科批,物理,,XE5921F,专业组07,西南民族大学,DFD2,学前教育（师范类）,师范类,,,,,609,10437,,,,,,609,10437,,,,,,,,,本科,,,,,
8238362,海南,本科批,物理,,XE5921F,专业组07,西南民族大学,090D,公共事业管理,,,,,,610,10279,,,,,,610,10279,,,,,,,,,本科,,,,,
8238363,海南,本科批,物理,,XE5921F,专业组07,西南民族大学,A5C9,建筑学,,,,,,610,10279,,,,,,610,10279,,,,,,,,,本科,,,,,
8239236,海南,本科批,物理,,XFE5258,专业组04,西安科技大学,33A1,应急技术与管理,,,,,,594,13128,,,,,,594,13128,,,,,,,,,本科,,,,,
8239237,海南,本科批,物理,,XFE5258,专业组04,西安科技大学,4ECE,土木工程,,,,,,597,12551,,,,,,597,12551,,,,,,,,,本科,,,,,
8239238,海南,本科批,物理,,XFE5258,专业组04,西安科技大学,A2E0,测绘工程,,,,,,597,12551,,,,,,597,12551,,,,,,,,,本科,,,,,
8239239,海南,本科批,物理,,XFE5258,专业组04,西安科技大学,A5D2,测控技术与仪器,,,,,,600,12004,,,,,,600,12004,,,,,,,,,本科,,,,,
8239240,海南,本科批,物理,,XFE5258,专业组02,西安科技大学,CB22,城乡规划,,,,,,604,11285,,,,,,604,11285,,,,,,,,,本科,,,,,
8239241,海南,本科批,物理,,XFE5258,专业组04,西安科技大学,D6ED,化学工程与工艺,,,,,,604,11285,,,,,,604,11285,,,,,,,,,本科,,,,,
8239242,海南,本科批,物理,,XFE5258,专业组04,西安科技大学,F620,安全工程,,,,,,604,11285,,,,,,604,11285,,,,,,,,,本科,,,,,
8239243,海南,本科批,物理,,XFE5258,专业组02,西安科技大学,A5C9,建筑学,,,,,,606,10952,,,,,,606,10952,,,,,,,,,本科,,,,,
8239244,海南,本科批,物理,,XFE5258,专业组04,西安科技大学,78FF,机械设计制造及其自动化,,,,,,607,10761,,,,,,607,10761,,,,,,,,,本科,,,,,
8239245,海南,本科批,物理,,XFE5258,专业组04,西安科技大学,D081,新能源科学与工程,,,,,,611,10110,,,,,,611,10110,,,,,,,,,本科,,,,,
8239246,海南,本科批,物理,,XFE5258,专业组03,西安科技大学,6F56,工程管理,,,,,,611,10110,,,,,,611,10110,,,,,,,,,本科,,,,,
8239247,海南,本科批,物理,,XFE5258,专业组04,西安科技大学,03B1,智能科学与技术,,,,,,615,9467,,,,,,615,9467,,,,,,,,,本科,,,,,
8239248,海南,本科批,物理,,XFE5258,专业组04,西安科技大学,4C65,自动化,,,,,,619,8868,,,,,,619,8868,,,,,,,,,本科,,,,,
8240165,海南,本科批,物理,,X51537B,专业组02,南昌航空大学,4ECE,土木工程,,,,,,586,14706,,,,,,586,14706,,,,,,,,,本科,,,,,
8240166,海南,本科批,物理,,X51537B,专业组02,南昌航空大学,7E23,环境工程,,,,,,586,14706,,,,,,586,14706,,,,,,,,,本科,,,,,
8240167,海南,本科批,物理,,X51537B,专业组02,南昌航空大学,262E,金属材料工程,,,,,,587,14506,,,,,,587,14506,,,,,,,,,本科,,,,,
8240168,海南,本科批,物理,,X51537B,专业组02,南昌航空大学,52FD,应用化学,,,,,,587,14506,,,,,,587,14506,,,,,,,,,本科,,,,,
8240169,海南,本科批,物理,,X51537B,专业组02,南昌航空大学,5B8B,高分子材料与工程,,,,,,588,14321,,,,,,588,14321,,,,,,,,,本科,,,,,
8240170,海南,本科批,物理,,X51537B,专业组02,南昌航空大学,C7AE,交通工程,,,,,,588,14321,,,,,,588,14321,,,,,,,,,本科,,,,,
8240171,海南,本科批,物理,,X51537B,专业组02,南昌航空大学,7D22,材料化学,,,,,,588,14321,,,,,,588,14321,,,,,,,,,本科,,,,,
8240172,海南,本科批,物理,,X51537B,专业组02,南昌航空大学,25FE,数学与应用数学,,,,,,589,14092,,,,,,589,14092,,,,,,,,,本科,,,,,
8240173,海南,本科批,物理,,X51537B,专业组02,南昌航空大学,4D44,给排水科学与工程,,,,,,593,13321,,,,,,593,13321,,,,,,,,,本科,,,,,
8240174,海南,本科批,物理,,X51537B,专业组02,南昌航空大学,5487,电子封装技术,,,,,,593,13321,,,,,,593,13321,,,,,,,,,本科,,,,,
8240175,海南,本科批,物理,,X51537B,专业组02,南昌航空大学,A5D2,测控技术与仪器,,,,,,598,12377,,,,,,598,12377,,,,,,,,,本科,,,,,
8240176,海南,本科批,物理,,X51537B,专业组02,南昌航空大学,B5CD,飞行器动力工程,,,,,,601,11844,,,,,,601,11844,,,,,,,,,本科,,,,,
8240177,海南,本科批,物理,,X51537B,专业组02,南昌航空大学,ECA4,通信工程,,,,,,604,11285,,,,,,604,11285,,,,,,,,,本科,,,,,
8240178,海南,本科批,物理,,X51537B,专业组01,南昌航空大学,04A0,工商管理,,,,,,609,10437,,,,,,609,10437,,,,,,,,,本科,,,,,
8240179,海南,本科批,物理,,X51537B,专业组01,南昌航空大学,4154,电子商务,,,,,,609,10437,,,,,,609,10437,,,,,,,,,本科,,,,,
8240180,海南,本科批,物理,,X51537B,专业组02,南昌航空大学,78FF,机械设计制造及其自动化,,,,,,611,10110,,,,,,611,10110,,,,,,,,,本科,,,,,
8240181,海南,本科批,物理,,X51537B,专业组01,南昌航空大学,6AB9,经济学,,,,,,612,9934,,,,,,612,9934,,,,,,,,,本科,,,,,
8240182,海南,本科批,物理,,X51537B,专业组02,南昌航空大学,A687,光电信息科学与工程,,,,,,613,9795,,,,,,613,9795,,,,,,,,,本科,,,,,
8240183,海南,本科批,物理,,X51537B,专业组02,南昌航空大学,93E3,电子信息工程,,,,,,613,9795,,,,,,613,9795,,,,,,,,,本科,,,,,
8240184,海南,本科批,物理,,X51537B,专业组02,南昌航空大学,4C65,自动化,,,,,,616,9314,,,,,,616,9314,,,,,,,,,本科,,,,,
8240999,海南,本科批,物理,,XBAFD9A,专业组02,桂林理工大学,4ECE,土木工程,,,,,,531,28298,,,,,,531,28298,,,,,,,,,本科,,,,,
8241000,海南,本科批,物理,,XBAFD9A,专业组02,桂林理工大学,0DD8,资源勘查工程,,,,,,533,27726,,,,,,533,27726,,,,,,,,,本科,,,,,
8241001,海南,本科批,物理,,XBAFD9A,专业组02,桂林理工大学,91CE,水文与水资源工程,,,,,,535,27215,,,,,,535,27215,,,,,,,,,本科,,,,,
8241002,海南,本科批,物理,,XBAFD9A,专业组02,桂林理工大学,7112,地下水科学与工程,,,,,,536,26922,,,,,,536,26922,,,,,,,,,本科,,,,,
8241003,海南,本科批,物理,,XBAFD9A,专业组02,桂林理工大学,7E23,环境工程,,,,,,536,26922,,,,,,536,26922,,,,,,,,,本科,,,,,
8241004,海南,本科批,物理,,XBAFD9A,专业组02,桂林理工大学,52FD,应用化学,,,,,,537,26650,,,,,,537,26650,,,,,,,,,本科,,,,,
8241005,海南,本科批,物理,,XBAFD9A,专业组02,桂林理工大学,B89F,化工与制药类（包含专业：化学工程与工艺、能源化学工程）,包含专业：化学工程与工艺、能源化学工程,,,,,538,26380,,,,,,538,26380,,,,,,,,,本科,,,,,
8241006,海南,本科批,物理,,XBAFD9A,专业组02,桂林理工大学,F35E,材料类（包含专业：金属材料工程、冶金工程、高分子材料与工程、无机非金属材料工程、材料科学与工程、宝石及材料工艺学）,包含专业：金属材料工程、冶金工程、高分子材料与工程、无机非金属材料工程、材料科学与工程、宝石及材料工艺学,,,,,538,26380,,,,,,538,26380,,,,,,,,,本科,,,,,
8241007,海南,本科批,物理,,XBAFD9A,专业组80,桂林理工大学,EA4B,机械设计制造及其自动化（中外合作办学）,中外合作办学,,,,,550,23151,,,,,,550,23151,,,,,,,,,本科,,,,,
8241008,海南,本科批,物理,,XBAFD9A,专业组02,桂林理工大学,38C2,地质工程,,,,,,565,19373,,,,,,565,19373,,,,,,,,,本科,,,,,
8241009,海南,本科批,物理,,XBAFD9A,专业组01,桂林理工大学,9D85,酒店管理,,,,,,586,14706,,,,,,586,14706,,,,,,,,,本科,,,,,
8241010,海南,本科批,物理,,XBAFD9A,专业组01,桂林理工大学,4154,电子商务,,,,,,591,13666,,,,,,591,13666,,,,,,,,,本科,,,,,
8241011,海南,本科批,物理,,XBAFD9A,专业组02,桂林理工大学,3AA3,计算机类（包含专业：计算机科学与技术、网络工程、物联网工程、软件工程）,包含专业：计算机科学与技术、网络工程、物联网工程、软件工程,,,,,592,13501,,,,,,592,13501,,,,,,,,,本科,,,,,
8241012,海南,本科批,物理,,XBAFD9A,专业组03,桂林理工大学,FA23,地理信息科学,,,,,,604,11285,,,,,,604,11285,,,,,,,,,本科,,,,,
8241856,海南,本科批,物理,,XC77C51,专业组01,哈尔滨理工大学,262E,金属材料工程,,,,,,582,15570,,,,,,582,15570,,,,,,,,,本科,,,,,
8241857,海南,本科批,物理,,XC77C51,专业组01,哈尔滨理工大学,FEF6,材料成型及控制工程,,,,,,585,14905,,,,,,585,14905,,,,,,,,,本科,,,,,
8241858,海南,本科批,物理,,XC77C51,专业组01,哈尔滨理工大学,4EA7,新能源材料与器件,,,,,,585,14905,,,,,,585,14905,,,,,,,,,本科,,,,,
8241859,海南,本科批,物理,,XC77C51,专业组01,哈尔滨理工大学,5B8B,高分子材料与工程,,,,,,599,12200,,,,,,599,12200,,,,,,,,,本科,,,,,
8241860,海南,本科批,物理,,XC77C51,专业组01,哈尔滨理工大学,A5D2,测控技术与仪器,,,,,,601,11844,,,,,,601,11844,,,,,,,,,本科,,,,,
8241861,海南,本科批,物理,,XC77C51,专业组01,哈尔滨理工大学,B9A5,计算机科学与技术,,,,,,601,11844,,,,,,601,11844,,,,,,,,,本科,,,,,
8241862,海南,本科批,物理,,XC77C51,专业组01,哈尔滨理工大学,A5B7,电气工程及其自动化,,,,,,610,10279,,,,,,610,10279,,,,,,,,,本科,,,,,
8242648,海南,本科批,物理,,X1586F7,专业组03,东北财经大学,0360,管理科学与工程类（包含专业：工程管理、房地产开发与管理；学生大学二年级依据个人意愿、学习成绩、综合表现和学校相关规定在所录取专业类内确定专业）,包含专业：工程管理、房地产开发与管理；学生大学二年级依据个人意愿、学习成绩、综合表现和学校相关规定在所录取专业类内确定专业,,,,,626,7880,,,,,,626,7880,,,,,,,,,本科,,,,,
8242649,海南,本科批,物理,,X1586F7,专业组02,东北财经大学,671C,日语,,,,,,626,7880,,,,,,626,7880,,,,,,,,,本科,,,,,
8242650,海南,本科批,物理,,X1586F7,专业组02,东北财经大学,2234,劳动与社会保障,,,,,,626,7880,,,,,,626,7880,,,,,,,,,本科,,,,,
8242651,海南,本科批,物理,,X1586F7,专业组02,东北财经大学,1049,商务英语,,,,,,626,7880,,,,,,626,7880,,,,,,,,,本科,,,,,
8242652,海南,本科批,物理,,X1586F7,专业组03,东北财经大学,BD59,金融科技,,,,,,628,7623,,,,,,628,7623,,,,,,,,,本科,,,,,
8242653,海南,本科批,物理,,X1586F7,专业组03,东北财经大学,28AD,经济统计学,,,,,,629,7486,,,,,,629,7486,,,,,,,,,本科,,,,,
8242654,海南,本科批,物理,,X1586F7,专业组03,东北财经大学,62BF,大数据管理与应用,,,,,,631,7228,,,,,,631,7228,,,,,,,,,本科,,,,,
8242655,海南,本科批,物理,,X1586F7,专业组02,东北财经大学,CA0F,旅游管理,,,,,,633,6965,,,,,,633,6965,,,,,,,,,本科,,,,,
8242656,海南,本科批,物理,,X1586F7,专业组02,东北财经大学,D093,新闻传播学类（包含专业：新闻学、广告学；学生大学二年级依）,包含专业：新闻学、广告学；学生大学二年级依,,,,,634,6830,,,,,,634,6830,,,,,,,,,本科,,,,,
8242657,海南,本科批,物理,,X1586F7,专业组02,东北财经大学,9F6C,会计学（国际会计方向）,国际会计方向,,,,,639,6231,,,,,,639,6231,,,,,,,,,本科,,,,,
8242658,海南,本科批,物理,,X1586F7,专业组02,东北财经大学,EF82,金融学类（包含专业：金融学、投资学；学生大学二年级依）,包含专业：金融学、投资学；学生大学二年级依,,,,,646,5489,,,,,,646,5489,,,,,,,,,本科,,,,,
8243320,海南,本科批,物理,,XEE96A5,专业组02,浙江理工大学,2976,生物科学类（包含专业：生物技术、生物制药）,包含专业：生物技术、生物制药,,,,,629,7486,,,,,,629,7486,,,,,,,,,本科,,,,,
8243321,海南,本科批,物理,,XEE96A5,专业组02,浙江理工大学,C41E,机械类（包含专业：机械设计制造及其自动化、机械电子工程、智能制造工程）,包含专业：机械设计制造及其自动化、机械电子工程、智能制造工程,,,,,631,7228,,,,,,631,7228,,,,,,,,,本科,,,,,
8243322,海南,本科批,物理,,XEE96A5,专业组02,浙江理工大学,F747,材料类（包含专业：材料科学与工程、高分子材料与工程）,包含专业：材料科学与工程、高分子材料与工程,,,,,631,7228,,,,,,631,7228,,,,,,,,,本科,,,,,
8243323,海南,本科批,物理,,XEE96A5,专业组02,浙江理工大学,B647,计算机类（包含专业：计算机科学与技术、软件工程、智能科学与技术）,包含专业：计算机科学与技术、软件工程、智能科学与技术,,,,,635,6726,,,,,,635,6726,,,,,,,,,本科,,,,,
8243324,海南,本科批,物理,,XEE96A5,专业组01,浙江理工大学,5648,经济与贸易类（包含专业：经济学、金融学、国际经济与贸易）,包含专业：经济学、金融学、国际经济与贸易,,,,,642,5905,,,,,,642,5905,,,,,,,,,本科,,,,,
8243325,海南,本科批,物理,,XEE96A5,专业组01,浙江理工大学,94A8,工商管理类（包含专业：工商管理、会计学、人力资源管理）,包含专业：工商管理、会计学、人力资源管理,,,,,645,5610,,,,,,645,5610,,,,,,,,,本科,,,,,
8245225,海南,本科批,物理,,X0A953D,专业组80,山东建筑大学,873B,土木工程（中外合作办学）,中外合作办学,,,,,497,37924,,,,,,497,37924,,,,,,,,,本科,,,,,
8245226,海南,本科批,物理,,X0A953D,专业组02,山东建筑大学,6A3A,建筑环境与能源应用工程,,,,,,515,32818,,,,,,515,32818,,,,,,,,,本科,,,,,
8245227,海南,本科批,物理,,X0A953D,专业组02,山东建筑大学,26A7,车辆工程,,,,,,520,31393,,,,,,520,31393,,,,,,,,,本科,,,,,
8245228,海南,本科批,物理,,X0A953D,专业组02,山东建筑大学,A687,光电信息科学与工程,,,,,,525,29966,,,,,,525,29966,,,,,,,,,本科,,,,,
8245229,海南,本科批,物理,,X0A953D,专业组02,山东建筑大学,29F4,物联网工程,,,,,,527,29380,,,,,,527,29380,,,,,,,,,本科,,,,,
8245230,海南,本科批,物理,,X0A953D,专业组02,山东建筑大学,7E23,环境工程,,,,,,531,28298,,,,,,531,28298,,,,,,,,,本科,,,,,
8245231,海南,本科批,物理,,X0A953D,专业组02,山东建筑大学,D06C,机械工程,,,,,,554,22142,,,,,,554,22142,,,,,,,,,本科,,,,,
8245232,海南,本科批,物理,,X0A953D,专业组02,山东建筑大学,548C,信息与计算科学,,,,,,580,15994,,,,,,580,15994,,,,,,,,,本科,,,,,
8245233,海南,本科批,物理,,X0A953D,专业组01,山东建筑大学,09EE,市场营销,,,,,,596,12722,,,,,,596,12722,,,,,,,,,本科,,,,,
8245234,海南,本科批,物理,,X0A953D,专业组01,山东建筑大学,A9F4,德语,,,,,,597,12551,,,,,,597,12551,,,,,,,,,本科,,,,,
8245235,海南,本科批,物理,,X0A953D,专业组01,山东建筑大学,FB18,财务管理,,,,,,598,12377,,,,,,598,12377,,,,,,,,,本科,,,,,
8245236,海南,本科批,物理,,X0A953D,专业组01,山东建筑大学,04A0,工商管理,,,,,,598,12377,,,,,,598,12377,,,,,,,,,本科,,,,,
8245237,海南,本科批,物理,,X0A953D,专业组01,山东建筑大学,5E19,会计学,,,,,,599,12200,,,,,,599,12200,,,,,,,,,本科,,,,,
8245238,海南,本科批,物理,,X0A953D,专业组01,山东建筑大学,927B,法学,,,,,,606,10952,,,,,,606,10952,,,,,,,,,本科,,,,,
8245955,海南,本科批,物理,,X5BB582,专业组03,大连大学,210A,物理学（师范类）（师范类专业）,师范类; 师范类专业,,,,,485,41238,,,,,,485,41238,,,,,,,,,本科,,,,,
8245956,海南,本科批,物理,,X5BB582,专业组03,大连大学,4ECE,土木工程,,,,,,485,41238,,,,,,485,41238,,,,,,,,,本科,,,,,
8245957,海南,本科批,物理,,X5BB582,专业组03,大连大学,FEF6,材料成型及控制工程,,,,,,488,40419,,,,,,488,40419,,,,,,,,,本科,,,,,
8245958,海南,本科批,物理,,X5BB582,专业组03,大连大学,BE91,医学检验技术,,,,,,502,36510,,,,,,502,36510,,,,,,,,,本科,,,,,
8245959,海南,本科批,物理,,X5BB582,专业组03,大连大学,5DA6,口腔医学,,,,,,536,26922,,,,,,536,26922,,,,,,,,,本科,,,,,
8245960,海南,本科批,物理,,X5BB582,专业组03,大连大学,78FF,机械设计制造及其自动化,,,,,,538,26380,,,,,,538,26380,,,,,,,,,本科,,,,,
8245961,海南,本科批,物理,,X5BB582,专业组80,大连大学,5772,旅游管理（中外合作办学）（只招填报中外合作办学类专业志愿的考生）,中外合作办学; 只招填报中外合作办学类专业志愿的考生,,,,,558,21127,,,,,,558,21127,,,,,,,,,本科,,,,,
8245962,海南,本科批,物理,,X5BB582,专业组80,大连大学,B46B,会计学（中外合作办学）（只招填报中外合作办学类专业志愿的考生）,中外合作办学; 只招填报中外合作办学类专业志愿的考生,,,,,571,17978,,,,,,571,17978,,,,,,,,,本科,,,,,
8245963,海南,本科批,物理,,X5BB582,专业组02,大连大学,6F56,工程管理,,,,,,582,15570,,,,,,582,15570,,,,,,,,,本科,,,,,
8245964,海南,本科批,物理,,X5BB582,专业组02,大连大学,A5C9,建筑学,,,,,,584,15113,,,,,,584,15113,,,,,,,,,本科,,,,,
8245965,海南,本科批,物理,,X5BB582,专业组01,大连大学,CA0F,旅游管理,,,,,,592,13501,,,,,,592,13501,,,,,,,,,本科,,,,,
8245966,海南,本科批,物理,,X5BB582,专业组01,大连大学,09EE,市场营销,,,,,,594,13128,,,,,,594,13128,,,,,,,,,本科,,,,,
8245967,海南,本科批,物理,,X5BB582,专业组01,大连大学,8B36,翻译,,,,,,595,12898,,,,,,595,12898,,,,,,,,,本科,,,,,
8245968,海南,本科批,物理,,X5BB582,专业组01,大连大学,25DE,国际经济与贸易,,,,,,596,12722,,,,,,596,12722,,,,,,,,,本科,,,,,
8245969,海南,本科批,物理,,X5BB582,专业组01,大连大学,A615,汉语国际教育,,,,,,597,12551,,,,,,597,12551,,,,,,,,,本科,,,,,
8245970,海南,本科批,物理,,X5BB582,专业组01,大连大学,B3AD,小学教育（师范类）（师范类专业）,师范类; 师范类专业,,,,,600,12004,,,,,,600,12004,,,,,,,,,本科,,,,,
8245971,海南,本科批,物理,,X5BB582,专业组01,大连大学,4873,历史学,,,,,,603,11475,,,,,,603,11475,,,,,,,,,本科,,,,,
8245972,海南,本科批,物理,,X5BB582,专业组01,大连大学,5E19,会计学,,,,,,607,10761,,,,,,607,10761,,,,,,,,,本科,,,,,
8245973,海南,本科批,物理,,X5BB582,专业组01,大连大学,D243,汉语言文学,,,,,,614,9643,,,,,,614,9643,,,,,,,,,本科,,,,,
8246670,海南,本科批,物理,,XBAC107,专业组01,中国药科大学,F527,化工与制药类（包含专业：制药工程、食品营养与健康、环境科学；不招色盲、色弱）,包含专业：制药工程、食品营养与健康、环境科学；不招色盲、色弱,,,,,675,3055,,,,,,675,3055,,,,,,,,,本科,,,,,
8246671,海南,本科批,物理,,XBAC107,专业组01,中国药科大学,1F95,海洋药学（不招色盲、色弱）,不招色盲、色弱,,,,,676,3001,,,,,,676,3001,,,,,,,,,本科,,,,,
8246672,海南,本科批,物理,,XBAC107,专业组01,中国药科大学,610D,生物统计学（不招色盲、色弱）,不招色盲、色弱,,,,,676,3001,,,,,,676,3001,,,,,,,,,本科,,,,,
8246673,海南,本科批,物理,,XBAC107,专业组01,中国药科大学,F59F,生物医药数据科学（包含专业：制药工程、食品营养与健康、环境科学；不招色盲、色弱）,包含专业：制药工程、食品营养与健康、环境科学；不招色盲、色弱,,,,,681,2691,,,,,,681,2691,,,,,,,,,本科,,,,,
8246674,海南,本科批,物理,,XBAC107,专业组01,中国药科大学,F295,生物制药（不招色盲、色弱）,不招色盲、色弱,,,,,684,2517,,,,,,684,2517,,,,,,,,,本科,,,,,
8246675,海南,本科批,物理,,XBAC107,专业组01,中国药科大学,2548,中药学类（包含专业：中药学、中药资源与开发、中药制药；不招色盲、色弱）,包含专业：中药学、中药资源与开发、中药制药；不招色盲、色弱,,,,,685,2464,,,,,,685,2464,,,,,,,,,本科,,,,,
8246676,海南,本科批,物理,,XBAC107,专业组01,中国药科大学,B364,临床药学（不招色盲、色弱）,不招色盲、色弱,,,,,691,2145,,,,,,691,2145,,,,,,,,,本科,,,,,
8246677,海南,本科批,物理,,XBAC107,专业组01,中国药科大学,EC44,药学类（包含专业：药学、药物制剂、药物分析、药物化学；不招色盲、色弱）,包含专业：药学、药物制剂、药物分析、药物化学；不招色盲、色弱,,,,,694,2000,,,,,,694,2000,,,,,,,,,本科,,,,,
8246678,海南,本科批,物理,,XBAC107,专业组01,中国药科大学,0596,生物制药（拔尖创新班（不招色盲、色弱）,拔尖创新班（不招色盲、色弱,,,,,708,1442,,,,,,708,1442,,,,,,,,,本科,,,,,
8246679,海南,本科批,物理,,XBAC107,专业组01,中国药科大学,0D74,药学（拔尖创新班）（不招色盲、色弱）,拔尖创新班; 不招色盲、色弱,,,,,716,1181,,,,,,716,1181,,,,,,,,,本科,,,,,
8247295,海南,本科批,物理,,X4FA810,专业组02,华东政法大学,F766,经济学类（包含专业:经济学、金融学、国际经济与贸易、会计学、金融学（数量金融）,包含专业:经济学、金融学、国际经济与贸易、会计学、金融学（数量金融,,,,,696,1913,,,,,,696,1913,,,,,,,,,本科,,,,,
8247296,海南,本科批,物理,,X4FA810,专业组02,华东政法大学,1D21,社会学类（包含专业：社会学、社会工作、社会政策）,包含专业：社会学、社会工作、社会政策,,,,,697,1864,,,,,,697,1864,,,,,,,,,本科,,,,,
8247297,海南,本科批,物理,,X4FA810,专业组02,华东政法大学,5D72,网络与新媒体,,,,,,699,1777,,,,,,699,1777,,,,,,,,,本科,,,,,
8247298,海南,本科批,物理,,X4FA810,专业组02,华东政法大学,E949,法学（国际经济法）,国际经济法,,,,,706,1507,,,,,,706,1507,,,,,,,,,本科,,,,,
8247299,海南,本科批,物理,,X4FA810,专业组02,华东政法大学,A906,法学（经济法）,经济法,,,,,713,1271,,,,,,713,1271,,,,,,,,,本科,,,,,
8247300,海南,本科批,物理,,X4FA810,专业组02,华东政法大学,96DE,法学（国际金融法）,国际金融法,,,,,716,1181,,,,,,716,1181,,,,,,,,,本科,,,,,
8247301,海南,本科批,物理,,X4FA810,专业组02,华东政法大学,FE95,法学（刑事法律）,刑事法律,,,,,716,1181,,,,,,716,1181,,,,,,,,,本科,,,,,
8247302,海南,本科批,物理,,X4FA810,专业组02,华东政法大学,B570,法学（民商法律）,民商法律,,,,,729,840,,,,,,729,840,,,,,,,,,本科,,,,,
8248039,海南,本科批,物理,,XE2F623,专业组03,天津财经大学,1B86,金融数学,,,,,,622,8436,,,,,,622,8436,,,,,,,,,本科,,,,,
8248040,海南,本科批,物理,,XE2F623,专业组03,天津财经大学,E2CC,经济统计学（杨曾武班）,杨曾武班,,,,,622,8436,,,,,,622,8436,,,,,,,,,本科,,,,,
8248041,海南,本科批,物理,,XE2F623,专业组03,天津财经大学,8945,管理科学与工程类（包含专业：管理科学、信息管理与信息系统、工程管理）,包含专业：管理科学、信息管理与信息系统、工程管理,,,,,623,8295,,,,,,623,8295,,,,,,,,,本科,,,,,
8248042,海南,本科批,物理,,XE2F623,专业组03,天津财经大学,1C92,数字经济,,,,,,627,7735,,,,,,627,7735,,,,,,,,,本科,,,,,
8248043,海南,本科批,物理,,XE2F623,专业组02,天津财经大学,5634,旅游管理类（包含专业：旅游管理、会展经济与管理）,包含专业：旅游管理、会展经济与管理,,,,,630,7329,,,,,,630,7329,,,,,,,,,本科,,,,,
8248044,海南,本科批,物理,,XE2F623,专业组02,天津财经大学,DB75,广播电视学,,,,,,631,7228,,,,,,631,7228,,,,,,,,,本科,,,,,
8248045,海南,本科批,物理,,XE2F623,专业组02,天津财经大学,1F07,公共管理类（包含专业：行政管理、劳动与社会保障）,包含专业：行政管理、劳动与社会保障,,,,,632,7099,,,,,,632,7099,,,,,,,,,本科,,,,,
8248046,海南,本科批,物理,,XE2F623,专业组02,天津财经大学,3E25,国际商务,,,,,,633,6965,,,,,,633,6965,,,,,,,,,本科,,,,,
8248047,海南,本科批,物理,,XE2F623,专业组02,天津财经大学,411A,金融学类（包含专业：金融学、保险学、投资学、信用管理）,包含专业：金融学、保险学、投资学、信用管理,,,,,635,6726,,,,,,635,6726,,,,,,,,,本科,,,,,
8248048,海南,本科批,物理,,XE2F623,专业组02,天津财经大学,CECC,工商管理类（包含专业：工商管理、市场营销、人力资源管理）,包含专业：工商管理、市场营销、人力资源管理,,,,,637,6498,,,,,,637,6498,,,,,,,,,本科,,,,,
8248049,海南,本科批,物理,,XE2F623,专业组04,天津财经大学,B9A5,计算机科学与技术,,,,,,638,6368,,,,,,638,6368,,,,,,,,,本科,,,,,
8248050,海南,本科批,物理,,XE2F623,专业组02,天津财经大学,927B,法学,,,,,,645,5610,,,,,,645,5610,,,,,,,,,本科,,,,,
8248051,海南,本科批,物理,,XE2F623,专业组02,天津财经大学,FB18,财务管理,,,,,,648,5279,,,,,,648,5279,,,,,,,,,本科,,,,,
8248052,海南,本科批,物理,,XE2F623,专业组02,天津财经大学,9BE1,会计学（注册会计师）,注册会计师,,,,,663,3920,,,,,,663,3920,,,,,,,,,本科,,,,,
8248796,海南,本科批,物理,,X8B0794,专业组81,延边大学,C3D6,食品科学与工程（中外合作办学）（与韩国全北大学合作办学；只招有专业志愿考生）,中外合作办学; 与韩国全北大学合作办学；只招有专业志愿考生,,,,,543,24997,,,,,,543,24997,,,,,,,,,本科,,,,,
8248797,海南,本科批,物理,,X8B0794,专业组81,延边大学,F735,通信工程（中外合作办学）（与韩国湖西大学合作办学；只招有专业志愿考生）,中外合作办学; 与韩国湖西大学合作办学；只招有专业志愿考生,,,,,555,21888,,,,,,555,21888,,,,,,,,,本科,,,,,
8248798,海南,本科批,物理,,X8B0794,专业组02,延边大学,1F24,药学类（包含专业：药学、药物制剂；第三学期末分流）,包含专业：药学、药物制剂；第三学期末分流,,,,,568,18658,,,,,,568,18658,,,,,,,,,本科,,,,,
8248799,海南,本科批,物理,,X8B0794,专业组02,延边大学,EEB6,物理学（含师范、非师范；第一学年末分流）,含师范、非师范；第一学年末分流,,,,,572,17764,,,,,,572,17764,,,,,,,,,本科,,,,,
8248800,海南,本科批,物理,,X8B0794,专业组02,延边大学,A7C9,化学类（包含专业：化学、应用化学；第一学年末分流；化学专业为师范）,包含专业：化学、应用化学；第一学年末分流；化学专业为师范,,,,,577,16644,,,,,,577,16644,,,,,,,,,本科,,,,,
8248801,海南,本科批,物理,,X8B0794,专业组02,延边大学,A5C6,麻醉学,,,,,,577,16644,,,,,,577,16644,,,,,,,,,本科,,,,,
8248802,海南,本科批,物理,,X8B0794,专业组02,延边大学,4ECE,土木工程,,,,,,580,15994,,,,,,580,15994,,,,,,,,,本科,,,,,
8248803,海南,本科批,物理,,X8B0794,专业组80,延边大学,E27D,经济学（中外合作办学）（与韩国崇实大学合作办学，培养金融学方向专业人才；只招有专业志愿考生；在珲春校区办学）,中外合作办学; 与韩国崇实大学合作办学，培养金融学方向专业人才；只招有专业志愿考生；在珲春校区办学,,,,,585,14905,,,,,,585,14905,,,,,,,,,本科,,,,,
8248804,海南,本科批,物理,,X8B0794,专业组02,延边大学,78FF,机械设计制造及其自动化,,,,,,588,14321,,,,,,588,14321,,,,,,,,,本科,,,,,
8248805,海南,本科批,物理,,X8B0794,专业组02,延边大学,93E3,电子信息工程,,,,,,590,13900,,,,,,590,13900,,,,,,,,,本科,,,,,
8248806,海南,本科批,物理,,X8B0794,专业组02,延边大学,ECA4,通信工程,,,,,,592,13501,,,,,,592,13501,,,,,,,,,本科,,,,,
8248807,海南,本科批,物理,,X8B0794,专业组02,延边大学,B9A5,计算机科学与技术,,,,,,599,12200,,,,,,599,12200,,,,,,,,,本科,,,,,
8248808,海南,本科批,物理,,X8B0794,专业组02,延边大学,97D0,临床医学,,,,,,614,9643,,,,,,614,9643,,,,,,,,,本科,,,,,
8248809,海南,本科批,物理,,X8B0794,专业组04,延边大学,0634,地理科学类（包含专业：地理科学、地理信息科学；第一学年末分流；地理科学专业为师范；在珲春校区办学）,包含专业：地理科学、地理信息科学；第一学年末分流；地理科学专业为师范；在珲春校区办学,,,,,620,8717,,,,,,620,8717,,,,,,,,,本科,,,,,
8248810,海南,本科批,物理,,X8B0794,专业组01,延边大学,B1B9,日语（零起点）,零起点,,,,,621,8571,,,,,,621,8571,,,,,,,,,本科,,,,,
8248811,海南,本科批,物理,,X8B0794,专业组01,延边大学,1FCD,旅游管理（在珲春校区办学）,在珲春校区办学,,,,,623,8295,,,,,,623,8295,,,,,,,,,本科,,,,,
8248812,海南,本科批,物理,,X8B0794,专业组03,延边大学,03FE,中医学,,,,,,625,8008,,,,,,625,8008,,,,,,,,,本科,,,,,
8248813,海南,本科批,物理,,X8B0794,专业组01,延边大学,BDDE,朝鲜语（招汉语答卷非朝鲜族考生）,招汉语答卷非朝鲜族考生,,,,,626,7880,,,,,,626,7880,,,,,,,,,本科,,,,,
8248814,海南,本科批,物理,,X8B0794,专业组01,延边大学,844E,经济学类（包含专业：经济学、国际经济与贸易；第一学年末分流；在珲春校区办学）,包含专业：经济学、国际经济与贸易；第一学年末分流；在珲春校区办学,,,,,629,7486,,,,,,629,7486,,,,,,,,,本科,,,,,
8248815,海南,本科批,物理,,X8B0794,专业组01,延边大学,6CBE,中国语言文学类（包含专业：汉语国际教育、汉语言、汉语言文学；第一学年末分流；含师范、非师范108170）,包含专业：汉语国际教育、汉语言、汉语言文学；第一学年末分流；含师范、非师范108170,,,,,645,5610,,,,,,645,5610,,,,,,,,,本科,,,,,
8249514,海南,本科批,物理,,X4F2BF2,专业组01,南方医科大学,CFEA,基础医学（不招色盲、色弱；大一、大二在顺德校区进行）,不招色盲、色弱；大一、大二在顺德校区进行,,,,,664,3845,,,,,,664,3845,,,,,,,,,本科,,,,,
8249515,海南,本科批,物理,,X4F2BF2,专业组01,南方医科大学,9976,儿科学（不招色盲、色弱；大一、大二在顺德校区进行书院制培养，大三起在所属学院学习）,不招色盲、色弱；大一、大二在顺德校区进行书院制培养，大三起在所属学院学习,,,,,666,3691,,,,,,666,3691,,,,,,,,,本科,,,,,
8249516,海南,本科批,物理,,X4F2BF2,专业组01,南方医科大学,090A,康复治疗学（不招色盲、色弱）,不招色盲、色弱,,,,,670,3396,,,,,,670,3396,,,,,,,,,本科,,,,,
8249517,海南,本科批,物理,,X4F2BF2,专业组01,南方医科大学,20DB,医学检验技术（不招色盲、色弱；大一、大二在顺德校区进行书院制培养，大三起在所属学院学习）,不招色盲、色弱；大一、大二在顺德校区进行书院制培养，大三起在所属学院学习,,,,,676,3001,,,,,,676,3001,,,,,,,,,本科,,,,,
8249518,海南,本科批,物理,,X4F2BF2,专业组01,南方医科大学,189A,药学（不招色盲、色弱；大一、大二在顺德校区进行书院制培养，大三起在所属学院学习）,不招色盲、色弱；大一、大二在顺德校区进行书院制培养，大三起在所属学院学习,,,,,682,2624,,,,,,682,2624,,,,,,,,,本科,,,,,
8249519,海南,本科批,物理,,X4F2BF2,专业组01,南方医科大学,E3A1,中西医临床医学（不招色盲、色弱；大一、大二在顺德校区进行书院制培养，大三起在所属学院学习）,不招色盲、色弱；大一、大二在顺德校区进行书院制培养，大三起在所属学院学习,,,,,682,2624,,,,,,682,2624,,,,,,,,,本科,,,,,
8249520,海南,本科批,物理,,X4F2BF2,专业组01,南方医科大学,0AF0,法医学（不招色盲、色弱；大一、大二在顺德校区进行书院制培养，大三起在所属学院学习）,不招色盲、色弱；大一、大二在顺德校区进行书院制培养，大三起在所属学院学习,,,,,694,2000,,,,,,694,2000,,,,,,,,,本科,,,,,
8249521,海南,本科批,物理,,X4F2BF2,专业组01,南方医科大学,ABFE,医学影像学（不招色盲、色弱；大一、大二在顺德校区进行）,不招色盲、色弱；大一、大二在顺德校区进行,,,,,696,1913,,,,,,696,1913,,,,,,,,,本科,,,,,
8249522,海南,本科批,物理,,X4F2BF2,专业组01,南方医科大学,5893,口腔医学（不招色盲、色弱；大一、大二在顺德校区进行书院制培养，大三起在所属学院学习）,不招色盲、色弱；大一、大二在顺德校区进行书院制培养，大三起在所属学院学习,,,,,704,1592,,,,,,704,1592,,,,,,,,,本科,,,,,
8249523,海南,本科批,物理,,X4F2BF2,专业组01,南方医科大学,E17C,临床医学（不招色盲、色弱；大一、大二在顺德校区进行书院制培养，大三起在所属学院学习）,不招色盲、色弱；大一、大二在顺德校区进行书院制培养，大三起在所属学院学习,,,,,720,1067,,,,,,720,1067,,,,,,,,,本科,,,,,
8249524,海南,本科批,物理,,X4F2BF2,专业组01,南方医科大学,F6A6,中西医临床医学（创新班）（不招色盲、色弱；大一、大二在顺德校区进行书院制培养，大三起在所属学院学习）,创新班; 不招色盲、色弱；大一、大二在顺德校区进行书院制培养，大三起在所属学院学习,,,,,739,649,,,,,,739,649,,,,,,,,,本科,,,,,
8249525,海南,本科批,物理,,X4F2BF2,专业组01,南方医科大学,9AB7,临床医学（本博连读八年制）（不招色盲、色弱；大一、大二在顺德校区进行书院制培养，大三起在所属学院学习）,本博连读八年制; 不招色盲、色弱；大一、大二在顺德校区进行书院制培养，大三起在所属学院学习,,,,,746,536,,,,,,746,536,,,,,,,,,本科,,,,,
8250159,海南,本科批,物理,,XFFCDB8,专业组02,浙江工业大学,73CD,土木类（包含专业：土木工程、给排水科学与工程）,包含专业：土木工程、给排水科学与工程,,,,,635,6726,,,,,,635,6726,,,,,,,,,本科,,,,,
8250160,海南,本科批,物理,,XFFCDB8,专业组02,浙江工业大学,84B3,化工与制药类（化学工程类）（包含专业：化学工程与工艺、能源化学工程、应用化学；第一学年在朝晖校区就读，第二学年起在莫干山校区就读）,化学工程类; 包含专业：化学工程与工艺、能源化学工程、应用化学；第一学年在朝晖校区就读，第二学年起在莫干山校区就读,,,,,639,6231,,,,,,639,6231,,,,,,,,,本科,,,,,
8250161,海南,本科批,物理,,XFFCDB8,专业组02,浙江工业大学,067E,电子信息类（包含专业：智能科学与技术、通信工程）,包含专业：智能科学与技术、通信工程,,,,,645,5610,,,,,,645,5610,,,,,,,,,本科,,,,,
8250162,海南,本科批,物理,,XFFCDB8,专业组01,浙江工业大学,D7D8,管理科学与工程类（包含专业：信息管理与信息系统、工程管理）,包含专业：信息管理与信息系统、工程管理,,,,,649,5168,,,,,,649,5168,,,,,,,,,本科,,,,,
8251354,海南,本科批,物理,,X903385,专业组02,上海海事大学,0E6B,管理科学,,,,,,630,7329,,,,,,630,7329,,,,,,,,,本科,,,,,
8251355,海南,本科批,物理,,X903385,专业组02,上海海事大学,F068,人工智能,,,,,,632,7099,,,,,,632,7099,,,,,,,,,本科,,,,,
8251356,海南,本科批,物理,,X903385,专业组02,上海海事大学,6995,网络工程,,,,,,633,6965,,,,,,633,6965,,,,,,,,,本科,,,,,
8251357,海南,本科批,物理,,X903385,专业组02,上海海事大学,62BF,大数据管理与应用,,,,,,633,6965,,,,,,633,6965,,,,,,,,,本科,,,,,
8251358,海南,本科批,物理,,X903385,专业组02,上海海事大学,93E3,电子信息工程,,,,,,634,6830,,,,,,634,6830,,,,,,,,,本科,,,,,
8251359,海南,本科批,物理,,X903385,专业组02,上海海事大学,ECA4,通信工程,,,,,,638,6368,,,,,,638,6368,,,,,,,,,本科,,,,,
8251360,海南,本科批,物理,,X903385,专业组02,上海海事大学,B9A5,计算机科学与技术,,,,,,654,4713,,,,,,654,4713,,,,,,,,,本科,,,,,
8251361,海南,本科批,物理,,X903385,专业组01,上海海事大学,EA4D,经济学类（包含专业：经济学（海运与物流经济）、金融学（海运金融）,包含专业：经济学（海运与物流经济; 海运金融,,,,,659,4256,,,,,,659,4256,,,,,,,,,本科,,,,,
8251362,海南,本科批,物理,,X903385,专业组01,上海海事大学,EE59,交通管理（国航）,国航,,,,,670,3396,,,,,,670,3396,,,,,,,,,本科,,,,,
8251363,海南,本科批,物理,,X903385,专业组01,上海海事大学,0BD7,法学（海商法）,海商法,,,,,672,3261,,,,,,672,3261,,,,,,,,,本科,,,,,
8251675,海南,本科批,物理,,X8EC9CC,专业组01,河南医药大学,7BEF,法医学,,,,,,480,42524,,,,,,480,42524,,,,,,,,,本科,,,,,
8251676,海南,本科批,物理,,X8EC9CC,专业组01,河南医药大学,57E6,医学影像学,,,,,,484,41507,,,,,,484,41507,,,,,,,,,本科,,,,,
8251677,海南,本科批,物理,,X8EC9CC,专业组01,河南医药大学,97D0,临床医学,,,,,,498,37632,,,,,,498,37632,,,,,,,,,本科,,,,,
8252686,海南,本科批,物理,,X7F4568,专业组02,浙江师范大学,F11A,机器人工程,,,,,,610,10279,,,,,,610,10279,,,,,,,,,本科,,,,,
8252687,海南,本科批,物理,,X7F4568,专业组02,浙江师范大学,ECA4,通信工程,,,,,,614,9643,,,,,,614,9643,,,,,,,,,本科,,,,,
8252688,海南,本科批,物理,,X7F4568,专业组02,浙江师范大学,2D23,科学教育（师范）,师范,,,,,620,8717,,,,,,620,8717,,,,,,,,,本科,,,,,
8252689,海南,本科批,物理,,X7F4568,专业组02,浙江师范大学,93E3,电子信息工程,,,,,,622,8436,,,,,,622,8436,,,,,,,,,本科,,,,,
8252690,海南,本科批,物理,,X7F4568,专业组01,浙江师范大学,C349,学前教育（师范）,师范,,,,,628,7623,,,,,,628,7623,,,,,,,,,本科,,,,,
8252691,海南,本科批,物理,,X7F4568,专业组02,浙江师范大学,0C82,物理学（师范）,师范,,,,,632,7099,,,,,,632,7099,,,,,,,,,本科,,,,,
8252692,海南,本科批,物理,,X7F4568,专业组01,浙江师范大学,26EE,工商管理类（包含专业：财务管理、电子商务、会计学、工商管理）,包含专业：财务管理、电子商务、会计学、工商管理,,,,,632,7099,,,,,,632,7099,,,,,,,,,本科,,,,,
8252693,海南,本科批,物理,,X7F4568,专业组01,浙江师范大学,FA2A,经济与贸易类（包含专业：金融学、国际经济与贸易）,包含专业：金融学、国际经济与贸易,,,,,633,6965,,,,,,633,6965,,,,,,,,,本科,,,,,
8253395,海南,本科批,物理,,XC0672E,专业组01,安徽理工大学,BE91,医学检验技术,,,,,,564,19597,,,,,,564,19597,,,,,,,,,本科,,,,,
8253396,海南,本科批,物理,,XC0672E,专业组01,安徽理工大学,A39E,预防医学,,,,,,568,18658,,,,,,568,18658,,,,,,,,,本科,,,,,
8253397,海南,本科批,物理,,XC0672E,专业组01,安徽理工大学,40CE,制药工程,,,,,,575,17087,,,,,,575,17087,,,,,,,,,本科,,,,,
8253398,海南,本科批,物理,,XC0672E,专业组01,安徽理工大学,5B8B,高分子材料与工程,,,,,,577,16644,,,,,,577,16644,,,,,,,,,本科,,,,,
8253399,海南,本科批,物理,,XC0672E,专业组01,安徽理工大学,91CE,水文与水资源工程,,,,,,582,15570,,,,,,582,15570,,,,,,,,,本科,,,,,
8253400,海南,本科批,物理,,XC0672E,专业组01,安徽理工大学,4ECE,土木工程,,,,,,582,15570,,,,,,582,15570,,,,,,,,,本科,,,,,
8253401,海南,本科批,物理,,XC0672E,专业组01,安徽理工大学,A687,光电信息科学与工程,,,,,,583,15317,,,,,,583,15317,,,,,,,,,本科,,,,,
8253402,海南,本科批,物理,,XC0672E,专业组01,安徽理工大学,A2E0,测绘工程,,,,,,583,15317,,,,,,583,15317,,,,,,,,,本科,,,,,
8253403,海南,本科批,物理,,XC0672E,专业组01,安徽理工大学,D6ED,化学工程与工艺,,,,,,584,15113,,,,,,584,15113,,,,,,,,,本科,,,,,
8253404,海南,本科批,物理,,XC0672E,专业组01,安徽理工大学,B001,信息安全,,,,,,591,13666,,,,,,591,13666,,,,,,,,,本科,,,,,
8253405,海南,本科批,物理,,XC0672E,专业组01,安徽理工大学,A86C,遥感科学与技术,,,,,,595,12898,,,,,,595,12898,,,,,,,,,本科,,,,,
8253406,海南,本科批,物理,,XC0672E,专业组01,安徽理工大学,548C,信息与计算科学,,,,,,595,12898,,,,,,595,12898,,,,,,,,,本科,,,,,
8253407,海南,本科批,物理,,XC0672E,专业组01,安徽理工大学,D078,新能源汽车工程,,,,,,597,12551,,,,,,597,12551,,,,,,,,,本科,,,,,
8253408,海南,本科批,物理,,XC0672E,专业组01,安徽理工大学,10A0,药学,,,,,,611,10110,,,,,,611,10110,,,,,,,,,本科,,,,,
8253987,海南,本科批,物理,,X17FCAA,专业组01,湖北工业大学,0FBC,金融学,,,,,,618,9022,,,,,,618,9022,,,,,,,,,本科,,,,,
8253988,海南,本科批,物理,,X17FCAA,专业组01,湖北工业大学,25DE,国际经济与贸易,,,,,,618,9022,,,,,,618,9022,,,,,,,,,本科,,,,,
8253989,海南,本科批,物理,,X17FCAA,专业组01,湖北工业大学,5E19,会计学,,,,,,619,8868,,,,,,619,8868,,,,,,,,,本科,,,,,
8253990,海南,本科批,物理,,X17FCAA,专业组02,湖北工业大学,A5B7,电气工程及其自动化,,,,,,642,5905,,,,,,642,5905,,,,,,,,,本科,,,,,
8254377,海南,本科批,物理,,X25A6E7,专业组03,聊城大学,C15F,生物科学（师范类）,师范类,,,,,541,25500,,,,,,541,25500,,,,,,,,,本科,,,,,
8254378,海南,本科批,物理,,X25A6E7,专业组03,聊城大学,5E49,食品科学与工程,,,,,,546,24228,,,,,,546,24228,,,,,,,,,本科,,,,,
8254379,海南,本科批,物理,,X25A6E7,专业组03,聊城大学,A942,材料科学与工程,,,,,,547,23968,,,,,,547,23968,,,,,,,,,本科,,,,,
8254380,海南,本科批,物理,,X25A6E7,专业组02,聊城大学,4852,应用心理学,,,,,,590,13900,,,,,,590,13900,,,,,,,,,本科,,,,,
8254381,海南,本科批,物理,,X25A6E7,专业组02,聊城大学,AC90,行政管理,,,,,,591,13666,,,,,,591,13666,,,,,,,,,本科,,,,,
8254382,海南,本科批,物理,,X25A6E7,专业组04,聊城大学,AFF5,汉语言文学（师范类）,师范类,,,,,614,9643,,,,,,614,9643,,,,,,,,,本科,,,,,
8255024,海南,本科批,物理,,X84783C,专业组04,江西理工大学,7E23,环境工程,,,,,,573,17552,,,,,,573,17552,,,,,,,,,本科,,,,,
8255025,海南,本科批,物理,,X84783C,专业组04,江西理工大学,3170,冶金工程,,,,,,575,17087,,,,,,575,17087,,,,,,,,,本科,,,,,
8255026,海南,本科批,物理,,X84783C,专业组04,江西理工大学,4ECE,土木工程,,,,,,581,15788,,,,,,581,15788,,,,,,,,,本科,,,,,
8255027,海南,本科批,物理,,X84783C,专业组04,江西理工大学,A2E0,测绘工程,,,,,,581,15788,,,,,,581,15788,,,,,,,,,本科,,,,,
8255028,海南,本科批,物理,,X84783C,专业组04,江西理工大学,CA67,采矿工程,,,,,,581,15788,,,,,,581,15788,,,,,,,,,本科,,,,,
8255029,海南,本科批,物理,,X84783C,专业组81,江西理工大学,C734,电子科学与技术,,,,,,583,15317,,,,,,583,15317,,,,,,,,,本科,,,,,
8255030,海南,本科批,物理,,X84783C,专业组04,江西理工大学,6A3A,建筑环境与能源应用工程,,,,,,586,14706,,,,,,586,14706,,,,,,,,,本科,,,,,
8255031,海南,本科批,物理,,X84783C,专业组04,江西理工大学,262E,金属材料工程,,,,,,587,14506,,,,,,587,14506,,,,,,,,,本科,,,,,
8255032,海南,本科批,物理,,X84783C,专业组04,江西理工大学,2B47,智能建造,,,,,,592,13501,,,,,,592,13501,,,,,,,,,本科,,,,,
8255033,海南,本科批,物理,,X84783C,专业组04,江西理工大学,4D44,给排水科学与工程,,,,,,593,13321,,,,,,593,13321,,,,,,,,,本科,,,,,
8255034,海南,本科批,物理,,X84783C,专业组04,江西理工大学,38C2,地质工程,,,,,,594,13128,,,,,,594,13128,,,,,,,,,本科,,,,,
8255035,海南,本科批,物理,,X84783C,专业组04,江西理工大学,78E0,矿物加工工程,,,,,,598,12377,,,,,,598,12377,,,,,,,,,本科,,,,,
8255036,海南,本科批,物理,,X84783C,专业组04,江西理工大学,52FD,应用化学,,,,,,598,12377,,,,,,598,12377,,,,,,,,,本科,,,,,
8255037,海南,本科批,物理,,X84783C,专业组04,江西理工大学,3557,能源与动力工程,,,,,,599,12200,,,,,,599,12200,,,,,,,,,本科,,,,,
8255038,海南,本科批,物理,,X84783C,专业组04,江西理工大学,548C,信息与计算科学,,,,,,600,12004,,,,,,600,12004,,,,,,,,,本科,,,,,
8255039,海南,本科批,物理,,X84783C,专业组04,江西理工大学,F068,人工智能,,,,,,602,11656,,,,,,602,11656,,,,,,,,,本科,,,,,
8255040,海南,本科批,物理,,X84783C,专业组80,江西理工大学,C2CB,软件工程（软件开发方向）,软件开发方向,,,,,605,11138,,,,,,605,11138,,,,,,,,,本科,,,,,
8255041,海南,本科批,物理,,X84783C,专业组80,江西理工大学,E401,软件工程（智能制造方向）,智能制造方向,,,,,605,11138,,,,,,605,11138,,,,,,,,,本科,,,,,
8255042,海南,本科批,物理,,X84783C,专业组04,江西理工大学,8EA2,机械电子工程,,,,,,606,10952,,,,,,606,10952,,,,,,,,,本科,,,,,
8255043,海南,本科批,物理,,X84783C,专业组04,江西理工大学,D06C,机械工程,,,,,,606,10952,,,,,,606,10952,,,,,,,,,本科,,,,,
8255867,海南,本科批,物理,,XE9E1EE,专业组04,江西师范大学,0294,物理学（师范类）,师范类,,,,,485,41238,,,,,,485,41238,,,,,,,,,本科,,,,,
8255868,海南,本科批,物理,,XE9E1EE,专业组04,江西师范大学,3A08,化学类（包含专业：化学（师范）、应用化学）,包含专业：化学（师范,,,,,488,40419,,,,,,488,40419,,,,,,,,,本科,,,,,
8255869,海南,本科批,物理,,XE9E1EE,专业组04,江西师范大学,8336,食品营养与健康,,,,,,491,39563,,,,,,491,39563,,,,,,,,,本科,,,,,
8255870,海南,本科批,物理,,XE9E1EE,专业组04,江西师范大学,E2E1,生物工程,,,,,,515,32818,,,,,,515,32818,,,,,,,,,本科,,,,,
8255871,海南,本科批,物理,,XE9E1EE,专业组04,江西师范大学,C15F,生物科学（师范类）,师范类,,,,,538,26380,,,,,,538,26380,,,,,,,,,本科,,,,,
8255872,海南,本科批,物理,,XE9E1EE,专业组04,江西师范大学,76B9,统计学,,,,,,542,25271,,,,,,542,25271,,,,,,,,,本科,,,,,
8255873,海南,本科批,物理,,XE9E1EE,专业组04,江西师范大学,957C,化学工程与工艺（智能化工）,智能化工,,,,,549,23420,,,,,,549,23420,,,,,,,,,本科,,,,,
8255874,海南,本科批,物理,,XE9E1EE,专业组04,江西师范大学,36F0,电子信息类（包含专业：电子信息工程、通信工程、光电信息科学与工程）,包含专业：电子信息工程、通信工程、光电信息科学与工程,,,,,557,21396,,,,,,557,21396,,,,,,,,,本科,,,,,
8255875,海南,本科批,物理,,XE9E1EE,专业组04,江西师范大学,4718,数据科学与大数据技术,,,,,,589,14092,,,,,,589,14092,,,,,,,,,本科,,,,,
8255876,海南,本科批,物理,,XE9E1EE,专业组03,江西师范大学,9BBE,教育技术学（师范类）,师范类,,,,,589,14092,,,,,,589,14092,,,,,,,,,本科,,,,,
8255877,海南,本科批,物理,,XE9E1EE,专业组04,江西师范大学,F068,人工智能,,,,,,590,13900,,,,,,590,13900,,,,,,,,,本科,,,,,
8255878,海南,本科批,物理,,XE9E1EE,专业组04,江西师范大学,B694,生物制药,,,,,,591,13666,,,,,,591,13666,,,,,,,,,本科,,,,,
8255879,海南,本科批,物理,,XE9E1EE,专业组03,江西师范大学,6F56,工程管理,,,,,,594,13128,,,,,,594,13128,,,,,,,,,本科,,,,,
8255880,海南,本科批,物理,,XE9E1EE,专业组04,江西师范大学,BE4C,计算机科学与技术（非师范）,非师范,,,,,596,12722,,,,,,596,12722,,,,,,,,,本科,,,,,
8255881,海南,本科批,物理,,XE9E1EE,专业组04,江西师范大学,B328,计算机科学与技术（师范）（师范类）,师范; 师范类,,,,,601,11844,,,,,,601,11844,,,,,,,,,本科,,,,,
8255882,海南,本科批,物理,,XE9E1EE,专业组02,江西师范大学,1A9C,新闻传播学类（包含专业：广告学、新闻学、广播电视学）,包含专业：广告学、新闻学、广播电视学,,,,,630,7329,,,,,,630,7329,,,,,,,,,本科,,,,,
8255883,海南,本科批,物理,,XE9E1EE,专业组02,江西师范大学,E5FD,朝鲜语（朝英双语）,朝英双语,,,,,630,7329,,,,,,630,7329,,,,,,,,,本科,,,,,
8255884,海南,本科批,物理,,XE9E1EE,专业组02,江西师范大学,4843,国际经济与贸易（数字贸易）,数字贸易,,,,,631,7228,,,,,,631,7228,,,,,,,,,本科,,,,,
8255885,海南,本科批,物理,,XE9E1EE,专业组02,江西师范大学,BEA9,电子商务（跨境电商）,跨境电商,,,,,631,7228,,,,,,631,7228,,,,,,,,,本科,,,,,
8255886,海南,本科批,物理,,XE9E1EE,专业组02,江西师范大学,A5C9,建筑学,,,,,,632,7099,,,,,,632,7099,,,,,,,,,本科,,,,,
8256520,海南,本科批,物理,,X0587AD,专业组01,北京联合大学,A7E8,会展经济与管理,,,,,,592,13501,,,,,,592,13501,,,,,,,,,本科,,,,,
8257294,海南,本科批,物理,,XCE1D99,专业组01,南京农业大学,88F4,茶学（国家专项计划）,国家专项计划,,,,,601,11844,,,,,,601,11844,,,,,,,,,本科,,,,,
8257295,海南,高校专项计划批次,物理,,XCE1D99,专业组不限,南京农业大学,68C9,社会学类（高校专项计划）,高校专项计划,,,,,614,9643,,,,,,614,9643,,,,,,,,,本科,,,,,
8257296,海南,本科批,物理,,XCE1D99,专业组02,南京农业大学,C5CB,园艺,,,,,,626,7880,,,,,,626,7880,,,,,,,,,本科,,,,,
8257297,海南,本科批,物理,,XCE1D99,专业组02,南京农业大学,EF96,食品科学与工程类,,,,,,627,7735,,,,,,627,7735,,,,,,,,,本科,,,,,
8257298,海南,本科批,物理,,XCE1D99,专业组02,南京农业大学,2638,植物保护,,,,,,633,6965,,,,,,633,6965,,,,,,,,,本科,,,,,
8257299,海南,本科批,物理,,XCE1D99,专业组02,南京农业大学,ABA8,环境科学与工程类,,,,,,634,6830,,,,,,634,6830,,,,,,,,,本科,,,,,
8257300,海南,本科批,物理,,XCE1D99,专业组02,南京农业大学,98E9,茶学,,,,,,642,5905,,,,,,642,5905,,,,,,,,,本科,,,,,
8257301,海南,本科批,物理,,XCE1D99,专业组02,南京农业大学,D335,种子科学与工程,,,,,,651,4974,,,,,,651,4974,,,,,,,,,本科,,,,,
8258286,海南,本科批,物理,,X055D31,专业组02,山西大学,3557,能源与动力工程,,,,,,629,7486,,,,,,629,7486,,,,,,,,,本科,,,,,
8258287,海南,本科批,物理,,X055D31,专业组03,山西大学,AC90,行政管理,,,,,,631,7228,,,,,,631,7228,,,,,,,,,本科,,,,,
8258288,海南,本科批,物理,,X055D31,专业组02,山西大学,A5B7,电气工程及其自动化,,,,,,633,6965,,,,,,633,6965,,,,,,,,,本科,,,,,
8258289,海南,本科批,物理,,X055D31,专业组03,山西大学,0548,政治学类（包含专业：政治学与行政学、国际政治）,包含专业：政治学与行政学、国际政治,,,,,637,6498,,,,,,637,6498,,,,,,,,,本科,,,,,
8258290,海南,本科批,物理,,X055D31,专业组02,山西大学,44FF,电子信息类（包含专业：电子信息工程、电子信息科学与技术）,包含专业：电子信息工程、电子信息科学与技术,,,,,638,6368,,,,,,638,6368,,,,,,,,,本科,,,,,
8258291,海南,本科批,物理,,X055D31,专业组02,山西大学,A687,光电信息科学与工程,,,,,,643,5793,,,,,,643,5793,,,,,,,,,本科,,,,,
8258292,海南,本科批,物理,,X055D31,专业组02,山西大学,4718,数据科学与大数据技术,,,,,,644,5701,,,,,,644,5701,,,,,,,,,本科,,,,,
8258293,海南,本科批,物理,,X055D31,专业组01,山西大学,87B6,新闻传播学类（包含专业：新闻学、广告学）,包含专业：新闻学、广告学,,,,,647,5370,,,,,,647,5370,,,,,,,,,本科,,,,,
8258294,海南,本科批,物理,,X055D31,专业组02,山西大学,B9A5,计算机科学与技术,,,,,,648,5279,,,,,,648,5279,,,,,,,,,本科,,,,,
8258295,海南,本科批,物理,,X055D31,专业组01,山西大学,D89D,哲学类（包含专业：哲学、伦理学）,包含专业：哲学、伦理学,,,,,650,5072,,,,,,650,5072,,,,,,,,,本科,,,,,
8258296,海南,本科批,物理,,X055D31,专业组01,山西大学,4873,历史学,,,,,,650,5072,,,,,,650,5072,,,,,,,,,本科,,,,,
8258297,海南,本科批,物理,,X055D31,专业组01,山西大学,D243,汉语言文学,,,,,,650,5072,,,,,,650,5072,,,,,,,,,本科,,,,,
8258298,海南,本科批,物理,,X055D31,专业组02,山西大学,603B,物理学（国家基地）,国家基地,,,,,660,4172,,,,,,660,4172,,,,,,,,,本科,,,,,
8258299,海南,本科批,物理,,X055D31,专业组01,山西大学,927B,法学,,,,,,666,3691,,,,,,666,3691,,,,,,,,,本科,,,,,
8258788,海南,本科批,物理,,XAAE1AF,专业组03,河北科技大学,97D0,生物科学类（包含专业：生物科学、生物技术；不招色觉异常（含色弱、色盲）考生）,包含专业：生物科学、生物技术；不招色觉异常（含色弱、色盲,,,,,503,36239,,,,,,503,36239,,,,,,,,,本科,,,,,
8258789,海南,本科批,物理,,XAAE1AF,专业组03,河北科技大学,D502,食品科学与工程类（包含专业：食品科学与工程、食品质量与安全；食品科学与工程专业不招色觉异常（含色弱、色盲）考生）,包含专业：食品科学与工程、食品质量与安全；食品科学与工程专业不招色觉异常（含色弱、色盲,,,,,512,33659,,,,,,512,33659,,,,,,,,,本科,,,,,
8258790,海南,本科批,物理,,XAAE1AF,专业组02,河北科技大学,16DF,金融工程,,,,,,589,14092,,,,,,589,14092,,,,,,,,,本科,,,,,
8258791,海南,本科批,物理,,XAAE1AF,专业组01,河北科技大学,FB18,财务管理,,,,,,593,13321,,,,,,593,13321,,,,,,,,,本科,,,,,
8258792,海南,本科批,物理,,XAAE1AF,专业组01,河北科技大学,4154,电子商务,,,,,,593,13321,,,,,,593,13321,,,,,,,,,本科,,,,,
8258793,海南,本科批,物理,,XAAE1AF,专业组01,河北科技大学,04C7,工商管理（不招单色识别不全考生）,不招单色识别不全考生,,,,,595,12898,,,,,,595,12898,,,,,,,,,本科,,,,,
8259294,海南,本科批,物理,,XB2C25C,专业组03,哈尔滨师范大学,7D22,材料化学,,,,,,531,28298,,,,,,531,28298,,,,,,,,,本科,,,,,
8259295,海南,本科批,物理,,XB2C25C,专业组02,哈尔滨师范大学,3708,俄语（非师范）,非师范,,,,,569,18472,,,,,,569,18472,,,,,,,,,本科,,,,,
8259296,海南,本科批,物理,,XB2C25C,专业组02,哈尔滨师范大学,5F0C,跨境电子商务,,,,,,570,18200,,,,,,570,18200,,,,,,,,,本科,,,,,
8259297,海南,本科批,物理,,XB2C25C,专业组02,哈尔滨师范大学,52B6,秘书学,,,,,,574,17335,,,,,,574,17335,,,,,,,,,本科,,,,,
8259298,海南,本科批,物理,,XB2C25C,专业组04,哈尔滨师范大学,DBB2,历史学（师范类）,师范类,,,,,620,8717,,,,,,620,8717,,,,,,,,,本科,,,,,
8260079,海南,本科批,物理,,XD8396A,专业组艺术类,湖南工业大学,78B4,体育教育（师范）（高水平运动队）,师范; 高水平运动队,,,,,431,53669,,,,,,431,53669,,,,,,,,,本科,,,,,
8260080,海南,本科批,物理,,XD8396A,专业组03,湖南工业大学,8189,环境生态工程,,,,,,561,20364,,,,,,561,20364,,,,,,,,,本科,,,,,
8260081,海南,本科批,物理,,XD8396A,专业组03,湖南工业大学,4ECE,土木工程,,,,,,562,20113,,,,,,562,20113,,,,,,,,,本科,,,,,
8260082,海南,本科批,物理,,XD8396A,专业组03,湖南工业大学,52FD,应用化学,,,,,,568,18658,,,,,,568,18658,,,,,,,,,本科,,,,,
8260083,海南,本科批,物理,,XD8396A,专业组03,湖南工业大学,2426,材料类,,,,,,569,18472,,,,,,569,18472,,,,,,,,,本科,,,,,
8260084,海南,本科批,物理,,XD8396A,专业组03,湖南工业大学,E347,工业设计,,,,,,573,17552,,,,,,573,17552,,,,,,,,,本科,,,,,
8260085,海南,本科批,物理,,XD8396A,专业组03,湖南工业大学,5B8B,高分子材料与工程,,,,,,575,17087,,,,,,575,17087,,,,,,,,,本科,,,,,
8260086,海南,本科批,物理,,XD8396A,专业组03,湖南工业大学,548C,信息与计算科学,,,,,,577,16644,,,,,,577,16644,,,,,,,,,本科,,,,,
8260087,海南,本科批,物理,,XD8396A,专业组03,湖南工业大学,C168,包装工程,,,,,,581,15788,,,,,,581,15788,,,,,,,,,本科,,,,,
8260088,海南,本科批,物理,,XD8396A,专业组03,湖南工业大学,93E3,电子信息工程,,,,,,593,13321,,,,,,593,13321,,,,,,,,,本科,,,,,
8260089,海南,本科批,物理,,XD8396A,专业组01,湖南工业大学,9BB9,城乡规划（五年制）,五年制,,,,,605,11138,,,,,,605,11138,,,,,,,,,本科,,,,,
8260090,海南,本科批,物理,,XD8396A,专业组01,湖南工业大学,4145,英语,,,,,,605,11138,,,,,,605,11138,,,,,,,,,本科,,,,,
8260091,海南,本科批,物理,,XD8396A,专业组01,湖南工业大学,EC2A,建筑学（五年制）,五年制,,,,,605,11138,,,,,,605,11138,,,,,,,,,本科,,,,,
8260092,海南,本科批,物理,,XD8396A,专业组01,湖南工业大学,EF7C,工商管理类,,,,,,606,10952,,,,,,606,10952,,,,,,,,,本科,,,,,
8260093,海南,本科批,物理,,XD8396A,专业组02,湖南工业大学,16DF,金融工程,,,,,,607,10761,,,,,,607,10761,,,,,,,,,本科,,,,,
8260094,海南,本科批,物理,,XD8396A,专业组01,湖南工业大学,FB18,财务管理,,,,,,607,10761,,,,,,607,10761,,,,,,,,,本科,,,,,
8260095,海南,本科批,物理,,XD8396A,专业组01,湖南工业大学,25DE,国际经济与贸易,,,,,,609,10437,,,,,,609,10437,,,,,,,,,本科,,,,,
8260096,海南,本科批,物理,,XD8396A,专业组03,湖南工业大学,ECA4,通信工程,,,,,,612,9934,,,,,,612,9934,,,,,,,,,本科,,,,,
8260097,海南,本科批,物理,,XD8396A,专业组01,湖南工业大学,927B,法学,,,,,,617,9159,,,,,,617,9159,,,,,,,,,本科,,,,,
8260098,海南,本科批,物理,,XD8396A,专业组03,湖南工业大学,4C65,自动化,,,,,,619,8868,,,,,,619,8868,,,,,,,,,本科,,,,,
8260940,海南,本科批,物理,,XA7B599,专业组04,河北工程大学,DB23,复合材料与工程,,,,,,549,23420,,,,,,549,23420,,,,,,,,,本科,,,,,
8260941,海南,本科批,物理,,XA7B599,专业组04,河北工程大学,4ECE,土木工程,,,,,,552,22661,,,,,,552,22661,,,,,,,,,本科,,,,,
8260942,海南,本科批,物理,,XA7B599,专业组04,河北工程大学,C5CB,园艺,,,,,,553,22416,,,,,,553,22416,,,,,,,,,本科,,,,,
8260943,海南,本科批,物理,,XA7B599,专业组04,河北工程大学,6A3A,建筑环境与能源应用工程,,,,,,557,21396,,,,,,557,21396,,,,,,,,,本科,,,,,
8260944,海南,本科批,物理,,XA7B599,专业组04,河北工程大学,FA23,地理信息科学,,,,,,559,20885,,,,,,559,20885,,,,,,,,,本科,,,,,
8260945,海南,本科批,物理,,XA7B599,专业组04,河北工程大学,4D44,给排水科学与工程,,,,,,564,19597,,,,,,564,19597,,,,,,,,,本科,,,,,
8260946,海南,本科批,物理,,XA7B599,专业组04,河北工程大学,F620,安全工程,,,,,,584,15113,,,,,,584,15113,,,,,,,,,本科,,,,,
8260947,海南,本科批,物理,,XA7B599,专业组04,河北工程大学,7E23,环境工程,,,,,,590,13900,,,,,,590,13900,,,,,,,,,本科,,,,,
8260948,海南,本科批,物理,,XA7B599,专业组04,河北工程大学,C7AE,交通工程,,,,,,591,13666,,,,,,591,13666,,,,,,,,,本科,,,,,
8260949,海南,本科批,物理,,XA7B599,专业组04,河北工程大学,78FF,机械设计制造及其自动化,,,,,,591,13666,,,,,,591,13666,,,,,,,,,本科,,,,,
8260950,海南,本科批,物理,,XA7B599,专业组04,河北工程大学,3557,能源与动力工程,,,,,,593,13321,,,,,,593,13321,,,,,,,,,本科,,,,,
8260951,海南,本科批,物理,,XA7B599,专业组04,河北工程大学,548C,信息与计算科学,,,,,,593,13321,,,,,,593,13321,,,,,,,,,本科,,,,,
8260952,海南,本科批,物理,,XA7B599,专业组04,河北工程大学,A5D2,测控技术与仪器,,,,,,596,12722,,,,,,596,12722,,,,,,,,,本科,,,,,
8260953,海南,本科批,物理,,XA7B599,专业组04,河北工程大学,C0F0,软件工程（高收费专业；校企深度合作办学专业，合作企业为东软教育科技集团有限公司）,高收费专业；校企深度合作办学专业，合作企业为东软教育科技集团有限公司,,,,,596,12722,,,,,,596,12722,,,,,,,,,本科,,,,,
8260954,海南,本科批,物理,,XA7B599,专业组03,河北工程大学,6F56,工程管理,,,,,,600,12004,,,,,,600,12004,,,,,,,,,本科,,,,,
8260955,海南,本科批,物理,,XA7B599,专业组04,河北工程大学,ECA4,通信工程,,,,,,603,11475,,,,,,603,11475,,,,,,,,,本科,,,,,
8260956,海南,本科批,物理,,XA7B599,专业组02,河北工程大学,25DE,国际经济与贸易,,,,,,608,10596,,,,,,608,10596,,,,,,,,,本科,,,,,
8260957,海南,本科批,物理,,XA7B599,专业组02,河北工程大学,6AB9,经济学,,,,,,608,10596,,,,,,608,10596,,,,,,,,,本科,,,,,
8260958,海南,本科批,物理,,XA7B599,专业组02,河北工程大学,04A0,工商管理,,,,,,609,10437,,,,,,609,10437,,,,,,,,,本科,,,,,
8260959,海南,本科批,物理,,XA7B599,专业组04,河北工程大学,93E3,电子信息工程,,,,,,610,10279,,,,,,610,10279,,,,,,,,,本科,,,,,
8262293,海南,本科批,物理,,X4CD37F,专业组02,北京中医药大学,E2E1,生物工程,,,,,,556,21397,,,,,,556,21397,,,,,,,,,本科,,,,,
8262294,海南,本科批,物理,,X4CD37F,专业组02,北京中医药大学,4BF3,护理学,,,,,,582,15318,,,,,,582,15318,,,,,,,,,本科,,,,,
8262295,海南,本科批,物理,,X4CD37F,专业组02,北京中医药大学,6246,针灸推拿学,,,,,,605,10953,,,,,,605,10953,,,,,,,,,本科,,,,,
8262296,海南,本科批,物理,,X4CD37F,专业组02,北京中医药大学,60F2,中医学（实验班）,实验班,,,,,616,9160,,,,,,616,9160,,,,,,,,,本科,,,,,
8262297,海南,本科批,物理,,X4CD37F,专业组02,北京中医药大学,917A,中医学（卓越5+3一体化）,卓越5+3一体化,,,,,625,7881,,,,,,625,7881,,,,,,,,,本科,,,,,
8262298,海南,本科批,物理,,X4CD37F,专业组02,北京中医药大学,03FE,中医学,,,,,,629,7330,,,,,,629,7330,,,,,,,,,本科,,,,,
8262299,海南,本科批,物理,,X4CD37F,专业组02,北京中医药大学,A784,中药制药,,,,,,659,4173,,,,,,659,4173,,,,,,,,,本科,,,,,
8262300,海南,本科批,物理,,X4CD37F,专业组01,北京中医药大学,4AA3,法学（医药卫生）,医药卫生,,,,,672,3196,,,,,,672,3196,,,,,,,,,本科,,,,,
8262301,海南,本科批,物理,,X4CD37F,专业组02,北京中医药大学,4C2A,中药学,,,,,,674,3056,,,,,,674,3056,,,,,,,,,本科,,,,,
8262302,海南,本科批,物理,,X4CD37F,专业组01,北京中医药大学,46AC,公共管理类,,,,,,675,3002,,,,,,675,3002,,,,,,,,,本科,,,,,
8262303,海南,本科批,物理,,X4CD37F,专业组01,北京中医药大学,6D29,英语（医学）,医学,,,,,681,2625,,,,,,681,2625,,,,,,,,,本科,,,,,
8262304,海南,本科批,物理,,X4CD37F,专业组02,北京中医药大学,A3AA,中西医临床医学（华佗班）,华佗班,,,,,710,1337,,,,,,710,1337,,,,,,,,,本科,,,,,
8262305,海南,本科批,物理,,X4CD37F,专业组02,北京中医药大学,0F77,中医学（领军人才培养计划）,领军人才培养计划,,,,,744,550,,,,,,744,550,,,,,,,,,本科,,,,,
8263046,海南,本科批,物理,,X52EB8C,专业组25,海南师范大学,D8EB,生物科学（不招色盲、色弱或单色识别不全者）（师范类）,不招色盲、色弱或单色识别不全者; 师范类,,,,,483,41779,,,,,,483,41779,,,,,,,,,本科,,,,,
8263047,海南,本科批,物理,,X52EB8C,专业组25,海南师范大学,5A68,生物技术（不招色盲、色弱或单色识别不全者）,不招色盲、色弱或单色识别不全者,,,,,494,38727,,,,,,494,38727,,,,,,,,,本科,,,,,
8263048,海南,本科批,物理,,X52EB8C,专业组25,海南师范大学,AC7A,生态学（不招色盲、色弱或单色识别不全者）,不招色盲、色弱或单色识别不全者,,,,,514,33109,,,,,,514,33109,,,,,,,,,本科,,,,,
8263049,海南,本科批,物理,,X52EB8C,专业组82,海南师范大学,A196,学前教育（中外合作办学）（师范类）（英语单科成绩不低于90分（150分制）；高收费专或单色识别不全者业，只录取有该专业志愿者；不招色盲、色弱）,中外合作办学; 师范类; 英语单科成绩不低于90分（150分制,,,,,536,26922,,,,,,536,26922,,,,,,,,,本科,,,,,
8263050,海南,本科批,物理,,X52EB8C,专业组24,海南师范大学,4718,数据科学与大数据技术,,,,,,539,26094,,,,,,539,26094,,,,,,,,,本科,,,,,
8263051,海南,本科批,物理,,X52EB8C,专业组24,海南师范大学,A687,光电信息科学与工程,,,,,,540,25810,,,,,,540,25810,,,,,,,,,本科,,,,,
8263052,海南,本科批,物理,,X52EB8C,专业组24,海南师范大学,A6C8,应用化学（不招色盲、色弱或单色识别不全者）,不招色盲、色弱或单色识别不全者,,,,,541,25500,,,,,,541,25500,,,,,,,,,本科,,,,,
8263053,海南,本科批,物理,,X52EB8C,专业组24,海南师范大学,A493,制药工程（不招色盲、色弱或单色识别不全者）,不招色盲、色弱或单色识别不全者,,,,,542,25271,,,,,,542,25271,,,,,,,,,本科,,,,,
8263054,海南,本科批,物理,,X52EB8C,专业组24,海南师范大学,76B9,统计学,,,,,,543,24997,,,,,,543,24997,,,,,,,,,本科,,,,,
8263055,海南,本科批,物理,,X52EB8C,专业组24,海南师范大学,D583,网络空间安全,,,,,,547,23968,,,,,,547,23968,,,,,,,,,本科,,,,,
8263056,海南,本科批,物理,,X52EB8C,专业组83,海南师范大学,9E1A,广播电视编导（中外合作办学）（报考考生须有普通高中毕业证和高中学业水平测试成绩单；高收费专业，只录取有该专业志愿者；艺术类专业，授予艺术学学士学位）,中外合作办学; 报考考生须有普通高中毕业证和高中学业水平测试成绩单；高收费专业，只录取有该专业志愿者；艺术类专业，授予艺术学学士学位,,,,,547,23968,,,,,,547,23968,,,,,,,,,本科,,,,,
8263057,海南,本科批,物理,,X52EB8C,专业组24,海南师范大学,0294,物理学（师范类）,师范类,,,,,548,23705,,,,,,548,23705,,,,,,,,,本科,,,,,
8263058,海南,本科批,物理,,X52EB8C,专业组24,海南师范大学,F068,人工智能,,,,,,548,23705,,,,,,548,23705,,,,,,,,,本科,,,,,
8263059,海南,本科批,物理,,X52EB8C,专业组24,海南师范大学,7932,电子信息科学与技术,,,,,,556,21627,,,,,,556,21627,,,,,,,,,本科,,,,,
8263060,海南,本科批,物理,,X52EB8C,专业组30,海南师范大学,00F5,少数民族预科班（预科培养地点：海南师范大学桂林洋校区）,预科培养地点：海南师范大学桂林洋校区,,,,,558,21127,,,,,,558,21127,,,,,,,,,本科,,,,,
8263061,海南,本科批,物理,,X52EB8C,专业组24,海南师范大学,4C65,自动化,,,,,,564,19597,,,,,,564,19597,,,,,,,,,本科,,,,,
8263062,海南,本科批,物理,,X52EB8C,专业组86,海南师范大学,840F,软件工程（NIIT班）（高收费专业，只录取有该专业志愿者）,NIIT班; 高收费专业，只录取有该专业志愿者,,,,,567,18906,,,,,,567,18906,,,,,,,,,本科,,,,,
8263063,海南,本科批,物理,,X52EB8C,专业组24,海南师范大学,D3BA,计算机科学与技术（不招单色识别不全者）（师范类）,不招单色识别不全者; 师范类,,,,,571,17978,,,,,,571,17978,,,,,,,,,本科,,,,,
8263064,海南,本科批,物理,,X52EB8C,专业组24,海南师范大学,AAFC,化学（不招色盲、色弱或单色识别不全者）（师范类）,不招色盲、色弱或单色识别不全者; 师范类,,,,,571,17978,,,,,,571,17978,,,,,,,,,本科,,,,,
8263065,海南,本科批,物理,,X52EB8C,专业组24,海南师范大学,B8DA,数学与应用数学（师范类）,师范类,,,,,578,16442,,,,,,578,16442,,,,,,,,,本科,,,,,
8263868,海南,本科批,物理,,X2F01AE,专业组80,中央民族大学,DE41,数据科学与大数据技术（中外合作办学）（办学地点在海南陵水黎安国际教育创新试验区）,中外合作办学; 办学地点在海南陵水黎安国际教育创新试验区,,,,,637,6498,,,,,,637,6498,,,,,,,,,本科,,,,,
8263869,海南,本科批,物理,,X2F01AE,专业组06,中央民族大学,B7B8,纳米材料与技术,,,,,,678,2871,,,,,,678,2871,,,,,,,,,本科,,,,,
8263870,海南,本科批,物理,,X2F01AE,专业组06,中央民族大学,836B,环境科学与工程类（包含专业：环境工程、环境科学、化学）,包含专业：环境工程、环境科学、化学,,,,,679,2805,,,,,,679,2805,,,,,,,,,本科,,,,,
8263871,海南,本科批,物理,,X2F01AE,专业组06,中央民族大学,99B4,生物科学类（包含专业：生物科学、生态学）,包含专业：生物科学、生态学,,,,,679,2805,,,,,,679,2805,,,,,,,,,本科,,,,,
8263872,海南,本科批,物理,,X2F01AE,专业组06,中央民族大学,548C,信息与计算科学,,,,,,686,2406,,,,,,686,2406,,,,,,,,,本科,,,,,
8263873,海南,本科批,物理,,X2F01AE,专业组06,中央民族大学,E602,电子信息类（包含专业：电子信息工程、通信工程、人工智能）,包含专业：电子信息工程、通信工程、人工智能,,,,,687,2344,,,,,,687,2344,,,,,,,,,本科,,,,,
8263874,海南,本科批,物理,,X2F01AE,专业组06,中央民族大学,A687,光电信息科学与工程,,,,,,687,2344,,,,,,687,2344,,,,,,,,,本科,,,,,
8263875,海南,本科批,物理,,X2F01AE,专业组06,中央民族大学,06AE,统计学类（包含专业：统计学、应用统计学）,包含专业：统计学、应用统计学,,,,,690,2193,,,,,,690,2193,,,,,,,,,本科,,,,,
8263876,海南,本科批,物理,,X2F01AE,专业组05,中央民族大学,FD0F,工商管理类（包含专业：工商管理、会计学、财务管理、人力资源管理）,包含专业：工商管理、会计学、财务管理、人力资源管理,,,,,696,1913,,,,,,696,1913,,,,,,,,,本科,,,,,
8263877,海南,本科批,物理,,X2F01AE,专业组05,中央民族大学,A615,汉语国际教育,,,,,,697,1864,,,,,,697,1864,,,,,,,,,本科,,,,,
8263878,海南,本科批,物理,,X2F01AE,专业组05,中央民族大学,E2BB,社会学类（包含专业：社会学、社会工作）,包含专业：社会学、社会工作,,,,,698,1821,,,,,,698,1821,,,,,,,,,本科,,,,,
8263879,海南,本科批,物理,,X2F01AE,专业组05,中央民族大学,FD3B,外国语言文学类（包含专业：英语、翻译）,包含专业：英语、翻译,,,,,699,1777,,,,,,699,1777,,,,,,,,,本科,,,,,
8263880,海南,本科批,物理,,X2F01AE,专业组06,中央民族大学,B038,计算机类（包含专业：计算机科学与技术、软件工程、数据科学与大数据技术）,包含专业：计算机科学与技术、软件工程、数据科学与大数据技术,,,,,700,1737,,,,,,700,1737,,,,,,,,,本科,,,,,
8263881,海南,本科批,物理,,X2F01AE,专业组05,中央民族大学,6758,教育学,,,,,,700,1737,,,,,,700,1737,,,,,,,,,本科,,,,,
8263882,海南,本科批,物理,,X2F01AE,专业组05,中央民族大学,DDFF,经济学类（包含专业：经济学、财政学、金融学、国际经济与贸易）,包含专业：经济学、财政学、金融学、国际经济与贸易,,,,,702,1663,,,,,,702,1663,,,,,,,,,本科,,,,,
8263883,海南,本科批,物理,,X2F01AE,专业组05,中央民族大学,E954,新闻传播学类（包含专业：新闻学、广告学、网络与新媒体）,包含专业：新闻学、广告学、网络与新媒体,,,,,707,1471,,,,,,707,1471,,,,,,,,,本科,,,,,
8263884,海南,本科批,物理,,X2F01AE,专业组05,中央民族大学,293F,法学类（包含专业：法学、法学（涉外法治）,包含专业：法学、法学（涉外法治,,,,,713,1271,,,,,,713,1271,,,,,,,,,本科,,,,,
8263885,海南,本科批,物理,,X2F01AE,专业组05,中央民族大学,D243,汉语言文学,,,,,,721,1038,,,,,,721,1038,,,,,,,,,本科,,,,,
8264807,海南,本科批,物理,,XF89B5B,专业组02,华侨大学,4EBC,土木工程（智能结构与城市更新方向）（厦门校区；国家级一流本科专业）,智能结构与城市更新方向; 厦门校区；国家级一流本科专业,,,,,592,13501,,,,,,592,13501,,,,,,,,,本科,,,,,
8264808,海南,本科批,物理,,XF89B5B,专业组01,华侨大学,F7D5,经济学类（中美121双学位班，可接轨CFA金融分析师）（包含专业：金融学（全英文教学）；只招收有专业志愿的考生）,中美121双学位班，可接轨CFA金融分析师; 包含专业：金融学（全英文教学,,,,,595,12898,,,,,,595,12898,,,,,,,,,本科,,,,,
8264809,海南,本科批,物理,,XF89B5B,专业组02,华侨大学,D76C,环境工程（厦门校区；国家级一流本科专业）,厦门校区；国家级一流本科专业,,,,,599,12200,,,,,,599,12200,,,,,,,,,本科,,,,,
8264810,海南,本科批,物理,,XF89B5B,专业组02,华侨大学,AF05,工程管理（厦门校区；国家级一流本科专业）,厦门校区；国家级一流本科专业,,,,,600,12004,,,,,,600,12004,,,,,,,,,本科,,,,,
8264811,海南,本科批,物理,,XF89B5B,专业组02,华侨大学,9867,化学工程与工艺（含碳核算方向）（厦门校区；国家级一流本科专业）,含碳核算方向; 厦门校区；国家级一流本科专业,,,,,607,10761,,,,,,607,10761,,,,,,,,,本科,,,,,
8264812,海南,本科批,物理,,XF89B5B,专业组02,华侨大学,8B82,药学（生物与医药方向）（国家级一流本科专业）,生物与医药方向; 国家级一流本科专业,,,,,610,10279,,,,,,610,10279,,,,,,,,,本科,,,,,
8264813,海南,本科批,物理,,XF89B5B,专业组02,华侨大学,9ECB,智能制造工程（厦门校区）,厦门校区,,,,,620,8717,,,,,,620,8717,,,,,,,,,本科,,,,,
8264814,海南,本科批,物理,,XF89B5B,专业组02,华侨大学,D1FC,软件工程（厦门校区；国家级一流本科专业）,厦门校区；国家级一流本科专业,,,,,622,8436,,,,,,622,8436,,,,,,,,,本科,,,,,
8264815,海南,本科批,物理,,XF89B5B,专业组01,华侨大学,7EFB,旅游管理（数智文旅与管理方向、旅游规划与设计方向）（实行“1+3”两校区融合式培养；国家级一流本科专业）,数智文旅与管理方向、旅游规划与设计方向; 实行“1+3”两校区融合式培养；国家级一流本科专业,,,,,627,7735,,,,,,627,7735,,,,,,,,,本科,,,,,
8264816,海南,本科批,物理,,XF89B5B,专业组01,华侨大学,DDFE,国际经济与贸易（省级一流本科专业）,省级一流本科专业,,,,,628,7623,,,,,,628,7623,,,,,,,,,本科,,,,,
8264817,海南,本科批,物理,,XF89B5B,专业组01,华侨大学,28FC,酒店管理（数智酒店与运营管理方向）（实行“1+3”两校区融合式培养；国家级一流本科专业）,数智酒店与运营管理方向; 实行“1+3”两校区融合式培养；国家级一流本科专业,,,,,629,7486,,,,,,629,7486,,,,,,,,,本科,,,,,
8264818,海南,本科批,物理,,XF89B5B,专业组02,华侨大学,C27A,计算机科学与技术（厦门校区；国家级一流本科专业）,厦门校区；国家级一流本科专业,,,,,629,7486,,,,,,629,7486,,,,,,,,,本科,,,,,
8264819,海南,本科批,物理,,XF89B5B,专业组01,华侨大学,3B61,工商管理类（中美（包含专业：财务管理（全英文教学）只招收有专业志愿的考生））,中美（包含专业：财务管理（全英文教学,,,,,630,7329,,,,,,630,7329,,,,,,,,,本科,,,,,
8264820,海南,本科批,物理,,XF89B5B,专业组01,华侨大学,5134,会展经济与管理（数智会展与策划管理方向）（实行“1+3”两校区融合式培养；省级一流本科专业）,数智会展与策划管理方向; 实行“1+3”两校区融合式培养；省级一流本科专业,,,,,630,7329,,,,,,630,7329,,,,,,,,,本科,,,,,
8264821,海南,本科批,物理,,XF89B5B,专业组02,华侨大学,B215,电气工程及其自动化（厦门校区；国家级一流本科专业）,厦门校区；国家级一流本科专业,,,,,631,7228,,,,,,631,7228,,,,,,,,,本科,,,,,
8264822,海南,本科批,物理,,XF89B5B,专业组01,华侨大学,416D,行政管理（数字政府治理、社会福利、公共危机管理方向）（国家级一流本科专业）,数字政府治理、社会福利、公共危机管理方向; 国家级一流本科专业,,,,,631,7228,,,,,,631,7228,,,,,,,,,本科,,,,,
8264823,海南,本科批,物理,,XF89B5B,专业组01,华侨大学,E105,财务管理（省级一流本科专业）,省级一流本科专业,,,,,633,6965,,,,,,633,6965,,,,,,,,,本科,,,,,
8264824,海南,本科批,物理,,XF89B5B,专业组01,华侨大学,551E,汉语国际教育（厦门校区）,厦门校区,,,,,634,6830,,,,,,634,6830,,,,,,,,,本科,,,,,
8264825,海南,本科批,物理,,XF89B5B,专业组01,华侨大学,88F3,英语（实行“1+3”两校区融合式培养；国家级一流本科专业）,实行“1+3”两校区融合式培养；国家级一流本科专业,,,,,643,5793,,,,,,643,5793,,,,,,,,,本科,,,,,
8264826,海南,本科批,物理,,XF89B5B,专业组01,华侨大学,675C,汉语言文学（国家级一流本科专业）,国家级一流本科专业,,,,,654,4713,,,,,,654,4713,,,,,,,,,本科,,,,,
8265503,海南,本科批,物理,,X9A8D3A,专业组03,西安工业大学,548C,信息与计算科学,,,,,,589,14092,,,,,,589,14092,,,,,,,,,本科,,,,,
8265504,海南,本科批,物理,,X9A8D3A,专业组80,西安工业大学,EA4B,机械设计制造及其自动化（中外合作办学）,中外合作办学,,,,,591,13666,,,,,,591,13666,,,,,,,,,本科,,,,,
8265505,海南,本科批,物理,,X9A8D3A,专业组03,西安工业大学,727F,材料类（包含专业：材料化学、金属材料工程、无机非金属材料工程、高分子材料与工程）,包含专业：材料化学、金属材料工程、无机非金属材料工程、高分子材料与工程,,,,,592,13501,,,,,,592,13501,,,,,,,,,本科,,,,,
8265506,海南,本科批,物理,,X9A8D3A,专业组80,西安工业大学,234B,自动化（中外合作办学）,中外合作办学,,,,,593,13321,,,,,,593,13321,,,,,,,,,本科,,,,,
8265507,海南,本科批,物理,,X9A8D3A,专业组03,西安工业大学,A287,金属材料工程（卓越班）,卓越班,,,,,596,12722,,,,,,596,12722,,,,,,,,,本科,,,,,
8265508,海南,本科批,物理,,X9A8D3A,专业组03,西安工业大学,A5D2,测控技术与仪器,,,,,,599,12200,,,,,,599,12200,,,,,,,,,本科,,,,,
8265509,海南,本科批,物理,,X9A8D3A,专业组01,西安工业大学,CB22,城乡规划,,,,,,603,11475,,,,,,603,11475,,,,,,,,,本科,,,,,
8265510,海南,本科批,物理,,X9A8D3A,专业组01,西安工业大学,5C43,工商管理类（包含专业：市场营销、物流管理、人力资源管理、会计学）,包含专业：市场营销、物流管理、人力资源管理、会计学,,,,,605,11138,,,,,,605,11138,,,,,,,,,本科,,,,,
8265511,海南,本科批,物理,,X9A8D3A,专业组01,西安工业大学,5D72,网络与新媒体,,,,,,610,10279,,,,,,610,10279,,,,,,,,,本科,,,,,
8265512,海南,本科批,物理,,X9A8D3A,专业组02,西安工业大学,5257,工业工程,,,,,,627,7735,,,,,,627,7735,,,,,,,,,本科,,,,,
8265513,海南,本科批,物理,,X9A8D3A,专业组04,西安工业大学,D243,汉语言文学,,,,,,637,6498,,,,,,637,6498,,,,,,,,,本科,,,,,
8267692,海南,本科批,物理,,X6BDDCF,专业组03,浙江工商大学,0FF3,食品科学与工程类（包含专业：食品科学与工程、食品质量与安全）,包含专业：食品科学与工程、食品质量与安全,,,,,619,8868,,,,,,619,8868,,,,,,,,,本科,,,,,
8267693,海南,本科批,物理,,X6BDDCF,专业组02,浙江工商大学,F2C5,旅游管理类（包含专业：旅游管理、酒店管理）,包含专业：旅游管理、酒店管理,,,,,629,7486,,,,,,629,7486,,,,,,,,,本科,,,,,
8267694,海南,本科批,物理,,X6BDDCF,专业组02,浙江工商大学,0E54,保险学,,,,,,639,6231,,,,,,639,6231,,,,,,,,,本科,,,,,
8267695,海南,本科批,物理,,X6BDDCF,专业组02,浙江工商大学,0FBC,金融学,,,,,,640,6127,,,,,,640,6127,,,,,,,,,本科,,,,,
8267696,海南,本科批,物理,,X6BDDCF,专业组02,浙江工商大学,FA6A,电子商务类（包含专业：电子商务、物流管理）,包含专业：电子商务、物流管理,,,,,645,5610,,,,,,645,5610,,,,,,,,,本科,,,,,
8267697,海南,本科批,物理,,X6BDDCF,专业组02,浙江工商大学,A8C6,新闻传播学类（包含专业：广告学、新闻学、网络与新媒体）,包含专业：广告学、新闻学、网络与新媒体,,,,,648,5279,,,,,,648,5279,,,,,,,,,本科,,,,,
8267698,海南,本科批,物理,,X6BDDCF,专业组02,浙江工商大学,A4A4,经济学类（包含专业：经济学、国际经济与贸易）,包含专业：经济学、国际经济与贸易,,,,,655,4593,,,,,,655,4593,,,,,,,,,本科,,,,,
8267699,海南,本科批,物理,,X6BDDCF,专业组02,浙江工商大学,C5F1,法学类（包含专业：法学、知识产权）,包含专业：法学、知识产权,,,,,665,3764,,,,,,665,3764,,,,,,,,,本科,,,,,
8267700,海南,本科批,物理,,X6BDDCF,专业组02,浙江工商大学,399C,会计学（含（会计学、财务管理、审计学、会计学ACCA专业）,含（会计学、财务管理、审计学、会计学ACCA专业,,,,,667,3616,,,,,,667,3616,,,,,,,,,本科,,,,,
8268344,海南,本科批,物理,,XAA54E8,专业组03,黑龙江大学,4ECE,土木工程,,,,,,483,41779,,,,,,483,41779,,,,,,,,,本科,,,,,
8268345,海南,本科批,物理,,XAA54E8,专业组03,黑龙江大学,7D22,材料化学,,,,,,489,40101,,,,,,489,40101,,,,,,,,,本科,,,,,
8268346,海南,本科批,物理,,XAA54E8,专业组03,黑龙江大学,52FD,应用化学,,,,,,496,38160,,,,,,496,38160,,,,,,,,,本科,,,,,
8268347,海南,本科批,物理,,XAA54E8,专业组03,黑龙江大学,F89C,生物技术,,,,,,536,26922,,,,,,536,26922,,,,,,,,,本科,,,,,
8268348,海南,本科批,物理,,XAA54E8,专业组03,黑龙江大学,5E49,食品科学与工程,,,,,,538,26380,,,,,,538,26380,,,,,,,,,本科,,,,,
8268349,海南,本科批,物理,,XAA54E8,专业组03,黑龙江大学,802A,物理学,,,,,,550,23151,,,,,,550,23151,,,,,,,,,本科,,,,,
8268350,海南,本科批,物理,,XAA54E8,专业组03,黑龙江大学,C1B4,水利水电工程,,,,,,552,22661,,,,,,552,22661,,,,,,,,,本科,,,,,
8268351,海南,高校专项计划批次,物理,,XAA54E8,专业组物化,黑龙江大学,32FE,电子信息类（高校专项计划）,高校专项计划,,,,,578,16442,,,,,,578,16442,,,,,,,,,本科,,,,,
8268352,海南,本科提前批,物理,,XAA54E8,专业组01,黑龙江大学,FC90,俄语,,,,,,588,14321,,,,,,588,14321,,,,,,,,,本科,,,,,
8268353,海南,本科批,物理,,XAA54E8,专业组02,黑龙江大学,9CA5,传播学,,,,,,590,13900,,,,,,590,13900,,,,,,,,,本科,,,,,
8268354,海南,本科批,物理,,XAA54E8,专业组02,黑龙江大学,4154,电子商务,,,,,,592,13501,,,,,,592,13501,,,,,,,,,本科,,,,,
8268355,海南,本科批,物理,,XAA54E8,专业组02,黑龙江大学,3739,广告学,,,,,,592,13501,,,,,,592,13501,,,,,,,,,本科,,,,,
8268356,海南,本科批,物理,,XAA54E8,专业组02,黑龙江大学,25DE,国际经济与贸易,,,,,,592,13501,,,,,,592,13501,,,,,,,,,本科,,,,,
8268357,海南,本科批,物理,,XAA54E8,专业组02,黑龙江大学,68F4,新闻学,,,,,,598,12377,,,,,,598,12377,,,,,,,,,本科,,,,,
8268358,海南,本科批,物理,,XAA54E8,专业组02,黑龙江大学,04A0,工商管理,,,,,,599,12200,,,,,,599,12200,,,,,,,,,本科,,,,,
8268359,海南,本科批,物理,,XAA54E8,专业组02,黑龙江大学,0FBC,金融学,,,,,,600,12004,,,,,,600,12004,,,,,,,,,本科,,,,,
8268360,海南,本科批,物理,,XAA54E8,专业组02,黑龙江大学,5E19,会计学,,,,,,602,11656,,,,,,602,11656,,,,,,,,,本科,,,,,
8268361,海南,本科批,物理,,XAA54E8,专业组04,黑龙江大学,A615,汉语国际教育,,,,,,616,9314,,,,,,616,9314,,,,,,,,,本科,,,,,
8268362,海南,本科批,物理,,XAA54E8,专业组04,黑龙江大学,D243,汉语言文学,,,,,,633,6965,,,,,,633,6965,,,,,,,,,本科,,,,,
8269714,海南,本科批,物理,,X55FA9C,专业组01,西安邮电大学,FB18,财务管理,,,,,,619,8868,,,,,,619,8868,,,,,,,,,本科,,,,,
8269715,海南,本科批,物理,,X55FA9C,专业组01,西安邮电大学,FBFE,物流管理,,,,,,622,8436,,,,,,622,8436,,,,,,,,,本科,,,,,
8269716,海南,本科批,物理,,X55FA9C,专业组01,西安邮电大学,4154,电子商务,,,,,,625,8008,,,,,,625,8008,,,,,,,,,本科,,,,,
8269717,海南,本科批,物理,,X55FA9C,专业组02,西安邮电大学,3298,智能感知工程,,,,,,637,6498,,,,,,637,6498,,,,,,,,,本科,,,,,
8269718,海南,本科批,物理,,X55FA9C,专业组02,西安邮电大学,A687,光电信息科学与工程,,,,,,637,6498,,,,,,637,6498,,,,,,,,,本科,,,,,
8269719,海南,本科批,物理,,X55FA9C,专业组02,西安邮电大学,6995,网络工程,,,,,,640,6127,,,,,,640,6127,,,,,,,,,本科,,,,,
8269720,海南,本科批,物理,,X55FA9C,专业组02,西安邮电大学,29F4,物联网工程,,,,,,642,5905,,,,,,642,5905,,,,,,,,,本科,,,,,
8269721,海南,本科批,物理,,X55FA9C,专业组02,西安邮电大学,ECA4,通信工程,,,,,,650,5072,,,,,,650,5072,,,,,,,,,本科,,,,,
8269722,海南,本科批,物理,,X55FA9C,专业组02,西安邮电大学,3C38,软件工程,,,,,,651,4974,,,,,,651,4974,,,,,,,,,本科,,,,,
8269723,海南,本科批,物理,,X55FA9C,专业组02,西安邮电大学,B001,信息安全,,,,,,656,4510,,,,,,656,4510,,,,,,,,,本科,,,,,
8269724,海南,本科批,物理,,X55FA9C,专业组02,西安邮电大学,B9A5,计算机科学与技术,,,,,,658,4330,,,,,,658,4330,,,,,,,,,本科,,,,,
8270517,海南,本科批,物理,,X486623,专业组03,郑州航空工业管理学院,ABEC,材料类（包含专业：材料科学与工程、功能材料、材料）,包含专业：材料科学与工程、功能材料、材料,,,,,540,25810,,,,,,540,25810,,,,,,,,,本科,,,,,
8270518,海南,本科批,物理,,X486623,专业组03,郑州航空工业管理学院,25FE,数学与应用数学,,,,,,542,25271,,,,,,542,25271,,,,,,,,,本科,,,,,
8270519,海南,本科批,物理,,X486623,专业组03,郑州航空工业管理学院,E57E,电子信息类（包含专业：电子信息工程、通信工程）,包含专业：电子信息工程、通信工程,,,,,543,24997,,,,,,543,24997,,,,,,,,,本科,,,,,
8270520,海南,本科批,物理,,X486623,专业组03,郑州航空工业管理学院,C220,飞行器适航技术,,,,,,554,22142,,,,,,554,22142,,,,,,,,,本科,,,,,
8270521,海南,本科批,物理,,X486623,专业组03,郑州航空工业管理学院,F068,人工智能,,,,,,556,21627,,,,,,556,21627,,,,,,,,,本科,,,,,
8270522,海南,本科批,物理,,X486623,专业组03,郑州航空工业管理学院,E1D9,计算机类（包含专业：计算机科学与技术、软件工程、网络工程）,包含专业：计算机科学与技术、软件工程、网络工程,,,,,570,18200,,,,,,570,18200,,,,,,,,,本科,,,,,
8270523,海南,本科批,物理,,X486623,专业组01,郑州航空工业管理学院,FD3B,外国语言文学类（包含专业：英语、翻译）,包含专业：英语、翻译,,,,,570,18200,,,,,,570,18200,,,,,,,,,本科,,,,,
8270524,海南,本科批,物理,,X486623,专业组03,郑州航空工业管理学院,A5B7,电气工程及其自动化,,,,,,571,17978,,,,,,571,17978,,,,,,,,,本科,,,,,
8270525,海南,本科批,物理,,X486623,专业组02,郑州航空工业管理学院,14D2,工商管理类（包含专业：会计学、会计学（注册会计师方源管理、市场营销向）、审计学、财务管理、工商管理、人力资）,包含专业：会计学、会计学（注册会计师方源管理、市场营销向,,,,,575,17087,,,,,,575,17087,,,,,,,,,本科,,,,,
8270526,海南,本科批,物理,,X486623,专业组02,郑州航空工业管理学院,CEE2,经济学类（包含专业：经济学、经济统计学）,包含专业：经济学、经济统计学,,,,,578,16442,,,,,,578,16442,,,,,,,,,本科,,,,,
8270527,海南,本科批,物理,,X486623,专业组02,郑州航空工业管理学院,D681,信息管理与信息系统,,,,,,578,16442,,,,,,578,16442,,,,,,,,,本科,,,,,
8270528,海南,本科批,物理,,X486623,专业组02,郑州航空工业管理学院,60F5,物流管理与工程类（包含专业：物流管理、物流工程）,包含专业：物流管理、物流工程,,,,,581,15788,,,,,,581,15788,,,,,,,,,本科,,,,,
8270529,海南,本科批,物理,,X486623,专业组02,郑州航空工业管理学院,5601,工业工程类（包含专业：工业工程、质量管理工程）,包含专业：工业工程、质量管理工程,,,,,593,13321,,,,,,593,13321,,,,,,,,,本科,,,,,
8271366,海南,本科批,物理,,XC662C9,专业组04,上海立信会计金融学院,C0DA,应用统计学,,,,,,596,12722,,,,,,596,12722,,,,,,,,,本科,,,,,
8271367,海南,本科批,物理,,XC662C9,专业组04,上海立信会计金融学院,03B1,智能科学与技术,,,,,,600,12004,,,,,,600,12004,,,,,,,,,本科,,,,,
8271368,海南,本科批,物理,,XC662C9,专业组04,上海立信会计金融学院,4718,数据科学与大数据技术,,,,,,610,10279,,,,,,610,10279,,,,,,,,,本科,,,,,
8271369,海南,本科批,物理,,XC662C9,专业组03,上海立信会计金融学院,16DF,金融工程,,,,,,616,9314,,,,,,616,9314,,,,,,,,,本科,,,,,
8271370,海南,本科批,物理,,XC662C9,专业组03,上海立信会计金融学院,BD59,金融科技,,,,,,620,8717,,,,,,620,8717,,,,,,,,,本科,,,,,
8271371,海南,本科批,物理,,XC662C9,专业组02,上海立信会计金融学院,7D20,信用管理,,,,,,626,7880,,,,,,626,7880,,,,,,,,,本科,,,,,
8271372,海南,本科批,物理,,XC662C9,专业组03,上海立信会计金融学院,4869,投资学,,,,,,628,7623,,,,,,628,7623,,,,,,,,,本科,,,,,
8271373,海南,本科批,物理,,XC662C9,专业组02,上海立信会计金融学院,E6CB,社会工作,,,,,,628,7623,,,,,,628,7623,,,,,,,,,本科,,,,,
8271374,海南,本科批,物理,,XC662C9,专业组04,上海立信会计金融学院,B9A5,计算机科学与技术,,,,,,628,7623,,,,,,628,7623,,,,,,,,,本科,,,,,
8271375,海南,本科批,物理,,XC662C9,专业组02,上海立信会计金融学院,04A0,工商管理,,,,,,629,7486,,,,,,629,7486,,,,,,,,,本科,,,,,
8271376,海南,本科批,物理,,XC662C9,专业组02,上海立信会计金融学院,25DE,国际经济与贸易,,,,,,630,7329,,,,,,630,7329,,,,,,,,,本科,,,,,
8271377,海南,本科批,物理,,XC662C9,专业组02,上海立信会计金融学院,0FBC,金融学,,,,,,633,6965,,,,,,633,6965,,,,,,,,,本科,,,,,
8271378,海南,本科批,物理,,XC662C9,专业组02,上海立信会计金融学院,42F1,资产评估,,,,,,634,6830,,,,,,634,6830,,,,,,,,,本科,,,,,
8271379,海南,本科批,物理,,XC662C9,专业组02,上海立信会计金融学院,6AB9,经济学,,,,,,635,6726,,,,,,635,6726,,,,,,,,,本科,,,,,
8271380,海南,本科批,物理,,XC662C9,专业组02,上海立信会计金融学院,21BA,财政学,,,,,,640,6127,,,,,,640,6127,,,,,,,,,本科,,,,,
8271381,海南,本科批,物理,,XC662C9,专业组02,上海立信会计金融学院,1D5E,税收学,,,,,,643,5793,,,,,,643,5793,,,,,,,,,本科,,,,,
8271382,海南,本科批,物理,,XC662C9,专业组02,上海立信会计金融学院,978C,审计学,,,,,,651,4974,,,,,,651,4974,,,,,,,,,本科,,,,,
8271383,海南,本科批,物理,,XC662C9,专业组02,上海立信会计金融学院,5E19,会计学,,,,,,651,4974,,,,,,651,4974,,,,,,,,,本科,,,,,
8272079,海南,本科批,物理,,X095608,专业组03,湖北大学,87C0,合成生物学（第一学年在阳逻校区，第二至第四学年在武昌校区）,第一学年在阳逻校区，第二至第四学年在武昌校区,,,,,587,14506,,,,,,587,14506,,,,,,,,,本科,,,,,
8272080,海南,本科批,物理,,X095608,专业组03,湖北大学,4F06,生物科学类（包含专业：生物科学、生物信息学；第一学年在阳逻校区，第二至第四学年在武昌校区）,包含专业：生物科学、生物信息学；第一学年在阳逻校区，第二至第四学年在武昌校区,,,,,596,12722,,,,,,596,12722,,,,,,,,,本科,,,,,
8272081,海南,本科批,物理,,X095608,专业组03,湖北大学,FDB8,环境工程（第一学年在阳逻校区，第二至第四学年视实际情况在阳逻校区或武昌校区）,第一学年在阳逻校区，第二至第四学年视实际情况在阳逻校区或武昌校区,,,,,602,11656,,,,,,602,11656,,,,,,,,,本科,,,,,
8272082,海南,本科批,物理,,X095608,专业组03,湖北大学,E89C,信息安全（第一学年在阳逻校区，第二至第四学年视实际情况在阳逻校区或武昌校区）,第一学年在阳逻校区，第二至第四学年视实际情况在阳逻校区或武昌校区,,,,,613,9795,,,,,,613,9795,,,,,,,,,本科,,,,,
8272083,海南,本科批,物理,,X095608,专业组01,湖北大学,6C70,旅游管理（第一学年在阳逻校区，第二至第四学年在武昌校区）,第一学年在阳逻校区，第二至第四学年在武昌校区,,,,,621,8571,,,,,,621,8571,,,,,,,,,本科,,,,,
8272084,海南,本科批,物理,,X095608,专业组01,湖北大学,DB04,经济学类（包含专业：金融学、国际经济与贸易；第一学年在阳逻校区，第二至第四学年在武昌校区）,包含专业：金融学、国际经济与贸易；第一学年在阳逻校区，第二至第四学年在武昌校区,,,,,621,8571,,,,,,621,8571,,,,,,,,,本科,,,,,
8272085,海南,本科批,物理,,X095608,专业组03,湖北大学,DF08,微电子科学与工程（第一学年在阳逻校区，第二至第四学年视实际情况在阳逻校区或武昌校区）,第一学年在阳逻校区，第二至第四学年视实际情况在阳逻校区或武昌校区,,,,,621,8571,,,,,,621,8571,,,,,,,,,本科,,,,,
8272086,海南,本科批,物理,,X095608,专业组01,湖北大学,7A6C,行政管理（第一学年在阳逻校区，第二至第四学年在武昌校区）,第一学年在阳逻校区，第二至第四学年在武昌校区,,,,,622,8436,,,,,,622,8436,,,,,,,,,本科,,,,,
8272087,海南,本科批,物理,,X095608,专业组01,湖北大学,F821,英语（第一学年在阳逻校区，第二至第四学年在武昌校区）,第一学年在阳逻校区，第二至第四学年在武昌校区,,,,,625,8008,,,,,,625,8008,,,,,,,,,本科,,,,,
8272088,海南,本科批,物理,,X095608,专业组01,湖北大学,4B9D,新闻传播学类（包含专业：新闻学、广告学、传播学；第一学年在阳逻校区，第二至第四学年在武昌校区）,包含专业：新闻学、广告学、传播学；第一学年在阳逻校区，第二至第四学年在武昌校区,,,,,632,7099,,,,,,632,7099,,,,,,,,,本科,,,,,
8272089,海南,本科批,物理,,X095608,专业组02,湖北大学,6DA2,大数据管理与应用（第一学年在阳逻校区，第二至第四学年在武昌校区）,第一学年在阳逻校区，第二至第四学年在武昌校区,,,,,642,5905,,,,,,642,5905,,,,,,,,,本科,,,,,
8272777,海南,本科批,物理,,XA573E5,专业组03,上海工程技术大学,D7F8,材料类（包含专业：材料科学与工程、焊接技术与工程；分流情况详见学校网站；材料科学与工程专业通过工程教育专业认证，上海市一流本科专业建设点）,包含专业：材料科学与工程、焊接技术与工程；分流情况详见学校网站；材料科学与工程专业通过工程教育专业认证，上海市一流本科专业建设点,,,,,593,13321,,,,,,593,13321,,,,,,,,,本科,,,,,
8272778,海南,本科批,物理,,XA573E5,专业组03,上海工程技术大学,EC16,汽车服务工程（上海市一流本科专业建设点）,上海市一流本科专业建设点,,,,,596,12722,,,,,,596,12722,,,,,,,,,本科,,,,,
8272779,海南,本科批,物理,,XA573E5,专业组03,上海工程技术大学,5A45,飞行器制造工程（通过美国AABI认证，上海市一流本科专业建设点；建议男生报考）,通过美国AABI认证，上海市一流本科专业建设点；建议男生报考,,,,,599,12200,,,,,,599,12200,,,,,,,,,本科,,,,,
8272780,海南,本科批,物理,,XA573E5,专业组03,上海工程技术大学,9471,电子信息类（包含专业：计算机科学与技术、自动化、电气工程及其自动化、数据科学与大数据技术、人工智能；分流情况详见学校网站；计算机科学与技术通过工程教育认证，国家一流本科专业建设点；自动化通过工程教育认证，上海一流本科专业建设点；电气工程及其自动化上海市-流本科专业建设）,包含专业：计算机科学与技术、自动化、电气工程及其自动化、数据科学与大数据技术、人工智能；分流情况详见学校网站；计算机科学与技术通过工程教育认证，国家一流本科专业建设点；自动化通过工程教育认证，上海一流本科专业建设点；电气工程及其自动化上海市-流本科专业建设,,,,,601,11844,,,,,,601,11844,,,,,,,,,本科,,,,,
8272781,海南,本科批,物理,,XA573E5,专业组01,上海工程技术大学,0FBC,金融学,,,,,,610,10279,,,,,,610,10279,,,,,,,,,本科,,,,,
8272782,海南,本科批,物理,,XA573E5,专业组01,上海工程技术大学,8CE3,物流管理（民航物流）（上海市一流本科专业建设点）,民航物流; 上海市一流本科专业建设点,,,,,611,10110,,,,,,611,10110,,,,,,,,,本科,,,,,
8272783,海南,本科批,物理,,XA573E5,专业组01,上海工程技术大学,73E4,公共管理类（包含专业：公共事业管理、劳动与社会保障；分流情况详见学校网站；劳动与社会保障专业为上海市一流本科专业建设点）,包含专业：公共事业管理、劳动与社会保障；分流情况详见学校网站；劳动与社会保障专业为上海市一流本科专业建设点,,,,,611,10110,,,,,,611,10110,,,,,,,,,本科,,,,,
8272784,海南,本科批,物理,,XA573E5,专业组01,上海工程技术大学,1F5F,工商管理类（包含专业：工商管理、市场营销、人力资源管理；分流情况详见学校网站；工商管理专业为国家级一流本科专业建设点，市场营销专业为国家级一流本科专业建设点）,包含专业：工商管理、市场营销、人力资源管理；分流情况详见学校网站；工商管理专业为国家级一流本科专业建设点，市场营销专业为国家级一流本科专业建设点,,,,,612,9934,,,,,,612,9934,,,,,,,,,本科,,,,,
8272785,海南,本科批,物理,,XA573E5,专业组01,上海工程技术大学,FBFE,物流管理,,,,,,613,9795,,,,,,613,9795,,,,,,,,,本科,,,,,
8272786,海南,本科批,物理,,XA573E5,专业组01,上海工程技术大学,26BB,养老服务管理,,,,,,614,9643,,,,,,614,9643,,,,,,,,,本科,,,,,
8272787,海南,本科批,物理,,XA573E5,专业组01,上海工程技术大学,FB18,财务管理,,,,,,616,9314,,,,,,616,9314,,,,,,,,,本科,,,,,
8272788,海南,本科批,物理,,XA573E5,专业组02,上海工程技术大学,54B3,管理科学（东方管理）,东方管理,,,,,619,8868,,,,,,619,8868,,,,,,,,,本科,,,,,
8272789,海南,本科批,物理,,XA573E5,专业组01,上海工程技术大学,6248,交通管理（通过美国AABI认证，上海市一流本科专业建设点）,通过美国AABI认证，上海市一流本科专业建设点,,,,,621,8571,,,,,,621,8571,,,,,,,,,本科,,,,,
8272790,海南,本科批,物理,,XA573E5,专业组02,上海工程技术大学,99C9,工程管理（上海市一流本科专业建设点）,上海市一流本科专业建设点,,,,,622,8436,,,,,,622,8436,,,,,,,,,本科,,,,,
8272791,海南,本科批,物理,,XA573E5,专业组02,上海工程技术大学,6CE4,信息管理与信息系统（国家级一流本科专业建设点）,国家级一流本科专业建设点,,,,,629,7486,,,,,,629,7486,,,,,,,,,本科,,,,,
8274169,海南,本科批,物理,,X3C5E14,专业组02,东华理工大学,7112,地下水科学与工程,,,,,,493,39015,,,,,,493,39015,,,,,,,,,本科,,,,,
8274170,海南,本科批,物理,,X3C5E14,专业组02,东华理工大学,D6ED,化学工程与工艺,,,,,,510,34198,,,,,,510,34198,,,,,,,,,本科,,,,,
8274171,海南,本科批,物理,,X3C5E14,专业组02,东华理工大学,52FD,应用化学,,,,,,524,30268,,,,,,524,30268,,,,,,,,,本科,,,,,
8274172,海南,本科批,物理,,X3C5E14,专业组02,东华理工大学,4D44,给排水科学与工程,,,,,,540,25810,,,,,,540,25810,,,,,,,,,本科,,,,,
8274173,海南,本科批,物理,,X3C5E14,专业组02,东华理工大学,91CE,水文与水资源工程,,,,,,546,24228,,,,,,546,24228,,,,,,,,,本科,,,,,
8274174,海南,本科批,物理,,X3C5E14,专业组02,东华理工大学,7E23,环境工程,,,,,,551,22908,,,,,,551,22908,,,,,,,,,本科,,,,,
8274175,海南,本科批,物理,,X3C5E14,专业组02,东华理工大学,A5D2,测控技术与仪器,,,,,,563,19861,,,,,,563,19861,,,,,,,,,本科,,,,,
8274176,海南,本科批,物理,,X3C5E14,专业组02,东华理工大学,8981,防灾减灾科学与工程,,,,,,565,19373,,,,,,565,19373,,,,,,,,,本科,,,,,
8274177,海南,本科批,物理,,X3C5E14,专业组02,东华理工大学,A86C,遥感科学与技术,,,,,,574,17335,,,,,,574,17335,,,,,,,,,本科,,,,,
8274178,海南,本科批,物理,,X3C5E14,专业组02,东华理工大学,ECA4,通信工程,,,,,,584,15113,,,,,,584,15113,,,,,,,,,本科,,,,,
8274179,海南,本科批,物理,,X3C5E14,专业组02,东华理工大学,B9A5,计算机科学与技术,,,,,,588,14321,,,,,,588,14321,,,,,,,,,本科,,,,,
8274180,海南,本科批,物理,,X3C5E14,专业组02,东华理工大学,4C65,自动化,,,,,,592,13501,,,,,,592,13501,,,,,,,,,本科,,,,,
8274181,海南,本科批,物理,,X3C5E14,专业组02,东华理工大学,3897,核工程类（包含专业：核工程与核技术、辐射防护与核安全）,包含专业：核工程与核技术、辐射防护与核安全,,,,,602,11656,,,,,,602,11656,,,,,,,,,本科,,,,,
8274182,海南,本科批,物理,,X3C5E14,专业组01,东华理工大学,9580,广告学（抚州校区就读）,抚州校区就读,,,,,613,9795,,,,,,613,9795,,,,,,,,,本科,,,,,
8274183,海南,本科批,物理,,X3C5E14,专业组01,东华理工大学,9E71,法学（抚州校区就读）,抚州校区就读,,,,,616,9314,,,,,,616,9314,,,,,,,,,本科,,,,,
8274184,海南,本科批,物理,,X3C5E14,专业组01,东华理工大学,A80A,汉语言文学（对外文化交流方向）（抚州校区就读）,对外文化交流方向; 抚州校区就读,,,,,625,8008,,,,,,625,8008,,,,,,,,,本科,,,,,
8274959,海南,本科批,物理,,XF34853,专业组02,中国计量大学,A687,光电信息科学与工程,,,,,,639,6231,,,,,,639,6231,,,,,,,,,本科,,,,,
8274960,海南,本科批,物理,,XF34853,专业组02,中国计量大学,C734,电子科学与技术,,,,,,642,5905,,,,,,642,5905,,,,,,,,,本科,,,,,
8274961,海南,本科批,物理,,XF34853,专业组02,中国计量大学,4C65,自动化,,,,,,643,5793,,,,,,643,5793,,,,,,,,,本科,,,,,
8274962,海南,本科批,物理,,XF34853,专业组02,中国计量大学,93E3,电子信息工程,,,,,,644,5701,,,,,,644,5701,,,,,,,,,本科,,,,,
8274963,海南,本科批,物理,,XF34853,专业组01,中国计量大学,EBA7,标准化工程,,,,,,644,5701,,,,,,644,5701,,,,,,,,,本科,,,,,
8274964,海南,本科批,物理,,XF34853,专业组01,中国计量大学,5936,质量管理工程,,,,,,645,5610,,,,,,645,5610,,,,,,,,,本科,,,,,
8274965,海南,本科批,物理,,XF34853,专业组02,中国计量大学,A5D2,测控技术与仪器,,,,,,645,5610,,,,,,645,5610,,,,,,,,,本科,,,,,
8274966,海南,本科批,物理,,XF34853,专业组02,中国计量大学,A5B7,电气工程及其自动化,,,,,,647,5370,,,,,,647,5370,,,,,,,,,本科,,,,,
8275712,海南,本科批,物理,,XE8F1F1,专业组02,石家庄铁道大学,06CC,土木类（包含专业：土木工程、测绘工程、城市地下空间工程、勘查技术与工程、智能建造）,包含专业：土木工程、测绘工程、城市地下空间工程、勘查技术与工程、智能建造,,,,,585,14905,,,,,,585,14905,,,,,,,,,本科,,,,,
8275713,海南,本科批,物理,,XE8F1F1,专业组02,石家庄铁道大学,78FF,机械设计制造及其自动化,,,,,,593,13321,,,,,,593,13321,,,,,,,,,本科,,,,,
8275714,海南,本科批,物理,,XE8F1F1,专业组01,石家庄铁道大学,55F4,工商管理类（包含专业：会计学、财务管理、市场营销）,包含专业：会计学、财务管理、市场营销,,,,,598,12377,,,,,,598,12377,,,,,,,,,本科,,,,,
8275715,海南,本科批,物理,,XE8F1F1,专业组02,石家庄铁道大学,93E3,电子信息工程,,,,,,603,11475,,,,,,603,11475,,,,,,,,,本科,,,,,
8276484,海南,本科批,物理,,XF5A5F0,专业组81,哈尔滨医科大学,9B17,生物信息学,,,,,,481,42257,,,,,,481,42257,,,,,,,,,本科,,,,,
8276485,海南,本科批,物理,,XF5A5F0,专业组80,哈尔滨医科大学,A39E,预防医学,,,,,,488,40419,,,,,,488,40419,,,,,,,,,本科,,,,,
8276486,海南,本科批,物理,,XF5A5F0,专业组81,哈尔滨医科大学,FFE8,生物医学工程,,,,,,490,39844,,,,,,490,39844,,,,,,,,,本科,,,,,
8276487,海南,本科批,物理,,XF5A5F0,专业组81,哈尔滨医科大学,81B6,智能医学工程（哈尔滨工业大学-哈尔滨医科大学联合学士学位）,哈尔滨工业大学-哈尔滨医科大学联合学士学位,,,,,496,38160,,,,,,496,38160,,,,,,,,,本科,,,,,
8276488,海南,本科批,物理,,XF5A5F0,专业组80,哈尔滨医科大学,765E,临床药学,,,,,,507,35056,,,,,,507,35056,,,,,,,,,本科,,,,,
8276489,海南,本科批,物理,,XF5A5F0,专业组80,哈尔滨医科大学,FE60,基础医学,,,,,,526,29707,,,,,,526,29707,,,,,,,,,本科,,,,,
8276490,海南,本科批,物理,,XF5A5F0,专业组02,哈尔滨医科大学,CD64,儿科学,,,,,,640,6127,,,,,,640,6127,,,,,,,,,本科,,,,,
8276491,海南,本科批,物理,,XF5A5F0,专业组02,哈尔滨医科大学,57E6,医学影像学,,,,,,640,6127,,,,,,640,6127,,,,,,,,,本科,,,,,
8276492,海南,本科批,物理,,XF5A5F0,专业组02,哈尔滨医科大学,9C74,眼视光医学,,,,,,643,5793,,,,,,643,5793,,,,,,,,,本科,,,,,
8276493,海南,本科批,物理,,XF5A5F0,专业组02,哈尔滨医科大学,A5C6,麻醉学,,,,,,643,5793,,,,,,643,5793,,,,,,,,,本科,,,,,
8276494,海南,本科批,物理,,XF5A5F0,专业组02,哈尔滨医科大学,8A37,基础医学（伍连德班）,伍连德班,,,,,646,5489,,,,,,646,5489,,,,,,,,,本科,,,,,
8276495,海南,本科批,物理,,XF5A5F0,专业组02,哈尔滨医科大学,97D0,临床医学,,,,,,658,4330,,,,,,658,4330,,,,,,,,,本科,,,,,
8276496,海南,本科批,物理,,XF5A5F0,专业组02,哈尔滨医科大学,5DA6,口腔医学,,,,,,668,3539,,,,,,668,3539,,,,,,,,,本科,,,,,
8276497,海南,本科批,物理,,XF5A5F0,专业组82,哈尔滨医科大学,3B42,精神医学,,,,,,686,2406,,,,,,686,2406,,,,,,,,,本科,,,,,
8276498,海南,本科批,物理,,XF5A5F0,专业组02,哈尔滨医科大学,3533,临床医学（5+3一体化，儿科学硕士）,5+3一体化，儿科学硕士,,,,,696,1913,,,,,,696,1913,,,,,,,,,本科,,,,,
8276499,海南,本科批,物理,,XF5A5F0,专业组02,哈尔滨医科大学,A4EA,临床医学（5+3一体化）,5+3一体化,,,,,700,1737,,,,,,700,1737,,,,,,,,,本科,,,,,
8276500,海南,本科批,物理,,XF5A5F0,专业组02,哈尔滨医科大学,E948,临床医学（5+3一体化，于维汉班）,5+3一体化，于维汉班,,,,,715,1207,,,,,,715,1207,,,,,,,,,本科,,,,,
8277266,海南,本科批,物理,,X7CB09D,专业组02,沈阳工业大学,6A3A,建筑环境与能源应用工程,,,,,,576,16888,,,,,,576,16888,,,,,,,,,本科,,,,,
8277267,海南,本科批,物理,,X7CB09D,专业组02,沈阳工业大学,2B47,智能建造,,,,,,576,16888,,,,,,576,16888,,,,,,,,,本科,,,,,
8277268,海南,本科批,物理,,X7CB09D,专业组02,沈阳工业大学,8C0C,工业智能,,,,,,579,16225,,,,,,579,16225,,,,,,,,,本科,,,,,
8277269,海南,本科批,物理,,X7CB09D,专业组02,沈阳工业大学,C734,电子科学与技术,,,,,,581,15788,,,,,,581,15788,,,,,,,,,本科,,,,,
8277270,海南,本科批,物理,,X7CB09D,专业组02,沈阳工业大学,03B1,智能科学与技术,,,,,,588,14321,,,,,,588,14321,,,,,,,,,本科,,,,,
8277271,海南,本科批,物理,,X7CB09D,专业组02,沈阳工业大学,A5D2,测控技术与仪器,,,,,,596,12722,,,,,,596,12722,,,,,,,,,本科,,,,,
8277272,海南,本科批,物理,,X7CB09D,专业组02,沈阳工业大学,ECA4,通信工程,,,,,,602,11656,,,,,,602,11656,,,,,,,,,本科,,,,,
8277273,海南,本科批,物理,,X7CB09D,专业组02,沈阳工业大学,78FF,机械设计制造及其自动化,,,,,,602,11656,,,,,,602,11656,,,,,,,,,本科,,,,,
8277274,海南,本科批,物理,,X7CB09D,专业组02,沈阳工业大学,4C65,自动化,,,,,,604,11285,,,,,,604,11285,,,,,,,,,本科,,,,,
8277275,海南,本科批,物理,,X7CB09D,专业组02,沈阳工业大学,B9A5,计算机科学与技术,,,,,,611,10110,,,,,,611,10110,,,,,,,,,本科,,,,,
8277276,海南,本科批,物理,,X7CB09D,专业组01,沈阳工业大学,B507,机械设计制造及其自动化（国家专项计划）,国家专项计划,,,,,623,8295,,,,,,623,8295,,,,,,,,,本科,,,,,
8277277,海南,本科批,物理,,X7CB09D,专业组02,沈阳工业大学,A5B7,电气工程及其自动化,,,,,,626,7880,,,,,,626,7880,,,,,,,,,本科,,,,,
8278084,海南,本科批,物理,,XB88582,专业组80,江苏科技大学,4ECE,土木工程,,,,,,578,16442,,,,,,578,16442,,,,,,,,,本科,,,,,
8278085,海南,本科批,物理,,XB88582,专业组04,江苏科技大学,D0E1,政治学与行政学,,,,,,607,10761,,,,,,607,10761,,,,,,,,,本科,,,,,
8278086,海南,本科批,物理,,XB88582,专业组80,江苏科技大学,557A,港口航道与海岸工程,,,,,,610,10279,,,,,,610,10279,,,,,,,,,本科,,,,,
8278087,海南,本科批,物理,,XB88582,专业组02,江苏科技大学,CA0F,旅游管理,,,,,,613,9795,,,,,,613,9795,,,,,,,,,本科,,,,,
8278088,海南,本科批,物理,,XB88582,专业组03,江苏科技大学,375C,海洋工程类,,,,,,616,9314,,,,,,616,9314,,,,,,,,,本科,,,,,
8278089,海南,本科批,物理,,XB88582,专业组03,江苏科技大学,4C65,自动化,,,,,,627,7735,,,,,,627,7735,,,,,,,,,本科,,,,,
8278713,海南,本科批,物理,,XF13F19,专业组01,中国医科大学,97D0,临床医学,,,,,,688,2294,,,,,,688,2294,,,,,,,,,本科,,,,,
8279122,海南,本科批,物理,,XA2BA21,专业组02,上海海洋大学,E9A7,环境科学与工程,,,,,,600,12004,,,,,,600,12004,,,,,,,,,本科,,,,,
8279123,海南,本科批,物理,,XA2BA21,专业组02,上海海洋大学,14FD,海洋科学类（包含专业：海洋科学、海洋技术）,包含专业：海洋科学、海洋技术,,,,,605,11138,,,,,,605,11138,,,,,,,,,本科,,,,,
8279124,海南,本科批,物理,,XA2BA21,专业组02,上海海洋大学,4EEE,水产类（包含专业：水产养殖学、水族科学与技术、水生动物医学）,包含专业：水产养殖学、水族科学与技术、水生动物医学,,,,,607,10761,,,,,,607,10761,,,,,,,,,本科,,,,,
8279125,海南,本科批,物理,,XA2BA21,专业组01,上海海洋大学,5077,朝鲜语,,,,,,615,9467,,,,,,615,9467,,,,,,,,,本科,,,,,
8279126,海南,本科批,物理,,XA2BA21,专业组01,上海海洋大学,4C13,农林经济管理,,,,,,624,8163,,,,,,624,8163,,,,,,,,,本科,,,,,
8279127,海南,本科批,物理,,XA2BA21,专业组01,上海海洋大学,5F2B,工商管理（食品经济管理）,食品经济管理,,,,,626,7880,,,,,,626,7880,,,,,,,,,本科,,,,,
8279556,海南,本科批,物理,,XFDFA6C,专业组02,成都中医药大学,5FB0,中药资源与开发,,,,,,483,41779,,,,,,483,41779,,,,,,,,,本科,,,,,
8279557,海南,本科批,物理,,XFDFA6C,专业组02,成都中医药大学,92CA,中医养生学,,,,,,503,36239,,,,,,503,36239,,,,,,,,,本科,,,,,
8279558,海南,本科批,物理,,XFDFA6C,专业组02,成都中医药大学,4C2A,中药学,,,,,,505,35622,,,,,,505,35622,,,,,,,,,本科,,,,,
8279559,海南,本科批,物理,,XFDFA6C,专业组02,成都中医药大学,BE91,医学检验技术,,,,,,535,27215,,,,,,535,27215,,,,,,,,,本科,,,,,
8279560,海南,本科批,物理,,XFDFA6C,专业组02,成都中医药大学,A39E,预防医学,,,,,,547,23968,,,,,,547,23968,,,,,,,,,本科,,,,,
8279561,海南,本科批,物理,,XFDFA6C,专业组02,成都中医药大学,40CE,制药工程,,,,,,613,9795,,,,,,613,9795,,,,,,,,,本科,,,,,
8279562,海南,本科批,物理,,XFDFA6C,专业组02,成都中医药大学,2A03,中医骨伤科学,,,,,,617,9159,,,,,,617,9159,,,,,,,,,本科,,,,,
8279563,海南,本科批,物理,,XFDFA6C,专业组01,成都中医药大学,A585,助产学,,,,,,625,8008,,,,,,625,8008,,,,,,,,,本科,,,,,
8279564,海南,本科批,物理,,XFDFA6C,专业组02,成都中医药大学,03FE,中医学,,,,,,629,7486,,,,,,629,7486,,,,,,,,,本科,,,,,
8279565,海南,本科批,物理,,XFDFA6C,专业组01,成都中医药大学,4BF3,护理学,,,,,,630,7329,,,,,,630,7329,,,,,,,,,本科,,,,,
8279566,海南,本科批,物理,,XFDFA6C,专业组02,成都中医药大学,97D0,临床医学,,,,,,659,4256,,,,,,659,4256,,,,,,,,,本科,,,,,
8280221,海南,本科批,物理,,XA10288,专业组02,安徽财经大学,16DF,金融工程,,,,,,601,11844,,,,,,601,11844,,,,,,,,,本科,,,,,
8280222,海南,本科批,物理,,XA10288,专业组02,安徽财经大学,A0C4,管理科学与工程类（包含专业：信息管理与信息系统、工程管理、工程造价）,包含专业：信息管理与信息系统、工程管理、工程造价,,,,,602,11656,,,,,,602,11656,,,,,,,,,本科,,,,,
8280223,海南,本科批,物理,,XA10288,专业组02,安徽财经大学,1C92,数字经济,,,,,,603,11475,,,,,,603,11475,,,,,,,,,本科,,,,,
8280224,海南,本科批,物理,,XA10288,专业组01,安徽财经大学,3E25,国际商务,,,,,,607,10761,,,,,,607,10761,,,,,,,,,本科,,,,,
8280225,海南,本科批,物理,,XA10288,专业组01,安徽财经大学,1049,商务英语,,,,,,607,10761,,,,,,607,10761,,,,,,,,,本科,,,,,
8280226,海南,本科批,物理,,XA10288,专业组01,安徽财经大学,1F9F,经济与贸易类（包含专业：国际经济与贸易、贸易经济）,包含专业：国际经济与贸易、贸易经济,,,,,608,10596,,,,,,608,10596,,,,,,,,,本科,,,,,
8280227,海南,本科批,物理,,XA10288,专业组01,安徽财经大学,CECC,工商管理类（包含专业：工商管理、市场营销、人力资源管理）,包含专业：工商管理、市场营销、人力资源管理,,,,,609,10437,,,,,,609,10437,,,,,,,,,本科,,,,,
8280228,海南,本科批,物理,,XA10288,专业组01,安徽财经大学,FBFE,物流管理,,,,,,609,10437,,,,,,609,10437,,,,,,,,,本科,,,,,
8280229,海南,本科批,物理,,XA10288,专业组03,安徽财经大学,76B9,统计学,,,,,,609,10437,,,,,,609,10437,,,,,,,,,本科,,,,,
8280230,海南,本科批,物理,,XA10288,专业组01,安徽财经大学,CA0F,旅游管理,,,,,,610,10279,,,,,,610,10279,,,,,,,,,本科,,,,,
8280231,海南,本科批,物理,,XA10288,专业组01,安徽财经大学,0FBC,金融学,,,,,,613,9795,,,,,,613,9795,,,,,,,,,本科,,,,,
8280232,海南,本科批,物理,,XA10288,专业组01,安徽财经大学,7FA1,供应链管理,,,,,,614,9643,,,,,,614,9643,,,,,,,,,本科,,,,,
8280233,海南,本科批,物理,,XA10288,专业组01,安徽财经大学,B6B2,金融学类（包含专业：投资学、保险学）,包含专业：投资学、保险学,,,,,616,9314,,,,,,616,9314,,,,,,,,,本科,,,,,
8280234,海南,本科批,物理,,XA10288,专业组01,安徽财经大学,1BAB,经济学类（包含专业：经济学、国民经济管理）,包含专业：经济学、国民经济管理,,,,,620,8717,,,,,,620,8717,,,,,,,,,本科,,,,,
8280235,海南,本科批,物理,,XA10288,专业组01,安徽财经大学,B088,财政学类（包含专业：财政学、税收学）,包含专业：财政学、税收学,,,,,625,8008,,,,,,625,8008,,,,,,,,,本科,,,,,
8280236,海南,本科批,物理,,XA10288,专业组01,安徽财经大学,978C,审计学,,,,,,628,7623,,,,,,628,7623,,,,,,,,,本科,,,,,
8280237,海南,本科批,物理,,XA10288,专业组01,安徽财经大学,5E19,会计学,,,,,,631,7228,,,,,,631,7228,,,,,,,,,本科,,,,,
8280665,海南,本科批,物理,,X2D3761,专业组01,江汉大学,CA0F,旅游管理,,,,,,589,14092,,,,,,589,14092,,,,,,,,,本科,,,,,
8280666,海南,本科批,物理,,X2D3761,专业组01,江汉大学,3739,广告学,,,,,,617,9159,,,,,,617,9159,,,,,,,,,本科,,,,,
8281287,海南,本科批,物理,,XCFEFE8,专业组03,南京林业大学,F373,环境工程（不招色弱、色盲；一年级在南京白马校区，二、三、四年级在南京新庄校区）,不招色弱、色盲；一年级在南京白马校区，二、三、四年级在南京新庄校区,,,,,588,14321,,,,,,588,14321,,,,,,,,,本科,,,,,
8281288,海南,本科批,物理,,XCFEFE8,专业组03,南京林业大学,EB4B,环境科学（一年级在南京白马校区，二、三、四年级在南京新庄校区）,一年级在南京白马校区，二、三、四年级在南京新庄校区,,,,,590,13900,,,,,,590,13900,,,,,,,,,本科,,,,,
8281289,海南,本科批,物理,,XCFEFE8,专业组03,南京林业大学,27F0,交通运输类（包含专业:交通运输、交通工程;不招色盲;一年级在南京白马校区，二、三、四年级在南京新庄校区）,包含专业:交通运输、交通工程;不招色盲;一年级在南京白马校区，二、三、四年级在南京新庄校区,,,,,592,13501,,,,,,592,13501,,,,,,,,,本科,,,,,
8281290,海南,本科批,物理,,XCFEFE8,专业组03,南京林业大学,1B44,野生动物与自然保护区管理（不招色弱、色盲；一年级在南京白马校区，二、三、四年级在南京新庄校区）,不招色弱、色盲；一年级在南京白马校区，二、三、四年级在南京新庄校区,,,,,593,13321,,,,,,593,13321,,,,,,,,,本科,,,,,
8281291,海南,本科批,物理,,XCFEFE8,专业组03,南京林业大学,B96A,信息与计算科学（一年级在南京白马校区，二、三、四年级在南京新庄校区）,一年级在南京白马校区，二、三、四年级在南京新庄校区,,,,,599,12200,,,,,,599,12200,,,,,,,,,本科,,,,,
8281292,海南,本科批,物理,,XCFEFE8,专业组03,南京林业大学,9830,林学类（包含专业：林学、森林保护、智慧林业、经济林；不招色弱、色盲；一年级在南京白马校区，二、三、四年级在南京新庄校区）,包含专业：林学、森林保护、智慧林业、经济林；不招色弱、色盲；一年级在南京白马校区，二、三、四年级在南京新庄校区,,,,,607,10761,,,,,,607,10761,,,,,,,,,本科,,,,,
8281293,海南,本科批,物理,,XCFEFE8,专业组03,南京林业大学,B126,测绘工程（一年级在南京白马校区，二、三、四年级在南京新庄校区）,一年级在南京白马校区，二、三、四年级在南京新庄校区,,,,,614,9643,,,,,,614,9643,,,,,,,,,本科,,,,,
8281294,海南,本科批,物理,,XCFEFE8,专业组03,南京林业大学,6ED7,食品科学与工程类（包含专业：食品科学与工程、食品质量与安全；不招色弱、色盲；一年级在南京白马校区，二、三、四年级在南京新庄校区）,包含专业：食品科学与工程、食品质量与安全；不招色弱、色盲；一年级在南京白马校区，二、三、四年级在南京新庄校区,,,,,625,8008,,,,,,625,8008,,,,,,,,,本科,,,,,
8281295,海南,本科批,物理,,XCFEFE8,专业组01,南京林业大学,1C71,旅游管理（一年级在南京白马校区，二、三、四年级在南京新庄校区）,一年级在南京白马校区，二、三、四年级在南京新庄校区,,,,,629,7486,,,,,,629,7486,,,,,,,,,本科,,,,,
8281296,海南,本科批,物理,,XCFEFE8,专业组01,南京林业大学,F22A,英语（一年级在南京白马校区，二、三、四年级在南京新庄校区）,一年级在南京白马校区，二、三、四年级在南京新庄校区,,,,,629,7486,,,,,,629,7486,,,,,,,,,本科,,,,,
8281297,海南,本科批,物理,,XCFEFE8,专业组02,南京林业大学,C7B8,工程管理（一年级在南京白马校区，二、三、四年级在南京新庄校区）,一年级在南京白马校区，二、三、四年级在南京新庄校区,,,,,634,6830,,,,,,634,6830,,,,,,,,,本科,,,,,
8281298,海南,本科批,物理,,XCFEFE8,专业组04,南京林业大学,C881,园林（不招色弱、色盲；一年级在南京白马校区，二、三、四年级在南京新庄校区）,不招色弱、色盲；一年级在南京白马校区，二、三、四年级在南京新庄校区,,,,,646,5489,,,,,,646,5489,,,,,,,,,本科,,,,,
8281975,海南,本科批,物理,,X2411C8,专业组04,安徽师范大学,B694,生物制药,,,,,,521,31110,,,,,,521,31110,,,,,,,,,本科,,,,,
8281976,海南,本科批,物理,,X2411C8,专业组04,安徽师范大学,4ED3,生态学,,,,,,553,22416,,,,,,553,22416,,,,,,,,,本科,,,,,
8281977,海南,本科批,物理,,X2411C8,专业组04,安徽师范大学,7E23,环境工程,,,,,,554,22142,,,,,,554,22142,,,,,,,,,本科,,,,,
8281978,海南,本科批,物理,,X2411C8,专业组04,安徽师范大学,5FC4,环境科学,,,,,,561,20364,,,,,,561,20364,,,,,,,,,本科,,,,,
8281979,海南,本科批,物理,,X2411C8,专业组04,安徽师范大学,76B9,统计学,,,,,,562,20113,,,,,,562,20113,,,,,,,,,本科,,,,,
8281980,海南,本科批,物理,,X2411C8,专业组04,安徽师范大学,5E49,食品科学与工程,,,,,,566,19137,,,,,,566,19137,,,,,,,,,本科,,,,,
8281981,海南,本科批,物理,,X2411C8,专业组03,安徽师范大学,CCE9,土地资源管理,,,,,,602,11656,,,,,,602,11656,,,,,,,,,本科,,,,,
8281982,海南,本科批,物理,,X2411C8,专业组03,安徽师范大学,CA0F,旅游管理,,,,,,605,11138,,,,,,605,11138,,,,,,,,,本科,,,,,
8281983,海南,本科批,物理,,X2411C8,专业组03,安徽师范大学,E6CB,社会工作,,,,,,605,11138,,,,,,605,11138,,,,,,,,,本科,,,,,
8282694,海南,本科批,物理,,X076D9E,专业组02,长春理工大学,3477,应用物理学,,,,,,556,21627,,,,,,556,21627,,,,,,,,,本科,,,,,
8282695,海南,本科批,物理,,X076D9E,专业组02,长春理工大学,D6ED,化学工程与工艺,,,,,,557,21396,,,,,,557,21396,,,,,,,,,本科,,,,,
8282696,海南,本科批,物理,,X076D9E,专业组02,长春理工大学,FFE8,生物医学工程,,,,,,561,20364,,,,,,561,20364,,,,,,,,,本科,,,,,
8282697,海南,本科批,物理,,X076D9E,专业组02,长春理工大学,E1BB,功能材料,,,,,,566,19137,,,,,,566,19137,,,,,,,,,本科,,,,,
8282698,海南,本科批,物理,,X076D9E,专业组02,长春理工大学,93E3,电子信息工程,,,,,,575,17087,,,,,,575,17087,,,,,,,,,本科,,,,,
8282699,海南,本科批,物理,,X076D9E,专业组02,长春理工大学,B001,信息安全,,,,,,577,16644,,,,,,577,16644,,,,,,,,,本科,,,,,
8282700,海南,本科批,物理,,X076D9E,专业组01,长春理工大学,3739,广告学,,,,,,585,14905,,,,,,585,14905,,,,,,,,,本科,,,,,
8282701,海南,本科批,物理,,X076D9E,专业组01,长春理工大学,5D72,网络与新媒体,,,,,,586,14706,,,,,,586,14706,,,,,,,,,本科,,,,,
8282702,海南,本科批,物理,,X076D9E,专业组01,长春理工大学,671C,日语,,,,,,588,14321,,,,,,588,14321,,,,,,,,,本科,,,,,
8282703,海南,本科批,物理,,X076D9E,专业组01,长春理工大学,17FE,��语国际教育,,,,,,592,13501,,,,,,592,13501,,,,,,,,,本科,,,,,
8282704,海南,本科批,物理,,X076D9E,专业组01,长春理工大学,E6CB,社会工作,,,,,,592,13501,,,,,,592,13501,,,,,,,,,本科,,,,,
8282705,海南,本科批,物理,,X076D9E,专业组01,长春理工大学,F529,工商管理类（包含专业：工商管理、会计学）,包含专业：工商管理、会计学,,,,,596,12722,,,,,,596,12722,,,,,,,,,本科,,,,,
8282706,海南,本科批,物理,,X076D9E,专业组01,长春理工大学,D243,汉语言文学,,,,,,602,11656,,,,,,602,11656,,,,,,,,,本科,,,,,
8282707,海南,本科批,物理,,X076D9E,专业组02,长春理工大学,A5D2,测控技术与仪器,,,,,,616,9314,,,,,,616,9314,,,,,,,,,本科,,,,,
8282708,海南,本科批,物理,,X076D9E,专业组02,长春理工大学,4718,数据科学与大数据技术,,,,,,617,9159,,,,,,617,9159,,,,,,,,,本科,,,,,
8282709,海南,本科批,物理,,X076D9E,专业组02,长春理工大学,BF17,光电信息科学与工程（工学方向）（工学方向，授工学学位）,工学方向; 工学方向，授工学学位,,,,,618,9022,,,,,,618,9022,,,,,,,,,本科,,,,,
8282710,海南,本科批,物理,,X076D9E,专业组02,长春理工大学,B9A5,计算机科学与技术,,,,,,621,8571,,,,,,621,8571,,,,,,,,,本科,,,,,
8282711,海南,本科批,物理,,X076D9E,专业组02,长春理工大学,2828,光电信息科学与工程（理学方向）（理学方向，授理学学位）,理学方向; 理学方向，授理学学位,,,,,627,7735,,,,,,627,7735,,,,,,,,,本科,,,,,
8283430,海南,本科批,物理,,XDE0EB8,专业组04,广西师范大学,5683,化学（师范）,师范,,,,,566,19137,,,,,,566,19137,,,,,,,,,本科,,,,,
8283431,海南,本科批,物理,,XDE0EB8,专业组04,广西师范大学,F89C,生物技术,,,,,,567,18906,,,,,,567,18906,,,,,,,,,本科,,,,,
8283432,海南,本科批,物理,,XDE0EB8,专业组04,广西师范大学,ECA4,通信工程,,,,,,568,18658,,,,,,568,18658,,,,,,,,,本科,,,,,
8283433,海南,本科批,物理,,XDE0EB8,专业组04,广西师范大学,F068,人工智能,,,,,,569,18472,,,,,,569,18472,,,,,,,,,本科,,,,,
8283434,海南,本科批,物理,,XDE0EB8,专业组04,广西师范大学,0C82,物理学（师范）,师范,,,,,573,17552,,,,,,573,17552,,,,,,,,,本科,,,,,
8283435,海南,本科批,物理,,XDE0EB8,专业组04,广西师范大学,9268,数学与应用数学（师范）,师范,,,,,574,17335,,,,,,574,17335,,,,,,,,,本科,,,,,
8283436,海南,本科批,物理,,XDE0EB8,专业组04,广西师范大学,548C,信息与计算科学,,,,,,577,16644,,,,,,577,16644,,,,,,,,,本科,,,,,
8283437,海南,本科批,物理,,XDE0EB8,专业组04,广西师范大学,76B9,统计学,,,,,,584,15113,,,,,,584,15113,,,,,,,,,本科,,,,,
8283438,海南,本科批,物理,,XDE0EB8,专业组04,广西师范大学,2C65,生物科学（师范）,师范,,,,,589,14092,,,,,,589,14092,,,,,,,,,本科,,,,,
8283439,海南,本科批,物理,,XDE0EB8,专业组03,广西师范大学,BA85,教育技术学（师范）,师范,,,,,607,10761,,,,,,607,10761,,,,,,,,,本科,,,,,
8283440,海南,本科批,物理,,XDE0EB8,专业组02,广西师范大学,6243,应用心理学（师范）,师范,,,,,629,7486,,,,,,629,7486,,,,,,,,,本科,,,,,
8283441,海南,本科批,物理,,XDE0EB8,专业组02,广西师范大学,927B,法学,,,,,,629,7486,,,,,,629,7486,,,,,,,,,本科,,,,,
8283442,海南,本科批,物理,,XDE0EB8,专业组02,广西师范大学,BB6B,英语（师范）,师范,,,,,635,6726,,,,,,635,6726,,,,,,,,,本科,,,,,
8283443,海南,本科批,物理,,XDE0EB8,专业组02,广西师范大学,0A1A,小学教育（师范）,师范,,,,,637,6498,,,,,,637,6498,,,,,,,,,本科,,,,,
8283444,海南,本科批,物理,,XDE0EB8,专业组07,广西师范大学,D4CC,地理科学（师范）,师范,,,,,641,6019,,,,,,641,6019,,,,,,,,,本科,,,,,
8283445,海南,本科批,物理,,XDE0EB8,专业组06,广西师范大学,B53C,汉语言文学（师范）,师范,,,,,642,5905,,,,,,642,5905,,,,,,,,,本科,,,,,
8283446,海南,本科批,物理,,XDE0EB8,专业组06,广西师范大学,DF93,历史学（师范）,师范,,,,,648,5279,,,,,,648,5279,,,,,,,,,本科,,,,,
8283447,海南,本科批,物理,,XDE0EB8,专业组05,广西师范大学,F9EA,思想政治教育（师范）,师范,,,,,660,4172,,,,,,660,4172,,,,,,,,,本科,,,,,
8284474,海南,本科批,物理,,X5069E4,专业组05,重庆文理学院,10A0,药学,,,,,,488,40419,,,,,,488,40419,,,,,,,,,本科,,,,,
8284475,海南,本科批,物理,,X5069E4,专业组05,重庆文理学院,A942,材料科学与工程,,,,,,488,40419,,,,,,488,40419,,,,,,,,,本科,,,,,
8284476,海南,本科批,物理,,X5069E4,专业组05,重庆文理学院,40CE,制药工程,,,,,,506,35366,,,,,,506,35366,,,,,,,,,本科,,,,,
8284477,海南,本科批,物理,,X5069E4,专业组05,重庆文理学院,5FC4,环境科学,,,,,,522,30842,,,,,,522,30842,,,,,,,,,本科,,,,,
8284478,海南,本科批,物理,,X5069E4,专业组05,重庆文理学院,289B,微电子科学与工程,,,,,,525,29966,,,,,,525,29966,,,,,,,,,本科,,,,,
8284479,海南,本科批,物理,,X5069E4,专业组05,重庆文理学院,4ECE,土木工程,,,,,,538,26380,,,,,,538,26380,,,,,,,,,本科,,,,,
8284480,海南,本科批,物理,,X5069E4,专业组05,重庆文理学院,F11A,机器人工程,,,,,,543,24997,,,,,,543,24997,,,,,,,,,本科,,,,,
8284481,海南,本科批,物理,,X5069E4,专业组05,重庆文理学院,F068,人工智能,,,,,,543,24997,,,,,,543,24997,,,,,,,,,本科,,,,,
8284482,海南,本科批,物理,,X5069E4,专业组05,重庆文理学院,8684,智能制造工程,,,,,,546,24228,,,,,,546,24228,,,,,,,,,本科,,,,,
8284483,海南,本科批,物理,,X5069E4,专业组05,重庆文理学院,5B8B,高分子材料与工程,,,,,,547,23968,,,,,,547,23968,,,,,,,,,本科,,,,,
8284484,海南,本科批,物理,,X5069E4,专业组05,重庆文理学院,4718,数据科学与大数据技术,,,,,,556,21627,,,,,,556,21627,,,,,,,,,本科,,,,,
8284485,海南,本科批,物理,,X5069E4,专业组05,重庆文理学院,B9E2,智能电网信息工程,,,,,,560,20621,,,,,,560,20621,,,,,,,,,本科,,,,,
8284486,海南,本科批,物理,,X5069E4,专业组05,重庆文理学院,6995,网络工程,,,,,,561,20364,,,,,,561,20364,,,,,,,,,本科,,,,,
8284487,海南,本科批,物理,,X5069E4,专业组05,重庆文理学院,D06C,机械工程,,,,,,561,20364,,,,,,561,20364,,,,,,,,,本科,,,,,
8284488,海南,本科批,物理,,X5069E4,专业组05,重庆文理学院,3C38,软件工程,,,,,,567,18906,,,,,,567,18906,,,,,,,,,本科,,,,,
8284489,海南,本科批,物理,,X5069E4,专业组05,重庆文理学院,A5B7,电气工程及其自动化,,,,,,579,16225,,,,,,579,16225,,,,,,,,,本科,,,,,
8284490,海南,本科批,物理,,X5069E4,专业组06,重庆文理学院,6E5A,园林,,,,,,579,16225,,,,,,579,16225,,,,,,,,,本科,,,,,
8284491,海南,本科批,物理,,X5069E4,专业组03,重庆文理学院,FB65,风景园林,,,,,,581,15788,,,,,,581,15788,,,,,,,,,本科,,,,,
8284492,海南,本科批,物理,,X5069E4,专业组03,重庆文理学院,A7E8,会展经济与管理,,,,,,581,15788,,,,,,581,15788,,,,,,,,,本科,,,,,
8284493,海南,本科批,物理,,X5069E4,专业组03,重庆文理学院,04A0,工商管理,,,,,,582,15570,,,,,,582,15570,,,,,,,,,本科,,,,,
8285213,海南,本科批,物理,,X3395B0,专业组65,海南医科大学,2E7E,生物信息学（不招色盲、色弱）,不招色盲、色弱,,,,,505,35622,,,,,,505,35622,,,,,,,,,本科,,,,,
8285214,海南,本科批,物理,,X3395B0,专业组65,海南医科大学,B1C2,生物技术（不招色盲、色弱）,不招色盲、色弱,,,,,509,34493,,,,,,509,34493,,,,,,,,,本科,,,,,
8285215,海南,本科批,物理,,X3395B0,专业组65,海南医科大学,4F95,生物统计学,,,,,,516,32517,,,,,,516,32517,,,,,,,,,本科,,,,,
8285216,海南,本科批,物理,,X3395B0,专业组65,海南医科大学,004B,医学信息工程,,,,,,521,31110,,,,,,521,31110,,,,,,,,,本科,,,,,
8285217,海南,本科批,物理,,X3395B0,专业组66,海南医科大学,1F95,海洋药学（不招色盲、色弱）,不招色盲、色弱,,,,,525,29966,,,,,,525,29966,,,,,,,,,本科,,,,,
8285218,海南,本科批,物理,,X3395B0,专业组66,海南医科大学,834C,药学（不招色盲、色弱）,不招色盲、色弱,,,,,525,29966,,,,,,525,29966,,,,,,,,,本科,,,,,
8285219,海南,本科批,物理,,X3395B0,专业组66,海南医科大学,090A,康复治疗学（不招色盲、色弱）,不招色盲、色弱,,,,,525,29966,,,,,,525,29966,,,,,,,,,本科,,,,,
8285220,海南,本科批,物理,,X3395B0,专业组66,海南医科大学,1DEB,中药学（不招色盲、色弱）,不招色盲、色弱,,,,,527,29380,,,,,,527,29380,,,,,,,,,本科,,,,,
8285221,海南,本科批,物理,,X3395B0,专业组63,海南医科大学,F206,护理学（中外合作办学）（不招色盲、色弱；英语单科成绩不低于105分（150分制）,中外合作办学; 不招色盲、色弱；英语单科成绩不低于105分（150分制,,,,,529,28875,,,,,,529,28875,,,,,,,,,本科,,,,,
8285222,海南,本科批,物理,,X3395B0,专业组66,海南医科大学,B364,临床药学（不招色盲、色弱）,不招色盲、色弱,,,,,535,27215,,,,,,535,27215,,,,,,,,,本科,,,,,
8285223,海南,本科批,物理,,X3395B0,专业组10,海南医科大学,BE8A,少数民族预科班（预科毕业分流时所选专业的选科要求与入学当）,预科毕业分流时所选专业的选科要求与入学当,,,,,539,26094,,,,,,539,26094,,,,,,,,,本科,,,,,
8285224,海南,本科批,物理,,X3395B0,专业组66,海南医科大学,E017,医学检验技术（不招色盲、色弱）,不招色盲、色弱,,,,,543,24997,,,,,,543,24997,,,,,,,,,本科,,,,,
8285225,海南,本科批,物理,,X3395B0,专业组66,海南医科大学,203D,卫生检验与检疫（不招色盲、色弱）,不招色盲、色弱,,,,,549,23420,,,,,,549,23420,,,,,,,,,本科,,,,,
8285226,海南,本科批,物理,,X3395B0,专业组09,海南医科大学,B182,针灸推拿学（不招色盲、色弱）,不招色盲、色弱,,,,,550,23151,,,,,,550,23151,,,,,,,,,本科,,,,,
8285227,海南,本科批,物理,,X3395B0,专业组66,海南医科大学,C26E,医学影像技术（不招色盲、色弱）,不招色盲、色弱,,,,,579,16225,,,,,,579,16225,,,,,,,,,本科,,,,,
8285228,海南,本科批,物理,,X3395B0,专业组07,海南医科大学,090D,公共事业管理,,,,,,583,15317,,,,,,583,15317,,,,,,,,,本科,,,,,
8285229,海南,本科批,物理,,X3395B0,专业组08,海南医科大学,FD63,助产学（不招色盲、色弱）,不招色盲、色弱,,,,,587,14506,,,,,,587,14506,,,,,,,,,本科,,,,,
8285230,海南,本科批,物理,,X3395B0,专业组07,海南医科大学,9FD2,健康服务与管理,,,,,,588,14321,,,,,,588,14321,,,,,,,,,本科,,,,,
8285231,海南,本科批,物理,,X3395B0,专业组08,海南医科大学,6DD1,护理学（不招色盲、色弱）,不招色盲、色弱,,,,,588,14321,,,,,,588,14321,,,,,,,,,本科,,,,,
8285232,海南,本科批,物理,,X3395B0,专业组09,海南医科大学,D321,精神医学（不招色盲、色弱）,不招色盲、色弱,,,,,604,11285,,,,,,604,11285,,,,,,,,,本科,,,,,
8286077,海南,本科批,物理,,X0E72B5,专业组02,东北林业大学,5E49,食品科学与工程,,,,,,593,13321,,,,,,593,13321,,,,,,,,,本科,,,,,
8286078,海南,本科批,物理,,X0E72B5,专业组02,东北林业大学,5FC4,环境科学,,,,,,598,12377,,,,,,598,12377,,,,,,,,,本科,,,,,
8286079,海南,本科批,物理,,X0E72B5,专业组02,东北林业大学,7790,林学类,,,,,,601,11844,,,,,,601,11844,,,,,,,,,本科,,,,,
8286080,海南,本科批,物理,,X0E72B5,专业组02,东北林业大学,EF72,国家公园建设与管理,,,,,,602,11656,,,,,,602,11656,,,,,,,,,本科,,,,,
8286081,海南,本科批,物理,,X0E72B5,专业组02,东北林业大学,4ECE,土木工程,,,,,,605,11138,,,,,,605,11138,,,,,,,,,本科,,,,,
8286082,海南,本科批,物理,,X0E72B5,专业组02,东北林业大学,8EA2,机械电子工程,,,,,,614,9643,,,,,,614,9643,,,,,,,,,本科,,,,,
8286083,海南,本科批,物理,,X0E72B5,专业组02,东北林业大学,D035,生物科学类,,,,,,616,9314,,,,,,616,9314,,,,,,,,,本科,,,,,
8286084,海南,本科批,物理,,X0E72B5,专业组02,东北林业大学,861C,电子信息类,,,,,,619,8868,,,,,,619,8868,,,,,,,,,本科,,,,,
8286085,海南,本科批,物理,,X0E72B5,专业组02,东北林业大学,4718,数据科学与大数据技术,,,,,,620,8717,,,,,,620,8717,,,,,,,,,本科,,,,,
8286086,海南,本科批,物理,,X0E72B5,专业组02,东北林业大学,82E6,计算机类,,,,,,623,8295,,,,,,623,8295,,,,,,,,,本科,,,,,
8286087,海南,本科批,物理,,X0E72B5,专业组02,东北林业大学,85BF,电气类,,,,,,625,8008,,,,,,625,8008,,,,,,,,,本科,,,,,
8286088,海南,本科批,物理,,X0E72B5,专业组02,东北林业大学,78FF,机械设计制造及其自动化,,,,,,626,7880,,,,,,626,7880,,,,,,,,,本科,,,,,
8286089,海南,本科批,物理,,X0E72B5,专业组01,东北林业大学,671C,日语,,,,,,632,7099,,,,,,632,7099,,,,,,,,,本科,,,,,
8286090,海南,本科批,物理,,X0E72B5,专业组01,东北林业大学,4145,英语,,,,,,633,6965,,,,,,633,6965,,,,,,,,,本科,,,,,
8286091,海南,本科批,物理,,X0E72B5,专业组01,东北林业大学,EF7C,工商管理类,,,,,,634,6830,,,,,,634,6830,,,,,,,,,本科,,,,,
8286092,海南,本科批,物理,,X0E72B5,专业组01,东北林业大学,FB65,风景园林,,,,,,638,6368,,,,,,638,6368,,,,,,,,,本科,,,,,
8286093,海南,本科批,物理,,X0E72B5,专业组01,东北林业大学,927B,法学,,,,,,665,3764,,,,,,665,3764,,,,,,,,,本科,,,,,
8286950,海南,本科批,物理,,X3450BE,专业组80,云南财经大学,38CF,酒店管理（中外合作办学）（中法合作办学专业，合格毕业生可获国内外双文凭）,中外合作办学; 中法合作办学专业，合格毕业生可获国内外双文凭,,,,,552,22661,,,,,,552,22661,,,,,,,,,本科,,,,,
8286951,海南,本科批,物理,,X3450BE,专业组02,云南财经大学,4A2C,物流工程,,,,,,584,15113,,,,,,584,15113,,,,,,,,,本科,,,,,
8286952,海南,本科批,物理,,X3450BE,专业组01,云南财经大学,10D9,越南语（投档成绩相同者，英语笔试成绩较高者优先录取）,投档成绩相同者，英语笔试成绩较高者优先录取,,,,,593,13321,,,,,,593,13321,,,,,,,,,本科,,,,,
8286953,海南,本科批,物理,,X3450BE,专业组01,云南财经大学,4154,电子商务,,,,,,593,13321,,,,,,593,13321,,,,,,,,,本科,,,,,
8286954,海南,本科批,物理,,X3450BE,专业组01,云南财经大学,3ED7,国际经贸规则,,,,,,594,13128,,,,,,594,13128,,,,,,,,,本科,,,,,
8286955,海南,本科批,物理,,X3450BE,专业组01,云南财经大学,B0CC,互联网金融,,,,,,594,13128,,,,,,594,13128,,,,,,,,,本科,,,,,
8286956,海南,本科批,物理,,X3450BE,专业组01,云南财经大学,BC5A,公共事业管理（第一学期在安宁校区学习）,第一学期在安宁校区学习,,,,,597,12551,,,,,,597,12551,,,,,,,,,本科,,,,,
8286957,海南,本科批,物理,,X3450BE,专业组01,云南财经大学,25DE,国际经济与贸易,,,,,,597,12551,,,,,,597,12551,,,,,,,,,本科,,,,,
8286958,海南,本科批,物理,,X3450BE,专业组01,云南财经大学,0FBC,金融学,,,,,,602,11656,,,,,,602,11656,,,,,,,,,本科,,,,,
8286959,海南,本科批,物理,,X3450BE,专业组01,云南财经大学,FB18,财务管理,,,,,,607,10761,,,,,,607,10761,,,,,,,,,本科,,,,,
8286960,海南,本科批,物理,,X3450BE,专业组01,云南财经大学,978C,审计学,,,,,,611,10110,,,,,,611,10110,,,,,,,,,本科,,,,,
8286961,海南,本科批,物理,,X3450BE,专业组01,云南财经大学,5E19,会计学,,,,,,622,8436,,,,,,622,8436,,,,,,,,,本科,,,,,
8287724,海南,本科批,物理,,X0EB23A,专业组81,北华大学,E919,护理学（中外合作办学）,中外合作办学,,,,,477,43308,,,,,,477,43308,,,,,,,,,本科,,,,,
8287725,海南,本科批,物理,,X0EB23A,专业组02,北华大学,BE91,医学检验技术,,,,,,491,39563,,,,,,491,39563,,,,,,,,,本科,,,,,
8287726,海南,本科批,物理,,X0EB23A,专业组80,北华大学,EA4B,机械设计制造及其自动化（中外合作办学）,中外合作办学,,,,,532,28031,,,,,,532,28031,,,,,,,,,本科,,,,,
8287727,海南,本科批,物理,,X0EB23A,专业组02,北华大学,4C65,自动化,,,,,,537,26650,,,,,,537,26650,,,,,,,,,本科,,,,,
8287728,海南,本科批,物理,,X0EB23A,专业组02,北华大学,3C38,软件工程,,,,,,568,18658,,,,,,568,18658,,,,,,,,,本科,,,,,
8287729,海南,本科批,物理,,X0EB23A,专业组02,北华大学,25FE,数学与应用数学,,,,,,576,16888,,,,,,576,16888,,,,,,,,,本科,,,,,
8287730,海南,本科批,物理,,X0EB23A,专业组03,北华大学,6E5A,园林,,,,,,576,16888,,,,,,576,16888,,,,,,,,,本科,,,,,
8287731,海南,本科批,物理,,X0EB23A,专业组02,北华大学,93E3,电子信息工程,,,,,,577,16644,,,,,,577,16644,,,,,,,,,本科,,,,,
8287732,海南,本科批,物理,,X0EB23A,专业组02,北华大学,ECA4,通信工程,,,,,,581,15788,,,,,,581,15788,,,,,,,,,本科,,,,,
8287733,海南,本科批,物理,,X0EB23A,专业组02,北华大学,A5B7,电气工程及其自动化,,,,,,587,14506,,,,,,587,14506,,,,,,,,,本科,,,,,
8287734,海南,本科批,物理,,X0EB23A,专业组01,北华大学,CA0F,旅游管理,,,,,,591,13666,,,,,,591,13666,,,,,,,,,本科,,,,,
8287735,海南,本科批,物理,,X0EB23A,专业组01,北华大学,FB65,风景园林,,,,,,593,13321,,,,,,593,13321,,,,,,,,,本科,,,,,
8287736,海南,本科批,物理,,X0EB23A,专业组01,北华大学,DCEF,小学教育,,,,,,594,13128,,,,,,594,13128,,,,,,,,,本科,,,,,
8287737,海南,本科批,物理,,X0EB23A,专业组01,北华大学,927B,法学,,,,,,595,12898,,,,,,595,12898,,,,,,,,,本科,,,,,
8287738,海南,本科批,物理,,X0EB23A,专业组01,北华大学,D243,汉语言文学,,,,,,599,12200,,,,,,599,12200,,,,,,,,,本科,,,,,
8287739,海南,本科批,物理,,X0EB23A,专业组04,北华大学,51C8,思想政治教育,,,,,,603,11475,,,,,,603,11475,,,,,,,,,本科,,,,,
8288632,海南,本科批,物理,,XA594C7,专业组03,中北大学,D6ED,化学工程与工艺,,,,,,548,23705,,,,,,548,23705,,,,,,,,,本科,,,,,
8288633,海南,本科批,物理,,XA594C7,专业组03,中北大学,C168,包装工程,,,,,,549,23420,,,,,,549,23420,,,,,,,,,本科,,,,,
8288634,海南,本科批,物理,,XA594C7,专业组03,中北大学,8CE2,特种能源技术与工程,,,,,,549,23420,,,,,,549,23420,,,,,,,,,本科,,,,,
8288635,海南,本科批,物理,,XA594C7,专业组03,中北大学,E2E1,生物工程,,,,,,550,23151,,,,,,550,23151,,,,,,,,,本科,,,,,
8288636,海南,本科批,物理,,XA594C7,专业组03,中北大学,5AC6,工程力学,,,,,,550,23151,,,,,,550,23151,,,,,,,,,本科,,,,,
8288637,海南,本科批,物理,,XA594C7,专业组03,中北大学,7E23,环境工程,,,,,,551,22908,,,,,,551,22908,,,,,,,,,本科,,,,,
8288638,海南,本科批,物理,,XA594C7,专业组03,中北大学,52F8,轨道交通信号与控制,,,,,,551,22908,,,,,,551,22908,,,,,,,,,本科,,,,,
8288639,海南,本科批,物理,,XA594C7,专业组03,中北大学,4ECE,土木工程,,,,,,552,22661,,,,,,552,22661,,,,,,,,,本科,,,,,
8288640,海南,本科批,物理,,XA594C7,专业组03,中北大学,1231,城市地下空间工程,,,,,,554,22142,,,,,,554,22142,,,,,,,,,本科,,,,,
8288641,海南,本科批,物理,,XA594C7,专业组03,中北大学,76B9,统计学,,,,,,555,21888,,,,,,555,21888,,,,,,,,,本科,,,,,
8288642,海南,本科批,物理,,XA594C7,专业组03,中北大学,89C8,装甲车辆工程,,,,,,556,21627,,,,,,556,21627,,,,,,,,,本科,,,,,
8288643,海南,本科批,物理,,XA594C7,专业组03,中北大学,DB23,复合材料与工程,,,,,,557,21396,,,,,,557,21396,,,,,,,,,本科,,,,,
8288644,海南,本科批,物理,,XA594C7,专业组03,中北大学,B5E9,无机非金属材料工程,,,,,,559,20885,,,,,,559,20885,,,,,,,,,本科,,,,,
8288645,海南,本科批,物理,,XA594C7,专业组03,中北大学,262E,金属材料工程,,,,,,561,20364,,,,,,561,20364,,,,,,,,,本科,,,,,
8288646,海南,本科批,物理,,XA594C7,专业组03,中北大学,6420,过程装备与控制工程,,,,,,563,19861,,,,,,563,19861,,,,,,,,,本科,,,,,
8288647,海南,本科批,物理,,XA594C7,专业组03,中北大学,FEF6,材料成型及控制工程,,,,,,563,19861,,,,,,563,19861,,,,,,,,,本科,,,,,
8288648,海南,本科批,物理,,XA594C7,专业组03,中北大学,7A06,飞行器制造工程,,,,,,564,19597,,,,,,564,19597,,,,,,,,,本科,,,,,
8288649,海南,本科批,物理,,XA594C7,专业组03,中北大学,D081,新能源科学与工程,,,,,,567,18906,,,,,,567,18906,,,,,,,,,本科,,,,,
8288650,海南,本科批,物理,,XA594C7,专业组03,中北大学,8EA2,机械电子工程,,,,,,569,18472,,,,,,569,18472,,,,,,,,,本科,,,,,
8288651,海南,本科批,物理,,XA594C7,专业组03,中北大学,D078,新能源汽车工程,,,,,,569,18472,,,,,,569,18472,,,,,,,,,本科,,,,,
8289203,海南,本科批,物理,,X39D479,专业组03,山东第一医科大学,CAC5,医学实验技术（医学实验动物方向）,医学实验动物方向,,,,,489,40101,,,,,,489,40101,,,,,,,,,本科,,,,,
8289204,海南,本科批,物理,,X39D479,专业组80,山东第一医科大学,B2B8,预防医学（卫生事业管理方向）,卫生事业管理方向,,,,,499,37370,,,,,,499,37370,,,,,,,,,本科,,,,,
8289205,海南,本科批,物理,,X39D479,专业组03,山东第一医科大学,B694,生物制药,,,,,,514,33109,,,,,,514,33109,,,,,,,,,本科,,,,,
8289206,海南,本科批,物理,,X39D479,专业组03,山东第一医科大学,40CE,制药工程,,,,,,535,27215,,,,,,535,27215,,,,,,,,,本科,,,,,
8289207,海南,本科批,物理,,X39D479,专业组03,山东第一医科大学,817D,康复治疗学,,,,,,554,22142,,,,,,554,22142,,,,,,,,,本科,,,,,
8289208,海南,本科批,物理,,X39D479,专业组81,山东第一医科大学,4BF3,护理学,,,,,,563,19861,,,,,,563,19861,,,,,,,,,本科,,,,,
8289209,海南,本科批,物理,,X39D479,专业组01,山东第一医科大学,4145,英语,,,,,,576,16888,,,,,,576,16888,,,,,,,,,本科,,,,,
8289210,海南,本科批,物理,,X39D479,专业组01,山东第一医科大学,090D,公共事业管理,,,,,,580,15994,,,,,,580,15994,,,,,,,,,本科,,,,,
8289211,海南,本科批,物理,,X39D479,专业组02,山东第一医科大学,4574,运动康复,,,,,,585,14905,,,,,,585,14905,,,,,,,,,本科,,,,,
8289694,海南,本科批,物理,,X7E175F,专业组01,重庆科技大学,D43F,西班牙语,,,,,,581,15788,,,,,,581,15788,,,,,,,,,本科,,,,,
8289695,海南,本科批,物理,,X7E175F,专业组03,重庆科技大学,917A,海洋油气工程,,,,,,584,15113,,,,,,584,15113,,,,,,,,,本科,,,,,
8289696,海南,本科批,物理,,X7E175F,专业组03,重庆科技大学,40CE,制药工程,,,,,,586,14706,,,,,,586,14706,,,,,,,,,本科,,,,,
8289697,海南,本科批,物理,,X7E175F,专业组01,重庆科技大学,9D85,酒店管理,,,,,,586,14706,,,,,,586,14706,,,,,,,,,本科,,,,,
8289698,海南,本科批,物理,,X7E175F,专业组03,重庆科技大学,4D53,石油工程,,,,,,586,14706,,,,,,586,14706,,,,,,,,,本科,,,,,
8289699,海南,本科批,物理,,X7E175F,专业组03,重庆科技大学,C1CA,机械类（包含专业：机械设计制造及其自动化、机械电子工程）,包含专业：机械设计制造及其自动化、机械电子工程,,,,,594,13128,,,,,,594,13128,,,,,,,,,本科,,,,,
8289700,海南,本科批,物理,,X7E175F,专业组02,重庆科技大学,495D,管理科学与工程类（包含专业：工程管理、工程造价）,包含专业：工程管理、工程造价,,,,,602,11656,,,,,,602,11656,,,,,,,,,本科,,,,,
8289701,海南,本科批,物理,,X7E175F,专业组03,重庆科技大学,B9A5,计算机科学与技术,,,,,,604,11285,,,,,,604,11285,,,,,,,,,本科,,,,,
8290460,海南,本科批,物理,,X22DCC2,专业组03,内蒙古大学,F55B,交通运输,,,,,,539,26094,,,,,,539,26094,,,,,,,,,本科,,,,,
8290461,海南,本科批,物理,,X22DCC2,专业组03,内蒙古大学,2B47,智能建造,,,,,,540,25810,,,,,,540,25810,,,,,,,,,本科,,,,,
8290462,海南,本科批,物理,,X22DCC2,专业组03,内蒙古大学,4ECE,土木工程,,,,,,540,25810,,,,,,540,25810,,,,,,,,,本科,,,,,
8290463,海南,本科批,物理,,X22DCC2,专业组03,内蒙古大学,52FD,应用化学,,,,,,545,24505,,,,,,545,24505,,,,,,,,,本科,,,,,
8290464,海南,本科批,物理,,X22DCC2,专业组03,内蒙古大学,26A7,车辆工程,,,,,,548,23705,,,,,,548,23705,,,,,,,,,本科,,,,,
8290465,海南,本科批,物理,,X22DCC2,专业组03,内蒙古大学,B07F,物理学类（包含专业：应用物理学、物理学）,包含专业：应用物理学、物理学,,,,,548,23705,,,,,,548,23705,,,,,,,,,本科,,,,,
8290466,海南,本科批,物理,,X22DCC2,专业组03,内蒙古大学,D06C,机械工程,,,,,,555,21888,,,,,,555,21888,,,,,,,,,本科,,,,,
8290467,海南,本科批,物理,,X22DCC2,专业组03,内蒙古大学,78D0,电子科学与技术（国家级一流本科专业建设点）,国家级一流本科专业建设点,,,,,560,20621,,,,,,560,20621,,,,,,,,,本科,,,,,
8290468,海南,本科批,物理,,X22DCC2,专业组03,内蒙古大学,1DA4,通信工程（产教融合培养）,产教融合培养,,,,,562,20113,,,,,,562,20113,,,,,,,,,本科,,,,,
8290469,海南,本科批,物理,,X22DCC2,专业组03,内蒙古大学,FA47,化学工程与工艺（国家级一流本科专业建设点）,国家级一流本科专业建设点,,,,,571,17978,,,,,,571,17978,,,,,,,,,本科,,,,,
8290470,海南,本科批,物理,,X22DCC2,专业组03,内蒙古大学,4E05,数学类（包含专业：数学与应用数学、信息与计算科学、统计学）,包含专业：数学与应用数学、信息与计算科学、统计学,,,,,577,16644,,,,,,577,16644,,,,,,,,,本科,,,,,
8290471,海南,本科批,物理,,X22DCC2,专业组03,内蒙古大学,4718,数据科学与大数据技术,,,,,,581,15788,,,,,,581,15788,,,,,,,,,本科,,,,,
8290472,海南,本科批,物理,,X22DCC2,专业组03,内蒙古大学,7D22,材料化学,,,,,,593,13321,,,,,,593,13321,,,,,,,,,本科,,,,,
8290473,海南,本科批,物理,,X22DCC2,专业组03,内蒙古大学,641B,生物技术（国家级一流本科专业建设点）,国家级一流本科专业建设点,,,,,595,12898,,,,,,595,12898,,,,,,,,,本科,,,,,
8290474,海南,本科批,物理,,X22DCC2,专业组03,内蒙古大学,A2A0,软件工程（国家级一流本科专业建设点）,国家级一流本科专业建设点,,,,,596,12722,,,,,,596,12722,,,,,,,,,本科,,,,,
8290475,海南,本科批,物理,,X22DCC2,专业组03,内蒙古大学,03B1,智能科学与技术,,,,,,597,12551,,,,,,597,12551,,,,,,,,,本科,,,,,
8290476,海南,本科批,物理,,X22DCC2,专业组02,内蒙古大学,6F56,工程管理,,,,,,604,11285,,,,,,604,11285,,,,,,,,,本科,,,,,
8290477,海南,本科批,物理,,X22DCC2,专业组03,内蒙古大学,9A09,生物科学（国家级一流本科专业建设点）,国家级一流本科专业建设点,,,,,605,11138,,,,,,605,11138,,,,,,,,,本科,,,,,
8290478,海南,本科批,物理,,X22DCC2,专业组03,内蒙古大学,7E23,环境工程,,,,,,605,11138,,,,,,605,11138,,,,,,,,,本科,,,,,
8290479,海南,本科批,物理,,X22DCC2,专业组02,内蒙古大学,FBFE,物流管理,,,,,,616,9314,,,,,,616,9314,,,,,,,,,本科,,,,,
8291997,海南,本科提前批,物理,,XE9D198,专业组01,西安外国语大学,88EE,泰语,,,,,,595,12898,,,,,,595,12898,,,,,,,,,本科,,,,,
8291998,海南,本科提前批,物理,,XE9D198,专业组01,西安外国语大学,671C,日语,,,,,,595,12898,,,,,,595,12898,,,,,,,,,本科,,,,,
8291999,海南,本科批,物理,,XE9D198,专业组03,西安外国语大学,7223,外交学,,,,,,605,11138,,,,,,605,11138,,,,,,,,,本科,,,,,
8292000,海南,本科批,物理,,XE9D198,专业组03,西安外国语大学,57FC,国际组织与全球治理,,,,,,608,10596,,,,,,608,10596,,,,,,,,,本科,,,,,
8292001,海南,本科提前批,物理,,XE9D198,专业组01,西安外国语大学,1AD6,波斯语,,,,,,610,10279,,,,,,610,10279,,,,,,,,,本科,,,,,
8292002,海南,本科批,物理,,XE9D198,专业组03,西安外国语大学,73E7,国际政治,,,,,,613,9795,,,,,,613,9795,,,,,,,,,本科,,,,,
8292003,海南,本科批,物理,,XE9D198,专业组02,西安外国语大学,0FBC,金融学,,,,,,613,9795,,,,,,613,9795,,,,,,,,,本科,,,,,
8292004,海南,本科提前批,物理,,XE9D198,专业组01,西安外国语大学,A9F4,德语,,,,,,613,9795,,,,,,613,9795,,,,,,,,,本科,,,,,
8292005,海南,本科批,物理,,XE9D198,专业组02,西安外国语大学,25DE,国际经济与贸易,,,,,,615,9467,,,,,,615,9467,,,,,,,,,本科,,,,,
8292006,海南,本科批,物理,,XE9D198,专业组02,西安外国语大学,A615,汉语国际教育,,,,,,616,9314,,,,,,616,9314,,,,,,,,,本科,,,,,
8292007,海南,本科批,物理,,XE9D198,专业组02,西安外国语大学,5D72,网络与新媒体,,,,,,616,9314,,,,,,616,9314,,,,,,,,,本科,,,,,
8292008,海南,本科批,物理,,XE9D198,专业组02,西安外国语大学,4145,英语,,,,,,617,9159,,,,,,617,9159,,,,,,,,,本科,,,,,
8292009,海南,本科批,物理,,XE9D198,专业组02,西安外国语大学,CA0F,旅游管理,,,,,,618,9022,,,,,,618,9022,,,,,,,,,本科,,,,,
8292010,海南,本科提前批,物理,,XE9D198,专业组01,西安外国语大学,8607,法语,,,,,,618,9022,,,,,,618,9022,,,,,,,,,本科,,,,,
8292011,海南,本科批,物理,,XE9D198,专业组02,西安外国语大学,6AB9,经济学,,,,,,620,8717,,,,,,620,8717,,,,,,,,,本科,,,,,
8292012,海南,本科批,物理,,XE9D198,专业组02,西安外国语大学,68F4,新闻学,,,,,,622,8436,,,,,,622,8436,,,,,,,,,本科,,,,,
8292013,海南,本科批,物理,,XE9D198,专业组02,西安外国语大学,C240,语言学,,,,,,624,8163,,,,,,624,8163,,,,,,,,,本科,,,,,
8292014,海南,本科批,物理,,XE9D198,专业组02,西安外国语大学,978C,审计学,,,,,,625,8008,,,,,,625,8008,,,,,,,,,本科,,,,,
8292015,海南,本科提前批,物理,,XE9D198,专业组01,西安外国语大学,D43F,西班牙语,,,,,,633,6965,,,,,,633,6965,,,,,,,,,本科,,,,,
8292016,海南,本科批,物理,,XE9D198,专业组02,西安外国语大学,AFF5,汉语言文学（师范类）,师范类,,,,,644,5701,,,,,,644,5701,,,,,,,,,本科,,,,,
8292480,海南,本科批,物理,,X9088C3,专业组02,洛阳师范学院,802A,物理学,,,,,,535,27215,,,,,,535,27215,,,,,,,,,本科,,,,,
8292481,海南,本科批,物理,,X9088C3,专业组02,洛阳师范学院,25FE,数学与应用数学,,,,,,553,22416,,,,,,553,22416,,,,,,,,,本科,,,,,
8292482,海南,本科批,物理,,X9088C3,专业组01,洛阳师范学院,E6CB,社会工作,,,,,,577,16644,,,,,,577,16644,,,,,,,,,本科,,,,,
8292483,海南,本科批,物理,,X9088C3,专业组01,洛阳师范学院,CA0F,旅游管理,,,,,,578,16442,,,,,,578,16442,,,,,,,,,本科,,,,,
8292484,海南,本科批,物理,,X9088C3,专业组01,洛阳师范学院,DCEF,小学教育,,,,,,584,15113,,,,,,584,15113,,,,,,,,,本科,,,,,
8292717,海南,本科批,物理,,X6503A1,专业组01,西华师范大学,5FC4,环境科学,,,,,,549,23420,,,,,,549,23420,,,,,,,,,本科,,,,,
8293384,海南,本科批,物理,,XA03EEF,专业组02,西安石油大学,917A,海洋油气工程,,,,,,598,12377,,,,,,598,12377,,,,,,,,,本科,,,,,
8293385,海南,本科批,物理,,XA03EEF,专业组02,西安石油大学,12CD,油气储运工程,,,,,,604,11285,,,,,,604,11285,,,,,,,,,本科,,,,,
8293386,海南,本科批,物理,,XA03EEF,专业组02,西安石油大学,A5D2,测控技术与仪器,,,,,,605,11138,,,,,,605,11138,,,,,,,,,本科,,,,,
8293387,海南,本科批,物理,,XA03EEF,专业组02,西安石油大学,6AE3,计算机类（包含专业：计算机科学与技术、软件工程、网络工程、数字媒体技术）,包含专业：计算机科学与技术、软件工程、网络工程、数字媒体技术,,,,,606,10952,,,,,,606,10952,,,,,,,,,本科,,,,,
8293388,海南,本科批,物理,,XA03EEF,专业组02,西安石油大学,0DD8,资源勘查工程,,,,,,606,10952,,,,,,606,10952,,,,,,,,,本科,,,,,
8293389,海南,本科批,物理,,XA03EEF,专业组02,西安石油大学,78FF,机械设计制造及其自动化,,,,,,609,10437,,,,,,609,10437,,,,,,,,,本科,,,,,
8293390,海南,本科批,物理,,XA03EEF,专业组02,西安石油大学,4D53,石油工程,,,,,,617,9159,,,,,,617,9159,,,,,,,,,本科,,,,,
8293391,海南,本科批,物理,,XA03EEF,专业组02,西安石油大学,D6ED,化学工程与工艺,,,,,,618,9022,,,,,,618,9022,,,,,,,,,本科,,,,,
8293392,海南,本科批,物理,,XA03EEF,专业组01,西安石油大学,25DE,国际经济与贸易,,,,,,630,7329,,,,,,630,7329,,,,,,,,,本科,,,,,
8293393,海南,本科批,物理,,XA03EEF,专业组01,西安石油大学,68F4,新闻学,,,,,,633,6965,,,,,,633,6965,,,,,,,,,本科,,,,,
8293394,海南,本科批,物理,,XA03EEF,专业组01,西安石油大学,0FBC,金融学,,,,,,633,6965,,,,,,633,6965,,,,,,,,,本科,,,,,
8293395,海南,本科批,物理,,XA03EEF,专业组01,西安石油大学,D243,汉语言文学,,,,,,636,6586,,,,,,636,6586,,,,,,,,,本科,,,,,
8294107,海南,本科批,物理,,XEAEF5E,专业组03,常州大学,53B9,食品质量与安全,,,,,,577,16644,,,,,,577,16644,,,,,,,,,本科,,,,,
8294108,海南,本科批,物理,,XEAEF5E,专业组03,常州大学,FEF6,材料成型及控制工程,,,,,,581,15788,,,,,,581,15788,,,,,,,,,本科,,,,,
8294109,海南,本科批,物理,,XEAEF5E,专业组03,常州大学,A942,材料科学与工程,,,,,,581,15788,,,,,,581,15788,,,,,,,,,本科,,,,,
8294110,海南,本科批,物理,,XEAEF5E,专业组03,常州大学,0A76,消防工程,,,,,,582,15570,,,,,,582,15570,,,,,,,,,本科,,,,,
8294111,海南,本科批,物理,,XEAEF5E,专业组03,常州大学,262E,金属材料工程,,,,,,582,15570,,,,,,582,15570,,,,,,,,,本科,,,,,
8294112,海南,本科批,物理,,XEAEF5E,专业组03,常州大学,25FE,数学与应用数学,,,,,,586,14706,,,,,,586,14706,,,,,,,,,本科,,,,,
8294113,海南,本科批,物理,,XEAEF5E,专业组03,常州大学,33A1,应急技术与管理,,,,,,586,14706,,,,,,586,14706,,,,,,,,,本科,,,,,
8294114,海南,本科批,物理,,XEAEF5E,专业组03,常州大学,4ECE,土木工程,,,,,,586,14706,,,,,,586,14706,,,,,,,,,本科,,,,,
8294115,海南,本科批,物理,,XEAEF5E,专业组03,常州大学,D6ED,化学工程与工艺,,,,,,587,14506,,,,,,587,14506,,,,,,,,,本科,,,,,
8294116,海南,本科批,物理,,XEAEF5E,专业组03,常州大学,12CD,油气储运工程,,,,,,594,13128,,,,,,594,13128,,,,,,,,,本科,,,,,
8294117,海南,本科批,物理,,XEAEF5E,专业组03,常州大学,40CE,制药工程,,,,,,595,12898,,,,,,595,12898,,,,,,,,,本科,,,,,
8294118,海南,本科批,物理,,XEAEF5E,专业组03,常州大学,8684,智能制造工程,,,,,,596,12722,,,,,,596,12722,,,,,,,,,本科,,,,,
8294119,海南,本科批,物理,,XEAEF5E,专业组03,常州大学,6420,过程装备与控制工程,,,,,,612,9934,,,,,,612,9934,,,,,,,,,本科,,,,,
8294120,海南,本科批,物理,,XEAEF5E,专业组03,常州大学,B9A5,计算机科学与技术,,,,,,614,9643,,,,,,614,9643,,,,,,,,,本科,,,,,
8294121,海南,本科批,物理,,XEAEF5E,专业组01,常州大学,FBFE,物流管理,,,,,,615,9467,,,,,,615,9467,,,,,,,,,本科,,,,,
8294122,海南,本科批,物理,,XEAEF5E,专业组03,常州大学,4C65,自动化,,,,,,617,9159,,,,,,617,9159,,,,,,,,,本科,,,,,
8294123,海南,本科批,物理,,XEAEF5E,专业组01,常州大学,25DE,国际经济与贸易,,,,,,617,9159,,,,,,617,9159,,,,,,,,,本科,,,,,
8294124,海南,本科批,物理,,XEAEF5E,专业组01,常州大学,4145,英语,,,,,,618,9022,,,,,,618,9022,,,,,,,,,本科,,,,,
8294125,海南,本科批,物理,,XEAEF5E,专业组02,常州大学,D681,信息管理与信息系统,,,,,,622,8436,,,,,,622,8436,,,,,,,,,本科,,,,,
8294126,海南,本科批,物理,,XEAEF5E,专业组01,常州大学,5E19,会计学,,,,,,622,8436,,,,,,622,8436,,,,,,,,,本科,,,,,
8295245,海南,本科批,物理,,X8B0236,专业组03,河北医科大学,BE91,医学检验技术,,,,,,499,37370,,,,,,499,37370,,,,,,,,,本科,,,,,
8295246,海南,本科批,物理,,X8B0236,专业组01,河北医科大学,B694,生物制药,,,,,,512,33659,,,,,,512,33659,,,,,,,,,本科,,,,,
8295247,海南,本科批,物理,,X8B0236,专业组01,河北医科大学,CA2A,药学类（包含专业：药学、药物制剂、药物分析、药物化学）,包含专业：药学、药物制剂、药物分析、药物化学,,,,,587,14506,,,,,,587,14506,,,,,,,,,本科,,,,,
8295248,海南,本科批,物理,,X8B0236,专业组03,河北医科大学,3B42,精神医学,,,,,,594,13128,,,,,,594,13128,,,,,,,,,本科,,,,,
8295249,海南,本科批,物理,,X8B0236,专业组03,河北医科大学,97D0,临床医学,,,,,,610,10279,,,,,,610,10279,,,,,,,,,本科,,,,,
8295250,海南,本科批,物理,,X8B0236,专业组02,河北医科大学,D190,护理学类（包含专业：护理学、助产学）,包含专业：护理学、助产学,,,,,612,9934,,,,,,612,9934,,,,,,,,,本科,,,,,
8295974,海南,本科批,物理,,X8E9349,专业组02,北京林业大学,4452,林业工程类（包含专业：林产化工、林产化工（制浆造纸工程方向）、林产化工（生物质能源科学与工程方向）、木材科学与工程、木材科学与工程（木结构材料与工程方向）、家具设计与工程）,包含专业：林产化工、林产化工（制浆造纸工程方向; 生物质能源科学与工程方向; 木结构材料与工程方向,,,,,649,5168,,,,,,649,5168,,,,,,,,,本科,,,,,
8295975,海南,本科批,物理,,X8E9349,专业组02,北京林业大学,5FC4,环境科学,,,,,,649,5168,,,,,,649,5168,,,,,,,,,本科,,,,,
8295976,海南,本科批,物理,,X8E9349,专业组02,北京林业大学,4ECE,土木工程,,,,,,652,4884,,,,,,652,4884,,,,,,,,,本科,,,,,
8295977,海南,本科批,物理,,X8E9349,专业组02,北京林业大学,5E49,食品科学与工程,,,,,,652,4884,,,,,,652,4884,,,,,,,,,本科,,,,,
8295978,海南,本科批,物理,,X8E9349,专业组02,北京林业大学,78FF,机械设计制造及其自动化,,,,,,658,4330,,,,,,658,4330,,,,,,,,,本科,,,,,
8295979,海南,本科批,物理,,X8E9349,专业组02,北京林业大学,D33F,计算机类（包含专业：计算机科学与技术、数字媒体技术、网络工程、物联网工程、数据科学与大数据技术）,包含专业：计算机科学与技术、数字媒体技术、网络工程、物联网工程、数据科学与大数据技术,,,,,660,4172,,,,,,660,4172,,,,,,,,,本科,,,,,
8295980,海南,本科批,物理,,X8E9349,专业组02,北京林业大学,52CB,草坪科学与工程,,,,,,663,3920,,,,,,663,3920,,,,,,,,,本科,,,,,
8295981,海南,本科批,物理,,X8E9349,专业组02,北京林业大学,DF3F,林学类（包含专业：林学、林学（城市林业方向）、森林保护、经济林）,包含专业：林学、林学（城市林业方向,,,,,665,3764,,,,,,665,3764,,,,,,,,,本科,,,,,
8295982,海南,本科批,物理,,X8E9349,专业组03,北京林业大学,6E5A,园林,,,,,,669,3468,,,,,,669,3468,,,,,,,,,本科,,,,,
8295983,海南,本科批,物理,,X8E9349,专业组01,北京林业大学,FB65,风景园林,,,,,,670,3396,,,,,,670,3396,,,,,,,,,本科,,,,,
8295984,海南,本科批,物理,,X8E9349,专业组01,北京林业大学,1A8E,农林经济管理（梁希实验班）,梁希实验班,,,,,671,3324,,,,,,671,3324,,,,,,,,,本科,,,,,
8295985,海南,本科批,物理,,X8E9349,专业组01,北京林业大学,65D2,工商管理类（包含专业：会计学、工商管理、市场营销、人力资源管理、物业管理）,包含专业：会计学、工商管理、市场营销、人力资源管理、物业管理,,,,,671,3324,,,,,,671,3324,,,,,,,,,本科,,,,,
8295986,海南,本科批,物理,,X8E9349,专业组02,北京林业大学,00F9,国家公园建设与管理（梁希实验班）,梁希实验班,,,,,674,3136,,,,,,674,3136,,,,,,,,,本科,,,,,
8295987,海南,本科批,物理,,X8E9349,专业组01,北京林业大学,927B,法学,,,,,,677,2924,,,,,,677,2924,,,,,,,,,本科,,,,,
8296869,海南,本科批,物理,,XA63356,专业组04,中南林业科技大学,E8A4,食品科学与工程类（包含专业：食品科学与工程、食品质量与安全、粮食工程；食品科学与工程为国家级特色专业、国家一流专业建设点）,包含专业：食品科学与工程、食品质量与安全、粮食工程；食品科学与工程为国家级特色专业、国家一流专业建设点,,,,,482,42014,,,,,,482,42014,,,,,,,,,本科,,,,,
8296870,海南,本科批,物理,,XA63356,专业组04,中南林业科技大学,E2E1,生物工程,,,,,,484,41507,,,,,,484,41507,,,,,,,,,本科,,,,,
8296871,海南,本科批,物理,,XA63356,专业组04,中南林业科技大学,558E,生物科学类（包含专业：生物科学、生物技术、生态学；生态学、生物技术为国家一流专业建设点）,包含专业：生物科学、生物技术、生态学；生态学、生物技术为国家一流专业建设点,,,,,486,40965,,,,,,486,40965,,,,,,,,,本科,,,,,
8296872,海南,本科批,物理,,XA63356,专业组04,中南林业科技大学,D394,林学类（包含专业：林学、森林保护、经济林；林学为国家一流专业建设点；森林保护为国家级特色专业、国家一流专业建设点）,包含专业：林学、森林保护、经济林；林学为国家一流专业建设点；森林保护为国家级特色专业、国家一流专业建设点,,,,,487,40700,,,,,,487,40700,,,,,,,,,本科,,,,,
8296873,海南,本科批,物理,,XA63356,专业组04,中南林业科技大学,5092,土木类（包含专业：土木工程、建筑环境与能源应用工程、城市地下空间工程；土木工程为国家一流专业建设点）,包含专业：土木工程、建筑环境与能源应用工程、城市地下空间工程；土木工程为国家一流专业建设点,,,,,488,40419,,,,,,488,40419,,,,,,,,,本科,,,,,
8296874,海南,本科批,物理,,XA63356,专业组04,中南林业科技大学,CB52,环境科学与工程类（包含专业：环境工程、环境科学、环境生态工程；环境科学为国家一流专业建设点）,包含专业：环境工程、环境科学、环境生态工程；环境科学为国家一流专业建设点,,,,,490,39844,,,,,,490,39844,,,,,,,,,本科,,,,,
8296875,海南,本科批,物理,,XA63356,专业组04,中南林业科技大学,BFE5,家具设计与工程,,,,,,490,39844,,,,,,490,39844,,,,,,,,,本科,,,,,
8296876,海南,本科批,物理,,XA63356,专业组04,中南林业科技大学,C5CB,园艺,,,,,,496,38160,,,,,,496,38160,,,,,,,,,本科,,,,,
8296877,海南,本科批,物理,,XA63356,专业组04,中南林业科技大学,A2E0,测绘工程,,,,,,503,36239,,,,,,503,36239,,,,,,,,,本科,,,,,
8296878,海南,本科批,物理,,XA63356,专业组04,中南林业科技大学,F5D1,木结构建筑与材料,,,,,,517,32234,,,,,,517,32234,,,,,,,,,本科,,,,,
8296879,海南,本科批,物理,,XA63356,专业组04,中南林业科技大学,37E5,材料类（包含专业：材料科学与工程、材料化学、高分子材料与工程）,包含专业：材料科学与工程、材料化学、高分子材料与工程,,,,,524,30268,,,,,,524,30268,,,,,,,,,本科,,,,,
8296880,海南,本科批,物理,,XA63356,专业组04,中南林业科技大学,8BD7,森林工程,,,,,,545,24505,,,,,,545,24505,,,,,,,,,本科,,,,,
8296881,海南,本科批,物理,,XA63356,专业组04,中南林业科技大学,D6ED,化学工程与工艺,,,,,,548,23705,,,,,,548,23705,,,,,,,,,本科,,,,,
8296882,海南,本科批,物理,,XA63356,专业组04,中南林业科技大学,26A7,车辆工程,,,,,,551,22908,,,,,,551,22908,,,,,,,,,本科,,,,,
8296883,海南,本科批,物理,,XA63356,专业组04,中南林业科技大学,9544,能源动力类（包含专业：能源与动力工程、新能源科学与工程）,包含专业：能源与动力工程、新能源科学与工程,,,,,568,18658,,,,,,568,18658,,,,,,,,,本科,,,,,
8296884,海南,本科批,物理,,XA63356,专业组04,中南林业科技大学,F068,人工智能,,,,,,589,14092,,,,,,589,14092,,,,,,,,,本科,,,,,
8296885,海南,本科批,物理,,XA63356,专业组04,中南林业科技大学,2573,机械设计制造及其自动化（国家一流专业建设点）,国家一流专业建设点,,,,,593,13321,,,,,,593,13321,,,,,,,,,本科,,,,,
8296886,海南,本科批,物理,,XA63356,专业组04,中南林业科技大学,548C,信息与计算科学,,,,,,595,12898,,,,,,595,12898,,,,,,,,,本科,,,,,
8296887,海南,本科批,物理,,XA63356,专业组04,中南林业科技大学,4C65,自动化,,,,,,595,12898,,,,,,595,12898,,,,,,,,,本科,,,,,
8296888,海南,本科批,物理,,XA63356,专业组02,中南林业科技大学,671C,日语,,,,,,599,12200,,,,,,599,12200,,,,,,,,,本科,,,,,
8297509,海南,本科批,物理,,X814E54,专业组01,江苏师范大学,671C,日语,,,,,,622,8436,,,,,,622,8436,,,,,,,,,本科,,,,,
8297510,海南,本科批,物理,,X814E54,专业组01,江苏师范大学,D43F,西班牙语,,,,,,624,8163,,,,,,624,8163,,,,,,,,,本科,,,,,
8297511,海南,本科批,物理,,X814E54,专业组01,江苏师范大学,AC90,行政管理,,,,,,625,8008,,,,,,625,8008,,,,,,,,,本科,,,,,
8297512,海南,本科批,物理,,X814E54,专业组01,江苏师范大学,8B36,翻译,,,,,,626,7880,,,,,,626,7880,,,,,,,,,本科,,,,,
8297513,海南,本科批,物理,,X814E54,专业组01,江苏师范大学,52B6,秘书学,,,,,,630,7329,,,,,,630,7329,,,,,,,,,本科,,,,,
8297514,海南,本科批,物理,,X814E54,专业组01,江苏师范大学,5CC8,哲学,,,,,,630,7329,,,,,,630,7329,,,,,,,,,本科,,,,,
8297515,海南,本科批,物理,,X814E54,专业组01,江苏师范大学,F338,英语（师范类）,师范类,,,,,638,6368,,,,,,638,6368,,,,,,,,,本科,,,,,
8297516,海南,本科批,物理,,X814E54,专业组01,江苏师范大学,AFF5,汉语言文学（师范类）,师范类,,,,,644,5701,,,,,,644,5701,,,,,,,,,本科,,,,,
8297517,海南,本科批,物理,,X814E54,专业组02,江苏师范大学,E5C7,地理科学（师范类）,师范类,,,,,659,4256,,,,,,659,4256,,,,,,,,,本科,,,,,
8298273,海南,本科批,物理,,XD7DA21,专业组01,兰州交通大学,18D0,建筑电气与智能化,,,,,,597,12551,,,,,,597,12551,,,,,,,,,本科,,,,,
8298274,海南,本科批,物理,,XD7DA21,专业组01,兰州交通大学,C02C,铁道工程,,,,,,599,12200,,,,,,599,12200,,,,,,,,,本科,,,,,
8298275,海南,本科批,物理,,XD7DA21,专业组01,兰州交通大学,CEDE,道路桥梁与渡河工程,,,,,,601,11844,,,,,,601,11844,,,,,,,,,本科,,,,,
8298276,海南,本科批,物理,,XD7DA21,专业组01,兰州交通大学,AF7B,给排水科学与工程（茅以升班）,茅以升班,,,,,602,11656,,,,,,602,11656,,,,,,,,,本科,,,,,
8298277,海南,本科批,物理,,XD7DA21,专业组01,兰州交通大学,C7AE,交通工程,,,,,,604,11285,,,,,,604,11285,,,,,,,,,本科,,,,,
8298278,海南,本科批,物理,,XD7DA21,专业组01,兰州交通大学,26A7,车辆工程,,,,,,604,11285,,,,,,604,11285,,,,,,,,,本科,,,,,
8298279,海南,本科批,物理,,XD7DA21,专业组01,兰州交通大学,93E3,电子信息工程,,,,,,605,11138,,,,,,605,11138,,,,,,,,,本科,,,,,
8298280,海南,本科批,物理,,XD7DA21,专业组01,兰州交通大学,A5B7,电气工程及其自动化,,,,,,608,10596,,,,,,608,10596,,,,,,,,,本科,,,,,
8298281,海南,本科批,物理,,XD7DA21,专业组01,兰州交通大学,4C65,自动化,,,,,,608,10596,,,,,,608,10596,,,,,,,,,本科,,,,,
8298282,海南,本科批,物理,,XD7DA21,专业组01,兰州交通大学,91AA,交通运输（不招色盲、色弱）,不招色盲、色弱,,,,,618,9022,,,,,,618,9022,,,,,,,,,本科,,,,,
8298283,海南,本科批,物理,,XD7DA21,专业组01,兰州交通大学,D1A6,自动化（茅以升班）,茅以升班,,,,,618,9022,,,,,,618,9022,,,,,,,,,本科,,,,,
8298881,海南,本科批,物理,,XC62A83,专业组04,河南科技学院,F89C,生物技术,,,,,,479,42765,,,,,,479,42765,,,,,,,,,本科,,,,,
8298882,海南,本科批,物理,,XC62A83,专业组04,河南科技学院,FED1,信息与计算科学（师范类专业）,师范类专业,,,,,479,42765,,,,,,479,42765,,,,,,,,,本科,,,,,
8298883,海南,本科批,物理,,XC62A83,专业组04,河南科技学院,ECA4,通信工程,,,,,,480,42524,,,,,,480,42524,,,,,,,,,本科,,,,,
8298884,海南,本科批,物理,,XC62A83,专业组03,河南科技学院,FB65,风景园林,,,,,,557,21396,,,,,,557,21396,,,,,,,,,本科,,,,,
8298885,海南,本科批,物理,,XC62A83,专业组02,河南科技学院,8278,英语（师范类专业）,师范类专业,,,,,564,19597,,,,,,564,19597,,,,,,,,,本科,,,,,
8299426,海南,本科批,物理,,X6BD648,专业组01,天津商业大学,F2C5,旅游管理类（包含专业：旅游管理、酒店管理）,包含专业：旅游管理、酒店管理,,,,,601,11844,,,,,,601,11844,,,,,,,,,本科,,,,,
8299427,海南,本科批,物理,,X6BD648,专业组01,天津商业大学,A7E8,会展经济与管理,,,,,,602,11656,,,,,,602,11656,,,,,,,,,本科,,,,,
8299428,海南,本科批,物理,,X6BD648,专业组01,天津商业大学,CECC,工商管理类（包含专业：工商管理、市场营销、人力资源管理）,包含专业：工商管理、市场营销、人力资源管理,,,,,605,11138,,,,,,605,11138,,,,,,,,,本科,,,,,
8299429,海南,本科批,物理,,X6BD648,专业组01,天津商业大学,2CFD,经济学类（包含专业：经济学、财政学、金融学、信用管理、国际经济与贸易）,包含专业：经济学、财政学、金融学、信用管理、国际经济与贸易,,,,,606,10952,,,,,,606,10952,,,,,,,,,本科,,,,,
8299430,海南,本科批,物理,,X6BD648,专业组01,天津商业大学,5E19,会计学,,,,,,617,9159,,,,,,617,9159,,,,,,,,,本科,,,,,
8300098,海南,本科批,物理,,XAEE6FC,专业组01,陕西科技大学,D53D,化学类（包含专业：化学、应用化学）,包含专业：化学、应用化学,,,,,604,11285,,,,,,604,11285,,,,,,,,,本科,,,,,
8300099,海南,本科批,物理,,XAEE6FC,专业组01,陕西科技大学,E347,工业设计,,,,,,605,11138,,,,,,605,11138,,,,,,,,,本科,,,,,
8300100,海南,本科批,物理,,XAEE6FC,专业组80,陕西科技大学,7843,工业设计（中外合作办学）（中英双学位；只录取有该专业志愿的考生）,中外合作办学; 中英双学位；只录取有该专业志愿的考生,,,,,607,10761,,,,,,607,10761,,,,,,,,,本科,,,,,
8300101,海南,本科批,物理,,XAEE6FC,专业组01,陕西科技大学,F068,人工智能,,,,,,609,10437,,,,,,609,10437,,,,,,,,,本科,,,,,
8300102,海南,本科批,物理,,XAEE6FC,专业组01,陕西科技大学,5F4D,机械类（包含专业：机械设计制造及其自动化、材料成型及控制工程、机械电子工程、过程装备与控制工程）,包含专业：机械设计制造及其自动化、材料成型及控制工程、机械电子工程、过程装备与控制工程,,,,,611,10110,,,,,,611,10110,,,,,,,,,本科,,,,,
8300103,海南,本科批,物理,,XAEE6FC,专业组80,陕西科技大学,6E47,计算机科学与技术（中外合作办学）（中英双学位；只录取有该专业志愿的考生）,中外合作办学; 中英双学位；只录取有该专业志愿的考生,,,,,611,10110,,,,,,611,10110,,,,,,,,,本科,,,,,
8300104,海南,本科批,物理,,XAEE6FC,专业组01,陕西科技大学,7BC6,计算机类（包含专业：计算机科学与技术、网络工程）,包含专业：计算机科学与技术、网络工程,,,,,617,9159,,,,,,617,9159,,,,,,,,,本科,,,,,
8301054,海南,本科批,物理,,X1EF8E8,专业组02,山西医科大学,6D6C,眼视光学,,,,,,521,31110,,,,,,521,31110,,,,,,,,,本科,,,,,
8301055,海南,本科批,物理,,X1EF8E8,专业组02,山西医科大学,817D,康复治疗学,,,,,,527,29380,,,,,,527,29380,,,,,,,,,本科,,,,,
8301056,海南,本科批,物理,,X1EF8E8,专业组02,山西医科大学,4C2A,中药学,,,,,,532,28031,,,,,,532,28031,,,,,,,,,本科,,,,,
8301057,海南,本科批,物理,,X1EF8E8,专业组02,山西医科大学,BE91,医学检验技术,,,,,,540,25810,,,,,,540,25810,,,,,,,,,本科,,,,,
8301058,海南,本科批,物理,,X1EF8E8,专业组02,山西医科大学,10A0,药学,,,,,,559,20885,,,,,,559,20885,,,,,,,,,本科,,,,,
8301059,海南,本科批,物理,,X1EF8E8,专业组02,山西医科大学,765E,临床药学,,,,,,571,17978,,,,,,571,17978,,,,,,,,,本科,,,,,
8301060,海南,本科批,物理,,X1EF8E8,专业组02,山西医科大学,4E9C,卫生检验与检疫,,,,,,572,17764,,,,,,572,17764,,,,,,,,,本科,,,,,
8301061,海南,本科批,物理,,X1EF8E8,专业组04,山西医科大学,7BEF,法医学,,,,,,578,16442,,,,,,578,16442,,,,,,,,,本科,,,,,
8301062,海南,本科批,物理,,X1EF8E8,专业组04,山西医科大学,FE60,基础医学,,,,,,581,15788,,,,,,581,15788,,,,,,,,,本科,,,,,
8301063,海南,本科批,物理,,X1EF8E8,专业组04,山西医科大学,A39E,预防医学,,,,,,582,15570,,,,,,582,15570,,,,,,,,,本科,,,,,
8301064,海南,本科批,物理,,X1EF8E8,专业组01,山西医科大学,2BF7,健康服务与管理（汾阳学院）（在汾阳学院就读物理，化学（2门科目考生均须选考方可报）,汾阳学院; 在汾阳学院就读物理，化学（2门科目考生均须选考方可报,,,,,587,14506,,,,,,587,14506,,,,,,,,,本科,,,,,
8301065,海南,本科批,物理,,X1EF8E8,专业组04,山西医科大学,97D0,临床医学,,,,,,607,10761,,,,,,607,10761,,,,,,,,,本科,,,,,
8301066,海南,本科批,物理,,X1EF8E8,专业组03,山西医科大学,4BF3,护理学,,,,,,621,8571,,,,,,621,8571,,,,,,,,,本科,,,,,
8301067,海南,本科批,物理,,X1EF8E8,专业组04,山西医科大学,5DA6,口腔医学,,,,,,632,7099,,,,,,632,7099,,,,,,,,,本科,,,,,
8302646,海南,本科批,物理,,X50FE49,专业组02,河北师范大学,3C38,软件工程,,,,,,581,15788,,,,,,581,15788,,,,,,,,,本科,,,,,
8302647,海南,本科批,物理,,X50FE49,专业组02,河北师范大学,B8DA,数学与应用数学（师范类）,师范类,,,,,589,14092,,,,,,589,14092,,,,,,,,,本科,,,,,
8302648,海南,本科批,物理,,X50FE49,专业组04,河北师范大学,BFDA,人文地理与城乡规划,,,,,,606,10952,,,,,,606,10952,,,,,,,,,本科,,,,,
8302649,海南,本科批,物理,,X50FE49,专业组01,河北师范大学,F338,英语（师范类）,师范类,,,,,646,5489,,,,,,646,5489,,,,,,,,,本科,,,,,
8302650,海南,本科批,物理,,X50FE49,专业组03,河北师范大学,AFF5,汉语言文学（师范类）,师范类,,,,,655,4593,,,,,,655,4593,,,,,,,,,本科,,,,,
8302913,海南,本科批,物理,,X19FF53,专业组01,首都经济贸易大学,BBC8,劳动经济学,,,,,,654,4713,,,,,,654,4713,,,,,,,,,本科,,,,,
8302914,海南,本科批,物理,,X19FF53,专业组01,首都经济贸易大学,04A0,工商管理,,,,,,654,4713,,,,,,654,4713,,,,,,,,,本科,,,,,
8302915,海南,本科批,物理,,X19FF53,专业组01,首都经济贸易大学,F7D0,金融学类（包含专业：金融学、投资学）,包含专业：金融学、投资学,,,,,655,4593,,,,,,655,4593,,,,,,,,,本科,,,,,
8302916,海南,本科批,物理,,X19FF53,专业组01,首都经济贸易大学,927B,法学,,,,,,658,4330,,,,,,658,4330,,,,,,,,,本科,,,,,
8303458,海南,本科批,物理,,X452384,专业组81,四川外国语大学,44E1,物流管理（中外合作办学）（与法国斯特拉斯堡大学合作举办双学位高收费专业，详见学校招生章程；不录取无专业志愿的考生，且不接受专业调剂）,中外合作办学; 与法国斯特拉斯堡大学合作举办双学位高收费专业，详见学校招生章程；不录取无专业志愿的考生，且不接受专业调剂,,,,,569,18472,,,,,,569,18472,,,,,,,,,本科,,,,,
8303459,海南,本科批,物理,,X452384,专业组80,四川外国语大学,3293,商务英语（中外合作办学）（与澳大利亚纽卡斯尔大学合作举办双学位高收费专业，详见学校招生章程；不录取无专业志愿的考生，且不接受专业调剂）,中外合作办学; 与澳大利亚纽卡斯尔大学合作举办双学位高收费专业，详见学校招生章程；不录取无专业志愿的考生，且不接受专业调剂,,,,,583,15317,,,,,,583,15317,,,,,,,,,本科,,,,,
8303460,海南,本科批,物理,,X452384,专业组02,四川外国语大学,FAC1,新闻传播学类（包含专业：新闻学、网络与新媒体、广告学、广“播电视学）,包含专业：新闻学、网络与新媒体、广告学、广“播电视学,,,,,617,9159,,,,,,617,9159,,,,,,,,,本科,,,,,
8303461,海南,本科批,物理,,X452384,专业组02,四川外国语大学,CA0F,旅游管理,,,,,,617,9159,,,,,,617,9159,,,,,,,,,本科,,,,,
8303462,海南,本科批,物理,,X452384,专业组02,四川外国语大学,8B36,翻译,,,,,,618,9022,,,,,,618,9022,,,,,,,,,本科,,,,,
8303463,海南,本科批,物理,,X452384,专业组02,四川外国语大学,978C,审计学,,,,,,620,8717,,,,,,620,8717,,,,,,,,,本科,,,,,
8303464,海南,本科批,物理,,X452384,专业组02,四川外国语大学,4145,英语,,,,,,620,8717,,,,,,620,8717,,,,,,,,,本科,,,,,
8303465,海南,本科批,物理,,X452384,专业组02,四川外国语大学,0208,商务英语（国经双学位）（商务英语+国际经济与贸易双学位专业）,国经双学位; 商务英语+国际经济与贸易双学位专业,,,,,621,8571,,,,,,621,8571,,,,,,,,,本科,,,,,
8304908,海南,本科批,物理,,X10F74B,专业组01,北京化工大学,18A1,工科试验班（先进材料）（包含专业：高分子材料与工程、材料科学与工程、功能材料）,先进材料; 包含专业：高分子材料与工程、材料科学与工程、功能材料,,,,,669,3468,,,,,,669,3468,,,,,,,,,本科,,,,,
8304909,海南,本科批,物理,,X10F74B,专业组01,北京化工大学,D994,理科试验班（绿色化学）（包含专业：应用化学、能源化学、资源化学）,绿色化学; 包含专业：应用化学、能源化学、资源化学,,,,,672,3261,,,,,,672,3261,,,,,,,,,本科,,,,,
8304910,海南,本科批,物理,,X10F74B,专业组80,北京化工大学,3F41,理科试验班（数学、物理电子与管理（包含专业：电子科学与技术、数学与应用数学、信息与计算科学、金融数学、信息管理与信息系统、物流管理、大数据管理与应用、应用物理学）,数学、物理电子与管理（包含专业：电子科学与技术、数学与应用数学、信息与计算科学、金融数学、信息管理与信息系统、物流管理、大数据管理与应用、应用物理学,,,,,678,2871,,,,,,678,2871,,,,,,,,,本科,,,,,
8304911,海南,本科批,物理,,X10F74B,专业组80,北京化工大学,C4AE,自动化类（高端装备与智能制造）（包含专业：测控技术与仪器、自动化、机械设计制造及其自动化、过程装备与控制工程、安全工程、机器人工程）,高端装备与智能制造; 包含专业：测控技术与仪器、自动化、机械设计制造及其自动化、过程装备与控制工程、安全工程、机器人工程,,,,,680,2744,,,,,,680,2744,,,,,,,,,本科,,,,,
8304912,海南,本科批,物理,,X10F74B,专业组80,北京化工大学,CCC7,计算机类（包含专业：电子信息工程、人工智能、计算机科学与技术、数据科学与大数据技术）,包含专业：电子信息工程、人工智能、计算机科学与技术、数据科学与大数据技术,,,,,686,2406,,,,,,686,2406,,,,,,,,,本科,,,,,
8305692,海南,本科批,物理,,XE02E24,专业组01,上海外国语大学,F534,新闻传播学类（卓越国际新闻传播人才计划）（包含专业：新闻学（国际新闻）、广播电视学、广“告学、网络与新媒体、国际新闻与传播）,卓越国际新闻传播人才计划; 包含专业：新闻学（国际新闻,,,,,695,1965,,,,,,695,1965,,,,,,,,,本科,,,,,
8305693,海南,本科批,物理,,XE02E24,专业组01,上海外国语大学,CC92,英语（教育）,教育,,,,,697,1864,,,,,,697,1864,,,,,,,,,本科,,,,,
8305694,海南,本科批,物理,,XE02E24,专业组01,上海外国语大学,DFBD,意大利语,,,,,,699,1777,,,,,,699,1777,,,,,,,,,本科,,,,,
8305695,海南,本科批,物理,,XE02E24,专业组01,上海外国语大学,D43F,西班牙语,,,,,,707,1471,,,,,,707,1471,,,,,,,,,本科,,,,,
8306125,海南,本科批,物理,,X2DE359,专业组02,山东中医药大学,2D90,康复物理治疗,,,,,,481,42257,,,,,,481,42257,,,,,,,,,本科,,,,,
8306126,海南,本科批,物理,,X2DE359,专业组02,山东中医药大学,7775,中草药栽培与鉴定,,,,,,483,41779,,,,,,483,41779,,,,,,,,,本科,,,,,
8306127,海南,本科批,物理,,X2DE359,专业组02,山东中医药大学,9C74,眼视光医学,,,,,,491,39563,,,,,,491,39563,,,,,,,,,本科,,,,,
8306128,海南,本科批,物理,,X2DE359,专业组02,山东中医药大学,817D,康复治疗学,,,,,,492,39297,,,,,,492,39297,,,,,,,,,本科,,,,,
8306129,海南,本科批,物理,,X2DE359,专业组02,山东中医药大学,5ED3,中西医临床医学,,,,,,506,35366,,,,,,506,35366,,,,,,,,,本科,,,,,
8306130,海南,本科批,物理,,X2DE359,专业组02,山东中医药大学,6246,针灸推拿学,,,,,,506,35366,,,,,,506,35366,,,,,,,,,本科,,,,,
8306131,海南,本科批,物理,,X2DE359,专业组02,山东中医药大学,40CE,制药工程,,,,,,507,35056,,,,,,507,35056,,,,,,,,,本科,,,,,
8306132,海南,本科批,物理,,X2DE359,专业组02,山东中医药大学,4C2A,中药学,,,,,,562,20113,,,,,,562,20113,,,,,,,,,本科,,,,,
8306133,海南,本科批,物理,,X2DE359,专业组02,山东中医药大学,03FE,中医学,,,,,,581,15788,,,,,,581,15788,,,,,,,,,本科,,,,,
8306134,海南,本科批,物理,,X2DE359,专业组01,山东中医药大学,4BF3,护理学,,,,,,586,14706,,,,,,586,14706,,,,,,,,,本科,,,,,
8307342,海南,本科批,物理,,X22C440,专业组02,东北农业大学,DA79,食品科学与工程类（包含专业:食品科学与工程、食品质量与安全、粮食工程、乳品工程、食品营养与健康）,包含专业:食品科学与工程、食品质量与安全、粮食工程、乳品工程、食品营养与健康,,,,,564,19597,,,,,,564,19597,,,,,,,,,本科,,,,,
8307343,海南,本科批,物理,,X22C440,专业组02,东北农业大学,EB9A,生物科学类（包含专业：生物科学、生物技术、生物工程）,包含专业：生物科学、生物技术、生物工程,,,,,581,15788,,,,,,581,15788,,,,,,,,,本科,,,,,
8307344,海南,本科批,物理,,X22C440,专业组01,东北农业大学,EB00,金融学类（包含专业：金融学、保险学、国际经济与贸易）,包含专业：金融学、保险学、国际经济与贸易,,,,,624,8163,,,,,,624,8163,,,,,,,,,本科,,,,,
8307345,海南,本科批,物理,,X22C440,专业组01,东北农业大学,FB65,风景园林,,,,,,626,7880,,,,,,626,7880,,,,,,,,,本科,,,,,
8307346,海南,本科批,物理,,X22C440,专业组01,东北农业大学,65F3,工商管理类（包含专业：工商管理、会计学、市场营销、人力资源管理）,包含专业：工商管理、会计学、市场营销、人力资源管理,,,,,629,7486,,,,,,629,7486,,,,,,,,,本科,,,,,
8307914,海南,本科批,物理,,X72B814,专业组02,山东大学（威海）,884D,经济学类（包含专业：金融学（数智金融方向）、金融学（保险科技方向）、国际经济与贸易（数字贸易方向）,包含专业：金融学（数智金融方向; 保险科技方向; 数字贸易方向,,,,,691,2145,,,,,,691,2145,,,,,,,,,本科,,,,,
8307915,海南,本科批,物理,,X72B814,专业组02,山东大学（威海）,ECE0,工商管理类（包含专业：工商管理（数字化运营管理方向）、工商管理（数字营销方向）、工商管理（数智人力方向）、工商管理（数字文旅方向）、工商管理（商务智能方向）、会计学（数智会计方向）、供应链管理）,包含专业：工商管理（数字化运营管理方向; 数字营销方向; 数智人力方向; 数字文旅方向; 商务智能方向; 数智会计方向,,,,,691,2145,,,,,,691,2145,,,,,,,,,本科,,,,,
8307916,海南,本科批,物理,,X72B814,专业组02,山东大学（威海）,991D,外国语言文学类（包含专业：英语（语言文学方向）、英语（英德双语方向）、英语（英俄双语方向）、英语（英日双语方向）、英语（英法双语方向）、英语（英西双语（翻译方向）、朝鲜语（经贸方向）语方向）、英语（国际传播方向）、翻译、朝鲜）,包含专业：英语（语言文学方向; 英德双语方向; 英俄双语方向; 英日双语方向; 英法双语方向; 英西双语（翻译方向; 经贸方向; 国际传播方向,,,,,692,2093,,,,,,692,2093,,,,,,,,,本科,,,,,
8307917,海南,本科批,物理,,X72B814,专业组03,山东大学（威海）,E40F,海洋资源开发技术,,,,,,697,1864,,,,,,697,1864,,,,,,,,,本科,,,,,
8307918,海南,本科批,物理,,X72B814,专业组03,山东大学（威海）,18DB,自动化类（包含专业：自动化、机器人工程）,包含专业：自动化、机器人工程,,,,,698,1821,,,,,,698,1821,,,,,,,,,本科,,,,,
8308478,海南,本科批,物理,,XF85C1D,专业组01,武汉轻工大学,E1BB,功能材料,,,,,,600,12004,,,,,,600,12004,,,,,,,,,本科,,,,,
8308479,海南,本科批,物理,,XF85C1D,专业组01,武汉轻工大学,2018,食品科学与工程类（包含专业：食品科学与工程、食品质量与安全、粮食工程（营养与大健康方向）、食品营养与健康）,包含专业：食品科学与工程、食品质量与安全、粮食工程（营养与大健康方向,,,,,602,11656,,,,,,602,11656,,,,,,,,,本科,,,,,
8308480,海南,本科批,物理,,XF85C1D,专业组01,武汉轻工大学,1C08,机械类（包含专业：机械设计制造及其自动化、智能制造工程、材料成型及控制工程（新型材料设计与制造方向）,包含专业：机械设计制造及其自动化、智能制造工程、材料成型及控制工程（新型材料设计与制造方向,,,,,611,10110,,,,,,611,10110,,,,,,,,,本科,,,,,
8308481,海南,本科批,物理,,XF85C1D,专业组01,武汉轻工大学,6E9A,应用生物科学,,,,,,618,9022,,,,,,618,9022,,,,,,,,,本科,,,,,
8308482,海南,本科批,物理,,XF85C1D,专业组01,武汉轻工大学,043E,计算机类（包含专业：计算机科学与技术、软件工程）,包含专业：计算机科学与技术、软件工程,,,,,629,7486,,,,,,629,7486,,,,,,,,,本科,,,,,
8308483,海南,本科批,物理,,XF85C1D,专业组01,武汉轻工大学,A5B7,电气工程及其自动化,,,,,,632,7099,,,,,,632,7099,,,,,,,,,本科,,,,,
8309027,海南,本科批,物理,,X62C694,专业组02,北京外国语大学,55D9,工商管理类（包含专业：工商管理、会计学、财务管理、电子商务、国际商务）,包含专业：工商管理、会计学、财务管理、电子商务、国际商务,,,,,698,1821,,,,,,698,1821,,,,,,,,,本科,,,,,
8309028,海南,本科批,物理,,X62C694,专业组03,北京外国语大学,57FC,国际组织与全球治理,,,,,,703,1618,,,,,,703,1618,,,,,,,,,本科,,,,,
8309029,海南,本科批,物理,,X62C694,专业组02,北京外国语大学,671C,日语,,,,,,706,1507,,,,,,706,1507,,,,,,,,,本科,,,,,
8309030,海南,本科批,物理,,X62C694,专业组02,北京外国语大学,927B,法学,,,,,,718,1126,,,,,,718,1126,,,,,,,,,本科,,,,,
8309031,海南,本科批,物理,,X62C694,专业组02,北京外国语大学,D243,汉语言文学,,,,,,720,1067,,,,,,720,1067,,,,,,,,,本科,,,,,
8309032,海南,本科批,物理,,X62C694,专业组02,北京外国语大学,6722,英语（中央财经大学金融学专业联合培养）,中央财经大学金融学专业联合培养,,,,,733,761,,,,,,733,761,,,,,,,,,本科,,,,,
8309033,海南,本科批,物理,,X62C694,专业组02,北京外国语大学,DEB9,翻译（外交外事高级翻译）,外交外事高级翻译,,,,,747,521,,,,,,747,521,,,,,,,,,本科,,,,,
8309034,海南,本科批,物理,,X62C694,专业组02,北京外国语大学,4145,英语,,,,,,765,311,,,,,,765,311,,,,,,,,,本科,,,,,
8309035,海南,本科批,物理,,X62C694,专业组03,北京外国语大学,7223,外交学,,,,,,772,251,,,,,,772,251,,,,,,,,,本科,,,,,
8311043,海南,本科批,物理,,XE4360E,专业组01,浙江财经大学,CB22,城乡规划,,,,,,641,6019,,,,,,641,6019,,,,,,,,,本科,,,,,
8311044,海南,本科批,物理,,XE4360E,专业组02,浙江财经大学,72E2,计算机类（包含专业：人工智能、软件工程、计算机科学与技术）,包含专业：人工智能、软件工程、计算机科学与技术,,,,,645,5610,,,,,,645,5610,,,,,,,,,本科,,,,,
8311045,海南,本科批,物理,,XE4360E,专业组01,浙江财经大学,AD73,公共管理类（包含专业：劳动与社会保障、土地资源管理、行政管理、城市管理）,包含专业：劳动与社会保障、土地资源管理、行政管理、城市管理,,,,,645,5610,,,,,,645,5610,,,,,,,,,本科,,,,,
8311046,海南,本科批,物理,,XE4360E,专业组01,浙江财经大学,37C3,工商管理类（包含专业：工商管理、人力资源管理、市场营销、供应链管理）,包含专业：工商管理、人力资源管理、市场营销、供应链管理,,,,,646,5489,,,,,,646,5489,,,,,,,,,本科,,,,,
8311047,海南,本科批,物理,,XE4360E,专业组01,浙江财经大学,6AB9,经济学,,,,,,646,5489,,,,,,646,5489,,,,,,,,,本科,,,,,
8311048,海南,本科批,物理,,XE4360E,专业组01,浙江财经大学,5E19,会计学,,,,,,647,5370,,,,,,647,5370,,,,,,,,,本科,,,,,
8311049,海南,本科批,物理,,XE4360E,专业组01,浙江财经大学,410C,财政学类（包含专业：财政学、税收学、国际税收）,包含专业：财政学、税收学、国际税收,,,,,648,5279,,,,,,648,5279,,,,,,,,,本科,,,,,
8311050,海南,本科批,物理,,XE4360E,专业组01,浙江财经大学,978C,审计学,,,,,,649,5168,,,,,,649,5168,,,,,,,,,本科,,,,,
8311051,海南,本科批,物理,,XE4360E,专业组01,浙江财经大学,0FBC,金融学,,,,,,652,4884,,,,,,652,4884,,,,,,,,,本科,,,,,
8311052,海南,本科批,物理,,XE4360E,专业组02,浙江财经大学,4718,数据科学与大数据技术,,,,,,654,4713,,,,,,654,4713,,,,,,,,,本科,,,,,
8311774,海南,本科批,物理,,XE9E552,专业组04,福建农林大学,ECFB,植物科学与技术,,,,,,491,39563,,,,,,491,39563,,,,,,,,,本科,,,,,
8311775,海南,本科批,物理,,XE9E552,专业组04,福建农林大学,D335,种子科学与工程,,,,,,495,38461,,,,,,495,38461,,,,,,,,,本科,,,,,
8311776,海南,本科批,物理,,XE9E552,专业组04,福建农林大学,377E,海洋资源与环境,,,,,,502,36510,,,,,,502,36510,,,,,,,,,本科,,,,,
8311777,海南,本科批,物理,,XE9E552,专业组04,福建农林大学,5E49,食品科学与工程,,,,,,504,35899,,,,,,504,35899,,,,,,,,,本科,,,,,
8311778,海南,本科批,物理,,XE9E552,专业组04,福建农林大学,D035,生物科学类,,,,,,506,35366,,,,,,506,35366,,,,,,,,,本科,,,,,
8311779,海南,本科批,物理,,XE9E552,专业组04,福建农林大学,7A1F,水产养殖学,,,,,,518,31962,,,,,,518,31962,,,,,,,,,本科,,,,,
8311780,海南,本科批,物理,,XE9E552,专业组04,福建农林大学,7E23,环境工程,,,,,,544,24716,,,,,,544,24716,,,,,,,,,本科,,,,,
8311781,海南,本科批,物理,,XE9E552,专业组04,福建农林大学,C325,农学,,,,,,544,24716,,,,,,544,24716,,,,,,,,,本科,,,,,
8311782,海南,本科批,物理,,XE9E552,专业组04,福建农林大学,C059,海洋科学,,,,,,548,23705,,,,,,548,23705,,,,,,,,,本科,,,,,
8311783,海南,本科批,物理,,XE9E552,专业组04,福建农林大学,53B9,食品质量与安全,,,,,,549,23420,,,,,,549,23420,,,,,,,,,本科,,,,,
8311784,海南,本科批,物理,,XE9E552,专业组04,福建农林大学,D6ED,化学工程与工艺,,,,,,551,22908,,,,,,551,22908,,,,,,,,,本科,,,,,
8311785,海南,本科批,物理,,XE9E552,专业组04,福建农林大学,99EA,动物科学,,,,,,561,20364,,,,,,561,20364,,,,,,,,,本科,,,,,
8311786,海南,本科批,物理,,XE9E552,专业组物化,福建农林大学,3B95,材料科学与工程（国家专项）,国家专项,,,,,565,19373,,,,,,565,19373,,,,,,,,,本科,,,,,
8311787,海南,本科批,物理,,XE9E552,专业组02,福建农林大学,70BE,农林经济管理（中外合作办学）（中外合作4+0）,中外合作办学; 中外合作4+0,,,,,571,17978,,,,,,571,17978,,,,,,,,,本科,,,,,
8311788,海南,本科批,物理,,XE9E552,专业组02,福建农林大学,F0E6,风景园林（中外合作办学）（中外合作4+0）,中外合作办学; 中外合作4+0,,,,,573,17552,,,,,,573,17552,,,,,,,,,本科,,,,,
8311789,海南,本科批,物理,,XE9E552,专业组04,福建农林大学,98E9,茶学,,,,,,575,17087,,,,,,575,17087,,,,,,,,,本科,,,,,
8311790,海南,本科批,物理,,XE9E552,专业组04,福建农林大学,0325,动物医学,,,,,,584,15113,,,,,,584,15113,,,,,,,,,本科,,,,,
8311791,海南,本科批,物理,,XE9E552,专业组04,福建农林大学,8336,食品营养与健康,,,,,,590,13900,,,,,,590,13900,,,,,,,,,本科,,,,,
8311792,海南,本科批,物理,,XE9E552,专业组03,福建农林大学,1C92,数字经济,,,,,,601,11844,,,,,,601,11844,,,,,,,,,本科,,,,,
8311793,海南,本科批,物理,,XE9E552,专业组03,福建农林大学,4A2C,物流工程,,,,,,601,11844,,,,,,601,11844,,,,,,,,,本科,,,,,
8312348,海南,本科批,物理,,XD05052,专业组02,赣南医科大学,5D85,食品卫生与营养学,,,,,,480,42524,,,,,,480,42524,,,,,,,,,本科,,,,,
8312349,海南,本科批,物理,,XD05052,专业组02,赣南医科大学,40CE,制药工程,,,,,,534,27473,,,,,,534,27473,,,,,,,,,本科,,,,,
8312350,海南,本科批,物理,,XD05052,专业组02,赣南医科大学,F89C,生物技术,,,,,,535,27215,,,,,,535,27215,,,,,,,,,本科,,,,,
8312351,海南,本科批,物理,,XD05052,专业组02,赣南医科大学,10A0,药学,,,,,,549,23420,,,,,,549,23420,,,,,,,,,本科,,,,,
8312352,海南,本科批,物理,,XD05052,专业组02,赣南医科大学,7BEF,法医学,,,,,,555,21888,,,,,,555,21888,,,,,,,,,本科,,,,,
8312353,海南,本科批,物理,,XD05052,专业组02,赣南医科大学,A5C6,麻醉学,,,,,,557,21396,,,,,,557,21396,,,,,,,,,本科,,,,,
8312354,海南,本科批,物理,,XD05052,专业组02,赣南医科大学,CD64,儿科学,,,,,,562,20113,,,,,,562,20113,,,,,,,,,本科,,,,,
8312355,海南,本科批,物理,,XD05052,专业组02,赣南医科大学,309F,生物医学工程（医用材料方向）,医用材料方向,,,,,564,19597,,,,,,564,19597,,,,,,,,,本科,,,,,
8312356,海南,本科批,物理,,XD05052,专业组02,赣南医科大学,97D0,临床医学,,,,,,565,19373,,,,,,565,19373,,,,,,,,,本科,,,,,
8312357,海南,本科批,物理,,XD05052,专业组02,赣南医科大学,817D,康复治疗学,,,,,,569,18472,,,,,,569,18472,,,,,,,,,本科,,,,,
8312358,海南,本科批,物理,,XD05052,专业组02,赣南医科大学,5DA6,口腔医学,,,,,,570,18200,,,,,,570,18200,,,,,,,,,本科,,,,,
8312359,海南,本科批,物理,,XD05052,专业组02,赣南医科大学,2DDF,医学影像技术,,,,,,584,15113,,,,,,584,15113,,,,,,,,,本科,,,,,
8312360,海南,本科批,物理,,XD05052,专业组01,赣南医科大学,9FD2,健康服务与管理,,,,,,593,13321,,,,,,593,13321,,,,,,,,,本科,,,,,
8312361,海南,本科批,物理,,XD05052,专业组01,赣南医科大学,927B,法学,,,,,,595,12898,,,,,,595,12898,,,,,,,,,本科,,,,,
8312362,海南,本科批,物理,,XD05052,专业组01,赣南医科大学,4852,应用心理学,,,,,,596,12722,,,,,,596,12722,,,,,,,,,本科,,,,,
8313170,海南,本科批,物理,,X13E3DD,专业组02,渤海大学,984D,电气工程及其自动化（国际本科学术互认课程）（国际本科学术互认课程项目；入校后外语课程只安排英语教学，因语种问题无法完成学业，学校不予调整专业）,国际本科学术互认课程; 国际本科学术互认课程项目；入校后外语课程只安排英语教学，因语种问题无法完成学业，学校不予调整专业,,,,,554,22142,,,,,,554,22142,,,,,,,,,本科,,,,,
8313171,海南,本科批,物理,,X13E3DD,专业组01,渤海大学,6AB9,经济学,,,,,,580,15994,,,,,,580,15994,,,,,,,,,本科,,,,,
8313172,海南,本科批,物理,,X13E3DD,专业组01,渤海大学,CA0F,旅游管理,,,,,,580,15994,,,,,,580,15994,,,,,,,,,本科,,,,,
8313173,海南,本科批,物理,,X13E3DD,专业组01,渤海大学,0FBC,金融学,,,,,,582,15570,,,,,,582,15570,,,,,,,,,本科,,,,,
8313741,海南,本科批,物理,,X15F498,专业组02,汕头大学,4ECE,土木工程,,,,,,616,9314,,,,,,616,9314,,,,,,,,,本科,,,,,
8313742,海南,本科批,物理,,X15F498,专业组02,汕头大学,04BA,物理学（创新班）,创新班,,,,,621,8571,,,,,,621,8571,,,,,,,,,本科,,,,,
8313743,海南,本科批,物理,,X15F498,专业组02,汕头大学,78FF,机械设计制造及其自动化,,,,,,623,8295,,,,,,623,8295,,,,,,,,,本科,,,,,
8313744,海南,本科批,物理,,X15F498,专业组02,汕头大学,B9A5,计算机科学与技术,,,,,,640,6127,,,,,,640,6127,,,,,,,,,本科,,,,,
8313745,海南,本科批,物理,,X15F498,专业组01,汕头大学,193C,行政管理（智慧城市特色班）,智慧城市特色班,,,,,645,5610,,,,,,645,5610,,,,,,,,,本科,,,,,
8313746,海南,本科批,物理,,X15F498,专业组01,汕头大学,7C25,市场营销（大数据营销）,大数据营销,,,,,653,4781,,,,,,653,4781,,,,,,,,,本科,,,,,
8313747,海南,本科批,物理,,X15F498,专业组01,汕头大学,D243,汉语言文学,,,,,,658,4330,,,,,,658,4330,,,,,,,,,本科,,,,,
8313748,海南,本科批,物理,,X15F498,专业组01,汕头大学,927B,法学,,,,,,664,3845,,,,,,664,3845,,,,,,,,,本科,,,,,
8314288,海南,本科批,物理,,X75E6E2,专业组01,天津中医药大学,A8FF,工商管理类（包含专业：市场营销、市场营销（国际营销班）物理，化学（2门科目考生均须选考方可报）,包含专业：市场营销、市场营销（国际营销班; 2门科目考生均须选考方可报,,,,,610,10279,,,,,,610,10279,,,,,,,,,本科,,,,,
8314289,海南,本科批,物理,,X75E6E2,专业组02,天津中医药大学,BA81,中医学类（包含专业：中医学、针灸推拿学、中医康复）,包含专业：中医学、针灸推拿学、中医康复,,,,,641,6019,,,,,,641,6019,,,,,,,,,本科,,,,,
8314290,海南,本科批,物理,,X75E6E2,专业组02,天津中医药大学,5ED3,中西医临床医学,,,,,,648,5279,,,,,,648,5279,,,,,,,,,本科,,,,,
8314820,海南,本科批,物理,,X54A591,专业组02,吉首大学,7205,医学检验技术（吉首校区）,吉首校区,,,,,493,39015,,,,,,493,39015,,,,,,,,,本科,,,,,
8314821,海南,本科批,物理,,X54A591,专业组02,吉首大学,8436,药学（吉首校区）,吉首校区,,,,,502,36510,,,,,,502,36510,,,,,,,,,本科,,,,,
8314822,海南,本科批,物理,,X54A591,专业组02,吉首大学,5669,统计学（吉首校区）,吉首校区,,,,,503,36239,,,,,,503,36239,,,,,,,,,本科,,,,,
8314823,海南,本科批,物理,,X54A591,专业组03,吉首大学,3461,生物科学（师范）（吉首校区）,师范; 吉首校区,,,,,505,35622,,,,,,505,35622,,,,,,,,,本科,,,,,
8314824,海南,本科批,物理,,X54A591,专业组02,吉首大学,4524,制药工程（吉首校区）,吉首校区,,,,,505,35622,,,,,,505,35622,,,,,,,,,本科,,,,,
8314825,海南,本科批,物理,,X54A591,专业组02,吉首大学,A673,通信工程（吉首校区）,吉首校区,,,,,538,26380,,,,,,538,26380,,,,,,,,,本科,,,,,
8314826,海南,本科批,物理,,X54A591,专业组02,吉首大学,0999,土木工程（张家界校区）,张家界校区,,,,,539,26094,,,,,,539,26094,,,,,,,,,本科,,,,,
8314827,海南,本科批,物理,,X54A591,专业组01,吉首大学,6769,旅游管理（张家界校区）,张家界校区,,,,,596,12722,,,,,,596,12722,,,,,,,,,本科,,,,,
8314828,海南,本科批,物理,,X54A591,专业组01,吉首大学,354E,工商管理（吉首校区）,吉首校区,,,,,598,12377,,,,,,598,12377,,,,,,,,,本科,,,,,
8314829,海南,本科批,物理,,X54A591,专业组01,吉首大学,4EF3,商务英语（吉首校区）,吉首校区,,,,,598,12377,,,,,,598,12377,,,,,,,,,本科,,,,,
8314830,海南,本科批,物理,,X54A591,专业组01,吉首大学,EC95,翻译（张家界校区）,张家界校区,,,,,598,12377,,,,,,598,12377,,,,,,,,,本科,,,,,
8314831,海南,本科批,物理,,X54A591,专业组01,吉首大学,E265,公共事业管理（吉首校区）,吉首校区,,,,,603,11475,,,,,,603,11475,,,,,,,,,本科,,,,,
8314832,海南,本科批,物理,,X54A591,专业组04,吉首大学,72E6,历史学（师范）（吉首校区）,师范; 吉首校区,,,,,615,9467,,,,,,615,9467,,,,,,,,,本科,,,,,
8314833,海南,本科批,物理,,X54A591,专业组04,吉首大学,51BF,汉语言文学（师范）（吉首校区）,师范; 吉首校区,,,,,619,8868,,,,,,619,8868,,,,,,,,,本科,,,,,
8315699,海南,本科批,物理,,X9CC6D5,专业组01,安徽医科大学,B6C5,预防医学（不招色盲、色弱）,不招色盲、色弱,,,,,588,14321,,,,,,588,14321,,,,,,,,,本科,,,,,
8315700,海南,本科批,物理,,X9CC6D5,专业组01,安徽医科大学,D85B,临床医学（不招色盲、色弱）,不招色盲、色弱,,,,,614,9643,,,,,,614,9643,,,,,,,,,本科,,,,,
8316307,海南,本科批,物理,,X85B1D2,专业组03,东北石油大学,538E,机器人工程（秦皇岛校区就读物理）,秦皇岛校区就读物理,,,,,552,22661,,,,,,552,22661,,,,,,,,,本科,,,,,
8316308,海南,本科批,物理,,X85B1D2,专业组03,东北石油大学,36FA,环境工程（秦皇岛校区就读；国家工程教育专业认证通过专业）,秦皇岛校区就读；国家工程教育专业认证通过专业,,,,,553,22416,,,,,,553,22416,,,,,,,,,本科,,,,,
8316309,海南,本科批,物理,,X85B1D2,专业组03,东北石油大学,294C,地球信息科学与技术,,,,,,555,21888,,,,,,555,21888,,,,,,,,,本科,,,,,
8316310,海南,本科批,物理,,X85B1D2,专业组03,东北石油大学,4D44,给排水科学与工程,,,,,,559,20885,,,,,,559,20885,,,,,,,,,本科,,,,,
8316311,海南,本科批,物理,,X85B1D2,专业组03,东北石油大学,A5D2,测控技术与仪器,,,,,,559,20885,,,,,,559,20885,,,,,,,,,本科,,,,,
8316312,海南,本科批,物理,,X85B1D2,专业组03,东北石油大学,F728,碳储科学与工程（秦皇岛校区就读）,秦皇岛校区就读,,,,,561,20364,,,,,,561,20364,,,,,,,,,本科,,,,,
8316313,海南,本科批,物理,,X85B1D2,专业组03,东北石油大学,043E,计算机类（包含专业：计算机科学与技术、软件工程）,包含专业：计算机科学与技术、软件工程,,,,,562,20113,,,,,,562,20113,,,,,,,,,本科,,,,,
8316314,海南,本科批,物理,,X85B1D2,专业组03,东北石油大学,FF36,化学工程与工艺（国家级一流专业建设点、国家级特色专业、国家工程教育专业认证通过专业、省级重点专业）,国家级一流专业建设点、国家级特色专业、国家工程教育专业认证通过专业、省级重点专业,,,,,562,20113,,,,,,562,20113,,,,,,,,,本科,,,,,
8316315,海南,本科批,物理,,X85B1D2,专业组03,东北石油大学,D583,网络空间安全,,,,,,562,20113,,,,,,562,20113,,,,,,,,,本科,,,,,
8316316,海南,本科批,物理,,X85B1D2,专业组03,东北石油大学,5B8B,高分子材料与工程,,,,,,565,19373,,,,,,565,19373,,,,,,,,,本科,,,,,
8316317,海南,本科批,物理,,X85B1D2,专业组03,东北石油大学,E1A6,物联网工程（秦皇岛校区就读）,秦皇岛校区就读,,,,,566,19137,,,,,,566,19137,,,,,,,,,本科,,,,,
8316318,海南,本科批,物理,,X85B1D2,专业组03,东北石油大学,0875,安全工程（省级一流专业建设点）,省级一流专业建设点,,,,,566,19137,,,,,,566,19137,,,,,,,,,本科,,,,,
8316319,海南,本科批,物理,,X85B1D2,专业组03,东北石油大学,0DD8,资源勘查工程,,,,,,569,18472,,,,,,569,18472,,,,,,,,,本科,,,,,
8316320,海南,本科批,物理,,X85B1D2,专业组03,东北石油大学,AADF,能源与动力工程（国家级一流专业建设点）,国家级一流专业建设点,,,,,574,17335,,,,,,574,17335,,,,,,,,,本科,,,,,
8316321,海南,本科批,物理,,X85B1D2,专业组03,东北石油大学,2C31,电子信息工程（国家级一流专业建设点、国家卓越工程师教育培养计划专业、国家工程教育专业认证通过专业、省级重点专业）,国家级一流专业建设点、国家卓越工程师教育培养计划专业、国家工程教育专业认证通过专业、省级重点专业,,,,,574,17335,,,,,,574,17335,,,,,,,,,本科,,,,,
8316322,海南,本科批,物理,,X85B1D2,专业组03,东北石油大学,7944,通信工程（省级一流专业建设点、省级重点专业）,省级一流专业建设点、省级重点专业,,,,,576,16888,,,,,,576,16888,,,,,,,,,本科,,,,,
8316323,海南,本科批,物理,,X85B1D2,专业组03,东北石油大学,149B,海洋油气工程（秦皇岛校区就读；国家工程教育专业认证通过专业、省级一流专业建设点）,秦皇岛校区就读；国家工程教育专业认证通过专业、省级一流专业建设点,,,,,576,16888,,,,,,576,16888,,,,,,,,,本科,,,,,
8316324,海南,本科批,物理,,X85B1D2,专业组03,东北石油大学,863B,过程装备与控制工程（国家级一流专业建设点、国家级特色专业、国家卓越工程师教育培养计划专业、国家工程教育专业认证通过专业、省级重点专业）,国家级一流专业建设点、国家级特色专业、国家卓越工程师教育培养计划专业、国家工程教育专业认证通过专业、省级重点专业,,,,,576,16888,,,,,,576,16888,,,,,,,,,本科,,,,,
8316325,海南,本科批,物理,,X85B1D2,专业组03,东北石油大学,BAF8,石油工程（国家级一流专业建设点、国家级特色专业、国家卓越工程师教育培养计划专业、国家工程教育专业认证通过专业、省级重点专业）,国家级一流专业建设点、国家级特色专业、国家卓越工程师教育培养计划专业、国家工程教育专业认证通过专业、省级重点专业,,,,,577,16644,,,,,,577,16644,,,,,,,,,本科,,,,,
8316326,海南,本科批,物理,,X85B1D2,专业组03,东北石油大学,48C8,机械设计制造及其自动化（国家级一流专业建设点、国家工程教育专业认证通过专业、省级重点专业）,国家级一流专业建设点、国家工程教育专业认证通过专业、省级重点专业,,,,,582,15570,,,,,,582,15570,,,,,,,,,本科,,,,,
8317182,海南,本科批,物理,,X23E469,专业组01,中国石油大学（北京）,B89F,化工与制药类（包含专业：化学工程与工艺、能源化学工程）,包含专业：化学工程与工艺、能源化学工程,,,,,670,3396,,,,,,670,3396,,,,,,,,,本科,,,,,
8317183,海南,本科批,物理,,X23E469,专业组01,中国石油大学（北京）,EC95,勘查技术与工程,,,,,,671,3324,,,,,,671,3324,,,,,,,,,本科,,,,,
8317184,海南,本科批,物理,,X23E469,专业组01,中国石油大学（北京）,917A,海洋油气工程,,,,,,671,3324,,,,,,671,3324,,,,,,,,,本科,,,,,
8317185,海南,本科批,物理,,X23E469,专业组01,中国石油大学（北京）,A942,材料科学与工程,,,,,,672,3261,,,,,,672,3261,,,,,,,,,本科,,,,,
8317186,海南,本科批,物理,,X23E469,专业组01,中国石油大学（北京）,0984,资源勘查工程（油气与清洁地质能源）,油气与清洁地质能源,,,,,676,3001,,,,,,676,3001,,,,,,,,,本科,,,,,
8317187,海南,本科批,物理,,X23E469,专业组01,中国石油大学（北京）,CB98,机械类（包含专业：机器人工程、机械设计制造及其自动化）,包含专业：机器人工程、机械设计制造及其自动化,,,,,676,3001,,,,,,676,3001,,,,,,,,,本科,,,,,
8317188,海南,本科批,物理,,X23E469,专业组01,中国石油大学（北京）,12CD,油气储运工程,,,,,,676,3001,,,,,,676,3001,,,,,,,,,本科,,,,,
8317189,海南,本科批,物理,,X23E469,专业组01,中国石油大学（北京）,3557,能源与动力工程,,,,,,679,2805,,,,,,679,2805,,,,,,,,,本科,,,,,
8317190,海南,本科批,物理,,X23E469,专业组01,中国石油大学（北京）,4D53,石油工程,,,,,,679,2805,,,,,,679,2805,,,,,,,,,本科,,,,,
8317191,海南,本科批,物理,,X23E469,专业组01,中国石油大学（北京）,B9A5,计算机科学与技术,,,,,,681,2691,,,,,,681,2691,,,,,,,,,本科,,,,,
8317192,海南,本科批,物理,,X23E469,专业组01,中国石油大学（北京）,4C65,自动化,,,,,,681,2691,,,,,,681,2691,,,,,,,,,本科,,,,,
8318033,海南,本科批,物理,,XF7B228,专业组02,新疆大学,5FC4,环境科学,,,,,,584,15113,,,,,,584,15113,,,,,,,,,本科,,,,,
8318034,海南,本科批,物理,,XF7B228,专业组02,新疆大学,3128,资源勘查工程（省级一流本科专业）,省级一流本科专业,,,,,586,14706,,,,,,586,14706,,,,,,,,,本科,,,,,
8318035,海南,本科批,物理,,XF7B228,专业组02,新疆大学,B09A,交通工程（省级一流本科专业）,省级一流本科专业,,,,,591,13666,,,,,,591,13666,,,,,,,,,本科,,,,,
8318036,海南,本科批,物理,,XF7B228,专业组02,新疆大学,2C49,生物科学（择优选拔进入人才培养模式改革实验班；国家级一流本科专业）,择优选拔进入人才培养模式改革实验班；国家级一流本科专业,,,,,608,10596,,,,,,608,10596,,,,,,,,,本科,,,,,
8318037,海南,本科批,物理,,XF7B228,专业组02,新疆大学,A86C,遥感科学与技术,,,,,,608,10596,,,,,,608,10596,,,,,,,,,本科,,,,,
8318038,海南,本科批,物理,,XF7B228,专业组02,新疆大学,278A,软件工程（数学单科成绩不低于70分（150分制）；国家级一流本科专业；含1个俄语言特色班）,数学单科成绩不低于70分（150分制,,,,,611,10110,,,,,,611,10110,,,,,,,,,本科,,,,,
8318039,海南,本科批,物理,,XF7B228,专业组02,新疆大学,C981,机械工程（国家级一流本科专业，已通过全国工程教育专业认证）,国家级一流本科专业，已通过全国工程教育专业认证,,,,,615,9467,,,,,,615,9467,,,,,,,,,本科,,,,,
8318040,海南,本科批,物理,,XF7B228,专业组02,新疆大学,74B7,自动化（国家级一流本科专业）,国家级一流本科专业,,,,,622,8436,,,,,,622,8436,,,,,,,,,本科,,,,,
8318041,海南,本科批,物理,,XF7B228,专业组01,新疆大学,AAE6,旅游管理（国家级一流本科专业）,国家级一流本科专业,,,,,625,8008,,,,,,625,8008,,,,,,,,,本科,,,,,
8318042,海南,本科批,物理,,XF7B228,专业组01,新疆大学,DDFE,国际经济与贸易（省级一流本科专业）,省级一流本科专业,,,,,626,7880,,,,,,626,7880,,,,,,,,,本科,,,,,
8318043,海南,本科批,物理,,XF7B228,专业组01,新疆大学,7085,俄语（英语单科成绩不低于90分（150分制）；国家级一流本科专业）,英语单科成绩不低于90分（150分制,,,,,629,7486,,,,,,629,7486,,,,,,,,,本科,,,,,
8318044,海南,本科批,物理,,XF7B228,专业组01,新疆大学,675C,汉语言文学（国家级一流本科专业）,国家级一流本科专业,,,,,631,7228,,,,,,631,7228,,,,,,,,,本科,,,,,
8318045,海南,本科批,物理,,XF7B228,专业组01,新疆大学,A114,法学（国家级一流本科专业；教育部卓越法律人才教育培养基地）,国家级一流本科专业；教育部卓越法律人才教育培养基地,,,,,632,7099,,,,,,632,7099,,,,,,,,,本科,,,,,
8318738,海南,本科批,物理,,X65EFCD,专业组01,温州医科大学,EF91,临床医学（检验医师培养试验班）,检验医师培养试验班,,,,,663,3920,,,,,,663,3920,,,,,,,,,本科,,,,,
8318739,海南,本科批,物理,,X65EFCD,专业组01,温州医科大学,CD64,儿科学,,,,,,663,3920,,,,,,663,3920,,,,,,,,,本科,,,,,
8318740,海南,本科批,物理,,X65EFCD,专业组01,温州医科大学,9C74,眼视光医学,,,,,,666,3691,,,,,,666,3691,,,,,,,,,本科,,,,,
8318741,海南,本科批,物理,,X65EFCD,专业组01,温州医科大学,97D0,临床医学,,,,,,667,3616,,,,,,667,3616,,,,,,,,,本科,,,,,
8319309,海南,本科批,物理,,XCF0BEC,专业组80,大连海洋大学,0144,海洋技术（不招色盲、色弱）,不招色盲、色弱,,,,,518,31962,,,,,,518,31962,,,,,,,,,本科,,,,,
8319310,海南,本科批,物理,,XCF0BEC,专业组80,大连海洋大学,12AF,水产养殖学（不招色盲、色弱）,不招色盲、色弱,,,,,527,29380,,,,,,527,29380,,,,,,,,,本科,,,,,
8319311,海南,本科批,物理,,XCF0BEC,专业组01,大连海洋大学,E670,水族科学与技术,,,,,,542,25271,,,,,,542,25271,,,,,,,,,本科,,,,,
8319312,海南,本科批,物理,,XCF0BEC,专业组01,大连海洋大学,377E,海洋资源与环境,,,,,,548,23705,,,,,,548,23705,,,,,,,,,本科,,,,,
8319313,海南,本科批,物理,,XCF0BEC,专业组01,大连海洋大学,557A,港口航道与海岸工程,,,,,,551,22908,,,,,,551,22908,,,,,,,,,本科,,,,,
8319665,海南,本科批,物理,,X5393FF,专业组02,云南师范大学,D081,新能源科学与工程,,,,,,507,35056,,,,,,507,35056,,,,,,,,,本科,,,,,
8319666,海南,本科批,物理,,X5393FF,专业组02,云南师范大学,8FA3,化学（师范类）,师范类,,,,,550,23151,,,,,,550,23151,,,,,,,,,本科,,,,,
8319667,海南,本科批,物理,,X5393FF,专业组03,云南师范大学,52B6,秘书学,,,,,,605,11138,,,,,,605,11138,,,,,,,,,本科,,,,,
8319668,海南,本科批,物理,,X5393FF,专业组01,云南师范大学,88EE,泰语,,,,,,606,10952,,,,,,606,10952,,,,,,,,,本科,,,,,
8319669,海南,本科批,物理,,X5393FF,专业组01,云南师范大学,DBB2,历史学（师范类）,师范类,,,,,614,9643,,,,,,614,9643,,,,,,,,,本科,,,,,
8319670,海南,本科批,物理,,X5393FF,专业组04,云南师范大学,0E38,自然地理与资源环境,,,,,,615,9467,,,,,,615,9467,,,,,,,,,本科,,,,,
8319671,海南,本科批,物理,,X5393FF,专业组01,云南师范大学,671C,日语,,,,,,620,8717,,,,,,620,8717,,,,,,,,,本科,,,,,
8319672,海南,本科批,物理,,X5393FF,专业组01,云南师范大学,51C4,英语（含师范、非师范）,含师范、非师范,,,,,621,8571,,,,,,621,8571,,,,,,,,,本科,,,,,
8319673,海南,本科批,物理,,X5393FF,专业组04,云南师范大学,FA23,地理信息科学,,,,,,624,8163,,,,,,624,8163,,,,,,,,,本科,,,,,
8319674,海南,本科批,物理,,X5393FF,专业组01,云南师范大学,9569,小学教育（师范类）,师范类,,,,,629,7486,,,,,,629,7486,,,,,,,,,本科,,,,,
8321290,海南,本科批,物理,,X6EE46E,专业组81,浙江传媒学院,D3FC,电影制作（只招收明确填报有该专业志愿的考生；桐乡乌镇校区）,只招收明确填报有该专业志愿的考生；桐乡乌镇校区,,,,,526,29707,,,,,,526,29707,,,,,,,,,本科,,,,,
8321291,海南,本科批,物理,,X6EE46E,专业组02,浙江传媒学院,6995,网络工程,,,,,,597,12551,,,,,,597,12551,,,,,,,,,本科,,,,,
8321292,海南,本科批,物理,,X6EE46E,专业组02,浙江传媒学院,1FDF,电子科学与技术（演艺工程与舞台技术）,演艺工程与舞台技术,,,,,599,12200,,,,,,599,12200,,,,,,,,,本科,,,,,
8321293,海南,本科批,物理,,X6EE46E,专业组02,浙江传媒学院,4338,广播电视工程,,,,,,605,11138,,,,,,605,11138,,,,,,,,,本科,,,,,
8321294,海南,本科批,物理,,X6EE46E,专业组80,浙江传媒学院,14E1,传播学（中外合作办学（只招收明确填报有该专业志愿的考生；英语单科成绩不低于105分（满分150分制））,中外合作办学（只招收明确填报有该专业志愿的考生；英语单科成绩不低于105分（满分150分制,,,,,609,10437,,,,,,609,10437,,,,,,,,,本科,,,,,
8321295,海南,本科批,物理,,X6EE46E,专业组02,浙江传媒学院,F068,人工智能,,,,,,609,10437,,,,,,609,10437,,,,,,,,,本科,,,,,
8321296,海南,本科批,物理,,X6EE46E,专业组01,浙江传媒学院,4226,公共关系学（桐乡乌镇校区）,桐乡乌镇校区,,,,,614,9643,,,,,,614,9643,,,,,,,,,本科,,,,,
8321297,海南,本科批,物理,,X6EE46E,专业组01,浙江传媒学院,2AAF,广告学（桐乡乌镇校区）,桐乡乌镇校区,,,,,617,9159,,,,,,617,9159,,,,,,,,,本科,,,,,
8321298,海南,本科批,物理,,X6EE46E,专业组01,浙江传媒学院,87B0,文化产业管理（桐乡乌镇校区）,桐乡乌镇校区,,,,,617,9159,,,,,,617,9159,,,,,,,,,本科,,,,,
8321299,海南,本科批,物理,,X6EE46E,专业组01,浙江传媒学院,561E,会展经济与管理（桐乡乌镇校区）,桐乡乌镇校区,,,,,619,8868,,,,,,619,8868,,,,,,,,,本科,,,,,
8321300,海南,本科批,物理,,X6EE46E,专业组82,浙江传媒学院,57D6,数字媒体艺术,,,,,,622,8436,,,,,,622,8436,,,,,,,,,本科,,,,,
8321301,海南,本科批,物理,,X6EE46E,专业组01,浙江传媒学院,0E3B,编辑出版学,,,,,,622,8436,,,,,,622,8436,,,,,,,,,本科,,,,,
8321302,海南,本科批,物理,,X6EE46E,专业组01,浙江传媒学院,E7FE,汉语言文学（桐乡乌镇校区）,桐乡乌镇校区,,,,,624,8163,,,,,,624,8163,,,,,,,,,本科,,,,,
8321303,海南,本科批,物理,,X6EE46E,专业组82,浙江传媒学院,2242,广播电视编导,,,,,,625,8008,,,,,,625,8008,,,,,,,,,本科,,,,,
8321304,海南,本科批,物理,,X6EE46E,专业组01,浙江传媒学院,5E8D,网络与新媒体（桐乡乌镇校区）,桐乡乌镇校区,,,,,628,7623,,,,,,628,7623,,,,,,,,,本科,,,,,
8321305,海南,本科批,物理,,X6EE46E,专业组02,浙江传媒学院,41CF,数字媒体技术,,,,,,631,7228,,,,,,631,7228,,,,,,,,,本科,,,,,
8321306,海南,本科批,物理,,X6EE46E,专业组01,浙江传媒学院,DB75,广播电视学,,,,,,637,6498,,,,,,637,6498,,,,,,,,,本科,,,,,
8321307,海南,本科批,物理,,X6EE46E,专业组01,浙江传媒学院,68F4,新闻学,,,,,,641,6019,,,,,,641,6019,,,,,,,,,本科,,,,,
8321933,海南,本科批,物理,,X875FF1,专业组01,湖北经济学院,5D72,网络与新媒体,,,,,,592,13501,,,,,,592,13501,,,,,,,,,本科,,,,,
8321934,海南,本科批,物理,,X875FF1,专业组01,湖北经济学院,68F4,新闻学,,,,,,593,13321,,,,,,593,13321,,,,,,,,,本科,,,,,
8321935,海南,本科批,物理,,X875FF1,专业组01,湖北经济学院,25DE,国际经济与贸易,,,,,,595,12898,,,,,,595,12898,,,,,,,,,本科,,,,,
8321936,海南,本科批,物理,,X875FF1,专业组01,湖北经济学院,0FBC,金融学,,,,,,598,12377,,,,,,598,12377,,,,,,,,,本科,,,,,
8321937,海南,本科批,物理,,X875FF1,专业组01,湖北经济学院,927B,法学,,,,,,599,12200,,,,,,599,12200,,,,,,,,,本科,,,,,
8321938,海南,本科批,物理,,X875FF1,专业组01,湖北经济学院,FB18,财务管理,,,,,,599,12200,,,,,,599,12200,,,,,,,,,本科,,,,,
8321939,海南,本科批,物理,,X875FF1,专业组01,湖北经济学院,978C,审计学,,,,,,604,11285,,,,,,604,11285,,,,,,,,,本科,,,,,
8322502,海南,本科批,物理,,X0192F8,专业组02,福建理工大学,CEDE,道路桥梁与渡河工程,,,,,,543,24997,,,,,,543,24997,,,,,,,,,本科,,,,,
8322503,海南,本科批,物理,,X0192F8,专业组02,福建理工大学,4ECE,土木工程,,,,,,544,24716,,,,,,544,24716,,,,,,,,,本科,,,,,
8322504,海南,本科批,物理,,X0192F8,专业组01,福建理工大学,09EE,市场营销,,,,,,593,13321,,,,,,593,13321,,,,,,,,,本科,,,,,
8322505,海南,本科批,物理,,X0192F8,专业组01,福建理工大学,04A0,工商管理,,,,,,594,13128,,,,,,594,13128,,,,,,,,,本科,,,,,
8322506,海南,本科批,物理,,X0192F8,专业组01,福建理工大学,3E25,国际商务,,,,,,594,13128,,,,,,594,13128,,,,,,,,,本科,,,,,
8322507,海南,本科批,物理,,X0192F8,专业组01,福建理工大学,4154,电子商务,,,,,,594,13128,,,,,,594,13128,,,,,,,,,本科,,,,,
8322508,海南,本科批,物理,,X0192F8,专业组01,福建理工大学,B0CC,互联网金融,,,,,,598,12377,,,,,,598,12377,,,,,,,,,本科,,,,,
8323311,海南,本科批,物理,,X5070E1,专业组02,兰州理工大学,4D44,给排水科学与工程,,,,,,481,42257,,,,,,481,42257,,,,,,,,,本科,,,,,
8323312,海南,本科批,物理,,X5070E1,专业组02,兰州理工大学,6420,过程装备与控制工程,,,,,,524,30268,,,,,,524,30268,,,,,,,,,本科,,,,,
8323313,海南,本科批,物理,,X5070E1,专业组02,兰州理工大学,6F56,工程管理,,,,,,530,28572,,,,,,530,28572,,,,,,,,,本科,,,,,
8323314,海南,本科批,物理,,X5070E1,专业组02,兰州理工大学,A2E0,测绘工程,,,,,,531,28298,,,,,,531,28298,,,,,,,,,本科,,,,,
8323315,海南,本科批,物理,,X5070E1,专业组02,兰州理工大学,5B8B,高分子材料与工程,,,,,,536,26922,,,,,,536,26922,,,,,,,,,本科,,,,,
8323316,海南,本科批,物理,,X5070E1,专业组02,兰州理工大学,C1B4,水利水电工程,,,,,,544,24716,,,,,,544,24716,,,,,,,,,本科,,,,,
8323317,海南,本科批,物理,,X5070E1,专业组02,兰州理工大学,D081,新能源科学与工程,,,,,,550,23151,,,,,,550,23151,,,,,,,,,本科,,,,,
8323318,海南,本科批,物理,,X5070E1,专业组02,兰州理工大学,6A3A,建筑环境与能源应用工程,,,,,,559,20885,,,,,,559,20885,,,,,,,,,本科,,,,,
8323319,海南,本科批,物理,,X5070E1,专业组02,兰州理工大学,FEF6,材料成型及控制工程,,,,,,560,20621,,,,,,560,20621,,,,,,,,,本科,,,,,
8323320,海南,本科批,物理,,X5070E1,专业组02,兰州理工大学,3557,能源与动力工程,,,,,,583,15317,,,,,,583,15317,,,,,,,,,本科,,,,,
8323321,海南,本科批,物理,,X5070E1,专业组02,兰州理工大学,78FF,机械设计制造及其自动化,,,,,,595,12898,,,,,,595,12898,,,,,,,,,本科,,,,,
8323322,海南,本科批,物理,,X5070E1,专业组01,兰州理工大学,04A0,工商管理,,,,,,596,12722,,,,,,596,12722,,,,,,,,,本科,,,,,
8323323,海南,本科批,物理,,X5070E1,专业组02,兰州理工大学,B9A5,计算机科学与技术,,,,,,596,12722,,,,,,596,12722,,,,,,,,,本科,,,,,
8323324,海南,本科批,物理,,X5070E1,专业组01,兰州理工大学,25DE,国际经济与贸易,,,,,,597,12551,,,,,,597,12551,,,,,,,,,本科,,,,,
8323325,海南,本科批,物理,,X5070E1,专业组01,兰州理工大学,927B,法学,,,,,,597,12551,,,,,,597,12551,,,,,,,,,本科,,,,,
8323326,海南,本科批,物理,,X5070E1,专业组01,兰州理工大学,09EE,市场营销,,,,,,597,12551,,,,,,597,12551,,,,,,,,,本科,,,,,
8323327,海南,本科批,物理,,X5070E1,专业组01,兰州理工大学,FB18,财务管理,,,,,,601,11844,,,,,,601,11844,,,,,,,,,本科,,,,,
8323328,海南,本科批,物理,,X5070E1,专业组02,兰州理工大学,A5B7,电气工程及其自动化,,,,,,606,10952,,,,,,606,10952,,,,,,,,,本科,,,,,
8324068,海南,本科批,物理,,X4C94BF,专业组04,广西民族大学,9DD0,海洋科学（不招色盲、色弱）,不招色盲、色弱,,,,,486,40965,,,,,,486,40965,,,,,,,,,本科,,,,,
8324069,海南,本科批,物理,,X4C94BF,专业组03,广西民族大学,9268,数学与应用数学（师范）,师范,,,,,589,14092,,,,,,589,14092,,,,,,,,,本科,,,,,
8324070,海南,本科批,物理,,X4C94BF,专业组03,广西民族大学,B9A5,计算机科学与技术,,,,,,593,13321,,,,,,593,13321,,,,,,,,,本科,,,,,
8324071,海南,本科批,物理,,X4C94BF,专业组06,广西民族大学,D0E1,政治学与行政学,,,,,,600,12004,,,,,,600,12004,,,,,,,,,本科,,,,,
8324072,海南,本科批,物理,,X4C94BF,专业组02,广西民族大学,0CB6,越南语（国家基地班）（实行“3.5+0.5”培养模式；入校后第二外语为英语；具体详见学校招生章程）,国家基地班; 实行“3.5+0.5”培养模式；入校后第二外语为英语；具体详见学校招生章程,,,,,614,9643,,,,,,614,9643,,,,,,,,,本科,,,,,
8324073,海南,本科批,物理,,X4C94BF,专业组02,广西民族大学,04A0,工商管理,,,,,,618,9022,,,,,,618,9022,,,,,,,,,本科,,,,,
8324074,海南,本科批,物理,,X4C94BF,专业组02,广西民族大学,7434,泰语（国家基地班）（实行“3.5+0.5”培养模式；入校后第二外语为英语；具体详见学校招生章程）,国家基地班; 实行“3.5+0.5”培养模式；入校后第二外语为英语；具体详见学校招生章程,,,,,623,8295,,,,,,623,8295,,,,,,,,,本科,,,,,
8324075,海南,本科批,物理,,X4C94BF,专业组05,广西民族大学,D243,汉语言文学,,,,,,624,8163,,,,,,624,8163,,,,,,,,,本科,,,,,
8324076,海南,本科批,物理,,X4C94BF,专业组02,广西民族大学,927B,法学,,,,,,645,5610,,,,,,645,5610,,,,,,,,,本科,,,,,
8324412,海南,本科批,物理,,XFEFC02,专业组01,河北农业大学,4ECE,土木工程,,,,,,522,30842,,,,,,522,30842,,,,,,,,,本科,,,,,
8324413,海南,本科批,物理,,XFEFC02,专业组01,河北农业大学,93E3,电子信息工程,,,,,,554,22142,,,,,,554,22142,,,,,,,,,本科,,,,,
8324414,海南,本科批,物理,,XFEFC02,专业组01,河北农业大学,B9A5,计算机科学与技术,,,,,,562,20113,,,,,,562,20113,,,,,,,,,本科,,,,,
8324415,海南,本科批,物理,,XFEFC02,专业组01,河北农业大学,78FF,机械设计制造及其自动化,,,,,,564,19597,,,,,,564,19597,,,,,,,,,本科,,,,,
8325198,海南,本科批,物理,,XA4F6A7,专业组02,内蒙古科技大学,4D44,给排水科学与工程,,,,,,483,41779,,,,,,483,41779,,,,,,,,,本科,,,,,
8325199,海南,本科批,物理,,XA4F6A7,专业组02,内蒙古科技大学,A2E0,测绘工程,,,,,,485,41238,,,,,,485,41238,,,,,,,,,本科,,,,,
8325200,海南,本科批,物理,,XA4F6A7,专业组02,内蒙古科技大学,38C2,地质工程,,,,,,485,41238,,,,,,485,41238,,,,,,,,,本科,,,,,
8325201,海南,本科批,物理,,XA4F6A7,专业组02,内蒙古科技大学,E2E1,生物工程,,,,,,486,40965,,,,,,486,40965,,,,,,,,,本科,,,,,
8325202,海南,本科批,物理,,XA4F6A7,专业组02,内蒙古科技大学,F89C,生物技术,,,,,,487,40700,,,,,,487,40700,,,,,,,,,本科,,,,,
8325203,海南,本科批,物理,,XA4F6A7,专业组02,内蒙古科技大学,A69B,土木类（包含专业：土木工程、交通工程）,包含专业：土木工程、交通工程,,,,,489,40101,,,,,,489,40101,,,,,,,,,本科,,,,,
8325204,海南,本科批,物理,,XA4F6A7,专业组02,内蒙古科技大学,6A3A,建筑环境与能源应用工程,,,,,,489,40101,,,,,,489,40101,,,,,,,,,本科,,,,,
8325205,海南,本科批,物理,,XA4F6A7,专业组02,内蒙古科技大学,FEF6,材料成型及控制工程,,,,,,490,39844,,,,,,490,39844,,,,,,,,,本科,,,,,
8325206,海南,本科批,物理,,XA4F6A7,专业组02,内蒙古科技大学,4044,化工与制药类（包含专业：化学工程与工艺、能源化学工程；其中部分考生向能源化学工程专业（光伏硅加工与应用技术方向）分流）,包含专业：化学工程与工艺、能源化学工程；其中部分考生向能源化学工程专业（光伏硅加工与应用技术方向,,,,,500,37077,,,,,,500,37077,,,,,,,,,本科,,,,,
8325207,海南,本科批,物理,,XA4F6A7,专业组02,内蒙古科技大学,2B47,智能建造,,,,,,519,31653,,,,,,519,31653,,,,,,,,,本科,,,,,
8325208,海南,本科批,物理,,XA4F6A7,专业组02,内蒙古科技大学,C0DA,应用统计学,,,,,,521,31110,,,,,,521,31110,,,,,,,,,本科,,,,,
8325209,海南,本科批,物理,,XA4F6A7,专业组02,内蒙古科技大学,D081,新能源科学与工程,,,,,,525,29966,,,,,,525,29966,,,,,,,,,本科,,,,,
8325210,海南,本科批,物理,,XA4F6A7,专业组02,内蒙古科技大学,4C5B,机械类（包含专业：机械设计制造及其自动化、机械电能制造工程子工程、过程装备与控制工程、车辆工程、智）,包含专业：机械设计制造及其自动化、机械电能制造工程子工程、过程装备与控制工程、车辆工程、智,,,,,530,28572,,,,,,530,28572,,,,,,,,,本科,,,,,
8325211,海南,本科批,物理,,XA4F6A7,专业组02,内蒙古科技大学,4C65,自动化,,,,,,543,24997,,,,,,543,24997,,,,,,,,,本科,,,,,
8325212,海南,本科批,物理,,XA4F6A7,专业组01,内蒙古科技大学,52B6,秘书学,,,,,,566,19137,,,,,,566,19137,,,,,,,,,本科,,,,,
8325213,海南,本科批,物理,,XA4F6A7,专业组01,内蒙古科技大学,25DE,国际经济与贸易,,,,,,573,17552,,,,,,573,17552,,,,,,,,,本科,,,,,
8325214,海南,本科批,物理,,XA4F6A7,专业组03,内蒙古科技大学,51C8,思想政治教育,,,,,,573,17552,,,,,,573,17552,,,,,,,,,本科,,,,,
8325215,海南,本科批,物理,,XA4F6A7,专业组01,内蒙古科技大学,A5C9,建筑学,,,,,,574,17335,,,,,,574,17335,,,,,,,,,本科,,,,,
8326118,海南,本科批,物理,,X84BF09,专业组02,天津城建大学,7E23,环境工程,,,,,,490,39844,,,,,,490,39844,,,,,,,,,本科,,,,,
8326119,海南,本科批,物理,,X84BF09,专业组02,天津城建大学,6A3A,建筑环境与能源应用工程,,,,,,492,39297,,,,,,492,39297,,,,,,,,,本科,,,,,
8326120,海南,本科批,物理,,X84BF09,专业组02,天津城建大学,E347,工业设计,,,,,,525,29966,,,,,,525,29966,,,,,,,,,本科,,,,,
8326121,海南,本科批,物理,,X84BF09,专业组02,天津城建大学,8684,智能制造工程,,,,,,527,29380,,,,,,527,29380,,,,,,,,,本科,,,,,
8326122,海南,本科批,物理,,X84BF09,专业组02,天津城建大学,A942,材料科学与工程,,,,,,529,28875,,,,,,529,28875,,,,,,,,,本科,,,,,
8326123,海南,本科批,物理,,X84BF09,专业组02,天津城建大学,4ECE,土木工程,,,,,,540,25810,,,,,,540,25810,,,,,,,,,本科,,,,,
8326124,海南,本科批,物理,,X84BF09,专业组02,天津城建大学,2B47,智能建造,,,,,,548,23705,,,,,,548,23705,,,,,,,,,本科,,,,,
8326125,海南,本科批,物理,,X84BF09,专业组02,天津城建大学,18D0,建筑电气与智能化,,,,,,549,23420,,,,,,549,23420,,,,,,,,,本科,,,,,
8326126,海南,本科批,物理,,X84BF09,专业组02,天津城建大学,5534,计算机类（包含专业：计算机科学与技术、网络工程、物联网工程）,包含专业：计算机科学与技术、网络工程、物联网工程,,,,,559,20885,,,,,,559,20885,,,,,,,,,本科,,,,,
8326127,海南,本科批,物理,,X84BF09,专业组01,天津城建大学,FB65,风景园林,,,,,,591,13666,,,,,,591,13666,,,,,,,,,本科,,,,,
8326128,海南,本科批,物理,,X84BF09,专业组02,天津城建大学,F068,人工智能,,,,,,592,13501,,,,,,592,13501,,,,,,,,,本科,,,,,
8326129,海南,本科批,物理,,X84BF09,专业组01,天津城建大学,CB22,城乡规划,,,,,,592,13501,,,,,,592,13501,,,,,,,,,本科,,,,,
8326130,海南,本科批,物理,,X84BF09,专业组01,天津城建大学,A5C9,建筑学,,,,,,595,12898,,,,,,595,12898,,,,,,,,,本科,,,,,
8326757,海南,本科批,物理,,X1EABBA,专业组03,湖北师范大学,52FD,应用化学,,,,,,578,16442,,,,,,578,16442,,,,,,,,,本科,,,,,
8326758,海南,本科批,物理,,X1EABBA,专业组03,湖北师范大学,B5AE,化学,,,,,,594,13128,,,,,,594,13128,,,,,,,,,本科,,,,,
8326759,海南,本科批,物理,,X1EABBA,专业组03,湖北师范大学,0541,生物科学,,,,,,605,11138,,,,,,605,11138,,,,,,,,,本科,,,,,
8326760,海南,本科批,物理,,X1EABBA,专业组02,湖北师范大学,E91E,教育学类,,,,,,625,8008,,,,,,625,8008,,,,,,,,,本科,,,,,
8326761,海南,本科批,物理,,X1EABBA,专业组02,湖北师范大学,4145,英语,,,,,,628,7623,,,,,,628,7623,,,,,,,,,本科,,,,,
8327130,海南,本科批,物理,,X8211EB,专业组80,广西医科大学,A39E,预防医学,,,,,,543,24997,,,,,,543,24997,,,,,,,,,本科,,,,,
8327131,海南,本科批,物理,,X8211EB,专业组80,广西医科大学,765E,临床药学,,,,,,565,19373,,,,,,565,19373,,,,,,,,,本科,,,,,
8327132,海南,本科批,物理,,X8211EB,专业组80,广西医科大学,7BEF,法医学,,,,,,612,9934,,,,,,612,9934,,,,,,,,,本科,,,,,
8327133,海南,本科批,物理,,X8211EB,专业组01,广西医科大学,CD64,儿科学,,,,,,639,6231,,,,,,639,6231,,,,,,,,,本科,,,,,
8327134,海南,本科批,物理,,X8211EB,专业组01,广西医科大学,57E6,医学影像学,,,,,,647,5370,,,,,,647,5370,,,,,,,,,本科,,,,,
8327135,海南,本科批,物理,,X8211EB,专业组01,广西医科大学,97D0,临床医学,,,,,,655,4593,,,,,,655,4593,,,,,,,,,本科,,,,,
8327136,海南,本科批,物理,,X8211EB,专业组01,广西医科大学,A4EA,临床医学（5+3一体化）,5+3一体化,,,,,707,1471,,,,,,707,1471,,,,,,,,,本科,,,,,
8327498,海南,本科批,物理,,XF97D97,专业组02,武汉纺织大学,4D44,给排水科学与工程,,,,,,490,39844,,,,,,490,39844,,,,,,,,,本科,,,,,
8327499,海南,本科批,物理,,XF97D97,专业组02,武汉纺织大学,8B3F,材料类（包含专业：高分子材料与工程、复合材料与工程、材料科学与工程）,包含专业：高分子材料与工程、复合材料与工程、材料科学与工程,,,,,540,25810,,,,,,540,25810,,,,,,,,,本科,,,,,
8327500,海南,本科批,物理,,XF97D97,专业组02,武汉纺织大学,396D,资源循环科学与工程,,,,,,545,24505,,,,,,545,24505,,,,,,,,,本科,,,,,
8327501,海南,本科批,物理,,XF97D97,专业组02,武汉纺织大学,EAB4,轻化工程,,,,,,549,23420,,,,,,549,23420,,,,,,,,,本科,,,,,
8327502,海南,本科批,物理,,XF97D97,专业组02,武汉纺织大学,BE1C,电子信息工程（智能穿戴及智慧诊疗方向）,智能穿戴及智慧诊疗方向,,,,,561,20364,,,,,,561,20364,,,,,,,,,本科,,,,,
8327503,海南,本科批,物理,,XF97D97,专业组02,武汉纺织大学,5FBB,纺织类（包含专业：纺织工程、非织造材料与工程）,包含专业：纺织工程、非织造材料与工程,,,,,572,17764,,,,,,572,17764,,,,,,,,,本科,,,,,
8327504,海南,本科批,物理,,XF97D97,专业组02,武汉纺织大学,A5B7,电气工程及其自动化,,,,,,587,14506,,,,,,587,14506,,,,,,,,,本科,,,,,
8328153,海南,本科批,物理,,X36EF4F,专业组02,江西科技师范大学,A8BB,数据计算及应用,,,,,,494,38727,,,,,,494,38727,,,,,,,,,本科,,,,,
8328154,海南,本科批,物理,,X36EF4F,专业组02,江西科技师范大学,10A0,药学,,,,,,504,35899,,,,,,504,35899,,,,,,,,,本科,,,,,
8328155,海南,本科批,物理,,X36EF4F,专业组02,江西科技师范大学,4718,数据科学与大数据技术,,,,,,522,30842,,,,,,522,30842,,,,,,,,,本科,,,,,
8328156,海南,本科批,物理,,X36EF4F,专业组02,江西科技师范大学,7D22,材料化学,,,,,,542,25271,,,,,,542,25271,,,,,,,,,本科,,,,,
8328157,海南,本科批,物理,,X36EF4F,专业组02,江西科技师范大学,2F09,数学与应用数学（师范）（师范类专业）,师范; 师范类专业,,,,,587,14506,,,,,,587,14506,,,,,,,,,本科,,,,,
8328158,海南,本科批,物理,,X36EF4F,专业组01,江西科技师范大学,49F2,学前教育（师范）（师范类专业）,师范; 师范类专业,,,,,600,12004,,,,,,600,12004,,,,,,,,,本科,,,,,
8328159,海南,本科批,物理,,X36EF4F,专业组01,江西科技师范大学,671C,日语,,,,,,601,11844,,,,,,601,11844,,,,,,,,,本科,,,,,
8328160,海南,本科批,物理,,X36EF4F,专业组01,江西科技师范大学,A439,英语（师范）（师范类专业）,师范; 师范类专业,,,,,605,11138,,,,,,605,11138,,,,,,,,,本科,,,,,
8328161,海南,本科批,物理,,X36EF4F,专业组04,江西科技师范大学,32F0,文物与博物馆学,,,,,,606,10952,,,,,,606,10952,,,,,,,,,本科,,,,,
8328162,海南,本科批,物理,,X36EF4F,专业组01,江西科技师范大学,927B,法学,,,,,,606,10952,,,,,,606,10952,,,,,,,,,本科,,,,,
8328163,海南,本科批,物理,,X36EF4F,专业组04,江西科技师范大学,8C2F,历史学（师范）（师范类专业）,师范; 师范类专业,,,,,613,9795,,,,,,613,9795,,,,,,,,,本科,,,,,
8328164,海南,本科批,物理,,X36EF4F,专业组04,江西科技师范大学,F215,汉语言文学（师范）（师范类专业）,师范; 师范类专业,,,,,614,9643,,,,,,614,9643,,,,,,,,,本科,,,,,
8328165,海南,本科批,物理,,X36EF4F,专业组03,江西科技师范大学,220A,思想政治教育（师范）（师范类专业）,师范; 师范类专业,,,,,632,7099,,,,,,632,7099,,,,,,,,,本科,,,,,
8328826,海南,本科批,物理,,XDF08CA,专业组02,安徽农业大学,C5CB,园艺,,,,,,486,40965,,,,,,486,40965,,,,,,,,,本科,,,,,
8328827,海南,本科批,物理,,XDF08CA,专业组02,安徽农业大学,2638,植物保护,,,,,,489,40101,,,,,,489,40101,,,,,,,,,本科,,,,,
8328828,海南,本科批,物理,,XDF08CA,专业组02,安徽农业大学,23AA,地理空间信息工程,,,,,,494,38727,,,,,,494,38727,,,,,,,,,本科,,,,,
8328829,海南,本科批,物理,,XDF08CA,专业组02,安徽农业大学,99EA,动物科学,,,,,,548,23705,,,,,,548,23705,,,,,,,,,本科,,,,,
8328830,海南,本科批,物理,,XDF08CA,专业组02,安徽农业大学,1F5A,生物育种科学,,,,,,565,19373,,,,,,565,19373,,,,,,,,,本科,,,,,
8328831,海南,本科批,物理,,XDF08CA,专业组01,安徽农业大学,25DE,国际经济与贸易,,,,,,607,10761,,,,,,607,10761,,,,,,,,,本科,,,,,
8328832,海南,本科批,物理,,XDF08CA,专业组01,安徽农业大学,0FBC,金融学,,,,,,609,10437,,,,,,609,10437,,,,,,,,,本科,,,,,
8328833,海南,本科批,物理,,XDF08CA,专业组01,安徽农业大学,5E19,会计学,,,,,,611,10110,,,,,,611,10110,,,,,,,,,本科,,,,,
8330150,海南,本科批,物理,,X9E2FD0,专业组02,南京医科大学,4BF3,护理学,,,,,,630,7329,,,,,,630,7329,,,,,,,,,本科,,,,,
8330151,海南,本科批,物理,,X9E2FD0,专业组01,南京医科大学,7751,公共事业管理（卫生事业管理）,卫生事业管理,,,,,641,6019,,,,,,641,6019,,,,,,,,,本科,,,,,
8330152,海南,本科批,物理,,X9E2FD0,专业组02,南京医科大学,5DA6,口腔医学,,,,,,645,5610,,,,,,645,5610,,,,,,,,,本科,,,,,
8330153,海南,本科批,物理,,X9E2FD0,专业组02,南京医科大学,97D0,临床医学,,,,,,686,2406,,,,,,686,2406,,,,,,,,,本科,,,,,
8330154,海南,本科批,物理,,X9E2FD0,专业组02,南京医科大学,A4EA,临床医学（5+3一体化）,5+3一体化,,,,,694,2000,,,,,,694,2000,,,,,,,,,本科,,,,,
8330577,海南,本科批,物理,,X5EF1D0,专业组02,山东第二医科大学,B6C5,预防医学（不招色盲、色弱）,不招色盲、色弱,,,,,571,17978,,,,,,571,17978,,,,,,,,,本科,,,,,
8330578,海南,本科批,物理,,X5EF1D0,专业组01,山东第二医科大学,6DD1,护理学（不招色盲、色弱）,不招色盲、色弱,,,,,581,15788,,,,,,581,15788,,,,,,,,,本科,,,,,
8330579,海南,本科批,物理,,X5EF1D0,专业组02,山东第二医科大学,758F,麻醉学（不招色盲、色弱）,不招色盲、色弱,,,,,584,15113,,,,,,584,15113,,,,,,,,,本科,,,,,
8330580,海南,本科批,物理,,X5EF1D0,专业组02,山东第二医科大学,9656,医学影像学（不招色盲、色弱）,不招色盲、色弱,,,,,586,14706,,,,,,586,14706,,,,,,,,,本科,,,,,
8330581,海南,本科批,物理,,X5EF1D0,专业组02,山东第二医科大学,D85B,临床医学（不招色盲、色弱）,不招色盲、色弱,,,,,630,7329,,,,,,630,7329,,,,,,,,,本科,,,,,
8331350,海南,本科批,物理,,X43CB67,专业组02,哈尔滨商业大学,78FF,机械设计制造及其自动化,,,,,,488,40419,,,,,,488,40419,,,,,,,,,本科,,,,,
8331351,海南,本科批,物理,,X43CB67,专业组02,哈尔滨商业大学,25FE,数学与应用数学,,,,,,538,26380,,,,,,538,26380,,,,,,,,,本科,,,,,
8331352,海南,本科批,物理,,X43CB67,专业组02,哈尔滨商业大学,B9A5,计算机科学与技术,,,,,,555,21888,,,,,,555,21888,,,,,,,,,本科,,,,,
8331353,海南,本科批,物理,,X43CB67,专业组01,哈尔滨商业大学,CA0F,旅游管理,,,,,,574,17335,,,,,,574,17335,,,,,,,,,本科,,,,,
8331354,海南,本科批,物理,,X43CB67,专业组01,哈尔滨商业大学,09EE,市场营销,,,,,,577,16644,,,,,,577,16644,,,,,,,,,本科,,,,,
8331355,海南,本科批,物理,,X43CB67,专业组01,哈尔滨商业大学,1049,商务英语,,,,,,578,16442,,,,,,578,16442,,,,,,,,,本科,,,,,
8331356,海南,本科批,物理,,X43CB67,专业组01,哈尔滨商业大学,68F4,新闻学,,,,,,581,15788,,,,,,581,15788,,,,,,,,,本科,,,,,
8331357,海南,本科批,物理,,X43CB67,专业组01,哈尔滨商业大学,4869,投资学,,,,,,583,15317,,,,,,583,15317,,,,,,,,,本科,,,,,
8331358,海南,本科批,物理,,X43CB67,专业组01,哈尔滨商业大学,FB18,财务管理,,,,,,588,14321,,,,,,588,14321,,,,,,,,,本科,,,,,
8331359,海南,本科批,物理,,X43CB67,专业组01,哈尔滨商业大学,1D5E,税收学,,,,,,589,14092,,,,,,589,14092,,,,,,,,,本科,,,,,
8331360,海南,本科批,物理,,X43CB67,专业组01,哈尔滨商业大学,927B,法学,,,,,,594,13128,,,,,,594,13128,,,,,,,,,本科,,,,,
8332068,海南,本科批,物理,,XD18C53,专业组03,河北地质大学,E34A,水利类（包含专业：地下水科学与工程、水文与水资源工程）,包含专业：地下水科学与工程、水文与水资源工程,,,,,485,41238,,,,,,485,41238,,,,,,,,,本科,,,,,
8332069,海南,本科批,物理,,XD18C53,专业组03,河北地质大学,D846,测绘类（包含专业：土地整治工程、遥感科学与技术、测绘工程）,包含专业：土地整治工程、遥感科学与技术、测绘工程,,,,,485,41238,,,,,,485,41238,,,,,,,,,本科,,,,,
8332070,海南,本科批,物理,,XD18C53,专业组03,河北地质大学,7102,土木类（包含专业：土木工程、城市地下空间工程）,包含专业：土木工程、城市地下空间工程,,,,,490,39844,,,,,,490,39844,,,,,,,,,本科,,,,,
8332071,海南,本科批,物理,,XD18C53,专业组03,河北地质大学,904C,材料类（包含专业：矿物加工工程、材料科学与工程）,包含专业：矿物加工工程、材料科学与工程,,,,,492,39297,,,,,,492,39297,,,,,,,,,本科,,,,,
8332072,海南,本科批,物理,,XD18C53,专业组03,河北地质大学,6183,宝石及材料工艺学,,,,,,499,37370,,,,,,499,37370,,,,,,,,,本科,,,,,
8332073,海南,本科批,物理,,XD18C53,专业组03,河北地质大学,BDF9,地质类（包含专业：地质学、古生物学、资源勘查工）,包含专业：地质学、古生物学、资源勘查工,,,,,518,31962,,,,,,518,31962,,,,,,,,,本科,,,,,
8332074,海南,本科批,物理,,XD18C53,专业组03,河北地质大学,1E3F,计算机科学与技术（校企深度合作办学）,校企深度合作办学,,,,,553,22416,,,,,,553,22416,,,,,,,,,本科,,,,,
8332075,海南,本科批,物理,,XD18C53,专业组03,河北地质大学,3084,计算机类（包含专业：通信工程、光电信息科学与工程、软件工程、信息安全）,包含专业：通信工程、光电信息科学与工程、软件工程、信息安全,,,,,555,21888,,,,,,555,21888,,,,,,,,,本科,,,,,
8332076,海南,本科批,物理,,XD18C53,专业组02,河北地质大学,6F56,工程管理,,,,,,589,14092,,,,,,589,14092,,,,,,,,,本科,,,,,
8332077,海南,本科批,物理,,XD18C53,专业组01,河北地质大学,EB42,物流管理与工程类（包含专业：物流管理、采购管理）,包含专业：物流管理、采购管理,,,,,594,13128,,,,,,594,13128,,,,,,,,,本科,,,,,
8332078,海南,本科批,物理,,XD18C53,专业组01,河北地质大学,477C,工商管理类（包含专业：会计学、财务管理、审计学；财会方向）,包含专业：会计学、财务管理、审计学；财会方向,,,,,598,12377,,,,,,598,12377,,,,,,,,,本科,,,,,
8332079,海南,本科批,物理,,XD18C53,专业组01,河北地质大学,927B,法学,,,,,,606,10952,,,,,,606,10952,,,,,,,,,本科,,,,,
8332885,海南,本科批,物理,,X5B5787,专业组03,中国地质大学（北京）,8189,环境生态工程,,,,,,650,5072,,,,,,650,5072,,,,,,,,,本科,,,,,
8332886,海南,本科批,物理,,X5B5787,专业组03,中国地质大学（北京）,EB46,宝石及材料工艺学（不招色盲、色弱、单色识别不全者）,不招色盲、色弱、单色识别不全者,,,,,650,5072,,,,,,650,5072,,,,,,,,,本科,,,,,
8332887,海南,本科批,物理,,X5B5787,专业组03,中国地质大学（北京）,C27E,海洋资源与环境（不招色盲、色弱、单色识别不全者）,不招色盲、色弱、单色识别不全者,,,,,651,4974,,,,,,651,4974,,,,,,,,,本科,,,,,
8332888,海南,本科批,物理,,X5B5787,专业组03,中国地质大学（北京）,4B78,地球物理学（不招色盲、单色识别不全者）,不招色盲、单色识别不全者,,,,,651,4974,,,,,,651,4974,,,,,,,,,本科,,,,,
8332889,海南,本科批,物理,,X5B5787,专业组03,中国地质大学（北京）,4ECE,土木工程,,,,,,651,4974,,,,,,651,4974,,,,,,,,,本科,,,,,
8332890,海南,本科批,物理,,X5B5787,专业组03,中国地质大学（北京）,61F4,材料类（包含专业：材料科学与工程、材料化学、材料物理、新能源材料与器件；不招色盲、色弱、单色识别不全者）,包含专业：材料科学与工程、材料化学、材料物理、新能源材料与器件；不招色盲、色弱、单色识别不全者,,,,,652,4884,,,,,,652,4884,,,,,,,,,本科,,,,,
8332891,海南,本科批,物理,,X5B5787,专业组03,中国地质大学（北京）,D656,土地整治工程,,,,,,652,4884,,,,,,652,4884,,,,,,,,,本科,,,,,
8332892,海南,本科批,物理,,X5B5787,专业组03,中国地质大学（北京）,CD19,地下水科学与工程（不招色盲、色弱、单色识别不全者）,不招色盲、色弱、单色识别不全者,,,,,652,4884,,,,,,652,4884,,,,,,,,,本科,,,,,
8332893,海南,本科批,物理,,X5B5787,专业组03,中国地质大学（北京）,38C2,地质工程,,,,,,652,4884,,,,,,652,4884,,,,,,,,,本科,,,,,
8332894,海南,本科批,物理,,X5B5787,专业组03,中国地质大学（北京）,9745,地质学类（包含专业：地质学、地质学（地质地球物理复合）、地质学（旅游地学）、资源勘查工程（固体矿产）、地球化学、地球信息科学与技术（大数据与数字地球）；不招色盲、色弱、单色识别不全者）,包含专业：地质学、地质学（地质地球物理复合; 旅游地学; 固体矿产; 大数据与数字地球,,,,,656,4510,,,,,,656,4510,,,,,,,,,本科,,,,,
8332895,海南,本科批,物理,,X5B5787,专业组03,中国地质大学（北京）,F48D,地质类（包含专业：石油工程、资源勘查工程（能源）、资源勘查工程（新能源地质与工程）、新能源科学与工程、碳储科学与工程；不招色盲、色弱、单色识别不全者）,包含专业：石油工程、资源勘查工程（能源; 新能源地质与工程,,,,,657,4421,,,,,,657,4421,,,,,,,,,本科,,,,,
8332896,海南,本科批,物理,,X5B5787,专业组03,中国地质大学（北京）,91CE,水文与水资源工程,,,,,,657,4421,,,,,,657,4421,,,,,,,,,本科,,,,,
8332897,海南,本科批,物理,,X5B5787,专业组03,中国地质大学（北京）,A5D2,测控技术与仪器,,,,,,659,4256,,,,,,659,4256,,,,,,,,,本科,,,,,
8332898,海南,本科批,物理,,X5B5787,专业组03,中国地质大学（北京）,25FE,数学与应用数学,,,,,,662,3996,,,,,,662,3996,,,,,,,,,本科,,,,,
8332899,海南,本科批,物理,,X5B5787,专业组03,中国地质大学（北京）,A5B7,电气工程及其自动化,,,,,,663,3920,,,,,,663,3920,,,,,,,,,本科,,,,,
8332900,海南,本科批,物理,,X5B5787,专业组02,中国地质大学（北京）,06BD,自然资源登记与管理（不招单色识别不全者）,不招单色识别不全者,,,,,667,3616,,,,,,667,3616,,,,,,,,,本科,,,,,
8332901,海南,本科批,物理,,X5B5787,专业组02,中国地质大学（北京）,F741,工商管理类（包含专业：工商管理、会计学；不招单色识别不全者）,包含专业：工商管理、会计学；不招单色识别不全者,,,,,667,3616,,,,,,667,3616,,,,,,,,,本科,,,,,
8332902,海南,本科批,物理,,X5B5787,专业组03,中国地质大学（北京）,3C38,软件工程,,,,,,674,3136,,,,,,674,3136,,,,,,,,,本科,,,,,
8332903,海南,本科批,物理,,X5B5787,专业组03,中国地质大学（北京）,93E3,电子信息工程,,,,,,676,3001,,,,,,676,3001,,,,,,,,,本科,,,,,
8333565,海南,本科批,物理,,X1AA737,专业组02,大连民族大学,5E49,食品科学与工程,,,,,,509,34493,,,,,,509,34493,,,,,,,,,本科,,,,,
8333566,海南,本科批,物理,,X1AA737,专业组01,大连民族大学,78FF,机械设计制造及其自动化,,,,,,574,17335,,,,,,574,17335,,,,,,,,,本科,,,,,
8333567,海南,本科批,物理,,X1AA737,专业组01,大连民族大学,93E3,电子信息工程,,,,,,576,16888,,,,,,576,16888,,,,,,,,,本科,,,,,
8333568,海南,本科批,物理,,X1AA737,专业组01,大连民族大学,ECA4,通信工程,,,,,,579,16225,,,,,,579,16225,,,,,,,,,本科,,,,,
8333569,海南,本科批,物理,,X1AA737,专业组01,大连民族大学,4C65,自动化,,,,,,582,15570,,,,,,582,15570,,,,,,,,,本科,,,,,
8333570,海南,本科批,物理,,X1AA737,专业组01,大连民族大学,B9A5,计算机科学与技术,,,,,,590,13900,,,,,,590,13900,,,,,,,,,本科,,,,,
8333571,海南,本科批,物理,,X1AA737,专业组03,大连民族大学,A615,汉语国际教育,,,,,,604,11285,,,,,,604,11285,,,,,,,,,本科,,,,,
8333572,海南,本科批,物理,,X1AA737,专业组03,大连民族大学,D243,汉语言文学,,,,,,611,10110,,,,,,611,10110,,,,,,,,,本科,,,,,
8334437,海南,本科批,物理,,X66567A,专业组01,温州大学,F519,汉语言文学（创意中文实验班）,创意中文实验班,,,,,663,3920,,,,,,663,3920,,,,,,,,,本科,,,,,
8334438,海南,本科批,物理,,X66567A,专业组01,温州大学,927B,法学,,,,,,672,3261,,,,,,672,3261,,,,,,,,,本科,,,,,
8335137,海南,本科批,物理,,X7B3A3E,专业组02,东北大学秦皇岛分校,4154,电子商务,,,,,,666,3691,,,,,,666,3691,,,,,,,,,本科,,,,,
8335138,海南,本科批,物理,,X7B3A3E,专业组01,东北大学秦皇岛分校,04D8,外国语言文学类（包含专业：英语、日语）,包含专业：英语、日语,,,,,667,3616,,,,,,667,3616,,,,,,,,,本科,,,,,
8335139,海南,本科批,物理,,X7B3A3E,专业组02,东北大学秦皇岛分校,D681,信息管理与信息系统,,,,,,667,3616,,,,,,667,3616,,,,,,,,,本科,,,,,
8335140,海南,本科批,物理,,X7B3A3E,专业组01,东北大学秦皇岛分校,CBAF,经济学类（包含专业：经济学、金融学、国际经济与贸易）,包含专业：经济学、金融学、国际经济与贸易,,,,,668,3539,,,,,,668,3539,,,,,,,,,本科,,,,,
8335141,海南,本科批,物理,,X7B3A3E,专业组01,东北大学秦皇岛分校,20B9,工商管理类（包含专业：工商管理、会计学、健康服务与管理）,包含专业：工商管理、会计学、健康服务与管理,,,,,671,3324,,,,,,671,3324,,,,,,,,,本科,,,,,
8335142,海南,本科批,物理,,X7B3A3E,专业组03,东北大学秦皇岛分校,5FDD,材料类（包含专业：材料成型及控制工程、材料科学与工程、冶金工程、资源勘查工程、环境工程）,包含专业：材料成型及控制工程、材料科学与工程、冶金工程、资源勘查工程、环境工程,,,,,677,2924,,,,,,677,2924,,,,,,,,,本科,,,,,
8335143,海南,本科批,物理,,X7B3A3E,专业组03,东北大学秦皇岛分校,C80A,数学类（包含专业：数学与应用数学、应用统计学、数据科学与大数据技术）,包含专业：数学与应用数学、应用统计学、数据科学与大数据技术,,,,,681,2691,,,,,,681,2691,,,,,,,,,本科,,,,,
8335144,海南,本科批,物理,,X7B3A3E,专业组03,东北大学秦皇岛分校,0A4D,仪器类（智能光电感知）（包含专业：测控技术与仪器、光电信息科学与工程）,智能光电感知; 包含专业：测控技术与仪器、光电信息科学与工程,,,,,681,2691,,,,,,681,2691,,,,,,,,,本科,,,,,
8335145,海南,本科批,物理,,X7B3A3E,专业组03,东北大学秦皇岛分校,F22D,机械类（包含专业：机械工程、车辆工程）,包含专业：机械工程、车辆工程,,,,,681,2691,,,,,,681,2691,,,,,,,,,本科,,,,,
8335146,海南,本科批,物理,,X7B3A3E,专业组03,东北大学秦皇岛分校,ECA4,通信工程,,,,,,681,2691,,,,,,681,2691,,,,,,,,,本科,,,,,
8335147,海南,本科批,物理,,X7B3A3E,专业组03,东北大学秦皇岛分校,B9A5,计算机科学与技术,,,,,,682,2624,,,,,,682,2624,,,,,,,,,本科,,,,,
8335148,海南,本科批,物理,,X7B3A3E,专业组03,东北大学秦皇岛分校,93E3,电子信息工程,,,,,,683,2567,,,,,,683,2567,,,,,,,,,本科,,,,,
8335149,海南,本科批,物理,,X7B3A3E,专业组03,东北大学秦皇岛分校,8794,自动化类（包含专业：电气工程及其自动化、自动化）,包含专业：电气工程及其自动化、自动化,,,,,684,2517,,,,,,684,2517,,,,,,,,,本科,,,,,
8335897,海南,本科批,物理,,X3138AA,专业组03,吉林财经大学,098D,数据科学,,,,,,565,19373,,,,,,565,19373,,,,,,,,,本科,,,,,
8335898,海南,本科批,物理,,X3138AA,专业组03,吉林财经大学,B9A5,计算机科学与技术,,,,,,582,15570,,,,,,582,15570,,,,,,,,,本科,,,,,
8335899,海南,本科批,物理,,X3138AA,专业组03,吉林财经大学,C0DA,应用统计学,,,,,,586,14706,,,,,,586,14706,,,,,,,,,本科,,,,,
8335900,海南,本科批,物理,,X3138AA,专业组01,吉林财经大学,CA0F,旅游管理,,,,,,594,13128,,,,,,594,13128,,,,,,,,,本科,,,,,
8335901,海南,本科批,物理,,X3138AA,专业组01,吉林财经大学,4145,英语,,,,,,594,13128,,,,,,594,13128,,,,,,,,,本科,,,,,
8335902,海南,本科批,物理,,X3138AA,专业组01,吉林财经大学,4154,电子商务,,,,,,594,13128,,,,,,594,13128,,,,,,,,,本科,,,,,
8335903,海南,本科批,物理,,X3138AA,专业组01,吉林财经大学,C19A,人力资源管理,,,,,,594,13128,,,,,,594,13128,,,,,,,,,本科,,,,,
8335904,海南,本科批,物理,,X3138AA,专业组01,吉林财经大学,2234,劳动与社会保障,,,,,,595,12898,,,,,,595,12898,,,,,,,,,本科,,,,,
8335905,海南,本科批,物理,,X3138AA,专业组01,吉林财经大学,0E54,保险学,,,,,,596,12722,,,,,,596,12722,,,,,,,,,本科,,,,,
8335906,海南,本科批,物理,,X3138AA,专业组02,吉林财经大学,1B86,金融数学,,,,,,597,12551,,,,,,597,12551,,,,,,,,,本科,,,,,
8335907,海南,本科批,物理,,X3138AA,专业组01,吉林财经大学,AC90,行政管理,,,,,,597,12551,,,,,,597,12551,,,,,,,,,本科,,,,,
8335908,海南,本科批,物理,,X3138AA,专业组01,吉林财经大学,04A0,工商管理,,,,,,597,12551,,,,,,597,12551,,,,,,,,,本科,,,,,
8335909,海南,本科批,物理,,X3138AA,专业组01,吉林财经大学,3E25,国际商务,,,,,,598,12377,,,,,,598,12377,,,,,,,,,本科,,,,,
8335910,海南,本科批,物理,,X3138AA,专业组01,吉林财经大学,25DE,国际经济与贸易,,,,,,598,12377,,,,,,598,12377,,,,,,,,,本科,,,,,
8335911,海南,本科批,物理,,X3138AA,专业组01,吉林财经大学,6AB9,经济学,,,,,,598,12377,,,,,,598,12377,,,,,,,,,本科,,,,,
8335912,海南,本科批,物理,,X3138AA,专业组01,吉林财经大学,21BA,财政学,,,,,,600,12004,,,,,,600,12004,,,,,,,,,本科,,,,,
8335913,海南,本科批,物理,,X3138AA,专业组01,吉林财经大学,0FBC,金融学,,,,,,600,12004,,,,,,600,12004,,,,,,,,,本科,,,,,
8335914,海南,本科批,物理,,X3138AA,专业组03,吉林财经大学,76B9,统计学,,,,,,604,11285,,,,,,604,11285,,,,,,,,,本科,,,,,
8335915,海南,本科批,物理,,X3138AA,专业组02,吉林财经大学,62BF,大数据管理与应用,,,,,,605,11138,,,,,,605,11138,,,,,,,,,本科,,,,,
8335916,海南,本科批,物理,,X3138AA,专业组01,吉林财经大学,978C,审计学,,,,,,605,11138,,,,,,605,11138,,,,,,,,,本科,,,,,
8337102,海南,本科批,物理,,X5893C2,专业组05,广东技术师范大学,C66E,工商管理（少数民族预科班；预科培养地点：广东技术师范大学广州校区；转入本科后，第一学年在河源校区，第二至第四学年在广州校区）,少数民族预科班；预科培养地点：广东技术师范大学广州校区；转入本科后，第一学年在河源校区，第二至第四学年在广州校区,,,,,531,28298,,,,,,531,28298,,,,,,,,,本科,,,,,
8337103,海南,本科批,物理,,X5893C2,专业组05,广东技术师范大学,484C,金融学（少数民族预科班；预科培养地点：广东技术师范大学广州校区；转入本科后，第一学年在河源校区，第二至第四学年在广州校区）,少数民族预科班；预科培养地点：广东技术师范大学广州校区；转入本科后，第一学年在河源校区，第二至第四学年在广州校区,,,,,531,28298,,,,,,531,28298,,,,,,,,,本科,,,,,
8337104,海南,本科批,物理,,X5893C2,专业组06,广东技术师范大学,5F91,数学与应用数学（师范）（少数民族预科班；预科培养地点：广东技术师）,师范; 少数民族预科班；预科培养地点：广东技术师,,,,,533,27726,,,,,,533,27726,,,,,,,,,本科,,,,,
8337105,海南,本科批,物理,,X5893C2,专业组05,广东技术师范大学,3FEA,应用心理学（师范）（少数民族预科班；预科培养地点：广东技术师范大学广州校区；转入本科后，第一学年在河源校区，第二至第四学年在广州校区）,师范; 少数民族预科班；预科培养地点：广东技术师范大学广州校区；转入本科后，第一学年在河源校区，第二至第四学年在广州校区,,,,,534,27473,,,,,,534,27473,,,,,,,,,本科,,,,,
8337106,海南,本科批,物理,,X5893C2,专业组06,广东技术师范大学,F7AD,人工智能（少数民族预科班；预科培养地点：广东技术师）,少数民族预科班；预科培养地点：广东技术师,,,,,535,27215,,,,,,535,27215,,,,,,,,,本科,,,,,
8337107,海南,本科批,物理,,X5893C2,专业组06,广东技术师范大学,325F,建筑电气与智能化（少数民族预科班；预科培养地点：广东技术师范大学广州校区；转入本科后，第一学年在河源校区，第二至第四学年在广州校区）,少数民族预科班；预科培养地点：广东技术师范大学广州校区；转入本科后，第一学年在河源校区，第二至第四学年在广州校区,,,,,539,26094,,,,,,539,26094,,,,,,,,,本科,,,,,
8337108,海南,本科批,物理,,X5893C2,专业组06,广东技术师范大学,F4AD,计算机科学与技术（师范）（少数民族预科班；预科培养地点：广东技术师）,师范; 少数民族预科班；预科培养地点：广东技术师,,,,,543,24997,,,,,,543,24997,,,,,,,,,本科,,,,,
8337109,海南,本科批,物理,,X5893C2,专业组06,广东技术师范大学,7B81,供应链管理（少数民族预科班；预科培养地点：广东技术师源校区，第二至第四学年在广州校区范大学广州校区；转入本科后，第一学年在河）,少数民族预科班；预科培养地点：广东技术师源校区，第二至第四学年在广州校区范大学广州校区；转入本科后，第一学年在河,,,,,543,24997,,,,,,543,24997,,,,,,,,,本科,,,,,
8337110,海南,本科批,物理,,X5893C2,专业组05,广东技术师范大学,BD7A,汉语言文学（师范）（少数民族预科班；预科培养地点：广东技术师范大学广州校区；转入本科后，第一学年在河源校区，第二至第四学年在广州校区）,师范; 少数民族预科班；预科培养地点：广东技术师范大学广州校区；转入本科后，第一学年在河源校区，第二至第四学年在广州校区,,,,,550,23151,,,,,,550,23151,,,,,,,,,本科,,,,,
8337111,海南,本科批,物理,,X5893C2,专业组04,广东技术师范大学,F5AC,自动化（第一学年在河源校区，第二至第四学年在广州校区）,第一学年在河源校区，第二至第四学年在广州校区,,,,,601,11844,,,,,,601,11844,,,,,,,,,本科,,,,,
8337112,海南,本科批,物理,,X5893C2,专业组04,广东技术师范大学,98A1,计算机科学与技术（第一学年在河源校区，第二至第四学年在广州校区）,第一学年在河源校区，第二至第四学年在广州校区,,,,,605,11138,,,,,,605,11138,,,,,,,,,本科,,,,,
8337113,海南,本科批,物理,,X5893C2,专业组03,广东技术师范大学,6F4D,历史学（师范）（第一学年在河源校区，第二至第四学年在广州校区）,师范; 第一学年在河源校区，第二至第四学年在广州校区,,,,,621,8571,,,,,,621,8571,,,,,,,,,本科,,,,,
8337537,海南,本科批,物理,,XF3C7F8,专业组01,大连医科大学,5ED3,中西医临床医学,,,,,,642,5905,,,,,,642,5905,,,,,,,,,本科,,,,,
8337538,海南,本科批,物理,,XF3C7F8,专业组01,大连医科大学,5DA6,口腔医学,,,,,,648,5279,,,,,,648,5279,,,,,,,,,本科,,,,,
8337539,海南,本科批,物理,,XF3C7F8,专业组01,大连医科大学,97D0,临床医学,,,,,,652,4884,,,,,,652,4884,,,,,,,,,本科,,,,,
8337540,海南,本科批,物理,,XF3C7F8,专业组80,大连医科大学,A36E,临床医学（学费前5年5500元/学年，后3年12000元/学年）,学费前5年5500元/学年，后3年12000元/学年,,,,,710,1375,,,,,,710,1375,,,,,,,,,本科,,,,,
8338017,海南,本科批,物理,,X95DF70,专业组01,大连外国语大学,DFBD,意大利语,,,,,,589,14092,,,,,,589,14092,,,,,,,,,本科,,,,,
8338018,海南,本科批,物理,,X95DF70,专业组01,大连外国语大学,4F9F,朝鲜语（招收非朝鲜族考生）,招收非朝鲜族考生,,,,,591,13666,,,,,,591,13666,,,,,,,,,本科,,,,,
8338019,海南,本科批,物理,,X95DF70,专业组01,大连外国语大学,FC90,俄语,,,,,,591,13666,,,,,,591,13666,,,,,,,,,本科,,,,,
8338020,海南,本科批,物理,,X95DF70,专业组01,大连外国语大学,A9F4,德语,,,,,,593,13321,,,,,,593,13321,,,,,,,,,本科,,,,,
8338021,海南,本科批,物理,,X95DF70,专业组01,大连外国语大学,671C,日语,,,,,,594,13128,,,,,,594,13128,,,,,,,,,本科,,,,,
8338022,海南,本科批,物理,,X95DF70,专业组02,大连外国语大学,13A6,国际事务与国际关系,,,,,,595,12898,,,,,,595,12898,,,,,,,,,本科,,,,,
8338023,海南,本科批,物理,,X95DF70,专业组01,大连外国语大学,4145,英语,,,,,,596,12722,,,,,,596,12722,,,,,,,,,本科,,,,,
8338024,海南,本科批,物理,,X95DF70,专业组01,大连外国语大学,A615,汉语国际教育,,,,,,597,12551,,,,,,597,12551,,,,,,,,,本科,,,,,
8338025,海南,本科批,物理,,X95DF70,专业组01,大连外国语大学,4F4A,葡萄牙语,,,,,,601,11844,,,,,,601,11844,,,,,,,,,本科,,,,,
8338026,海南,本科批,物理,,X95DF70,专业组01,大连外国语大学,8607,法语,,,,,,602,11656,,,,,,602,11656,,,,,,,,,本科,,,,,
8338027,海南,本科批,物理,,X95DF70,专业组01,大连外国语大学,D43F,西班牙语,,,,,,617,9159,,,,,,617,9159,,,,,,,,,本科,,,,,
8339055,海南,本科批,物理,,X57CB45,专业组02,江西农业大学,794A,林产化工,,,,,,479,42765,,,,,,479,42765,,,,,,,,,本科,,,,,
8339056,海南,本科批,物理,,X57CB45,专业组02,江西农业大学,7A1F,水产养殖学,,,,,,479,42765,,,,,,479,42765,,,,,,,,,本科,,,,,
8339057,海南,本科批,物理,,X57CB45,专业组02,江西农业大学,2638,植物保护,,,,,,479,42765,,,,,,479,42765,,,,,,,,,本科,,,,,
8339058,海南,本科批,物理,,X57CB45,专业组02,江西农业大学,D335,种子科学与工程,,,,,,481,42257,,,,,,481,42257,,,,,,,,,本科,,,,,
8339059,海南,本科批,物理,,X57CB45,专业组02,江西农业大学,53B9,食品质量与安全,,,,,,482,42014,,,,,,482,42014,,,,,,,,,本科,,,,,
8339060,海南,本科批,物理,,X57CB45,专业组02,江西农业大学,C5CB,园艺,,,,,,492,39297,,,,,,492,39297,,,,,,,,,本科,,,,,
8339061,海南,本科批,物理,,X57CB45,专业组02,江西农业大学,7D22,材料化学,,,,,,495,38461,,,,,,495,38461,,,,,,,,,本科,,,,,
8339062,海南,本科批,物理,,X57CB45,专业组02,江西农业大学,4154,电子商务,,,,,,497,37924,,,,,,497,37924,,,,,,,,,本科,,,,,
8339063,海南,本科批,物理,,X57CB45,专业组02,江西农业大学,E9A7,环境科学与工程,,,,,,498,37632,,,,,,498,37632,,,,,,,,,本科,,,,,
8339064,海南,本科批,物理,,X57CB45,专业组02,江西农业大学,5E49,食品科学与工程,,,,,,537,26650,,,,,,537,26650,,,,,,,,,本科,,,,,
8339065,海南,本科批,物理,,X57CB45,专业组02,江西农业大学,AD04,软件工程（软件开发与项目管理方向）,软件开发与项目管理方向,,,,,538,26380,,,,,,538,26380,,,,,,,,,本科,,,,,
8339066,海南,本科批,物理,,X57CB45,专业组02,江西农业大学,52FD,应用化学,,,,,,561,20364,,,,,,561,20364,,,,,,,,,本科,,,,,
8339067,海南,本科批,物理,,X57CB45,专业组01,江西农业大学,4C13,农林经济管理,,,,,,598,12377,,,,,,598,12377,,,,,,,,,本科,,,,,
8339556,海南,本科批,物理,,X9389DD,专业组80,南宁师范大学,9F2D,电子信息工程（中外合作办学）,中外合作办学,,,,,567,18906,,,,,,567,18906,,,,,,,,,本科,,,,,
8339557,海南,本科批,物理,,X9389DD,专业组03,南宁师范大学,B9A5,计算机科学与技术,,,,,,576,16888,,,,,,576,16888,,,,,,,,,本科,,,,,
8339558,海南,本科批,物理,,X9389DD,专业组03,南宁师范大学,41CF,数字媒体技术,,,,,,577,16644,,,,,,577,16644,,,,,,,,,本科,,,,,
8339559,海南,本科批,物理,,X9389DD,专业组04,南宁师范大学,0541,生物科学,,,,,,583,15317,,,,,,583,15317,,,,,,,,,本科,,,,,
8339560,海南,本科批,物理,,X9389DD,专业组01,南宁师范大学,CCE9,土地资源管理,,,,,,592,13501,,,,,,592,13501,,,,,,,,,本科,,,,,
8339561,海南,本科批,物理,,X9389DD,专业组01,南宁师范大学,090D,公共事业管理,,,,,,593,13321,,,,,,593,13321,,,,,,,,,本科,,,,,
8339562,海南,本科批,物理,,X9389DD,专业组01,南宁师范大学,25DE,国际经济与贸易,,,,,,594,13128,,,,,,594,13128,,,,,,,,,本科,,,,,
8339563,海南,本科批,物理,,X9389DD,专业组02,南宁师范大学,4A2C,物流工程,,,,,,599,12200,,,,,,599,12200,,,,,,,,,本科,,,,,
8339564,海南,本科批,物理,,X9389DD,专业组06,南宁师范大学,D243,汉语言文学,,,,,,626,7880,,,,,,626,7880,,,,,,,,,本科,,,,,
8339565,海南,本科批,物理,,X9389DD,专业组05,南宁师范大学,51C8,思想政治教育,,,,,,633,6965,,,,,,633,6965,,,,,,,,,本科,,,,,
8341986,海南,本科批,物理,,X27CD53,专业组02,辽宁科技大学,D6ED,化学工程与工艺,,,,,,513,33405,,,,,,513,33405,,,,,,,,,本科,,,,,
8341987,海南,本科批,物理,,X27CD53,专业组02,辽宁科技大学,3170,冶金工程,,,,,,516,32517,,,,,,516,32517,,,,,,,,,本科,,,,,
8341988,海南,本科批,物理,,X27CD53,专业组02,辽宁科技大学,3557,能源与动力工程,,,,,,522,30842,,,,,,522,30842,,,,,,,,,本科,,,,,
8341989,海南,本科批,物理,,X27CD53,专业组02,辽宁科技大学,A942,材料科学与工程,,,,,,537,26650,,,,,,537,26650,,,,,,,,,本科,,,,,
8341990,海南,本科批,物理,,X27CD53,专业组02,辽宁科技大学,8684,智能制造工程,,,,,,542,25271,,,,,,542,25271,,,,,,,,,本科,,,,,
8341991,海南,本科批,物理,,X27CD53,专业组02,辽宁科技大学,78FF,机械设计制造及其自动化,,,,,,546,24228,,,,,,546,24228,,,,,,,,,本科,,,,,
8341992,海南,本科批,物理,,X27CD53,专业组02,辽宁科技大学,4C65,自动化,,,,,,546,24228,,,,,,546,24228,,,,,,,,,本科,,,,,
8341993,海南,本科批,物理,,X27CD53,专业组02,辽宁科技大学,FEF6,材料成型及控制工程,,,,,,557,21396,,,,,,557,21396,,,,,,,,,本科,,,,,
8341994,海南,本科批,物理,,X27CD53,专业组01,辽宁科技大学,CA0F,旅游管理,,,,,,581,15788,,,,,,581,15788,,,,,,,,,本科,,,,,
8341995,海南,本科批,物理,,X27CD53,专业组01,辽宁科技大学,25DE,国际经济与贸易,,,,,,583,15317,,,,,,583,15317,,,,,,,,,本科,,,,,
8341996,海南,本科批,物理,,X27CD53,专业组01,辽宁科技大学,04A0,工商管理,,,,,,583,15317,,,,,,583,15317,,,,,,,,,本科,,,,,
8341997,海南,本科批,物理,,X27CD53,专业组02,辽宁科技大学,9A06,储能科学与工程,,,,,,587,14506,,,,,,587,14506,,,,,,,,,本科,,,,,
8342840,海南,本科批,物理,,X339D5B,专业组02,黑龙江科技大学,A5D2,测控技术与仪器,,,,,,554,22142,,,,,,554,22142,,,,,,,,,本科,,,,,
8342841,海南,本科批,物理,,X339D5B,专业组02,黑龙江科技大学,4ECE,土木工程,,,,,,555,21888,,,,,,555,21888,,,,,,,,,本科,,,,,
8342842,海南,本科批,物理,,X339D5B,专业组02,黑龙江科技大学,29F4,物联网工程,,,,,,560,20621,,,,,,560,20621,,,,,,,,,本科,,,,,
8342843,海南,本科批,物理,,X339D5B,专业组02,黑龙江科技大学,78FF,机械设计制造及其自动化,,,,,,563,19861,,,,,,563,19861,,,,,,,,,本科,,,,,
8342844,海南,本科批,物理,,X339D5B,专业组02,黑龙江科技大学,F18B,电气工程与智能控制,,,,,,568,18658,,,,,,568,18658,,,,,,,,,本科,,,,,
8342845,海南,本科批,物理,,X339D5B,专业组02,黑龙江科技大学,7932,电子信息科学与技术,,,,,,574,17335,,,,,,574,17335,,,,,,,,,本科,,,,,
8342846,海南,本科批,物理,,X339D5B,专业组02,黑龙江科技大学,4C65,自动化,,,,,,577,16644,,,,,,577,16644,,,,,,,,,本科,,,,,
8342847,海南,本科批,物理,,X339D5B,专业组01,黑龙江科技大学,4145,英语,,,,,,578,16442,,,,,,578,16442,,,,,,,,,本科,,,,,
8342848,海南,本科批,物理,,X339D5B,专业组01,黑龙江科技大学,04A0,工商管理,,,,,,580,15994,,,,,,580,15994,,,,,,,,,本科,,,,,
8342849,海南,本科批,物理,,X339D5B,专业组01,黑龙江科技大学,25DE,国际经济与贸易,,,,,,581,15788,,,,,,581,15788,,,,,,,,,本科,,,,,
8342850,海南,本科批,物理,,X339D5B,专业组01,黑龙江科技大学,09EE,市场营销,,,,,,581,15788,,,,,,581,15788,,,,,,,,,本科,,,,,
8342851,海南,本科批,物理,,X339D5B,专业组01,黑龙江科技大学,0FBC,金融学,,,,,,581,15788,,,,,,581,15788,,,,,,,,,本科,,,,,
8342852,海南,本科批,物理,,X339D5B,专业组02,黑龙江科技大学,A5B7,电气工程及其自动化,,,,,,581,15788,,,,,,581,15788,,,,,,,,,本科,,,,,
8342853,海南,本科批,物理,,X339D5B,专业组01,黑龙江科技大学,FB18,财务管理,,,,,,582,15570,,,,,,582,15570,,,,,,,,,本科,,,,,
8342854,海南,本科批,物理,,X339D5B,专业组01,黑龙江科技大学,5E19,会计学,,,,,,588,14321,,,,,,588,14321,,,,,,,,,本科,,,,,
8343571,海南,本科批,物理,,X3C888C,专业组80,天津外国语大学,D8BB,缅甸语,,,,,,584,15113,,,,,,584,15113,,,,,,,,,本科,,,,,
8343572,海南,本科批,物理,,X3C888C,专业组80,天津外国语大学,88EE,泰语,,,,,,587,14506,,,,,,587,14506,,,,,,,,,本科,,,,,
8343573,海南,本科批,物理,,X3C888C,专业组80,天津外国语大学,9EB1,塞尔维亚语,,,,,,596,12722,,,,,,596,12722,,,,,,,,,本科,,,,,
8343574,海南,本科批,物理,,X3C888C,专业组02,天津外国语大学,4F4A,葡萄牙语,,,,,,604,11285,,,,,,604,11285,,,,,,,,,本科,,,,,
8343575,海南,本科批,物理,,X3C888C,专业组02,天津外国语大学,B142,阿拉伯语,,,,,,604,11285,,,,,,604,11285,,,,,,,,,本科,,,,,
8343576,海南,本科批,物理,,X3C888C,专业组02,天津外国语大学,25DE,国际经济与贸易,,,,,,606,10952,,,,,,606,10952,,,,,,,,,本科,,,,,
8343577,海南,本科批,物理,,X3C888C,专业组80,天津外国语大学,E58A,印度尼西亚语,,,,,,606,10952,,,,,,606,10952,,,,,,,,,本科,,,,,
8343578,海南,本科批,物理,,X3C888C,专业组02,天津外国语大学,5077,朝鲜语,,,,,,607,10761,,,,,,607,10761,,,,,,,,,本科,,,,,
8343579,海南,本科批,物理,,X3C888C,专业组02,天津外国语大学,6AB9,经济学,,,,,,609,10437,,,,,,609,10437,,,,,,,,,本科,,,,,
8343580,海南,本科批,物理,,X3C888C,专业组02,天津外国语大学,671C,日语,,,,,,609,10437,,,,,,609,10437,,,,,,,,,本科,,,,,
8343581,海南,本科批,物理,,X3C888C,专业组03,天津外国语大学,74E7,教育技术学,,,,,,610,10279,,,,,,610,10279,,,,,,,,,本科,,,,,
8343582,海南,本科批,物理,,X3C888C,专业组03,天津外国语大学,62BF,大数据管理与应用,,,,,,610,10279,,,,,,610,10279,,,,,,,,,本科,,,,,
8343583,海南,本科批,物理,,X3C888C,专业组02,天津外国语大学,0FBC,金融学,,,,,,611,10110,,,,,,611,10110,,,,,,,,,本科,,,,,
8343584,海南,本科批,物理,,X3C888C,专业组05,天津外国语大学,7223,外交学,,,,,,613,9795,,,,,,613,9795,,,,,,,,,本科,,,,,
8343585,海南,本科批,物理,,X3C888C,专业组04,天津外国语大学,41CF,数字媒体技术,,,,,,614,9643,,,,,,614,9643,,,,,,,,,本科,,,,,
8343586,海南,本科批,物理,,X3C888C,专业组02,天津外国语大学,E525,新闻传播学类（包含专业：新闻学、广告学、传播学、网络与新媒体）,包含专业：新闻学、广告学、传播学、网络与新媒体,,,,,614,9643,,,,,,614,9643,,,,,,,,,本科,,,,,
8343587,海南,本科批,物理,,X3C888C,专业组02,天津外国语大学,9809,工商管理类（包含专业：会计学、财务管理、国际商务、人力资源管理）,包含专业：会计学、财务管理、国际商务、人力资源管理,,,,,614,9643,,,,,,614,9643,,,,,,,,,本科,,,,,
8343588,海南,本科批,物理,,X3C888C,专业组02,天津外国语大学,3730,外国语言文学类（包含专业：英语、翻译、商务英语）,包含专业：英语、翻译、商务英语,,,,,617,9159,,,,,,617,9159,,,,,,,,,本科,,,,,
8343589,海南,本科批,物理,,X3C888C,专业组02,天津外国语大学,A615,汉语国际教育,,,,,,617,9159,,,,,,617,9159,,,,,,,,,本科,,,,,
8343590,海南,本科批,物理,,X3C888C,专业组02,天津外国语大学,8607,法语,,,,,,620,8717,,,,,,620,8717,,,,,,,,,本科,,,,,
8344407,海南,本科批,物理,,X094F94,专业组03,北方民族大学,8B8F,土木类（包含专业：土木工程、道路桥梁与渡河工程）,包含专业：土木工程、道路桥梁与渡河工程,,,,,476,43585,,,,,,476,43585,,,,,,,,,本科,,,,,
8344408,海南,本科批,物理,,X094F94,专业组03,北方民族大学,3E46,食品科学与工程（与合肥工业大学联合培养）,与合肥工业大学联合培养,,,,,476,43585,,,,,,476,43585,,,,,,,,,本科,,,,,
8344409,海南,本科批,物理,,X094F94,专业组03,北方民族大学,C49F,生物科学类（包含专业：生物科学、生物技术、生态学）,包含专业：生物科学、生物技术、生态学,,,,,476,43585,,,,,,476,43585,,,,,,,,,本科,,,,,
8344410,海南,本科批,物理,,X094F94,专业组03,北方民族大学,C587,机械类（包含专业：机械设计制造及其自动化、机械电子工程、工业设计、过程装备与控制工程、材）,包含专业：机械设计制造及其自动化、机械电子工程、工业设计、过程装备与控制工程、材,,,,,487,40700,,,,,,487,40700,,,,,,,,,本科,,,,,
8344411,海南,本科批,物理,,X094F94,专业组03,北方民族大学,06AE,统计学类（包含专业：统计学、应用统计学）,包含专业：统计学、应用统计学,,,,,510,34198,,,,,,510,34198,,,,,,,,,本科,,,,,
8344412,海南,本科批,物理,,X094F94,专业组03,北方民族大学,C1B4,水利水电工程,,,,,,520,31393,,,,,,520,31393,,,,,,,,,本科,,,,,
8344413,海南,本科批,物理,,X094F94,专业组03,北方民族大学,5E49,食品科学与工程,,,,,,525,29966,,,,,,525,29966,,,,,,,,,本科,,,,,
8344414,海南,本科批,物理,,X094F94,专业组03,北方民族大学,0708,电子信息类（包含专业：通信工程、电子信息工程）,包含专业：通信工程、电子信息工程,,,,,534,27473,,,,,,534,27473,,,,,,,,,本科,,,,,
8344415,海南,本科批,物理,,X094F94,专业组03,北方民族大学,CEC1,数学类（包含专业：数学与应用数学、信息与计算科学）,包含专业：数学与应用数学、信息与计算科学,,,,,545,24505,,,,,,545,24505,,,,,,,,,本科,,,,,
8344416,海南,本科批,物理,,X094F94,专业组03,北方民族大学,2DDF,医学影像技术,,,,,,549,23420,,,,,,549,23420,,,,,,,,,本科,,,,,
8344417,海南,本科批,物理,,X094F94,专业组03,北方民族大学,EC1D,制药工程（与合肥工业大学联合培养）,与合肥工业大学联合培养,,,,,564,19597,,,,,,564,19597,,,,,,,,,本科,,,,,
8344418,海南,本科批,物理,,X094F94,专业组03,北方民族大学,EEEB,计算机类（包含专业：计算机科学与技术、软件工程、网络工程、智能科学与技术）,包含专业：计算机科学与技术、软件工程、网络工程、智能科学与技术,,,,,564,19597,,,,,,564,19597,,,,,,,,,本科,,,,,
8344419,海南,本科批,物理,,X094F94,专业组03,北方民族大学,A5D2,测控技术与仪器,,,,,,567,18906,,,,,,567,18906,,,,,,,,,本科,,,,,
8344420,海南,本科批,物理,,X094F94,专业组03,北方民族大学,4C65,自动化,,,,,,568,18658,,,,,,568,18658,,,,,,,,,本科,,,,,
8344421,海南,本科批,物理,,X094F94,专业组03,北方民族大学,A5B7,电气工程及其自动化,,,,,,573,17552,,,,,,573,17552,,,,,,,,,本科,,,,,
8344422,海南,本科批,物理,,X094F94,专业组01,北方民族大学,8687,电子商务（包含专业：会计学、财务管理）,包含专业：会计学、财务管理,,,,,582,15570,,,,,,582,15570,,,,,,,,,本科,,,,,
8344423,海南,本科批,物理,,X094F94,专业组01,北方民族大学,671C,日语,,,,,,582,15570,,,,,,582,15570,,,,,,,,,本科,,,,,
8344424,海南,本科批,物理,,X094F94,专业组01,北方民族大学,B142,阿拉伯语,,,,,,582,15570,,,,,,582,15570,,,,,,,,,本科,,,,,
8344425,海南,本科批,物理,,X094F94,专业组01,北方民族大学,A013,工商管理类（人力资源工商方向）（包含专业：工商管理、人力资源管理）,人力资源工商方向; 包含专业：工商管理、人力资源管理,,,,,584,15113,,,,,,584,15113,,,,,,,,,本科,,,,,
8344426,海南,本科批,物理,,X094F94,专业组01,北方民族大学,4145,英语,,,,,,585,14905,,,,,,585,14905,,,,,,,,,本科,,,,,
8345664,海南,本科批,物理,,XDCA64B,专业组02,山西师范大学,4550,生态学（不招色盲、色弱、单色识别不全者）,不招色盲、色弱、单色识别不全者,,,,,477,43308,,,,,,477,43308,,,,,,,,,本科,,,,,
8345665,海南,本科批,物理,,XDCA64B,专业组02,山西师范大学,C5CB,园艺,,,,,,478,43056,,,,,,478,43056,,,,,,,,,本科,,,,,
8345666,海南,本科批,物理,,XDCA64B,专业组02,山西师范大学,C85A,生物技术（不招色盲、色弱、单色识别不全者）,不招色盲、色弱、单色识别不全者,,,,,483,41779,,,,,,483,41779,,,,,,,,,本科,,,,,
8345667,海南,本科批,物理,,XDCA64B,专业组02,山西师范大学,8189,环境生态工程,,,,,,486,40965,,,,,,486,40965,,,,,,,,,本科,,,,,
8345668,海南,本科批,物理,,XDCA64B,专业组02,山西师范大学,53B9,食品质量与安全,,,,,,491,39563,,,,,,491,39563,,,,,,,,,本科,,,,,
8345669,海南,本科批,物理,,XDCA64B,专业组02,山西师范大学,E7C4,生物科学（师范类）（不招色盲、色弱、单色识别不全者）,师范类; 不招色盲、色弱、单色识别不全者,,,,,503,36239,,,,,,503,36239,,,,,,,,,本科,,,,,
8345670,海南,本科批,物理,,XDCA64B,专业组01,山西师范大学,CA0F,旅游管理,,,,,,583,15317,,,,,,583,15317,,,,,,,,,本科,,,,,
8345671,海南,本科批,物理,,XDCA64B,专业组04,山西师范大学,BFDA,人文地理与城乡规划,,,,,,611,10110,,,,,,611,10110,,,,,,,,,本科,,,,,
8345672,海南,本科批,物理,,XDCA64B,专业组04,山西师范大学,0E38,自然地理与资源环境,,,,,,621,8571,,,,,,621,8571,,,,,,,,,本科,,,,,
8345673,海南,本科批,物理,,XDCA64B,专业组03,山西师范大学,C17B,思想政治教育（师范类）,师范类,,,,,633,6965,,,,,,633,6965,,,,,,,,,本科,,,,,
8346079,海南,本科批,物理,,XA3C51F,专业组01,沈阳大学,8189,环境生态工程,,,,,,486,40965,,,,,,486,40965,,,,,,,,,本科,,,,,
8346080,海南,本科批,物理,,XA3C51F,专业组01,沈阳大学,7E23,环境工程,,,,,,488,40419,,,,,,488,40419,,,,,,,,,本科,,,,,
8346362,海南,本科批,物理,,XD07024,专业组03,广州医科大学,5585,医学技术类（包含专业：康复治疗学、康复作业治疗；不招色盲、色弱）,包含专业：康复治疗学、康复作业治疗；不招色盲、色弱,,,,,632,7099,,,,,,632,7099,,,,,,,,,本科,,,,,
8346363,海南,本科批,物理,,XD07024,专业组02,广州医科大学,6DD1,护理学（不招色盲、色弱）,不招色盲、色弱,,,,,641,6019,,,,,,641,6019,,,,,,,,,本科,,,,,
8346364,海南,本科批,物理,,XD07024,专业组03,广州医科大学,44B8,生物医学工程（不招色盲、色弱）,不招色盲、色弱,,,,,644,5701,,,,,,644,5701,,,,,,,,,本科,,,,,
8346365,海南,本科批,物理,,XD07024,专业组03,广州医科大学,834C,药学（不招色盲、色弱）,不招色盲、色弱,,,,,645,5610,,,,,,645,5610,,,,,,,,,本科,,,,,
8346366,海南,本科批,物理,,XD07024,专业组03,广州医科大学,D85B,临床医学（不招色盲、色弱）,不招色盲、色弱,,,,,645,5610,,,,,,645,5610,,,,,,,,,本科,,,,,
8346367,海南,本科批,物理,,XD07024,专业组01,广州医科大学,EB5B,公共事业管理（不招单色识别不全者）,不招单色识别不全者,,,,,654,4713,,,,,,654,4713,,,,,,,,,本科,,,,,
8346368,海南,本科批,物理,,XD07024,专业组01,广州医科大学,927B,法学,,,,,,660,4172,,,,,,660,4172,,,,,,,,,本科,,,,,
8346369,海南,本科批,物理,,XD07024,专业组01,广州医科大学,FBF9,应用心理学（不招色盲、色弱）,不招色盲、色弱,,,,,661,4080,,,,,,661,4080,,,,,,,,,本科,,,,,
8347164,海南,本科批,物理,,XC563E7,专业组02,山西农业大学,F836,园艺（含园艺、设施农业科学与工程）,含园艺、设施农业科学与工程,,,,,479,42765,,,,,,479,42765,,,,,,,,,本科,,,,,
8347165,海南,本科批,物理,,XC563E7,专业组02,山西农业大学,78B5,草业科学（卓越人才培养实验班）（1.思想政治，历史（2门科目考生均须选考方可）,卓越人才培养实验班; 1.思想政治，历史（2门科目考生均须选考方可,,,,,481,42257,,,,,,481,42257,,,,,,,,,本科,,,,,
8347166,海南,本科批,物理,,XC563E7,专业组02,山西农业大学,DE4A,农学（含农学、农学（功能农业方向）,含农学、农学（功能农业方向,,,,,488,40419,,,,,,488,40419,,,,,,,,,本科,,,,,
8347167,海南,本科批,物理,,XC563E7,专业组01,山西农业大学,7EA8,林学类（包含专业：林学、林学（森林康养方向）,包含专业：林学、林学（森林康养方向,,,,,500,37077,,,,,,500,37077,,,,,,,,,本科,,,,,
8347168,海南,本科批,物理,,XC563E7,专业组01,山西农业大学,2638,植物保护,,,,,,517,32234,,,,,,517,32234,,,,,,,,,本科,,,,,
8347169,海南,本科批,物理,,XC563E7,专业组02,山西农业大学,C7CD,兽医公共卫生,,,,,,527,29380,,,,,,527,29380,,,,,,,,,本科,,,,,
8347170,海南,本科批,物理,,XC563E7,专业组01,山西农业大学,F112,动物科学（卓越人才培养实验班）,卓越人才培养实验班,,,,,530,28572,,,,,,530,28572,,,,,,,,,本科,,,,,
8347171,海南,本科批,物理,,XC563E7,专业组01,山西农业大学,E4AE,生物科学类（包含专业：生物科学、生物技术、生物信息学）,包含专业：生物科学、生物技术、生物信息学,,,,,536,26922,,,,,,536,26922,,,,,,,,,本科,,,,,
8347172,海南,本科批,物理,,XC563E7,专业组01,山西农业大学,99EA,动物科学,,,,,,555,21888,,,,,,555,21888,,,,,,,,,本科,,,,,
8347173,海南,本科批,物理,,XC563E7,专业组01,山西农业大学,E8A5,生物农药科学与工程,,,,,,562,20113,,,,,,562,20113,,,,,,,,,本科,,,,,
8347174,海南,本科批,物理,,XC563E7,专业组03,山西农业大学,AC90,行政管理,,,,,,577,16644,,,,,,577,16644,,,,,,,,,本科,,,,,
8347175,海南,本科批,物理,,XC563E7,专业组02,山西农业大学,30B8,智慧农业,,,,,,583,15317,,,,,,583,15317,,,,,,,,,本科,,,,,
8347176,海南,本科批,物理,,XC563E7,专业组03,山西农业大学,090D,公共事业管理,,,,,,584,15113,,,,,,584,15113,,,,,,,,,本科,,,,,
8347574,海南,本科批,物理,,X232D01,专业组01,西北政法大学,7022,社会学,,,,,,667,3616,,,,,,667,3616,,,,,,,,,本科,,,,,
8347575,海南,本科批,物理,,X232D01,专业组01,西北政法大学,71F3,法学（反恐怖主义法）,反恐怖主义法,,,,,667,3616,,,,,,667,3616,,,,,,,,,本科,,,,,
8347576,海南,本科批,物理,,X232D01,专业组01,西北政法大学,0E3B,编辑出版学,,,,,,668,3539,,,,,,668,3539,,,,,,,,,本科,,,,,
8347577,海南,本科批,物理,,X232D01,专业组01,西北政法大学,BAB1,法学（涉外法治）,涉外法治,,,,,670,3396,,,,,,670,3396,,,,,,,,,本科,,,,,
8347578,海南,本科批,物理,,X232D01,专业组01,西北政法大学,C19A,人力资源管理,,,,,,670,3396,,,,,,670,3396,,,,,,,,,本科,,,,,
8347579,海南,本科批,物理,,X232D01,专业组01,西北政法大学,FB18,财务管理,,,,,,670,3396,,,,,,670,3396,,,,,,,,,本科,,,,,
8347580,海南,本科批,物理,,X232D01,专业组01,西北政法大学,5F0C,跨境电子商务,,,,,,672,3261,,,,,,672,3261,,,,,,,,,本科,,,,,
8347581,海南,本科批,物理,,X232D01,专业组01,西北政法大学,978C,审计学,,,,,,674,3136,,,,,,674,3136,,,,,,,,,本科,,,,,
8347582,海南,本科批,物理,,X232D01,专业组01,西北政法大学,25EC,法学（刑事法）,刑事法,,,,,676,3001,,,,,,676,3001,,,,,,,,,本科,,,,,
8347583,海南,本科批,物理,,X232D01,专业组01,西北政法大学,CBAF,经济学类（包含专业：经济学、金融学、国际经济与贸易）,包含专业：经济学、金融学、国际经济与贸易,,,,,682,2624,,,,,,682,2624,,,,,,,,,本科,,,,,
8347584,海南,本科批,物理,,X232D01,专业组01,西北政法大学,A906,法学（经济法）,经济法,,,,,686,2406,,,,,,686,2406,,,,,,,,,本科,,,,,
8347585,海南,本科批,物理,,X232D01,专业组01,西北政法大学,B18F,法学（行政法）,行政法,,,,,688,2294,,,,,,688,2294,,,,,,,,,本科,,,,,
8347586,海南,本科批,物理,,X232D01,专业组01,西北政法大学,EBC9,法学（民商法）,民商法,,,,,704,1592,,,,,,704,1592,,,,,,,,,本科,,,,,
8348064,海南,本科批,物理,,X8774C5,专业组03,浙江万里学院,9400,生物工程类（包含专业：生物工程、生物制药；一年级就读于回龙校区，后就读于钱湖校区）,包含专业：生物工程、生物制药；一年级就读于回龙校区，后就读于钱湖校区,,,,,490,39844,,,,,,490,39844,,,,,,,,,本科,,,,,
8348065,海南,本科批,物理,,X8774C5,专业组03,浙江万里学院,0849,统计学（-年级就读于回龙校区，后就读于钱湖校区）,-年级就读于回龙校区，后就读于钱湖校区,,,,,496,38160,,,,,,496,38160,,,,,,,,,本科,,,,,
8348066,海南,本科批,物理,,X8774C5,专业组03,浙江万里学院,4B98,食品科学与工程类（包含专业：食品质量与安全、食品科学与工程；-年级就读于回龙校区，后就读于钱湖校区）,包含专业：食品质量与安全、食品科学与工程；-年级就读于回龙校区，后就读于钱湖校区,,,,,502,36510,,,,,,502,36510,,,,,,,,,本科,,,,,
8348067,海南,本科批,物理,,X8774C5,专业组03,浙江万里学院,D463,环境科学与工程类（包含专业：环境工程、环境科学；一年级就读于回龙校区，后就读于钱湖校区）,包含专业：环境工程、环境科学；一年级就读于回龙校区，后就读于钱湖校区,,,,,506,35366,,,,,,506,35366,,,,,,,,,本科,,,,,
8348068,海南,本科批,物理,,X8774C5,专业组03,浙江万里学院,DA57,电气工程及其自动化（-年级就读于回龙校区，后就读于钱湖校区）,-年级就读于回龙校区，后就读于钱湖校区,,,,,527,29380,,,,,,527,29380,,,,,,,,,本科,,,,,
8348069,海南,本科批,物理,,X8774C5,专业组03,浙江万里学院,B6A5,电子信息类（包含专业：电子信息工程、通信工程；一年级就读于回龙校区，后就读于钱湖校区）,包含专业：电子信息工程、通信工程；一年级就读于回龙校区，后就读于钱湖校区,,,,,543,24997,,,,,,543,24997,,,,,,,,,本科,,,,,
8348070,海南,本科批,物理,,X8774C5,专业组02,浙江万里学院,850A,金融工程（一年级就读于回龙校区，后就读于钱湖校区）,一年级就读于回龙校区，后就读于钱湖校区,,,,,551,22908,,,,,,551,22908,,,,,,,,,本科,,,,,
8348071,海南,本科批,物理,,X8774C5,专业组01,浙江万里学院,4D8F,工商管理（一年级就读于回龙校区，后就读于钱湖校区）,一年级就读于回龙校区，后就读于钱湖校区,,,,,552,22661,,,,,,552,22661,,,,,,,,,本科,,,,,
8348072,海南,本科批,物理,,X8774C5,专业组01,浙江万里学院,FF43,物流管理（一年级就读于回龙校区，后就读于钱湖校区）,一年级就读于回龙校区，后就读于钱湖校区,,,,,552,22661,,,,,,552,22661,,,,,,,,,本科,,,,,
8348073,海南,本科批,物理,,X8774C5,专业组01,浙江万里学院,EE64,金融学（年级就读于回龙校区，后就读于钱湖校区）,年级就读于回龙校区，后就读于钱湖校区,,,,,553,22416,,,,,,553,22416,,,,,,,,,本科,,,,,
8348074,海南,本科批,物理,,X8774C5,专业组01,浙江万里学院,2C58,会展经济与管理（-年级就读于回龙校区，后就读于钱湖校区）,-年级就读于回龙校区，后就读于钱湖校区,,,,,554,22142,,,,,,554,22142,,,,,,,,,本科,,,,,
8348075,海南,本科批,物理,,X8774C5,专业组01,浙江万里学院,605D,财务管理（-年级就读于回龙校区，后就读于钱湖校区）,-年级就读于回龙校区，后就读于钱湖校区,,,,,555,21888,,,,,,555,21888,,,,,,,,,本科,,,,,
8348076,海南,本科批,物理,,X8774C5,专业组02,浙江万里学院,1E2F,数字经济（-年级就读于回龙校区，后就读于钱湖校区）,-年级就读于回龙校区，后就读于钱湖校区,,,,,555,21888,,,,,,555,21888,,,,,,,,,本科,,,,,
8348077,海南,本科批,物理,,X8774C5,专业组01,浙江万里学院,2D88,国际经济与贸易（一年级就读于回龙校区，后就读于钱湖校区）,一年级就读于回龙校区，后就读于钱湖校区,,,,,559,20885,,,,,,559,20885,,,,,,,,,本科,,,,,
8348078,海南,本科批,物理,,X8774C5,专业组01,浙江万里学院,BC78,会计学（-年级就读于回龙校区，后就读于钱湖校区）,-年级就读于回龙校区，后就读于钱湖校区,,,,,561,20364,,,,,,561,20364,,,,,,,,,本科,,,,,
8348079,海南,本科批,物理,,X8774C5,专业组01,浙江万里学院,F840,新闻传播学类（包含专业：网络与新媒体、广告学、新闻学；一年级就读于回龙校区，后就读于钱湖校区）,包含专业：网络与新媒体、广告学、新闻学；一年级就读于回龙校区，后就读于钱湖校区,,,,,561,20364,,,,,,561,20364,,,,,,,,,本科,,,,,
8348592,海南,本科批,物理,,X0DAE3A,专业组02,湖南工程学院,4718,数据科学与大数据技术,,,,,,502,36510,,,,,,502,36510,,,,,,,,,本科,,,,,
8348593,海南,本科批,物理,,X0DAE3A,专业组02,湖南工程学院,548C,信息与计算科学,,,,,,506,35366,,,,,,506,35366,,,,,,,,,本科,,,,,
8348594,海南,本科批,物理,,X0DAE3A,专业组02,湖南工程学院,93E3,电子信息工程,,,,,,531,28298,,,,,,531,28298,,,,,,,,,本科,,,,,
8348595,海南,本科批,物理,,X0DAE3A,专业组02,湖南工程学院,6995,网络工程,,,,,,559,20885,,,,,,559,20885,,,,,,,,,本科,,,,,
8348596,海南,本科批,物理,,X0DAE3A,专业组01,湖南工程学院,1049,商务英语,,,,,,567,18906,,,,,,567,18906,,,,,,,,,本科,,,,,
8348597,海南,本科批,物理,,X0DAE3A,专业组01,湖南工程学院,C19A,人力资源管理,,,,,,568,18658,,,,,,568,18658,,,,,,,,,本科,,,,,
8349170,海南,本科批,物理,,XEBB557,专业组03,内蒙古工业大学,A5D2,测控技术与仪器,,,,,,478,43056,,,,,,478,43056,,,,,,,,,本科,,,,,
8349171,海南,本科批,物理,,XEBB557,专业组03,内蒙古工业大学,E347,工业设计,,,,,,484,41507,,,,,,484,41507,,,,,,,,,本科,,,,,
8349172,海南,本科批,物理,,XEBB557,专业组03,内蒙古工业大学,FEF6,材料成型及控制工程,,,,,,495,38461,,,,,,495,38461,,,,,,,,,本科,,,,,
8349173,海南,本科批,物理,,XEBB557,专业组03,内蒙古工业大学,40CE,制药工程,,,,,,502,36510,,,,,,502,36510,,,,,,,,,本科,,,,,
8349174,海南,本科批,物理,,XEBB557,专业组03,内蒙古工业大学,3170,冶金工程,,,,,,532,28031,,,,,,532,28031,,,,,,,,,本科,,,,,
8349175,海南,本科批,物理,,XEBB557,专业组01,内蒙古工业大学,57D1,服装设计与工程,,,,,,553,22416,,,,,,553,22416,,,,,,,,,本科,,,,,
8349176,海南,本科批,物理,,XEBB557,专业组02,内蒙古工业大学,BABF,资源与环境经济学,,,,,,562,20113,,,,,,562,20113,,,,,,,,,本科,,,,,
8349537,海南,本科批,物理,,X400ECA,专业组80,遵义医科大学,0297,临床医学（珠海校区）（不招色盲、色弱；办学地点：广东省珠海校区）,珠海校区; 不招色盲、色弱；办学地点：广东省珠海校区,,,,,497,37924,,,,,,497,37924,,,,,,,,,本科,,,,,
8349538,海南,本科批,物理,,X400ECA,专业组02,遵义医科大学,F63B,医学信息工程（不能准确在显示器上识别红、黄、绿、兰、紫各种颜色中任何一种颜色的数码、字母者限报）,不能准确在显示器上识别红、黄、绿、兰、紫各种颜色中任何一种颜色的数码、字母者限报,,,,,506,35366,,,,,,506,35366,,,,,,,,,本科,,,,,
8349539,海南,本科批,物理,,X400ECA,专业组02,遵义医科大学,8134,制药工程（不招色盲、色弱）,不招色盲、色弱,,,,,515,32818,,,,,,515,32818,,,,,,,,,本科,,,,,
8349540,海南,本科批,物理,,X400ECA,专业组02,遵义医科大学,D85B,临床医学（不招色盲、色弱）,不招色盲、色弱,,,,,516,32517,,,,,,516,32517,,,,,,,,,本科,,,,,
8349541,海南,本科批,物理,,X400ECA,专业组80,遵义医科大学,6696,生物工程（珠海校区（不招色盲、色弱；办学地点：广东省珠海校区）,珠海校区（不招色盲、色弱；办学地点：广东省珠海校区,,,,,539,26094,,,,,,539,26094,,,,,,,,,本科,,,,,
8349542,海南,本科批,物理,,X400ECA,专业组02,遵义医科大学,9656,医学影像学（不招色盲、色弱）,不招色盲、色弱,,,,,562,20113,,,,,,562,20113,,,,,,,,,本科,,,,,
8349543,海南,本科批,物理,,X400ECA,专业组01,遵义医科大学,27F7,公共事业管理（卫生事业管理）（不能准确识别红、黄、绿、兰、紫各种颜色中任何一种颜色的导线、按键、信号灯、几何图形者限报）,卫生事业管理; 不能准确识别红、黄、绿、兰、紫各种颜色中任何一种颜色的导线、按键、信号灯、几何图形者限报,,,,,586,14706,,,,,,586,14706,,,,,,,,,本科,,,,,
8349544,海南,本科批,物理,,X400ECA,专业组03,遵义医科大学,03A1,助产学（珠海校区）（不招色盲、色弱；办学地点：广东省珠海校区）,珠海校区; 不招色盲、色弱；办学地点：广东省珠海校区,,,,,605,11138,,,,,,605,11138,,,,,,,,,本科,,,,,
8349545,海南,本科批,物理,,X400ECA,专业组03,遵义医科大学,C68F,护理学（珠海校区）（不招色盲、色弱；办学地点：广东省珠海校区）,珠海校区; 不招色盲、色弱；办学地点：广东省珠海校区,,,,,611,10110,,,,,,611,10110,,,,,,,,,本科,,,,,
8350120,海南,本科批,物理,,XBE0B56,专业组01,济宁医学院,B6C5,预防医学（不招色盲、色弱）,不招色盲、色弱,,,,,482,42014,,,,,,482,42014,,,,,,,,,本科,,,,,
8350121,海南,本科批,物理,,XBE0B56,专业组01,济宁医学院,D321,精神医学（不招色盲、色弱）,不招色盲、色弱,,,,,555,21888,,,,,,555,21888,,,,,,,,,本科,,,,,
8350122,海南,本科批,物理,,XBE0B56,专业组01,济宁医学院,0943,中西医临床医学（不招色盲、色弱）,不招色盲、色弱,,,,,560,20621,,,,,,560,20621,,,,,,,,,本科,,,,,
8350123,海南,本科批,物理,,XBE0B56,专业组01,济宁医学院,9656,医学影像学（不招色盲、色弱）,不招色盲、色弱,,,,,560,20621,,,,,,560,20621,,,,,,,,,本科,,,,,
8350124,海南,本科批,物理,,XBE0B56,专业组01,济宁医学院,D85B,临床医学（不招色盲、色弱）,不招色盲、色弱,,,,,586,14706,,,,,,586,14706,,,,,,,,,本科,,,,,
8350125,海南,本科批,物理,,XBE0B56,专业组01,济宁医学院,9923,口腔医学（不招色盲、色弱）,不招色盲、色弱,,,,,589,14092,,,,,,589,14092,,,,,,,,,本科,,,,,
8351718,海南,本科批,物理,,XBC3952,专业组80,贵州财经大学,0112,市场营销（中外合作办学）（英语单科成绩不低于90分（150分制））,中外合作办学; 英语单科成绩不低于90分（150分制,,,,,487,40700,,,,,,487,40700,,,,,,,,,本科,,,,,
8351719,海南,本科批,物理,,XBC3952,专业组80,贵州财经大学,5826,财务管理（中外合作办学（英语单科成绩不低于90分（150分制））,中外合作办学（英语单科成绩不低于90分（150分制,,,,,527,29380,,,,,,527,29380,,,,,,,,,本科,,,,,
8351720,海南,本科批,物理,,XBC3952,专业组80,贵州财经大学,04FE,会计学（中外合作办学）（英语单科成绩不低于90分（150分制））,中外合作办学; 英语单科成绩不低于90分（150分制,,,,,554,22142,,,,,,554,22142,,,,,,,,,本科,,,,,
8351721,海南,本科批,物理,,XBC3952,专业组01,贵州财经大学,04A0,工商管理,,,,,,590,13900,,,,,,590,13900,,,,,,,,,本科,,,,,
8351722,海南,本科批,物理,,XBC3952,专业组01,贵州财经大学,28AD,经济统计学,,,,,,592,13501,,,,,,592,13501,,,,,,,,,本科,,,,,
8351723,海南,本科批,物理,,XBC3952,专业组01,贵州财经大学,6AB9,经济学,,,,,,593,13321,,,,,,593,13321,,,,,,,,,本科,,,,,
8351724,海南,本科批,物理,,XBC3952,专业组01,贵州财经大学,C19A,人力资源管理,,,,,,599,12200,,,,,,599,12200,,,,,,,,,本科,,,,,
8352347,海南,本科批,物理,,X109881,专业组02,齐齐哈尔大学,68C9,化工与制药类（包含专业：化学工程与工艺、制药工程、能源化学工程）,包含专业：化学工程与工艺、制药工程、能源化学工程,,,,,518,31962,,,,,,518,31962,,,,,,,,,本科,,,,,
8352348,海南,本科批,物理,,X109881,专业组02,齐齐哈尔大学,E57E,电子信息类（包含专业：电子信息工程、通信工程）,包含专业：电子信息工程、通信工程,,,,,525,29966,,,,,,525,29966,,,,,,,,,本科,,,,,
8352349,海南,本科批,物理,,X109881,专业组02,齐齐哈尔大学,B98C,材料类（包含专业：材料化学、无机非金属材料工程、高分子材料与工程）,包含专业：材料化学、无机非金属材料工程、高分子材料与工程,,,,,537,26650,,,,,,537,26650,,,,,,,,,本科,,,,,
8352350,海南,本科批,物理,,X109881,专业组02,齐齐哈尔大学,5E49,食品科学与工程,,,,,,538,26380,,,,,,538,26380,,,,,,,,,本科,,,,,
8352351,海南,本科批,物理,,X109881,专业组02,齐齐哈尔大学,043E,计算机类（包含专业：计算机科学与技术、软件工程）,包含专业：计算机科学与技术、软件工程,,,,,539,26094,,,,,,539,26094,,,,,,,,,本科,,,,,
8352352,海南,本科批,物理,,X109881,专业组02,齐齐哈尔大学,A5B7,电气工程及其自动化,,,,,,541,25500,,,,,,541,25500,,,,,,,,,本科,,,,,
8352353,海南,本科批,物理,,X109881,专业组03,齐齐哈尔大学,D243,汉语言文学,,,,,,582,15570,,,,,,582,15570,,,,,,,,,本科,,,,,
8352354,海南,本科批,物理,,X109881,专业组01,齐齐哈尔大学,A059,工商管理类（包含专业：工商管理、市场营销、财务管理）,包含专业：工商管理、市场营销、财务管理,,,,,589,14092,,,,,,589,14092,,,,,,,,,本科,,,,,
8353041,海南,本科批,物理,,XD36EAF,专业组03,西北师范大学,548C,信息与计算科学,,,,,,573,17552,,,,,,573,17552,,,,,,,,,本科,,,,,
8353042,海南,本科批,物理,,XD36EAF,专业组03,西北师范大学,29F4,物联网工程,,,,,,577,16644,,,,,,577,16644,,,,,,,,,本科,,,,,
8353043,海南,本科批,物理,,XD36EAF,专业组03,西北师范大学,4931,材料物理,,,,,,579,16225,,,,,,579,16225,,,,,,,,,本科,,,,,
8353044,海南,本科批,物理,,XD36EAF,专业组03,西北师范大学,3C38,软件工程,,,,,,584,15113,,,,,,584,15113,,,,,,,,,本科,,,,,
8353045,海南,本科批,物理,,XD36EAF,专业组03,西北师范大学,8FA3,化学（师范类）,师范类,,,,,585,14905,,,,,,585,14905,,,,,,,,,本科,,,,,
8353046,海南,本科批,物理,,XD36EAF,专业组02,西北师范大学,28AD,经济统计学,,,,,,588,14321,,,,,,588,14321,,,,,,,,,本科,,,,,
8353047,海南,本科批,物理,,XD36EAF,专业组03,西北师范大学,7E7B,计算机科学与技术（师范类）,师范类,,,,,591,13666,,,,,,591,13666,,,,,,,,,本科,,,,,
8353048,海南,本科批,物理,,XD36EAF,专业组01,西北师范大学,0FBC,金融学,,,,,,599,12200,,,,,,599,12200,,,,,,,,,本科,,,,,
8353049,海南,本科批,物理,,XD36EAF,专业组01,西北师范大学,098E,教育学（师范类）,师范类,,,,,601,11844,,,,,,601,11844,,,,,,,,,本科,,,,,
8353050,海南,本科批,物理,,XD36EAF,专业组06,西北师范大学,FA23,地理信息科学,,,,,,601,11844,,,,,,601,11844,,,,,,,,,本科,,,,,
8353051,海南,本科批,物理,,XD36EAF,专业组01,西北师范大学,D85C,俄语（师范类）,师范类,,,,,602,11656,,,,,,602,11656,,,,,,,,,本科,,,,,
8353052,海南,本科批,物理,,XD36EAF,专业组03,西北师范大学,B8DA,数学与应用数学（师范类）,师范类,,,,,604,11285,,,,,,604,11285,,,,,,,,,本科,,,,,
8353053,海南,本科批,物理,,XD36EAF,专业组01,西北师范大学,6AB9,经济学,,,,,,615,9467,,,,,,615,9467,,,,,,,,,本科,,,,,
8353054,海南,本科批,物理,,XD36EAF,专业组01,西北师范大学,25DE,国际经济与贸易,,,,,,616,9314,,,,,,616,9314,,,,,,,,,本科,,,,,
8353055,海南,本科批,物理,,XD36EAF,专业组01,西北师范大学,0A60,特殊教育（师范类）,师范类,,,,,616,9314,,,,,,616,9314,,,,,,,,,本科,,,,,
8353056,海南,本科批,物理,,XD36EAF,专业组01,西北师范大学,8B36,翻译,,,,,,619,8868,,,,,,619,8868,,,,,,,,,本科,,,,,
8353057,海南,本科批,物理,,XD36EAF,专业组01,西北师范大学,BA83,汉语国际教育（师范类）,师范类,,,,,620,8717,,,,,,620,8717,,,,,,,,,本科,,,,,
8353058,海南,本科批,物理,,XD36EAF,专业组01,西北师范大学,68F4,新闻学,,,,,,622,8436,,,,,,622,8436,,,,,,,,,本科,,,,,
8353059,海南,本科批,物理,,XD36EAF,专业组01,西北师范大学,F338,英语（师范类）,师范类,,,,,625,8008,,,,,,625,8008,,,,,,,,,本科,,,,,
8353060,海南,本科批,物理,,XD36EAF,专业组05,西北师范大学,BFDA,人文地理与城乡规划,,,,,,630,7329,,,,,,630,7329,,,,,,,,,本科,,,,,
8353586,海南,本科批,物理,,XD3880B,专业组03,佛山大学,204B,环境科学（不招色盲、色弱）,不招色盲、色弱,,,,,546,24228,,,,,,546,24228,,,,,,,,,本科,,,,,
8353587,海南,本科批,物理,,XD3880B,专业组03,佛山大学,85D8,园艺（不招色盲、色弱）,不招色盲、色弱,,,,,546,24228,,,,,,546,24228,,,,,,,,,本科,,,,,
8353588,海南,本科批,物理,,XD3880B,专业组03,佛山大学,EB8D,动物科学（不招色盲、色弱）,不招色盲、色弱,,,,,547,23968,,,,,,547,23968,,,,,,,,,本科,,,,,
8353589,海南,本科批,物理,,XD3880B,专业组03,佛山大学,FDDD,材料化学（不招色盲、色弱）,不招色盲、色弱,,,,,548,23705,,,,,,548,23705,,,,,,,,,本科,,,,,
8353590,海南,本科批,物理,,XD3880B,专业组03,佛山大学,EA21,环境工程（不招色盲、色弱）,不招色盲、色弱,,,,,553,22416,,,,,,553,22416,,,,,,,,,本科,,,,,
8353591,海南,本科批,物理,,XD3880B,专业组03,佛山大学,6299,材料科学与工程（不招色盲、色弱）,不招色盲、色弱,,,,,555,21888,,,,,,555,21888,,,,,,,,,本科,,,,,
8353592,海南,本科批,物理,,XD3880B,专业组03,佛山大学,723F,土木工程（建筑工程）,建筑工程,,,,,556,21627,,,,,,556,21627,,,,,,,,,本科,,,,,
8353593,海南,本科批,物理,,XD3880B,专业组03,佛山大学,5DF1,化学工程与工艺（不招色盲、色弱）,不招色盲、色弱,,,,,557,21396,,,,,,557,21396,,,,,,,,,本科,,,,,
8353594,海南,本科批,物理,,XD3880B,专业组03,佛山大学,99F7,新能源材料与器件（不招色盲、色弱）,不招色盲、色弱,,,,,583,15317,,,,,,583,15317,,,,,,,,,本科,,,,,
8353595,海南,本科批,物理,,XD3880B,专业组01,佛山大学,CA0F,旅游管理,,,,,,584,15113,,,,,,584,15113,,,,,,,,,本科,,,,,
8353596,海南,本科批,物理,,XD3880B,专业组02,佛山大学,6DD1,护理学（不招色盲、色弱）,不招色盲、色弱,,,,,585,14905,,,,,,585,14905,,,,,,,,,本科,,,,,
8353597,海南,本科批,物理,,XD3880B,专业组04,佛山大学,BFDA,人文地理与城乡规划,,,,,,587,14506,,,,,,587,14506,,,,,,,,,本科,,,,,
8354122,海南,本科批,物理,,X5638ED,专业组07,赣南师范大学,30B8,智慧农业,,,,,,480,42524,,,,,,480,42524,,,,,,,,,本科,,,,,
8354123,海南,本科批,物理,,X5638ED,专业组07,赣南师范大学,0C82,物理学（师范）,师范,,,,,512,33659,,,,,,512,33659,,,,,,,,,本科,,,,,
8354124,海南,本科批,物理,,X5638ED,专业组07,赣南师范大学,2C65,生物科学（师范）,师范,,,,,518,31962,,,,,,518,31962,,,,,,,,,本科,,,,,
8354125,海南,本科批,物理,,X5638ED,专业组07,赣南师范大学,5683,化学（师范）,师范,,,,,523,30534,,,,,,523,30534,,,,,,,,,本科,,,,,
8354126,海南,本科批,物理,,X5638ED,专业组07,赣南师范大学,7D22,材料化学,,,,,,525,29966,,,,,,525,29966,,,,,,,,,本科,,,,,
8354127,海南,本科批,物理,,X5638ED,专业组07,赣南师范大学,93E3,电子信息工程,,,,,,551,22908,,,,,,551,22908,,,,,,,,,本科,,,,,
8354128,海南,本科批,物理,,X5638ED,专业组07,赣南师范大学,9268,数学与应用数学（师范）,师范,,,,,596,12722,,,,,,596,12722,,,,,,,,,本科,,,,,
8354129,海南,本科批,物理,,X5638ED,专业组06,赣南师范大学,CA0F,旅游管理,,,,,,604,11285,,,,,,604,11285,,,,,,,,,本科,,,,,
8354130,海南,本科批,物理,,X5638ED,专业组06,赣南师范大学,671C,日语,,,,,,606,10952,,,,,,606,10952,,,,,,,,,本科,,,,,
8354131,海南,本科批,物理,,X5638ED,专业组06,赣南师范大学,5E19,会计学,,,,,,606,10952,,,,,,606,10952,,,,,,,,,本科,,,,,
8354132,海南,本科批,物理,,X5638ED,专业组06,赣南师范大学,0FBC,金融学,,,,,,607,10761,,,,,,607,10761,,,,,,,,,本科,,,,,
8354133,海南,本科批,物理,,X5638ED,专业组06,赣南师范大学,C349,学前教育（师范）,师范,,,,,609,10437,,,,,,609,10437,,,,,,,,,本科,,,,,
8354134,海南,本科批,物理,,X5638ED,专业组06,赣南师范大学,95BF,教育学（师范）,师范,,,,,609,10437,,,,,,609,10437,,,,,,,,,本科,,,,,
8354135,海南,本科批,物理,,X5638ED,专业组08,赣南师范大学,DF93,历史学（师范）,师范,,,,,623,8295,,,,,,623,8295,,,,,,,,,本科,,,,,
8354136,海南,本科批,物理,,X5638ED,专业组08,赣南师范大学,B53C,汉语言文学（师范）,师范,,,,,624,8163,,,,,,624,8163,,,,,,,,,本科,,,,,
8354137,海南,本科批,物理,,X5638ED,专业组09,赣南师范大学,F9EA,思想政治教育（师范）,师范,,,,,625,8008,,,,,,625,8008,,,,,,,,,本科,,,,,
8354771,海南,本科批,物理,,X9AFC09,专业组02,浙江农林大学,99EA,动物科学,,,,,,544,24716,,,,,,544,24716,,,,,,,,,本科,,,,,
8354772,海南,本科批,物理,,X9AFC09,专业组02,浙江农林大学,D901,木材科学与工程,,,,,,581,15788,,,,,,581,15788,,,,,,,,,本科,,,,,
8354773,海南,本科批,物理,,X9AFC09,专业组02,浙江农林大学,30B8,智慧农业,,,,,,586,14706,,,,,,586,14706,,,,,,,,,本科,,,,,
8354774,海南,本科批,物理,,X9AFC09,专业组02,浙江农林大学,67E2,林学,,,,,,592,13501,,,,,,592,13501,,,,,,,,,本科,,,,,
8354775,海南,本科批,物理,,X9AFC09,专业组02,浙江农林大学,E9A7,环境科学与工程,,,,,,614,9643,,,,,,614,9643,,,,,,,,,本科,,,,,
8354776,海南,本科批,物理,,X9AFC09,专业组02,浙江农林大学,52FD,应用化学,,,,,,614,9643,,,,,,614,9643,,,,,,,,,本科,,,,,
8354777,海南,本科批,物理,,X9AFC09,专业组02,浙江农林大学,2638,植物保护,,,,,,616,9314,,,,,,616,9314,,,,,,,,,本科,,,,,
8354778,海南,本科批,物理,,X9AFC09,专业组01,浙江农林大学,4154,电子商务,,,,,,632,7099,,,,,,632,7099,,,,,,,,,本科,,,,,
8354779,海南,本科批,物理,,X9AFC09,专业组01,浙江农林大学,927B,法学,,,,,,632,7099,,,,,,632,7099,,,,,,,,,本科,,,,,
8354780,海南,本科批,物理,,X9AFC09,专业组01,浙江农林大学,25DE,国际经济与贸易,,,,,,639,6231,,,,,,639,6231,,,,,,,,,本科,,,,,
8355279,海南,本科批,物理,,X8F3769,专业组01,沈阳师范大学,7AD0,软件工程（前两年学费4800元/年，后两年学费13500元/年；外语课程用英语教学）,前两年学费4800元/年，后两年学费13500元/年；外语课程用英语教学,,,,,567,18906,,,,,,567,18906,,,,,,,,,本科,,,,,
8355280,海南,本科批,物理,,X8F3769,专业组01,沈阳师范大学,8867,计算机科学与技术（前两年学费4800元/年，后两年学费13500元/年；外语课程用英语教学）,前两年学费4800元/年，后两年学费13500元/年；外语课程用英语教学,,,,,569,18472,,,,,,569,18472,,,,,,,,,本科,,,,,
8356116,海南,本科提前批,物理,,XD08A8D,专业组02,中国刑事警察学院,A87D,禁毒学（男）,男,,,,,496,38160,,,,,,496,38160,,,,,,,,,本科,,,,,
8356117,海南,本科提前批,物理,,XD08A8D,专业组02,中国刑事警察学院,A1F1,涉外警务（男）,男,,,,,536,26922,,,,,,536,26922,,,,,,,,,本科,,,,,
8356118,海南,本科提前批,物理,,XD08A8D,专业组02,中国刑事警察学院,3E85,公安情报学（男）,男,,,,,576,16888,,,,,,576,16888,,,,,,,,,本科,,,,,
8356119,海南,本科提前批,物理,,XD08A8D,专业组02,中国刑事警察学院,A2F9,侦查学（男）,男,,,,,582,15570,,,,,,582,15570,,,,,,,,,本科,,,,,
8356120,海南,本科提前批,物理,,XD08A8D,专业组02,中国刑事警察学院,1B53,警犬技术（男）,男,,,,,586,14706,,,,,,586,14706,,,,,,,,,本科,,,,,
8356121,海南,本科提前批,物理,,XD08A8D,专业组02,中国刑事警察学院,1406,经济犯罪侦查（男）,男,,,,,621,8571,,,,,,621,8571,,,,,,,,,本科,,,,,
8356122,海南,本科提前批,物理,,XD08A8D,专业组01,中国刑事警察学院,8DE3,公安视听技术（男）,男,,,,,622,8436,,,,,,622,8436,,,,,,,,,本科,,,,,
8356123,海南,本科提前批,物理,,XD08A8D,专业组01,中国刑事警察学院,77B6,数据警务技术（男）,男,,,,,628,7623,,,,,,628,7623,,,,,,,,,本科,,,,,
8356124,海南,本科提前批,物理,,XD08A8D,专业组01,中国刑事警察学院,521B,刑事科学技术（男）,男,,,,,634,6830,,,,,,634,6830,,,,,,,,,本科,,,,,
8356125,海南,本科提前批,物理,,XD08A8D,专业组01,中国刑事警察学院,AC0E,网络安全与执法（男）,男,,,,,651,4974,,,,,,651,4974,,,,,,,,,本科,,,,,
8356126,海南,本科提前批,物理,,XD08A8D,专业组02,中国刑事警察学院,6AF8,禁毒学（女）,女,,,,,659,4256,,,,,,659,4256,,,,,,,,,本科,,,,,
8356127,海南,本科提前批,物理,,XD08A8D,专业组02,中国刑事警察学院,2D4A,治安学（女）,女,,,,,660,4172,,,,,,660,4172,,,,,,,,,本科,,,,,
8356128,海南,本科提前批,物理,,XD08A8D,专业组02,中国刑事警察学院,265B,警犬技术（女）,女,,,,,665,3764,,,,,,665,3764,,,,,,,,,本科,,,,,
8356129,海南,本科提前批,物理,,XD08A8D,专业组02,中国刑事警察学院,284B,经济犯罪侦查（女）,女,,,,,668,3539,,,,,,668,3539,,,,,,,,,本科,,,,,
8356130,海南,本科提前批,物理,,XD08A8D,专业组02,中国刑事警察学院,73EB,涉外警务（女）,女,,,,,670,3396,,,,,,670,3396,,,,,,,,,本科,,,,,
8356131,海南,本科提前批,物理,,XD08A8D,专业组01,中国刑事警察学院,547A,刑事科学技术（女）,女,,,,,680,2744,,,,,,680,2744,,,,,,,,,本科,,,,,
8357345,海南,本科批,物理,,XBE0B64,专业组03,云南农业大学,E666,化学生物学,,,,,,482,42014,,,,,,482,42014,,,,,,,,,本科,,,,,
8357346,海南,本科批,物理,,XBE0B64,专业组03,云南农业大学,4ECE,土木工程,,,,,,499,37370,,,,,,499,37370,,,,,,,,,本科,,,,,
8357347,海南,本科批,物理,,XBE0B64,专业组03,云南农业大学,2638,植物保护,,,,,,501,36812,,,,,,501,36812,,,,,,,,,本科,,,,,
8357348,海南,本科批,物理,,XBE0B64,专业组03,云南农业大学,7A1F,水产养殖学,,,,,,526,29707,,,,,,526,29707,,,,,,,,,本科,,,,,
8357349,海南,本科批,物理,,XBE0B64,专业组03,云南农业大学,C1B4,水利水电工程,,,,,,527,29380,,,,,,527,29380,,,,,,,,,本科,,,,,
8357350,海南,本科批,物理,,XBE0B64,专业组03,云南农业大学,53B9,食品质量与安全,,,,,,529,28875,,,,,,529,28875,,,,,,,,,本科,,,,,
8357351,海南,本科批,物理,,XBE0B64,专业组03,云南农业大学,4718,数据科学与大数据技术,,,,,,530,28572,,,,,,530,28572,,,,,,,,,本科,,,,,
8357352,海南,本科批,物理,,XBE0B64,专业组03,云南农业大学,DDCB,动植物检疫（植物检疫）,植物检疫,,,,,554,22142,,,,,,554,22142,,,,,,,,,本科,,,,,
8357353,海南,本科批,物理,,XBE0B64,专业组03,云南农业大学,0325,动物医学,,,,,,555,21888,,,,,,555,21888,,,,,,,,,本科,,,,,
8357354,海南,本科批,物理,,XBE0B64,专业组03,云南农业大学,5CC7,烟草,,,,,,567,18906,,,,,,567,18906,,,,,,,,,本科,,,,,
8357355,海南,本科批,物理,,XBE0B64,专业组03,云南农业大学,F89C,生物技术,,,,,,567,18906,,,,,,567,18906,,,,,,,,,本科,,,,,
8357356,海南,本科批,物理,,XBE0B64,专业组03,云南农业大学,CA6D,农业智能装备工程,,,,,,583,15317,,,,,,583,15317,,,,,,,,,本科,,,,,
8357357,海南,本科批,物理,,XBE0B64,专业组01,云南农业大学,8A5F,越南语,,,,,,588,14321,,,,,,588,14321,,,,,,,,,本科,,,,,
8357358,海南,本科批,物理,,XBE0B64,专业组01,云南农业大学,CA0F,旅游管理,,,,,,589,14092,,,,,,589,14092,,,,,,,,,本科,,,,,
8357359,海南,本科批,物理,,XBE0B64,专业组03,云南农业大学,C325,农学,,,,,,590,13900,,,,,,590,13900,,,,,,,,,本科,,,,,
8357360,海南,本科批,物理,,XBE0B64,专业组01,云南农业大学,4154,电子商务,,,,,,593,13321,,,,,,593,13321,,,,,,,,,本科,,,,,
8357361,海南,本科批,物理,,XBE0B64,专业组01,云南农业大学,6AB9,经济学,,,,,,595,12898,,,,,,595,12898,,,,,,,,,本科,,,,,
8357362,海南,本科批,物理,,XBE0B64,专业组02,云南农业大学,6F56,工程管理,,,,,,598,12377,,,,,,598,12377,,,,,,,,,本科,,,,,
8357363,海南,本科批,物理,,XBE0B64,专业组01,云南农业大学,FB65,风景园林,,,,,,599,12200,,,,,,599,12200,,,,,,,,,本科,,,,,
8357364,海南,本科批,物理,,XBE0B64,专业组01,云南农业大学,4145,英语,,,,,,605,11138,,,,,,605,11138,,,,,,,,,本科,,,,,
8359079,海南,本科批,物理,,X835F78,专业组02,江西中医药大学,A784,中药制药,,,,,,535,27215,,,,,,535,27215,,,,,,,,,本科,,,,,
8359080,海南,本科批,物理,,X835F78,专业组02,江西中医药大学,B9A5,计算机科学与技术,,,,,,550,23151,,,,,,550,23151,,,,,,,,,本科,,,,,
8359081,海南,本科批,物理,,X835F78,专业组02,江西中医药大学,10A0,药学,,,,,,563,19861,,,,,,563,19861,,,,,,,,,本科,,,,,
8359082,海南,本科批,物理,,X835F78,专业组02,江西中医药大学,2DDF,医学影像技术,,,,,,577,16644,,,,,,577,16644,,,,,,,,,本科,,,,,
8359083,海南,本科批,物理,,X835F78,专业组01,江西中医药大学,0E54,保险学,,,,,,593,13321,,,,,,593,13321,,,,,,,,,本科,,,,,
8359084,海南,本科批,物理,,X835F78,专业组01,江西中医药大学,09EE,市场营销,,,,,,596,12722,,,,,,596,12722,,,,,,,,,本科,,,,,
8359085,海南,本科批,物理,,X835F78,专业组01,江西中医药大学,4852,应用心理学,,,,,,597,12551,,,,,,597,12551,,,,,,,,,本科,,,,,
8359086,海南,本科批,物理,,X835F78,专业组01,江西中医药大学,090D,公共事业管理,,,,,,599,12200,,,,,,599,12200,,,,,,,,,本科,,,,,
8359087,海南,本科批,物理,,X835F78,专业组01,江西中医药大学,9FD2,健康服务与管理,,,,,,600,12004,,,,,,600,12004,,,,,,,,,本科,,,,,
8359088,海南,本科批,物理,,X835F78,专业组03,江西中医药大学,4BF3,护理学,,,,,,602,11656,,,,,,602,11656,,,,,,,,,本科,,,,,
8359089,海南,本科批,物理,,X835F78,专业组04,江西中医药大学,2A03,中医骨伤科学,,,,,,616,9314,,,,,,616,9314,,,,,,,,,本科,,,,,
8359090,海南,本科批,物理,,X835F78,专业组04,江西中医药大学,5ED3,中西医临床医学,,,,,,622,8436,,,,,,622,8436,,,,,,,,,本科,,,,,
8359091,海南,本科批,物理,,X835F78,专业组04,江西中医药大学,6246,针灸推拿学,,,,,,624,8163,,,,,,624,8163,,,,,,,,,本科,,,,,
8359092,海南,本科批,物理,,X835F78,专业组04,江西中医药大学,03FE,中医学,,,,,,627,7735,,,,,,627,7735,,,,,,,,,本科,,,,,
8359673,海南,本科批,物理,,XB94805,专业组01,佳木斯大学,B8DA,数学与应用数学（师范类）,师范类,,,,,503,36239,,,,,,503,36239,,,,,,,,,本科,,,,,
8360338,海南,本科批,物理,,X851871,专业组04,北京语言大学,F706,计算机类（包含专业：人工智能、计算机科学与技术、数字媒体技术、数据科学与大数据技术）,包含专业：人工智能、计算机科学与技术、数字媒体技术、数据科学与大数据技术,,,,,626,7880,,,,,,626,7880,,,,,,,,,本科,,,,,
8360339,海南,本科批,物理,,X851871,专业组05,北京语言大学,73E7,国际政治,,,,,,643,5793,,,,,,643,5793,,,,,,,,,本科,,,,,
8360340,海南,本科批,物理,,X851871,专业组03,北京语言大学,0FBC,金融学,,,,,,645,5610,,,,,,645,5610,,,,,,,,,本科,,,,,
8360341,海南,本科批,物理,,X851871,专业组03,北京语言大学,0547,网络与新媒体（智能媒体）,智能媒体,,,,,648,5279,,,,,,648,5279,,,,,,,,,本科,,,,,
8360342,海南,本科批,物理,,X851871,专业组03,北京语言大学,7A9C,经济学（经济金融统计与分析）,经济金融统计与分析,,,,,650,5072,,,,,,650,5072,,,,,,,,,本科,,,,,
8360343,海南,本科批,物理,,X851871,专业组05,北京语言大学,13A6,国际事务与国际关系,,,,,,650,5072,,,,,,650,5072,,,,,,,,,本科,,,,,
8360344,海南,本科批,物理,,X851871,专业组03,北京语言大学,2D7A,新闻学（国际新闻）,国际新闻,,,,,652,4884,,,,,,652,4884,,,,,,,,,本科,,,,,
8360345,海南,本科批,物理,,X851871,专业组03,北京语言大学,B4B4,传播学（梧桐计划人才实验班）,梧桐计划人才实验班,,,,,652,4884,,,,,,652,4884,,,,,,,,,本科,,,,,
8360346,海南,本科批,物理,,X851871,专业组03,北京语言大学,25DE,国际经济与贸易,,,,,,652,4884,,,,,,652,4884,,,,,,,,,本科,,,,,
8360347,海南,本科批,物理,,X851871,专业组03,北京语言大学,A615,汉语国际教育,,,,,,654,4713,,,,,,654,4713,,,,,,,,,本科,,,,,
8360348,海南,本科批,物理,,X851871,专业组03,北京语言大学,6547,翻译（汉英法）,汉英法,,,,,656,4510,,,,,,656,4510,,,,,,,,,本科,,,,,
8360349,海南,本科批,物理,,X851871,专业组03,北京语言大学,D243,汉语言文学,,,,,,659,4256,,,,,,659,4256,,,,,,,,,本科,,,,,
8360350,海南,本科批,物理,,X851871,专业组03,北京语言大学,3734,外国语言文学类（包含专业：英语、英语（英西复语）、商务英语）,包含专业：英语、英语（英西复语,,,,,669,3468,,,,,,669,3468,,,,,,,,,本科,,,,,
8360928,海南,本科批,物理,,X95E62A,专业组01,辽宁石油化工大学,52FD,应用化学,,,,,,478,43056,,,,,,478,43056,,,,,,,,,本科,,,,,
8360929,海南,本科批,物理,,X95E62A,专业组01,辽宁石油化工大学,7E23,环境工程,,,,,,480,42524,,,,,,480,42524,,,,,,,,,本科,,,,,
8360930,海南,本科批,物理,,X95E62A,专业组01,辽宁石油化工大学,7D22,材料化学,,,,,,486,40965,,,,,,486,40965,,,,,,,,,本科,,,,,
8360931,海南,本科批,物理,,X95E62A,专业组01,辽宁石油化工大学,5B8B,高分子材料与工程,,,,,,488,40419,,,,,,488,40419,,,,,,,,,本科,,,,,
8360932,海南,本科批,物理,,X95E62A,专业组01,辽宁石油化工大学,6420,过程装备与控制工程,,,,,,491,39563,,,,,,491,39563,,,,,,,,,本科,,,,,
8360933,海南,本科批,物理,,X95E62A,专业组01,辽宁石油化工大学,FEF6,材料成型及控制工程,,,,,,518,31962,,,,,,518,31962,,,,,,,,,本科,,,,,
8360934,海南,本科批,物理,,X95E62A,专业组01,辽宁石油化工大学,A5D2,测控技术与仪器,,,,,,525,29966,,,,,,525,29966,,,,,,,,,本科,,,,,
8360935,海南,本科批,物理,,X95E62A,专业组01,辽宁石油化工大学,9522,精细化工,,,,,,528,29098,,,,,,528,29098,,,,,,,,,本科,,,,,
8360936,海南,本科批,物理,,X95E62A,专业组01,辽宁石油化工大学,917A,海洋油气工程,,,,,,535,27215,,,,,,535,27215,,,,,,,,,本科,,,,,
8360937,海南,本科批,物理,,X95E62A,专业组01,辽宁石油化工大学,4D53,石油工程,,,,,,540,25810,,,,,,540,25810,,,,,,,,,本科,,,,,
8360938,海南,本科批,物理,,X95E62A,专业组01,辽宁石油化工大学,78FF,机械设计制造及其自动化,,,,,,550,23151,,,,,,550,23151,,,,,,,,,本科,,,,,
8360939,海南,本科批,物理,,X95E62A,专业组01,辽宁石油化工大学,D6ED,化学工程与工艺,,,,,,560,20621,,,,,,560,20621,,,,,,,,,本科,,,,,
8360940,海南,本科批,物理,,X95E62A,专业组01,辽宁石油化工大学,12CD,油气储运工程,,,,,,571,17978,,,,,,571,17978,,,,,,,,,本科,,,,,
8361825,海南,本科批,物理,,X4AA63F,专业组01,合肥大学,9D85,酒店管理,,,,,,589,14092,,,,,,589,14092,,,,,,,,,本科,,,,,
8361826,海南,本科批,物理,,X4AA63F,专业组01,合肥大学,CA0F,旅游管理,,,,,,590,13900,,,,,,590,13900,,,,,,,,,本科,,,,,
8361827,海南,本科批,物理,,X4AA63F,专业组01,合肥大学,25DE,国际经济与贸易,,,,,,591,13666,,,,,,591,13666,,,,,,,,,本科,,,,,
8361828,海南,本科批,物理,,X4AA63F,专业组01,合肥大学,4852,应用心理学,,,,,,596,12722,,,,,,596,12722,,,,,,,,,本科,,,,,
8362228,海南,本科批,物理,,X329CED,专业组03,长沙学院,871F,应用化学（不招色觉异常考生）,不招色觉异常考生,,,,,546,24228,,,,,,546,24228,,,,,,,,,本科,,,,,
8362229,海南,本科批,物理,,X329CED,专业组03,长沙学院,FEF6,材料成型及控制工程,,,,,,551,22908,,,,,,551,22908,,,,,,,,,本科,,,,,
8362230,海南,本科批,物理,,X329CED,专业组03,长沙学院,8684,智能制造工程,,,,,,554,22142,,,,,,554,22142,,,,,,,,,本科,,,,,
8362231,海南,本科批,物理,,X329CED,专业组03,长沙学院,548C,信息与计算科学,,,,,,564,19597,,,,,,564,19597,,,,,,,,,本科,,,,,
8362232,海南,本科批,物理,,X329CED,专业组02,长沙学院,CA0F,旅游管理,,,,,,574,17335,,,,,,574,17335,,,,,,,,,本科,,,,,
8362233,海南,本科批,物理,,X329CED,专业组02,长沙学院,090D,公共事业管理,,,,,,579,16225,,,,,,579,16225,,,,,,,,,本科,,,,,
8362234,海南,本科批,物理,,X329CED,专业组02,长沙学院,671C,日语,,,,,,582,15570,,,,,,582,15570,,,,,,,,,本科,,,,,
8362235,海南,本科批,物理,,X329CED,专业组03,长沙学院,A5B7,电气工程及其自动化,,,,,,589,14092,,,,,,589,14092,,,,,,,,,本科,,,,,
8362236,海南,本科批,物理,,X329CED,专业组04,长沙学院,51C8,思想政治教育,,,,,,598,12377,,,,,,598,12377,,,,,,,,,本科,,,,,
8362823,海南,本科批,物理,,X15AD11,专业组03,青海大学,A39E,预防医学,,,,,,581,15788,,,,,,581,15788,,,,,,,,,本科,,,,,
8362824,海南,本科批,物理,,X15AD11,专业组02,青海大学,E98D,植物生产类（包含专业：农学、园艺、植物保护）,包含专业：农学、园艺、植物保护,,,,,591,13666,,,,,,591,13666,,,,,,,,,本科,,,,,
8362825,海南,本科批,物理,,X15AD11,专业组02,青海大学,99EA,动物科学,,,,,,593,13321,,,,,,593,13321,,,,,,,,,本科,,,,,
8362826,海南,本科批,物理,,X15AD11,专业组03,青海大学,97D0,临床医学,,,,,,594,13128,,,,,,594,13128,,,,,,,,,本科,,,,,
8362827,海南,本科批,物理,,X15AD11,专业组03,青海大学,10A0,药学,,,,,,600,12004,,,,,,600,12004,,,,,,,,,本科,,,,,
8362828,海南,本科批,物理,,X15AD11,专业组02,青海大学,0325,动物医学,,,,,,603,11475,,,,,,603,11475,,,,,,,,,本科,,,,,
8362829,海南,本科批,物理,,X15AD11,专业组02,青海大学,B9A5,计算机科学与技术,,,,,,606,10952,,,,,,606,10952,,,,,,,,,本科,,,,,
8362830,海南,本科批,物理,,X15AD11,专业组02,青海大学,A5B7,电气工程及其自动化,,,,,,625,8008,,,,,,625,8008,,,,,,,,,本科,,,,,
8362831,海南,本科批,物理,,X15AD11,专业组01,青海大学,6AB9,经济学,,,,,,631,7228,,,,,,631,7228,,,,,,,,,本科,,,,,
8362832,海南,本科批,物理,,X15AD11,专业组01,青海大学,0FBC,金融学,,,,,,645,5610,,,,,,645,5610,,,,,,,,,本科,,,,,
8363443,海南,本科批,物理,,XDD7ABF,专业组03,闽南师范大学,E9A7,环境科学与工程,,,,,,497,37924,,,,,,497,37924,,,,,,,,,本科,,,,,
8363444,海南,本科批,物理,,XDD7ABF,专业组02,闽南师范大学,2242,广播电视编导,,,,,,588,14321,,,,,,588,14321,,,,,,,,,本科,,,,,
8363445,海南,本科批,物理,,XDD7ABF,专业组02,闽南师范大学,09EE,市场营销,,,,,,589,14092,,,,,,589,14092,,,,,,,,,本科,,,,,
8363446,海南,本科批,物理,,XDD7ABF,专业组01,闽南师范大学,A8D5,汉语言文学（师范）（国家专项计划）,师范; 国家专项计划,,,,,617,9159,,,,,,617,9159,,,,,,,,,本科,,,,,
8364073,海南,本科批,物理,,X9A96A3,专业组03,浙江中医药大学,4E9C,卫生检验与检疫,,,,,,600,12004,,,,,,600,12004,,,,,,,,,本科,,,,,
8364074,海南,本科批,物理,,X9A96A3,专业组03,浙江中医药大学,68ED,医学实验技术,,,,,,600,12004,,,,,,600,12004,,,,,,,,,本科,,,,,
8364075,海南,本科批,物理,,X9A96A3,专业组03,浙江中医药大学,4C2A,中药学,,,,,,602,11656,,,,,,602,11656,,,,,,,,,本科,,,,,
8364076,海南,本科批,物理,,X9A96A3,专业组03,浙江中医药大学,03FE,中医学,,,,,,608,10596,,,,,,608,10596,,,,,,,,,本科,,,,,
8364077,海南,本科批,物理,,X9A96A3,专业组03,浙江中医药大学,6246,针灸推拿学,,,,,,620,8717,,,,,,620,8717,,,,,,,,,本科,,,,,
8364078,海南,本科批,物理,,X9A96A3,专业组02,浙江中医药大学,8950,护理学（为适应专业工作的需要，建议报考护理学专业考生身高在158cm（含）以上）,为适应专业工作的需要，建议报考护理学专业考生身高在158cm（含,,,,,638,6368,,,,,,638,6368,,,,,,,,,本科,,,,,
8364079,海南,本科批,物理,,X9A96A3,专业组03,浙江中医药大学,97D0,临床医学,,,,,,665,3764,,,,,,665,3764,,,,,,,,,本科,,,,,
8364614,海南,本科批,物理,,X5AAEE3,专业组05,淮北师范大学,E2E1,生物工程,,,,,,479,42765,,,,,,479,42765,,,,,,,,,本科,,,,,
8364615,海南,本科批,物理,,X5AAEE3,专业组05,淮北师范大学,4718,数据科学与大数据技术,,,,,,480,42524,,,,,,480,42524,,,,,,,,,本科,,,,,
8364616,海南,本科批,物理,,X5AAEE3,专业组05,淮北师范大学,5FC4,环境科学,,,,,,480,42524,,,,,,480,42524,,,,,,,,,本科,,,,,
8364617,海南,本科批,物理,,X5AAEE3,专业组05,淮北师范大学,0294,物理学（师范类）,师范类,,,,,525,29966,,,,,,525,29966,,,,,,,,,本科,,,,,
8364618,海南,本科批,物理,,X5AAEE3,专业组05,淮北师范大学,8FA3,化学（师范类）,师范类,,,,,551,22908,,,,,,551,22908,,,,,,,,,本科,,,,,
8364619,海南,本科批,物理,,X5AAEE3,专业组03,淮北师范大学,4154,电子商务,,,,,,582,15570,,,,,,582,15570,,,,,,,,,本科,,,,,
8364620,海南,本科批,物理,,X5AAEE3,专业组03,淮北师范大学,BD59,金融科技,,,,,,588,14321,,,,,,588,14321,,,,,,,,,本科,,,,,
8364621,海南,本科批,物理,,X5AAEE3,专业组02,淮北师范大学,CA0F,旅游管理,,,,,,596,12722,,,,,,596,12722,,,,,,,,,本科,,,,,
8364622,海南,本科批,物理,,X5AAEE3,专业组04,淮北师范大学,76B9,统计学,,,,,,599,12200,,,,,,599,12200,,,,,,,,,本科,,,,,
8364623,海南,本科批,物理,,X5AAEE3,专业组02,淮北师范大学,6AB9,经济学,,,,,,600,12004,,,,,,600,12004,,,,,,,,,本科,,,,,
8364624,海南,本科批,物理,,X5AAEE3,专业组03,淮北师范大学,FBFE,物流管理,,,,,,601,11844,,,,,,601,11844,,,,,,,,,本科,,,,,
8364625,海南,本科批,物理,,X5AAEE3,专业组02,淮北师范大学,C19A,人力资源管理,,,,,,605,11138,,,,,,605,11138,,,,,,,,,本科,,,,,
8364626,海南,本科批,物理,,X5AAEE3,专业组06,淮北师范大学,68F4,新闻学,,,,,,607,10761,,,,,,607,10761,,,,,,,,,本科,,,,,
8364627,海南,本科批,物理,,X5AAEE3,专业组06,淮北师范大学,5D72,网络与新媒体,,,,,,607,10761,,,,,,607,10761,,,,,,,,,本科,,,,,
8364628,海南,本科批,物理,,X5AAEE3,专业组06,淮北师范大学,BA83,汉语国际教育（师范类）,师范类,,,,,609,10437,,,,,,609,10437,,,,,,,,,本科,,,,,
8364629,海南,本科批,物理,,X5AAEE3,专业组02,淮北师范大学,F338,英语（师范类）,师范类,,,,,611,10110,,,,,,611,10110,,,,,,,,,本科,,,,,
8364630,海南,本科批,物理,,X5AAEE3,专业组04,淮北师范大学,B8DA,数学与应用数学（师范类）,师范类,,,,,613,9795,,,,,,613,9795,,,,,,,,,本科,,,,,
8364631,海南,本科批,物理,,X5AAEE3,专业组06,淮北师范大学,AFF5,汉语言文学（师范类）,师范类,,,,,616,9314,,,,,,616,9314,,,,,,,,,本科,,,,,
8364632,海南,本科批,物理,,X5AAEE3,专业组02,淮北师范大学,5E19,会计学,,,,,,621,8571,,,,,,621,8571,,,,,,,,,本科,,,,,
8365111,海南,本科批,物理,,XE815CF,专业组01,宁夏大学,04A0,工商管理,,,,,,637,6498,,,,,,637,6498,,,,,,,,,本科,,,,,
8365112,海南,本科批,物理,,XE815CF,专业组01,宁夏大学,5E19,会计学,,,,,,637,6498,,,,,,637,6498,,,,,,,,,本科,,,,,
8365113,海南,本科批,物理,,XE815CF,专业组02,宁夏大学,B53C,汉语言文学（师范）,师范,,,,,643,5793,,,,,,643,5793,,,,,,,,,本科,,,,,
8365114,海南,本科批,物理,,XE815CF,专业组01,宁夏大学,927B,法学,,,,,,652,4884,,,,,,652,4884,,,,,,,,,本科,,,,,
8366944,海南,本科批,物理,,XB80FDB,专业组02,天津职业技术师范大学,FEF6,材料成型及控制工程,,,,,,527,29380,,,,,,527,29380,,,,,,,,,本科,,,,,
8366945,海南,本科批,物理,,XB80FDB,专业组02,天津职业技术师范大学,E347,工业设计,,,,,,536,26922,,,,,,536,26922,,,,,,,,,本科,,,,,
8366946,海南,本科批,物理,,XB80FDB,专业组02,天津职业技术师范大学,A5D2,测控技术与仪器,,,,,,539,26094,,,,,,539,26094,,,,,,,,,本科,,,,,
8366947,海南,本科批,物理,,XB80FDB,专业组02,天津职业技术师范大学,F55B,交通运输,,,,,,543,24997,,,,,,543,24997,,,,,,,,,本科,,,,,
8366948,海南,本科批,物理,,XB80FDB,专业组02,天津职业技术师范大学,6995,网络工程,,,,,,551,22908,,,,,,551,22908,,,,,,,,,本科,,,,,
8366949,海南,本科批,物理,,XB80FDB,专业组02,天津职业技术师范大学,84EA,微电子科学与工程（师范类）,师范类,,,,,552,22661,,,,,,552,22661,,,,,,,,,本科,,,,,
8366950,海南,本科批,物理,,XB80FDB,专业组02,天津职业技术师范大学,ECA4,通信工程,,,,,,553,22416,,,,,,553,22416,,,,,,,,,本科,,,,,
8366951,海南,本科批,物理,,XB80FDB,专业组02,天津职业技术师范大学,17B9,自动化（师范类）,师范类,,,,,565,19373,,,,,,565,19373,,,,,,,,,本科,,,,,
8366952,海南,本科批,物理,,XB80FDB,专业组01,天津职业技术师范大学,5041,劳动教育（师范类）,师范类,,,,,583,15317,,,,,,583,15317,,,,,,,,,本科,,,,,
8366953,海南,本科批,物理,,XB80FDB,专业组01,天津职业技术师范大学,7D20,信用管理,,,,,,583,15317,,,,,,583,15317,,,,,,,,,本科,,,,,
8366954,海南,本科批,物理,,XB80FDB,专业组01,天津职业技术师范大学,0FBC,金融学,,,,,,584,15113,,,,,,584,15113,,,,,,,,,本科,,,,,
8366955,海南,本科批,物理,,XB80FDB,专业组01,天津职业技术师范大学,C19A,人力资源管理,,,,,,586,14706,,,,,,586,14706,,,,,,,,,本科,,,,,
8366956,海南,本科批,物理,,XB80FDB,专业组01,天津职业技术师范大学,096A,物流管理（师范类）,师范类,,,,,589,14092,,,,,,589,14092,,,,,,,,,本科,,,,,
8366957,海南,本科批,物理,,XB80FDB,专业组01,天津职业技术师范大学,BA83,汉语国际教育（师范类）,师范类,,,,,594,13128,,,,,,594,13128,,,,,,,,,本科,,,,,
8366958,海南,本科批,物理,,XB80FDB,专业组02,天津职业技术师范大学,B8DA,数学与应用数学（师范类）,师范类,,,,,595,12898,,,,,,595,12898,,,,,,,,,本科,,,,,
8366959,海南,本科批,物理,,XB80FDB,专业组02,天津职业技术师范大学,1D7F,电子信息工程（师范类）,师范类,,,,,595,12898,,,,,,595,12898,,,,,,,,,本科,,,,,
8366960,海南,本科批,物理,,XB80FDB,专业组02,天津职业技术师范大学,2C23,机电技术教育（师范类）,师范类,,,,,604,11285,,,,,,604,11285,,,,,,,,,本科,,,,,
8368488,海南,本科批,物理,,X42643A,专业组02,景德镇陶瓷大学,B5E9,无机非金属材料工程,,,,,,567,18906,,,,,,567,18906,,,,,,,,,本科,,,,,
8368489,海南,本科批,物理,,X42643A,专业组02,景德镇陶瓷大学,7D22,材料化学,,,,,,569,18472,,,,,,569,18472,,,,,,,,,本科,,,,,
8368490,海南,本科批,物理,,X42643A,专业组02,景德镇陶瓷大学,4EA7,新能源材料与器件,,,,,,576,16888,,,,,,576,16888,,,,,,,,,本科,,,,,
8368491,海南,本科批,物理,,X42643A,专业组02,景德镇陶瓷大学,78FF,机械设计制造及其自动化,,,,,,577,16644,,,,,,577,16644,,,,,,,,,本科,,,,,
8368492,海南,本科批,物理,,X42643A,专业组02,景德镇陶瓷大学,B9A5,计算机科学与技术,,,,,,578,16442,,,,,,578,16442,,,,,,,,,本科,,,,,
8369120,海南,本科批,物理,,XC93CEC,专业组02,吉林师范大学,5FC4,环境科学,,,,,,497,37924,,,,,,497,37924,,,,,,,,,本科,,,,,
8369121,海南,本科批,物理,,XC93CEC,专业组01,吉林师范大学,E336,德语（长春校区）,长春校区,,,,,576,16888,,,,,,576,16888,,,,,,,,,本科,,,,,
8369122,海南,本科批,物理,,XC93CEC,专业组01,吉林师范大学,D60D,编辑出版学（长春校区）,长春校区,,,,,577,16644,,,,,,577,16644,,,,,,,,,本科,,,,,
8369123,海南,本科批,物理,,XC93CEC,专业组01,吉林师范大学,3149,新闻学（长春校区）,长春校区,,,,,578,16442,,,,,,578,16442,,,,,,,,,本科,,,,,
8369124,海南,本科批,物理,,XC93CEC,专业组01,吉林师范大学,A91D,西班牙语（长春校区）,长春校区,,,,,578,16442,,,,,,578,16442,,,,,,,,,本科,,,,,
8369125,海南,本科批,物理,,XC93CEC,专业组01,吉林师范大学,C19A,人力资源管理,,,,,,578,16442,,,,,,578,16442,,,,,,,,,本科,,,,,
8369126,海南,本科批,物理,,XC93CEC,专业组01,吉林师范大学,E82A,历史学（师范类专业）,师范类专业,,,,,604,11285,,,,,,604,11285,,,,,,,,,本科,,,,,
8369127,海南,本科批,物理,,XC93CEC,专业组04,吉林师范大学,FA23,地理信息科学,,,,,,618,9022,,,,,,618,9022,,,,,,,,,本科,,,,,
8369128,海南,本科批,物理,,XC93CEC,专业组03,吉林师范大学,B0AD,思想政治教育（师范类专业）,师范类专业,,,,,622,8436,,,,,,622,8436,,,,,,,,,本科,,,,,
8370470,海南,本科批,物理,,X4714C4,专业组01,内蒙古农业大学,3D00,森林保护（含卓越农林计划物理，生物（2门科目考生均须选考方可报）,含卓越农林计划物理，生物（2门科目考生均须选考方可报,,,,,475,43844,,,,,,475,43844,,,,,,,,,本科,,,,,
8370471,海南,本科批,物理,,X4714C4,专业组01,内蒙古农业大学,D335,种子科学与工程,,,,,,476,43585,,,,,,476,43585,,,,,,,,,本科,,,,,
8370472,海南,本科批,物理,,X4714C4,专业组01,内蒙古农业大学,2638,植物保护,,,,,,476,43585,,,,,,476,43585,,,,,,,,,本科,,,,,
8370473,海南,本科批,物理,,X4714C4,专业组01,内蒙古农业大学,7A1F,水产养殖学,,,,,,493,39015,,,,,,493,39015,,,,,,,,,本科,,,,,
8370474,海南,本科批,物理,,X4714C4,专业组01,内蒙古农业大学,6E75,林学（含卓越农林计划物理，生物（2门科目考生均须选考方可报）,含卓越农林计划物理，生物（2门科目考生均须选考方可报,,,,,505,35622,,,,,,505,35622,,,,,,,,,本科,,,,,
8371088,海南,本科批,物理,,X80513A,专业组02,新疆医科大学,3B42,精神医学,,,,,,478,43056,,,,,,478,43056,,,,,,,,,本科,,,,,
8371089,海南,本科批,物理,,X80513A,专业组02,新疆医科大学,CD64,儿科学,,,,,,478,43056,,,,,,478,43056,,,,,,,,,本科,,,,,
8371090,海南,本科批,物理,,X80513A,专业组02,新疆医科大学,9C74,眼视光医学,,,,,,481,42257,,,,,,481,42257,,,,,,,,,本科,,,,,
8371091,海南,本科批,物理,,X80513A,专业组02,新疆医科大学,97D0,临床医学,,,,,,494,38727,,,,,,494,38727,,,,,,,,,本科,,,,,
8371092,海南,本科批,物理,,X80513A,专业组01,新疆医科大学,5DA6,口腔医学,,,,,,605,11138,,,,,,605,11138,,,,,,,,,本科,,,,,
8371093,海南,本科批,物理,,X80513A,专业组02,新疆医科大学,EB20,临床医学（“5+3一体化”）,“5+3一体化”,,,,,656,4510,,,,,,656,4510,,,,,,,,,本科,,,,,
8371687,海南,本科批,物理,,X1A6AF3,专业组01,昆明医科大学,7BEF,法医学,,,,,,482,42014,,,,,,482,42014,,,,,,,,,本科,,,,,
8371688,海南,本科批,物理,,X1A6AF3,专业组01,昆明医科大学,9212,康复作业治疗,,,,,,493,39015,,,,,,493,39015,,,,,,,,,本科,,,,,
8371689,海南,本科批,物理,,X1A6AF3,专业组01,昆明医科大学,2D90,康复物理治疗,,,,,,509,34493,,,,,,509,34493,,,,,,,,,本科,,,,,
8371690,海南,本科批,物理,,X1A6AF3,专业组01,昆明医科大学,A39E,预防医学,,,,,,519,31653,,,,,,519,31653,,,,,,,,,本科,,,,,
8371691,海南,本科批,物理,,X1A6AF3,专业组01,昆明医科大学,57E6,医学影像学,,,,,,525,29966,,,,,,525,29966,,,,,,,,,本科,,,,,
8371692,海南,本科批,物理,,X1A6AF3,专业组01,昆明医科大学,765E,临床药学,,,,,,546,24228,,,,,,546,24228,,,,,,,,,本科,,,,,
8371693,海南,本科批,物理,,X1A6AF3,专业组01,昆明医科大学,97D0,临床医学,,,,,,556,21627,,,,,,556,21627,,,,,,,,,本科,,,,,
8371694,海南,本科批,物理,,X1A6AF3,专业组01,昆明医科大学,A5C6,麻醉学,,,,,,604,11285,,,,,,604,11285,,,,,,,,,本科,,,,,
8371695,海南,本科批,物理,,X1A6AF3,专业组01,昆明医科大学,10A0,药学,,,,,,607,10761,,,,,,607,10761,,,,,,,,,本科,,,,,
8371696,海南,本科批,物理,,X1A6AF3,专业组01,昆明医科大学,5DA6,口腔医学,,,,,,723,985,,,,,,723,985,,,,,,,,,本科,,,,,
8372142,海南,本科批,物理,,X42A57C,专业组03,湖北民族大学,97D0,临床医学,,,,,,583,15317,,,,,,583,15317,,,,,,,,,本科,,,,,
8372143,海南,本科批,物理,,X42A57C,专业组03,湖北民族大学,B9A5,计算机科学与技术,,,,,,590,13900,,,,,,590,13900,,,,,,,,,本科,,,,,
8372144,海南,本科批,物理,,X42A57C,专业组04,湖北民族大学,51C8,思想政治教育,,,,,,612,9934,,,,,,612,9934,,,,,,,,,本科,,,,,
8372145,海南,本科批,物理,,X42A57C,专业组02,湖北民族大学,927B,法学,,,,,,628,7623,,,,,,628,7623,,,,,,,,,本科,,,,,
8372642,海南,本科批,物理,,X5619AE,专业组02,北京建筑大学,B555,测绘类（智慧城市类）（包含专业：测绘工程、地理空间信息工程、遥感科学与技术）,智慧城市类; 包含专业：测绘工程、地理空间信息工程、遥感科学与技术,,,,,591,13666,,,,,,591,13666,,,,,,,,,本科,,,,,
8372643,海南,本科批,物理,,X5619AE,专业组02,北京建筑大学,4ECE,土木工程,,,,,,595,12898,,,,,,595,12898,,,,,,,,,本科,,,,,
8372644,海南,本科批,物理,,X5619AE,专业组02,北京建筑大学,4D44,给排水科学与工程,,,,,,596,12722,,,,,,596,12722,,,,,,,,,本科,,,,,
8372645,海南,本科批,物理,,X5619AE,专业组02,北京建筑大学,6A3A,建筑环境与能源应用工程,,,,,,597,12551,,,,,,597,12551,,,,,,,,,本科,,,,,
8372646,海南,本科批,物理,,X5619AE,专业组02,北京建筑大学,2228,信息与计算科学（大数据应用）,大数据应用,,,,,604,11285,,,,,,604,11285,,,,,,,,,本科,,,,,
8372647,海南,本科批,物理,,X5619AE,专业组02,北京建筑大学,03E5,土木工程（实验班）,实验班,,,,,618,9022,,,,,,618,9022,,,,,,,,,本科,,,,,
8372648,海南,本科批,物理,,X5619AE,专业组01,北京建筑大学,6B06,环境设计（不招色盲、色弱）,不招色盲、色弱,,,,,642,5905,,,,,,642,5905,,,,,,,,,本科,,,,,
8372649,海南,本科批,物理,,X5619AE,专业组01,北京建筑大学,4592,建筑学（不招色盲、色弱）,不招色盲、色弱,,,,,642,5905,,,,,,642,5905,,,,,,,,,本科,,,,,
8372650,海南,本科批,物理,,X5619AE,专业组01,北京建筑大学,A3F7,风景园林（不招色盲、色弱）,不招色盲、色弱,,,,,644,5701,,,,,,644,5701,,,,,,,,,本科,,,,,
8373240,海南,本科批,物理,,XF8A7C2,专业组02,塔里木大学,99EA,动物科学,,,,,,483,41779,,,,,,483,41779,,,,,,,,,本科,,,,,
8373241,海南,本科批,物理,,XF8A7C2,专业组02,塔里木大学,D6ED,化学工程与工艺,,,,,,508,34786,,,,,,508,34786,,,,,,,,,本科,,,,,
8373242,海南,本科批,物理,,XF8A7C2,专业组02,塔里木大学,78FF,机械设计制造及其自动化,,,,,,516,32517,,,,,,516,32517,,,,,,,,,本科,,,,,
8373243,海南,本科批,物理,,XF8A7C2,专业组02,塔里木大学,6420,过程装备与控制工程,,,,,,521,31110,,,,,,521,31110,,,,,,,,,本科,,,,,
8373244,海南,本科批,物理,,XF8A7C2,专业组02,塔里木大学,A5B7,电气工程及其自动化,,,,,,526,29707,,,,,,526,29707,,,,,,,,,本科,,,,,
8373245,海南,本科批,物理,,XF8A7C2,专业组01,塔里木大学,DBB2,历史学（师范类）,师范类,,,,,570,18200,,,,,,570,18200,,,,,,,,,本科,,,,,
8373774,海南,本科批,物理,,X6F79E5,专业组80,哈尔滨工业大学（威海）,E079,工科试验班（先进材料与智能制造类）（包含专业：材料科学与工程、材料成型及控制工程、焊接技术与工程；本专业类内任选专业，所录取考生投档成绩在我校普通类本科批录取投档成绩以上，入学后方可享有申请转专业（类）机会）,先进材料与智能制造类; 包含专业：材料科学与工程、材料成型及控制工程、焊接技术与工程；本专业类内任选专业，所录取考生投档成绩在我校普通类本科批录取投档成绩以上，入学后方可享有申请转专业（类,,,,,704,1592,,,,,,704,1592,,,,,,,,,本科,,,,,
8373775,海南,本科批,物理,,X6F79E5,专业组80,哈尔滨工业大学（威海）,6BD5,船舶与海洋工程（所录取考生投档成绩在我校普通类本科批录取投档成绩以上，入学后方可享有申请转专业（类）机会）,所录取考生投档成绩在我校普通类本科批录取投档成绩以上，入学后方可享有申请转专业（类,,,,,705,1549,,,,,,705,1549,,,,,,,,,本科,,,,,
8373776,海南,本科批,物理,,X6F79E5,专业组80,哈尔滨工业大学（威海）,83AB,海洋信息工程（所录取考生投档成绩在我校普通类本科批录取投档成绩以上，入学后方可享有申请转专业（类）机会）,所录取考生投档成绩在我校普通类本科批录取投档成绩以上，入学后方可享有申请转专业（类,,,,,719,1104,,,,,,719,1104,,,,,,,,,本科,,,,,
8373777,海南,本科批,物理,,X6F79E5,专业组01,哈尔滨工业大学（威海）,F6FD,工科试验班（机器人与智能装备）（包含专业：机械设计制造及其自动化、机器人工程、车辆工程、智能车辆工程、储能科学与工程、测控技术与仪器、材料成型及控制工程、焊接技术与工程；本专业类内任选专业）,机器人与智能装备; 包含专业：机械设计制造及其自动化、机器人工程、车辆工程、智能车辆工程、储能科学与工程、测控技术与仪器、材料成型及控制工程、焊接技术与工程；本专业类内任选专业,,,,,723,985,,,,,,723,985,,,,,,,,,本科,,,,,
8373778,海南,本科批,物理,,X6F79E5,专业组01,哈尔滨工业大学（威海）,D59E,软件工程（含软件工程、服务科学与工程专业，本专业类内任选专业）,含软件工程、服务科学与工程专业，本专业类内任选专业,,,,,724,957,,,,,,724,957,,,,,,,,,本科,,,,,
8373779,海南,本科批,物理,,X6F79E5,专业组01,哈尔滨工业大学（威海）,2E80,工科试验班（电气与自动化（包含专业：自动化、电气工程及其自动化、智能材料与结构；本专业类内任选专业）,电气与自动化（包含专业：自动化、电气工程及其自动化、智能材料与结构；本专业类内任选专业,,,,,727,887,,,,,,727,887,,,,,,,,,本科,,,,,
8373780,海南,本科批,物理,,X6F79E5,专业组01,哈尔滨工业大学（威海）,6E0D,工科试验班（计算机与电子通信）（包含专业：计算机科学与技术、人工智能、网络空间安全、通信工程、海洋信息工程、电子信息工程、微电子科学与工程、光电信息科学与工程；本专业类内任选专业）,计算机与电子通信; 包含专业：计算机科学与技术、人工智能、网络空间安全、通信工程、海洋信息工程、电子信息工程、微电子科学与工程、光电信息科学与工程；本专业类内任选专业,,,,,727,887,,,,,,727,887,,,,,,,,,本科,,,,,
8373981,海南,本科批,物理,,X6402F6,专业组01,哈尔滨工业大学（深圳）,6927,工科试验班（机器人与智能装备）,机器人与智能装备,,,,,771,259,,,,,,771,259,,,,,,,,,本科,,,,,
8373982,海南,本科批,物理,,X6402F6,专业组01,哈尔滨工业大学（深圳）,0315,工科试验班（计算机与电子通信）,计算机与电子通信,,,,,772,251,,,,,,772,251,,,,,,,,,本科,,,,,
8374643,海南,本科批,物理,,XA2AD51,专业组01,沈阳化工大学,A5D2,测控技术与仪器,,,,,,517,32234,,,,,,517,32234,,,,,,,,,本科,,,,,
8374644,海南,本科批,物理,,XA2AD51,专业组01,沈阳化工大学,40CE,制药工程,,,,,,524,30268,,,,,,524,30268,,,,,,,,,本科,,,,,
8374645,海南,本科批,物理,,XA2AD51,专业组01,沈阳化工大学,52FD,应用化学,,,,,,533,27726,,,,,,533,27726,,,,,,,,,本科,,,,,
8374646,海南,本科批,物理,,XA2AD51,专业组01,沈阳化工大学,5B8B,高分子材料与工程,,,,,,540,25810,,,,,,540,25810,,,,,,,,,本科,,,,,
8374647,海南,本科批,物理,,XA2AD51,专业组01,沈阳化工大学,D6ED,化学工程与工艺,,,,,,542,25271,,,,,,542,25271,,,,,,,,,本科,,,,,
8374648,海南,本科批,物理,,XA2AD51,专业组01,沈阳化工大学,38B5,能源化学工程,,,,,,551,22908,,,,,,551,22908,,,,,,,,,本科,,,,,
8374649,海南,本科批,物理,,XA2AD51,专业组01,沈阳化工大学,6995,网络工程,,,,,,571,17978,,,,,,571,17978,,,,,,,,,本科,,,,,
8374650,海南,本科批,物理,,XA2AD51,专业组01,沈阳化工大学,4C65,自动化,,,,,,582,15570,,,,,,582,15570,,,,,,,,,本科,,,,,
8374651,海南,本科批,物理,,XA2AD51,专业组01,沈阳化工大学,93E3,电子信息工程,,,,,,593,13321,,,,,,593,13321,,,,,,,,,本科,,,,,
8376249,海南,本科批,物理,,X41AF31,专业组03,中国矿业大学（北京）,9731,安全科学与工程类,,,,,,659,4256,,,,,,659,4256,,,,,,,,,本科,,,,,
8376250,海南,本科批,物理,,X41AF31,专业组03,中国矿业大学（北京）,4ECE,土木工程,,,,,,660,4172,,,,,,660,4172,,,,,,,,,本科,,,,,
8376251,海南,本科批,物理,,X41AF31,专业组03,中国矿业大学（北京）,D6ED,化学工程与工艺,,,,,,664,3845,,,,,,664,3845,,,,,,,,,本科,,,,,
8376252,海南,本科批,物理,,X41AF31,专业组02,中国矿业大学（北京）,EF7C,工商管理类,,,,,,667,3616,,,,,,667,3616,,,,,,,,,本科,,,,,
8376253,海南,本科批,物理,,X41AF31,专业组03,中国矿业大学（北京）,3615,机械类,,,,,,673,3195,,,,,,673,3195,,,,,,,,,本科,,,,,
8376254,海南,本科批,物理,,X41AF31,专业组03,中国矿业大学（北京）,A5B7,电气工程及其自动化,,,,,,675,3055,,,,,,675,3055,,,,,,,,,本科,,,,,
8376255,海南,本科批,物理,,X41AF31,专业组01,中国矿业大学（北京）,4145,英语,,,,,,676,3001,,,,,,676,3001,,,,,,,,,本科,,,,,
8376256,海南,本科批,物理,,X41AF31,专业组03,中国矿业大学（北京）,B9A5,计算机科学与技术,,,,,,687,2344,,,,,,687,2344,,,,,,,,,本科,,,,,
8376594,海南,本科批,物理,,X707423,专业组02,云南民族大学,3572,化学（不招色觉异常及不能准确识别颜色的考生）,不招色觉异常及不能准确识别颜色的考生,,,,,501,36812,,,,,,501,36812,,,,,,,,,本科,,,,,
8376595,海南,本科批,物理,,X707423,专业组02,云南民族大学,ECA4,通信工程,,,,,,576,16888,,,,,,576,16888,,,,,,,,,本科,,,,,
8376596,海南,本科批,物理,,X707423,专业组02,云南民族大学,75D6,计算机科学与技术（不招不能准确识别颜色的考生思想政治（1门科目考生必须选考方可报）,不招不能准确识别颜色的考生思想政治（1门科目考生必须选考方可报,,,,,579,16225,,,,,,579,16225,,,,,,,,,本科,,,,,
8376597,海南,本科批,物理,,X707423,专业组04,云南民族大学,487F,民族学,,,,,,585,14905,,,,,,585,14905,,,,,,,,,本科,,,,,
8376598,海南,本科批,物理,,X707423,专业组01,云南民族大学,04A0,工商管理,,,,,,597,12551,,,,,,597,12551,,,,,,,,,本科,,,,,
8376599,海南,本科批,物理,,X707423,专业组03,云南民族大学,6AB9,经济学,,,,,,601,11844,,,,,,601,11844,,,,,,,,,本科,,,,,
8376600,海南,本科批,物理,,X707423,专业组03,云南民族大学,927B,法学,,,,,,606,10952,,,,,,606,10952,,,,,,,,,本科,,,,,
8376601,海南,本科批,物理,,X707423,专业组05,云南民族大学,D243,汉语言文学,,,,,,624,8163,,,,,,624,8163,,,,,,,,,本科,,,,,
8377406,海南,本科批,物理,,XE3A56F,专业组01,黑龙江中医药大学,F89C,生物技术,,,,,,477,43308,,,,,,477,43308,,,,,,,,,本科,,,,,
8377407,海南,本科批,物理,,XE3A56F,专业组01,黑龙江中医药大学,A784,中药制药,,,,,,477,43308,,,,,,477,43308,,,,,,,,,本科,,,,,
8377408,海南,本科批,物理,,XE3A56F,专业组01,黑龙江中医药大学,43D9,药物制剂,,,,,,478,43056,,,,,,478,43056,,,,,,,,,本科,,,,,
8377409,海南,本科批,物理,,XE3A56F,专业组01,黑龙江中医药大学,4C2A,中药学,,,,,,480,42524,,,,,,480,42524,,,,,,,,,本科,,,,,
8377410,海南,本科批,物理,,XE3A56F,专业组02,黑龙江中医药大学,4BF3,护理学,,,,,,588,14321,,,,,,588,14321,,,,,,,,,本科,,,,,
8377411,海南,本科批,物理,,XE3A56F,专业组03,黑龙江中医药大学,55D9,中医康复学,,,,,,596,12722,,,,,,596,12722,,,,,,,,,本科,,,,,
8377412,海南,本科批,物理,,XE3A56F,专业组03,黑龙江中医药大学,6246,针灸推拿学,,,,,,601,11844,,,,,,601,11844,,,,,,,,,本科,,,,,
8377413,海南,本科批,物理,,XE3A56F,专业组03,黑龙江中医药大学,5ED3,中西医临床医学,,,,,,606,10952,,,,,,606,10952,,,,,,,,,本科,,,,,
8377414,海南,本科批,物理,,XE3A56F,专业组03,黑龙江中医药大学,03FE,中医学,,,,,,609,10437,,,,,,609,10437,,,,,,,,,本科,,,,,
8377415,海南,本科批,物理,,XE3A56F,专业组03,黑龙江中医药大学,EA3D,中医学（5+3一体化）,5+3一体化,,,,,637,6498,,,,,,637,6498,,,,,,,,,本科,,,,,
8377884,海南,本科批,物理,,XD36A47,专业组03,湖南文理学院,B110,机械设计制造及其自动化（第一学年在大学城校区就读）,第一学年在大学城校区就读,,,,,555,21888,,,,,,555,21888,,,,,,,,,本科,,,,,
8377885,海南,本科批,物理,,XD36A47,专业组03,湖南文理学院,F1EB,机械电子工程（第一学年在大学城校区就读）,第一学年在大学城校区就读,,,,,555,21888,,,,,,555,21888,,,,,,,,,本科,,,,,
8377886,海南,本科批,物理,,XD36A47,专业组03,湖南文理学院,ECA4,通信工程,,,,,,555,21888,,,,,,555,21888,,,,,,,,,本科,,,,,
8377887,海南,本科批,物理,,XD36A47,专业组03,湖南文理学院,3C38,软件工程,,,,,,571,17978,,,,,,571,17978,,,,,,,,,本科,,,,,
8377888,海南,本科批,物理,,XD36A47,专业组03,湖南文理学院,B9A5,计算机科学与技术,,,,,,579,16225,,,,,,579,16225,,,,,,,,,本科,,,,,
8377889,海南,本科批,物理,,XD36A47,专业组02,湖南文理学院,CA0F,旅游管理,,,,,,594,13128,,,,,,594,13128,,,,,,,,,本科,,,,,
8377890,海南,本科批,物理,,XD36A47,专业组02,湖南文理学院,79A5,电子商务及法律（第一学年在大学城校区就读）,第一学年在大学城校区就读,,,,,595,12898,,,,,,595,12898,,,,,,,,,本科,,,,,
8377891,海南,本科批,物理,,XD36A47,专业组02,湖南文理学院,F4BC,新闻学（第一学年在大学城校区就读）,第一学年在大学城校区就读,,,,,600,12004,,,,,,600,12004,,,,,,,,,本科,,,,,
8377892,海南,本科批,物理,,XD36A47,专业组02,湖南文理学院,AD0D,法学（第一学年在大学城校区就读）,第一学年在大学城校区就读,,,,,606,10952,,,,,,606,10952,,,,,,,,,本科,,,,,
8377893,海南,本科批,物理,,XD36A47,专业组04,湖南文理学院,22A7,思想政治教育（师范类）（第一学年在大学城校区就读）,师范类; 第一学年在大学城校区就读,,,,,611,10110,,,,,,611,10110,,,,,,,,,本科,,,,,
8379712,海南,本科批,物理,,XD6D113,专业组03,兰州财经大学,76B9,统计学,,,,,,552,22661,,,,,,552,22661,,,,,,,,,本科,,,,,
8379713,海南,本科批,物理,,XD6D113,专业组03,兰州财经大学,F068,人工智能,,,,,,565,19373,,,,,,565,19373,,,,,,,,,本科,,,,,
8379714,海南,本科批,物理,,XD6D113,专业组01,兰州财经大学,8B36,翻译,,,,,,582,15570,,,,,,582,15570,,,,,,,,,本科,,,,,
8379715,海南,本科批,物理,,XD6D113,专业组01,兰州财经大学,090D,公共事业管理,,,,,,582,15570,,,,,,582,15570,,,,,,,,,本科,,,,,
8379716,海南,本科批,物理,,XD6D113,专业组01,兰州财经大学,2234,劳动与社会保障,,,,,,582,15570,,,,,,582,15570,,,,,,,,,本科,,,,,
8379717,海南,本科批,物理,,XD6D113,专业组02,兰州财经大学,16DF,金融工程,,,,,,582,15570,,,,,,582,15570,,,,,,,,,本科,,,,,
8379718,海南,本科批,物理,,XD6D113,专业组01,兰州财经大学,4869,投资学,,,,,,583,15317,,,,,,583,15317,,,,,,,,,本科,,,,,
8379719,海南,本科批,物理,,XD6D113,专业组01,兰州财经大学,92DB,知识产权,,,,,,583,15317,,,,,,583,15317,,,,,,,,,本科,,,,,
8379720,海南,本科批,物理,,XD6D113,专业组01,兰州财经大学,7FA1,供应链管理,,,,,,583,15317,,,,,,583,15317,,,,,,,,,本科,,,,,
8379721,海南,本科批,物理,,XD6D113,专业组01,兰州财经大学,C19A,人力资源管理,,,,,,583,15317,,,,,,583,15317,,,,,,,,,本科,,,,,
8379722,海南,本科批,物理,,XD6D113,专业组01,兰州财经大学,1049,商务英语,,,,,,583,15317,,,,,,583,15317,,,,,,,,,本科,,,,,
8379723,海南,本科批,物理,,XD6D113,专业组02,兰州财经大学,D681,信息管理与信息系统,,,,,,584,15113,,,,,,584,15113,,,,,,,,,本科,,,,,
8379724,海南,本科批,物理,,XD6D113,专业组02,兰州财经大学,BD59,金融科技,,,,,,584,15113,,,,,,584,15113,,,,,,,,,本科,,,,,
8379725,海南,本科批,物理,,XD6D113,专业组01,兰州财经大学,09EE,市场营销,,,,,,584,15113,,,,,,584,15113,,,,,,,,,本科,,,,,
8379726,海南,本科批,物理,,XD6D113,专业组01,兰州财经大学,0E54,保险学,,,,,,585,14905,,,,,,585,14905,,,,,,,,,本科,,,,,
8379727,海南,本科批,物理,,XD6D113,专业组01,兰州财经大学,0FBC,金融学,,,,,,586,14706,,,,,,586,14706,,,,,,,,,本科,,,,,
8379728,海南,本科批,物理,,XD6D113,专业组01,兰州财经大学,D243,汉语言文学,,,,,,587,14506,,,,,,587,14506,,,,,,,,,本科,,,,,
8379729,海南,本科批,物理,,XD6D113,专业组01,兰州财经大学,04A0,工商管理,,,,,,587,14506,,,,,,587,14506,,,,,,,,,本科,,,,,
8379730,海南,本科批,物理,,XD6D113,专业组01,兰州财经大学,6AB9,经济学,,,,,,587,14506,,,,,,587,14506,,,,,,,,,本科,,,,,
8379731,海南,本科批,物理,,XD6D113,专业组01,兰州财经大学,927B,法学,,,,,,592,13501,,,,,,592,13501,,,,,,,,,本科,,,,,
8380715,海南,本科批,物理,,XB71E19,专业组02,内蒙古医科大学,4BF3,护理学,,,,,,491,39563,,,,,,491,39563,,,,,,,,,本科,,,,,
8380716,海南,本科批,物理,,XB71E19,专业组01,内蒙古医科大学,6246,针灸推拿学,,,,,,580,15994,,,,,,580,15994,,,,,,,,,本科,,,,,
8380717,海南,本科批,物理,,XB71E19,专业组02,内蒙古医科大学,A39E,预防医学,,,,,,583,15317,,,,,,583,15317,,,,,,,,,本科,,,,,
8380718,海南,本科批,物理,,XB71E19,专业组01,内蒙古医科大学,03FE,中医学,,,,,,583,15317,,,,,,583,15317,,,,,,,,,本科,,,,,
8380719,海南,本科批,物理,,XB71E19,专业组02,内蒙古医科大学,97D0,临床医学,,,,,,585,14905,,,,,,585,14905,,,,,,,,,本科,,,,,
8381766,海南,本科批,物理,,X1053DD,专业组01,锦州医科大学,9656,医学影像学（不招色盲、色弱）,不招色盲、色弱,,,,,483,41779,,,,,,483,41779,,,,,,,,,本科,,,,,
8381767,海南,本科批,物理,,X1053DD,专业组01,锦州医科大学,B364,临床药学（不招色盲、色弱）,不招色盲、色弱,,,,,484,41507,,,,,,484,41507,,,,,,,,,本科,,,,,
8381768,海南,本科批,物理,,X1053DD,专业组01,锦州医科大学,D85B,临床医学（不招色盲、色弱）,不招色盲、色弱,,,,,526,29707,,,,,,526,29707,,,,,,,,,本科,,,,,
8381769,海南,本科批,物理,,X1053DD,专业组01,锦州医科大学,6DD1,护理学（不招色盲、色弱）,不招色盲、色弱,,,,,536,26922,,,,,,536,26922,,,,,,,,,本科,,,,,
8381770,海南,本科批,物理,,X1053DD,专业组01,锦州医科大学,9923,口腔医学（不招色盲、色弱）,不招色盲、色弱,,,,,543,24997,,,,,,543,24997,,,,,,,,,本科,,,,,
8382926,海南,本科批,物理,,X27D448,专业组02,辽宁中医药大学,F3A6,药物制剂（不招色盲、色弱；大连校区（第一学年本溪校区就读）,不招色盲、色弱；大连校区（第一学年本溪校区就读,,,,,553,22416,,,,,,553,22416,,,,,,,,,本科,,,,,
8382927,海南,本科批,物理,,X27D448,专业组02,辽宁中医药大学,3C60,中药制药（不招色盲、色弱；大连校区（第一学年本溪校区就读）,不招色盲、色弱；大连校区（第一学年本溪校区就读,,,,,559,20885,,,,,,559,20885,,,,,,,,,本科,,,,,
8382928,海南,本科批,物理,,X27D448,专业组02,辽宁中医药大学,A9DF,中药学（不招色盲、色弱；大连校区（第一学年本溪校区就读）,不招色盲、色弱；大连校区（第一学年本溪校区就读,,,,,566,19137,,,,,,566,19137,,,,,,,,,本科,,,,,
8382929,海南,本科批,物理,,X27D448,专业组01,辽宁中医药大学,6689,公共事业管理（沈阳校区（第一学年本溪校区就读）,沈阳校区（第一学年本溪校区就读,,,,,575,17087,,,,,,575,17087,,,,,,,,,本科,,,,,
8382930,海南,本科批,物理,,X27D448,专业组01,辽宁中医药大学,264A,英语（沈阳校区（第一学年本溪校区就读）,沈阳校区（第一学年本溪校区就读,,,,,575,17087,,,,,,575,17087,,,,,,,,,本科,,,,,
8382931,海南,本科批,物理,,X27D448,专业组02,辽宁中医药大学,6506,中医学（不招色盲、色弱；沈阳校区（第一学年本溪校区就读）,不招色盲、色弱；沈阳校区（第一学年本溪校区就读,,,,,579,16225,,,,,,579,16225,,,,,,,,,本科,,,,,
8383140,海南,本科批,物理,,X62E134,专业组01,河北北方学院,E017,医学检验技术（不招色盲、色弱）,不招色盲、色弱,,,,,521,31110,,,,,,521,31110,,,,,,,,,本科,,,,,
8383141,海南,本科批,物理,,X62E134,专业组01,河北北方学院,0943,中西医临床医学（不招色盲、色弱）,不招色盲、色弱,,,,,537,26650,,,,,,537,26650,,,,,,,,,本科,,,,,
8383142,海南,本科批,物理,,X62E134,专业组01,河北北方学院,C12C,中医学（不招色盲、色弱物理，化学（2门科目考生均须选考方可报）,不招色盲、色弱物理，化学（2门科目考生均须选考方可报,,,,,561,20364,,,,,,561,20364,,,,,,,,,本科,,,,,
8383143,海南,本科批,物理,,X62E134,专业组01,河北北方学院,9656,医学影像学（不招色盲、色弱）,不招色盲、色弱,,,,,567,18906,,,,,,567,18906,,,,,,,,,本科,,,,,
8383144,海南,本科批,物理,,X62E134,专业组01,河北北方学院,D85B,临床医学（不招色盲、色弱）,不招色盲、色弱,,,,,570,18200,,,,,,570,18200,,,,,,,,,本科,,,,,
8383779,海南,本科批,物理,,X2055EF,专业组80,广西中医药大学,1DEB,中药学（不招色盲、色弱）,不招色盲、色弱,,,,,548,23705,,,,,,548,23705,,,,,,,,,本科,,,,,
8383780,海南,本科批,物理,,X2055EF,专业组80,广西中医药大学,834C,药学（不招色盲、色弱）,不招色盲、色弱,,,,,563,19861,,,,,,563,19861,,,,,,,,,本科,,,,,
8383781,海南,本科批,物理,,X2055EF,专业组01,广西中医药大学,3EF1,健康服务与管理（不招色盲、色弱）,不招色盲、色弱,,,,,586,14706,,,,,,586,14706,,,,,,,,,本科,,,,,
8383782,海南,本科批,物理,,X2055EF,专业组02,广西中医药大学,B182,针灸推拿学（不招色盲、色弱）,不招色盲、色弱,,,,,599,12200,,,,,,599,12200,,,,,,,,,本科,,,,,
8383783,海南,本科批,物理,,X2055EF,专业组02,广西中医药大学,C924,中医学（不招色盲、色弱）,不招色盲、色弱,,,,,603,11475,,,,,,603,11475,,,,,,,,,本科,,,,,
8383784,海南,本科批,物理,,X2055EF,专业组02,广西中医药大学,9923,口腔医学（不招色盲、色弱）,不招色盲、色弱,,,,,619,8868,,,,,,619,8868,,,,,,,,,本科,,,,,
8383785,海南,本科批,物理,,X2055EF,专业组02,广西中医药大学,D85B,临床医学（不招色盲、色弱）,不招色盲、色弱,,,,,628,7623,,,,,,628,7623,,,,,,,,,本科,,,,,
8384229,海南,本科批,物理,,X71C3DA,专业组80,广西科技大学,D3F0,软件工程（中外合作办学）,中外合作办学,,,,,515,32818,,,,,,515,32818,,,,,,,,,本科,,,,,
8384230,海南,本科批,物理,,X71C3DA,专业组80,广西科技大学,3E68,机械工程（中外合作办学）,中外合作办学,,,,,519,31653,,,,,,519,31653,,,,,,,,,本科,,,,,
8384231,海南,本科批,物理,,X71C3DA,专业组04,广西科技大学,E017,医学检验技术（不招色盲、色弱）,不招色盲、色弱,,,,,538,26380,,,,,,538,26380,,,,,,,,,本科,,,,,
8384232,海南,本科批,物理,,X71C3DA,专业组02,广西科技大学,75BF,纺织工程,,,,,,559,20885,,,,,,559,20885,,,,,,,,,本科,,,,,
8384233,海南,本科批,物理,,X71C3DA,专业组02,广西科技大学,93E3,电子信息工程,,,,,,561,20364,,,,,,561,20364,,,,,,,,,本科,,,,,
8384234,海南,本科批,物理,,X71C3DA,专业组02,广西科技大学,D078,新能源汽车工程,,,,,,564,19597,,,,,,564,19597,,,,,,,,,本科,,,,,
8384235,海南,本科批,物理,,X71C3DA,专业组02,广西科技大学,5E49,食品科学与工程,,,,,,565,19373,,,,,,565,19373,,,,,,,,,本科,,,,,
8384236,海南,本科批,物理,,X71C3DA,专业组02,广西科技大学,8684,智能制造工程,,,,,,566,19137,,,,,,566,19137,,,,,,,,,本科,,,,,
8384237,海南,本科批,物理,,X71C3DA,专业组02,广西科技大学,3C38,软件工程,,,,,,579,16225,,,,,,579,16225,,,,,,,,,本科,,,,,
8384238,海南,本科批,物理,,X71C3DA,专业组03,广西科技大学,6DD1,护理学（不招色盲、色弱）,不招色盲、色弱,,,,,582,15570,,,,,,582,15570,,,,,,,,,本科,,,,,
8384239,海南,本科批,物理,,X71C3DA,专业组02,广西科技大学,49F2,自动化（173）,173,,,,,585,14905,,,,,,585,14905,,,,,,,,,本科,,,,,
8384240,海南,本科批,物理,,X71C3DA,专业组01,广西科技大学,04A0,工商管理,,,,,,595,12898,,,,,,595,12898,,,,,,,,,本科,,,,,
8384723,海南,本科批,物理,,XCC34DF,专业组02,北京信息科技大学,5936,质量管理工程,,,,,,629,7486,,,,,,629,7486,,,,,,,,,本科,,,,,
8384724,海南,本科批,物理,,XCC34DF,专业组03,北京信息科技大学,26A7,车辆工程,,,,,,630,7329,,,,,,630,7329,,,,,,,,,本科,,,,,
8384725,海南,本科批,物理,,XCC34DF,专业组03,北京信息科技大学,A687,光电信息科学与工程,,,,,,631,7228,,,,,,631,7228,,,,,,,,,本科,,,,,
8384726,海南,本科批,物理,,XCC34DF,专业组01,北京信息科技大学,C19A,人力资源管理,,,,,,637,6498,,,,,,637,6498,,,,,,,,,本科,,,,,
8384727,海南,本科批,物理,,XCC34DF,专业组03,北京信息科技大学,03B1,智能科学与技术,,,,,,639,6231,,,,,,639,6231,,,,,,,,,本科,,,,,
8384728,海南,本科批,物理,,XCC34DF,专业组01,北京信息科技大学,5D72,网络与新媒体,,,,,,641,6019,,,,,,641,6019,,,,,,,,,本科,,,,,
8385278,海南,本科批,物理,,X961AAD,专业组01,沈阳药科大学,A2F4,生物工程（不招色盲、色弱；南校区）,不招色盲、色弱；南校区,,,,,488,40419,,,,,,488,40419,,,,,,,,,本科,,,,,
8385279,海南,本科批,物理,,X961AAD,专业组01,沈阳药科大学,3F2C,食品科学与工程类（包含专业：食品科学与工程、食品质量与安全、葡萄与葡萄酒工程；不招色盲、色弱；南校区）,包含专业：食品科学与工程、食品质量与安全、葡萄与葡萄酒工程；不招色盲、色弱；南校区,,,,,520,31393,,,,,,520,31393,,,,,,,,,本科,,,,,
8385280,海南,本科批,物理,,X961AAD,专业组01,沈阳药科大学,A652,中药学类（包含专业：中药学、中药制药、中药资源与开发；不招色盲、色弱；南校区）,包含专业：中药学、中药制药、中药资源与开发；不招色盲、色弱；南校区,,,,,546,24228,,,,,,546,24228,,,,,,,,,本科,,,,,
8385281,海南,本科批,物理,,X961AAD,专业组01,沈阳药科大学,5A83,生物医学工程（不招色盲、色弱；南校区）,不招色盲、色弱；南校区,,,,,573,17552,,,,,,573,17552,,,,,,,,,本科,,,,,
8385282,海南,本科批,物理,,X961AAD,专业组01,沈阳药科大学,87F0,药物分析（不招色盲、色弱；南校区）,不招色盲、色弱；南校区,,,,,581,15788,,,,,,581,15788,,,,,,,,,本科,,,,,
8385283,海南,本科批,物理,,X961AAD,专业组01,沈阳药科大学,C871,制药工程（不招色盲、色弱；南校区）,不招色盲、色弱；南校区,,,,,613,9795,,,,,,613,9795,,,,,,,,,本科,,,,,
8385284,海南,本科批,物理,,X961AAD,专业组01,沈阳药科大学,4B01,药学（理科基地班）（不招色盲、色弱；校本部）,理科基地班; 不招色盲、色弱；校本部,,,,,637,6498,,,,,,637,6498,,,,,,,,,本科,,,,,
8386547,海南,本科批,物理,,X26BD73,专业组01,沈阳农业大学,A3E7,食品科学与工程（物理，化学（2门科目考生均须选考方可报）,物理，化学（2门科目考生均须选考方可报,,,,,489,40101,,,,,,489,40101,,,,,,,,,本科,,,,,
8386548,海南,本科批,物理,,X26BD73,专业组01,沈阳农业大学,D335,种子科学与工程,,,,,,503,36239,,,,,,503,36239,,,,,,,,,本科,,,,,
8386549,海南,本科批,物理,,X26BD73,专业组01,沈阳农业大学,C325,农学,,,,,,532,28031,,,,,,532,28031,,,,,,,,,本科,,,,,
8386550,海南,本科批,物理,,X26BD73,专业组01,沈阳农业大学,53B9,食品质量与安全,,,,,,537,26650,,,,,,537,26650,,,,,,,,,本科,,,,,
8386551,海南,本科批,物理,,X26BD73,专业组01,沈阳农业大学,7A1F,水产养殖学,,,,,,575,17087,,,,,,575,17087,,,,,,,,,本科,,,,,
8386828,海南,本科批,物理,,XCCE4F3,专业组02,黄冈师范学院,3C38,软件工程,,,,,,529,28875,,,,,,529,28875,,,,,,,,,本科,,,,,
8386829,海南,本科批,物理,,XCCE4F3,专业组02,黄冈师范学院,591B,计算机科学与技术（师范类专业）,师范类专业,,,,,530,28572,,,,,,530,28572,,,,,,,,,本科,,,,,
8386830,海南,本科批,物理,,XCCE4F3,专业组01,黄冈师范学院,CA0F,旅游管理,,,,,,566,19137,,,,,,566,19137,,,,,,,,,本科,,,,,
8386963,海南,本科批,物理,,X570775,专业组01,蚌埠医科大学,6DD1,护理学（不招色盲、色弱）,不招色盲、色弱,,,,,585,14905,,,,,,585,14905,,,,,,,,,本科,,,,,
8388274,海南,本科批,物理,,XB3158C,专业组01,安庆师范大学,25DE,国际经济与贸易,,,,,,588,14321,,,,,,588,14321,,,,,,,,,本科,,,,,
8388275,海南,本科批,物理,,XB3158C,专业组01,安庆师范大学,E266,新闻传播学类（包含专业：广播电视学、新闻学、网络与新媒体）,包含专业：广播电视学、新闻学、网络与新媒体,,,,,592,13501,,,,,,592,13501,,,,,,,,,本科,,,,,
8388841,海南,本科批,物理,,XE29E06,专业组02,天津农学院,7A1F,水产养殖学,,,,,,483,41779,,,,,,483,41779,,,,,,,,,本科,,,,,
8388842,海南,本科批,物理,,XE29E06,专业组02,天津农学院,3C38,软件工程,,,,,,531,28298,,,,,,531,28298,,,,,,,,,本科,,,,,
8388843,海南,本科批,物理,,XE29E06,专业组02,天津农学院,87D8,海洋渔业科学与技术,,,,,,544,24716,,,,,,544,24716,,,,,,,,,本科,,,,,
8388844,海南,本科批,物理,,XE29E06,专业组01,天津农学院,09EE,市场营销,,,,,,569,18472,,,,,,569,18472,,,,,,,,,本科,,,,,
8388845,海南,本科批,物理,,XE29E06,专业组01,天津农学院,CA0F,旅游管理,,,,,,569,18472,,,,,,569,18472,,,,,,,,,本科,,,,,
8388846,海南,本科批,物理,,XE29E06,专业组01,天津农学院,7288,文化产业管理,,,,,,569,18472,,,,,,569,18472,,,,,,,,,本科,,,,,
8388847,海南,本科批,物理,,XE29E06,专业组01,天津农学院,090D,公共事业管理,,,,,,570,18200,,,,,,570,18200,,,,,,,,,本科,,,,,
8388848,海南,本科批,物理,,XE29E06,专业组01,天津农学院,FBFE,物流管理,,,,,,570,18200,,,,,,570,18200,,,,,,,,,本科,,,,,
8388849,海南,本科批,物理,,XE29E06,专业组01,天津农学院,5D72,网络与新媒体,,,,,,571,17978,,,,,,571,17978,,,,,,,,,本科,,,,,
8388850,海南,本科批,物理,,XE29E06,专业组01,天津农学院,C19A,人力资源管理,,,,,,571,17978,,,,,,571,17978,,,,,,,,,本科,,,,,
8388851,海南,本科批,物理,,XE29E06,专业组03,天津农学院,6E5A,园林,,,,,,574,17335,,,,,,574,17335,,,,,,,,,本科,,,,,
8388852,海南,本科批,物理,,XE29E06,专业组01,天津农学院,5E19,会计学,,,,,,580,15994,,,,,,580,15994,,,,,,,,,本科,,,,,
8389787,海南,本科批,物理,,X406B60,专业组02,内蒙古民族大学,C325,农学,,,,,,476,43585,,,,,,476,43585,,,,,,,,,本科,,,,,
8389788,海南,本科批,物理,,X406B60,专业组03,内蒙古民族大学,0541,生物科学,,,,,,513,33405,,,,,,513,33405,,,,,,,,,本科,,,,,
8389789,海南,本科批,物理,,X406B60,专业组02,内蒙古民族大学,FEF6,材料成型及控制工程,,,,,,527,29380,,,,,,527,29380,,,,,,,,,本科,,,,,
8389790,海南,本科批,物理,,X406B60,专业组04,内蒙古民族大学,DBB2,历史学（师范类）,师范类,,,,,575,17087,,,,,,575,17087,,,,,,,,,本科,,,,,
8389791,海南,本科批,物理,,X406B60,专业组01,内蒙古民族大学,927B,法学,,,,,,584,15113,,,,,,584,15113,,,,,,,,,本科,,,,,
8390310,海南,本科批,物理,,XBDFA18,专业组80,北京体育大学,D4A6,休闲体育（中外合作办学）（办学地点在海南陵水黎安国际教育创新试验区，此专业为高收费专业；不需要体育统考成绩；仅录取填报该专业志愿的考生；英语授课；英语单科成绩不低于105分（150分制）,中外合作办学; 办学地点在海南陵水黎安国际教育创新试验区，此专业为高收费专业；不需要体育统考成绩；仅录取填报该专业志愿的考生；英语授课；英语单科成绩不低于105分（150分制,,,,,533,27726,,,,,,533,27726,,,,,,,,,本科,,,,,
8390311,海南,本科批,物理,,XBDFA18,专业组80,北京体育大学,E4F2,旅游管理（中外合作办学）（办学地点在海南陵水黎安国际教育创新试验区，此专业为高收费专业；仅录取填报该专业志愿的考生；英语授课；英语单科成绩不低于105分（150分制）,中外合作办学; 办学地点在海南陵水黎安国际教育创新试验区，此专业为高收费专业；仅录取填报该专业志愿的考生；英语授课；英语单科成绩不低于105分（150分制,,,,,550,23151,,,,,,550,23151,,,,,,,,,本科,,,,,
8390312,海南,本科批,物理,,XBDFA18,专业组04,北京体育大学,403D,康复物理治疗（不招色盲、色弱）,不招色盲、色弱,,,,,645,5610,,,,,,645,5610,,,,,,,,,本科,,,,,
8390313,海南,本科批,物理,,XBDFA18,专业组03,北京体育大学,744D,运动人体科学（不招色盲、色弱）,不招色盲、色弱,,,,,648,5279,,,,,,648,5279,,,,,,,,,本科,,,,,
8390314,海南,本科批,物理,,XBDFA18,专业组02,北京体育大学,CA0F,旅游管理,,,,,,653,4781,,,,,,653,4781,,,,,,,,,本科,,,,,
8390315,海南,本科批,物理,,XBDFA18,专业组04,北京体育大学,4023,数据科学与大数据技术（不能准确识别红、黄、绿、兰、紫各种颜色中任何一种颜色的导线、按键、信号灯、几何图形者，不予录取）,不能准确识别红、黄、绿、兰、紫各种颜色中任何一种颜色的导线、按键、信号灯、几何图形者，不予录取,,,,,654,4713,,,,,,654,4713,,,,,,,,,本科,,,,,
8390316,海南,本科批,物理,,XBDFA18,专业组05,北京体育大学,D6BD,马克思主义理论,,,,,,655,4593,,,,,,655,4593,,,,,,,,,本科,,,,,
8390317,海南,本科批,物理,,XBDFA18,专业组02,北京体育大学,2FB6,公共事业管理（不能准确识别红、黄、绿、兰、紫各种颜色中任何一种颜色的导线、按键、信号灯、几何图形者，不予录取）,不能准确识别红、黄、绿、兰、紫各种颜色中任何一种颜色的导线、按键、信号灯、几何图形者，不予录取,,,,,657,4421,,,,,,657,4421,,,,,,,,,本科,,,,,
8390318,海南,本科批,物理,,XBDFA18,专业组02,北京体育大学,15F9,体育经济与管理（不能准确识别红、黄、绿、兰、紫各种颜色中任何一种颜色的导线、按键、信号灯、几何图形者，不予录取）,不能准确识别红、黄、绿、兰、紫各种颜色中任何一种颜色的导线、按键、信号灯、几何图形者，不予录取,,,,,660,4172,,,,,,660,4172,,,,,,,,,本科,,,,,
8390319,海南,本科批,物理,,XBDFA18,专业组02,北京体育大学,4145,英语,,,,,,660,4172,,,,,,660,4172,,,,,,,,,本科,,,,,
8390320,海南,本科批,物理,,XBDFA18,专业组02,北京体育大学,A615,汉语国际教育,,,,,,662,3996,,,,,,662,3996,,,,,,,,,本科,,,,,
8390321,海南,本科批,物理,,XBDFA18,专业组03,北京体育大学,4574,运动康复,,,,,,664,3845,,,,,,664,3845,,,,,,,,,本科,,,,,
8390322,海南,本科批,物理,,XBDFA18,专业组02,北京体育大学,5D72,网络与新媒体,,,,,,669,3468,,,,,,669,3468,,,,,,,,,本科,,,,,
8390323,海南,本科批,物理,,XBDFA18,专业组02,北京体育大学,68F4,新闻学,,,,,,670,3396,,,,,,670,3396,,,,,,,,,本科,,,,,
8390324,海南,本科批,物理,,XBDFA18,专业组03,北京体育大学,FBF9,应用心理学（不招色盲、色弱）,不招色盲、色弱,,,,,675,3055,,,,,,675,3055,,,,,,,,,本科,,,,,
8391158,海南,专科批,物理,,XA63442,专业组02,广东轻工职业技术大学,97F6,生物制药技术,,,,,,550,23151,,,,,,550,23151,,,,,,,,,专科,,,,,
8391159,海南,专科批,物理,,XA63442,专业组80,广东轻工职业技术大学,F9C7,应用英语,,,,,,553,22416,,,,,,553,22416,,,,,,,,,专科,,,,,
8391160,海南,专科批,物理,,XA63442,专业组80,广东轻工职业技术大学,D7E2,大数据与审计,,,,,,554,22142,,,,,,554,22142,,,,,,,,,专科,,,,,
8391161,海南,专科批,物理,,XA63442,专业组03,广东轻工职业技术大学,C54A,新能源汽车技术,,,,,,555,21888,,,,,,555,21888,,,,,,,,,专科,,,,,
8391162,海南,专科批,物理,,XA63442,专业组80,广东轻工职业技术大学,1049,商务英语,,,,,,555,21888,,,,,,555,21888,,,,,,,,,专科,,,,,
8391163,海南,专科批,物理,,XA63442,专业组03,广东轻工职业技术大学,BFA9,机械制造及自动化,,,,,,555,21888,,,,,,555,21888,,,,,,,,,专科,,,,,
8391164,海南,专科批,物理,,XA63442,专业组02,广东轻工职业技术大学,7FC8,化工生物技术,,,,,,602,11656,,,,,,602,11656,,,,,,,,,专科,,,,,
8391610,海南,本科批,物理,,XD6EA12,专业组02,盐城师范学院,16DF,金融工程,,,,,,564,19597,,,,,,564,19597,,,,,,,,,本科,,,,,
8391611,海南,本科批,物理,,XD6EA12,专业组01,盐城师范学院,090D,公共事业管理,,,,,,568,18658,,,,,,568,18658,,,,,,,,,本科,,,,,
8391612,海南,本科批,物理,,XD6EA12,专业组01,盐城师范学院,09EE,市场营销,,,,,,570,18200,,,,,,570,18200,,,,,,,,,本科,,,,,
8392097,海南,本科批,物理,,XE57D49,专业组01,甘肃农业大学,2638,植物保护,,,,,,476,43585,,,,,,476,43585,,,,,,,,,本科,,,,,
8392098,海南,本科批,物理,,XE57D49,专业组01,甘肃农业大学,67E2,林学,,,,,,477,43308,,,,,,477,43308,,,,,,,,,本科,,,,,
8392998,海南,本科批,物理,,X42A4C7,专业组01,贵州中医药大学,3B8E,中药学（患有轻度色觉异常（俗称色弱）、色觉异常II度（俗称色盲）或不能准确识别红、黄、绿、蓝、紫各种颜色中任何一种颜色的导线、按键、信号灯、几何图形者不能报考该专业）,患有轻度色觉异常（俗称色弱; 俗称色盲,,,,,548,23705,,,,,,548,23705,,,,,,,,,本科,,,,,
8392999,海南,本科批,物理,,X42A4C7,专业组01,贵州中医药大学,24C5,针灸推拿学（患有轻度色觉异常（俗称色弱）、色觉异常II度紫各种颜色中任何一种颜色的导线、按键、信号灯、几何图形者不能报考该专业（俗称色盲）或不能准确识别红、黄、绿、蓝、）,患有轻度色觉异常（俗称色弱; 俗称色盲,,,,,560,20621,,,,,,560,20621,,,,,,,,,本科,,,,,
8393000,海南,本科批,物理,,X42A4C7,专业组01,贵州中医药大学,BFA7,中西医临床医学（患有轻度色觉异常（俗称色弱）、色觉异常II度紫各种颜色中任何一种颜色的导线、按键、信号灯、几何图形者不能报考该专业（俗称色盲）或不能准确识别红、黄、绿、蓝、）,患有轻度色觉异常（俗称色弱; 俗称色盲,,,,,570,18200,,,,,,570,18200,,,,,,,,,本科,,,,,
8393001,海南,本科批,物理,,X42A4C7,专业组01,贵州中医药大学,C94E,中医学（患有��度色觉异常（俗称色弱）、色觉异常II度（俗称色盲）或不能准确识别红、黄、绿、蓝、紫各种颜色中任何一种颜色的导线、按键、信号灯、几何图形者不能报考该专业）,患有��度色觉异常（俗称色弱; 俗称色盲,,,,,593,13321,,,,,,593,13321,,,,,,,,,本科,,,,,
8393696,海南,本科提前批,物理,,X44024C,专业组02,陆军工程大学,EC16,道路桥梁与渡河工程（学籍培养目标：机动保障工程与指挥）（语种：英语）（指挥类）（男）,学籍培养目标：机动保障工程与指挥; 语种：英语; 指挥类; 男,,,,,610,10279,,,,,,610,10279,,,,,,,,,本科,,,,,
8393697,海南,本科批,物理,,X44024C,专业组04,陆军工程大学,120A,电气工程及其自动化（全国人防电力工程及自动化技术工程师）,全国人防电力工程及自动化技术工程师,,,,,614,9643,,,,,,614,9643,,,,,,,,,本科,,,,,
8393698,海南,本科批,物理,,X44024C,专业组03,陆军工程大学,088D,工程管理（全国人防建筑施工组织管理与监理工程师）,全国人防建筑施工组织管理与监理工程师,,,,,620,8717,,,,,,620,8717,,,,,,,,,本科,,,,,
8393699,海南,本科提前批,物理,,X44024C,专业组02,陆军工程大学,1388,飞行器设计与工程（学籍培养目标：航空机务技术与指挥）（语种：英语）（非指挥类）（男）,学籍培养目标：航空机务技术与指挥; 语种：英语; 非指挥类; 男,,,,,621,8571,,,,,,621,8571,,,,,,,,,本科,,,,,
8393700,海南,本科提前批,物理,,X44024C,专业组02,陆军工程大学,BAC6,通信工程（学籍培养目标：战场机动通信技术与指挥）（语种：英语）（指技融合）（男）,学籍培养目标：战场机动通信技术与指挥; 语种：英语; 指技融合; 男,,,,,625,8008,,,,,,625,8008,,,,,,,,,本科,,,,,
8393701,海南,本科提前批,物理,,X44024C,专业组02,陆军工程大学,9F03,网络工程（学籍培养目标：战场机动通信技术与指挥）（语种：英语）（指挥类）（男）,学籍培养目标：战场机动通信技术与指挥; 语种：英语; 指挥类; 男,,,,,628,7623,,,,,,628,7623,,,,,,,,,本科,,,,,
8393702,海南,本科提前批,物理,,X44024C,专业组02,陆军工程大学,32CF,弹药工程与爆炸技术（学籍培养目标：弹药技术）（语种：英语）（非指挥类）（男）,学籍培养目标：弹药技术; 语种：英语; 非指挥类; 男,,,,,631,7228,,,,,,631,7228,,,,,,,,,本科,,,,,
8393703,海南,本科提前批,物理,,X44024C,专业组01,陆军工程大学,A455,无人系统工程（学籍培养目标：无人机运用与指挥）（语种：英语）（指挥类）（男）,学籍培养目标：无人机运用与指挥; 语种：英语; 指挥类; 男,,,,,637,6498,,,,,,637,6498,,,,,,,,,本科,,,,,
8393704,海南,本科批,物理,,X44024C,专业组04,陆军工程大学,EF04,网络工程（全国人防指挥自动化技术工程师）,全国人防指挥自动化技术工程师,,,,,654,4713,,,,,,654,4713,,,,,,,,,本科,,,,,
8395181,海南,专科批,物理,,X70B031,专业组04,河北科技工程职业技术大学,9F6A,全媒体广告策划与营销,,,,,,463,46819,,,,,,463,46819,,,,,,,,,专科,,,,,
8395182,海南,专科批,物理,,X70B031,专业组04,河北科技工程职业技术大学,09EE,市场营销,,,,,,466,46079,,,,,,466,46079,,,,,,,,,专科,,,,,
8395183,海南,专科批,物理,,X70B031,专业组04,河北科技工程职业技术大学,E4CF,财富管理,,,,,,467,45840,,,,,,467,45840,,,,,,,,,专科,,,,,
8395184,海南,专科批,物理,,X70B031,专业组04,河北科技工程职业技术大学,2B56,建筑设计,,,,,,468,45588,,,,,,468,45588,,,,,,,,,专科,,,,,
8395185,海南,专科批,物理,,X70B031,专业组04,河北科技工程职业技术大学,4154,电子商务,,,,,,469,45332,,,,,,469,45332,,,,,,,,,专科,,,,,
8395186,海南,专科批,物理,,X70B031,专业组04,河北科技工程职业技术大学,15CA,应用化工技术,,,,,,493,39015,,,,,,493,39015,,,,,,,,,专科,,,,,
8395187,海南,专科批,物理,,X70B031,专业组04,河北科技工程职业技术大学,71B7,人工智能技术应用,,,,,,502,36510,,,,,,502,36510,,,,,,,,,专科,,,,,
8395188,海南,本科批,物理,,X70B031,专业组03,河北科技工程职业技术大学,BC9D,生态环境工程技术,,,,,,514,33109,,,,,,514,33109,,,,,,,,,本科,,,,,
8395189,海南,本科批,物理,,X70B031,专业组01,河北科技工程职业技术大学,995B,现代物流管理,,,,,,557,21396,,,,,,557,21396,,,,,,,,,本科,,,,,
8395190,海南,本科批,物理,,X70B031,专业组01,河北科技工程职业技术大学,163F,大数据与财务管理,,,,,,559,20885,,,,,,559,20885,,,,,,,,,本科,,,,,
8395191,海南,本科批,物理,,X70B031,专业组02,河北科技工程职业技术大学,6995,网络工程,,,,,,566,19137,,,,,,566,19137,,,,,,,,,本科,,,,,
8395192,海南,本科批,物理,,X70B031,专业组02,河北科技工程职业技术大学,F11A,机器人工程,,,,,,566,19137,,,,,,566,19137,,,,,,,,,本科,,,,,
8395193,海南,本科批,物理,,X70B031,专业组02,河北科技工程职业技术大学,3C38,软件工程,,,,,,566,19137,,,,,,566,19137,,,,,,,,,本科,,,,,
8395194,海南,本科批,物理,,X70B031,专业组02,河北科技工程职业技术大学,2566,机械电子工程技术,,,,,,567,18906,,,,,,567,18906,,,,,,,,,本科,,,,,
8395195,海南,本科批,物理,,X70B031,专业组02,河北科技工程职业技术大学,8684,智能制造工程,,,,,,571,17978,,,,,,571,17978,,,,,,,,,本科,,,,,
8395196,海南,本科批,物理,,X70B031,专业组02,河北科技工程职业技术大学,A5B7,电气工程及其自动化,,,,,,578,16442,,,,,,578,16442,,,,,,,,,本科,,,,,
8395662,海南,本科批,物理,,X07A35B,专业组05,上海体育大学,19DF,医学技术类（运动健康）（包含专业：运动人体科学、运动康复、运动与心理学公共健康、运动能力开发、康复治疗学、应用）,运动健康; 包含专业：运动人体科学、运动康复、运动与心理学公共健康、运动能力开发、康复治疗学、应用,,,,,574,17335,,,,,,574,17335,,,,,,,,,本科,,,,,
8395663,海南,本科批,物理,,X07A35B,专业组04,上海体育大学,68F4,新闻学,,,,,,632,7099,,,,,,632,7099,,,,,,,,,本科,,,,,
8397650,海南,本科批,物理,,X86CF2F,专业组03,武汉体育学院,D681,信息管理与信息系统,,,,,,574,17335,,,,,,574,17335,,,,,,,,,本科,,,,,
8397651,海南,本科批,物理,,X86CF2F,专业组02,武汉体育学院,2242,广播电视编导,,,,,,579,16225,,,,,,579,16225,,,,,,,,,本科,,,,,
8397652,海南,本科批,物理,,X86CF2F,专业组02,武汉体育学院,6C71,英语（英语单科成绩不低于90分（150分制）,英语单科成绩不低于90分（150分制,,,,,589,14092,,,,,,589,14092,,,,,,,,,本科,,,,,
8399382,海南,本科批,物理,,X20FFD4,专业组01,北京大学医学部,B139,临床医学（本博连读（不招色盲、色弱）,本博连读（不招色盲、色弱,,,,,836,30,,,,,,836,30,,,,,,,,,本科,,,,,
8399383,海南,本科批,物理,,X20FFD4,专业组01,北京大学医学部,B9E2,口腔医学（本博连读（不招色盲、色弱）,本博连读（不招色盲、色弱,,,,,844,23,,,,,,844,23,,,,,,,,,本科,,,,,
8400833,海南,本科批,物理,,X8AB0C4,专业组01,中国石油大学（北京）克拉玛依校区,38B5,能源化学工程,,,,,,612,9934,,,,,,612,9934,,,,,,,,,本科,,,,,
8400834,海南,本科批,物理,,X8AB0C4,专业组01,中国石油大学（北京）克拉玛依校区,12CD,油气储运工程,,,,,,615,9467,,,,,,615,9467,,,,,,,,,本科,,,,,
8400835,海南,本科批,物理,,X8AB0C4,专业组01,中国石油大学（北京）克拉玛依校区,D6ED,化学工程与工艺,,,,,,619,8868,,,,,,619,8868,,,,,,,,,本科,,,,,
8402069,海南,本科批,物理,,X60F053,专业组03,北京印刷学院,81C5,包装工程（不招色盲、色弱）,不招色盲、色弱,,,,,565,19373,,,,,,565,19373,,,,,,,,,本科,,,,,
8402070,海南,本科批,物理,,X60F053,专业组03,北京印刷学院,C00F,印刷工程（不招色盲、色弱）,不招色盲、色弱,,,,,567,18906,,,,,,567,18906,,,,,,,,,本科,,,,,
8402071,海南,本科批,物理,,X60F053,专业组02,北京印刷学院,A127,编辑出版学（韬奋实验班）,韬奋实验班,,,,,621,8571,,,,,,621,8571,,,,,,,,,本科,,,,,
8402072,海南,本科批,物理,,X60F053,专业组02,北京印刷学院,4EBD,数字出版,,,,,,622,8436,,,,,,622,8436,,,,,,,,,本科,,,,,
8402073,海南,本科批,物理,,X60F053,专业组02,北京印刷学院,0E3B,编辑出版学,,,,,,625,8008,,,,,,625,8008,,,,,,,,,本科,,,,,
8404339,海南,专科批,物理,,X29F28C,专业组02,重庆工业职业技术大学,423E,机械设计制造类（包含专业：机械设计与制造、数字化设计与制造技术、数控技术、智能焊接技术、模具设计与制造）,包含专业：机械设计与制造、数字化设计与制造技术、数控技术、智能焊接技术、模具设计与制造,,,,,502,36510,,,,,,502,36510,,,,,,,,,专科,,,,,
8404340,海南,专科批,物理,,X29F28C,专业组01,重庆工业职业技术大学,09EE,市场营销,,,,,,503,36239,,,,,,503,36239,,,,,,,,,专科,,,,,
8404341,海南,专科批,物理,,X29F28C,专业组01,重庆工业职业技术大学,1B6D,汽车制造类（包含专业：汽车制造与试验技术、新能源汽车技术、汽车电子技术、智能网联汽车技术）,包含专业：汽车制造与试验技术、新能源汽车技术、汽车电子技术、智能网联汽车技术,,,,,506,35366,,,,,,506,35366,,,,,,,,,专科,,,,,
8404342,海南,专科批,物理,,X29F28C,专业组01,重庆工业职业技术大学,4154,电子商务,,,,,,507,35056,,,,,,507,35056,,,,,,,,,专科,,,,,
8404343,海南,专科批,物理,,X29F28C,专业组01,重庆工业职业技术大学,88BF,电子信息类（包含专业：物联网应用技术、应用电子技术、移动互联应用技术）,包含专业：物联网应用技术、应用电子技术、移动互联应用技术,,,,,508,34786,,,,,,508,34786,,,,,,,,,专科,,,,,
8404344,海南,专科批,物理,,X29F28C,专业组02,重庆工业职业技术大学,2C39,自动化类（包含专业：智能控制技术、工业机器人技术、电气自动化技术）,包含专业：智能控制技术、工业机器人技术、电气自动化技术,,,,,514,33109,,,,,,514,33109,,,,,,,,,专科,,,,,
8404345,海南,专科批,物理,,X29F28C,专业组01,重庆工业职业技术大学,050B,计算机类（包含专业：软件技术、大数据技术、云计算技术应用、信息安全技术应用、人工智能技术应用）,包含专业：软件技术、大数据技术、云计算技术应用、信息安全技术应用、人工智能技术应用,,,,,514,33109,,,,,,514,33109,,,,,,,,,专科,,,,,
8404346,海南,专科批,物理,,X29F28C,专业组01,重庆工业职业技术大学,722E,大数据与会计,,,,,,516,32517,,,,,,516,32517,,,,,,,,,专科,,,,,
8407856,海南,本科批,物理,,XD1B1A2,专业组01,长春汽车职业技术大学,0CE8,机器人技术,,,,,,559,20885,,,,,,559,20885,,,,,,,,,本科,,,,,
8407857,海南,本科批,物理,,XD1B1A2,专业组01,长春汽车职业技术大学,9F3E,物流工程技术,,,,,,559,20885,,,,,,559,20885,,,,,,,,,本科,,,,,
8407858,海南,本科批,物理,,XD1B1A2,专业组01,长春汽车职业技术大学,7FBD,智能网联汽车工程技术,,,,,,560,20621,,,,,,560,20621,,,,,,,,,本科,,,,,
8407859,海南,本科批,物理,,XD1B1A2,专业组01,长春汽车职业技术大学,677D,汽车服务工程,,,,,,561,20364,,,,,,561,20364,,,,,,,,,本科,,,,,
8407860,海南,本科批,物理,,XD1B1A2,专业组01,长春汽车职业技术大学,78FF,机械设计制造及其自动化,,,,,,564,19597,,,,,,564,19597,,,,,,,,,本科,,,,,
8407861,海南,本科批,物理,,XD1B1A2,专业组01,长春汽车职业技术大学,C54A,新能源汽车技术,,,,,,570,18200,,,,,,570,18200,,,,,,,,,本科,,,,,
8407933,海南,本科批,物理,,X40320C,专业组02,贵阳康养职业大学,BE91,医学检验技术,,,,,,537,26650,,,,,,537,26650,,,,,,,,,本科,,,,,
8407934,海南,本科批,物理,,X40320C,专业组02,贵阳康养职业大学,6E38,药品质量管理,,,,,,537,26650,,,,,,537,26650,,,,,,,,,本科,,,,,
8407935,海南,本科批,物理,,X40320C,专业组02,贵阳康养职业大学,4C2A,中药学,,,,,,548,23705,,,,,,548,23705,,,,,,,,,本科,,,,,
8407936,海南,本科批,物理,,X40320C,专业组01,贵阳康养职业大学,2DDF,医学影像技术,,,,,,564,19597,,,,,,564,19597,,,,,,,,,本科,,,,,
8407937,海南,本科批,物理,,X40320C,专业组01,贵阳康养职业大学,64DD,眼视光技术,,,,,,564,19597,,,,,,564,19597,,,,,,,,,本科,,,,,
8409477,海南,专科批,物理,,XC62C06,专业组03,兰州石化职业技术大学,6481,分析检验技术,,,,,,525,29966,,,,,,525,29966,,,,,,,,,专科,,,,,
8409478,海南,本科批,物理,,XC62C06,专业组02,兰州石化职业技术大学,1E2A,安全工程技术,,,,,,526,29707,,,,,,526,29707,,,,,,,,,本科,,,,,
8409479,海南,专科批,物理,,XC62C06,专业组03,兰州石化职业技术大学,5C71,电气自动化技术,,,,,,539,26094,,,,,,539,26094,,,,,,,,,专科,,,,,
8409480,海南,本科批,物理,,XC62C06,专业组01,兰州石化职业技术大学,23BF,人工智能工程技术,,,,,,560,20621,,,,,,560,20621,,,,,,,,,本科,,,,,
