id,生源地,批次,科类,选科限制,院校代码,专业组代码,院校名称,专业代码,专业名称,专业备注,学制,学费,计划数,新增专业,录取最低分,录取最低位次,专业组最低分,专业组最低位次,专业组最低分.1,专业组最低位次.1,计划数.1,最低分,最低位次,计划数.2,最低分.1,最低位次.1,计划数.3,最低分.2,最低位次.2,所在省,城市,本科/专科,隶属单位,院校标签,类型,公私性质,院校水平
8000463,北京,本科批,物理,,XE3E6F6,专业组01,湖北汽车工业学院,26A7,车辆工程,,,,,,473,38024,,,,,,473,38024,,,,,,,,,本科,,,,,
8000846,北京,本科批,物理,,X4B1FD0,专业组02,井冈山大学,78FF,机械设计制造及其自动化,,,,,,478,36997,,,,,,478,36997,,,,,,,,,本科,,,,,
8000847,北京,本科批,物理,,X4B1FD0,专业组02,井冈山大学,B9A5,计算机科学与技术,,,,,,483,35931,,,,,,483,35931,,,,,,,,,本科,,,,,
8000848,北京,本科批,物理,,X4B1FD0,专业组01,井冈山大学,E042,经济与金融,,,,,,485,35549,,,,,,485,35549,,,,,,,,,本科,,,,,
8000849,北京,本科批,物理,,X4B1FD0,专业组01,井冈山大学,5E19,会计学,,,,,,486,35338,,,,,,486,35338,,,,,,,,,本科,,,,,
8000850,北京,本科批,物理,,X4B1FD0,专业组02,井冈山大学,CC9A,临床医学（五年）,五年,,,,,500,32208,,,,,,500,32208,,,,,,,,,本科,,,,,
8001425,北京,本科批,物理,,XDA307D,专业组01,中原工学院,9B5C,测控技术与仪器（中外合作办学）（（专业办学地点:龙湖校区）,中外合作办学; （专业办学地点:龙湖校区,,,,,435,44789,,,,,,435,44789,,,,,,,,,本科,,,,,
8001426,北京,本科批,物理,,XDA307D,专业组01,中原工学院,AC14,软件工程（中外合作办学）（（专业办学地点:龙湖校区）,中外合作办学; （专业办学地点:龙湖校区,,,,,436,44652,,,,,,436,44652,,,,,,,,,本科,,,,,
8001427,北京,本科批,物理,,XDA307D,专业组01,中原工学院,A91A,电气工程及其自动化（中外合作办学）（（专业办学地点:龙湖校区）,中外合作办学; （专业办学地点:龙湖校区,,,,,447,42846,,,,,,447,42846,,,,,,,,,本科,,,,,
8001918,北京,本科批,物理,,X7F825D,专业组01,衡阳师范学院,CC63,新闻学（办学地点:东校区）,办学地点:东校区,,,,,482,36158,,,,,,482,36158,,,,,,,,,本科,,,,,
8001919,北京,本科批,物理,,X7F825D,专业组01,衡阳师范学院,22D9,汉语言文学（师范）（（办学地点:西校区）,师范; （办学地点:西校区,,,,,482,36158,,,,,,482,36158,,,,,,,,,本科,,,,,
8001920,北京,本科批,物理,,X7F825D,专业组02,衡阳师范学院,C610,地理科学（师范）（（办学地点:东校区）,师范; （办学地点:东校区,,,,,487,35128,,,,,,487,35128,,,,,,,,,本科,,,,,
8002433,北京,本科批,物理,,X8645C5,专业组02,南阳师范学院,5F69,金融工程（专业办学地点:卧龙岗校区）,专业办学地点:卧龙岗校区,,,,,476,37407,,,,,,476,37407,,,,,,,,,本科,,,,,
8002434,北京,本科批,物理,,X8645C5,专业组01,南阳师范学院,74D5,汉语国际教育（师范）（（专业办学地点:卧龙岗校区）,师范; （专业办学地点:卧龙岗校区,,,,,484,35756,,,,,,484,35756,,,,,,,,,本科,,,,,
8002435,北京,本科批,物理,,X8645C5,专业组01,南阳师范学院,FF33,英语（师范）（只招英语考生）（专业办学地点:卧龙岗校区）,师范; 只招英语考生; 专业办学地点:卧龙岗校区,,,,,485,35549,,,,,,485,35549,,,,,,,,,本科,,,,,
8003334,北京,本科批,物理,,XF64CFB,专业组01,常州工学院,4154,电子商务,,,,,,484,35550,,,,,,484,35550,,,,,,,,,本科,,,,,
8003539,北京,本科批,物理,,X336DBD,专业组01,四川轻化工大学,04A0,工商管理,,,,,,483,35931,,,,,,483,35931,,,,,,,,,本科,,,,,
8003540,北京,本科批,物理,,X336DBD,专业组01,四川轻化工大学,DB75,广播电视学,,,,,,483,35931,,,,,,483,35931,,,,,,,,,本科,,,,,
8003541,北京,本科批,物理,,X336DBD,专业组01,四川轻化工大学,54B5,英语（只招英语考生）,只招英语考生,,,,,483,35931,,,,,,483,35931,,,,,,,,,本科,,,,,
8004009,北京,本科批,物理,,X030943,专业组01,山东艺术学院,D772,戏剧影视文学（专业办学地点:长清校区）,专业办学地点:长清校区,,,,,515,28850,,,,,,515,28850,,,,,,,,,本科,,,,,
8004713,北京,本科批,物理,,XB1ED15,专业组01,南京晓庄学院,206C,小学教育（师范）（（专业办学地点:方山校区）,师范; （专业办学地点:方山校区,,,,,493,33792,,,,,,493,33792,,,,,,,,,本科,,,,,
8004714,北京,本科批,物理,,XB1ED15,专业组01,南京晓庄学院,FA16,学前教育（师范）（（专业办学地点:方山校区）,师范; （专业办学地点:方山校区,,,,,493,33792,,,,,,493,33792,,,,,,,,,本科,,,,,
8004715,北京,本科批,物理,,XB1ED15,专业组01,南京晓庄学院,802C,国际经济与贸易（专业办学地点:方山校区）,专业办学地点:方山校区,,,,,493,33792,,,,,,493,33792,,,,,,,,,本科,,,,,
8005844,北京,本科批,物理,,X6B63D2,专业组01,大理大学,AA42,医学影像学（五年）（（不招色盲、色弱、单色识别能力异常）,五年; （不招色盲、色弱、单色识别能力异常,,,,,504,31368,,,,,,504,31368,,,,,,,,,本科,,,,,
8005845,北京,本科批,物理,,X6B63D2,专业组01,大理大学,0C1E,临床医学（五年）（（不招色盲、色弱、单色识别能力异常）,五年; （不招色盲、色弱、单色识别能力异常,,,,,514,29083,,,,,,514,29083,,,,,,,,,本科,,,,,
8006389,北京,本科批,物理,,XADD574,专业组02,金陵科技学院,4ECE,土木工程,,,,,,479,36793,,,,,,479,36793,,,,,,,,,本科,,,,,
8006390,北京,本科批,物理,,XADD574,专业组02,金陵科技学院,3C38,软件工程,,,,,,485,35549,,,,,,485,35549,,,,,,,,,本科,,,,,
8006391,北京,本科批,物理,,XADD574,专业组01,金陵科技学院,0FBC,金融学,,,,,,486,35338,,,,,,486,35338,,,,,,,,,本科,,,,,
8006392,北京,本科批,物理,,XADD574,专业组01,金陵科技学院,CA0F,旅游管理,,,,,,486,35338,,,,,,486,35338,,,,,,,,,本科,,,,,
8006393,北京,本科批,物理,,XADD574,专业组01,金陵科技学院,7EA0,古典文献学,,,,,,504,31368,,,,,,504,31368,,,,,,,,,本科,,,,,
8006394,北京,本科批,物理,,XADD574,专业组01,金陵科技学院,5E19,会计学,,,,,,510,29984,,,,,,510,29984,,,,,,,,,本科,,,,,
8007106,北京,本科批,物理,,XB9DF45,专业组03,新疆财经大学,B9A5,计算机科学与技术,,,,,,443,43530,,,,,,443,43530,,,,,,,,,本科,,,,,
8007107,北京,本科批,物理,,XB9DF45,专业组02,新疆财经大学,1C92,数字经济,,,,,,466,39390,,,,,,466,39390,,,,,,,,,本科,,,,,
8007108,北京,本科批,物理,,XB9DF45,专业组01,新疆财经大学,5E19,会计学,,,,,,477,37194,,,,,,477,37194,,,,,,,,,本科,,,,,
8008247,北京,本科批,物理,,XAB470F,专业组03,甘肃政法大学,93A0,密码科学与技术,,,,,,473,38024,,,,,,473,38024,,,,,,,,,本科,,,,,
8008248,北京,本科批,物理,,XAB470F,专业组03,甘肃政法大学,D583,网络空间安全,,,,,,477,37194,,,,,,477,37194,,,,,,,,,本科,,,,,
8008249,北京,本科批,物理,,XAB470F,专业组02,甘肃政法大学,D0E1,政治学与行政学,,,,,,520,27728,,,,,,520,27728,,,,,,,,,本科,,,,,
8008250,北京,本科批,物理,,XAB470F,专业组01,甘肃政法大学,927B,法学,,,,,,534,24493,,,,,,534,24493,,,,,,,,,本科,,,,,
8008748,北京,本科批,物理,,XFB5838,专业组01,岭南师范学院,7474,工商管理（办学地点:寸金校区）,办学地点:寸金校区,,,,,473,38024,,,,,,473,38024,,,,,,,,,本科,,,,,
8008749,北京,本科批,物理,,XFB5838,专业组01,岭南师范学院,C97D,财务管理（办学地点:寸金校区）,办学地点:寸金校区,,,,,473,38024,,,,,,473,38024,,,,,,,,,本科,,,,,
8008750,北京,本科批,物理,,XFB5838,专业组02,岭南师范学院,F135,汉语言文学（师范）（（办学地点:寸金校区）,师范; （办学地点:寸金校区,,,,,480,36562,,,,,,480,36562,,,,,,,,,本科,,,,,
8010868,北京,本科批,物理,,X376C8E,专业组02,江西水利电力大学,EC66,电气工程及其自动化（专业办学地点:瑶湖校区）,专业办学地点:瑶湖校区,,,,,485,35549,,,,,,485,35549,,,,,,,,,本科,,,,,
8010869,北京,本科批,物理,,X376C8E,专业组01,江西水利电力大学,3AA1,审计学（专业办学地点:瑶湖校区）,专业办学地点:瑶湖校区,,,,,487,35128,,,,,,487,35128,,,,,,,,,本科,,,,,
8010870,北京,本科批,物理,,X376C8E,专业组02,江西水利电力大学,9BAA,水利水电工程（专业办学地点:瑶湖校区）,专业办学地点:瑶湖校区,,,,,488,34896,,,,,,488,34896,,,,,,,,,本科,,,,,
8011492,北京,本科批,物理,,XE61AE3,专业组01,山西大同大学,A553,网络与新媒体（办学地点:御东校区）,办学地点:御东校区,,,,,484,35756,,,,,,484,35756,,,,,,,,,本科,,,,,
8011493,北京,本科批,物理,,XE61AE3,专业组02,山西大同大学,BBDD,临床医学（五年）（办学地点:御东校区）,五年; 办学地点:御东校区,,,,,508,30404,,,,,,508,30404,,,,,,,,,本科,,,,,
8011660,北京,本科批,物理,,X32EA65,专业组01,陕西理工大学,6AB9,经济学,,,,,,508,30404,,,,,,508,30404,,,,,,,,,本科,,,,,
8011661,北京,本科批,物理,,X32EA65,专业组02,陕西理工大学,B9A5,计算机科学与技术,,,,,,518,28167,,,,,,518,28167,,,,,,,,,本科,,,,,
8012738,北京,本科批,物理,,X9340D4,专业组01,沈阳理工大学,FEF6,材料成型及控制工程,,,,,,511,29771,,,,,,511,29771,,,,,,,,,本科,,,,,
8012739,北京,本科批,物理,,X9340D4,专业组01,沈阳理工大学,26A7,车辆工程,,,,,,513,29317,,,,,,513,29317,,,,,,,,,本科,,,,,
8012740,北京,本科批,物理,,X9340D4,专业组01,沈阳理工大学,8EA2,机械电子工程,,,,,,514,29083,,,,,,514,29083,,,,,,,,,本科,,,,,
8012741,北京,本科批,物理,,X9340D4,专业组01,沈阳理工大学,F11A,机器人工程,,,,,,517,28417,,,,,,517,28417,,,,,,,,,本科,,,,,
8012742,北京,本科批,物理,,X9340D4,专业组01,沈阳理工大学,548C,信息与计算科学,,,,,,519,27941,,,,,,519,27941,,,,,,,,,本科,,,,,
8012743,北京,本科批,物理,,X9340D4,专业组01,沈阳理工大学,B9A5,计算机科学与技术,,,,,,519,27941,,,,,,519,27941,,,,,,,,,本科,,,,,
8012744,北京,本科批,物理,,X9340D4,专业组01,沈阳理工大学,4C65,自动化,,,,,,522,27234,,,,,,522,27234,,,,,,,,,本科,,,,,
8012745,北京,本科批,物理,,X9340D4,专业组01,沈阳理工大学,78FF,机械设计制造及其自动化,,,,,,528,25842,,,,,,528,25842,,,,,,,,,本科,,,,,
8013988,北京,本科批,物理,,XA0B435,专业组01,西南林业大学,A615,汉语国际教育,,,,,,494,33572,,,,,,494,33572,,,,,,,,,本科,,,,,
8015234,北京,本科批,物理,,X5885C8,专业组01,承德医学院,07E1,护理学（不招色盲、色弱、单色识别能力异常）,不招色盲、色弱、单色识别能力异常,,,,,530,25414,,,,,,530,25414,,,,,,,,,本科,,,,,
8015235,北京,本科批,物理,,X5885C8,专业组02,承德医学院,FC8E,临床医学（五年）（不招色盲、色弱、单色识别能力异常）,五年; 不招色盲、色弱、单色识别能力异常,,,,,554,20086,,,,,,554,20086,,,,,,,,,本科,,,,,
8015236,北京,本科批,物理,,X5885C8,专业组02,承德医学院,BED7,口腔医学（五年）（不招色盲、色弱、单色识别能力异常）,五年; 不招色盲、色弱、单色识别能力异常,,,,,558,19195,,,,,,558,19195,,,,,,,,,本科,,,,,
8015842,北京,本科批,物理,,XC4A7EF,专业组01,西南医科大学,97D0,临床医学,,,,,,566,17509,,,,,,566,17509,,,,,,,,,本科,,,,,
8017425,北京,本科批,物理,,XCC03B7,专业组02,长春工业大学,7DEF,机械电子工程（办学地点:南湖校区）,办学地点:南湖校区,,,,,505,31121,,,,,,505,31121,,,,,,,,,本科,,,,,
8017426,北京,本科批,物理,,XCC03B7,专业组02,长春工业大学,8035,机械工程（办学地点:南湖校区）,办学地点:南湖校区,,,,,509,30177,,,,,,509,30177,,,,,,,,,本科,,,,,
8017427,北京,本科批,物理,,XCC03B7,专业组02,长春工业大学,A304,自动化（办学地点:南湖校区）,办学地点:南湖校区,,,,,510,29984,,,,,,510,29984,,,,,,,,,本科,,,,,
8017428,北京,本科批,物理,,XCC03B7,专业组02,长春工业大学,1923,车辆工程（办学地点:南湖校区）,办学地点:南湖校区,,,,,512,29550,,,,,,512,29550,,,,,,,,,本科,,,,,
8017429,北京,本科批,物理,,XCC03B7,专业组01,长春工业大学,C9E3,金融学（办学地点:北湖校区）,办学地点:北湖校区,,,,,513,29317,,,,,,513,29317,,,,,,,,,本科,,,,,
8017430,北京,本科批,物理,,XCC03B7,专业组02,长春工业大学,E67D,软件工程（办学地点:北湖校区）,办学地点:北湖校区,,,,,513,29317,,,,,,513,29317,,,,,,,,,本科,,,,,
8017431,北京,本科批,物理,,XCC03B7,专业组01,长春工业大学,4AE7,会计学（办学地点:北湖校区）,办学地点:北湖校区,,,,,514,29083,,,,,,514,29083,,,,,,,,,本科,,,,,
8017432,北京,本科批,物理,,XCC03B7,专业组02,长春工业大学,6F3A,电气工程及其自动化（办学地点:南湖校区）,办学地点:南湖校区,,,,,516,28622,,,,,,516,28622,,,,,,,,,本科,,,,,
8018268,北京,本科批,物理,,X108985,专业组01,长春中医药大学,004B,医学信息工程,,,,,,448,42678,,,,,,448,42678,,,,,,,,,本科,,,,,
8018269,北京,本科批,物理,,X108985,专业组01,长春中医药大学,817D,康复治疗学,,,,,,449,42480,,,,,,449,42480,,,,,,,,,本科,,,,,
8018270,北京,本科批,物理,,X108985,专业组01,长春中医药大学,2A03,中医骨伤科学,,,,,,488,34896,,,,,,488,34896,,,,,,,,,本科,,,,,
8018271,北京,本科批,物理,,X108985,专业组01,长春中医药大学,97D0,临床医学,,,,,,494,33572,,,,,,494,33572,,,,,,,,,本科,,,,,
8018272,北京,本科批,物理,,X108985,专业组01,长春中医药大学,5ED3,中西医临床医学,,,,,,503,31574,,,,,,503,31574,,,,,,,,,本科,,,,,
8018273,北京,本科批,物理,,X108985,专业组01,长春中医药大学,4C2A,中药学,,,,,,512,29550,,,,,,512,29550,,,,,,,,,本科,,,,,
8018274,北京,本科批,物理,,X108985,专业组01,长春中医药大学,03FE,中医学,,,,,,520,27728,,,,,,520,27728,,,,,,,,,本科,,,,,
8020066,北京,本科批,物理,,X648570,专业组03,广东海洋大学,74B6,食品质量与安全（不招色盲、色弱、单色识别能力异常）（专业办学地点:湖光校区）,不招色盲、色弱、单色识别能力异常; 专业办学地点:湖光校区,,,,,469,38791,,,,,,469,38791,,,,,,,,,本科,,,,,
8020067,北京,本科批,物理,,X648570,专业组03,广东海洋大学,0A93,食品科学与工程（不招色盲、色弱、单色识别能力异常）（专业办学地点:湖光校区）,不招色盲、色弱、单色识别能力异常; 专业办学地点:湖光校区,,,,,469,38791,,,,,,469,38791,,,,,,,,,本科,,,,,
8020068,北京,本科批,物理,,X648570,专业组02,广东海洋大学,9257,大气科学（不招色盲、单色识别能力异常）（专业办学地点:湖光校区）,不招色盲、单色识别能力异常; 专业办学地点:湖光校区,,,,,493,33792,,,,,,493,33792,,,,,,,,,本科,,,,,
8020069,北京,本科批,物理,,X648570,专业组01,广东海洋大学,4BFF,国际经济与贸易（专业办学地点:湖光校区）,专业办学地点:湖光校区,,,,,508,30404,,,,,,508,30404,,,,,,,,,本科,,,,,
8020070,北京,本科批,物理,,X648570,专业组01,广东海洋大学,CFA8,工商管理（专业办学地点:湖光校区）,专业办学地点:湖光校区,,,,,508,30404,,,,,,508,30404,,,,,,,,,本科,,,,,
8023772,北京,本科批,物理,,XB5B30E,专业组04,中国劳动关系学院,9E40,职业卫生工程,,,,,,505,31121,,,,,,505,31121,,,,,,,,,本科,,,,,
8023773,北京,本科批,物理,,XB5B30E,专业组04,中国劳动关系学院,B9A5,计算机科学与技术,,,,,,506,30876,,,,,,506,30876,,,,,,,,,本科,,,,,
8023774,北京,本科批,物理,,XB5B30E,专业组04,中国劳动关系学院,F620,安全工程,,,,,,506,30876,,,,,,506,30876,,,,,,,,,本科,,,,,
8023775,北京,本科批,物理,,XB5B30E,专业组04,中国劳动关系学院,33A1,应急技术与管理,,,,,,509,30177,,,,,,509,30177,,,,,,,,,本科,,,,,
8023776,北京,本科批,物理,,XB5B30E,专业组04,中国劳动关系学院,C0DA,应用统计学,,,,,,510,29984,,,,,,510,29984,,,,,,,,,本科,,,,,
8023777,北京,本科批,物理,,XB5B30E,专业组01,中国劳动关系学院,BBC8,劳动经济学,,,,,,521,27493,,,,,,521,27493,,,,,,,,,本科,,,,,
8023778,北京,本科批,物理,,XB5B30E,专业组01,中国劳动关系学院,5A5A,戏剧影视文学,,,,,,521,27493,,,,,,521,27493,,,,,,,,,本科,,,,,
8023779,北京,本科批,物理,,XB5B30E,专业组01,中国劳动关系学院,AC90,行政管理,,,,,,521,27493,,,,,,521,27493,,,,,,,,,本科,,,,,
8023780,北京,本科批,物理,,XB5B30E,专业组01,中国劳动关系学院,04A0,工商管理,,,,,,522,27234,,,,,,522,27234,,,,,,,,,本科,,,,,
8023781,北京,本科批,物理,,XB5B30E,专业组01,中国劳动关系学院,7022,社会学,,,,,,522,27234,,,,,,522,27234,,,,,,,,,本科,,,,,
8023782,北京,本科批,物理,,XB5B30E,专业组01,中国劳动关系学院,68F4,新闻学,,,,,,522,27234,,,,,,522,27234,,,,,,,,,本科,,,,,
8023783,北京,本科批,物理,,XB5B30E,专业组01,中国劳动关系学院,E6CB,社会工作,,,,,,522,27234,,,,,,522,27234,,,,,,,,,本科,,,,,
8023784,北京,本科批,物理,,XB5B30E,专业组02,中国劳动关系学院,E4C0,工会学,,,,,,523,26996,,,,,,523,26996,,,,,,,,,本科,,,,,
8023785,北京,本科批,物理,,XB5B30E,专业组01,中国劳动关系学院,B9DC,劳动教育,,,,,,523,26996,,,,,,523,26996,,,,,,,,,本科,,,,,
8023786,北京,本科批,物理,,XB5B30E,专业组01,中国劳动关系学院,FB18,财务管理,,,,,,524,26772,,,,,,524,26772,,,,,,,,,本科,,,,,
8023787,北京,本科批,物理,,XB5B30E,专业组01,中国劳动关系学院,6AB9,经济学,,,,,,524,26772,,,,,,524,26772,,,,,,,,,本科,,,,,
8023788,北京,本科批,物理,,XB5B30E,专业组02,中国劳动关系学院,D0E1,政治学与行政学,,,,,,524,26772,,,,,,524,26772,,,,,,,,,本科,,,,,
8023789,北京,本科批,物理,,XB5B30E,专业组01,中国劳动关系学院,C19A,人力资源管理,,,,,,525,26546,,,,,,525,26546,,,,,,,,,本科,,,,,
8023790,北京,本科批,物理,,XB5B30E,专业组01,中国劳动关系学院,2234,劳动与社会保障,,,,,,525,26546,,,,,,525,26546,,,,,,,,,本科,,,,,
8023791,北京,本科批,物理,,XB5B30E,专业组02,中国劳动关系学院,51C8,思想政治教育,,,,,,526,26285,,,,,,526,26285,,,,,,,,,本科,,,,,
8024434,北京,本科批,物理,,XA69784,专业组01,广东医科大学,ADAE,临床医学（东莞）,东莞,,,,,563,18175,,,,,,563,18175,,,,,,,,,本科,,,,,
8024435,北京,本科批,物理,,XA69784,专业组01,广东医科大学,5DA6,口腔医学,,,,,,577,15224,,,,,,577,15224,,,,,,,,,本科,,,,,
8025313,北京,本科批,物理,,XC09B85,专业组01,伊犁师范大学,F11A,机器人工程,,,,,,434,44923,,,,,,434,44923,,,,,,,,,本科,,,,,
8026511,北京,本科批,物理,,XFCE83D,专业组02,成都大学,927B,法学,,,,,,530,25414,,,,,,530,25414,,,,,,,,,本科,,,,,
8026512,北京,本科批,物理,,XFCE83D,专业组01,成都大学,5E19,会计学,,,,,,532,24976,,,,,,532,24976,,,,,,,,,本科,,,,,
8026513,北京,本科批,物理,,XFCE83D,专业组03,成都大学,B9A5,计算机科学与技术,,,,,,533,24746,,,,,,533,24746,,,,,,,,,本科,,,,,
8027478,北京,本科批,物理,,X398F60,专业组01,湖南城市学院,40D0,城乡规划（五年）,五年,,,,,480,36562,,,,,,480,36562,,,,,,,,,本科,,,,,
8028062,北京,本科批,物理,,X50E2C9,专业组01,湖南科技学院,CA0F,旅游管理,,,,,,479,36793,,,,,,479,36793,,,,,,,,,本科,,,,,
8028063,北京,本科批,物理,,X50E2C9,专业组01,湖南科技学院,6AA2,建筑学（五年）,五年,,,,,479,36793,,,,,,479,36793,,,,,,,,,本科,,,,,
8029467,北京,本科批,物理,,X00C1C1,专业组02,山东交通学院,7EE7,交通工程（不招色盲、色弱、单色识别能力异常）（专业办学地点:长清校区）,不招色盲、色弱、单色识别能力异常; 专业办学地点:长清校区,,,,,472,38232,,,,,,472,38232,,,,,,,,,本科,,,,,
8029468,北京,本科批,物理,,X00C1C1,专业组01,山东交通学院,B255,财务管理（专业办学地点:长清校区）,专业办学地点:长清校区,,,,,491,34236,,,,,,491,34236,,,,,,,,,本科,,,,,
8033340,北京,本科批,物理,,XBD9758,专业组01,广东金融学院,801F,会计学（办学地点:第一、二学年在肇庆校区就读，第三、四学年在校本部就读）,办学地点:第一、二学年在肇庆校区就读，第三、四学年在校本部就读,,,,,505,31121,,,,,,505,31121,,,,,,,,,本科,,,,,
8033341,北京,本科批,物理,,XBD9758,专业组01,广东金融学院,032F,投资学（办学地点:第一、二学年在清远校区就读，第三、四学年在校本部就读）,办学地点:第一、二学年在清远校区就读，第三、四学年在校本部就读,,,,,505,31121,,,,,,505,31121,,,,,,,,,本科,,,,,
8033342,北京,本科批,物理,,XBD9758,专业组01,广东金融学院,3F91,财务管理（办学地点:第一、二学年在肇庆校区就读，第三、四学年在校本部就读）,办学地点:第一、二学年在肇庆校区就读，第三、四学年在校本部就读,,,,,505,31121,,,,,,505,31121,,,,,,,,,本科,,,,,
8033343,北京,本科批,物理,,XBD9758,专业组01,广东金融学院,0BFF,金融学（办学地点:第一、二学年在清远校区就读，第三、四学年在校本部就读）,办学地点:第一、二学年在清远校区就读，第三、四学年在校本部就读,,,,,505,31121,,,,,,505,31121,,,,,,,,,本科,,,,,
8033344,北京,本科批,物理,,XBD9758,专业组01,广东金融学院,C3D1,国际经济与贸易（办学地点:第一、二学年在清远校区就读，第三、四学年在校本部就读）,办学地点:第一、二学年在清远校区就读，第三、四学年在校本部就读,,,,,505,31121,,,,,,505,31121,,,,,,,,,本科,,,,,
8033587,北京,本科批,物理,,X74ABF7,专业组02,河北金融学院,D988,金融科技（校企合作专业，入校后不得申请转专业）,校企合作专业，入校后不得申请转专业,,,,,480,36562,,,,,,480,36562,,,,,,,,,本科,,,,,
8033588,北京,本科批,物理,,X74ABF7,专业组01,河北金融学院,5E19,会计学,,,,,,487,35128,,,,,,487,35128,,,,,,,,,本科,,,,,
8035508,北京,本科批,物理,,XAB4B2B,专业组01,天津美术学院,CB8A,艺术管理（办学地点:天津市河北区）,办学地点:天津市河北区,,,,,514,29083,,,,,,514,29083,,,,,,,,,本科,,,,,
8035509,北京,本科批,物理,,XAB4B2B,专业组01,天津美术学院,FF56,美术学（办学地点:天津市河北区）,办学地点:天津市河北区,,,,,519,27941,,,,,,519,27941,,,,,,,,,本科,,,,,
8035510,北京,本科批,物理,,XAB4B2B,专业组01,天津美术学院,B255,艺术设计学（办学地点:天津市河北区）,办学地点:天津市河北区,,,,,522,27234,,,,,,522,27234,,,,,,,,,本科,,,,,
8036849,北京,本科批,物理,,X2347B4,专业组02,长春师范大学,9C19,计算机科学与技术（中外合作办学）（与澳大利亚南十字星大学合作办学，主干课用英语授课，非英语语种考生慎重报考;办学地点:长吉校区）,中外合作办学; 与澳大利亚南十字星大学合作办学，主干课用英语授课，非英语语种考生慎重报考;办学地点:长吉校区,,,,,459,40716,,,,,,459,40716,,,,,,,,,本科,,,,,
8036850,北京,本科批,物理,,X2347B4,专业组01,长春师范大学,1ACE,旅游管理（中外合作办学）（与澳大利亚南十字星大学合作办学，主干课用英语授课，非英语语种考生慎重报考;办学地点:长吉校区）,中外合作办学; 与澳大利亚南十字星大学合作办学，主干课用英语授课，非英语语种考生慎重报考;办学地点:长吉校区,,,,,482,36158,,,,,,482,36158,,,,,,,,,本科,,,,,
8037283,北京,本科批,物理,,X8C2D30,专业组01,北京物资学院,B5E9,大数据管理与应用（中外合作办学）,中外合作办学,,,,,481,36368,,,,,,481,36368,,,,,,,,,本科,,,,,
8037284,北京,本科批,物理,,X8C2D30,专业组04,北京物资学院,BD59,金融科技,,,,,,504,31368,,,,,,504,31368,,,,,,,,,本科,,,,,
8037285,北京,本科批,物理,,X8C2D30,专业组04,北京物资学院,5936,质量管理工程,,,,,,504,31368,,,,,,504,31368,,,,,,,,,本科,,,,,
8037286,北京,本科批,物理,,X8C2D30,专业组05,北京物资学院,C0DA,应用统计学,,,,,,505,31121,,,,,,505,31121,,,,,,,,,本科,,,,,
8037287,北京,本科批,物理,,X8C2D30,专业组04,北京物资学院,4A2C,物流工程,,,,,,506,30876,,,,,,506,30876,,,,,,,,,本科,,,,,
8037288,北京,本科批,物理,,X8C2D30,专业组05,北京物资学院,4718,数据科学与大数据技术,,,,,,508,30404,,,,,,508,30404,,,,,,,,,本科,,,,,
8037289,北京,本科批,物理,,X8C2D30,专业组03,北京物资学院,10DA,市场营销（数字化营销）,数字化营销,,,,,508,30404,,,,,,508,30404,,,,,,,,,本科,,,,,
8037290,北京,本科批,物理,,X8C2D30,专业组03,北京物资学院,2234,劳动与社会保障,,,,,,508,30404,,,,,,508,30404,,,,,,,,,本科,,,,,
8037291,北京,本科批,物理,,X8C2D30,专业组02,北京物资学院,7D08,商务英语（实验班）（只招英语考生）,实验班; 只招英语考生,,,,,508,30404,,,,,,508,30404,,,,,,,,,本科,,,,,
8037292,北京,本科批,物理,,X8C2D30,专业组03,北京物资学院,4154,电子商务,,,,,,508,30404,,,,,,508,30404,,,,,,,,,本科,,,,,
8037293,北京,本科批,物理,,X8C2D30,专业组02,北京物资学院,0FBC,金融学,,,,,,508,30404,,,,,,508,30404,,,,,,,,,本科,,,,,
8037294,北京,本科批,物理,,X8C2D30,专业组05,北京物资学院,F068,人工智能,,,,,,509,30177,,,,,,509,30177,,,,,,,,,本科,,,,,
8037295,北京,本科批,物理,,X8C2D30,专业组04,北京物资学院,6A50,信息管理与信息系统（数智化管理实验班）,数智化管理实验班,,,,,509,30177,,,,,,509,30177,,,,,,,,,本科,,,,,
8037296,北京,本科批,物理,,X8C2D30,专业组03,北京物资学院,9961,采购管理,,,,,,509,30177,,,,,,509,30177,,,,,,,,,本科,,,,,
8037297,北京,本科批,物理,,X8C2D30,专业组03,北京物资学院,7FA1,供应链管理,,,,,,510,29984,,,,,,510,29984,,,,,,,,,本科,,,,,
8037298,北京,本科批,物理,,X8C2D30,专业组03,北京物资学院,C19A,人力资源管理,,,,,,510,29984,,,,,,510,29984,,,,,,,,,本科,,,,,
8037299,北京,本科批,物理,,X8C2D30,专业组02,北京物资学院,0C2B,金融学（期货与证券实验班）,期货与证券实验班,,,,,512,29550,,,,,,512,29550,,,,,,,,,本科,,,,,
8037300,北京,本科批,物理,,X8C2D30,专业组05,北京物资学院,29F4,物联网工程,,,,,,513,29317,,,,,,513,29317,,,,,,,,,本科,,,,,
8037301,北京,本科批,物理,,X8C2D30,专业组02,北京物资学院,D661,国际经济与贸易（大宗商品贸易实验班）,大宗商品贸易实验班,,,,,514,29083,,,,,,514,29083,,,,,,,,,本科,,,,,
8037302,北京,本科批,物理,,X8C2D30,专业组02,北京物资学院,6AB9,经济学,,,,,,515,28850,,,,,,515,28850,,,,,,,,,本科,,,,,
8038806,北京,本科批,物理,,X1839E5,专业组01,上海电力大学,C99B,工商管理（专业办学地点:临港校区）,专业办学地点:临港校区,,,,,559,18983,,,,,,559,18983,,,,,,,,,本科,,,,,
8038807,北京,本科批,物理,,X1839E5,专业组02,上海电力大学,40D8,自动化（专业办学地点:临港校区）,专业办学地点:临港校区,,,,,576,15428,,,,,,576,15428,,,,,,,,,本科,,,,,
8038808,北京,本科批,物理,,X1839E5,专业组02,上海电力大学,F445,能源服务工程（专业办学地点:临港校区）,专业办学地点:临港校区,,,,,576,15428,,,,,,576,15428,,,,,,,,,本科,,,,,
8038809,北京,本科批,物理,,X1839E5,专业组02,上海电力大学,32ED,软件工程（专业办学地点:临港校区）,专业办学地点:临港校区,,,,,580,14596,,,,,,580,14596,,,,,,,,,本科,,,,,
8038810,北京,本科批,物理,,X1839E5,专业组02,上海电力大学,7B0B,电气工程及其自动化（专业办学地点:临港校区）,专业办学地点:临港校区,,,,,584,13797,,,,,,584,13797,,,,,,,,,本科,,,,,
8039366,北京,本科批,物理,,XB92EE4,专业组01,上海对外经贸大学,ADA9,国际经贸规则（专业办学地点:松江校区）,专业办学地点:松江校区,,,,,571,16481,,,,,,571,16481,,,,,,,,,本科,,,,,
8039367,北京,本科批,物理,,XB92EE4,专业组01,上海对外经贸大学,8D2C,国际经济发展合作（专业办学地点:松江校区）,专业办学地点:松江校区,,,,,574,15859,,,,,,574,15859,,,,,,,,,本科,,,,,
8039368,北京,本科批,物理,,XB92EE4,专业组01,上海对外经贸大学,B370,资产评估（上海市级一流本科专业建设点）（专业办学地点:松江校区）,上海市级一流本科专业建设点; 专业办学地点:松江校区,,,,,579,14812,,,,,,579,14812,,,,,,,,,本科,,,,,
8039369,北京,本科批,物理,,XB92EE4,专业组01,上海对外经贸大学,8680,审计学（注册会计师方向）（国家级一流本科专业建设点）（专业办学地点:松江校区）,注册会计师方向; 国家级一流本科专业建设点; 专业办学地点:松江校区,,,,,583,14003,,,,,,583,14003,,,,,,,,,本科,,,,,
8041115,北京,本科批,物理,,X2A99E0,专业组01,广州体育学院,68F4,新闻学,,,,,,487,35128,,,,,,487,35128,,,,,,,,,本科,,,,,
8042037,北京,本科批,物理,,XAE00BE,专业组01,宝鸡文理学院,B965,思想政治教育（师范）（（办学地点:高新校区）,师范; （办学地点:高新校区,,,,,496,33127,,,,,,496,33127,,,,,,,,,本科,,,,,
8042348,北京,本科批,物理,,X320DC2,专业组01,北华航天工业学院,A332,机械设计制造及其自动化（中外合作办学）（与美国圣马丁大学合作）,中外合作办学; 与美国圣马丁大学合作,,,,,493,33792,,,,,,493,33792,,,,,,,,,本科,,,,,
8042349,北京,本科批,物理,,X320DC2,专业组02,北华航天工业学院,5E19,会计学,,,,,,500,32208,,,,,,500,32208,,,,,,,,,本科,,,,,
8042350,北京,本科批,物理,,X320DC2,专业组03,北华航天工业学院,93E3,电子信息工程,,,,,,513,29317,,,,,,513,29317,,,,,,,,,本科,,,,,
8043160,北京,本科批,物理,,X400C51,专业组01,湖北工程学院,4C65,自动化,,,,,,464,39774,,,,,,464,39774,,,,,,,,,本科,,,,,
8043161,北京,本科批,物理,,X400C51,专业组01,湖北工程学院,B9A5,计算机科学与技术,,,,,,475,37592,,,,,,475,37592,,,,,,,,,本科,,,,,
8043162,北京,本科批,物理,,X400C51,专业组01,湖北工程学院,93E3,电子信息工程,,,,,,485,35549,,,,,,485,35549,,,,,,,,,本科,,,,,
8044750,北京,本科批,物理,,X4878CC,专业组01,山东航空学院,FB18,财务管理,,,,,,487,35128,,,,,,487,35128,,,,,,,,,本科,,,,,
8044751,北京,本科批,物理,,X4878CC,专业组02,山东航空学院,BB28,交通运输（民航机务工程）（不招色盲、色弱、单色识别能力异常，原则上只招男生，女生慎报。要求符合中国民用航空局相关文件规定的有关岗位身体标准条件。因学校培养需要，安排英语语种教学，非英语语种考生慎报）,民航机务工程; 不招色盲、色弱、单色识别能力异常，原则上只招男生，女生慎报。要求符合中国民用航空局相关文件规定的有关岗位身体标准条件。因学校培养需要，安排英语语种教学，非英语语种考生慎报,,,,,498,32667,,,,,,498,32667,,,,,,,,,本科,,,,,
8045041,北京,本科批,物理,,X289391,专业组02,沈阳工程学院,4C65,自动化,,,,,,494,33572,,,,,,494,33572,,,,,,,,,本科,,,,,
8045042,北京,本科批,物理,,X289391,专业组02,沈阳工程学院,3557,能源与动力工程,,,,,,499,32443,,,,,,499,32443,,,,,,,,,本科,,,,,
8045043,北京,本科批,物理,,X289391,专业组01,沈阳工程学院,8091,电气工程及其自动化（中外合作办学）,中外合作办学,,,,,515,28850,,,,,,515,28850,,,,,,,,,本科,,,,,
8045044,北京,本科批,物理,,X289391,专业组02,沈阳工程学院,A5B7,电气工程及其自动化,,,,,,524,26772,,,,,,524,26772,,,,,,,,,本科,,,,,
8045558,北京,本科批,物理,,XA216C7,专业组02,长春大学,B129,机械工程（办学地点:卫星广场校区（东校区））,办学地点:卫星广场校区（东校区,,,,,476,37407,,,,,,476,37407,,,,,,,,,本科,,,,,
8045559,北京,本科批,物理,,XA216C7,专业组02,长春大学,E9C0,信息与计算科学（办学地点:卫星广场校区（东校区））,办学地点:卫星广场校区（东校区,,,,,478,36997,,,,,,478,36997,,,,,,,,,本科,,,,,
8045560,北京,本科批,物理,,XA216C7,专业组01,长春大学,ADC9,财务管理（办学地点:卫星广场校区（东校区））,办学地点:卫星广场校区（东校区,,,,,499,32443,,,,,,499,32443,,,,,,,,,本科,,,,,
8046473,北京,本科批,物理,,X7F6B13,专业组01,齐齐哈尔医学院,E6CB,社会工作,,,,,,485,35549,,,,,,485,35549,,,,,,,,,本科,,,,,
8046474,北京,本科批,物理,,X7F6B13,专业组01,齐齐哈尔医学院,4852,应用心理学,,,,,,486,35338,,,,,,486,35338,,,,,,,,,本科,,,,,
8046475,北京,本科批,物理,,X7F6B13,专业组02,齐齐哈尔医学院,3F7B,医学影像学（五年）,五年,,,,,506,30876,,,,,,506,30876,,,,,,,,,本科,,,,,
8046476,北京,本科批,物理,,X7F6B13,专业组02,齐齐哈尔医学院,CC9A,临床医学（五年）,五年,,,,,512,29550,,,,,,512,29550,,,,,,,,,本科,,,,,
8047478,北京,本科批,物理,,X65D279,专业组02,桂林航天工业学院,ECA4,通信工程,,,,,,460,40513,,,,,,460,40513,,,,,,,,,本科,,,,,
8047479,北京,本科批,物理,,X65D279,专业组02,桂林航天工业学院,3557,能源与动力工程,,,,,,463,39971,,,,,,463,39971,,,,,,,,,本科,,,,,
8047480,北京,本科批,物理,,X65D279,专业组02,桂林航天工业学院,78FF,机械设计制造及其自动化,,,,,,471,38445,,,,,,471,38445,,,,,,,,,本科,,,,,
8047481,北京,本科批,物理,,X65D279,专业组01,桂林航天工业学院,F78B,旅游管理与服务教育,,,,,,483,35931,,,,,,483,35931,,,,,,,,,本科,,,,,
8047482,北京,本科批,物理,,X65D279,专业组01,桂林航天工业学院,A615,汉语国际教育,,,,,,484,35756,,,,,,484,35756,,,,,,,,,本科,,,,,
8048082,北京,本科批,物理,,XA0DC7A,专业组03,河北建筑工程学院,80FA,能源动力类（含能源与动力工程、新能源科学与工程、建筑环境与能源应用工程）,含能源与动力工程、新能源科学与工程、建筑环境与能源应用工程,,,,,444,43369,,,,,,444,43369,,,,,,,,,本科,,,,,
8048083,北京,本科批,物理,,XA0DC7A,专业组03,河北建筑工程学院,4ECE,土木工程,,,,,,446,43022,,,,,,446,43022,,,,,,,,,本科,,,,,
8048084,北京,本科批,物理,,XA0DC7A,专业组02,河北建筑工程学院,FB18,财务管理,,,,,,486,35338,,,,,,486,35338,,,,,,,,,本科,,,,,
8048085,北京,本科批,物理,,XA0DC7A,专业组01,河北建筑工程学院,F85E,建筑学（五年）（要求具有一定的美术基础，无其它加试要求）,五年; 要求具有一定的美术基础，无其它加试要求,,,,,486,35338,,,,,,486,35338,,,,,,,,,本科,,,,,
8049216,北京,本科批,物理,,X741095,专业组01,湖南财政经济学院,0FBC,金融学,,,,,,497,32907,,,,,,497,32907,,,,,,,,,本科,,,,,
8049217,北京,本科批,物理,,X741095,专业组01,湖南财政经济学院,FB18,财务管理,,,,,,506,30876,,,,,,506,30876,,,,,,,,,本科,,,,,
8049218,北京,本科批,物理,,X741095,专业组01,湖南财政经济学院,5E19,会计学,,,,,,510,29984,,,,,,510,29984,,,,,,,,,本科,,,,,
8049591,北京,本科批,物理,,XF1ADEC,专业组01,湖南人文科技学院,927B,法学,,,,,,482,36158,,,,,,482,36158,,,,,,,,,本科,,,,,
8050424,北京,本科批,物理,,X2A8E6F,专业组03,喀什大学,9FA4,生物科学（师范）（（办学地点:新泉校区）,师范; （办学地点:新泉校区,,,,,438,44347,,,,,,438,44347,,,,,,,,,本科,,,,,
8050425,北京,本科批,物理,,X2A8E6F,专业组03,喀什大学,BE19,化学（师范）（（办学地点:新泉校区）,师范; （办学地点:新泉校区,,,,,453,41804,,,,,,453,41804,,,,,,,,,本科,,,,,
8050426,北京,本科批,物理,,X2A8E6F,专业组03,喀什大学,A7E4,物理学（师范）（（办学地点:新泉校区）,师范; （办学地点:新泉校区,,,,,457,41072,,,,,,457,41072,,,,,,,,,本科,,,,,
8050427,北京,本科批,物理,,X2A8E6F,专业组03,喀什大学,2670,数学与应用数学（师范）（（办学地点:新泉校区）,师范; （办学地点:新泉校区,,,,,462,40150,,,,,,462,40150,,,,,,,,,本科,,,,,
8050428,北京,本科批,物理,,X2A8E6F,专业组01,喀什大学,BBFF,汉语言文学（师范）（（办学地点:新泉校区）,师范; （办学地点:新泉校区,,,,,481,36368,,,,,,481,36368,,,,,,,,,本科,,,,,
8050429,北京,本科批,物理,,X2A8E6F,专业组02,喀什大学,77F5,思想政治教育（师范）（（办学地点:新泉校区）,师范; （办学地点:新泉校区,,,,,485,35549,,,,,,485,35549,,,,,,,,,本科,,,,,
8051848,北京,本科批,物理,,XDC9715,专业组01,长春工程学院,F8EF,土木工程（办学地点:湖西校区）,办学地点:湖西校区,,,,,458,40890,,,,,,458,40890,,,,,,,,,本科,,,,,
8051849,北京,本科批,物理,,XDC9715,专业组01,长春工程学院,CA16,能源与动力工程（办学地点:湖西校区）,办学地点:湖西校区,,,,,459,40716,,,,,,459,40716,,,,,,,,,本科,,,,,
8051850,北京,本科批,物理,,XDC9715,专业组01,长春工程学院,DB83,电气工程及其自动化（办学地点:湖西校区）,办学地点:湖西校区,,,,,474,37807,,,,,,474,37807,,,,,,,,,本科,,,,,
8052714,北京,本科批,物理,,XFE88E6,专业组04,中国民航大学,E3DD,油气储运工程（机场供油工程）（不招色盲、色弱、单色识别能力异常，办学地点:东丽校区）,机场供油工程; 不招色盲、色弱、单色识别能力异常，办学地点:东丽校区,,,,,556,19659,,,,,,556,19659,,,,,,,,,本科,,,,,
8052715,北京,本科批,物理,,XFE88E6,专业组04,中国民航大学,C744,土木工程（办学地点:东丽校区）,办学地点:东丽校区,,,,,556,19659,,,,,,556,19659,,,,,,,,,本科,,,,,
8052716,北京,本科批,物理,,XFE88E6,专业组04,中国民航大学,D2FD,工科试验班（智能与计算机）（含计算机科学与技术、人工智能，不招色盲、色弱、单色识别能力异常，办学地点:东丽校区）,智能与计算机; 含计算机科学与技术、人工智能，不招色盲、色弱、单色识别能力异常，办学地点:东丽校区,,,,,556,19659,,,,,,556,19659,,,,,,,,,本科,,,,,
8052717,北京,本科批,物理,,XFE88E6,专业组04,中国民航大学,D8E4,飞行器运维工程（不招色盲、色弱、单色识别能力异常，办学地点:东丽校区）,不招色盲、色弱、单色识别能力异常，办学地点:东丽校区,,,,,556,19659,,,,,,556,19659,,,,,,,,,本科,,,,,
8052718,北京,本科批,物理,,XFE88E6,专业组04,中国民航大学,9926,工科试验班（民航安全与应急类）（含安全工程、应急技术与管理，不招色盲、色弱、单色识别能力异常，办学地点:东丽校区）,民航安全与应急类; 含安全工程、应急技术与管理，不招色盲、色弱、单色识别能力异常，办学地点:东丽校区,,,,,558,19195,,,,,,558,19195,,,,,,,,,本科,,,,,
8052719,北京,本科批,物理,,XFE88E6,专业组01,中国民航大学,2822,工商管理类（航空运输管理）（含经济与金融、工商管理、会计学、财务管理，办学地点:东丽校区）,航空运输管理; 含经济与金融、工商管理、会计学、财务管理，办学地点:东丽校区,,,,,559,18983,,,,,,559,18983,,,,,,,,,本科,,,,,
8052720,北京,本科批,物理,,XFE88E6,专业组04,中国民航大学,5E22,信息与计算科学（办学地点:东丽校区）,办学地点:东丽校区,,,,,559,18983,,,,,,559,18983,,,,,,,,,本科,,,,,
8052721,北京,本科批,物理,,XFE88E6,专业组01,中国民航大学,2D43,航空安防管理（不招色盲、色弱、单色识别能力异常，原则上只招男生，建议身高不低于1.70米，女生慎重报考，办学地点:宁河校区）,不招色盲、色弱、单色识别能力异常，原则上只招男生，建议身高不低于1.70米，女生慎重报考，办学地点:宁河校区,,,,,559,18983,,,,,,559,18983,,,,,,,,,本科,,,,,
8052722,北京,本科批,物理,,XFE88E6,专业组04,中国民航大学,8F77,交通工程（办学地点:东丽校区）,办学地点:东丽校区,,,,,559,18983,,,,,,559,18983,,,,,,,,,本科,,,,,
8052723,北京,本科批,物理,,XFE88E6,专业组04,中国民航大学,75CD,材料物理（无损检测与表面工程）（办学地点:东丽校区）,无损检测与表面工程; 办学地点:东丽校区,,,,,560,18792,,,,,,560,18792,,,,,,,,,本科,,,,,
8052724,北京,本科批,物理,,XFE88E6,专业组04,中国民航大学,81CE,信息安全（不招色盲、色弱、单色识别能力异常，办学地点:东丽校区）,不招色盲、色弱、单色识别能力异常，办学地点:东丽校区,,,,,561,18566,,,,,,561,18566,,,,,,,,,本科,,,,,
8052725,北京,本科批,物理,,XFE88E6,专业组01,中国民航大学,5199,翻译（只招英语考生，办学地点:东丽校区）,只招英语考生，办学地点:东丽校区,,,,,561,18566,,,,,,561,18566,,,,,,,,,本科,,,,,
8052726,北京,本科批,物理,,XFE88E6,专业组01,中国民航大学,BDD1,英语（民航外语）（只招英语考生，办学地点:东丽校区）,民航外语; 只招英语考生，办学地点:东丽校区,,,,,561,18566,,,,,,561,18566,,,,,,,,,本科,,,,,
8052727,北京,本科批,物理,,XFE88E6,专业组04,中国民航大学,5B06,飞行器适航技术（不招色盲、色弱、单色识别能力异常，办学地点:东丽校区）,不招色盲、色弱、单色识别能力异常，办学地点:东丽校区,,,,,562,18395,,,,,,562,18395,,,,,,,,,本科,,,,,
8052728,北京,本科批,物理,,XFE88E6,专业组04,中国民航大学,B8FB,材料化学（办学地点:东丽校区）,办学地点:东丽校区,,,,,562,18395,,,,,,562,18395,,,,,,,,,本科,,,,,
8052729,北京,本科批,物理,,XFE88E6,专业组04,中国民航大学,54F0,飞行器质量与可靠性（不招色盲、色弱、单色识别能力异常，办学地点:东丽校区）,不招色盲、色弱、单色识别能力异常，办学地点:东丽校区,,,,,562,18395,,,,,,562,18395,,,,,,,,,本科,,,,,
8052730,北京,本科批,物理,,XFE88E6,专业组04,中国民航大学,9B2B,统计学（民航大数据）（办学地点:东丽校区）,民航大数据; 办学地点:东丽校区,,,,,563,18175,,,,,,563,18175,,,,,,,,,本科,,,,,
8052731,北京,本科批,物理,,XFE88E6,专业组04,中国民航大学,9A1C,无人驾驶航空器系统工程（办学地点:东丽校区）,办学地点:东丽校区,,,,,564,17958,,,,,,564,17958,,,,,,,,,本科,,,,,
8052732,北京,本科批,物理,,XFE88E6,专业组02,中国民航大学,309D,物流管理（办学地点:东丽校区）,办学地点:东丽校区,,,,,565,17728,,,,,,565,17728,,,,,,,,,本科,,,,,
8052733,北京,本科批,物理,,XFE88E6,专业组01,中国民航大学,8B92,法学（航空法）（办学地点:东丽校区）,航空法; 办学地点:东丽校区,,,,,566,17509,,,,,,566,17509,,,,,,,,,本科,,,,,
8053652,北京,本科批,物理,,XE83110,专业组01,中国民用航空飞行学院,090D,公共事业管理,,,,,,484,35756,,,,,,484,35756,,,,,,,,,本科,,,,,
8053653,北京,本科批,物理,,XE83110,专业组01,中国民用航空飞行学院,09EE,市场营销,,,,,,487,35128,,,,,,487,35128,,,,,,,,,本科,,,,,
8053654,北京,本科批,物理,,XE83110,专业组03,中国民用航空飞行学院,D583,网络空间安全,,,,,,502,31794,,,,,,502,31794,,,,,,,,,本科,,,,,
8053655,北京,本科批,物理,,XE83110,专业组03,中国民用航空飞行学院,4226,大气科学,,,,,,503,31574,,,,,,503,31574,,,,,,,,,本科,,,,,
8053656,北京,本科批,物理,,XE83110,专业组03,中国民用航空飞行学院,F068,人工智能,,,,,,503,31574,,,,,,503,31574,,,,,,,,,本科,,,,,
8053657,北京,本科批,物理,,XE83110,专业组01,中国民用航空飞行学院,04A0,工商管理,,,,,,503,31574,,,,,,503,31574,,,,,,,,,本科,,,,,
8053658,北京,本科批,物理,,XE83110,专业组03,中国民用航空飞行学院,29F4,物联网工程,,,,,,503,31574,,,,,,503,31574,,,,,,,,,本科,,,,,
8053659,北京,本科批,物理,,XE83110,专业组01,中国民用航空飞行学院,8B36,翻译,,,,,,505,31121,,,,,,505,31121,,,,,,,,,本科,,,,,
8053660,北京,本科批,物理,,XE83110,专业组03,中国民用航空飞行学院,924C,智慧交通,,,,,,505,31121,,,,,,505,31121,,,,,,,,,本科,,,,,
8053661,北京,本科批,物理,,XE83110,专业组03,中国民用航空飞行学院,C220,飞行器适航技术,,,,,,505,31121,,,,,,505,31121,,,,,,,,,本科,,,,,
8053662,北京,本科批,物理,,XE83110,专业组03,中国民用航空飞行学院,F620,安全工程,,,,,,505,31121,,,,,,505,31121,,,,,,,,,本科,,,,,
8053663,北京,本科批,物理,,XE83110,专业组03,中国民用航空飞行学院,7A06,飞行器制造工程,,,,,,506,30876,,,,,,506,30876,,,,,,,,,本科,,,,,
8053664,北京,本科批,物理,,XE83110,专业组03,中国民用航空飞行学院,548C,信息与计算科学,,,,,,506,30876,,,,,,506,30876,,,,,,,,,本科,,,,,
8053665,北京,本科批,物理,,XE83110,专业组03,中国民用航空飞行学院,A5B7,电气工程及其自动化,,,,,,508,30404,,,,,,508,30404,,,,,,,,,本科,,,,,
8053666,北京,本科批,物理,,XE83110,专业组03,中国民用航空飞行学院,2723,航空航天工程,,,,,,510,29984,,,,,,510,29984,,,,,,,,,本科,,,,,
8053667,北京,本科批,物理,,XE83110,专业组03,中国民用航空飞行学院,93E3,电子信息工程,,,,,,510,29984,,,,,,510,29984,,,,,,,,,本科,,,,,
8053668,北京,本科批,物理,,XE83110,专业组03,中国民用航空飞行学院,B9A5,计算机科学与技术,,,,,,517,28417,,,,,,517,28417,,,,,,,,,本科,,,,,
8053669,北京,本科批,物理,,XE83110,专业组03,中国民用航空飞行学院,B5CD,飞行器动力工程,,,,,,517,28417,,,,,,517,28417,,,,,,,,,本科,,,,,
8053670,北京,本科批,物理,,XE83110,专业组03,中国民用航空飞行学院,12C3,导航工程,,,,,,520,27728,,,,,,520,27728,,,,,,,,,本科,,,,,
8053671,北京,本科提前批,物理,,XE83110,专业组05,中国民用航空飞行学院,464C,飞行技术,,,,,,520,27728,,,,,,520,27728,,,,,,,,,本科,,,,,
8055054,北京,本科批,物理,,XA11B10,专业组01,上海政法学院,E949,法学（国际经济法）,国际经济法,,,,,587,13194,,,,,,587,13194,,,,,,,,,本科,,,,,
8056116,北京,本科批,物理,,XFA18CC,专业组01,上饶师范学院,F87F,学前教育（师范）（不招色盲、色弱、单色识别能力异常）,师范; 不招色盲、色弱、单色识别能力异常,,,,,476,37407,,,,,,476,37407,,,,,,,,,本科,,,,,
8056117,北京,本科批,物理,,XFA18CC,专业组01,上饶师范学院,B906,英语（师范）（只招英语考生）,师范; 只招英语考生,,,,,476,37407,,,,,,476,37407,,,,,,,,,本科,,,,,
8058408,北京,本科批,物理,,X751A7A,专业组01,湖南工学院,93E3,电子信息工程,,,,,,456,41255,,,,,,456,41255,,,,,,,,,本科,,,,,
8058409,北京,本科批,物理,,X751A7A,专业组01,湖南工学院,F620,安全工程,,,,,,460,40513,,,,,,460,40513,,,,,,,,,本科,,,,,
8058410,北京,本科批,物理,,X751A7A,专业组01,湖南工学院,78FF,机械设计制造及其自动化,,,,,,479,36793,,,,,,479,36793,,,,,,,,,本科,,,,,
8059066,北京,本科批,物理,,X405394,专业组01,吉林建筑大学,E51B,土木工程（办学地点:净月校区）,办学地点:净月校区,,,,,447,42846,,,,,,447,42846,,,,,,,,,本科,,,,,
8060165,北京,本科批,物理,,X450C6C,专业组02,洛阳理工学院,2AB1,无机非金属材料工程（专业办学地点:王城校区）,专业办学地点:王城校区,,,,,434,44923,,,,,,434,44923,,,,,,,,,本科,,,,,
8060166,北京,本科批,物理,,X450C6C,专业组01,洛阳理工学院,924D,汉语言文学（专业办学地点:王城校区）,专业办学地点:王城校区,,,,,503,31574,,,,,,503,31574,,,,,,,,,本科,,,,,
8060739,北京,本科批,物理,,X437AB6,专业组01,攀枝花学院,D243,汉语言文学,,,,,,476,37407,,,,,,476,37407,,,,,,,,,本科,,,,,
8060740,北京,本科批,物理,,X437AB6,专业组02,攀枝花学院,CC9A,临床医学（五年）,五年,,,,,504,31368,,,,,,504,31368,,,,,,,,,本科,,,,,
8060883,北京,本科批,物理,,XF27D50,专业组01,厦门理工学院,26A7,车辆工程,,,,,,513,29317,,,,,,513,29317,,,,,,,,,本科,,,,,
8060884,北京,本科批,物理,,XF27D50,专业组01,厦门理工学院,B9A5,计算机科学与技术,,,,,,515,28850,,,,,,515,28850,,,,,,,,,本科,,,,,
8063985,北京,本科批,物理,,XDDCBCB,专业组01,广东药科大学,F0AA,预防医学（五年）（（专业不招色盲、色弱、单色识别能力异常;办学地点:广州校区）,五年; （专业不招色盲、色弱、单色识别能力异常;办学地点:广州校区,,,,,496,33127,,,,,,496,33127,,,,,,,,,本科,,,,,
8063986,北京,本科批,物理,,XDDCBCB,专业组01,广东药科大学,42B6,药学（专业不招色盲、色弱、单色识别能力异常;办学地点:广州校区）,专业不招色盲、色弱、单色识别能力异常;办学地点:广州校区,,,,,504,31368,,,,,,504,31368,,,,,,,,,本科,,,,,
8065255,北京,本科批,物理,,X9877B1,专业组01,西安体育学院,7D93,新闻学（办学地点:含光校区）,办学地点:含光校区,,,,,486,35338,,,,,,486,35338,,,,,,,,,本科,,,,,
8071252,北京,本科批,物理,,X1C49D1,专业组01,湘南学院,852D,计算机科学与技术（办学地点:王仙校区）,办学地点:王仙校区,,,,,506,30876,,,,,,506,30876,,,,,,,,,本科,,,,,
8071253,北京,本科批,物理,,X1C49D1,专业组01,湘南学院,73AB,临床医学（五年）（（办学地点:王仙校区）,五年; （办学地点:王仙校区,,,,,507,30652,,,,,,507,30652,,,,,,,,,本科,,,,,
8072672,北京,本科批,物理,,XBEFCE4,专业组02,山西中医药大学,5E05,中西医临床医学（五年）（不招色盲、色弱、单色识别能力异常）,五年; 不招色盲、色弱、单色识别能力异常,,,,,530,25414,,,,,,530,25414,,,,,,,,,本科,,,,,
8072673,北京,本科批,物理,,XBEFCE4,专业组02,山西中医药大学,0012,中医学（五年）（不招色盲、色弱、单色识别能力异常）,五年; 不招色盲、色弱、单色识别能力异常,,,,,537,23824,,,,,,537,23824,,,,,,,,,本科,,,,,
8072674,北京,本科批,物理,,XBEFCE4,专业组01,山西中医药大学,0B11,中药学（不招色盲、色弱、单色识别能力异常）,不招色盲、色弱、单色识别能力异常,,,,,540,23122,,,,,,540,23122,,,,,,,,,本科,,,,,
8072675,北京,本科批,物理,,XBEFCE4,专业组02,山西中医药大学,B88B,针灸推拿学（五年）（不招色盲、色弱、单色识别能力异常）,五年; 不招色盲、色弱、单色识别能力异常,,,,,552,20524,,,,,,552,20524,,,,,,,,,本科,,,,,
8073658,北京,本科批,物理,,X7F1282,专业组01,山西传媒学院,41CF,数字媒体技术,,,,,,434,44923,,,,,,434,44923,,,,,,,,,本科,,,,,
8074344,北京,本科批,物理,,X1F9198,专业组02,昌吉学院,51C8,思想政治教育,,,,,,477,37194,,,,,,477,37194,,,,,,,,,本科,,,,,
8074345,北京,本科批,物理,,X1F9198,专业组01,昌吉学院,D243,汉语言文学,,,,,,478,36997,,,,,,478,36997,,,,,,,,,本科,,,,,
8074839,北京,本科批,物理,,X6540DA,专业组01,大庆师范学院,C37E,商务英语（只招英语考生）,只招英语考生,,,,,481,36368,,,,,,481,36368,,,,,,,,,本科,,,,,
8074840,北京,本科批,物理,,X6540DA,专业组01,大庆师范学院,B906,英语（师范）（只招英语考生）,师范; 只招英语考生,,,,,485,35549,,,,,,485,35549,,,,,,,,,本科,,,,,
8077559,北京,本科批,物理,,XC5FB98,专业组02,吉林工商学院,5003,计算机科学与技术（办学地点:卡伦校区）,办学地点:卡伦校区,,,,,471,38445,,,,,,471,38445,,,,,,,,,本科,,,,,
8077560,北京,本科批,物理,,XC5FB98,专业组01,吉林工商学院,D78F,经济学（办学地点:卡伦校区）,办学地点:卡伦校区,,,,,483,35931,,,,,,483,35931,,,,,,,,,本科,,,,,
8077561,北京,本科批,物理,,XC5FB98,专业组01,吉林工商学院,8F37,资产评估（办学地点:卡伦校区）,办学地点:卡伦校区,,,,,484,35756,,,,,,484,35756,,,,,,,,,本科,,,,,
8077562,北京,本科批,物理,,XC5FB98,专业组01,吉林工商学院,DB29,金融学（办学地点:卡伦校区）,办学地点:卡伦校区,,,,,484,35756,,,,,,484,35756,,,,,,,,,本科,,,,,
8077563,北京,本科批,物理,,XC5FB98,专业组01,吉林工商学院,A7C9,"会计学（校企合作试点，与用友集团新道科技股份有限公司共建，双方共同参与人才培养全过程,办学地点:卡伦校区）","校企合作试点，与用友集团新道科技股份有限公司共建，双方共同参与人才培养全过程,办学地点:卡伦校区",,,,,484,35756,,,,,,484,35756,,,,,,,,,本科,,,,,
8079154,北京,本科批,物理,,X192A4A,专业组02,平顶山学院,0AB5,计算机科学与技术（专业办学地点:湖滨校区）,专业办学地点:湖滨校区,,,,,453,41804,,,,,,453,41804,,,,,,,,,本科,,,,,
8079155,北京,本科批,物理,,X192A4A,专业组01,平顶山学院,EA57,网络与新媒体（专业办学地点:湖滨校区）,专业办学地点:湖滨校区,,,,,481,36368,,,,,,481,36368,,,,,,,,,本科,,,,,
8080295,北京,本科批,物理,,X724A51,专业组02,上海商学院,B9A5,计算机科学与技术,,,,,,503,31574,,,,,,503,31574,,,,,,,,,本科,,,,,
8080296,北京,本科批,物理,,X724A51,专业组01,上海商学院,04A0,工商管理,,,,,,517,28417,,,,,,517,28417,,,,,,,,,本科,,,,,
8081374,北京,本科批,物理,,X6DD644,专业组02,中华女子学院,25B5,数字媒体技术（女）（只招女生;办学地点:第一年在北校区，第二、三、四年在校本部）,女; 只招女生;办学地点:第一年在北校区，第二、三、四年在校本部,,,,,507,30652,,,,,,507,30652,,,,,,,,,本科,,,,,
8081375,北京,本科批,物理,,X6DD644,专业组01,中华女子学院,0D49,学前教育（师范）（女）（只招女生;办学地点:第一年在北校区，第二、三、四年在校本部）,师范; 女; 只招女生;办学地点:第一年在北校区，第二、三、四年在校本部,,,,,517,28417,,,,,,517,28417,,,,,,,,,本科,,,,,
8081376,北京,本科批,物理,,X6DD644,专业组01,中华女子学院,1600,家庭教育（女）（只招女生;办学地点:第一年在北校区，第二、三、四年在校本部）,女; 只招女生;办学地点:第一年在北校区，第二、三、四年在校本部,,,,,519,27941,,,,,,519,27941,,,,,,,,,本科,,,,,
8081377,北京,本科批,物理,,X6DD644,专业组01,中华女子学院,582A,金融学（女）（只招女生;办学地点:第一年在北校区，第二、三、四年在校本部）,女; 只招女生;办学地点:第一年在北校区，第二、三、四年在校本部,,,,,519,27941,,,,,,519,27941,,,,,,,,,本科,,,,,
8081378,北京,本科批,物理,,X6DD644,专业组01,中华女子学院,A343,人力资源管理（女）（只招女生;办学地点:第一年在北校区，第二、三、四年在校本部）,女; 只招女生;办学地点:第一年在北校区，第二、三、四年在校本部,,,,,520,27728,,,,,,520,27728,,,,,,,,,本科,,,,,
8081379,北京,本科批,物理,,X6DD644,专业组01,中华女子学院,5378,社会工作（女）（只招女生;办学地点:第一年在北校区，第二、三、四年在校本部）,女; 只招女生;办学地点:第一年在北校区，第二、三、四年在校本部,,,,,520,27728,,,,,,520,27728,,,,,,,,,本科,,,,,
8081380,北京,本科批,物理,,X6DD644,专业组01,中华女子学院,2823,社会学（女）（只招女生;办学地点:第一年在北校区，第二、三、四年在校本部）,女; 只招女生;办学地点:第一年在北校区，第二、三、四年在校本部,,,,,521,27493,,,,,,521,27493,,,,,,,,,本科,,,,,
8081381,北京,本科批,物理,,X6DD644,专业组01,中华女子学院,75A7,养老服务管理（女）（只招女生;办学地点:第一年在北校区，第二、三、四年在校本部）,女; 只招女生;办学地点:第一年在北校区，第二、三、四年在校本部,,,,,521,27493,,,,,,521,27493,,,,,,,,,本科,,,,,
8081382,北京,本科批,物理,,X6DD644,专业组01,中华女子学院,B57A,汉语国际教育（师范）（女）（只招女生;办学地点:第一年在北校区，第二、三、四年在校本部）,师范; 女; 只招女生;办学地点:第一年在北校区，第二、三、四年在校本部,,,,,522,27234,,,,,,522,27234,,,,,,,,,本科,,,,,
8081383,北京,本科批,物理,,X6DD644,专业组01,中华女子学院,8538,应用心理学（师范）（女）（只招女生;办学地点:第一年在北校区，第二、三、四年在校本部）,师范; 女; 只招女生;办学地点:第一年在北校区，第二、三、四年在校本部,,,,,523,26996,,,,,,523,26996,,,,,,,,,本科,,,,,
8081384,北京,本科批,物理,,X6DD644,专业组01,中华女子学院,AA5C,网络与新媒体（女）（只招女生;办学地点:第一年在北校区，第二、三、四年在校本部）,女; 只招女生;办学地点:第一年在北校区，第二、三、四年在校本部,,,,,524,26772,,,,,,524,26772,,,,,,,,,本科,,,,,
8081385,北京,本科批,物理,,X6DD644,专业组01,中华女子学院,C6FB,会计学（女）（只招女生;办学地点:第一年在北校区，第二、三、四年在校本部）,女; 只招女生;办学地点:第一年在北校区，第二、三、四年在校本部,,,,,525,26546,,,,,,525,26546,,,,,,,,,本科,,,,,
8081386,北京,本科批,物理,,X6DD644,专业组01,中华女子学院,3D1A,法学（女）（只招女生;办学地点:第一年在北校区，第二、三、四年在校本部）,女; 只招女生;办学地点:第一年在北校区，第二、三、四年在校本部,,,,,525,26546,,,,,,525,26546,,,,,,,,,本科,,,,,
8081387,北京,本科批,物理,,X6DD644,专业组01,中华女子学院,95CC,女性学（女）（只招女生;办学地点:第一年在北校区，第二、三、四年在校本部）,女; 只招女生;办学地点:第一年在北校区，第二、三、四年在校本部,,,,,537,23824,,,,,,537,23824,,,,,,,,,本科,,,,,
8082908,北京,本科批,物理,,X4A072C,专业组03,廊坊师范学院,15F5,土木工程（办学地点:廊坊校区）,办学地点:廊坊校区,,,,,444,43369,,,,,,444,43369,,,,,,,,,本科,,,,,
8082909,北京,本科批,物理,,X4A072C,专业组03,廊坊师范学院,C599,数学与应用数学（师范）（办学地点:廊坊校区）,师范; 办学地点:廊坊校区,,,,,481,36368,,,,,,481,36368,,,,,,,,,本科,,,,,
8082910,北京,本科批,物理,,X4A072C,专业组01,廊坊师范学院,5A64,思想政治教育（师范）（办学地点:廊坊校区）,师范; 办学地点:廊坊校区,,,,,514,29083,,,,,,514,29083,,,,,,,,,本科,,,,,
8082911,北京,本科批,物理,,X4A072C,专业组02,廊坊师范学院,0869,汉语言文学（师范）（办学地点:廊坊校区）,师范; 办学地点:廊坊校区,,,,,526,26285,,,,,,526,26285,,,,,,,,,本科,,,,,
8086334,北京,本科批,物理,,X3A9A54,专业组01,内蒙古艺术学院,DFEB,文化产业管理（语文成绩不低于90分、外语成绩不低于85分;办学地点:云谷校区）,语文成绩不低于90分、外语成绩不低于85分;办学地点:云谷校区,,,,,476,37407,,,,,,476,37407,,,,,,,,,本科,,,,,
8086335,北京,本科批,物理,,X3A9A54,专业组01,内蒙古艺术学院,DB14,艺术史论（语文成绩不低于90分、外语成绩不低于85分;办学地点:云谷校区）,语文成绩不低于90分、外语成绩不低于85分;办学地点:云谷校区,,,,,476,37407,,,,,,476,37407,,,,,,,,,本科,,,,,
8088883,北京,本科批,物理,,X11A2FC,专业组01,哈尔滨金融学院,0FBC,金融学,,,,,,485,35549,,,,,,485,35549,,,,,,,,,本科,,,,,
8088884,北京,本科批,物理,,X11A2FC,专业组01,哈尔滨金融学院,5E19,会计学,,,,,,486,35338,,,,,,486,35338,,,,,,,,,本科,,,,,
8093308,北京,本科批,物理,,XD23D2B,专业组02,河南城建学院,4ECE,土木工程,,,,,,435,44789,,,,,,435,44789,,,,,,,,,本科,,,,,
8093309,北京,本科批,物理,,XD23D2B,专业组01,河南城建学院,6AA2,建筑学（五年）,五年,,,,,478,36997,,,,,,478,36997,,,,,,,,,本科,,,,,
8094286,北京,本科批,物理,,X98BB78,专业组01,衡水学院,C349,学前教育（师范）,师范,,,,,485,35549,,,,,,485,35549,,,,,,,,,本科,,,,,
8094703,北京,本科批,物理,,X57E962,专业组02,九江学院,16DF,金融工程,,,,,,479,36793,,,,,,479,36793,,,,,,,,,本科,,,,,
8094704,北京,本科批,物理,,X57E962,专业组01,九江学院,5E19,会计学,,,,,,484,35756,,,,,,484,35756,,,,,,,,,本科,,,,,
8095186,北京,本科批,物理,,XC690AD,专业组04,吕梁学院,3C38,软件工程,,,,,,462,40150,,,,,,462,40150,,,,,,,,,本科,,,,,
8095187,北京,本科批,物理,,XC690AD,专业组03,吕梁学院,6AA2,建筑学（五年）,五年,,,,,478,36997,,,,,,478,36997,,,,,,,,,本科,,,,,
8095188,北京,本科批,物理,,XC690AD,专业组01,吕梁学院,6E5A,园林,,,,,,481,36368,,,,,,481,36368,,,,,,,,,本科,,,,,
8095189,北京,本科批,物理,,XC690AD,专业组02,吕梁学院,68F4,新闻学,,,,,,484,35756,,,,,,484,35756,,,,,,,,,本科,,,,,
8095190,北京,本科批,物理,,XC690AD,专业组02,吕梁学院,DF93,历史学（师范）,师范,,,,,485,35549,,,,,,485,35549,,,,,,,,,本科,,,,,
8099900,北京,本科批,物理,,X99048E,专业组02,郑州工程技术学院,53B9,食品质量与安全,,,,,,436,44652,,,,,,436,44652,,,,,,,,,本科,,,,,
8099901,北京,本科批,物理,,X99048E,专业组02,郑州工程技术学院,29F4,物联网工程,,,,,,442,43685,,,,,,442,43685,,,,,,,,,本科,,,,,
8099902,北京,本科批,物理,,X99048E,专业组01,郑州工程技术学院,CA0F,旅游管理,,,,,,481,36368,,,,,,481,36368,,,,,,,,,本科,,,,,
8100833,北京,本科批,物理,,X4C8207,专业组01,河北环境工程学院,E9A7,环境科学与工程,,,,,,434,44923,,,,,,434,44923,,,,,,,,,本科,,,,,
8100834,北京,本科批,物理,,X4C8207,专业组01,河北环境工程学院,C1F4,环境工程（不招色盲、色弱、单色识别能力异常）,不招色盲、色弱、单色识别能力异常,,,,,434,44923,,,,,,434,44923,,,,,,,,,本科,,,,,
8102247,北京,本科批,物理,,X54598F,专业组01,新疆科技学院,9227,财务管理（办学地点:东校区）,办学地点:东校区,,,,,460,40513,,,,,,460,40513,,,,,,,,,本科,,,,,
8102248,北京,本科批,物理,,X54598F,专业组01,新疆科技学院,DAA7,会计学（办学地点:东校区）,办学地点:东校区,,,,,465,39590,,,,,,465,39590,,,,,,,,,本科,,,,,
8102873,北京,本科批,物理,,XD1A0A6,专业组01,新疆理工学院,41CF,数字媒体技术,,,,,,434,44923,,,,,,434,44923,,,,,,,,,本科,,,,,
8102874,北京,本科批,物理,,XD1A0A6,专业组01,新疆理工学院,B9A5,计算机科学与技术,,,,,,434,44923,,,,,,434,44923,,,,,,,,,本科,,,,,
8102875,北京,本科批,物理,,XD1A0A6,专业组01,新疆理工学院,3C38,软件工程,,,,,,434,44923,,,,,,434,44923,,,,,,,,,本科,,,,,
8102876,北京,本科批,物理,,XD1A0A6,专业组01,新疆理工学院,004B,医学信息工程,,,,,,434,44923,,,,,,434,44923,,,,,,,,,本科,,,,,
8102877,北京,本科批,物理,,XD1A0A6,专业组01,新疆理工学院,ECA4,通信工程,,,,,,434,44923,,,,,,434,44923,,,,,,,,,本科,,,,,
8104015,北京,本科批,物理,,XB127AC,专业组01,赣东学院,5E19,会计学,,,,,,484,35756,,,,,,484,35756,,,,,,,,,本科,,,,,
8104397,北京,本科批,物理,,X909072,专业组01,赣南科技学院,0FBC,金融学,,,,,,480,36562,,,,,,480,36562,,,,,,,,,本科,,,,,
8104398,北京,本科批,物理,,X909072,专业组01,赣南科技学院,4154,电子商务,,,,,,480,36562,,,,,,480,36562,,,,,,,,,本科,,,,,
8105908,北京,本科批,物理,,XE789A3,专业组02,青海理工学院,A86C,遥感科学与技术,,,,,,434,44923,,,,,,434,44923,,,,,,,,,本科,,,,,
8105909,北京,本科批,物理,,XE789A3,专业组02,青海理工学院,A942,材料科学与工程,,,,,,434,44923,,,,,,434,44923,,,,,,,,,本科,,,,,
8105910,北京,本科批,物理,,XE789A3,专业组01,青海理工学院,6AB9,经济学,,,,,,464,39774,,,,,,464,39774,,,,,,,,,本科,,,,,
8105911,北京,本科批,物理,,XE789A3,专业组01,青海理工学院,1C92,数字经济,,,,,,464,39774,,,,,,464,39774,,,,,,,,,本科,,,,,
8105912,北京,本科批,物理,,XE789A3,专业组01,青海理工学院,BD59,金融科技,,,,,,464,39774,,,,,,464,39774,,,,,,,,,本科,,,,,
8106036,北京,本科批,物理,,X57DB4B,专业组02,山东石油化工学院,B9A5,计算机科学与技术,,,,,,474,37807,,,,,,474,37807,,,,,,,,,本科,,,,,
8106037,北京,本科批,物理,,X57DB4B,专业组01,山东石油化工学院,C349,学前教育（师范）,师范,,,,,482,36158,,,,,,482,36158,,,,,,,,,本科,,,,,
8106407,北京,本科批,物理,,X8EDAC4,专业组02,山西工学院,3C38,软件工程,,,,,,462,40150,,,,,,462,40150,,,,,,,,,本科,,,,,
8106408,北京,本科批,物理,,X8EDAC4,专业组01,山西工学院,25DE,国际经济与贸易,,,,,,484,35756,,,,,,484,35756,,,,,,,,,本科,,,,,
8106409,北京,本科批,物理,,X8EDAC4,专业组01,山西工学院,FB18,财务管理,,,,,,485,35549,,,,,,485,35549,,,,,,,,,本科,,,,,
8107267,北京,专科批,物理,,X6CA6EA,专业组Z01,首钢工学院,7C5D,"数字媒体技术（6000元,（信息技术合格,通用技术合格））","6000元,（信息技术合格,通用技术合格",,,,,120,7731,,,,,,120,7731,,,,,,,,,专科,,,,,
8107268,北京,专科批,物理,,X6CA6EA,专业组Z01,首钢工学院,16DF,"人力资源管理（6000元，（思想政治合格,信息技术合格））","6000元，（思想政治合格,信息技术合格",,,,,120,7731,,,,,,120,7731,,,,,,,,,专科,,,,,
8107269,北京,专科批,物理,,X6CA6EA,专业组Z01,首钢工学院,BAC9,"环境工程技术（6000元,（化学合格,信息技术合格）,不招色盲、单色识别能力异常）","6000元,（化学合格,信息技术合格",,,,,120,7731,,,,,,120,7731,,,,,,,,,专科,,,,,
8107270,北京,专科批,物理,,X6CA6EA,专业组Z01,首钢工学院,2E7A,"影视动画（6000元,（信息技术合格,通用技术合格））","6000元,（信息技术合格,通用技术合格",,,,,120,7731,,,,,,120,7731,,,,,,,,,专科,,,,,
8107271,北京,专科批,物理,,X6CA6EA,专业组Z01,首钢工学院,2441,"计算机应用技术（6000元,（物理合格,信息技术合格））","6000元,（物理合格,信息技术合格",,,,,120,7731,,,,,,120,7731,,,,,,,,,专科,,,,,
8107272,北京,专科批,物理,,X6CA6EA,专业组Z01,首钢工学院,61CD,"机电一体化技术（6000元，（物理合格,信息技术合格））","6000元，（物理合格,信息技术合格",,,,,120,7731,,,,,,120,7731,,,,,,,,,专科,,,,,
8107273,北京,专科批,物理,,X6CA6EA,专业组Z01,首钢工学院,A92B,"大数据与会计（6000元，（信息技术合格,通用技术合格））","6000元，（信息技术合格,通用技术合格",,,,,120,7731,,,,,,120,7731,,,,,,,,,专科,,,,,
8107274,北京,专科批,物理,,X6CA6EA,专业组Z01,首钢工学院,2926,"学前教育（6000元，（思想政治合格,信息技术合格））","6000元，（思想政治合格,信息技术合格",,,,,120,7731,,,,,,120,7731,,,,,,,,,专科,,,,,
8107275,北京,专科批,物理,,X6CA6EA,专业组Z01,首钢工学院,E618,"电气自动化技术（6000元，（物理合格,信息技术合格））","6000元，（物理合格,信息技术合格",,,,,120,7731,,,,,,120,7731,,,,,,,,,专科,,,,,
8107276,北京,专科批,物理,,X6CA6EA,专业组Z01,首钢工学院,AAB2,"机械设计与制造（6000元,（物理合格,信息技术合格））","6000元,（物理合格,信息技术合格",,,,,120,7731,,,,,,120,7731,,,,,,,,,专科,,,,,
8107277,北京,专科批,物理,,X6CA6EA,专业组Z01,首钢工学院,15E2,"旅游管理（6000元,（历史合格,地理合格））","6000元,（历史合格,地理合格",,,,,120,7731,,,,,,120,7731,,,,,,,,,专科,,,,,
8107278,北京,专科批,物理,,X6CA6EA,专业组Z01,首钢工学院,6327,"护理（6000元,（化学合格,生物合格））","6000元,（化学合格,生物合格",,,,,226,3403,,,,,,226,3403,,,,,,,,,专科,,,,,
8107279,北京,本科批,物理,,X6CA6EA,专业组01,首钢工学院,4C65,自动化,,,,,,461,40318,,,,,,461,40318,,,,,,,,,本科,,,,,
8107561,北京,本科批,物理,,XE37AD9,专业组03,新疆和田学院,F40C,医学检验技术（办学地点:老校区）,办学地点:老校区,,,,,434,44923,,,,,,434,44923,,,,,,,,,本科,,,,,
8107562,北京,本科批,物理,,XE37AD9,专业组03,新疆和田学院,8BEE,计算机科学与技术（办学地点:老校区）,办学地点:老校区,,,,,434,44923,,,,,,434,44923,,,,,,,,,本科,,,,,
8107563,北京,本科批,物理,,XE37AD9,专业组03,新疆和田学院,605C,数据科学与大数据技术（办学地点:老校区）,办学地点:老校区,,,,,434,44923,,,,,,434,44923,,,,,,,,,本科,,,,,
8107564,北京,本科批,物理,,XE37AD9,专业组01,新疆和田学院,BF5A,学前教育（师范）（（办学地点:新校区）,师范; （办学地点:新校区,,,,,460,40513,,,,,,460,40513,,,,,,,,,本科,,,,,
8107565,北京,本科批,物理,,XE37AD9,专业组01,新疆和田学院,A99C,小学教育（师范）（（办学地点:新校区）,师范; （办学地点:新校区,,,,,460,40513,,,,,,460,40513,,,,,,,,,本科,,,,,
8107566,北京,本科批,物理,,XE37AD9,专业组02,新疆和田学院,5BF9,思想政治教育（师范）（（办学地点:新校区）,师范; （办学地点:新校区,,,,,463,39971,,,,,,463,39971,,,,,,,,,本科,,,,,
8108731,北京,专科批,物理,,X4C6A6B,专业组Z01,天津警察学院,8622,"社区管理与服务（5000元,（历史合格,地理合格,思想政治合格））","5000元,（历史合格,地理合格,思想政治合格",,,,,236,2523,,,,,,236,2523,,,,,,,,,专科,,,,,
8108900,北京,本科批,物理,,X9FE683,专业组02,新疆政法学院,B9A5,计算机科学与技术,,,,,,434,44923,,,,,,434,44923,,,,,,,,,本科,,,,,
8108901,北京,本科批,物理,,X9FE683,专业组02,新疆政法学院,D583,网络空间安全,,,,,,439,44177,,,,,,439,44177,,,,,,,,,本科,,,,,
8108902,北京,本科批,物理,,X9FE683,专业组02,新疆政法学院,6C26,数学与应用数学（数学成绩不低于80分）,数学成绩不低于80分,,,,,446,43022,,,,,,446,43022,,,,,,,,,本科,,,,,
8108903,北京,本科批,物理,,X9FE683,专业组01,新疆政法学院,92DB,知识产权,,,,,,479,36793,,,,,,479,36793,,,,,,,,,本科,,,,,
8108904,北京,本科批,物理,,X9FE683,专业组01,新疆政法学院,927B,法学,,,,,,482,36158,,,,,,482,36158,,,,,,,,,本科,,,,,
8110043,北京,专科批,物理,,X02B47A,专业组Z01,抚州医药学院,6E19,"针灸推拿（3915元,（信息技术合格,通用技术合格））（不招色盲、色弱、单色识别能力异常）","3915元,（信息技术合格,通用技术合格; 不招色盲、色弱、单色识别能力异常",,,,,222,3739,,,,,,222,3739,,,,,,,,,专科,,,,,
8110044,北京,专科批,物理,,X02B47A,专业组Z01,抚州医药学院,76A7,"中医学（3915元,（信息技术合格,通用技术合格））（不招色盲、色弱、单色识别能力异常）","3915元,（信息技术合格,通用技术合格; 不招色盲、色弱、单色识别能力异常",,,,,285,331,,,,,,285,331,,,,,,,,,专科,,,,,
8110504,北京,本科批,物理,,XE127B4,专业组03,南昌医学院,08F8,针灸推拿学（五年）（（专业不招色盲、色弱、单色识别能力异常;办学地点:小蓝校区）,五年; （专业不招色盲、色弱、单色识别能力异常;办学地点:小蓝校区,,,,,524,26772,,,,,,524,26772,,,,,,,,,本科,,,,,
8110505,北京,本科批,物理,,XE127B4,专业组03,南昌医学院,E656,中医学（五年）（（专业不招色盲、色弱、单色识别能力异常;办学地点:小蓝校区）,五年; （专业不招色盲、色弱、单色识别能力异常;办学地点:小蓝校区,,,,,526,26285,,,,,,526,26285,,,,,,,,,本科,,,,,
8110506,北京,本科批,物理,,XE127B4,专业组02,南昌医学院,B584,口腔医学（五年）（（专业不招色盲、色弱、单色识别能力异常;办学地点:小蓝校区）,五年; （专业不招色盲、色弱、单色识别能力异常;办学地点:小蓝校区,,,,,526,26285,,,,,,526,26285,,,,,,,,,本科,,,,,
8110507,北京,本科批,物理,,XE127B4,专业组01,南昌医学院,1409,临床医学（五年）（（专业不招色盲、色弱、单色识别能力异常;办学地点:小蓝校区）,五年; （专业不招色盲、色弱、单色识别能力异常;办学地点:小蓝校区,,,,,532,24976,,,,,,532,24976,,,,,,,,,本科,,,,,
8114371,北京,本科批,物理,,XE404DF,专业组01,南京特殊教育师范学院,478B,特殊教育（师范）（（专业办学地点:第一学年在江宁校区）,师范; （专业办学地点:第一学年在江宁校区,,,,,507,30652,,,,,,507,30652,,,,,,,,,本科,,,,,
8115400,北京,本科批,物理,,XB3856C,专业组04,厦门大学,EE9B,软件工程（外语成绩不低于120分，全英文授课，入学第一年期间达到录取专业要求的雅思等成绩后开始学位课程学习）（40-42专业为厦门大学马来西亚分校招生专业，办学地点:马来西亚分校（马来西亚雪兰莪州雪邦沙叨丁宜））,外语成绩不低于120分，全英文授课，入学第一年期间达到录取专业要求的雅思等成绩后开始学位课程学习; 40-42专业为厦门大学马来西亚分校招生专业，办学地点:马来西亚分校（马来西亚雪兰莪州雪邦沙叨丁宜,,,,,609,9179,,,,,,609,9179,,,,,,,,,本科,,,,,
8115401,北京,本科批,物理,,XB3856C,专业组04,厦门大学,1ACE,计算机科学与技术（外语成绩不低于120分，全英文授课，入学第一年期间达到录取专业要求的雅思等成绩后开始学位课程学习）（40-42专业为厦门大学马来西亚分校招生专业，办学地点:马来西亚分校（马来西亚雪兰莪州雪邦沙叨丁宜））,外语成绩不低于120分，全英文授课，入学第一年期间达到录取专业要求的雅思等成绩后开始学位课程学习; 40-42专业为厦门大学马来西亚分校招生专业，办学地点:马来西亚分校（马来西亚雪兰莪州雪邦沙叨丁宜,,,,,609,9179,,,,,,609,9179,,,,,,,,,本科,,,,,
8115402,北京,本科批,物理,,XB3856C,专业组04,厦门大学,995C,电子信息工程（外语成绩不低于120分，全英文授课，入学第一年期间达到录取专业要求的雅思等成绩后开始学位课程学习）（40-42专业为厦门大学马来西亚分校招生专业，办学地点:马来西亚分校（马来西亚雪兰莪州雪邦沙叨丁宜））,外语成绩不低于120分，全英文授课，入学第一年期间达到录取专业要求的雅思等成绩后开始学位课程学习; 40-42专业为厦门大学马来西亚分校招生专业，办学地点:马来西亚分校（马来西亚雪兰莪州雪邦沙叨丁宜,,,,,620,7342,,,,,,620,7342,,,,,,,,,本科,,,,,
8115403,北京,本科批,物理,,XB3856C,专业组01,厦门大学,1666,新闻传播学类（含新闻学、广告学、传播学、国际新闻与传播）（10-16、20、30-35专业办学地点:思明校区）,含新闻学、广告学、传播学、国际新闻与传播; 10-16、20、30-35专业办学地点:思明校区,,,,,644,3844,,,,,,644,3844,,,,,,,,,本科,,,,,
8115404,北京,本科批,物理,,XB3856C,专业组03,厦门大学,71C6,理科试验班（海洋与生态环境类）（含海洋科学、海洋技术、环境科学、生态学）（36-39专业办学地点:翔安校区）,海洋与生态环境类; 含海洋科学、海洋技术、环境科学、生态学; 36-39专业办学地点:翔安校区,,,,,645,3726,,,,,,645,3726,,,,,,,,,本科,,,,,
8115405,北京,本科批,物理,,XB3856C,专业组01,厦门大学,CBA4,外国语言文学类（含英语、日语、法语、俄语、德语、西班牙语，只招英语考生）（10-16、20、30-35专业办学地点:思明校区）,含英语、日语、法语、俄语、德语、西班牙语，只招英语考生; 10-16、20、30-35专业办学地点:思明校区,,,,,645,3726,,,,,,645,3726,,,,,,,,,本科,,,,,
8115406,北京,本科批,物理,,XB3856C,专业组01,厦门大学,8CA5,经济学类（含金融学、财政学、税收学、国际经济与贸易、经济学）（10-16、20、30-35专业办学地点:思明校区）,含金融学、财政学、税收学、国际经济与贸易、经济学; 10-16、20、30-35专业办学地点:思明校区,,,,,645,3726,,,,,,645,3726,,,,,,,,,本科,,,,,
8115407,北京,本科批,物理,,XB3856C,专业组01,厦门大学,D981,工商管理类（含人力资源管理、工商管理、市场营销（含数智营销方向）、旅游管理）（10-16、20、30-35专业办学地点:思明校区）,含人力资源管理、工商管理、市场营销（含数智营销方向; 10-16、20、30-35专业办学地点:思明校区,,,,,645,3726,,,,,,645,3726,,,,,,,,,本科,,,,,
8115408,北京,本科批,物理,,XB3856C,专业组03,厦门大学,BE93,工科试验班（航空航天）（含机械设计制造及其自动化、测控技术与仪器、自动化、飞行器设计与工程、飞行器动力工程，专业分流后到飞行器设计与工程、飞行器动力工程专业学费6760元/年）（36-39专业办学地点:翔安校区）,航空航天; 含机械设计制造及其自动化、测控技术与仪器、自动化、飞行器设计与工程、飞行器动力工程，专业分流后到飞行器设计与工程、飞行器动力工程专业学费6760元/年; 36-39专业办学地点:翔安校区,,,,,645,3726,,,,,,645,3726,,,,,,,,,本科,,,,,
8115409,北京,本科批,物理,,XB3856C,专业组03,厦门大学,B11E,物理学类（含物理学、天文学）（10-16、20、30-35专业办学地点:思明校区）,含物理学、天文学; 10-16、20、30-35专业办学地点:思明校区,,,,,646,3611,,,,,,646,3611,,,,,,,,,本科,,,,,
8115410,北京,本科批,物理,,XB3856C,专业组03,厦门大学,E7D8,数据科学与大数据技术（部分专业课程采用全英文授课）（10-16、20、30-35专业办学地点:思明校区）,部分专业课程采用全英文授课; 10-16、20、30-35专业办学地点:思明校区,,,,,646,3611,,,,,,646,3611,,,,,,,,,本科,,,,,
8115411,北京,本科批,物理,,XB3856C,专业组03,厦门大学,BE9F,工科试验班（化工与材料类）（含化学工程与工艺、材料科学与工程）（10-16、20、30-35专业办学地点:思明校区）,化工与材料类; 含化学工程与工艺、材料科学与工程; 10-16、20、30-35专业办学地点:思明校区,,,,,647,3504,,,,,,647,3504,,,,,,,,,本科,,,,,
8115412,北京,本科批,物理,,XB3856C,专业组01,厦门大学,C40E,"外国语言文学类（含英语（加会计或财务）、日语（加会计或财务）、法语（加会计或财务）、俄语（加会计或财务）、德语（加会计或财务）、西班牙语（加会计或财务）,只招英语考生，外国语言文学类+会计学/财务管理主辅修项目;主修外国语言文学类专业学费5460元/学年;辅修会计学或财务管理专业课程采用全英文授课，120元/学分，4年总学分以当年度辅修项目招生简章为准）（以上10-16、20、30-35专业办学地点:思明校区）",含英语（加会计或财务; 加会计或财务; 加会计或财务; 加会计或财务; 加会计或财务; 加会计或财务; 以上10-16、20、30-35专业办学地点:思明校区,,,,,648,3382,,,,,,648,3382,,,,,,,,,本科,,,,,
8115413,北京,本科批,物理,,XB3856C,专业组03,厦门大学,94F0,计算机类（含计算机科学与技术、网络空间安全、人工智能、软件工程，软件工程专业三、四学年按学分收费，400元/学分，两年不超过80学分）（36-39专业办学地点:翔安校区）,含计算机科学与技术、网络空间安全、人工智能、软件工程，软件工程专业三、四学年按学分收费，400元/学分，两年不超过80学分; 36-39专业办学地点:翔安校区,,,,,648,3382,,,,,,648,3382,,,,,,,,,本科,,,,,
8115414,北京,本科批,物理,,XB3856C,专业组03,厦门大学,AA2F,理科试验班（生命科学与药学类）（含生物科学、生物技术、药学）（36-39专业办学地点:翔安校区）,生命科学与药学类; 含生物科学、生物技术、药学; 36-39专业办学地点:翔安校区,,,,,648,3382,,,,,,648,3382,,,,,,,,,本科,,,,,
8115415,北京,本科批,物理,,XB3856C,专业组02,厦门大学,6666,金融工程（以上10-16、20、30-35专业办学地点:思明校区）,以上10-16、20、30-35专业办学地点:思明校区,,,,,649,3267,,,,,,649,3267,,,,,,,,,本科,,,,,
8115416,北京,本科批,物理,,XB3856C,专业组03,厦门大学,363F,化学类（含化学、能源化学、化学生物学、化学测量学与技术）（10-16、20、30-35专业办学地点:思明校区）,含化学、能源化学、化学生物学、化学测量学与技术; 10-16、20、30-35专业办学地点:思明校区,,,,,649,3267,,,,,,649,3267,,,,,,,,,本科,,,,,
8115417,北京,本科批,物理,,XB3856C,专业组01,厦门大学,C2E3,会计学（含会计学、财务管理、审计学）（10-16、20、30-35专业办学地点:思明校区）,含会计学、财务管理、审计学; 10-16、20、30-35专业办学地点:思明校区,,,,,650,3176,,,,,,650,3176,,,,,,,,,本科,,,,,
8115418,北京,本科批,物理,,XB3856C,专业组03,厦门大学,7FAA,数学类（含数学与应用数学、信息与计算科学、统计学）（10-16、20、30-35专业办学地点:思明校区）,含数学与应用数学、信息与计算科学、统计学; 10-16、20、30-35专业办学地点:思明校区,,,,,650,3176,,,,,,650,3176,,,,,,,,,本科,,,,,
8115419,北京,本科批,物理,,XB3856C,专业组03,厦门大学,34C2,统计学类（含经济统计学、统计学，部分专业课程采用全英文授课）（以上10-16、20、30-35专业办学地点:思明校区）,含经济统计学、统计学，部分专业课程采用全英文授课; 以上10-16、20、30-35专业办学地点:思明校区,,,,,651,3065,,,,,,651,3065,,,,,,,,,本科,,,,,
8116324,北京,本科批,物理,,XE4E682,专业组04,四川大学,FD5C,广播电视编导（该专业属于艺术类专业，入校后不能转入非艺术类专业）（办学地点:江安校区）,该专业属于艺术类专业，入校后不能转入非艺术类专业; 办学地点:江安校区,,,,,615,8152,,,,,,615,8152,,,,,,,,,本科,,,,,
8116325,北京,本科批,物理,,XE4E682,专业组01,四川大学,0872,工业工程（中外合作办学）（入校后只允许在匹兹堡学院内申请转专业）（办学地点:江安校区）,中外合作办学; 入校后只允许在匹兹堡学院内申请转专业; 办学地点:江安校区,,,,,626,6380,,,,,,626,6380,,,,,,,,,本科,,,,,
8116326,北京,本科批,物理,,XE4E682,专业组05,四川大学,007E,建筑学（五年）（（办学地点:江安校区）,五年; （办学地点:江安校区,,,,,626,6380,,,,,,626,6380,,,,,,,,,本科,,,,,
8116327,北京,本科批,物理,,XE4E682,专业组02,四川大学,5BC9,材料科学与工程（中外合作办学）（入校后只允许在匹兹堡学院内申请转专业）（办学地点:江安校区）,中外合作办学; 入校后只允许在匹兹堡学院内申请转专业; 办学地点:江安校区,,,,,631,5623,,,,,,631,5623,,,,,,,,,本科,,,,,
8116328,北京,本科批,物理,,XE4E682,专业组03,四川大学,C117,公共管理类（含行政管理、劳动与社会保障、土地资源管理、档案学、信息资源管理、社会工作）（办学地点:江安校区）,含行政管理、劳动与社会保障、土地资源管理、档案学、信息资源管理、社会工作; 办学地点:江安校区,,,,,631,5623,,,,,,631,5623,,,,,,,,,本科,,,,,
8116329,北京,本科批,物理,,XE4E682,专业组06,四川大学,1F35,国际政治（办学地点:江安校区）,办学地点:江安校区,,,,,631,5623,,,,,,631,5623,,,,,,,,,本科,,,,,
8116330,北京,本科批,物理,,XE4E682,专业组03,四川大学,1C13,外国语言文学类（含日语、西班牙语、法语、俄语、英语）（办学地点:江安校区）,含日语、西班牙语、法语、俄语、英语; 办学地点:江安校区,,,,,632,5467,,,,,,632,5467,,,,,,,,,本科,,,,,
8116331,北京,本科批,物理,,XE4E682,专业组02,四川大学,29CB,机械设计制造及其自动化（中外合作办学）（入校后只允许在匹兹堡学院内申请转专业）（办学地点:江安校区）,中外合作办学; 入校后只允许在匹兹堡学院内申请转专业; 办学地点:江安校区,,,,,632,5467,,,,,,632,5467,,,,,,,,,本科,,,,,
8116332,北京,本科批,物理,,XE4E682,专业组02,四川大学,66CD,电子信息工程（中外合作办学）（入校后只允许在匹兹堡学院内申请转专业）（办学地点:江安校区）,中外合作办学; 入校后只允许在匹兹堡学院内申请转专业; 办学地点:江安校区,,,,,633,5307,,,,,,633,5307,,,,,,,,,本科,,,,,
8116333,北京,本科批,物理,,XE4E682,专业组02,四川大学,AA95,计算机科学与技术（中外合作办学）（入校后只允许在匹兹堡学院内申请转专业）（办学地点:江安校区）,中外合作办学; 入校后只允许在匹兹堡学院内申请转专业; 办学地点:江安校区,,,,,634,5176,,,,,,634,5176,,,,,,,,,本科,,,,,
8116334,北京,本科批,物理,,XE4E682,专业组03,四川大学,0CCA,工商管理类（含市场营销、人力资源管理、财务管理、会计学（ACCA）（办学地点:江安校区）,含市场营销、人力资源管理、财务管理、会计学（ACCA; 办学地点:江安校区,,,,,634,5176,,,,,,634,5176,,,,,,,,,本科,,,,,
8116335,北京,本科批,物理,,XE4E682,专业组03,四川大学,40A5,经济学类（含国际经济与贸易、经济学、国民经济管理、财政学）（办学地点:江安校区）,含国际经济与贸易、经济学、国民经济管理、财政学; 办学地点:江安校区,,,,,636,4929,,,,,,636,4929,,,,,,,,,本科,,,,,
8116336,北京,本科批,物理,,XE4E682,专业组07,四川大学,7645,公共卫生与预防医学类（含预防医学、食品卫生与营养学、卫生检验与检疫）（办学地点:江安校区）,含预防医学、食品卫生与营养学、卫生检验与检疫; 办学地点:江安校区,,,,,637,4789,,,,,,637,4789,,,,,,,,,本科,,,,,
8116337,北京,本科批,物理,,XE4E682,专业组07,四川大学,B486,工科试验班（绿色城市与智慧建造）（含环境工程、土木工程、工程力学）（办学地点:江安校区）,绿色城市与智慧建造; 含环境工程、土木工程、工程力学; 办学地点:江安校区,,,,,637,4789,,,,,,637,4789,,,,,,,,,本科,,,,,
8116338,北京,本科批,物理,,XE4E682,专业组07,四川大学,1D71,化学类（含化学、应用化学）（办学地点:江安校区）,含化学、应用化学; 办学地点:江安校区,,,,,639,4478,,,,,,639,4478,,,,,,,,,本科,,,,,
8116339,北京,本科批,物理,,XE4E682,专业组07,四川大学,CCA4,工科试验班（先进化工与高端装备类）（含化学工程与工艺、制药工程、生物工程、化学工程与工艺（互联化工交叉试验班）、过程装备与控制工程）（办学地点:江安校区）,先进化工与高端装备类; 含化学工程与工艺、制药工程、生物工程、化学工程与工艺（互联化工交叉试验班; 办学地点:江安校区,,,,,639,4478,,,,,,639,4478,,,,,,,,,本科,,,,,
8116340,北京,本科批,物理,,XE4E682,专业组03,四川大学,927B,法学,,,,,,639,4478,,,,,,639,4478,,,,,,,,,本科,,,,,
8116341,北京,本科批,物理,,XE4E682,专业组03,四川大学,3E9E,历史学类（含历史学、考古学、文物与博物馆学）（办学地点:江安校区）,含历史学、考古学、文物与博物馆学; 办学地点:江安校区,,,,,640,4365,,,,,,640,4365,,,,,,,,,本科,,,,,
8116342,北京,本科批,物理,,XE4E682,专业组07,四川大学,2E7C,物理学类（含物理学、微电子科学与工程、核工程与核技术）（办学地点:江安校区）,含物理学、微电子科学与工程、核工程与核技术; 办学地点:江安校区,,,,,641,4239,,,,,,641,4239,,,,,,,,,本科,,,,,
8116343,北京,本科批,物理,,XE4E682,专业组03,四川大学,DBDD,哲学（办学地点:江安校区）,办学地点:江安校区,,,,,643,3980,,,,,,643,3980,,,,,,,,,本科,,,,,
8117229,北京,本科批,物理,,X1B0DD0,专业组01,武汉大学,A48A,建筑学（中外合作办学）（五年）（前四学年在武汉大学学习，第五学年在英国邓迪大学学习，毕业生可同时获得武汉大学建筑学学士学位和英国邓迪大学的建筑学荣誉学位）,中外合作办学; 五年; 前四学年在武汉大学学习，第五学年在英国邓迪大学学习，毕业生可同时获得武汉大学建筑学学士学位和英国邓迪大学的建筑学荣誉学位,,,,,629,5925,,,,,,629,5925,,,,,,,,,本科,,,,,
8117230,北京,本科批,物理,,X1B0DD0,专业组03,武汉大学,58C7,化学类（含化学国家拔尖学生培养基地）（含化学、应用化学（含化生方向））,含化学国家拔尖学生培养基地; 含化学、应用化学（含化生方向,,,,,657,2491,,,,,,657,2491,,,,,,,,,本科,,,,,
8117231,北京,本科批,物理,,X1B0DD0,专业组03,武汉大学,509A,测绘类（含卓越工程师教育培养计划）（含测绘工程、导航工程、地球物理学）,含卓越工程师教育培养计划; 含测绘工程、导航工程、地球物理学,,,,,657,2491,,,,,,657,2491,,,,,,,,,本科,,,,,
8117232,北京,本科批,物理,,X1B0DD0,专业组03,武汉大学,0E65,工科试验班（智能机器人试验班）（含智能制造工程、机械设计制造及其自动化）,智能机器人试验班; 含智能制造工程、机械设计制造及其自动化,,,,,658,2395,,,,,,658,2395,,,,,,,,,本科,,,,,
8117233,北京,本科批,物理,,X1B0DD0,专业组03,武汉大学,561A,物理学类（含物理学国家拔尖学生培养基地）（含物理学、微电子科学与工程、材料物理）,含物理学国家拔尖学生培养基地; 含物理学、微电子科学与工程、材料物理,,,,,658,2395,,,,,,658,2395,,,,,,,,,本科,,,,,
8117234,北京,本科批,物理,,X1B0DD0,专业组03,武汉大学,D613,遥感科学与技术（含遥感科学与技术、空间信息与数字技术）,含遥感科学与技术、空间信息与数字技术,,,,,658,2395,,,,,,658,2395,,,,,,,,,本科,,,,,
8117235,北京,本科批,物理,,X1B0DD0,专业组03,武汉大学,D914,工科试验班（电气类）（含电气工程及其自动化、自动化、储能科学与工程）,电气类; 含电气工程及其自动化、自动化、储能科学与工程,,,,,658,2395,,,,,,658,2395,,,,,,,,,本科,,,,,
8117236,北京,本科批,物理,,X1B0DD0,专业组03,武汉大学,724F,计算机类（国家网络安全学院）（含信息安全、网络空间安全、密码科学与技术）,国家网络安全学院; 含信息安全、网络空间安全、密码科学与技术,,,,,658,2395,,,,,,658,2395,,,,,,,,,本科,,,,,
8117237,北京,本科批,物理,,X1B0DD0,专业组03,武汉大学,6D12,生物科学类（含生物国家拔尖学生培养基地）（含生物科学、生物技术、生态学）,含生物国家拔尖学生培养基地; 含生物科学、生物技术、生态学,,,,,659,2302,,,,,,659,2302,,,,,,,,,本科,,,,,
8117238,北京,本科批,物理,,X1B0DD0,专业组03,武汉大学,AA25,电子信息类（含电子信息工程（电子信息方向、光电子方向、机器人方向，卓越工程师计划试验班、逐光创新试验班、人工智能试验班）、电波传播与天线（空间科学技术试验班）、通信工程（卓越工程师计划试验班、人工智能试验班））,含电子信息工程（电子信息方向、光电子方向、机器人方向，卓越工程师计划试验班、逐光创新试验班、人工智能试验班; 空间科学技术试验班; 卓越工程师计划试验班、人工智能试验班,,,,,659,2302,,,,,,659,2302,,,,,,,,,本科,,,,,
8117239,北京,本科批,物理,,X1B0DD0,专业组03,武汉大学,8E1C,口腔医学（五年）,五年,,,,,660,2223,,,,,,660,2223,,,,,,,,,本科,,,,,
8117240,北京,本科批,物理,,X1B0DD0,专业组03,武汉大学,1D1E,密码科学与技术（密码与数据安全试验班）（衔接班）,密码与数据安全试验班; 衔接班,,,,,660,2223,,,,,,660,2223,,,,,,,,,本科,,,,,
8117241,北京,本科批,物理,,X1B0DD0,专业组02,武汉大学,38D0,中国语言文学类（含中国语言文学国家拔尖学生培养基地）（含汉语言文学、汉语国际教育）,含中国语言文学国家拔尖学生培养基地; 含汉语言文学、汉语国际教育,,,,,661,2118,,,,,,661,2118,,,,,,,,,本科,,,,,
8117242,北京,本科批,物理,,X1B0DD0,专业组02,武汉大学,7DB9,外国语言文学类（含英语、法语、德语、日语、西班牙语、俄语、翻译，含涉外法律人才试验班、国际传播人才试验班、多语种精英人才试验班、网络空间安全人才试验班）,含英语、法语、德语、日语、西班牙语、俄语、翻译，含涉外法律人才试验班、国际传播人才试验班、多语种精英人才试验班、网络空间安全人才试验班,,,,,661,2118,,,,,,661,2118,,,,,,,,,本科,,,,,
8117243,北京,本科批,物理,,X1B0DD0,专业组02,武汉大学,4245,历史学类（含历史学、世界史、考古学）,含历史学、世界史、考古学,,,,,661,2118,,,,,,661,2118,,,,,,,,,本科,,,,,
8117244,北京,本科批,物理,,X1B0DD0,专业组03,武汉大学,4549,生物科学（国际试验班）,国际试验班,,,,,662,2036,,,,,,662,2036,,,,,,,,,本科,,,,,
8117245,北京,本科批,物理,,X1B0DD0,专业组02,武汉大学,C0A8,新闻传播学类（含卓越新闻传播人才教育培养计划）（含新闻学、广播电视学、广告学、传播学）,含卓越新闻传播人才教育培养计划; 含新闻学、广播电视学、广告学、传播学,,,,,662,2036,,,,,,662,2036,,,,,,,,,本科,,,,,
8117246,北京,本科批,物理,,X1B0DD0,专业组02,武汉大学,7C84,哲学类（含哲学国家拔尖学生培养基地）（含哲学、宗教学）,含哲学国家拔尖学生培养基地; 含哲学、宗教学,,,,,662,2036,,,,,,662,2036,,,,,,,,,本科,,,,,
8117247,北京,本科批,物理,,X1B0DD0,专业组03,武汉大学,2147,数学类（含数学国家拔尖学生培养基地）（含数学与应用数学、信息与计算科学、统计学、数据科学与大数据技术）,含数学国家拔尖学生培养基地; 含数学与应用数学、信息与计算科学、统计学、数据科学与大数据技术,,,,,662,2036,,,,,,662,2036,,,,,,,,,本科,,,,,
8117248,北京,本科批,物理,,X1B0DD0,专业组03,武汉大学,408A,计算机类（计算机学院）（含计算机科学与技术、人工智能、软件工程）,计算机学院; 含计算机科学与技术、人工智能、软件工程,,,,,663,1949,,,,,,663,1949,,,,,,,,,本科,,,,,
8118148,北京,本科批,物理,,X0949A1,专业组03,中山大学,3990,计算机类（广州）,广州,,,,,644,3844,,,,,,644,3844,,,,,,,,,本科,,,,,
8118149,北京,本科批,物理,,X0949A1,专业组03,中山大学,D035,生物科学类,,,,,,644,3844,,,,,,644,3844,,,,,,,,,本科,,,,,
8118150,北京,本科批,物理,,X0949A1,专业组03,中山大学,DB53,临床医学（广州）,广州,,,,,645,3726,,,,,,645,3726,,,,,,,,,本科,,,,,
8118151,北京,本科批,物理,,X0949A1,专业组03,中山大学,72A6,数学类（广州）,广州,,,,,646,3611,,,,,,646,3611,,,,,,,,,本科,,,,,
8118152,北京,本科批,物理,,X0949A1,专业组03,中山大学,FBA4,物理学类（广州）,广州,,,,,648,3382,,,,,,648,3382,,,,,,,,,本科,,,,,
8118153,北京,本科批,物理,,X0949A1,专业组02,中山大学,73E7,国际政治,,,,,,649,3267,,,,,,649,3267,,,,,,,,,本科,,,,,
8118154,北京,本科批,物理,,X0949A1,专业组02,中山大学,46AC,公共管理类,,,,,,650,3176,,,,,,650,3176,,,,,,,,,本科,,,,,
8118155,北京,本科批,物理,,X0949A1,专业组01,中山大学,E796,工商管理类（广州）,广州,,,,,653,2876,,,,,,653,2876,,,,,,,,,本科,,,,,
8118156,北京,本科批,物理,,X0949A1,专业组01,中山大学,9301,新闻传播学类,,,,,,653,2876,,,,,,653,2876,,,,,,,,,本科,,,,,
8118157,北京,本科批,物理,,X0949A1,专业组01,中山大学,156F,哲学类（广州）,广州,,,,,653,2876,,,,,,653,2876,,,,,,,,,本科,,,,,
8118158,北京,本科批,物理,,X0949A1,专业组01,中山大学,BC14,经济学类（广州）,广州,,,,,653,2876,,,,,,653,2876,,,,,,,,,本科,,,,,
8118159,北京,本科批,物理,,X0949A1,专业组01,中山大学,927B,法学,,,,,,654,2776,,,,,,654,2776,,,,,,,,,本科,,,,,
8118160,北京,本科批,物理,,X0949A1,专业组01,中山大学,E34A,汉语言文学（广州）,广州,,,,,655,2687,,,,,,655,2687,,,,,,,,,本科,,,,,
8118161,北京,本科批,物理,,X0949A1,专业组01,中山大学,C53D,历史学（广州）,广州,,,,,655,2687,,,,,,655,2687,,,,,,,,,本科,,,,,
8118162,北京,本科批,物理,,X0949A1,专业组03,中山大学,9652,临床医学（八年制）,八年制,,,,,664,1860,,,,,,664,1860,,,,,,,,,本科,,,,,
8119033,北京,本科批,物理,,X723E13,专业组01,南京大学,02EF,大气科学（中外合作办学）（专业办学地点:鼓楼校区+苏州校区）,中外合作办学; 专业办学地点:鼓楼校区+苏州校区,,,,,652,2976,,,,,,652,2976,,,,,,,,,本科,,,,,
8119034,北京,本科批,物理,,X723E13,专业组02,南京大学,3688,汉语言文学（20-23、30、32-38专业办学地点:鼓楼校区+仙林校区）,20-23、30、32-38专业办学地点:鼓楼校区+仙林校区,,,,,671,1343,,,,,,671,1343,,,,,,,,,本科,,,,,
8119035,北京,本科批,物理,,X723E13,专业组02,南京大学,506C,经济管理试验班（数智经济与管理）（含经济学、金融学、保险学、经济学（产业经济学方向）、工商管理类、国际经济与贸易、财政学，含拔尖学生培养基地）（20-23、30、32-38专业办学地点:鼓楼校区+仙林校区）,数智经济与管理; 含经济学、金融学、保险学、经济学（产业经济学方向; 20-23、30、32-38专业办学地点:鼓楼校区+仙林校区,,,,,671,1343,,,,,,671,1343,,,,,,,,,本科,,,,,
8119036,北京,本科批,物理,,X723E13,专业组02,南京大学,0416,社会科学试验班（含法学、社会学类、公共管理类、图书馆学、档案学、编辑出版学，专业分流方向详见该校招生章程）（20-23、30、32-38专业办学地点:鼓楼校区+仙林校区）,含法学、社会学类、公共管理类、图书馆学、档案学、编辑出版学，专业分流方向详见该校招生章程; 20-23、30、32-38专业办学地点:鼓楼校区+仙林校区,,,,,671,1343,,,,,,671,1343,,,,,,,,,本科,,,,,
8119037,北京,本科批,物理,,X723E13,专业组02,南京大学,5D44,"人文科学试验班（含哲学、汉语国际教育、新闻学、广播电视学、广告学、历史学、考古学、考古学（文物鉴定方向）,含拔尖学生培养基地）（20-23、30、32-38专业办学地点:鼓楼校区+仙林校区）",含哲学、汉语国际教育、新闻学、广播电视学、广告学、历史学、考古学、考古学（文物鉴定方向; 20-23、30、32-38专业办学地点:鼓楼校区+仙林校区,,,,,671,1343,,,,,,671,1343,,,,,,,,,本科,,,,,
8119038,北京,本科批,物理,,X723E13,专业组03,南京大学,F6FB,"理���试验班（匡亚明学院大理科班）（含数学与应用数学、信息与计算科学、物理学、物理学（生物物理学）、化学、天文学、生物科学、生物科学（生物化学与分子生物学方向）、计算机科学与技术、计算机科学与技术（脑科学与AI方向）,含拔尖学生培养基地）（20-23、30、32-38专业办学地点:鼓楼校区+仙林校区）",匡亚明学院大理科班; 含数学与应用数学、信息与计算科学、物理学、物理学（生物物理学; 生物化学与分子生物学方向; 脑科学与AI方向; 20-23、30、32-38专业办学地点:鼓楼校区+仙林校区,,,,,673,1204,,,,,,673,1204,,,,,,,,,本科,,,,,
8119039,北京,本科批,物理,,X723E13,专业组03,南京大学,F7E6,计算机科学与技术（拔尖学生培养基地）（20-23、30、32-38专业办学地点:鼓楼校区+仙林校区）,拔尖学生培养基地; 20-23、30、32-38专业办学地点:鼓楼校区+仙林校区,,,,,673,1204,,,,,,673,1204,,,,,,,,,本科,,,,,
8119040,北京,本科批,物理,,X723E13,专业组03,南京大学,5C97,人工智能（20-23、30、32-38专业办学地点:鼓楼校区+仙林校区）,20-23、30、32-38专业办学地点:鼓楼校区+仙林校区,,,,,673,1204,,,,,,673,1204,,,,,,,,,本科,,,,,
8119041,北京,本科批,物理,,X723E13,专业组03,南京大学,7BA6,软件工程（国家特色化软件学院实验班）（/年）（第一、二学年学费6380元/年，第三、四学年为16000元/年）（20-23、30、32-38专业办学地点:鼓楼校区+仙林校区）,国家特色化软件学院实验班; /年; 第一、二学年学费6380元/年，第三、四学年为16000元/年; 20-23、30、32-38专业办学地点:鼓楼校区+仙林校区,,,,,673,1204,,,,,,673,1204,,,,,,,,,本科,,,,,
8119042,北京,本科批,物理,,X723E13,专业组03,南京大学,D160,理科试验班类（地球科学与资源环境类）（含大气科学、应用气象学、环境科学与工程类、地理科学类、地质学类，含拔尖学生培养基地）（20-23、30、32-38专业办学地点:鼓楼校区+仙林校区）,地球科学与资源环境类; 含大气科学、应用气象学、环境科学与工程类、地理科学类、地质学类，含拔尖学生培养基地; 20-23、30、32-38专业办学地点:鼓楼校区+仙林校区,,,,,673,1204,,,,,,673,1204,,,,,,,,,本科,,,,,
8119043,北京,本科批,物理,,X723E13,专业组03,南京大学,A827,理科试验班类（数理科学类）（含数学与应用数学、信息与计算科学、统计学、物理学、应用物理学、声学、天文学、空间科学与技术、大气科学、应用气象学，含拔尖学生培养基地）（20-23、30、32-38专业办学地点:鼓楼校区+仙林校区）,数理科学类; 含数学与应用数学、信息与计算科学、统计学、物理学、应用物理学、声学、天文学、空间科学与技术、大气科学、应用气象学，含拔尖学生培养基地; 20-23、30、32-38专业办学地点:鼓楼校区+仙林校区,,,,,673,1204,,,,,,673,1204,,,,,,,,,本科,,,,,
8119044,北京,本科批,物理,,X723E13,专业组03,南京大学,64C8,理科试验班类（化学与生命科学类）（含生物科学、生物技术、生态学、化学、应用化学，含拔尖学生培养基地）（20-23、30、32-38专业办学地点:鼓楼校区+仙林校区）,化学与生命科学类; 含生物科学、生物技术、生态学、化学、应用化学，含拔尖学生培养基地; 20-23、30、32-38专业办学地点:鼓楼校区+仙林校区,,,,,673,1204,,,,,,673,1204,,,,,,,,,本科,,,,,
8119045,北京,本科批,物理,,X723E13,专业组03,南京大学,D8C9,技术科学试验班（含智能科学与技术、软件工程（智能化软件）、集成电路设计与集成系统、数字经济，智能软件方向第三、四学年学费16000元/年）（专业办学地点:鼓楼校区+苏州校区）,含智能科学与技术、软件工程（智能化软件; 专业办学地点:鼓楼校区+苏州校区,,,,,673,1204,,,,,,673,1204,,,,,,,,,本科,,,,,
8119046,北京,本科批,物理,,X723E13,专业组03,南京大学,4570,电子信息类（含电子信息科学与技术、通信工程、微电子科学与工程、集成电路设计与集成系统）（20-23、30、32-38专业办学地点:鼓楼校区+仙林校区）,含电子信息科学与技术、通信工程、微电子科学与工程、集成电路设计与集成系统; 20-23、30、32-38专业办学地点:鼓楼校区+仙林校区,,,,,673,1204,,,,,,673,1204,,,,,,,,,本科,,,,,
8119649,北京,本科批,物理,,XAED60F,专业组04,西南大学,1316,药学（不招色盲考生）（办学地点:北碚校区）,不招色盲考生; 办学地点:北碚校区,,,,,578,15033,,,,,,578,15033,,,,,,,,,本科,,,,,
8119650,北京,本科批,物理,,XAED60F,专业组04,西南大学,A5E8,环境科学与工程（不招色盲、色弱考生）（办学地点:北碚校区）,不招色盲、色弱考生; 办学地点:北碚校区,,,,,580,14596,,,,,,580,14596,,,,,,,,,本科,,,,,
8119651,北京,本科批,物理,,XAED60F,专业组04,西南大学,E89B,土木工程（办学地点:北碚校区）,办学地点:北碚校区,,,,,582,14198,,,,,,582,14198,,,,,,,,,本科,,,,,
8119652,北京,本科批,物理,,XAED60F,专业组04,西南大学,F31B,电气工程及其自动化（办学地点:北碚校区）,办学地点:北碚校区,,,,,584,13797,,,,,,584,13797,,,,,,,,,本科,,,,,
8119653,北京,本科批,物理,,XAED60F,专业组04,西南大学,F312,人工智能（办学地点:北碚校区）,办学地点:北碚校区,,,,,588,12980,,,,,,588,12980,,,,,,,,,本科,,,,,
8119654,北京,本科批,物理,,XAED60F,专业组04,西南大学,9292,信息安全（办学地点:北碚校区）,办学地点:北碚校区,,,,,598,11157,,,,,,598,11157,,,,,,,,,本科,,,,,
8119655,北京,本科批,物理,,XAED60F,专业组02,西南大学,9EDB,风景园林（不招色盲考生）（办学地点:北碚校区）,不招色盲考生; 办学地点:北碚校区,,,,,599,10980,,,,,,599,10980,,,,,,,,,本科,,,,,
8119656,北京,本科批,物理,,XAED60F,专业组04,西南大学,BB14,电子信息类（含电子信息工程、通信工程）（办学地点:北碚校区）,含电子信息工程、通信工程; 办学地点:北碚校区,,,,,600,10787,,,,,,600,10787,,,,,,,,,本科,,,,,
8119657,北京,本科批,物理,,XAED60F,专业组01,西南大学,D7FC,工商管理类（含工商管理、会计学、人力资源管理、旅游管理）（办学地点:北碚校区）,含工商管理、会计学、人力资源管理、旅游管理; 办学地点:北碚校区,,,,,602,10383,,,,,,602,10383,,,,,,,,,本科,,,,,
8119658,北京,本科批,物理,,XAED60F,专业组01,西南大学,C7B4,经济学类（含经济学、金融学）（办学地点:北碚校区）,含经济学、金融学; 办学地点:北碚校区,,,,,602,10383,,,,,,602,10383,,,,,,,,,本科,,,,,
8119659,北京,本科批,物理,,XAED60F,专业组01,西南大学,DC72,应用心理学（不招色盲考生）（办学地点:北碚校区）,不招色盲考生; 办学地点:北碚校区,,,,,604,10041,,,,,,604,10041,,,,,,,,,本科,,,,,
8119660,北京,本科批,物理,,XAED60F,专业组03,西南大学,42C2,中国语言文学类（含汉语言文学、汉语国际教育）（办学地点:北碚校区）,含汉语言文学、汉语国际教育; 办学地点:北碚校区,,,,,619,7491,,,,,,619,7491,,,,,,,,,本科,,,,,
8120621,北京,本科批,物理,,XECF8C2,专业组04,中南大学,9948,临床医学类（临床及口腔医学类）（五年）（含临床医学（五年制）、口腔医学（五年制）、麻醉学、精神医学）,临床及口腔医学类; 五年; 含临床医学（五年制; 五年制,,,,,631,5623,,,,,,631,5623,,,,,,,,,本科,,,,,
8120622,北京,本科批,物理,,XECF8C2,专业组02,中南大学,8F69,金融学类（经济管理类）（含国际经济与贸易、金融学、工商管理、会计学、行政管理）,经济管理类; 含国际经济与贸易、金融学、工商管理、会计学、行政管理,,,,,631,5623,,,,,,631,5623,,,,,,,,,本科,,,,,
8120623,北京,本科批,物理,,XECF8C2,专业组03,中南大学,2B90,材料类（冶金材料类）（含材料科学与工程、粉体材料科学与工程、冶金工程、新能源材料与器件、无机非金属材料工程）,冶金材料类; 含材料科学与工程、粉体材料科学与工程、冶金工程、新能源材料与器件、无机非金属材料工程,,,,,633,5307,,,,,,633,5307,,,,,,,,,本科,,,,,
8120624,北京,本科批,物理,,XECF8C2,专业组04,中南大学,FBB6,口腔医学（5+3一体化）（五年）,5+3一体化; 五年,,,,,635,5055,,,,,,635,5055,,,,,,,,,本科,,,,,
8120625,北京,本科批,物理,,XECF8C2,专业组01,中南大学,E04A,数学与应用数学（中外合作办学）（中南大学邓迪国际学院）（专业课程采用全英文授课，非英语语种考生慎重报考）（专业文化课总成绩达到特殊类型招生控制分数线）,中外合作办学; 中南大学邓迪国际学院; 专业课程采用全英文授课，非英语语种考生慎重报考; 专业文化课总成绩达到特殊类型招生控制分数线,,,,,635,5055,,,,,,635,5055,,,,,,,,,本科,,,,,
8120626,北京,本科批,物理,,XECF8C2,专业组01,中南大学,0E13,计算机科学与技术（中外合作办学）（中南大学邓迪国际学院）（专业课程采用全英文授课，非英语语种考生慎重报考）（专业文化课总成绩达到特殊类型招生控制分数线）,中外合作办学; 中南大学邓迪国际学院; 专业课程采用全英文授课，非英语语种考生慎重报考; 专业文化课总成绩达到特殊类型招生控制分数线,,,,,635,5055,,,,,,635,5055,,,,,,,,,本科,,,,,
8120627,北京,本科批,物理,,XECF8C2,专业组04,中南大学,2DCA,临床医学（八年医）,八年医,,,,,636,4929,,,,,,636,4929,,,,,,,,,本科,,,,,
8121512,北京,本科批,物理,,X449352,专业组02,电子科技大学,47F1,电子信息类（中外合作办学）（海南陵水国际教育创新区）,中外合作办学; 海南陵水国际教育创新区,,,,,637,4789,,,,,,637,4789,,,,,,,,,本科,,,,,
8121513,北京,本科批,物理,,X449352,专业组01,电子科技大学,9C14,电子信息类（中外合作办学）（通信、微电子）,中外合作办学; 通信、微电子,,,,,648,3382,,,,,,648,3382,,,,,,,,,本科,,,,,
8121514,北京,本科批,物理,,X449352,专业组03,电子科技大学,C13F,软件工程（工业软件）,工业软件,,,,,649,3267,,,,,,649,3267,,,,,,,,,本科,,,,,
8121515,北京,本科批,物理,,X449352,专业组03,电子科技大学,9097,软件工程（国家示范性软件学院）,国家示范性软件学院,,,,,650,3176,,,,,,650,3176,,,,,,,,,本科,,,,,
8121516,北京,本科批,物理,,X449352,专业组01,电子科技大学,C967,金融学（“互联网+”复合型精英人才双学位培养计划）,“互联网+”复合型精英人才双学位培养计划,,,,,650,3176,,,,,,650,3176,,,,,,,,,本科,,,,,
8121517,北京,本科批,物理,,X449352,专业组01,电子科技大学,C01A,经济管理试验班（管理与电子工程双学位培养）,管理与电子工程双学位培养,,,,,652,2976,,,,,,652,2976,,,,,,,,,本科,,,,,
8121518,北京,本科批,物理,,X449352,专业组01,电子科技大学,7F0D,电子信息类（中外合作办学）（电子信息）,中外合作办学; 电子信息,,,,,652,2976,,,,,,652,2976,,,,,,,,,本科,,,,,
8121519,北京,本科批,物理,,X449352,专业组01,电子科技大学,0ADA,工科试验班（电子工程类）,电子工程类,,,,,653,2876,,,,,,653,2876,,,,,,,,,本科,,,,,
8121520,北京,本科批,物理,,X449352,专业组01,电子科技大学,82E6,计算机类,,,,,,654,2776,,,,,,654,2776,,,,,,,,,本科,,,,,
8121521,北京,本科批,物理,,X449352,专业组01,电子科技大学,289B,微电子科学与工程,,,,,,654,2776,,,,,,654,2776,,,,,,,,,本科,,,,,
8121522,北京,本科批,物理,,X449352,专业组01,电子科技大学,50DC,电子信息类（信息与通信）,信息与通信,,,,,656,2592,,,,,,656,2592,,,,,,,,,本科,,,,,
8122304,北京,本科批,物理,,XEDB1D5,专业组01,清华大学,AF11,文科试验班类（至善书院）（含经济学、社会学）,至善书院; 含经济学、社会学,,,,,688,423,,,,,,688,423,,,,,,,,,本科,,,,,
8122305,北京,本科批,物理,,XEDB1D5,专业组01,清华大学,B31C,文科试验班类（经济、金融与管理）（含经济与金融（国际班）,经济、金融与管理; 含经济与金融（国际班,,,,,688,423,,,,,,688,423,,,,,,,,,本科,,,,,
8122306,北京,本科批,物理,,XEDB1D5,专业组01,清华大学,B2FF,建筑类（五年）（含建筑学、城乡规划、风景园林）,五年; 含建筑学、城乡规划、风景园林,,,,,688,423,,,,,,688,423,,,,,,,,,本科,,,,,
8122307,北京,本科批,物理,,XEDB1D5,专业组01,清华大学,AD72,法学类（含法学、法学（国际班））,含法学、法学（国际班,,,,,688,423,,,,,,688,423,,,,,,,,,本科,,,,,
8122308,北京,本科批,物理,,XEDB1D5,专业组01,清华大学,9D78,文科试验班类（新雅书院）（含社会学等全校各专业）,新雅书院; 含社会学等全校各专业,,,,,688,423,,,,,,688,423,,,,,,,,,本科,,,,,
8122309,北京,本科批,物理,,XEDB1D5,专业组03,清华大学,00B5,工科试验班（秀钟书院）（含交叉工程）,秀钟书院; 含交叉工程,,,,,689,384,,,,,,689,384,,,,,,,,,本科,,,,,
8122310,北京,本科批,物理,,XEDB1D5,专业组03,清华大学,44AE,理科实验班（化生类）（含化学、生物科学、药学、高分子材料与工程、化学工程与工业生物工程）,化生类; 含化学、生物科学、药学、高分子材料与工程、化学工程与工业生物工程,,,,,689,384,,,,,,689,384,,,,,,,,,本科,,,,,
8122311,北京,本科批,物理,,XEDB1D5,专业组03,清华大学,0F89,土木类（含土木、水利与海洋工程）,含土木、水利与海洋工程,,,,,689,384,,,,,,689,384,,,,,,,,,本科,,,,,
8122312,北京,本科批,物理,,XEDB1D5,专业组03,清华大学,67E7,工科试验班（智能制造与装备类）（含机械工程、机械工程（实验班）、车辆工程、车辆工程（车身方向）,智能制造与装备类; 含机械工程、机械工程（实验班; 车身方向,,,,,689,384,,,,,,689,384,,,,,,,,,本科,,,,,
8122313,北京,本科批,物理,,XEDB1D5,专业组03,清华大学,1EA0,工科试验班（笃实书院）（含交叉工程）,笃实书院; 含交叉工程,,,,,689,384,,,,,,689,384,,,,,,,,,本科,,,,,
8122314,北京,本科批,物理,,XEDB1D5,专业组03,清华大学,EB28,临床医学类（协和（八年医）（含临床医学（协和）,协和（八年医; 含临床医学（协和,,,,,689,384,,,,,,689,384,,,,,,,,,本科,,,,,
8122315,北京,本科批,物理,,XEDB1D5,专业组03,清华大学,AAB3,理科试验班（数理类）（含数学与应用数学、物理学、数理基础科学、工程物理、工）,数理类; 含数学与应用数学、物理学、数理基础科学、工程物理、工,,,,,689,384,,,,,,689,384,,,,,,,,,本科,,,,,
8122316,北京,本科批,物理,,XEDB1D5,专业组03,清华大学,FC83,工科试验班（为先书院）（含交叉工程）,为先书院; 含交叉工程,,,,,689,384,,,,,,689,384,,,,,,,,,本科,,,,,
8122317,北京,本科批,物理,,XEDB1D5,专业组03,清华大学,C4DD,临床医学类（卓越医师科学家）（八年医）（含临床医学（卓越医师科学家）,卓越医师科学家; 八年医; 含临床医学（卓越医师科学家,,,,,689,384,,,,,,689,384,,,,,,,,,本科,,,,,
8122318,北京,本科批,物理,,XEDB1D5,专业组03,清华大学,5D0D,计算机类（含计算机科学与技术、计算机科学与技术（计算机科学实验班））,含计算机科学与技术、计算机科学与技术（计算机科学实验班,,,,,689,384,,,,,,689,384,,,,,,,,,本科,,,,,
8122319,北京,本科批,物理,,XEDB1D5,专业组03,清华大学,3912,电子信息类（含电子信息科学与技术）,含电子信息科学与技术,,,,,689,384,,,,,,689,384,,,,,,,,,本科,,,,,
8122320,北京,本科批,物理,,XEDB1D5,专业组03,清华大学,DA15,工科试验班（能源与电气类）（含建筑环境与能源应用工程、电气工程及其自动化、电气工程及其自动化（能源互联网国际班）、能源与动力工程）,能源与电气类; 含建筑环境与能源应用工程、电气工程及其自动化、电气工程及其自动化（能源互联网国际班,,,,,689,384,,,,,,689,384,,,,,,,,,本科,,,,,
8122321,北京,本科批,物理,,XEDB1D5,专业组03,清华大学,4BCE,自动化类（含自动化（含信息管理信息系统方向）,含自动化（含信息管理信息系统方向,,,,,689,384,,,,,,689,384,,,,,,,,,本科,,,,,
8122322,北京,本科批,物理,,XEDB1D5,专业组02,清华大学,1E89,理科试验班类（经济、金融与管理）（含信息管理与信息系统、金融学（经济金融国际班）,经济、金融与管理; 含信息管理与信息系统、金融学（经济金融国际班,,,,,698,148,,,,,,698,148,,,,,,,,,本科,,,,,
8122323,北京,本科批,物理,,XEDB1D5,专业组02,清华大学,E7E6,理科试验班类（新雅书院）（含工程管理（等全校各专业）,新雅书院; 含工程管理（等全校各专业,,,,,698,148,,,,,,698,148,,,,,,,,,本科,,,,,
8122879,北京,本科批,物理,,X4AF122,专业组01,山东大学,ACC1,工商管理类（含工商管理、会计学，含工商管理创新实验班）,含工商管理、会计学，含工商管理创新实验班,,,,,637,4789,,,,,,637,4789,,,,,,,,,本科,,,,,
8122880,北京,本科批,物理,,X4AF122,专业组01,山东大学,12F2,法学类（含法学，含“法学+英语”双学位班）（14、23-24、2C-2D专业办学地点:青岛校区）,含法学，含“法学+英语”双学位班; 14、23-24、2C-2D专业办学地点:青岛校区,,,,,637,4789,,,,,,637,4789,,,,,,,,,本科,,,,,
8122881,北京,本科批,物理,,X4AF122,专业组02,山东大学,C803,工程软件,,,,,,638,4633,,,,,,638,4633,,,,,,,,,本科,,,,,
8122882,北京,本科批,物理,,X4AF122,专业组01,山东大学,A09E,考古学（含“考古+”拔尖2.0班（吴金鼎班））,含“考古+”拔尖2.0班（吴金鼎班,,,,,638,4633,,,,,,638,4633,,,,,,,,,本科,,,,,
8122883,北京,本科批,物理,,X4AF122,专业组02,山东大学,481F,生物科学类（含生物科学、生物技术、生态学、生物工程，不招色盲、色弱、单色识别能力异常，含童第周、曾呈奎基地班、生命拔尖2.0班（泰山学堂）、王应睐、戴芳澜英才班）（14、23-24、2C-2D专业办学地点:青岛校区）,含生物科学、生物技术、生态学、生物工程，不招色盲、色弱、单色识别能力异常，含童第周、曾呈奎基地班、生命拔尖2.0班（泰山学堂; 14、23-24、2C-2D专业办学地点:青岛校区,,,,,638,4633,,,,,,638,4633,,,,,,,,,本科,,,,,
8122884,北京,本科批,物理,,X4AF122,专业组02,山东大学,A50A,计算机类（软件数媒与大数据）（含软件工程、数字媒体技术、数据科学与大数据技术，含人工智能国际班、新工科创新实验班、软件菁英班）,软件数媒与大数据; 含软件工程、数字媒体技术、数据科学与大数据技术，含人工智能国际班、新工科创新实验班、软件菁英班,,,,,638,4633,,,,,,638,4633,,,,,,,,,本科,,,,,
8122885,北京,本科批,物理,,X4AF122,专业组02,山东大学,349A,化学类（含化学，不招色盲、色弱、单色识别能力异常，含邓从豪基地班、化学拔尖2.0班（泰山学堂））,含化学，不招色盲、色弱、单色识别能力异常，含邓从豪基地班、化学拔尖2.0班（泰山学堂,,,,,639,4478,,,,,,639,4478,,,,,,,,,本科,,,,,
8122886,北京,本科批,物理,,X4AF122,专业组01,山东大学,38B5,中国语言文学类（含汉语言文学，含闻一多基地班、中文拔尖2.0班）,含汉语言文学，含闻一多基地班、中文拔尖2.0班,,,,,640,4365,,,,,,640,4365,,,,,,,,,本科,,,,,
8122887,北京,本科批,物理,,X4AF122,专业组02,山东大学,C023,网络空间安全（可向密码科学与技术分流）（14、23-24、2C-2D专业办学地点:青岛校区）,可向密码科学与技术分流; 14、23-24、2C-2D专业办学地点:青岛校区,,,,,640,4365,,,,,,640,4365,,,,,,,,,本科,,,,,
8122888,北京,本科批,物理,,X4AF122,专业组02,山东大学,3D87,机械类（含机械设计制造及其自动化、智能制造工程，含卓越工程师培养计划）,含机械设计制造及其自动化、智能制造工程，含卓越工程师培养计划,,,,,640,4365,,,,,,640,4365,,,,,,,,,本科,,,,,
8122889,北京,本科批,物理,,X4AF122,专业组02,山东大学,772A,电子信息类（微电子与电路集成）（含微电子科学与工程、集成电路设计与集成系统，含黄昆半导体英才班、微系统英才班）,微电子与电路集成; 含微电子科学与工程、集成电路设计与集成系统，含黄昆半导体英才班、微系统英才班,,,,,642,4108,,,,,,642,4108,,,,,,,,,本科,,,,,
8122890,北京,本科批,物理,,X4AF122,专业组02,山东大学,6660,电子信息类（通信电子与光电）（含通信工程、电子科学与技术、光电信息科学与工程，含崇新学堂、微纳实验班、光电精英班）（14、23-24、2C-2D专业办学地点:青岛校区）,通信电子与光电; 含通信工程、电子科学与技术、光电信息科学与工程，含崇新学堂、微纳实验班、光电精英班; 14、23-24、2C-2D专业办学地点:青岛校区,,,,,644,3844,,,,,,644,3844,,,,,,,,,本科,,,,,
8122891,北京,本科批,物理,,X4AF122,专业组02,山东大学,8D83,自动化类（含自动化、机器人工程，含卓越工程师培养计划、自动化科学新工科实验班）,含自动化、机器人工程，含卓越工程师培养计划、自动化科学新工科实验班,,,,,644,3844,,,,,,644,3844,,,,,,,,,本科,,,,,
8122892,北京,本科批,物理,,X4AF122,专业组02,山东大学,F068,人工智能,,,,,,644,3844,,,,,,644,3844,,,,,,,,,本科,,,,,
8122893,北京,本科批,物理,,X4AF122,专业组02,山东大学,C39B,物理学类（含物理学、应用物理学，含王淦昌基地班、物理拔尖2.0班（泰山学堂）、严济慈英才班）,含物理学、应用物理学，含王淦昌基地班、物理拔尖2.0班（泰山学堂,,,,,645,3726,,,,,,645,3726,,,,,,,,,本科,,,,,
8122894,北京,本科批,物理,,X4AF122,专业组02,山东大学,F641,计算机科学与技术（含计算机拔尖2.0班（泰山学堂）、计算机菁英班、新工科创新实验班）（14、23-24、2C-2D专业办学地点:青岛校区）,含计算机拔尖2.0班（泰山学堂; 14、23-24、2C-2D专业办学地点:青岛校区,,,,,647,3504,,,,,,647,3504,,,,,,,,,本科,,,,,
8122895,北京,本科批,物理,,X4AF122,专业组02,山东大学,7325,数学类（含数学与应用数学、信息与计算科学、统计学，含潘承洞基地班、数学拔尖2.0班（泰山学堂））,含数学与应用数学、信息与计算科学、统计学，含潘承洞基地班、数学拔尖2.0班（泰山学堂,,,,,649,3267,,,,,,649,3267,,,,,,,,,本科,,,,,
8122896,北京,本科批,物理,,X4AF122,专业组02,山东大学,1A9B,电气工程及其自动化（含卓越工程师培养计划、全球能源互联网新工科特色班）,含卓越工程师培养计划、全球能源互联网新工科特色班,,,,,651,3065,,,,,,651,3065,,,,,,,,,本科,,,,,
8122897,北京,本科批,物理,,X4AF122,专业组01,山东大学,B78D,经济学类（含经济学、财政学、金融学、国际经济与贸易，含经济学拔尖2.0班（薛暮桥班）、彭实戈班、PPE新文科基地班等）,含经济学、财政学、金融学、国际经济与贸易，含经济学拔尖2.0班（薛暮桥班,,,,,655,2687,,,,,,655,2687,,,,,,,,,本科,,,,,
8123869,北京,本科批,物理,,X30BCE2,专业组01,华中科技大学,61AB,生物科学（中外合作办学）,中外合作办学,,,,,636,4929,,,,,,636,4929,,,,,,,,,本科,,,,,
8123870,北京,本科批,物理,,X30BCE2,专业组02,华中科技大学,7267,公共管理类（含公共事业管理、行政管理、公共事业管理（卫生事业管理）,含公共事业管理、行政管理、公共事业管理（卫生事业管理,,,,,640,4365,,,,,,640,4365,,,,,,,,,本科,,,,,
8123871,北京,本科批,物理,,X30BCE2,专业组02,华中科技大学,ECA5,工商管理类（含工商管理、会计学、市场营销）,含工商管理、会计学、市场营销,,,,,641,4239,,,,,,641,4239,,,,,,,,,本科,,,,,
8123872,北京,本科批,物理,,X30BCE2,专业组02,华中科技大学,C21E,新闻传播学类（含新闻学、广播电视学、广告学）,含新闻学、广播电视学、广告学,,,,,643,3980,,,,,,643,3980,,,,,,,,,本科,,,,,
8123873,北京,本科批,物理,,X30BCE2,专业组02,华中科技大学,75BD,经济学类（含经济学、国际经济与贸易、金融学）,含经济学、国际经济与贸易、金融学,,,,,644,3844,,,,,,644,3844,,,,,,,,,本科,,,,,
8123874,北京,本科批,物理,,X30BCE2,专业组04,华中科技大学,CC9A,临床医学（五年）,五年,,,,,652,2976,,,,,,652,2976,,,,,,,,,本科,,,,,
8123875,北京,本科批,物理,,X30BCE2,专业组03,华中科技大学,52E9,生物科学类（含生物科学、生物技术、生物制药）,含生物科学、生物技术、生物制药,,,,,654,2776,,,,,,654,2776,,,,,,,,,本科,,,,,
8123876,北京,本科批,物理,,X30BCE2,专业组03,华中科技大学,479B,物理学（创新实验班）,创新实验班,,,,,655,2687,,,,,,655,2687,,,,,,,,,本科,,,,,
8123877,北京,本科批,物理,,X30BCE2,专业组04,华中科技大学,2DCA,临床医学（八年医）,八年医,,,,,655,2687,,,,,,655,2687,,,,,,,,,本科,,,,,
8123878,北京,本科批,物理,,X30BCE2,专业组03,华中科技大学,3152,数字经济（AI双学位）,AI双学位,,,,,655,2687,,,,,,655,2687,,,,,,,,,本科,,,,,
8123879,北京,本科批,物理,,X30BCE2,专业组03,华中科技大学,5E4D,材料类（含材料成型及控制工程、材料科学与工程、电子封装技术）,含材料成型及控制工程、材料科学与工程、电子封装技术,,,,,656,2592,,,,,,656,2592,,,,,,,,,本科,,,,,
8123880,北京,本科批,物理,,X30BCE2,专业组03,华中科技大学,084F,能源动力类（含能源与动力工程、新能源科学与工程、储能科学与工程）,含能源与动力工程、新能源科学与工程、储能科学与工程,,,,,656,2592,,,,,,656,2592,,,,,,,,,本科,,,,,
8123881,北京,本科批,物理,,X30BCE2,专业组03,华中科技大学,E595,机械类（含机械设计制造及其自动化、工业工程、测控技术与仪器、机器人工程）,含机械设计制造及其自动化、工业工程、测控技术与仪器、机器人工程,,,,,656,2592,,,,,,656,2592,,,,,,,,,本科,,,,,
8123882,北京,本科批,物理,,X30BCE2,专业组03,华中科技大学,8B29,物理学类（含物理学、应用物理学）,含物理学、应用物理学,,,,,656,2592,,,,,,656,2592,,,,,,,,,本科,,,,,
8123883,北京,本科批,物理,,X30BCE2,专业组03,华中科技大学,A489,生物科学（创新实验班）,创新实验班,,,,,656,2592,,,,,,656,2592,,,,,,,,,本科,,,,,
8123884,北京,本科批,物理,,X30BCE2,专业组03,华中科技大学,5750,数学类（含数学与应用数学、统计学、信息与计算科学）,含数学与应用数学、统计学、信息与计算科学,,,,,657,2491,,,,,,657,2491,,,,,,,,,本科,,,,,
8123885,北京,本科批,物理,,X30BCE2,专业组03,华中科技大学,609D,自动化类（含人工智能、自动化、智能医学工程）,含人工智能、自动化、智能医学工程,,,,,659,2302,,,,,,659,2302,,,,,,,,,本科,,,,,
8123886,北京,本科批,物理,,X30BCE2,专业组03,华中科技大学,7B27,计算机类（网安学院）（含网络空间安全、信息安全、密码科学与技术）,网安学院; 含网络空间安全、信息安全、密码科学与技术,,,,,659,2302,,,,,,659,2302,,,,,,,,,本科,,,,,
8123887,北京,本科批,物理,,X30BCE2,专业组03,华中科技大学,3C38,软件工程,,,,,,659,2302,,,,,,659,2302,,,,,,,,,本科,,,,,
8123888,北京,本科批,物理,,X30BCE2,专业组03,华中科技大学,4AEA,机械设计制造及其自动化（创新实验班）,创新实验班,,,,,660,2223,,,,,,660,2223,,,,,,,,,本科,,,,,
8124773,北京,本科批,物理,,X3DD3D3,专业组01,上海交通大学,7FC6,电子信息类（中外合作办学）（交大密西根学院）（含机械工程（中外合作办学）、电子与计算机工程（中外合作办学））,中外合作办学; 交大密西根学院; 含机械工程（中外合作办学; 中外合作办学,,,,,676,996,,,,,,676,996,,,,,,,,,本科,,,,,
8124774,北京,本科批,物理,,X3DD3D3,专业组04,上海交通大学,6866,"经济管理试验班（含经济学、金融学、会计学、工商管理、人力资源管理、大数据管理与应用（大数据和商务管理）,含经济学-数学与应用数学双学士学位项目）",含经济学、金融学、会计学、工商管理、人力资源管理、大数据管理与应用（大数据和商务管理,,,,,684,569,,,,,,684,569,,,,,,,,,本科,,,,,
8124775,北京,本科批,物理,,X3DD3D3,专业组04,上海交通大学,E507,金融学（含金融学-计算机科学与技术双学士学位项目）,含金融学-计算机科学与技术双学士学位项目,,,,,684,569,,,,,,684,569,,,,,,,,,本科,,,,,
8124776,北京,本科批,物理,,X3DD3D3,专业组04,上海交通大学,7892,理科试验班类（含数学与应用数学、统计学、物理学、应用物理学、天文学，含致远、吴文俊、李政道班，数学与应用数学-人工智能双学士学位项目、物理学-电子科学与技术双学士学位项目）,含数学与应用数学、统计学、物理学、应用物理学、天文学，含致远、吴文俊、李政道班，数学与应用数学-人工智能双学士学位项目、物理学-电子科学与技术双学士学位项目,,,,,684,569,,,,,,684,569,,,,,,,,,本科,,,,,
8124777,北京,本科批,物理,,X3DD3D3,专业组04,上海交通大学,9DCA,工科试验班类（信息类）（含电子信息类、生物医学工程，8月可自愿申请参加上海交大密西根学院、巴黎卓越工程师学院、健康科学与技术等专业提前分流选拔）,信息类; 含电子信息类、生物医学工程，8月可自愿申请参加上海交大密西根学院、巴黎卓越工程师学院、健康科学与技术等专业提前分流选拔,,,,,684,569,,,,,,684,569,,,,,,,,,本科,,,,,
8124778,北京,本科批,物理,,X3DD3D3,专业组04,上海交通大学,62B1,机械类（钱学森工程科学试点班）（含机械工程、能源与动力工程，含机械动力类-数学与应用数学双学士学位项目、能源与动力工程-化学双学士学位项目）,钱学森工程科学试点班; 含机械工程、能源与动力工程，含机械动力类-数学与应用数学双学士学位项目、能源与动力工程-化学双学士学位项目,,,,,684,569,,,,,,684,569,,,,,,,,,本科,,,,,
8124779,北京,本科批,物理,,X3DD3D3,专业组02,上海交通大学,A488,法学试验班（涉外法治特班）（含法学）,涉外法治特班; 含法学,,,,,686,478,,,,,,686,478,,,,,,,,,本科,,,,,
8124780,北京,本科批,物理,,X3DD3D3,专业组03,上海交通大学,BC8B,人工智能（拔尖英才试点班）,拔尖英才试点班,,,,,687,448,,,,,,687,448,,,,,,,,,本科,,,,,
8124781,北京,本科批,物理,,X3DD3D3,专业组03,上海交通大学,4FA0,人工智能（卓越人才试点班）,卓越人才试点班,,,,,687,448,,,,,,687,448,,,,,,,,,本科,,,,,
8124782,北京,本科批,物理,,X3DD3D3,专业组03,上海交通大学,33FD,电子信息类（IEEE试点班）（含计算机科学与技术、信息工程、信息安全、自动化，含电子信息类（IEEE试点班）-数学与应用数学双学士学位项目）,IEEE试点班; 含计算机科学与技术、信息工程、信息安全、自动化，含电子信息类（IEEE试点班,,,,,687,448,,,,,,687,448,,,,,,,,,本科,,,,,
8125161,北京,本科批,物理,,X5563B4,专业组01,北京大学,927B,法学,,,,,,688,423,,,,,,688,423,,,,,,,,,本科,,,,,
8125162,北京,本科批,物理,,X5563B4,专业组01,北京大学,C21E,新闻传播学类（含新闻学、广播电视学、广告学）,含新闻学、广播电视学、广告学,,,,,688,423,,,,,,688,423,,,,,,,,,本科,,,,,
8125163,北京,本科批,物理,,X5563B4,专业组01,北京大学,5E0F,文科试验班类（国关）（含社会学类）,国关; 含社会学类,,,,,688,423,,,,,,688,423,,,,,,,,,本科,,,,,
8125164,北京,本科批,物理,,X5563B4,专业组01,北京大学,CB22,城乡规划,,,,,,688,423,,,,,,688,423,,,,,,,,,本科,,,,,
8125165,北京,本科批,物理,,X5563B4,专业组01,北京大学,B23A,历史学类（含历史学（中国史）、世界史、外国语言与外国历史）,含历史学（中国史,,,,,688,423,,,,,,688,423,,,,,,,,,本科,,,,,
8125166,北京,本科批,物理,,X5563B4,专业组01,北京大学,E172,公共管理类（含城市管理、行政管理）,含城市管理、行政管理,,,,,688,423,,,,,,688,423,,,,,,,,,本科,,,,,
8125167,北京,本科批,物理,,X5563B4,专业组01,北京大学,E0D6,社会学类（含社会学、社会工作）,含社会学、社会工作,,,,,688,423,,,,,,688,423,,,,,,,,,本科,,,,,
8125168,北京,本科批,物理,,X5563B4,专业组01,北京大学,EB6D,经济学类（含经济学、金融学、国际经济与贸易、财政学、保险学）,含经济学、金融学、国际经济与贸易、财政学、保险学,,,,,688,423,,,,,,688,423,,,,,,,,,本科,,,,,
8125169,北京,本科批,物理,,X5563B4,专业组01,北京大学,4457,哲学类（含哲学、宗教学、哲学（科技哲学与逻辑学方向）,含哲学、宗教学、哲学（科技哲学与逻辑学方向,,,,,688,423,,,,,,688,423,,,,,,,,,本科,,,,,
8125170,北京,本科批,物理,,X5563B4,专业组01,北京大学,3FD4,心理学类（含心理学、应用心理学）,含心理学、应用心理学,,,,,688,423,,,,,,688,423,,,,,,,,,本科,,,,,
8125171,北京,本科批,物理,,X5563B4,专业组01,北京大学,1B0D,图书馆学（信息管理系）,信息管理系,,,,,688,423,,,,,,688,423,,,,,,,,,本科,,,,,
8125172,北京,本科批,物理,,X5563B4,专业组01,北京大学,5C01,人文科学试验班（含艺术史论）,含艺术史论,,,,,688,423,,,,,,688,423,,,,,,,,,本科,,,,,
8125173,北京,本科批,物理,,X5563B4,专业组01,北京大学,875B,中国语言文学类（含汉语言文学、汉语言、古典文献学、应用语言学）,含汉语言文学、汉语言、古典文献学、应用语言学,,,,,688,423,,,,,,688,423,,,,,,,,,本科,,,,,
8125174,北京,本科批,物理,,X5563B4,专业组01,北京大学,54B5,英语（只招英语考生）,只招英语考生,,,,,688,423,,,,,,688,423,,,,,,,,,本科,,,,,
8125175,北京,本科批,物理,,X5563B4,专业组01,北京大学,9544,考古学,,,,,,688,423,,,,,,688,423,,,,,,,,,本科,,,,,
8125176,北京,本科批,物理,,X5563B4,专业组03,北京大学,9839,电子信息类（含电子信息科学与技术、微电子科学与工程）,含电子信息科学与技术、微电子科学与工程,,,,,690,354,,,,,,690,354,,,,,,,,,本科,,,,,
8125177,北京,本科批,物理,,X5563B4,专业组03,北京大学,EEC5,环境科学（环境、健康、生态、地理与资源环境）,环境、健康、生态、地理与资源环境,,,,,690,354,,,,,,690,354,,,,,,,,,本科,,,,,
8125178,北京,本科批,物理,,X5563B4,专业组03,北京大学,379E,数学类（含数学与应用数学（数学）、数学与应用数学（概率统计）、数学与应用数学（科学与工程计算）、数学与应用数学（信息科学）、数学与应用数学（金融）,含数学与应用数学（数学; 概率统计; 科学与工程计算; 信息科学; 金融,,,,,690,354,,,,,,690,354,,,,,,,,,本科,,,,,
8125179,北京,本科批,物理,,X5563B4,专业组03,北京大学,06EF,计算机类（含计算机科学与技术、智能科学与技术）,含计算机科学与技术、智能科学与技术,,,,,690,354,,,,,,690,354,,,,,,,,,本科,,,,,
8125180,北京,本科批,物理,,X5563B4,专业组03,北京大学,D1AB,天文学（天体物理、天文高新技术和应用）,天体物理、天文高新技术和应用,,,,,690,354,,,,,,690,354,,,,,,,,,本科,,,,,
8125627,北京,本科批,物理,,X4B039B,专业组02,苏州大学,8D32,临床医学（5+3一体化）（五年）,5+3一体化; 五年,,,,,619,7491,,,,,,619,7491,,,,,,,,,本科,,,,,
8125628,北京,本科批,物理,,X4B039B,专业组01,苏州大学,5D72,网络与新媒体,,,,,,623,6848,,,,,,623,6848,,,,,,,,,本科,,,,,
8125629,北京,本科批,物理,,X4B039B,专业组01,苏州大学,5CC8,哲学,,,,,,623,6848,,,,,,623,6848,,,,,,,,,本科,,,,,
8125630,北京,本科批,物理,,X4B039B,专业组02,苏州大学,B7B8,纳米材料与技术,,,,,,624,6693,,,,,,624,6693,,,,,,,,,本科,,,,,
8125631,北京,本科批,物理,,X4B039B,专业组01,苏州大学,927B,法学,,,,,,624,6693,,,,,,624,6693,,,,,,,,,本科,,,,,
8125632,北京,本科批,物理,,X4B039B,专业组02,苏州大学,4718,数据科学与大数据技术,,,,,,625,6546,,,,,,625,6546,,,,,,,,,本科,,,,,
8125633,北京,本科批,物理,,X4B039B,专业组02,苏州大学,3C38,软件工程,,,,,,626,6380,,,,,,626,6380,,,,,,,,,本科,,,,,
8125634,北京,本科批,物理,,X4B039B,专业组02,苏州大学,F068,人工智能,,,,,,636,4929,,,,,,636,4929,,,,,,,,,本科,,,,,
8125635,北京,本科批,物理,,X4B039B,专业组03,苏州大学,D243,汉语言文学,,,,,,638,4633,,,,,,638,4633,,,,,,,,,本科,,,,,
8126616,北京,本科批,物理,,X19375A,专业组05,重庆大学,EA4B,机械设计制造及其自动化（中外合作办学）,中外合作办学,,,,,626,6380,,,,,,626,6380,,,,,,,,,本科,,,,,
8126617,北京,本科批,物理,,X19375A,专业组05,重庆大学,8091,电气工程及其自动化（中外合作办学）,中外合作办学,,,,,628,6085,,,,,,628,6085,,,,,,,,,本科,,,,,
8126618,北京,本科批,物理,,X19375A,专业组03,重庆大学,4DFF,汉语言文学（博雅类，含中文、历史、哲学专业）,博雅类，含中文、历史、哲学专业,,,,,629,5925,,,,,,629,5925,,,,,,,,,本科,,,,,
8126619,北京,本科批,物理,,X19375A,专业组01,重庆大学,A0BA,人文科学试验班（法学新闻类）（法学、新闻学、广播电视学）,法学新闻类; 法学、新闻学、广播电视学,,,,,631,5623,,,,,,631,5623,,,,,,,,,本科,,,,,
8126620,北京,本科批,物理,,X19375A,专业组04,重庆大学,E481,工科试验班（工程能源类）（机械设计制造及其自动化、能源与动力工程、航空航天工程、车辆工程、新能源科学与工程、工程力学、土木工程、材料科学与工程、建筑环境与能源应用工程、核工程与核技术、材料成型及控制工程、机械电子工程、工业工程）,工程能源类; 机械设计制造及其自动化、能源与动力工程、航空航天工程、车辆工程、新能源科学与工程、工程力学、土木工程、材料科学与工程、建筑环境与能源应用工程、核工程与核技术、材料成型及控制工程、机械电子工程、工业工程,,,,,632,5467,,,,,,632,5467,,,,,,,,,本科,,,,,
8126621,北京,本科批,物理,,X19375A,专业组04,重庆大学,BA20,工科试验班（新工科类）（机器人工程、碳储科学与工程、储能科学与工程、智能感知工程、智能建造）,新工科类; 机器人工程、碳储科学与工程、储能科学与工程、智能感知工程、智能建造,,,,,633,5307,,,,,,633,5307,,,,,,,,,本科,,,,,
8126622,北京,本科批,物理,,X19375A,专业组04,重庆大学,5721,理科试验班（数学物理类）（数学与应用数学、物理学、信息与计算科学、应用物理学、统计学）,数学物理类; 数学与应用数学、物理学、信息与计算科学、应用物理学、统计学,,,,,634,5176,,,,,,634,5176,,,,,,,,,本科,,,,,
8126623,北京,本科批,物理,,X19375A,专业组04,重庆大学,5803,工科试验班（电气信息类）（电气工程及其自动化、通信工程、计算机科学与技术、软件工程、测控技术与仪器、自动化、人工智能、数据科学与大数据技术、集成电路设计与集成系统、信息安全、电子信息工程）,电气信息类; 电气工程及其自动化、通信工程、计算机科学与技术、软件工程、测控技术与仪器、自动化、人工智能、数据科学与大数据技术、集成电路设计与集成系统、信息安全、电子信息工程,,,,,634,5176,,,,,,634,5176,,,,,,,,,本科,,,,,
8126624,北京,本科批,物理,,X19375A,专业组04,重庆大学,E8EB,工科试验班（卓越工程师计划）（电气工程及其自动化等普通类四年制理工类专业）,卓越工程师计划; 电气工程及其自动化等普通类四年制理工类专业,,,,,639,4478,,,,,,639,4478,,,,,,,,,本科,,,,,
8127277,北京,本科批,物理,,X57341C,专业组01,华南理工大学,489A,旅游管理类,,,,,,626,6380,,,,,,626,6380,,,,,,,,,本科,,,,,
8127278,北京,本科批,物理,,X57341C,专业组01,华南理工大学,EF7C,工商管理类,,,,,,627,6215,,,,,,627,6215,,,,,,,,,本科,,,,,
8127279,北京,本科批,物理,,X57341C,专业组01,华南理工大学,9301,新闻传播学类,,,,,,627,6215,,,,,,627,6215,,,,,,,,,本科,,,,,
8127280,北京,本科批,物理,,X57341C,专业组01,华南理工大学,1049,商务英语,,,,,,627,6215,,,,,,627,6215,,,,,,,,,本科,,,,,
8127281,北京,本科批,物理,,X57341C,专业组01,华南理工大学,308C,法学类,,,,,,629,5925,,,,,,629,5925,,,,,,,,,本科,,,,,
8127282,北京,本科批,物理,,X57341C,专业组01,华南理工大学,C29F,经济学类,,,,,,631,5623,,,,,,631,5623,,,,,,,,,本科,,,,,
8127283,北京,本科批,物理,,X57341C,专业组03,华南理工大学,EF96,食品科学与工程类,,,,,,636,4929,,,,,,636,4929,,,,,,,,,本科,,,,,
8127284,北京,本科批,物理,,X57341C,专业组03,华南理工大学,4648,物理学类,,,,,,637,4789,,,,,,637,4789,,,,,,,,,本科,,,,,
8127285,北京,本科批,物理,,X57341C,专业组03,华南理工大学,3E4B,工科试验班（智能交通与运输）,智能交通与运输,,,,,637,4789,,,,,,637,4789,,,,,,,,,本科,,,,,
8127286,北京,本科批,物理,,X57341C,专业组03,华南理工大学,6C5F,工科试验班（智慧土木与数字建造）,智慧土木与数字建造,,,,,637,4789,,,,,,637,4789,,,,,,,,,本科,,,,,
8127287,北京,本科批,物理,,X57341C,专业组03,华南理工大学,E347,工业设计,,,,,,637,4789,,,,,,637,4789,,,,,,,,,本科,,,,,
8127288,北京,本科批,物理,,X57341C,专业组02,华南理工大学,62BF,大数据管理与应用,,,,,,638,4633,,,,,,638,4633,,,,,,,,,本科,,,,,
8127289,北京,本科批,物理,,X57341C,专业组01,华南理工大学,D180,经济学（创新班）,创新班,,,,,638,4633,,,,,,638,4633,,,,,,,,,本科,,,,,
8127290,北京,本科批,物理,,X57341C,专业组03,华南理工大学,3C38,软件工程,,,,,,640,4365,,,,,,640,4365,,,,,,,,,本科,,,,,
8127291,北京,本科批,物理,,X57341C,专业组03,华南理工大学,2426,材料类,,,,,,641,4239,,,,,,641,4239,,,,,,,,,本科,,,,,
8127292,北京,本科批,物理,,X57341C,专业组03,华南理工大学,5669,数学类,,,,,,642,4108,,,,,,642,4108,,,,,,,,,本科,,,,,
8127293,北京,本科批,物理,,X57341C,专业组03,华南理工大学,0976,工科试验班（智能装备与先进制造）,智能装备与先进制造,,,,,642,4108,,,,,,642,4108,,,,,,,,,本科,,,,,
8127294,北京,本科批,物理,,X57341C,专业组03,华南理工大学,85BF,电气类,,,,,,643,3980,,,,,,643,3980,,,,,,,,,本科,,,,,
8127295,北京,本科批,物理,,X57341C,专业组03,华南理工大学,A5C9,建筑学,,,,,,643,3980,,,,,,643,3980,,,,,,,,,本科,,,,,
8127296,北京,本科批,物理,,X57341C,专业组03,华南理工大学,0184,自动化类,,,,,,644,3844,,,,,,644,3844,,,,,,,,,本科,,,,,
8128188,北京,本科批,物理,,X7D745A,专业组02,郑州大学,CAA8,临床医学（第一临床学院）（五年）（不招色盲、色弱、单色识别能力异常）,第一临床学院; 五年; 不招色盲、色弱、单色识别能力异常,,,,,595,11725,,,,,,595,11725,,,,,,,,,本科,,,,,
8128189,北京,本科批,物理,,X7D745A,专业组02,郑州大学,A805,自动化类（含电气工程及其自动化、自动化）,含电气工程及其自动化、自动化,,,,,597,11348,,,,,,597,11348,,,,,,,,,本科,,,,,
8128190,北京,本科批,物理,,X7D745A,专业组02,郑州大学,5D26,计算机类（含计算机科学与技术、软件工程）,含计算机科学与技术、软件工程,,,,,598,11157,,,,,,598,11157,,,,,,,,,本科,,,,,
8128191,北京,本科批,物理,,X7D745A,专业组01,郑州大学,55C2,新闻传播学类（含广告学、新闻学、网络与新媒体）,含广告学、新闻学、网络与新媒体,,,,,598,11157,,,,,,598,11157,,,,,,,,,本科,,,,,
8128192,北京,本科批,物理,,X7D745A,专业组01,郑州大学,974E,工商管理类（含会计学、工商管理，不招单色识别能力异常）,含会计学、工商管理，不招单色识别能力异常,,,,,599,10980,,,,,,599,10980,,,,,,,,,本科,,,,,
8129075,北京,本科批,物理,,XAF64C5,专业组01,湖南大学,5CC8,哲学,,,,,,624,6693,,,,,,624,6693,,,,,,,,,本科,,,,,
8129076,北京,本科批,物理,,XAF64C5,专业组01,湖南大学,F710,会计学（可分流至:会计学、财务管理，该专业录取有体检要求，具体参见该校章程）,可分流至:会计学、财务管理，该专业录取有体检要求，具体参见该校章程,,,,,624,6693,,,,,,624,6693,,,,,,,,,本科,,,,,
8129077,北京,本科批,物理,,XAF64C5,专业组01,湖南大学,77BC,金融学（可分流至:金融学、金融学（金融工程）,可分流至:金融学、金融学（金融工程,,,,,624,6693,,,,,,624,6693,,,,,,,,,本科,,,,,
8129078,北京,本科批,物理,,XAF64C5,专业组01,湖南大学,C06C,"工商管理（可分流至:工商管理、市场营销、财务管理（金融工程）,该专业录取有体检要求，具体参见该校章程）",可分流至:工商管理、市场营销、财务管理（金融工程,,,,,624,6693,,,,,,624,6693,,,,,,,,,本科,,,,,
8129079,北京,本科批,物理,,XAF64C5,专业组01,湖南大学,4D29,经济学类（含经济学、财政学，该专业录取有体检要求，具体参见该校章程）,含经济学、财政学，该专业录取有体检要求，具体参见该校章程,,,,,624,6693,,,,,,624,6693,,,,,,,,,本科,,,,,
8129080,北京,本科批,物理,,XAF64C5,专业组01,湖南大学,92AB,英语（语言智能实验班）（只招英语考生）,语言智能实验班; 只招英语考生,,,,,624,6693,,,,,,624,6693,,,,,,,,,本科,,,,,
8129081,北京,本科批,物理,,XAF64C5,专业组01,湖南大学,2145,新闻传播学类（含新闻学、广告学）,含新闻学、广告学,,,,,624,6693,,,,,,624,6693,,,,,,,,,本科,,,,,
8129082,北京,本科批,物理,,XAF64C5,专业组01,湖南大学,927B,法学,,,,,,624,6693,,,,,,624,6693,,,,,,,,,本科,,,,,
8129083,北京,本科批,物理,,XAF64C5,专业组03,湖南大学,4873,历史学,,,,,,625,6546,,,,,,625,6546,,,,,,,,,本科,,,,,
8129084,北京,本科批,物理,,XAF64C5,专业组03,湖南大学,D243,汉语言文学,,,,,,625,6546,,,,,,625,6546,,,,,,,,,本科,,,,,
8129085,北京,本科批,物理,,XAF64C5,专业组02,湖南大学,1C92,数字经济,,,,,,628,6085,,,,,,628,6085,,,,,,,,,本科,,,,,
8129086,北京,本科批,物理,,XAF64C5,专业组02,湖南大学,6AA2,建筑学（五年）,五年,,,,,628,6085,,,,,,628,6085,,,,,,,,,本科,,,,,
8129087,北京,本科批,物理,,XAF64C5,专业组02,湖南大学,C831,精算学,,,,,,628,6085,,,,,,628,6085,,,,,,,,,本科,,,,,
8129088,北京,本科批,物理,,XAF64C5,专业组02,湖南大学,BD59,金融科技,,,,,,628,6085,,,,,,628,6085,,,,,,,,,本科,,,,,
8129089,北京,本科批,物理,,XAF64C5,专业组04,湖南大学,3271,应用物理学（该专业录取有体检要求，具体参见该校章程）,该专业录取有体检要求，具体参见该校章程,,,,,631,5623,,,,,,631,5623,,,,,,,,,本科,,,,,
8129090,北京,本科批,物理,,XAF64C5,专业组04,湖南大学,7049,工程力学（力学实验班）,力学实验班,,,,,631,5623,,,,,,631,5623,,,,,,,,,本科,,,,,
8129091,北京,本科批,物理,,XAF64C5,专业组04,湖南大学,A602,计算机科学与技术（智能班）（可分流至:智能科学与技术、物联网工程，该专业录取有体检要求，具体参见该校章程）,智能班; 可分流至:智能科学与技术、物联网工程，该专业录取有体检要求，具体参见该校章程,,,,,631,5623,,,,,,631,5623,,,,,,,,,本科,,,,,
8129092,北京,本科批,物理,,XAF64C5,专业组04,湖南大学,F11A,机器人工程,,,,,,631,5623,,,,,,631,5623,,,,,,,,,本科,,,,,
8129093,北京,本科批,物理,,XAF64C5,专业组04,湖南大学,2B47,智能建造,,,,,,631,5623,,,,,,631,5623,,,,,,,,,本科,,,,,
8129094,北京,本科批,物理,,XAF64C5,专业组04,湖南大学,8684,智能制造工程,,,,,,631,5623,,,,,,631,5623,,,,,,,,,本科,,,,,
8129991,北京,本科批,物理,,X2D8094,专业组01,深圳大学,C536,英语（只招英语考生）（办学地点:粤海校区）,只招英语考生; 办学地点:粤海校区,,,,,604,10041,,,,,,604,10041,,,,,,,,,本科,,,,,
8129992,北京,本科批,物理,,X2D8094,专业组03,深圳大学,CFB5,临床医学（五年）（不招色盲、色弱、单色识别能力异常）（办学地点:丽湖校区）,五年; 不招色盲、色弱、单色识别能力异常; 办学地点:丽湖校区,,,,,605,9850,,,,,,605,9850,,,,,,,,,本科,,,,,
8129993,北京,本科批,物理,,X2D8094,专业组01,深圳大学,D863,工商管理（办学地点:丽湖校区）,办学地点:丽湖校区,,,,,605,9850,,,,,,605,9850,,,,,,,,,本科,,,,,
8129994,北京,本科批,物理,,X2D8094,专业组03,深圳大学,9C6E,自动化（办学地点:粤海校区）,办学地点:粤海校区,,,,,607,9499,,,,,,607,9499,,,,,,,,,本科,,,,,
8129995,北京,本科批,物理,,X2D8094,专业组01,深圳大学,ED98,广告学（卓越班）（（办学地点:粤海校区）,卓越班; （办学地点:粤海校区,,,,,609,9179,,,,,,609,9179,,,,,,,,,本科,,,,,
8129996,北京,本科批,物理,,X2D8094,专业组03,深圳大学,3F70,光电信息科学与工程（办学地点:粤海校区）,办学地点:粤海校区,,,,,611,8842,,,,,,611,8842,,,,,,,,,本科,,,,,
8129997,北京,本科批,物理,,X2D8094,专业组01,深圳大学,6B04,经济学（卓越班）（（办学地点:丽湖校区）,卓越班; （办学地点:丽湖校区,,,,,612,8660,,,,,,612,8660,,,,,,,,,本科,,,,,
8129998,北京,本科批,物理,,X2D8094,专业组03,深圳大学,B920,电子信息工程（办学地点:粤海校区）,办学地点:粤海校区,,,,,613,8472,,,,,,613,8472,,,,,,,,,本科,,,,,
8129999,北京,本科批,物理,,X2D8094,专业组02,深圳大学,CB54,金融科技（办学地点:粤海校区）,办学地点:粤海校区,,,,,626,6380,,,,,,626,6380,,,,,,,,,本科,,,,,
8130000,北京,本科批,物理,,X2D8094,专业组03,深圳大学,4C3D,计算机科学与技术（办学地点:粤海校区）,办学地点:粤海校区,,,,,636,4929,,,,,,636,4929,,,,,,,,,本科,,,,,
8130773,北京,本科批,物理,,X75B830,专业组02,西南交通大学,5525,环境工程（中外合作办学）,中外合作办学,,,,,573,16069,,,,,,573,16069,,,,,,,,,本科,,,,,
8130774,北京,本科批,物理,,X75B830,专业组02,西南交通大学,3200,安全工程（中外合作办学）,中外合作办学,,,,,574,15859,,,,,,574,15859,,,,,,,,,本科,,,,,
8130775,北京,本科批,物理,,X75B830,专业组02,西南交通大学,37FB,生物工程（中外合作办学）,中外合作办学,,,,,577,15224,,,,,,577,15224,,,,,,,,,本科,,,,,
8130776,北京,本科批,物理,,X75B830,专业组01,西南交通大学,873B,土木工程（中外合作办学）,中外合作办学,,,,,584,13797,,,,,,584,13797,,,,,,,,,本科,,,,,
8130777,北京,本科批,物理,,X75B830,专业组01,西南交通大学,2ED5,材料科学与工程（中外合作办学）,中外合作办学,,,,,587,13194,,,,,,587,13194,,,,,,,,,本科,,,,,
8130778,北京,本科批,物理,,X75B830,专业组01,西南交通大学,EA4B,机械设计制造及其自动化（中外合作办学）,中外合作办学,,,,,590,12614,,,,,,590,12614,,,,,,,,,本科,,,,,
8130779,北京,本科批,物理,,X75B830,专业组01,西南交通大学,4394,计算机科学与技术（中外合作办学）,中外合作办学,,,,,595,11725,,,,,,595,11725,,,,,,,,,本科,,,,,
8130780,北京,本科批,物理,,X75B830,专业组01,西南交通大学,9F2D,电子信息工程（中外合作办学）,中外合作办学,,,,,604,10041,,,,,,604,10041,,,,,,,,,本科,,,,,
8130781,北京,本科批,物理,,X75B830,专业组03,西南交通大学,FB3B,经济与贸易类,,,,,,616,7980,,,,,,616,7980,,,,,,,,,本科,,,,,
8130782,北京,本科批,物理,,X75B830,专业组03,西南交通大学,4718,数据科学与大数据技术,,,,,,616,7980,,,,,,616,7980,,,,,,,,,本科,,,,,
8130783,北京,本科批,物理,,X75B830,专业组03,西南交通大学,7932,电子信息科学与技术,,,,,,617,7807,,,,,,617,7807,,,,,,,,,本科,,,,,
8130784,北京,本科批,物理,,X75B830,专业组03,西南交通大学,26A7,车辆工程,,,,,,617,7807,,,,,,617,7807,,,,,,,,,本科,,,,,
8130785,北京,本科批,物理,,X75B830,专业组03,西南交通大学,82E6,计算机类,,,,,,619,7491,,,,,,619,7491,,,,,,,,,本科,,,,,
8130786,北京,本科批,物理,,X75B830,专业组03,西南交通大学,852C,交通运输类,,,,,,620,7342,,,,,,620,7342,,,,,,,,,本科,,,,,
8130787,北京,本科批,物理,,X75B830,专业组03,西南交通大学,A5B7,电气工程及其自动化,,,,,,621,7172,,,,,,621,7172,,,,,,,,,本科,,,,,
8130788,北京,本科批,物理,,X75B830,专业组03,西南交通大学,52F8,轨道交通信号与控制,,,,,,624,6693,,,,,,624,6693,,,,,,,,,本科,,,,,
8130789,北京,本科批,物理,,X75B830,专业组03,西南交通大学,861C,电子信息类,,,,,,631,5623,,,,,,631,5623,,,,,,,,,本科,,,,,
8131726,北京,本科批,物理,,XF4CF3F,专业组01,青岛大学,0A01,经济学（专业办学地点:金家岭校区）,专业办学地点:金家岭校区,,,,,539,23365,,,,,,539,23365,,,,,,,,,本科,,,,,
8131727,北京,本科批,物理,,XF4CF3F,专业组01,青岛大学,D268,金融学（专业办学地点:金家岭校区）,专业办学地点:金家岭校区,,,,,546,21881,,,,,,546,21881,,,,,,,,,本科,,,,,
8131728,北京,本科批,物理,,XF4CF3F,专业组02,青岛大学,21B1,口腔医学（五年）（不招色盲、色弱、单色识别能力异常）（专业办学地点:浮山校区）,五年; 不招色盲、色弱、单色识别能力异常; 专业办学地点:浮山校区,,,,,590,12614,,,,,,590,12614,,,,,,,,,本科,,,,,
8131729,北京,本科批,物理,,XF4CF3F,专业组02,青岛大学,ECA6,医学影像学（五年）（不招色盲、色弱、单色识别能力异常）（专业办学地点:浮山校区）,五年; 不招色盲、色弱、单色识别能力异常; 专业办学地点:浮山校区,,,,,591,12433,,,,,,591,12433,,,,,,,,,本科,,,,,
8131730,北京,本科批,物理,,XF4CF3F,专业组02,青岛大学,C8BB,临床医学（五年）（不招色盲、色弱、单色识别能力异常）（专业办学地点:浮山校区）,五年; 不招色盲、色弱、单色识别能力异常; 专业办学地点:浮山校区,,,,,597,11348,,,,,,597,11348,,,,,,,,,本科,,,,,
8132530,北京,本科批,物理,,XB0510E,专业组01,复旦大学,C518,经济学类（拔尖学生培养基地）（含经济学、经济学（数理经济方向拔尖项目）、经济学（国际项目UIPE）、金融学、国际经济与贸易（国际经济学）、国际经济与贸易（大数据、国际贸易双学位项目）、财政学、保险学，国家级一流”建设学科;含国际经济与贸易-数据科学与大数据技术双学士学位项目）,拔尖学生培养基地; 含经济学、经济学（数理经济方向拔尖项目; 国际项目UIPE; 国际经济学; 大数据、国际贸易双学位项目,,,,,678,872,,,,,,678,872,,,,,,,,,本科,,,,,
8132531,北京,本科批,物理,,XB0510E,专业组01,复旦大学,6295,法学（卓越法律人才基地）（国家级一流本科专业建设点，上海市一流学科（上海市重点学科）;含法学-经济双学士学位项目、“卓越法律人才计划”本科项目;含美国哥伦比亚大学、康奈尔大学，加拿大麦吉尔大学，荷兰阿姆斯特丹大学，比利时鲁汶大学等校交流项目）,卓越法律人才基地; 国家级一流本科专业建设点，上海市一流学科（上海市重点学科,,,,,678,872,,,,,,678,872,,,,,,,,,本科,,,,,
8132532,北京,本科批,物理,,XB0510E,专业组01,复旦大学,ACCC,英语（含英语、翻译）（只招英语考生，英语/翻译-计算机科学与技术双学士学位项目国家级一流本科专业建设点，教育部“双一流”建设学科）,含英语、翻译; 只招英语考生，英语/翻译-计算机科学与技术双学士学位项目国家级一流本科专业建设点，教育部“双一流”建设学科,,,,,678,872,,,,,,678,872,,,,,,,,,本科,,,,,
8132533,北京,本科批,物理,,XB0510E,专业组01,复旦大学,8DA2,新闻学（望道新闻卓越班）（国家级一流本科专业建设点，A+学科;含伦敦政治经济学院、巴黎政治大学、密苏里大学、早稻田大学、墨尔本大学双学位项目）,望道新闻卓越班; 国家级一流本科专业建设点，A+学科;含伦敦政治经济学院、巴黎政治大学、密苏里大学、早稻田大学、墨尔本大学双学位项目,,,,,678,872,,,,,,678,872,,,,,,,,,本科,,,,,
8132534,北京,本科批,物理,,XB0510E,专业组01,复旦大学,EE69,社会科学试验班（含政治学与行政学、国际政治、行政管理、社会学、社会工作，国家级一流本科专业建设点，A类学科专业，教育部“双一流”建设学科，国家安全学交叉学科一级学科，上海高校一流学科）,含政治学与行政学、国际政治、行政管理、社会学、社会工作，国家级一流本科专业建设点，A类学科专业，教育部“双一流”建设学科，国家安全学交叉学科一级学科，上海高校一流学科,,,,,678,872,,,,,,678,872,,,,,,,,,本科,,,,,
8132535,北京,本科批,物理,,XB0510E,专业组01,复旦大学,167F,人文科学试验班（拔尖学生培养基地）（含中国语言文学类、历史学类、哲学类，国家级一流本科专业建设点，国家重点学科，教育部“双一流”建设学科;自由分流）,拔尖学生培养基地; 含中国语言文学类、历史学类、哲学类，国家级一流本科专业建设点，国家重点学科，教育部“双一流”建设学科;自由分流,,,,,678,872,,,,,,678,872,,,,,,,,,本科,,,,,
8132536,北京,本科批,物理,,XB0510E,专业组03,复旦大学,63E5,数学类（拔尖学生培养基地）（含数学与应用数学、信息与计算科学，国家级一流本科专业建设点，教育部“双一流”建设学科，A+学科，首批数学国家高层次人才培养中心;含加州大学伯克利分校、加州大学洛杉矶分校、加州大学圣地亚哥分校、牛津大学、东京大学、京都大学、新加坡国立大学、香港大学等校交流项目）,拔尖学生培养基地; 含数学与应用数学、信息与计算科学，国家级一流本科专业建设点，教育部“双一流”建设学科，A+学科，首批数学国家高层次人才培养中心;含加州大学伯克利分校、加州大学洛杉矶分校、加州大学圣地亚哥分校、牛津大学、东京大学、京都大学、新加坡国立大学、香港大学等校交流项目,,,,,681,722,,,,,,681,722,,,,,,,,,本科,,,,,
8132537,北京,本科批,物理,,XB0510E,专业组03,复旦大学,5088,工科试验班（新工科大数据班）（含数据科学与大数据技术，国家级一流本科专业建设点，全国高校首个大数据学院;含普林斯顿大学、芝加哥大学、加州大学伯克利分校、墨尔本大学、新加坡国立大学、香港大学等校交流项目）,新工科大数据班; 含数据科学与大数据技术，国家级一流本科专业建设点，全国高校首个大数据学院;含普林斯顿大学、芝加哥大学、加州大学伯克利分校、墨尔本大学、新加坡国立大学、香港大学等校交流项目,,,,,681,722,,,,,,681,722,,,,,,,,,本科,,,,,
8132538,北京,本科批,物理,,XB0510E,专业组03,复旦大学,CDAF,工科试验班（新工科电子信息班）（含智能科学与技术（智能信息与系统方向）、电子信息科学与技术、通信工程、生物医学工程、光电信息科学与工程，国家级一流本科专业建设点，电磁波信息科学教育部重点实验室、专用集成电路与系统国家重点实验室、光伏科学与技术全国重点实验室;含加拿大多伦多大学联合培养本硕项目、瑞典皇家理工学院、布鲁塞尔自由大学联合培养项目;自由分流）,新工科电子信息班; 含智能科学与技术（智能信息与系统方向,,,,,681,722,,,,,,681,722,,,,,,,,,本科,,,,,
8132539,北京,本科批,物理,,XB0510E,专业组03,复旦大学,74FA,经济管理试验班（含财务管理、工商管理、管理科学、信息管理与信息系统、会计学、市场营销、统计学，国家级一流本科专业建设点，设立二次选拔学术精英班;自由分流）,含财务管理、工商管理、管理科学、信息管理与信息系统、会计学、市场营销、统计学，国家级一流本科专业建设点，设立二次选拔学术精英班;自由分流,,,,,681,722,,,,,,681,722,,,,,,,,,本科,,,,,
8132540,北京,本科批,物理,,XB0510E,专业组03,复旦大学,CD96,工科试验班（新工科拔尖班）（含智能科学与技术、微电子科学与工程、人工智能，国家级一流本科专业建设点，教育部“双一流”建设学科;含加拿大多伦多大学联合培养本硕项目、瑞典皇家理工学院、布鲁塞尔自由大学联合培养项目;含澳大利亚国立大学“2+2”双学位项目，美国芝加哥大学等暑期交流项目;自由分流）,新工科拔尖班; 含智能科学与技术、微电子科学与工程、人工智能，国家级一流本科专业建设点，教育部“双一流”建设学科;含加拿大多伦多大学联合培养本硕项目、瑞典皇家理工学院、布鲁塞尔自由大学联合培养项目;含澳大利亚国立大学“2+2”双学位项目，美国芝加哥大学等暑期交流项目;自由分流,,,,,681,722,,,,,,681,722,,,,,,,,,本科,,,,,
8132541,北京,本科批,物理,,XB0510E,专业组03,复旦大学,BEC1,工科试验班（新工科微电子班）（含微电子科学与工程，国家级一流本科专业建设点，教育部“双一流”建设学科）,新工科微电子班; 含微电子科学与工程，国家级一流本科专业建设点，教育部“双一流”建设学科,,,,,681,722,,,,,,681,722,,,,,,,,,本科,,,,,
8132542,北京,本科批,物理,,XB0510E,专业组03,复旦大学,6AB3,自然科学实验班（拔尖学生培养基地）（含物理学、化学、能源化学、生物科学、生物技术、生态学，国家级一流本科专业建设点，教育部“双一流”建设学科，A+学科;院系内自由分流）,拔尖学生培养基地; 含物理学、化学、能源化学、生物科学、生物技术、生态学，国家级一流本科专业建设点，教育部“双一流”建设学科，A+学科;院系内自由分流,,,,,681,722,,,,,,681,722,,,,,,,,,本科,,,,,
8132543,北京,本科批,物理,,XB0510E,专业组03,复旦大学,6FD5,工科试验班（智慧医药与芯片领军人才班）（含生物医学工程，国家级一流本科专业建设点;国际院士担任荣誉班主任，对标国际一流大学的课程体系，部分课程全英文授课;实施一对一的医院（医）医生和企业（工）导师的“医工导师制”）,智慧医药与芯片领军人才班; 含生物医学工程，国家级一流本科专业建设点;国际院士担任荣誉班主任，对标国际一流大学的课程体系，部分课程全英文授课;实施一对一的医院（医; 工,,,,,681,722,,,,,,681,722,,,,,,,,,本科,,,,,
8132544,北京,本科批,物理,,XB0510E,专业组03,复旦大学,4F65,工科试验班（集成电路领军人才班）（含微电子科学与工程，教育部“双一流”建设学科;院士担任荣誉班主任，设置集成电路精品学程课程，计算机、人工智能及电子科学技术等学科交叉培养，实施“一生一芯”项目和一对一导师制，提供集成电路领域头部企业实习机会）,集成电路领军人才班; 含微电子科学与工程，教育部“双一流”建设学科;院士担任荣誉班主任，设置集成电路精品学程课程，计算机、人工智能及电子科学技术等学科交叉培养，实施“一生一芯”项目和一对一导师制，提供集成电路领域头部企业实习机会,,,,,681,722,,,,,,681,722,,,,,,,,,本科,,,,,
8132545,北京,本科批,物理,,XB0510E,专业组03,复旦大学,2C7F,计算机科学与技术（拔尖人才试验班）（国家级一流本科专业建设点，A类学科;含澳大利亚国立大学“2+2”双学位项目，美国芝加哥大学等校暑期交流项目等）,拔尖人才试验班; 国家级一流本科专业建设点，A类学科;含澳大利亚国立大学“2+2”双学位项目，美国芝加哥大学等校暑期交流项目等,,,,,681,722,,,,,,681,722,,,,,,,,,本科,,,,,
8132546,北京,本科批,物理,,XB0510E,专业组02,复旦大学,4EDF,经济学类（拔尖班）（含经济学（数理经济方向拔尖项目）、经济学（国际项目UI-PE）、国际经济与贸易（大数据、国际贸易双学位项目）、金融学，国家级一流本科专业建设点，教育部“双一流”建设学科;含国际经济与贸易-数据科学与大数据技术双学士学位项目;自由分流）,拔尖班; 含经济学（数理经济方向拔尖项目; 国际项目UI-PE; 大数据、国际贸易双学位项目,,,,,683,625,,,,,,683,625,,,,,,,,,本科,,,,,
8132547,北京,本科批,物理,,XB0510E,专业组02,复旦大学,D53A,金融学（FinTech全英文课程班）（专注金融领域数据分析和人工智能等前沿技术应用研究，全英语授课）,FinTech全英文课程班; 专注金融领域数据分析和人工智能等前沿技术应用研究，全英语授课,,,,,683,625,,,,,,683,625,,,,,,,,,本科,,,,,
8132548,北京,本科批,物理,,XB0510E,专业组04,复旦大学,B579,工科试验班（相辉学堂香农计划）（含微电子科学与工程、人工智能、生物医学工程、智能科学与技术，教育部“双一流”建设学科;实施相辉学员荣誉培养制度，提供“一人一策”“一生一导”培养方案;自由分流）,相辉学堂香农计划; 含微电子科学与工程、人工智能、生物医学工程、智能科学与技术，教育部“双一流”建设学科;实施相辉学员荣誉培养制度，提供“一人一策”“一生一导”培养方案;自由分流,,,,,685,522,,,,,,685,522,,,,,,,,,本科,,,,,
8132549,北京,本科批,物理,,XB0510E,专业组04,复旦大学,A5F1,理科试验班（相辉学堂相辉计划）（含数学与应用数学、物理学、化学、生物科学，国家级一流本科专业建设点，教育部“双一流”建设学科;实施相辉学员荣誉培养制度，提供“一人一策”“一生一导”培养方案;自由分流）,相辉学堂相辉计划; 含数学与应用数学、物理学、化学、生物科学，国家级一流本科专业建设点，教育部“双一流”建设学科;实施相辉学员荣誉培养制度，提供“一人一策”“一生一导”培养方案;自由分流,,,,,685,522,,,,,,685,522,,,,,,,,,本科,,,,,
8133019,北京,本科批,物理,,X29EA39,专业组02,武汉理工大学,3190,车辆工程（中外合作办学）（高收费专业）,中外合作办学; 高收费专业,,,,,596,11548,,,,,,596,11548,,,,,,,,,本科,,,,,
8133020,北京,本科批,物理,,X29EA39,专业组01,武汉理工大学,0208,金融学（中外合作办学）（高收费专业）,中外合作办学; 高收费专业,,,,,599,10980,,,,,,599,10980,,,,,,,,,本科,,,,,
8133021,北京,本科批,物理,,X29EA39,专业组04,武汉理工大学,3E13,土木类（含土木工程、建筑环境与能源应用工程、给排水科学与工程、工程管理）,含土木工程、建筑环境与能源应用工程、给排水科学与工程、工程管理,,,,,604,10041,,,,,,604,10041,,,,,,,,,本科,,,,,
8133022,北京,本科批,物理,,X29EA39,专业组04,武汉理工大学,E347,工业设计,,,,,,604,10041,,,,,,604,10041,,,,,,,,,本科,,,,,
8133023,北京,本科批,物理,,X29EA39,专业组04,武汉理工大学,D3C1,材料类（含材料成型及控制工程、材料科学与工程、材料物理、无机非金属材料工程、高分子材料与工程、复合材料与工程、新能源材料与器件、材料化学）,含材料成型及控制工程、材料科学与工程、材料物理、无机非金属材料工程、高分子材料与工程、复合材料与工程、新能源材料与器件、材料化学,,,,,605,9850,,,,,,605,9850,,,,,,,,,本科,,,,,
8133024,北京,本科批,物理,,X29EA39,专业组04,武汉理工大学,F761,交通运输类（含油气储运工程、交通运输、交通工程、交通设备与控制工程）,含油气储运工程、交通运输、交通工程、交通设备与控制工程,,,,,605,9850,,,,,,605,9850,,,,,,,,,本科,,,,,
8133025,北京,本科批,物理,,X29EA39,专业组04,武汉理工大学,CEDE,道路桥梁与渡河工程,,,,,,606,9678,,,,,,606,9678,,,,,,,,,本科,,,,,
8133026,北京,本科批,物理,,X29EA39,专业组03,武汉理工大学,4E38,工商管理类（含市场营销、人力资源管理、工商管理、会计学、创业管理）,含市场营销、人力资源管理、工商管理、会计学、创业管理,,,,,606,9678,,,,,,606,9678,,,,,,,,,本科,,,,,
8133027,北京,本科批,物理,,X29EA39,专业组04,武汉理工大学,D681,信息管理与信息系统,,,,,,607,9499,,,,,,607,9499,,,,,,,,,本科,,,,,
8133028,北京,本科批,物理,,X29EA39,专业组03,武汉理工大学,85BA,经济学类（含经济学、金融学、国际经济与贸易）,含经济学、金融学、国际经济与贸易,,,,,608,9333,,,,,,608,9333,,,,,,,,,本科,,,,,
8133029,北京,本科批,物理,,X29EA39,专业组04,武汉理工大学,CD8B,电子信息类（含电子信息工程、电子科学与技术、通信工程、集成电路设计与集成系统、智能科学与技术）,含电子信息工程、电子科学与技术、通信工程、集成电路设计与集成系统、智能科学与技术,,,,,609,9179,,,,,,609,9179,,,,,,,,,本科,,,,,
8133030,北京,本科批,物理,,X29EA39,专业组04,武汉理工大学,3901,计算机类（含计算机科学与技术、软件工程、数据科学与大数据技术、人工智能）,含计算机科学与技术、软件工程、数据科学与大数据技术、人工智能,,,,,610,9022,,,,,,610,9022,,,,,,,,,本科,,,,,
8133031,北京,本科批,物理,,X29EA39,专业组04,武汉理工大学,32FA,机械类（智能制造）（含智能制造工程、工业工程、机械工程、过程装备与控制工程、测控技术与仪器）,智能制造; 含智能制造工程、工业工程、机械工程、过程装备与控制工程、测控技术与仪器,,,,,611,8842,,,,,,611,8842,,,,,,,,,本科,,,,,
8133032,北京,本科批,物理,,X29EA39,专业组04,武汉理工大学,E267,自动化类（含电气工程及其自动化、自动化、机器人工程）,含电气工程及其自动化、自动化、机器人工程,,,,,613,8472,,,,,,613,8472,,,,,,,,,本科,,,,,
8133033,北京,本科批,物理,,X29EA39,专业组04,武汉理工大学,ABB0,机械类（车辆）（含车辆工程、能源与动力工程（车辆）、汽车服务工程、储能科学与工程）,车辆; 含车辆工程、能源与动力工程（车辆,,,,,614,8294,,,,,,614,8294,,,,,,,,,本科,,,,,
8133942,北京,本科批,物理,,X98A6C5,专业组01,天津大学,43A0,建筑类,,,,,,652,2976,,,,,,652,2976,,,,,,,,,本科,,,,,
8133943,北京,本科批,物理,,X98A6C5,专业组02,天津大学,ED69,经济管理试验班,,,,,,653,2876,,,,,,653,2876,,,,,,,,,本科,,,,,
8133944,北京,本科批,物理,,X98A6C5,专业组03,天津大学,6639,工科试验班（化工能源与生命健康类）,化工能源与生命健康类,,,,,653,2876,,,,,,653,2876,,,,,,,,,本科,,,,,
8133945,北京,本科批,物理,,X98A6C5,专业组03,天津大学,6F5A,医学试验班（新医科）,新医科,,,,,653,2876,,,,,,653,2876,,,,,,,,,本科,,,,,
8133946,北京,本科批,物理,,X98A6C5,专业组03,天津大学,8DE2,理科试验班（理化）,理化,,,,,653,2876,,,,,,653,2876,,,,,,,,,本科,,,,,
8133947,北京,本科批,物理,,X98A6C5,专业组02,天津大学,D2BC,工科试验班（智能制造与建造）,智能制造与建造,,,,,654,2776,,,,,,654,2776,,,,,,,,,本科,,,,,
8133948,北京,本科批,物理,,X98A6C5,专业组02,天津大学,5669,数学类,,,,,,654,2776,,,,,,654,2776,,,,,,,,,本科,,,,,
8133949,北京,本科批,物理,,X98A6C5,专业组03,天津大学,D570,工科试验班（电气信息类）,电气信息类,,,,,655,2687,,,,,,655,2687,,,,,,,,,本科,,,,,
8133950,北京,本科批,物理,,X98A6C5,专业组02,天津大学,4B2E,工科试验班（精仪与光电信息类）,精仪与光电信息类,,,,,656,2592,,,,,,656,2592,,,,,,,,,本科,,,,,
8133951,北京,本科批,物理,,X98A6C5,专业组02,天津大学,0761,工科试验班（智能与计算类）,智能与计算类,,,,,658,2395,,,,,,658,2395,,,,,,,,,本科,,,,,
8133952,北京,本科批,物理,,X98A6C5,专业组03,天津大学,7E51,工科试验班（未来技术学院）,未来技术学院,,,,,662,2036,,,,,,662,2036,,,,,,,,,本科,,,,,
8134295,北京,本科批,物理,,X0A26EC,专业组01,东南大学,E544,工科试验班（碳中和与智能制造实验班）（含电气工程及其自动化、电动载运工程、机器人工程、自动化、智能车辆工程、机械工程、新能源科学与工程、能源与动力工程、建筑环境与能源应用工程、核工程与核技术、环境工程、智能感知工程、测控技术与仪器）,碳中和与智能制造实验班; 含电气工程及其自动化、电动载运工程、机器人工程、自动化、智能车辆工程、机械工程、新能源科学与工程、能源与动力工程、建筑环境与能源应用工程、核工程与核技术、环境工程、智能感知工程、测控技术与仪器,,,,,656,2592,,,,,,656,2592,,,,,,,,,本科,,,,,
8134296,北京,本科批,物理,,X0A26EC,专业组01,东南大学,6D96,计算机类（含计算机科学与技术、软件工程、人工智能、网络空间安全）,含计算机科学与技术、软件工程、人工智能、网络空间安全,,,,,656,2592,,,,,,656,2592,,,,,,,,,本科,,,,,
8134297,北京,本科批,物理,,X0A26EC,专业组01,东南大学,3C1E,理科试验班（含数学与应用数学、信息与计算科学、统计学、应用物理学、物理学、工程力学、密码科学与技术）,含数学与应用数学、信息与计算科学、统计学、应用物理学、物理学、工程力学、密码科学与技术,,,,,656,2592,,,,,,656,2592,,,,,,,,,本科,,,,,
8134298,北京,本科批,物理,,X0A26EC,专业组01,东南大学,16F8,建筑类（五年）（含建筑学（五年）、城乡规划（四年）、风景园林（四年））,五年; 含建筑学（五年; 四年; 四年,,,,,656,2592,,,,,,656,2592,,,,,,,,,本科,,,,,
8134299,北京,本科批,物理,,X0A26EC,专业组01,东南大学,8DFA,电子信息类（含信息工程、海洋信息工程、电子科学与技术）,含信息工程、海洋信息工程、电子科学与技术,,,,,658,2395,,,,,,658,2395,,,,,,,,,本科,,,,,
8134300,北京,本科批,物理,,X0A26EC,专业组01,东南大学,DEA9,工科试验班（吴健雄班）（含信息工程等四年制理工科专业）,吴健雄班; 含信息工程等四年制理工科专业,,,,,662,2036,,,,,,662,2036,,,,,,,,,本科,,,,,
8134700,北京,本科批,物理,,X8E6053,专业组02,中国海洋大学,4D46,海洋科学（中外合作办学）（与澳大利亚塔斯马尼亚大学合办，“4+0”“2+2”“3+2”模式均可，非英语语种考生慎重报考）（10、20、30、40、50、60、70-71专业办学地点:崂山校区）,中外合作办学; 与澳大利亚塔斯马尼亚大学合办，“4+0”“2+2”“3+2”模式均可，非英语语种考生慎重报考; 10、20、30、40、50、60、70-71专业办学地点:崂山校区,,,,,616,7980,,,,,,616,7980,,,,,,,,,本科,,,,,
8134701,北京,本科批,物理,,X8E6053,专业组05,中国海洋大学,E842,食品科学与工程（中外合作办学）（与澳大利亚阿德莱德大学合办，“4+0”“2+2”“3+2”模式均可，非英语语种考生慎重报考）（10、20、30、40、50、60、70-71专业办学地点:崂山校区）,中外合作办学; 与澳大利亚阿德莱德大学合办，“4+0”“2+2”“3+2”模式均可，非英语语种考生慎重报考; 10、20、30、40、50、60、70-71专业办学地点:崂山校区,,,,,618,7651,,,,,,618,7651,,,,,,,,,本科,,,,,
8134702,北京,本科批,物理,,X8E6053,专业组03,中国海洋大学,F34C,数学与应用数学（中外合作办学）（与澳大利亚阿德莱德大学合办，“4+0”“2+2”“3+2”模式均可，非英语语种考生慎重报考）（10、20、30、40、50、60、70-71专业办学地点:崂山校区）,中外合作办学; 与澳大利亚阿德莱德大学合办，“4+0”“2+2”“3+2”模式均可，非英语语种考生慎重报考; 10、20、30、40、50、60、70-71专业办学地点:崂山校区,,,,,621,7172,,,,,,621,7172,,,,,,,,,本科,,,,,
8134703,北京,本科批,物理,,X8E6053,专业组07,中国海洋大学,8A37,电子信息类（含电子信息工程、电子信息科学与技术、通信工程、微电子科学与工程）（72-73专业办学地点:西海岸校区）,含电子信息工程、电子信息科学与技术、通信工程、微电子科学与工程; 72-73专业办学地点:西海岸校区,,,,,623,6848,,,,,,623,6848,,,,,,,,,本科,,,,,
8134704,北京,本科批,物理,,X8E6053,专业组04,中国海洋大学,5326,生物技术（中外合作办学）（与澳大利亚阿德莱德大学合办，“4+0”“2+2”“3+2”模式均可，非英语语种考生慎重报考）（10、20、30、40、50、60、70-71专业办学地点:崂山校区）,中外合作办学; 与澳大利亚阿德莱德大学合办，“4+0”“2+2”“3+2”模式均可，非英语语种考生慎重报考; 10、20、30、40、50、60、70-71专业办学地点:崂山校区,,,,,623,6848,,,,,,623,6848,,,,,,,,,本科,,,,,
8134705,北京,本科批,物理,,X8E6053,专业组06,中国海洋大学,9D12,国际经济与贸易（10、20、30、40、50、60、70-71专业办学地点:崂山校区）,10、20、30、40、50、60、70-71专业办学地点:崂山校区,,,,,623,6848,,,,,,623,6848,,,,,,,,,本科,,,,,
8134706,北京,本科批,物理,,X8E6053,专业组07,中国海洋大学,3441,水产养殖学（74-75专业办学地点:鱼山校区）,74-75专业办学地点:鱼山校区,,,,,623,6848,,,,,,623,6848,,,,,,,,,本科,,,,,
8134707,北京,本科批,物理,,X8E6053,专业组07,中国海洋大学,00BE,海洋科学（设有基础学科拔尖计划2.0基地）（10、20、30、40、50、60、70-71专业办学地点:崂山校区）,设有基础学科拔尖计划2.0基地; 10、20、30、40、50、60、70-71专业办学地点:崂山校区,,,,,624,6693,,,,,,624,6693,,,,,,,,,本科,,,,,
8134708,北京,本科批,物理,,X8E6053,专业组07,中国海洋大学,C728,数学类（含数学与应用数学、信息与计算科学）（10、20、30、40、50、60、70-71专业办学地点:崂山校区）,含数学与应用数学、信息与计算科学; 10、20、30、40、50、60、70-71专业办学地点:崂山校区,,,,,624,6693,,,,,,624,6693,,,,,,,,,本科,,,,,
8134709,北京,本科批,物理,,X8E6053,专业组07,中国海洋大学,E796,计算机类（含计算机科学与技术、智能科学与技术、数据科学与大数据技术、网络空间安全、软件工程、保密技术）（72-73专业办学地点:西海岸校区）,含计算机科学与技术、智能科学与技术、数据科学与大数据技术、网络空间安全、软件工程、保密技术; 72-73专业办学地点:西海岸校区,,,,,624,6693,,,,,,624,6693,,,,,,,,,本科,,,,,
8134710,北京,本科批,物理,,X8E6053,专业组01,中国海洋大学,D7AE,法学（中外合作办学）（与美国亚利桑那大学罗杰斯法学院合办，“4+0”“2+2”“3+1”模式均可，非英语语种考生慎重报考）（10、20、30、40、50、60、70-71专业办学地点:崂山校区）,中外合作办学; 与美国亚利桑那大学罗杰斯法学院合办，“4+0”“2+2”“3+1”模式均可，非英语语种考生慎重报考; 10、20、30、40、50、60、70-71专业办学地点:崂山校区,,,,,624,6693,,,,,,624,6693,,,,,,,,,本科,,,,,
8134711,北京,本科批,物理,,X8E6053,专业组07,中国海洋大学,AA40,生物科学类（含生态学、生物技术、生物科学，设有基础学科拔尖计划2.0基地）（74-75专业办学地点:鱼山校区）,含生态学、生物技术、生物科学，设有基础学科拔尖计划2.0基地; 74-75专业办学地点:鱼山校区,,,,,630,5783,,,,,,630,5783,,,,,,,,,本科,,,,,
8135657,北京,本科批,物理,,X648016,专业组01,同济大学,FDEF,"机械类（中外合作办学）（含机械电子工程（中外合作办学）、建筑电气与智能化（中外合作办学）、汽车服务工程（中外合作办学）,该专业是中华人民共和国教育部与德意志联邦共和国教科部共同倡议和直接经费支持设立的中外合作办学项目。采用3（同济）+1（德国/瑞士）进阶式国际化人才培养模式，成绩合格者获得同济大学毕业证、工学学士学位证以及外方合作院校学士学位证书）",中外合作办学; 含机械电子工程（中外合作办学; 中外合作办学; 中外合作办学; 同济; 德国/瑞士,,,,,655,2687,,,,,,655,2687,,,,,,,,,本科,,,,,
8135658,北京,本科批,物理,,X648016,专业组02,同济大学,F661,理科试验班（含数学与应用数学、统计学、应用物理学、工程力学、材料科学与工程、海洋科学，含双学位培养项目:金融学-数学，光电信息科学与工程-应用物理学，微电子科学与工程-应用物理学，土木工程-数学，环境工程-数学，交通工程-数学，测绘工程-应用物理学，能源与动力工程-应用化学。含物理学、数学、力学拔尖学生培养基地，海洋科学、先进材料拔尖班）,含数学与应用数学、统计学、应用物理学、工程力学、材料科学与工程、海洋科学，含双学位培养项目:金融学-数学，光电信息科学与工程-应用物理学，微电子科学与工程-应用物理学，土木工程-数学，环境工程-数学，交通工程-数学，测绘工程-应用物理学，能源与动力工程-应用化学。含物理学、数学、力学拔尖学生培养基地，海洋科学、先进材料拔尖班,,,,,662,2036,,,,,,662,2036,,,,,,,,,本科,,,,,
8135659,北京,本科批,物理,,X648016,专业组02,同济大学,7505,工科试验班（信息与智能网联类）（含计算机科学与技术、信息安全、数据科学与大数据技术、电气工程及其自动化、自动化、通信工程、人工智能、微电子科学与工程、软件工程、交通工程、交通运输、车辆工程（汽车）、车辆工程、测绘工程、光电信息科学与工程，含双学位培养项目:光电信息科学与工程-应用物理学，微电子科学与工程-应用物理学，测绘工程-应用物理学，视觉传达设计-人工智能，交通工程-数学与应用数学。含计算机科学拔尖学生培养基地。分流专业中软件工程专业三、四年级收费标准为16000元/年）,信息与智能网联类; 含计算机科学与技术、信息安全、数据科学与大数据技术、电气工程及其自动化、自动化、通信工程、人工智能、微电子科学与工程、软件工程、交通工程、交通运输、车辆工程（汽车,,,,,662,2036,,,,,,662,2036,,,,,,,,,本科,,,,,
8135660,北京,本科批,物理,,X648016,专业组02,同济大学,7014,"工科试验班（国豪精英班）（工科拔尖创新人才培养计划，含未来技术学院（人工智能+领域培养）,所有工科专业任选，本研贯通培养）",国豪精英班; 工科拔尖创新人才培养计划，含未来技术学院（人工智能+领域培养,,,,,662,2036,,,,,,662,2036,,,,,,,,,本科,,,,,
8135661,北京,本科批,物理,,X648016,专业组02,同济大学,7AB8,工科试验班（城市、建筑与创意设计类）（含建筑学、历史建筑保护工程、城乡规划、风景园林、城市设计、工业设计，不招色盲、单色识别能力异常，分流专业中建筑学和城乡规划为五年制）,城市、建筑与创意设计类; 含建筑学、历史建筑保护工程、城乡规划、风景园林、城市设计、工业设计，不招色盲、单色识别能力异常，分流专业中建筑学和城乡规划为五年制,,,,,662,2036,,,,,,662,2036,,,,,,,,,本科,,,,,
8136218,北京,本科批,物理,,XCF1E4A,专业组02,大连理工大学,9F14,"计算机类（中外合作办学）（含软件工程（中外合作办学）、数字媒体技术（中外合作办学）、物联网工程（中外合作办学）,与日本立命馆大学合作，零起点学习日语，部分课程采用英语、日语授课，非英语语种考生慎重报考,办学地点:大连开发区校区）",中外合作办学; 含软件工程（中外合作办学; 中外合作办学; 中外合作办学,,,,,627,6215,,,,,,627,6215,,,,,,,,,本科,,,,,
8136219,北京,本科批,物理,,XCF1E4A,专业组03,大连理工大学,48B9,"机械设计制造及其自动化（中外合作办学）（与美国加州大学欧文分校合作，部分课程采用英语授课，非英语语种考生慎重报考,办学地点:主校区）","中外合作办学; 与美国加州大学欧文分校合作，部分课程采用英语授课，非英语语种考生慎重报考,办学地点:主校区",,,,,630,5783,,,,,,630,5783,,,,,,,,,本科,,,,,
8136220,北京,本科批,物理,,XCF1E4A,专业组01,大连理工大学,ADC9,"人工智能（未来技术班）（智能+工程高保研率培养:低年级人工智能通识培养，高年级按学生意愿向人工智能、智能车辆、智能制造工程、精细化工、智能建造、生物工程专业分流;各专业均等设置保研名额，符合条件全员保研,办学地点:主校区）","未来技术班; 智能+工程高保研率培养:低年级人工智能通识培养，高年级按学生意愿向人工智能、智能车辆、智能制造工程、精细化工、智能建造、生物工程专业分流;各专业均等设置保研名额，符合条件全员保研,办学地点:主校区",,,,,653,2876,,,,,,653,2876,,,,,,,,,本科,,,,,
8136221,北京,本科批,物理,,XCF1E4A,专业组01,大连理工大学,488B,"人工智能（新工科大师班）（高保研率培养，全校专业任选。专业确认后按专业标准收费。硕博阶段专业可随导师科研方向,办学地点:主校区）","新工科大师班; 高保研率培养，全校专业任选。专业确认后按专业标准收费。硕博阶段专业可随导师科研方向,办学地点:主校区",,,,,653,2876,,,,,,653,2876,,,,,,,,,本科,,,,,
8136817,北京,本科批,物理,,X0FFD97,专业组01,西安交通大学,7E95,建筑学（中外合作办学）（五年）（意大利米兰理工）（办学地点:创新港校区）,中外合作办学; 五年; 意大利米兰理工; 办学地点:创新港校区,,,,,625,6546,,,,,,625,6546,,,,,,,,,本科,,,,,
8136818,北京,本科批,物理,,X0FFD97,专业组01,西安交通大学,2743,工业设计（中外合作办学）（意大利米兰理工）（办学地点:创新港校区）,中外合作办学; 意大利米兰理工; 办学地点:创新港校区,,,,,630,5783,,,,,,630,5783,,,,,,,,,本科,,,,,
8136819,北京,本科批,物理,,X0FFD97,专业组04,西安交通大学,4F3C,文科试验班类（含哲学、社会学、汉语言文学）（办学地点:兴庆校区）,含哲学、社会学、汉语言文学; 办学地点:兴庆校区,,,,,647,3504,,,,,,647,3504,,,,,,,,,本科,,,,,
8136820,北京,本科批,物理,,X0FFD97,专业组02,西安交通大学,207B,公共管理类（含行政管理、劳动与社会保障）（办学地点:兴庆校区）,含行政管理、劳动与社会保障; 办学地点:兴庆校区,,,,,651,3065,,,,,,651,3065,,,,,,,,,本科,,,,,
8136821,北京,本科批,物理,,X0FFD97,专业组03,西安交通大学,40DB,经济学类（含经济学、经济统计学、财政学、金融学、金融工程、国际经济与贸易、贸易经济、电子商务）（办学地点:兴庆校区）,含经济学、经济统计学、财政学、金融学、金融工程、国际经济与贸易、贸易经济、电子商务; 办学地点:兴庆校区,,,,,653,2876,,,,,,653,2876,,,,,,,,,本科,,,,,
8136822,北京,本科批,物理,,X0FFD97,专业组05,西安交通大学,CA51,理科试验班（物理类）（含材料物理、光电信息科学与工程、应用物理学）（办学地点:兴庆校区）,物理类; 含材料物理、光电信息科学与工程、应用物理学; 办学地点:兴庆校区,,,,,657,2491,,,,,,657,2491,,,,,,,,,本科,,,,,
8136823,北京,本科批,物理,,X0FFD97,专业组05,西安交通大学,CD83,理科试验班（数学类）（含数学与应用数学、信息与计算科学、统计学）（办学地点:兴庆校区）,数学类; 含数学与应用数学、信息与计算科学、统计学; 办学地点:兴庆校区,,,,,657,2491,,,,,,657,2491,,,,,,,,,本科,,,,,
8136824,北京,本科批,物理,,X0FFD97,专业组05,西安交通大学,185A,工科试验班（航天航空类）（含飞行器设计与工程、飞行器动力工程、工程力学）（办学地点:兴庆校区）,航天航空类; 含飞行器设计与工程、飞行器动力工程、工程力学; 办学地点:兴庆校区,,,,,657,2491,,,,,,657,2491,,,,,,,,,本科,,,,,
8136825,北京,本科批,物理,,X0FFD97,专业组05,西安交通大学,2E47,工科试验班（智慧能源类）（含能源与动力工程、能源与动力工程（热流国际班）、新能源科学与工程、核工程与核技术、环境工程）（办学地点:兴庆校区）,智慧能源类; 含能源与动力工程、能源与动力工程（热流国际班; 办学地点:兴庆校区,,,,,657,2491,,,,,,657,2491,,,,,,,,,本科,,,,,
8136826,北京,本科批,物理,,X0FFD97,专业组05,西安交通大学,286B,会计学（ACCA）（新生入学还需一次性缴纳3.9万元的培训费、资料费等费用，仅录取有该专业志愿的考生）（办学地点:兴庆校区）,ACCA; 新生入学还需一次性缴纳3.9万元的培训费、资料费等费用，仅录取有该专业志愿的考生; 办学地点:兴庆校区,,,,,657,2491,,,,,,657,2491,,,,,,,,,本科,,,,,
8136827,北京,本科批,物理,,X0FFD97,专业组05,西安交通大学,50E7,软件工程（第一、二学年学费6600元/年，第三、四学年为16000元/年）（办学地点:兴庆校区）,第一、二学年学费6600元/年，第三、四学年为16000元/年; 办学地点:兴庆校区,,,,,658,2395,,,,,,658,2395,,,,,,,,,本科,,,,,
8136828,北京,本科批,物理,,X0FFD97,专业组05,西安交通大学,188A,工科试验班（智能制造类）（含机械工程、智能制造工程、车辆工程）（办学地点:兴庆校区）,智能制造类; 含机械工程、智能制造工程、车辆工程; 办学地点:兴庆校区,,,,,660,2223,,,,,,660,2223,,,,,,,,,本科,,,,,
8136829,北京,本科批,物理,,X0FFD97,专业组05,西安交通大学,CBC4,电子科学与技术（办学地点:兴庆校区）,办学地点:兴庆校区,,,,,660,2223,,,,,,660,2223,,,,,,,,,本科,,,,,
8136830,北京,本科批,物理,,X0FFD97,专业组05,西安交通大学,1CC8,自动化（办学地点:兴庆校区）,办学地点:兴庆校区,,,,,661,2118,,,,,,661,2118,,,,,,,,,本科,,,,,
8136831,北京,本科批,物理,,X0FFD97,专业组05,西安交通大学,2E6E,工科试验班（电气类）（含电气工程及其自动化、能源互联网工程）（办学地点:兴庆校区）,电气类; 含电气工程及其自动化、能源互联网工程; 办学地点:兴庆校区,,,,,661,2118,,,,,,661,2118,,,,,,,,,本科,,,,,
8136832,北京,本科批,物理,,X0FFD97,专业组05,西安交通大学,DE8F,工科试验班（计算机科学技术类）（含计算机科学与技术、网络空间安全、物联网工程）（办学地点:兴庆校区）,计算机科学技术类; 含计算机科学与技术、网络空间安全、物联网工程; 办学地点:兴庆校区,,,,,662,2036,,,,,,662,2036,,,,,,,,,本科,,,,,
8136833,北京,本科批,物理,,X0FFD97,专业组05,西安交通大学,6954,人工智能（新工科卓越计划）（（办学地点:兴庆校区）,新工科卓越计划; （办学地点:兴庆校区,,,,,663,1949,,,,,,663,1949,,,,,,,,,本科,,,,,
8137638,北京,本科批,物理,,X72DF07,专业组02,北京邮电大学,0E5E,数字媒体技术（中外合作办学）（办学地点:海南校区（海南省陵水黎安国际教育创新试验区）（以上专业部分课程采用英语授课，非英语语种考生慎重报考）（宏福校区）,中外合作办学; 办学地点:海南校区（海南省陵水黎安国际教育创新试验区; 以上专业部分课程采用英语授课，非英语语种考生慎重报考; 宏福校区,,,,,624,6693,,,,,,624,6693,,,,,,,,,本科,,,,,
8137639,北京,本科批,物理,,X72DF07,专业组02,北京邮电大学,BBAE,信息与计算科学（中外合作办学）（办学地点:海南校区（海南省陵水黎安国际教育创新试验区）（宏福校区）,中外合作办学; 办学地点:海南校区（海南省陵水黎安国际教育创新试验区; 宏福校区,,,,,625,6546,,,,,,625,6546,,,,,,,,,本科,,,,,
8137640,北京,本科批,物理,,X72DF07,专业组01,北京邮电大学,8177,网络与新媒体（办学地点:沙河校区）,办学地点:沙河校区,,,,,631,5623,,,,,,631,5623,,,,,,,,,本科,,,,,
8137641,北京,本科批,物理,,X72DF07,专业组01,北京邮电大学,4884,"英语（语言智能实验班）（只招英语考生,办学地点:沙河校区）","语言智能实验班; 只招英语考生,办学地点:沙河校区",,,,,631,5623,,,,,,631,5623,,,,,,,,,本科,,,,,
8137642,北京,本科批,物理,,X72DF07,专业组01,北京邮电大学,9015,法学（办学地点:沙河校区）,办学地点:沙河校区,,,,,634,5176,,,,,,634,5176,,,,,,,,,本科,,,,,
8137643,北京,本科批,物理,,X72DF07,专业组01,北京邮电大学,38F6,"工商管理类（含工商管理（智能化与创新管理）、公共事业管理（智慧城市与计算社会科学,办学地点:第一年在沙河校区，第二、三、四年根据学校规划安排在沙河校区或西土城路校区）","含工商管理（智能化与创新管理; 智慧城市与计算社会科学,办学地点:第一年在沙河校区，第二、三、四年根据学校规划安排在沙河校区或西土城路校区",,,,,636,4929,,,,,,636,4929,,,,,,,,,本科,,,,,
8137644,北京,本科批,物理,,X72DF07,专业组01,北京邮电大学,CA4C,电信工程及管理（中外合作办学）（办学地点:第一年在沙河校区，第二、三、四年根据学校规划安排在沙河校区或西土城路校区）（宏福校区）,中外合作办学; 办学地点:第一年在沙河校区，第二、三、四年根据学校规划安排在沙河校区或西土城路校区; 宏福校区,,,,,638,4633,,,,,,638,4633,,,,,,,,,本科,,,,,
8137645,北京,本科批,物理,,X72DF07,专业组01,北京邮电大学,D87A,物联网工程（中外合作办学）（办学地点:第一年在沙河校区，第二、三、四年根据学校规划安排在沙河校区或西土城路校区）（宏福校区）,中外合作办学; 办学地点:第一年在沙河校区，第二、三、四年根据学校规划安排在沙河校区或西土城路校区; 宏福校区,,,,,639,4478,,,,,,639,4478,,,,,,,,,本科,,,,,
8137646,北京,本科批,物理,,X72DF07,专业组01,北京邮电大学,0522,智能科学与技术（中外合作办学）（办学地点:第一年在沙河校区，第二、三、四年根据学校规划安排在沙河校区或西土城路校区）（宏福校区）,中外合作办学; 办学地点:第一年在沙河校区，第二、三、四年根据学校规划安排在沙河校区或西土城路校区; 宏福校区,,,,,642,4108,,,,,,642,4108,,,,,,,,,本科,,,,,
8137647,北京,本科批,物理,,X72DF07,专业组01,北京邮电大学,DE27,电子信息工程（中外合作办学）（办学地点:第一年在沙河校区，第二、三、四年根据学校规划安排在沙河校区或西土城路校区）（宏福校区）,中外合作办学; 办学地点:第一年在沙河校区，第二、三、四年根据学校规划安排在沙河校区或西土城路校区; 宏福校区,,,,,643,3980,,,,,,643,3980,,,,,,,,,本科,,,,,
8137648,北京,本科批,物理,,X72DF07,专业组02,北京邮电大学,9BC0,"电子信息类（含电子信息科学与技术、电子科学与技术、光电信息科学与工程、集成电路设计与集成系统,办学地点:第一年在沙河校区，第二、三、四年根据学校规划安排在沙河校区或西土城路校区）","含电子信息科学与技术、电子科学与技术、光电信息科学与工程、集成电路设计与集成系统,办学地点:第一年在沙河校区，第二、三、四年根据学校规划安排在沙河校区或西土城路校区",,,,,651,3065,,,,,,651,3065,,,,,,,,,本科,,,,,
8137649,北京,本科批,物理,,X72DF07,专业组02,北京邮电大学,DE4E,"人工智能（大类招生）（含信息工程、人工智能、智能医学工程,办学地点:第一年在沙河校区，第二、三、四年根据学校规划安排在沙河校区或西土城路校区）","大类招生; 含信息工程、人工智能、智能医学工程,办学地点:第一年在沙河校区，第二、三、四年根据学校规划安排在沙河校区或西土城路校区",,,,,651,3065,,,,,,651,3065,,,,,,,,,本科,,,,,
8137650,北京,本科批,物理,,X72DF07,专业组02,北京邮电大学,D68C,"软件工程（第一、二学年学费5500元/年，第三、四学年为16000元/年。本专业部分课程采用英语授课，建议非英语考生慎重报考,办学地点:第一年在沙河校区，第二、三、四年根据学校规划安排在沙河校区或西土城路校区）","第一、二学年学费5500元/年，第三、四学年为16000元/年。本专业部分课程采用英语授课，建议非英语考生慎重报考,办学地点:第一年在沙河校区，第二、三、四年根据学校规划安排在沙河校区或西土城路校区",,,,,651,3065,,,,,,651,3065,,,,,,,,,本科,,,,,
8137651,北京,本科批,物理,,X72DF07,专业组02,北京邮电大学,7744,"网络空间安全（大类招生）（含网络空间安全、信息安全、密码科学与技术,办学地点:沙河校区）","大类招生; 含网络空间安全、信息安全、密码科学与技术,办学地点:沙河校区",,,,,651,3065,,,,,,651,3065,,,,,,,,,本科,,,,,
8137652,北京,本科批,物理,,X72DF07,专业组02,北京邮电大学,F1A0,"理科试验班（信息科学）（含数学与应用数学、信息与计算科学、应用物理学,办学地点:沙河校区）","信息科学; 含数学与应用数学、信息与计算科学、应用物理学,办学地点:沙河校区",,,,,652,2976,,,,,,652,2976,,,,,,,,,本科,,,,,
8137653,北京,本科批,物理,,X72DF07,专业组02,北京邮电大学,F842,"通信工程（大类招生）（含通信工程、电子信息工程、空间信息与数字技术,办学地点:第一年在沙河校区，第二、三、四年根据学校规划安排在沙河校区或西土城路校区）","大类招生; 含通信工程、电子信息工程、空间信息与数字技术,办学地点:第一年在沙河校区，第二、三、四年根据学校规划安排在沙河校区或西土城路校区",,,,,653,2876,,,,,,653,2876,,,,,,,,,本科,,,,,
8137654,北京,本科批,物理,,X72DF07,专业组02,北京邮电大学,0E88,数字媒体技术（办学地点:沙河校区）,办学地点:沙河校区,,,,,654,2776,,,,,,654,2776,,,,,,,,,本科,,,,,
8137655,北京,本科批,物理,,X72DF07,专业组02,北京邮电大学,A3A1,"计算机类（含计算机科学与技术、网络工程、数据科学与大数据技术,办学地点:第一年在沙河校区，第二、三、四年根据学校规划安排在沙河校区或西土城路校区）","含计算机科学与技术、网络工程、数据科学与大数据技术,办学地点:第一年在沙河校区，第二、三、四年根据学校规划安排在沙河校区或西土城路校区",,,,,656,2592,,,,,,656,2592,,,,,,,,,本科,,,,,
8137656,北京,本科批,物理,,X72DF07,专业组02,北京邮电大学,8B15,"自动化类（智能机器人）（含自动化、机器人工程、邮政工程（智慧物流）、机械工程（数字智能）,办学地点:沙河校区）",智能机器人; 含自动化、机器人工程、邮政工程（智慧物流; 数字智能,,,,,662,2036,,,,,,662,2036,,,,,,,,,本科,,,,,
8137657,北京,本科批,物理,,X72DF07,专业组03,北京邮电大学,DF96,"电子信息类（元班）（含通信工程、电子科学与技术，未来学院“元班”实验班,办学地点:第一年在沙河校区，第二、三、四年根据学校规划安排在沙河校区或西土城路校区）","元班; 含通信工程、电子科学与技术，未来学院“元班”实验班,办学地点:第一年在沙河校区，第二、三、四年根据学校规划安排在沙河校区或西土城路校区",,,,,663,1949,,,,,,663,1949,,,,,,,,,本科,,,,,
8138392,北京,本科批,物理,,XC84358,专业组01,暨南大学,3C9C,翻译（办学地点:珠海校区）,办学地点:珠海校区,,,,,605,9850,,,,,,605,9850,,,,,,,,,本科,,,,,
8138393,北京,本科批,物理,,XC84358,专业组01,暨南大学,413A,日语（办学地点:番禺校区）,办学地点:番禺校区,,,,,605,9850,,,,,,605,9850,,,,,,,,,本科,,,,,
8138394,北京,本科批,物理,,XC84358,专业组01,暨南大学,F68C,汉语国际教育（办学地点:广园东校区）,办学地点:广园东校区,,,,,607,9499,,,,,,607,9499,,,,,,,,,本科,,,,,
8138395,北京,本科批,物理,,XC84358,专业组01,暨南大学,FD7A,国际经济与贸易（全英语教学）（办学地点:番禺校区）,全英语教学; 办学地点:番禺校区,,,,,607,9499,,,,,,607,9499,,,,,,,,,本科,,,,,
8138396,北京,本科批,物理,,XC84358,专业组01,暨南大学,344D,国际新闻与传播（全英语教学）（办学地点:番禺校区）,全英语教学; 办学地点:番禺校区,,,,,610,9022,,,,,,610,9022,,,,,,,,,本科,,,,,
8138397,北京,本科批,物理,,XC84358,专业组02,暨南大学,11A8,电子科学与技术（办学地点:番禺校区）,办学地点:番禺校区,,,,,610,9022,,,,,,610,9022,,,,,,,,,本科,,,,,
8138398,北京,本科批,物理,,XC84358,专业组02,暨南大学,3430,数学与应用数学（办学地点:番禺校区）,办学地点:番禺校区,,,,,611,8842,,,,,,611,8842,,,,,,,,,本科,,,,,
8138399,北京,本科批,物理,,XC84358,专业组01,暨南大学,9B26,税收学（办学地点:番禺校区）,办学地点:番禺校区,,,,,612,8660,,,,,,612,8660,,,,,,,,,本科,,,,,
8138400,北京,本科批,物理,,XC84358,专业组01,暨南大学,E8A8,会计学（办学地点:番禺校区）,办学地点:番禺校区,,,,,612,8660,,,,,,612,8660,,,,,,,,,本科,,,,,
8138401,北京,本科批,物理,,XC84358,专业组02,暨南大学,A392,生物科学（办学地点:石牌校区）,办学地点:石牌校区,,,,,612,8660,,,,,,612,8660,,,,,,,,,本科,,,,,
8138402,北京,本科批,物理,,XC84358,专业组01,暨南大学,0902,广告学（办学地点:番禺校区）,办学地点:番禺校区,,,,,612,8660,,,,,,612,8660,,,,,,,,,本科,,,,,
8139299,北京,本科批,物理,,X14AAB9,专业组03,南昌大学,BE37,材料科学与工程（专业办学地点:前湖校区）,专业办学地点:前湖校区,,,,,576,15428,,,,,,576,15428,,,,,,,,,本科,,,,,
8139300,北京,本科批,物理,,X14AAB9,专业组03,南昌大学,077C,临床医学（五年）（（专业办学地点:前湖校区）,五年; （专业办学地点:前湖校区,,,,,576,15428,,,,,,576,15428,,,,,,,,,本科,,,,,
8139301,北京,本科批,物理,,X14AAB9,专业组02,南昌大学,D5E7,经济学（专业办学地点:前湖校区）,专业办学地点:前湖校区,,,,,589,12794,,,,,,589,12794,,,,,,,,,本科,,,,,
8139302,北京,本科批,物理,,X14AAB9,专业组01,南昌大学,48AC,临床医学（中外合作办学）（中英双学位合作办学）（五年）（（专业办学地点:前湖校区）,中外合作办学; 中英双学位合作办学; 五年; （专业办学地点:前湖校区,,,,,592,12263,,,,,,592,12263,,,,,,,,,本科,,,,,
8140197,北京,本科批,物理,,XC70C34,专业组03,长安大学,0672,材料类（含材料科学与工程、材料成型及控制工程、无机非金属材料工程、新能源材料与器件、高分子材料与工程）（办学地点:北校区）,含材料科学与工程、材料成型及控制工程、无机非金属材料工程、新能源材料与器件、高分子材料与工程; 办学地点:北校区,,,,,581,14402,,,,,,581,14402,,,,,,,,,本科,,,,,
8140198,北京,本科批,物理,,XC70C34,专业组03,长安大学,CC08,车辆工程（办学地点:北校区）,办学地点:北校区,,,,,582,14198,,,,,,582,14198,,,,,,,,,本科,,,,,
8140199,北京,本科批,物理,,XC70C34,专业组03,长安大学,3FB1,土木类（含土木工程、建筑环境与能源应用工程、给排水科学与工程、工程造价）（办学地点:北校区）,含土木工程、建筑环境与能源应用工程、给排水科学与工程、工程造价; 办学地点:北校区,,,,,582,14198,,,,,,582,14198,,,,,,,,,本科,,,,,
8140200,北京,本科批,物理,,XC70C34,专业组03,长安大学,722D,道路桥梁与渡河工程（办学地点:北校区）,办学地点:北校区,,,,,582,14198,,,,,,582,14198,,,,,,,,,本科,,,,,
8140201,北京,本科批,物理,,XC70C34,专业组03,长安大学,7E2C,自动化类（含自动化、机器人工程）（办学地点:北校区）,含自动化、机器人工程; 办学地点:北校区,,,,,583,14003,,,,,,583,14003,,,,,,,,,本科,,,,,
8140202,北京,本科批,物理,,XC70C34,专业组03,长安大学,5A6D,智能车辆工程（办学地点:北校区）,办学地点:北校区,,,,,584,13797,,,,,,584,13797,,,,,,,,,本科,,,,,
8140203,北京,本科批,物理,,XC70C34,专业组02,长安大学,7314,经济学类（含经济统计学、国际经济与贸易）（办学地点:南校区）,含经济统计学、国际经济与贸易; 办学地点:南校区,,,,,586,13407,,,,,,586,13407,,,,,,,,,本科,,,,,
8140204,北京,本科批,物理,,XC70C34,专业组03,长安大学,32AC,计算机类（含计算机科学与技术、软件工程、物联网工程）（办学地点:北校区）,含计算机科学与技术、软件工程、物联网工程; 办学地点:北校区,,,,,589,12794,,,,,,589,12794,,,,,,,,,本科,,,,,
8140205,北京,本科批,物理,,XC70C34,专业组01,长安大学,72E5,新闻传播学类（含新闻学、汉语言文学）（办学地点:北校区）,含新闻学、汉语言文学; 办学地点:北校区,,,,,590,12614,,,,,,590,12614,,,,,,,,,本科,,,,,
8140206,北京,本科批,物理,,XC70C34,专业组01,长安大学,CA94,英语（办学地点:北校区）,办学地点:北校区,,,,,590,12614,,,,,,590,12614,,,,,,,,,本科,,,,,
8140207,北京,本科批,物理,,XC70C34,专业组03,长安大学,8F90,电气工程及其自动化（办学地点:北校区）,办学地点:北校区,,,,,592,12263,,,,,,592,12263,,,,,,,,,本科,,,,,
8141109,北京,本科批,物理,,X33871B,专业组03,江南大学,11F0,应用化学（专业办学地点:蠡湖校区）,专业办学地点:蠡湖校区,,,,,583,14003,,,,,,583,14003,,,,,,,,,本科,,,,,
8141110,北京,本科批,物理,,X33871B,专业组03,江南大学,A4D6,高分子材料与工程（专业办学地点:蠡湖校区）,专业办学地点:蠡湖校区,,,,,583,14003,,,,,,583,14003,,,,,,,,,本科,,,,,
8141111,北京,本科批,物理,,X33871B,专业组03,江南大学,04BC,人工智能（专业办学地点:蠡湖校区）,专业办学地点:蠡湖校区,,,,,584,13797,,,,,,584,13797,,,,,,,,,本科,,,,,
8141112,北京,本科批,物理,,X33871B,专业组03,江南大学,882D,食品营养与健康（专业办学地点:蠡湖校区）,专业办学地点:蠡湖校区,,,,,585,13610,,,,,,585,13610,,,,,,,,,本科,,,,,
8141113,北京,本科批,物理,,X33871B,专业组01,江南大学,C47F,食品科学与工程（中外合作办学）（第四学年赴新西兰梅西大学学习，国外学习阶段学费按协议执行）,中外合作办学; 第四学年赴新西兰梅西大学学习，国外学习阶段学费按协议执行,,,,,587,13194,,,,,,587,13194,,,,,,,,,本科,,,,,
8141114,北京,本科批,物理,,X33871B,专业组03,江南大学,8F10,计算机科学与技术（专业办学地点:蠡湖校区）,专业办学地点:蠡湖校区,,,,,588,12980,,,,,,588,12980,,,,,,,,,本科,,,,,
8141115,北京,本科批,物理,,X33871B,专业组03,江南大学,A123,食品科学与工程（专业办学地点:蠡湖校区）,专业办学地点:蠡湖校区,,,,,592,12263,,,,,,592,12263,,,,,,,,,本科,,,,,
8141116,北京,本科批,物理,,X33871B,专业组02,江南大学,7CF5,金融学（专业办学地点:蠡湖校区）,专业办学地点:蠡湖校区,,,,,600,10787,,,,,,600,10787,,,,,,,,,本科,,,,,
8141117,北京,本科批,物理,,X33871B,专业组02,江南大学,6B32,社会工作（专业办学地点:蠡湖校区）,专业办学地点:蠡湖校区,,,,,600,10787,,,,,,600,10787,,,,,,,,,本科,,,,,
8141118,北京,本科批,物理,,X33871B,专业组02,江南大学,3E53,汉语言文学（专业办学地点:蠡湖校区）,专业办学地点:蠡湖校区,,,,,602,10383,,,,,,602,10383,,,,,,,,,本科,,,,,
8141920,北京,本科批,物理,,X008AE5,专业组01,浙江大学,27EE,社会科学试验班（含数字金融双学士学位项目）（含经济学、财政学、金融学、国际经济与贸易、教育学、会计学、工商管理、社会学、农林经济管理、行政管理、劳动与社会保障、土地资源管理、法学，含金融学-数学与应用数学双学士学位项目）,含数字金融双学士学位项目; 含经济学、财政学、金融学、国际经济与贸易、教育学、会计学、工商管理、社会学、农林经济管理、行政管理、劳动与社会保障、土地资源管理、法学，含金融学-数学与应用数学双学士学位项目,,,,,676,996,,,,,,676,996,,,,,,,,,本科,,,,,
8141921,北京,本科批,物理,,X008AE5,专业组01,浙江大学,36D9,社会科学试验班（竺可桢学院人文社科实验班）（含经济学、财政学、金融学、国际经济与贸易、教育学、会计学、工商管理、社会学、农林经济管理、行政管理、劳动与社会保障、土地资源管理、法学）,竺可桢学院人文社科实验班; 含经济学、财政学、金融学、国际经济与贸易、教育学、会计学、工商管理、社会学、农林经济管理、行政管理、劳动与社会保障、土地资源管理、法学,,,,,676,996,,,,,,676,996,,,,,,,,,本科,,,,,
8141922,北京,本科批,物理,,X008AE5,专业组02,浙江大学,569C,人工智能（荣誉项目班）,荣誉项目班,,,,,679,813,,,,,,679,813,,,,,,,,,本科,,,,,
8141923,北京,本科批,物理,,X008AE5,专业组02,浙江大学,F3BD,工科试验班（竺可桢学院图灵班）（含计算机科学与技术）,竺可桢学院图灵班; 含计算机科学与技术,,,,,679,813,,,,,,679,813,,,,,,,,,本科,,,,,
8141924,北京,本科批,物理,,X008AE5,专业组02,浙江大学,06A6,工科试验班（含过程装备与控制工程、车辆工程、能源与环境系统工程、机械工程、电气工程及其自动化、电子信息工程、工程力学、飞行器设计与工程）,含过程装备与控制工程、车辆工程、能源与环境系统工程、机械工程、电气工程及其自动化、电子信息工程、工程力学、飞行器设计与工程,,,,,679,813,,,,,,679,813,,,,,,,,,本科,,,,,
8141925,北京,本科批,物理,,X008AE5,专业组02,浙江大学,DEFB,理科试验班类（含商务大数据分析双学士学位项目）（含数学与应用数学、信息与计算科学、统计学、物理学、心理学、信息管理与信息系统，含信息管理与信息系统-统计学双学士学位项目）,含商务大数据分析双学士学位项目; 含数学与应用数学、信息与计算科学、统计学、物理学、心理学、信息管理与信息系统，含信息管理与信息系统-统计学双学士学位项目,,,,,679,813,,,,,,679,813,,,,,,,,,本科,,,,,
8141926,北京,本科批,物理,,X008AE5,专业组02,浙江大学,E4CC,工科试验班（信息）（含计算机科学与技术、信息安全、软件工程、工业设计、光电信息科学与工程、电子科学与技术、微电子科学与工程、信息工程、自动化、生物医学工程，工业设计专业致力于人工智能与工业设计的融合创新）,信息; 含计算机科学与技术、信息安全、软件工程、工业设计、光电信息科学与工程、电子科学与技术、微电子科学与工程、信息工程、自动化、生物医学工程，工业设计专业致力于人工智能与工业设计的融合创新,,,,,679,813,,,,,,679,813,,,,,,,,,本科,,,,,
8142371,北京,本科批,物理,,XC4AFB0,专业组02,哈尔滨工业大学,6AA8,智慧建筑与建造（中外合作办学）（学费以实际批复为准，与意大利都灵理工大学合作。学生入学后不得转专业，“4+0”培养）,中外合作办学; 学费以实际批复为准，与意大利都灵理工大学合作。学生入学后不得转专业，“4+0”培养,,,,,623,6848,,,,,,623,6848,,,,,,,,,本科,,,,,
8142372,北京,本科批,物理,,XC4AFB0,专业组05,哈尔滨工业大学,4962,化学（中外合作办学）（不招色盲、色弱、单色识别能力异常，与俄罗斯圣彼得堡国立大学合作。学生入学后不得转专业，“4+0”培养）,中外合作办学; 不招色盲、色弱、单色识别能力异常，与俄罗斯圣彼得堡国立大学合作。学生入学后不得转专业，“4+0”培养,,,,,629,5925,,,,,,629,5925,,,,,,,,,本科,,,,,
8142373,北京,本科批,物理,,XC4AFB0,专业组01,哈尔滨工业大学,8419,大数据管理与应用（中外合作办学）（与法国里昂商学院合作。学生入学后不得转专业，“4+0”培养）,中外合作办学; 与法国里昂商学院合作。学生入学后不得转专业，“4+0”培养,,,,,634,5176,,,,,,634,5176,,,,,,,,,本科,,,,,
8142374,北京,本科批,物理,,XC4AFB0,专业组04,哈尔滨工业大学,E751,应用物理学（中外合作办学）（不招色盲、单色识别能力异常，与俄罗斯圣彼得堡国立大学合作。学生入学后不得转专业，“4+0”培养）,中外合作办学; 不招色盲、单色识别能力异常，与俄罗斯圣彼得堡国立大学合作。学生入学后不得转专业，“4+0”培养,,,,,635,5055,,,,,,635,5055,,,,,,,,,本科,,,,,
8142375,北京,本科批,物理,,XC4AFB0,专业组03,哈尔滨工业大学,9E06,数学与应用数学（中外合作办学）（与俄罗斯圣彼得堡国立大学合作。学生入学后不得转专业，“4+0”培养）,中外合作办学; 与俄罗斯圣彼得堡国立大学合作。学生入学后不得转专业，“4+0”培养,,,,,638,4633,,,,,,638,4633,,,,,,,,,本科,,,,,
8142376,北京,本科批,物理,,XC4AFB0,专业组06,哈尔滨工业大学,EAB3,工科试验班（计算机与电子通信）（含计算机科学与技术、人工智能、数据科学与大数据技术、通信工程、电磁场与无线技术、电子信息工程、遥感科学与技术、信息对抗技术、智能测控工程、信息安全、网络空间安全、物联网工程、软件工程，本专业类内任选专业）,计算机与电子通信; 含计算机科学与技术、人工智能、数据科学与大数据技术、通信工程、电磁场与无线技术、电子信息工程、遥感科学与技术、信息对抗技术、智能测控工程、信息安全、网络空间安全、物联网工程、软件工程，本专业类内任选专业,,,,,666,1704,,,,,,666,1704,,,,,,,,,本科,,,,,
8142377,北京,本科批,物理,,XC4AFB0,专业组06,哈尔滨工业大学,295E,工科试验班（院士特色班、未来技术拔尖班）（含自动化、集成电路设计与集成系统、智能视觉工程、飞行器设计与工程、智能装备与系统、人工智能、机器人工程、计算机科学与技术、通信工程、电子信息工程、数据科学与大数据技术、大数据管理与应用、智能感知工程、仿生科学与工程、焊接技术与工程、电子封装技术，未来技术学院培养、书院制管理，采用“一生一策”拔尖培养）,院士特色班、未来技术拔尖班; 含自动化、集成电路设计与集成系统、智能视觉工程、飞行器设计与工程、智能装备与系统、人工智能、机器人工程、计算机科学与技术、通信工程、电子信息工程、数据科学与大数据技术、大数据管理与应用、智能感知工程、仿生科学与工程、焊接技术与工程、电子封装技术，未来技术学院培养、书院制管理，采用“一生一策”拔尖培养,,,,,666,1704,,,,,,666,1704,,,,,,,,,本科,,,,,
8142378,北京,本科批,物理,,XC4AFB0,专业组06,哈尔滨工业大学,C3CF,工科试验班（航天与自动化）（含自动化、集成电路设计与集成系统、智能视觉工程、智能装备与系统、电气工程及其自动化、飞行器设计与工程、智能材料与结构、微电子科学与工程、探测制导与控制技术、复合材料与工程、飞行器环境与生命保障工程、空间科学与技术、光电信息科学与工程（光学工程方向）、电子科学与技术、建筑电气与智能化、能源互联网工程，本专业类内任选专业）,航天与自动化; 含自动化、集成电路设计与集成系统、智能视觉工程、智能装备与系统、电气工程及其自动化、飞行器设计与工程、智能材料与结构、微电子科学与工程、探测制导与控制技术、复合材料与工程、飞行器环境与生命保障工程、空间科学与技术、光电信息科学与工程（光学工程方向,,,,,666,1704,,,,,,666,1704,,,,,,,,,本科,,,,,
8142379,北京,本科批,物理,,XC4AFB0,专业组06,哈尔滨工业大学,496E,工科试验班（AI先进技术领军班）（含人工智能，学生入学两学年后可以根据兴趣选择人工智能+的领域方向，并且可以选择在哈工大深圳校区完成后续两学年或最后一学年的培养）,AI先进技术领军班; 含人工智能，学生入学两学年后可以根据兴趣选择人工智能+的领域方向，并且可以选择在哈工大深圳校区完成后续两学年或最后一学年的培养,,,,,666,1704,,,,,,666,1704,,,,,,,,,本科,,,,,
8142380,北京,本科批,物理,,XC4AFB0,专业组06,哈尔滨工业大学,3AD1,工科试验班（机器人与智能装备）（含机器人工程、机械设计制造及其自动化、精密仪器、飞行器制造工程、飞行器动力工程、智能感知工程、测控技术与仪器、智能制造工程、机械电子工程、仿生科学与工程、工业工程、能源与动力工程、核工程与核技术、新能源科学与工程、储能科学与工程，本专业类内任选专业）,机器人与智能装备; 含机器人工程、机械设计制造及其自动化、精密仪器、飞行器制造工程、飞行器动力工程、智能感知工程、测控技术与仪器、智能制造工程、机械电子工程、仿生科学与工程、工业工程、能源与动力工程、核工程与核技术、新能源科学与工程、储能科学与工程，本专业类内任选专业,,,,,666,1704,,,,,,666,1704,,,,,,,,,本科,,,,,
8142848,北京,本科批,物理,,XD2092B,专业组02,扬州大学,D6ED,化学工程与工艺,,,,,,555,19867,,,,,,555,19867,,,,,,,,,本科,,,,,
8142849,北京,本科批,物理,,XD2092B,专业组02,扬州大学,78FF,机械设计制造及其自动化,,,,,,556,19659,,,,,,556,19659,,,,,,,,,本科,,,,,
8142850,北京,本科批,物理,,XD2092B,专业组02,扬州大学,F89C,生物技术,,,,,,560,18792,,,,,,560,18792,,,,,,,,,本科,,,,,
8142851,北京,本科批,物理,,XD2092B,专业组02,扬州大学,289B,微电子科学与工程,,,,,,572,16267,,,,,,572,16267,,,,,,,,,本科,,,,,
8142852,北京,本科批,物理,,XD2092B,专业组03,扬州大学,F9EA,思想政治教育（师范）,师范,,,,,577,15224,,,,,,577,15224,,,,,,,,,本科,,,,,
8142853,北京,本科批,物理,,XD2092B,专业组01,扬州大学,B53C,汉语言文学（师范）,师范,,,,,582,14198,,,,,,582,14198,,,,,,,,,本科,,,,,
8143724,北京,本科批,物理,,XE1AD8D,专业组01,成都理工大学,4869,投资学,,,,,,578,15033,,,,,,578,15033,,,,,,,,,本科,,,,,
8143725,北京,本科批,物理,,XE1AD8D,专业组02,成都理工大学,B9A5,计算机科学与技术,,,,,,588,12980,,,,,,588,12980,,,,,,,,,本科,,,,,
8144583,北京,本科批,物理,,XD7DC5B,专业组01,西北工业大学,6CBB,高分子材料与工程（中外合作办学）,中外合作办学,,,,,631,5623,,,,,,631,5623,,,,,,,,,本科,,,,,
8144584,北京,本科批,物理,,XD7DC5B,专业组01,西北工业大学,2ED5,材料科学与工程（中外合作办学）,中外合作办学,,,,,634,5176,,,,,,634,5176,,,,,,,,,本科,,,,,
8144585,北京,本科批,物理,,XD7DC5B,专业组02,西北工业大学,E364,机械类（航宇智能制造试验班）,航宇智能制造试验班,,,,,649,3267,,,,,,649,3267,,,,,,,,,本科,,,,,
8144586,北京,本科批,物理,,XD7DC5B,专业组02,西北工业大学,651E,材料类（航宇新材料试验班）,航宇新材料试验班,,,,,650,3176,,,,,,650,3176,,,,,,,,,本科,,,,,
8144587,北京,本科批,物理,,XD7DC5B,专业组02,西北工业大学,B2DB,能源动力类（航空动力与新能源试验班）,航空动力与新能源试验班,,,,,650,3176,,,,,,650,3176,,,,,,,,,本科,,,,,
8144588,北京,本科批,物理,,XD7DC5B,专业组02,西北工业大学,F755,物理学类（空天应用物理试验班）,空天应用物理试验班,,,,,650,3176,,,,,,650,3176,,,,,,,,,本科,,,,,
8144589,北京,本科批,物理,,XD7DC5B,专业组02,西北工业大学,0184,自动化类,,,,,,651,3065,,,,,,651,3065,,,,,,,,,本科,,,,,
8144590,北京,本科批,物理,,XD7DC5B,专业组02,西北工业大学,3C38,软件工程,,,,,,651,3065,,,,,,651,3065,,,,,,,,,本科,,,,,
8144591,北京,本科批,物理,,XD7DC5B,专业组02,西北工业大学,861C,电子信息类,,,,,,652,2976,,,,,,652,2976,,,,,,,,,本科,,,,,
8144592,北京,本科批,物理,,XD7DC5B,专业组02,西北工业大学,82E6,计算机类,,,,,,652,2976,,,,,,652,2976,,,,,,,,,本科,,,,,
8144593,北京,本科批,物理,,XD7DC5B,专业组02,西北工业大学,9E40,航空航天类（航空）,航空,,,,,653,2876,,,,,,653,2876,,,,,,,,,本科,,,,,
8144594,北京,本科批,物理,,XD7DC5B,专业组02,西北工业大学,D3AB,航空航天类（航天）,航天,,,,,653,2876,,,,,,653,2876,,,,,,,,,本科,,,,,
8144595,北京,本科批,物理,,XD7DC5B,专业组02,西北工业大学,402B,航空航天类（智慧三航本研衔接班）,智慧三航本研衔接班,,,,,655,2687,,,,,,655,2687,,,,,,,,,本科,,,,,
8144596,北京,本科批,物理,,XD7DC5B,专业组02,西北工业大学,7E22,航空航天类（陈士橹飞天班）,陈士橹飞天班,,,,,663,1949,,,,,,663,1949,,,,,,,,,本科,,,,,
8145355,北京,本科批,物理,,XD8D78E,专业组01,哈尔滨工程大学,99EC,材料物理（中外合作办学）（不招色盲、单色识别能力异常，与英国斯旺西大学合作，“3+1”培养）,中外合作办学; 不招色盲、单色识别能力异常，与英国斯旺西大学合作，“3+1”培养,,,,,590,12614,,,,,,590,12614,,,,,,,,,本科,,,,,
8145356,北京,本科批,物理,,XD8D78E,专业组01,哈尔滨工程大学,47B6,机械设计制造及其自动化（中外合作办学）（与英国斯旺西大学合作，“3+1”培养）,中外合作办学; 与英国斯旺西大学合作，“3+1”培养,,,,,605,9850,,,,,,605,9850,,,,,,,,,本科,,,,,
8145357,北京,本科批,物理,,XD8D78E,专业组02,哈尔滨工程大学,5E21,轮机工程（中外合作办学）（与英国南安普顿大学合作，“4+0”培养）,中外合作办学; 与英国南安普顿大学合作，“4+0”培养,,,,,608,9333,,,,,,608,9333,,,,,,,,,本科,,,,,
8145358,北京,本科批,物理,,XD8D78E,专业组02,哈尔滨工程大学,221A,自动化（中外合作办学）（与英国南安普顿大学合作，“4+0”培养）,中外合作办学; 与英国南安普顿大学合作，“4+0”培养,,,,,609,9179,,,,,,609,9179,,,,,,,,,本科,,,,,
8145359,北京,本科批,物理,,XD8D78E,专业组02,哈尔滨工程大学,D73B,船舶与海洋工程（中外合作办学）（与英国南安普顿大学合作，“4+0”培养）,中外合作办学; 与英国南安普顿大学合作，“4+0”培养,,,,,609,9179,,,,,,609,9179,,,,,,,,,本科,,,,,
8145360,北京,本科批,物理,,XD8D78E,专业组02,哈尔滨工程大学,700D,水声工程（中外合作办学）（与英国南安普顿大学合作，“4+0”培养）,中外合作办学; 与英国南安普顿大学合作，“4+0”培养,,,,,612,8660,,,,,,612,8660,,,,,,,,,本科,,,,,
8145361,北京,本科批,物理,,XD8D78E,专业组01,哈尔滨工程大学,6A8E,土木工程（中外合作办学）（与英国阿伯丁大学合作，“3+1”培养）,中外合作办学; 与英国阿伯丁大学合作，“3+1”培养,,,,,621,7172,,,,,,621,7172,,,,,,,,,本科,,,,,
8145362,北京,本科批,物理,,XD8D78E,专业组03,哈尔滨工程大学,8684,智能制造工程,,,,,,625,6546,,,,,,625,6546,,,,,,,,,本科,,,,,
8145363,北京,本科批,物理,,XD8D78E,专业组03,哈尔滨工程大学,E75C,能源动力类（含能源与动力工程、轮机工程）,含能源与动力工程、轮机工程,,,,,625,6546,,,,,,625,6546,,,,,,,,,本科,,,,,
8145364,北京,本科批,物理,,XD8D78E,专业组03,哈尔滨工程大学,FC33,核工程与核技术,,,,,,625,6546,,,,,,625,6546,,,,,,,,,本科,,,,,
8145365,北京,本科批,物理,,XD8D78E,专业组03,哈尔滨工程大学,FD76,海洋工程类（含船舶与海洋工程、港口航道与海岸工程、海洋机器人）,含船舶与海洋工程、港口航道与海岸工程、海洋机器人,,,,,626,6380,,,,,,626,6380,,,,,,,,,本科,,,,,
8145366,北京,本科批,物理,,XD8D78E,专业组03,哈尔滨工程大学,B57A,航空航天类（含飞行器设计与工程、飞行器动力工程、工程力学、土木工程）,含飞行器设计与工程、飞行器动力工程、工程力学、土木工程,,,,,626,6380,,,,,,626,6380,,,,,,,,,本科,,,,,
8145367,北京,本科批,物理,,XD8D78E,专业组03,哈尔滨工程大学,73B1,计算机类（含计算机科学与技术、信息安全，不招单色识别能力异常）,含计算机科学与技术、信息安全，不招单色识别能力异常,,,,,627,6215,,,,,,627,6215,,,,,,,,,本科,,,,,
8145368,北京,本科批,物理,,XD8D78E,专业组03,哈尔滨工程大学,30F7,电子信息类（含电子信息工程、通信工程、光电信息科学与工程）,含电子信息工程、通信工程、光电信息科学与工程,,,,,627,6215,,,,,,627,6215,,,,,,,,,本科,,,,,
8145369,北京,本科批,物理,,XD8D78E,专业组03,哈尔滨工程大学,5EDA,自动化类（含自动化、电气工程及其自动化、测控技术与仪器、探测制导与控制技术、机器人工程、人工智能）,含自动化、电气工程及其自动化、测控技术与仪器、探测制导与控制技术、机器人工程、人工智能,,,,,630,5783,,,,,,630,5783,,,,,,,,,本科,,,,,
8145370,北京,本科批,物理,,XD8D78E,专业组03,哈尔滨工程大学,DBFC,水声工程（含水声、电子水声、海洋信息）,含水声、电子水声、海洋信息,,,,,632,5467,,,,,,632,5467,,,,,,,,,本科,,,,,
8145371,北京,本科批,物理,,XD8D78E,专业组05,哈尔滨工程大学,01DF,计算机科学与技术（基础拔尖）（不招单色识别能力异常，计算机科学与技术学院，基础拔尖人才培养试验班）,基础拔尖; 不招单色识别能力异常，计算机科学与技术学院，基础拔尖人才培养试验班,,,,,636,4929,,,,,,636,4929,,,,,,,,,本科,,,,,
8145372,北京,本科批,物理,,XD8D78E,专业组04,哈尔滨工程大学,7C14,能源与动力工程（未来领军）（未来技术学院，未来领军人才培养试验班）,未来领军; 未来技术学院，未来领军人才培养试验班,,,,,637,4789,,,,,,637,4789,,,,,,,,,本科,,,,,
8146108,北京,本科批,物理,,X00A4E9,专业组01,河南大学,82A4,经济学类（含经济学、金融学、财政学、国际经济与贸易，经济学、金融学、财政学为国家级一流本科专业建设点;入学后，按照学校拔尖创新人才培养实验班建设管理办法及依托专业具体要求，开展经济学明德计划实验班选拔培养工作）（专业办学地点:开封校区）,含经济学、金融学、财政学、国际经济与贸易，经济学、金融学、财政学为国家级一流本科专业建设点;入学后，按照学校拔尖创新人才培养实验班建设管理办法及依托专业具体要求，开展经济学明德计划实验班选拔培养工作; 专业办学地点:开封校区,,,,,569,16863,,,,,,569,16863,,,,,,,,,本科,,,,,
8146109,北京,本科批,物理,,X00A4E9,专业组02,河南大学,8D71,中国语言文学类（师范）（含汉语言文学、汉语国际教育，均为国家级一流本科专业建设点;入学后，按照学校拔尖创新人才培养实验班建设管理办法及依托专业具体要求，开展汉语言文学明德计划实验班选拔培养工作）（专业办学地点:开封校区）,师范; 含汉语言文学、汉语国际教育，均为国家级一流本科专业建设点;入学后，按照学校拔尖创新人才培养实验班建设管理办法及依托专业具体要求，开展汉语言文学明德计划实验班选拔培养工作; 专业办学地点:开封校区,,,,,572,16267,,,,,,572,16267,,,,,,,,,本科,,,,,
8146110,北京,本科批,物理,,X00A4E9,专业组04,河南大学,95A4,计算机类（含计算机科学与技术、数据科学与大数据技术、信息安全，计算机科学与技术为国家级一流本科专业建设点;入学后，按照学校拔尖创新人才培养实验班建设管理办法及依托专业具体要求，开展数据科学与大数据技术卓越计划实验班选拔培养工作）（专业办学地点:开封校区）,含计算机科学与技术、数据科学与大数据技术、信息安全，计算机科学与技术为国家级一流本科专业建设点;入学后，按照学校拔尖创新人才培养实验班建设管理办法及依托专业具体要求，开展数据科学与大数据技术卓越计划实验班选拔培养工作; 专业办学地点:开封校区,,,,,576,15428,,,,,,576,15428,,,,,,,,,本科,,,,,
8146111,北京,本科批,物理,,X00A4E9,专业组03,河南大学,B916,"地理科学类（含地理信息科学、人文地理与城乡规划、地理科学（师范）,人文地理与城乡规划、地理科学为国家级一流本科专业建设点;入学后，按照学校拔尖创新人才培养实验班建设管理办法及依托专业具体要求，开展地理科学明德计划实验班选拔培养工作）（专业办学地点:开封校区）",含地理信息科学、人文地理与城乡规划、地理科学（师范; 专业办学地点:开封校区,,,,,581,14402,,,,,,581,14402,,,,,,,,,本科,,,,,
8146782,北京,本科批,物理,,X5CD4F8,专业组01,东北大学,49B5,外国语言文学类（含英语、日语、俄语、德语，只招英语考生）,含英语、日语、俄语、德语，只招英语考生,,,,,611,8842,,,,,,611,8842,,,,,,,,,本科,,,,,
8146783,北京,本科批,物理,,X5CD4F8,专业组01,东北大学,3FA4,建筑类（五年）（含建筑学、城乡规划，要求具有一定的绘画基础）,五年; 含建筑学、城乡规划，要求具有一定的绘画基础,,,,,613,8472,,,,,,613,8472,,,,,,,,,本科,,,,,
8146784,北京,本科批,物理,,X5CD4F8,专业组01,东北大学,4F86,公共管理类（含法学、公共事业管理、行政管理、土地资源管理）,含法学、公共事业管理、行政管理、土地资源管理,,,,,614,8294,,,,,,614,8294,,,,,,,,,本科,,,,,
8146785,北京,本科批,物理,,X5CD4F8,专业组02,东北大学,6256,经济管理试验班（含工商管理、市场营销、会计学、工业工程、信息管理与信息系统、金融学、经济学，入学后部分课程采用英文教材和英语授课，非英语语种考生慎重报考）,含工商管理、市场营销、会计学、工业工程、信息管理与信息系统、金融学、经济学，入学后部分课程采用英文教材和英语授课，非英语语种考生慎重报考,,,,,618,7651,,,,,,618,7651,,,,,,,,,本科,,,,,
8146786,北京,本科批,物理,,X5CD4F8,专业组03,东北大学,CC75,生物工程类（含生物工程、生物制药，入学后部分课程采用英文教材和英语授课，非英语语种考生慎重报考）,含生物工程、生物制药，入学后部分课程采用英文教材和英语授课，非英语语种考生慎重报考,,,,,626,6380,,,,,,626,6380,,,,,,,,,本科,,,,,
8146787,北京,本科批,物理,,X5CD4F8,专业组03,东北大学,46A5,自动化类（含自动化、电气工程及其自动化、测控技术与仪器、电子科学与技术、工业智能，入学后部分课程采用英文教材和英语授课，非英语语种考生慎重报考）,含自动化、电气工程及其自动化、测控技术与仪器、电子科学与技术、工业智能，入学后部分课程采用英文教材和英语授课，非英语语种考生慎重报考,,,,,628,6085,,,,,,628,6085,,,,,,,,,本科,,,,,
8146788,北京,本科批,物理,,X5CD4F8,专业组03,东北大学,00AD,机器人工程（入学后部分课程采用英文教材和英语授课，非英语语种考生慎重报考）,入学后部分课程采用英文教材和英语授课，非英语语种考生慎重报考,,,,,629,5925,,,,,,629,5925,,,,,,,,,本科,,,,,
8146789,北京,本科批,物理,,X5CD4F8,专业组03,东北大学,047E,计算机类（第一、二学年学费5200元/年，第三、四学年为16000元/年，含软件工程、信息安全、数字媒体技术，原则上仅录取有该专业志愿的考生。入学后部分课程采用英文教材和英语授课，非英语语种考生慎重报考）,第一、二学年学费5200元/年，第三、四学年为16000元/年，含软件工程、信息安全、数字媒体技术，原则上仅录取有该专业志愿的考生。入学后部分课程采用英文教材和英语授课，非英语语种考生慎重报考,,,,,632,5467,,,,,,632,5467,,,,,,,,,本科,,,,,
8147570,北京,本科批,物理,,X7817F5,专业组01,西安电子科技大学,8277,外国语言文学类（新文科国际语言与电子信息交叉融合培养）（含英语、日语、翻译，只招英语考生）（办学地点:南校区）,新文科国际语言与电子信息交叉融合培养; 含英语、日语、翻译，只招英语考生; 办学地点:南校区,,,,,604,10041,,,,,,604,10041,,,,,,,,,本科,,,,,
8147571,北京,本科批,物理,,X7817F5,专业组01,西安电子科技大学,3E57,中国语言文学类（新人文学科与电子信息融合培养）（含哲学、汉语言文学）（办学地点:南校区）,新人文学科与电子信息融合培养; 含哲学、汉语言文学; 办学地点:南校区,,,,,604,10041,,,,,,604,10041,,,,,,,,,本科,,,,,
8147572,北京,本科批,物理,,X7817F5,专业组02,西安电子科技大学,6104,计算机类（网络安全）（含信息安全、网络工程、网络空间安全）（办学地点:南校区）,网络安全; 含信息安全、网络工程、网络空间安全; 办学地点:南校区,,,,,640,4365,,,,,,640,4365,,,,,,,,,本科,,,,,
8147573,北京,本科批,物理,,X7817F5,专业组02,西安电子科技大学,FBD5,计算机类（第一、二学年学费6600元/年，第三、四学年按学分收费，不超过400元/学分，总学分不高于80学分，含计算机科学与技术、软件工程）（办学地点:南校区）,第一、二学年学费6600元/年，第三、四学年按学分收费，不超过400元/学分，总学分不高于80学分，含计算机科学与技术、软件工程; 办学地点:南校区,,,,,640,4365,,,,,,640,4365,,,,,,,,,本科,,,,,
8147574,北京,本科批,物理,,X7817F5,专业组02,西安电子科技大学,B205,计算机类（智能）（含人工智能、智能科学与技术）（办学地点:南校区）,智能; 含人工智能、智能科学与技术; 办学地点:南校区,,,,,641,4239,,,,,,641,4239,,,,,,,,,本科,,,,,
8147575,北京,本科批,物理,,X7817F5,专业组02,西安电子科技大学,5049,电子信息类（通信）（含通信工程、信息工程、空间信息与数字技术）（办学地点:南校区）,通信; 含通信工程、信息工程、空间信息与数字技术; 办学地点:南校区,,,,,641,4239,,,,,,641,4239,,,,,,,,,本科,,,,,
8147576,北京,本科批,物理,,X7817F5,专业组02,西安电子科技大学,DAF1,电子信息类（电子工程）（含电子信息工程、信息对抗技术、遥感科学与技术、电磁场与无线技术）（办学地点:南校区）,电子工程; 含电子信息工程、信息对抗技术、遥感科学与技术、电磁场与无线技术; 办学地点:南校区,,,,,643,3980,,,,,,643,3980,,,,,,,,,本科,,,,,
8147577,北京,本科批,物理,,X7817F5,专业组02,西安电子科技大学,B0A4,电子信息类（集成电路）（含微电子科学与工程、集成电路设计与集成系统）（办学地点:南校区）,集成电路; 含微电子科学与工程、集成电路设计与集成系统; 办学地点:南校区,,,,,644,3844,,,,,,644,3844,,,,,,,,,本科,,,,,
8147578,北京,本科批,物理,,X7817F5,专业组02,西安电子科技大学,E690,计算机类（新工科一流人才引领计划创新实验班）（含计算机科学与技术（国家拔尖基地班）、网络空间安全（实验班）、人工智能（图灵班）（办学地点:南校区）,新工科一流人才引领计划创新实验班; 含计算机科学与技术（国家拔尖基地班; 实验班; 图灵班; 办学地点:南校区,,,,,647,3504,,,,,,647,3504,,,,,,,,,本科,,,,,
8147579,北京,本科批,物理,,X7817F5,专业组02,西安电子科技大学,0676,电子信息类（新工科一流人才引领计划创新实验班）（含通信工程（教改班）、电子信息工程（教改班）、微电子科学与工程（教改班）（办学地点:南校区）,新工科一流人才引领计划创新实验班; 含通信工程（教改班; 教改班; 教改班; 办学地点:南校区,,,,,648,3382,,,,,,648,3382,,,,,,,,,本科,,,,,
8148267,北京,本科批,物理,,XA92DCD,专业组01,南华大学,9B30,国际经济与贸易（办学地点:雨母校区）,办学地点:雨母校区,,,,,519,27941,,,,,,519,27941,,,,,,,,,本科,,,,,
8148268,北京,本科批,物理,,XA92DCD,专业组02,南华大学,4788,核工程类（含核工程与核技术（含卓越工程师班）、辐射防护与核安全、核化工与核燃料工程）（办学地点:红湘校区）,含核工程与核技术（含卓越工程师班; 办学地点:红湘校区,,,,,536,24052,,,,,,536,24052,,,,,,,,,本科,,,,,
8148269,北京,本科批,物理,,XA92DCD,专业组02,南华大学,B684,临床医学（五年）（（办学地点:红湘校区）,五年; （办学地点:红湘校区,,,,,550,20990,,,,,,550,20990,,,,,,,,,本科,,,,,
8149190,北京,本科批,物理,,X3F0F52,专业组01,南京航空航天大学,07EF,交通运输（中外合作办学）（机场运行与管理）（不招色盲、色弱、单色识别能力异常，该专业要求肝功能正常;报考该专业须仔细阅读该校招生章程）（以上10专业办学地点:第一阶段学习地点在常州市天目湖校区，第二阶段学习地点根据培养计划具体安排;20-29、2A-2C专业办学地点:第一、二学年在常州市天目湖校区，第三、四学年在南京市将军路校区;2D-2G专业办学地点:将军路校区）,中外合作办学; 机场运行与管理; 不招色盲、色弱、单色识别能力异常，该专业要求肝功能正常;报考该专业须仔细阅读该校招生章程; 以上10专业办学地点:第一阶段学习地点在常州市天目湖校区，第二阶段学习地点根据培养计划具体安排;20-29、2A-2C专业办学地点:第一、二学年在常州市天目湖校区，第三、四学年在南京市将军路校区;2D-2G专业办学地点:将军路校区,,,,,609,9179,,,,,,609,9179,,,,,,,,,本科,,,,,
8149191,北京,本科批,物理,,X3F0F52,专业组02,南京航空航天大学,315F,储能科学与工程（以上10专业办学地点:第一阶段学习地点在常州市天目湖校区，第二阶段学习地点根据培养计划具体安排;20-29、2A-2C专业办学地点:第一、二学年在常州市天目湖校区，第三、四学年在南京市将军路校区;2D-2G专业办学地点:将军路校区）,以上10专业办学地点:第一阶段学习地点在常州市天目湖校区，第二阶段学习地点根据培养计划具体安排;20-29、2A-2C专业办学地点:第一、二学年在常州市天目湖校区，第三、四学年在南京市将军路校区;2D-2G专业办学地点:将军路校区,,,,,626,6380,,,,,,626,6380,,,,,,,,,本科,,,,,
8149192,北京,本科批,物理,,X3F0F52,专业组02,南京航空航天大学,99A0,交通运输（民航运输管理）（身体条件详见该校招生章程）（以上10专业办学地点:第一阶段学习地点在常州市天目湖校区，第二阶段学习地点根据培养计划具体安排;20-29、2A-2C专业办学地点:第一、二学年在常州市天目湖校区，第三、四学年在南京市将军路校区;2D-2G专业办学地点:将军路校区）,民航运输管理; 身体条件详见该校招生章程; 以上10专业办学地点:第一阶段学习地点在常州市天目湖校区，第二阶段学习地点根据培养计划具体安排;20-29、2A-2C专业办学地点:第一、二学年在常州市天目湖校区，第三、四学年在南京市将军路校区;2D-2G专业办学地点:将军路校区,,,,,626,6380,,,,,,626,6380,,,,,,,,,本科,,,,,
8149193,北京,本科批,物理,,X3F0F52,专业组02,南京航空航天大学,C1CF,飞行器适航技术（身体条件详见该校招生章程）（以上10专业办学地点:第一阶段学习地点在常州市天目湖校区，第二阶段学习地点根据培养计划具体安排;20-29、2A-2C专业办学地点:第一、二学年在常州市天目湖校区，第三、四学年在南京市将军路校区;2D-2G专业办学地点:将军路校区）,身体条件详见该校招生章程; 以上10专业办学地点:第一阶段学习地点在常州市天目湖校区，第二阶段学习地点根据培养计划具体安排;20-29、2A-2C专业办学地点:第一、二学年在常州市天目湖校区，第三、四学年在南京市将军路校区;2D-2G专业办学地点:将军路校区,,,,,626,6380,,,,,,626,6380,,,,,,,,,本科,,,,,
8149194,北京,本科批,物理,,X3F0F52,专业组02,南京航空航天大学,79FA,交通运输（机场运行与管理）（身体条件详见该校招生章程）（以上10专业办学地点:第一阶段学习地点在常州市天目湖校区，第二阶段学习地点根据培养计划具体安排;20-29、2A-2C专业办学地点:第一、二学年在常州市天目湖校区，第三、四学年在南京市将军路校区;2D-2G专业办学地点:将军路校区）,机场运行与管理; 身体条件详见该校招生章程; 以上10专业办学地点:第一阶段学习地点在常州市天目湖校区，第二阶段学习地点根据培养计划具体安排;20-29、2A-2C专业办学地点:第一、二学年在常州市天目湖校区，第三、四学年在南京市将军路校区;2D-2G专业办学地点:将军路校区,,,,,626,6380,,,,,,626,6380,,,,,,,,,本科,,,,,
8149195,北京,本科批,物理,,X3F0F52,专业组02,南京航空航天大学,234D,交通运输（空中交通管制与签派）（身体条件详见该校招生章程）（以上10专业办学地点:第一阶段学习地点在常州市天目湖校区，第二阶段学习地点根据培养计划具体安排;20-29、2A-2C专业办学地点:第一、二学年在常州市天目湖校区，第三、四学年在南京市将军路校区;2D-2G专业办学地点:将军路校区）,空中交通管制与签派; 身体条件详见该校招生章程; 以上10专业办学地点:第一阶段学习地点在常州市天目湖校区，第二阶段学习地点根据培养计划具体安排;20-29、2A-2C专业办学地点:第一、二学年在常州市天目湖校区，第三、四学年在南京市将军路校区;2D-2G专业办学地点:将军路校区,,,,,627,6215,,,,,,627,6215,,,,,,,,,本科,,,,,
8149196,北京,本科批,物理,,X3F0F52,专业组02,南京航空航天大学,0232,物联网工程（以上10专业办学地点:第一阶段学习地点在常州市天目湖校区，第二阶段学习地点根据培养计划具体安排;20-29、2A-2C专业办学地点:第一、二学年在常州市天目湖校区，第三、四学年在南京市将军路校区;2D-2G专业办学地点:将军路校区）,以上10专业办学地点:第一阶段学习地点在常州市天目湖校区，第二阶段学习地点根据培养计划具体安排;20-29、2A-2C专业办学地点:第一、二学年在常州市天目湖校区，第三、四学年在南京市将军路校区;2D-2G专业办学地点:将军路校区,,,,,628,6085,,,,,,628,6085,,,,,,,,,本科,,,,,
8149197,北京,本科批,物理,,X3F0F52,专业组02,南京航空航天大学,CE96,信息管理与信息系统（以上10专业办学地点:第一阶段学习地点在常州市天目湖校区，第二阶段学习地点根据培养计划具体安排;20-29、2A-2C专业办学地点:第一、二学年在常州市天目湖校区，第三、四学年在南京市将军路校区;2D-2G专业办学地点:将军路校区）,以上10专业办学地点:第一阶段学习地点在常州市天目湖校区，第二阶段学习地点根据培养计划具体安排;20-29、2A-2C专业办学地点:第一、二学年在常州市天目湖校区，第三、四学年在南京市将军路校区;2D-2G专业办学地点:将军路校区,,,,,628,6085,,,,,,628,6085,,,,,,,,,本科,,,,,
8149198,北京,本科批,物理,,X3F0F52,专业组02,南京航空航天大学,E590,交通运输（民航电子电气工程）（身体条件详见该校招生章程）（以上10专业办学地点:第一阶段学习地点在常州市天目湖校区，第二阶段学习地点根据培养计划具体安排;20-29、2A-2C专业办学地点:第一、二学年在常州市天目湖校区，第三、四学年在南京市将军路校区;2D-2G专业办学地点:将军路校区）,民航电子电气工程; 身体条件详见该校招生章程; 以上10专业办学地点:第一阶段学习地点在常州市天目湖校区，第二阶段学习地点根据培养计划具体安排;20-29、2A-2C专业办学地点:第一、二学年在常州市天目湖校区，第三、四学年在南京市将军路校区;2D-2G专业办学地点:将军路校区,,,,,628,6085,,,,,,628,6085,,,,,,,,,本科,,,,,
8149199,北京,本科批,物理,,X3F0F52,专业组02,南京航空航天大学,3C22,材料科学与工程（以上10专业办学地点:第一阶段学习地点在常州市天目湖校区，第二阶段学习地点根据培养计划具体安排;20-29、2A-2C专业办学地点:第一、二学年在常州市天目湖校区，第三、四学年在南京市将军路校区;2D-2G专业办学地点:将军路校区）,以上10专业办学地点:第一阶段学习地点在常州市天目湖校区，第二阶段学习地点根据培养计划具体安排;20-29、2A-2C专业办学地点:第一、二学年在常州市天目湖校区，第三、四学年在南京市将军路校区;2D-2G专业办学地点:将军路校区,,,,,629,5925,,,,,,629,5925,,,,,,,,,本科,,,,,
8149200,北京,本科批,物理,,X3F0F52,专业组02,南京航空航天大学,74F8,软件工程（以上10专业办学地点:第一阶段学习地点在常州市天目湖校区，第二阶段学习地点根据培养计划具体安排;20-29、2A-2C专业办学地点:第一、二学年在常州市天目湖校区，第三、四学年在南京市将军路校区;2D-2G专业办学地点:将军路校区）,以上10专业办学地点:第一阶段学习地点在常州市天目湖校区，第二阶段学习地点根据培养计划具体安排;20-29、2A-2C专业办学地点:第一、二学年在常州市天目湖校区，第三、四学年在南京市将军路校区;2D-2G专业办学地点:将军路校区,,,,,629,5925,,,,,,629,5925,,,,,,,,,本科,,,,,
8149201,北京,本科批,物理,,X3F0F52,专业组02,南京航空航天大学,4A44,机械工程（以上10专业办学地点:第一阶段学习地点在常州市天目湖校区，第二阶段学习地点根据培养计划具体安排;20-29、2A-2C专业办学地点:第一、二学年在常州市天目湖校区，第三、四学年在南京市将军路校区;2D-2G专业办学地点:将军路校区）,以上10专业办学地点:第一阶段学习地点在常州市天目湖校区，第二阶段学习地点根据培养计划具体安排;20-29、2A-2C专业办学地点:第一、二学年在常州市天目湖校区，第三、四学年在南京市将军路校区;2D-2G专业办学地点:将军路校区,,,,,629,5925,,,,,,629,5925,,,,,,,,,本科,,,,,
8149202,北京,本科批,物理,,X3F0F52,专业组02,南京航空航天大学,81C7,电子信息类（含电子信息科学与技术、信息工程）（以上10专业办学地点:第一阶段学习地点在常州市天目湖校区，第二阶段学习地点根据培养计划具体安排;20-29、2A-2C专业办学地点:第一、二学年在常州市天目湖校区，第三、四学年在南京市将军路校区;2D-2G专业办学地点:将军路校区）,含电子信息科学与技术、信息工程; 以上10专业办学地点:第一阶段学习地点在常州市天目湖校区，第二阶段学习地点根据培养计划具体安排;20-29、2A-2C专业办学地点:第一、二学年在常州市天目湖校区，第三、四学年在南京市将军路校区;2D-2G专业办学地点:将军路校区,,,,,630,5783,,,,,,630,5783,,,,,,,,,本科,,,,,
8149203,北京,本科批,物理,,X3F0F52,专业组02,南京航空航天大学,3C35,自动化（以上10专业办学地点:第一阶段学习地点在常州市天目湖校区，第二阶段学习地点根据培养计划具体安排;20-29、2A-2C专业办学地点:第一、二学年在常州市天目湖校区，第三、四学年在南京市将军路校区;2D-2G专业办学地点:将军路校区）,以上10专业办学地点:第一阶段学习地点在常州市天目湖校区，第二阶段学习地点根据培养计划具体安排;20-29、2A-2C专业办学地点:第一、二学年在常州市天目湖校区，第三、四学年在南京市将军路校区;2D-2G专业办学地点:将军路校区,,,,,631,5623,,,,,,631,5623,,,,,,,,,本科,,,,,
8149204,北京,本科批,物理,,X3F0F52,专业组02,南京航空航天大学,A238,电气工程及其自动化（以上10专业办学地点:第一阶段学习地点在常州市天目湖校区，第二阶段学习地点根据培养计划具体安排;20-29、2A-2C专业办学地点:第一、二学年在常州市天目湖校区，第三、四学年在南京市将军路校区;2D-2G专业办学地点:将军路校区）,以上10专业办学地点:第一阶段学习地点在常州市天目湖校区，第二阶段学习地点根据培养计划具体安排;20-29、2A-2C专业办学地点:第一、二学年在常州市天目湖校区，第三、四学年在南京市将军路校区;2D-2G专业办学地点:将军路校区,,,,,631,5623,,,,,,631,5623,,,,,,,,,本科,,,,,
8149205,北京,本科批,物理,,X3F0F52,专业组02,南京航空航天大学,DA2B,计算机科学与技术（以上10专业办学地点:第一阶段学习地点在常州市天目湖校区，第二阶段学习地点根据培养计划具体安排;20-29、2A-2C专业办学地点:第一、二学年在常州市天目湖校区，第三、四学年在南京市将军路校区;2D-2G专业办学地点:将军路校区）,以上10专业办学地点:第一阶段学习地点在常州市天目湖校区，第二阶段学习地点根据培养计划具体安排;20-29、2A-2C专业办学地点:第一、二学年在常州市天目湖校区，第三、四学年在南京市将军路校区;2D-2G专业办学地点:将军路校区,,,,,632,5467,,,,,,632,5467,,,,,,,,,本科,,,,,
8149206,北京,本科批,物理,,X3F0F52,专业组02,南京航空航天大学,E484,探测制导与控制技术（以上10专业办学地点:第一阶段学习地点在常州市天目湖校区，第二阶段学习地点根据培养计划具体安排;20-29、2A-2C专业办学地点:第一、二学年在常州市天目湖校区，第三、四学年在南京市将军路校区;2D-2G专业办学地点:将军路校区）,以上10专业办学地点:第一阶段学习地点在常州市天目湖校区，第二阶段学习地点根据培养计划具体安排;20-29、2A-2C专业办学地点:第一、二学年在常州市天目湖校区，第三、四学年在南京市将军路校区;2D-2G专业办学地点:将军路校区,,,,,633,5307,,,,,,633,5307,,,,,,,,,本科,,,,,
8149207,北京,本科批,物理,,X3F0F52,专业组02,南京航空航天大学,0EF6,航空航天类（含飞行器设计与工程、飞行器环境与生命保障工程、飞行器动力工程、飞行器制造工程、航空航天工程、飞行器控制与信息工程）（以上10专业办学地点:第一阶段学习地点在常州市天目湖校区，第二阶段学习地点根据培养计划具体安排;20-29、2A-2C专业办学地点:第一、二学年在常州市天目湖校区，第三、四学年在南京市将军路校区;2D-2G专业办学地点:将军路校区）,含飞行器设计与工程、飞行器环境与生命保障工程、飞行器动力工程、飞行器制造工程、航空航天工程、飞行器控制与信息工程; 以上10专业办学地点:第一阶段学习地点在常州市天目湖校区，第二阶段学习地点根据培养计划具体安排;20-29、2A-2C专业办学地点:第一、二学年在常州市天目湖校区，第三、四学年在南京市将军路校区;2D-2G专业办学地点:将军路校区,,,,,634,5176,,,,,,634,5176,,,,,,,,,本科,,,,,
8150050,北京,本科批,物理,,X88D82D,专业组01,兰州大学,C29F,经济学类,,,,,,618,7651,,,,,,618,7651,,,,,,,,,本科,,,,,
8150051,北京,本科批,物理,,X88D82D,专业组01,兰州大学,927B,法学,,,,,,619,7491,,,,,,619,7491,,,,,,,,,本科,,,,,
8150052,北京,本科批,物理,,X88D82D,专业组01,兰州大学,EF7C,工商管理类,,,,,,620,7342,,,,,,620,7342,,,,,,,,,本科,,,,,
8150053,北京,本科批,物理,,X88D82D,专业组02,兰州大学,D243,汉语言文学,,,,,,621,7172,,,,,,621,7172,,,,,,,,,本科,,,,,
8150054,北京,本科批,物理,,X88D82D,专业组02,兰州大学,6240,历史学类,,,,,,623,6848,,,,,,623,6848,,,,,,,,,本科,,,,,
8150055,北京,本科批,物理,,X88D82D,专业组03,兰州大学,97D0,临床医学,,,,,,625,6546,,,,,,625,6546,,,,,,,,,本科,,,,,
8150056,北京,本科批,物理,,X88D82D,专业组03,兰州大学,6954,化学类,,,,,,626,6380,,,,,,626,6380,,,,,,,,,本科,,,,,
8150057,北京,本科批,物理,,X88D82D,专业组03,兰州大学,82E6,计算机类,,,,,,627,6215,,,,,,627,6215,,,,,,,,,本科,,,,,
8150058,北京,本科批,物理,,X88D82D,专业组03,兰州大学,861C,电子信息类,,,,,,628,6085,,,,,,628,6085,,,,,,,,,本科,,,,,
8150059,北京,本科批,物理,,X88D82D,专业组03,兰州大学,4648,物理学类,,,,,,630,5783,,,,,,630,5783,,,,,,,,,本科,,,,,
8150060,北京,本科批,物理,,X88D82D,专业组03,兰州大学,5669,数学类,,,,,,631,5623,,,,,,631,5623,,,,,,,,,本科,,,,,
8150976,北京,本科批,物理,,X968B58,专业组02,南开大学,3BC8,历史学类（含历史学、世界史、考古学，本专业大类内专业任选，办学地点:津南校区）,含历史学、世界史、考古学，本专业大类内专业任选，办学地点:津南校区,,,,,661,2118,,,,,,661,2118,,,,,,,,,本科,,,,,
8150977,北京,本科批,物理,,X968B58,专业组02,南开大学,ED5D,法学（办学地点:津南校区）,办学地点:津南校区,,,,,661,2118,,,,,,661,2118,,,,,,,,,本科,,,,,
8150978,北京,本科批,物理,,X968B58,专业组02,南开大学,1A9E,中国语言文学类（含汉语言文学、新闻学、网络与新媒体（出版与智能传播方向）、汉语国际教育，本专业大类内专业任选。国家文科基础学科人才培养和科学研究优秀基地，国家级一流本科专业，办学地点:八里台校区/津南校区）,含汉语言文学、新闻学、网络与新媒体（出版与智能传播方向,,,,,661,2118,,,,,,661,2118,,,,,,,,,本科,,,,,
8150979,北京,本科批,物理,,X968B58,专业组02,南开大学,B9BD,哲学类（含哲学、逻辑学，本专业大类内专业任选。仅录取填报该专业志愿的考生，办学地点:津南校区）,含哲学、逻辑学，本专业大类内专业任选。仅录取填报该专业志愿的考生，办学地点:津南校区,,,,,662,2036,,,,,,662,2036,,,,,,,,,本科,,,,,
8150980,北京,本科批,物理,,X968B58,专业组03,南开大学,CCEE,工科试验班（信息科学与技术）（含计算机科学与技术、信息安全、物联网工程、密码科学与技术、自动化、智能科学与技术、软件工程，本专业大类内专业任选。含信息安全-法学双学位试点班，人工智能、计算机、新一代智能软件特色培养项目班，以及多所海外知名高校的暑期学校和长短期交流项目，办学地点:津南校区）,信息科学与技术; 含计算机科学与技术、信息安全、物联网工程、密码科学与技术、自动化、智能科学与技术、软件工程，本专业大类内专业任选。含信息安全-法学双学位试点班，人工智能、计算机、新一代智能软件特色培养项目班，以及多所海外知名高校的暑期学校和长短期交流项目，办学地点:津南校区,,,,,663,1949,,,,,,663,1949,,,,,,,,,本科,,,,,
8150981,北京,本科批,物理,,X968B58,专业组03,南开大学,725E,理科试验班（物理与光电信息技术工程）（含物理学、应用物理学、光电信息科学与工程、电子信息科学与技术、微电子科学与工程、电子科学与技术、通信工程，本专业大类内专业任选。包含与加州大学洛杉矶分校、慕尼黑工业大学等海外知名高校的国际交流项目，办学地点:八里台校区/津南校区）,物理与光电信息技术工程; 含物理学、应用物理学、光电信息科学与工程、电子信息科学与技术、微电子科学与工程、电子科学与技术、通信工程，本专业大类内专业任选。包含与加州大学洛杉矶分校、慕尼黑工业大学等海外知名高校的国际交流项目，办学地点:八里台校区/津南校区,,,,,663,1949,,,,,,663,1949,,,,,,,,,本科,,,,,
8150982,北京,本科批,物理,,X968B58,专业组01,南开大学,AB6B,经济学类（含经济学、国际经济与贸易、财政学、商务经济学，本专业大类内专业任选。包含经管法班等特色人才培养项目，大类内均为国家级一流本科专业建设点，并新增数字经济专业，办学地点:八里台校区）,含经济学、国际经济与贸易、财政学、商务经济学，本专业大类内专业任选。包含经管法班等特色人才培养项目，大类内均为国家级一流本科专业建设点，并新增数字经济专业，办学地点:八里台校区,,,,,664,1860,,,,,,664,1860,,,,,,,,,本科,,,,,
8150983,北京,本科批,物理,,X968B58,专业组01,南开大学,2526,工商管理类（未来商业领导者计划（含工商管理、人力资源管理、财务管理、会计学、会计学（国际会计）、市场营销、物流管理、图书馆学、档案学、旅游管理、会展经济与管理，本专业大类内专业任选。国际会计特色班与加拿大特许专业会计师协会（CGA）合作培养，学生可参与到哥伦比亚大学等海外高校交流项目，以及亚太旅游协会实习等项目，办学地点:八里台校区/津南校区）,未来商业领导者计划（含工商管理、人力资源管理、财务管理、会计学、会计学（国际会计; CGA,,,,,664,1860,,,,,,664,1860,,,,,,,,,本科,,,,,
8150984,北京,本科批,物理,,X968B58,专业组03,南开大学,F196,"理科试验班（物质科学与可持续发展）（含化学、应用化学、化学生物学、新能源科学与工程、分子科学与工程、生物科学、生物技术、环境科学、环境工程、资源循环科学与工程、药学、药物化学、材料物理、材料化学，本专业大类内专业任选。开展“海外实验室深度体验计划”,资助优秀学生去哈佛大学、麻省理工学院、牛津大学、剑桥大学等名校进行科研训练，办学地点:八里台校区/津南校区）","物质科学与可持续发展; 含化学、应用化学、化学生物学、新能源科学与工程、分子科学与工程、生物科学、生物技术、环境科学、环境工程、资源循环科学与工程、药学、药物化学、材料物理、材料化学，本专业大类内专业任选。开展“海外实验室深度体验计划”,资助优秀学生去哈佛大学、麻省理工学院、牛津大学、剑桥大学等名校进行科研训练，办学地点:八里台校区/津南校区",,,,,665,1776,,,,,,665,1776,,,,,,,,,本科,,,,,
8150985,北京,本科批,物理,,X968B58,专业组01,南开大学,3605,"金融学类（含金融学、保险学（保险与精算）,本专业大类内专业任选。含数字金融、金融国际学术特色班等培养项目，以及金融学、保险学、金融工程和精算学���国家级一流本科专业，办学地点:津南校区）",含金融学、保险学（保险与精算,,,,,666,1704,,,,,,666,1704,,,,,,,,,本科,,,,,
8150986,北京,本科批,物理,,X968B58,专业组03,南开大学,B2DA,理科试验班（数学与大数据）（含数学与应用数学、信息与计算科学、数据科学、统计学，本专业大类内专业任选。包含加州大学伯克利分校等海外交流项目，以及与威斯康星大学麦迪逊分校、伊利诺伊大学厄巴纳-香槟分校等海外名校的3+2联合培养项目，办学地点:八里台校区）,数学与大数据; 含数学与应用数学、信息与计算科学、数据科学、统计学，本专业大类内专业任选。包含加州大学伯克利分校等海外交流项目，以及与威斯康星大学麦迪逊分校、伊利诺伊大学厄巴纳-香槟分校等海外名校的3+2联合培养项目，办学地点:八里台校区,,,,,668,1557,,,,,,668,1557,,,,,,,,,本科,,,,,
8151411,北京,本科批,物理,,XB50A38,专业组01,海南大学,8A2A,化学工程与工艺（办学地点:海甸校区）,办学地点:海甸校区,,,,,567,17299,,,,,,567,17299,,,,,,,,,本科,,,,,
8151412,北京,本科批,物理,,XB50A38,专业组01,海南大学,9F1E,材料科学与工程（办学地点:海甸校区）,办学地点:海甸校区,,,,,571,16481,,,,,,571,16481,,,,,,,,,本科,,,,,
8152377,北京,本科批,物理,,X9FC7EE,专业组04,北京理工大学,4D62,会计学（中外合作办学）,中外合作办学,,,,,632,5467,,,,,,632,5467,,,,,,,,,本科,,,,,
8152378,北京,本科批,物理,,X9FC7EE,专业组01,北京理工大学,738F,公共事业管理（徐特立英才班之国际组织和全球治理）,徐特立英才班之国际组织和全球治理,,,,,654,2776,,,,,,654,2776,,,,,,,,,本科,,,,,
8152379,北京,本科批,物理,,X9FC7EE,专业组03,北京理工大学,4AE9,工科试验班（电子信息实验班）（含光电信息科学与工程、测控技术与仪器、智能感知工程、电子信息工程、电子科学与技术、通信工程、微电子科学与工程）,电子信息实验班; 含光电信息科学与工程、测控技术与仪器、智能感知工程、电子信息工程、电子科学与技术、通信工程、微电子科学与工程,,,,,664,1860,,,,,,664,1860,,,,,,,,,本科,,,,,
8152380,北京,本科批,物理,,X9FC7EE,专业组03,北京理工大学,23B4,理科试验班（理学与材料菁英班）（含量子信息科学、信息与计算科学、数学与应用数学、统计学、应用物理学、新能源材料与器件-工商管理（双学位）、材料科学与工程等，具体包含专业查询学校官网）,理学与材料菁英班; 含量子信息科学、信息与计算科学、数学与应用数学、统计学、应用物理学、新能源材料与器件-工商管理（双学位,,,,,664,1860,,,,,,664,1860,,,,,,,,,本科,,,,,
8152381,北京,本科批,物理,,X9FC7EE,专业组03,北京理工大学,0F9B,经济管理试验班（含数字化管理）（含会计学（含智能财务）、信息管理与信息系统（含大数据管理）、金融科技、信息管理与信息系统（北京外国语大学英语专业联合培养）,含数字化管理; 含会计学（含智能财务; 含大数据管理; 北京外国语大学英语专业联合培养,,,,,664,1860,,,,,,664,1860,,,,,,,,,本科,,,,,
8152382,北京,本科批,物理,,X9FC7EE,专业组03,北京理工大学,824F,工科试验班（宇航与机电类）（含飞行器设计与工程、飞行器动力工程、航空航天工程、武器发射工程、探测制导与控制技术、工程力学、武器系统与工程、弹药工程与爆炸技术、特种能源技术与工程、安全工程、机械电子工程、智能无人系统技术）,宇航与机电类; 含飞行器设计与工程、飞行器动力工程、航空航天工程、武器发射工程、探测制导与控制技术、工程力学、武器系统与工程、弹药工程与爆炸技术、特种能源技术与工程、安全工程、机械电子工程、智能无人系统技术,,,,,664,1860,,,,,,664,1860,,,,,,,,,本科,,,,,
8152383,北京,本科批,物理,,X9FC7EE,专业组03,北京理工大学,ADB3,工科试验班（智能制造与智能车辆菁英班）（含车辆工程、装甲车辆工程、能源与动力工程、机械工程、工业工程、智能制造工程、能源与动力工程（含管理双学位）,智能制造与智能车辆菁英班; 含车辆工程、装甲车辆工程、能源与动力工程、机械工程、工业工程、智能制造工程、能源与动力工程（含管理双学位,,,,,664,1860,,,,,,664,1860,,,,,,,,,本科,,,,,
8152384,北京,本科批,物理,,X9FC7EE,专业组03,北京理工大学,E347,工业设计,,,,,,664,1860,,,,,,664,1860,,,,,,,,,本科,,,,,
8152385,北京,本科批,物理,,X9FC7EE,专业组03,北京理工大学,B5EA,工科试验班（信息科学技术）（含自动化、电气工程及其自动化、机器人工程、计算机科学与技术、软件工程、人工智能、数据科学与大数据技术、网络空间安全、密码科学与技术、信息对抗技术）,信息科学技术; 含自动化、电气工程及其自动化、机器人工程、计算机科学与技术、软件工程、人工智能、数据科学与大数据技术、网络空间安全、密码科学与技术、信息对抗技术,,,,,664,1860,,,,,,664,1860,,,,,,,,,本科,,,,,
8152386,北京,本科批,物理,,X9FC7EE,专业组03,北京理工大学,FA74,工科试验班（拔尖计划）（含智能制造工程、能源与动力工程、材料科学与工程、自动化、数学与应用数学、生物医学工程，专业任选、学制任选（3+1+X）、含徐特立特色班、李泽湘双创班、数学拔尖班、医工实验班等7类本研班）,拔尖计划; 含智能制造工程、能源与动力工程、材料科学与工程、自动化、数学与应用数学、生物医学工程，专业任选、学制任选（3+1+X,,,,,666,1704,,,,,,666,1704,,,,,,,,,本科,,,,,
8152387,北京,本科批,物理,,X9FC7EE,专业组03,北京理工大学,B1AF,"工科试验班（徐特立英才班）（含计算机科学与技术、人工智能、自动化、智能无人系统技术、智能制造工程、机器人工程、软件工程、数据科学与大数据技术、电子信息工程、网络空间安全、智能感知工程，全校专业任选、学制任选（3+1+X）,小班化、导师制、国际化教学）",徐特立英才班; 含计算机科学与技术、人工智能、自动化、智能无人系统技术、智能制造工程、机器人工程、软件工程、数据科学与大数据技术、电子信息工程、网络空间安全、智能感知工程，全校专业任选、学制任选（3+1+X,,,,,668,1557,,,,,,668,1557,,,,,,,,,本科,,,,,
8152388,北京,本科批,物理,,X9FC7EE,专业组02,北京理工大学,A8CB,工科试验班（未来精工技术）（含智能制造工程、智能感知工程、人工智能、机器人工程、数据科学与大数据技术、计算机科学与技术、网络空间安全，全校专业任选、学制任选（3+1+X）、校区任选（大四、研究生可选珠海校区））,未来精工技术; 含智能制造工程、智能感知工程、人工智能、机器人工程、数据科学与大数据技术、计算机科学与技术、网络空间安全，全校专业任选、学制任选（3+1+X; 大四、研究生可选珠海校区,,,,,674,1138,,,,,,674,1138,,,,,,,,,本科,,,,,
8152722,北京,本科批,物理,,X8B01C4,专业组01,上海大学,7213,国际经济与贸易（中外合作办学）（专业办学地点:嘉定校区）,中外合作办学; 专业办学地点:嘉定校区,,,,,612,8660,,,,,,612,8660,,,,,,,,,本科,,,,,
8152723,北京,本科批,物理,,X8B01C4,专业组02,上海大学,50A4,社会学类（含哲学、法学、知识产权、社会学、社会工作、汉语言文学、汉语国际教育、新闻学、广播电视学、广告学、网络与新媒体、会展、历史学、考古学，该专业代表人文社科类，第一学年末进行专业分流）（专业办学地点:宝山校区）,含哲学、法学、知识产权、社会学、社会工作、汉语言文学、汉语国际教育、新闻学、广播电视学、广告学、网络与新媒体、会展、历史学、考古学，该专业代表人文社科类，第一学年末进行专业分流; 专业办学地点:宝山校区,,,,,623,6848,,,,,,623,6848,,,,,,,,,本科,,,,,
8152724,北京,本科批,物理,,X8B01C4,专业组03,上海大学,E924,电气类（含数学与应用数学、信息与计算科学、应用物理学、理论与应用力学、机械设计制造及其自动化、机械电子工程、智能制造工程、测控技术与仪器、新能源材料与器件、电子科学与技术、自动化、机器人工程、生物医学工程、建筑学、城乡规划、城市设计、工业工程，不招色盲、单色识别能力异常，该专业代表理学工学I类，第一学年末进行专业分流）（专业办学地点:宝山校区）,含数学与应用数学、信息与计算科学、应用物理学、理论与应用力学、机械设计制造及其自动化、机械电子工程、智能制造工程、测控技术与仪器、新能源材料与器件、电子科学与技术、自动化、机器人工程、生物医学工程、建筑学、城乡规划、城市设计、工业工程，不招色盲、单色识别能力异常，该专业代表理学工学I类，第一学年末进行专业分流; 专业办学地点:宝山校区,,,,,624,6693,,,,,,624,6693,,,,,,,,,本科,,,,,
8153152,北京,本科批,物理,,X0BE7D9,专业组01,中南财经政法大学,DD0A,外国语言文学类（含英语、英语（翻译方向）、商务英语，只招英语考生）,含英语、英语（翻译方向,,,,,618,7651,,,,,,618,7651,,,,,,,,,本科,,,,,
8153153,北京,本科批,物理,,X0BE7D9,专业组01,中南财经政法大学,EF8C,法语（只招英语、法语考生）,只招英语、法语考生,,,,,618,7651,,,,,,618,7651,,,,,,,,,本科,,,,,
8153154,北京,本科批,物理,,X0BE7D9,专业组01,中南财经政法大学,E8FD,新闻传播学类（含新闻学、广播电视学、网络与新媒体）,含新闻学、广播电视学、网络与新媒体,,,,,619,7491,,,,,,619,7491,,,,,,,,,本科,,,,,
8153155,北京,本科批,物理,,X0BE7D9,专业组02,中南财经政法大学,28AD,经济统计学,,,,,,619,7491,,,,,,619,7491,,,,,,,,,本科,,,,,
8153156,北京,本科批,物理,,X0BE7D9,专业组02,中南财经政法大学,0E54,保险学,,,,,,619,7491,,,,,,619,7491,,,,,,,,,本科,,,,,
8153157,北京,本科批,物理,,X0BE7D9,专业组01,中南财经政法大学,C0F8,工商管理类（含工商管理、工商管理（商务分析方向）、市场营销、人力资源管理、物流管理、电子商务）,含工商管理、工商管理（商务分析方向,,,,,620,7342,,,,,,620,7342,,,,,,,,,本科,,,,,
8153158,北京,本科批,物理,,X0BE7D9,专业组01,中南财经政法大学,9C08,工商管理类（会计学）（含会计学、会计学（注册会计师方向）、财务管理）,会计学; 含会计学、会计学（注册会计师方向,,,,,622,7001,,,,,,622,7001,,,,,,,,,本科,,,,,
8153159,北京,本科批,物理,,X0BE7D9,专业组01,中南财经政法大学,56E3,金融学类（含金融学、投资学）,含金融学、投资学,,,,,623,6848,,,,,,623,6848,,,,,,,,,本科,,,,,
8153160,北京,本科批,物理,,X0BE7D9,专业组01,中南财经政法大学,AC9B,财政学类（含财政学、税收学）,含财政学、税收学,,,,,625,6546,,,,,,625,6546,,,,,,,,,本科,,,,,
8153161,北京,本科批,物理,,X0BE7D9,专业组01,中南财经政法大学,F199,法学类（含法学、法学（民商法方向）、法学（涉外法治方向）、法学（政府法治方向）、法学（刑事司法方向）、法学（社会治理方向）,含法学、法学（民商法方向; 涉外法治方向; 政府法治方向; 刑事司法方向; 社会治理方向,,,,,634,5176,,,,,,634,5176,,,,,,,,,本科,,,,,
8154072,北京,本科批,物理,,X3FE75C,专业组03,合肥工业大学,FFC8,智能建造（专业办学地点:合肥校区）,专业办学地点:合肥校区,,,,,591,12433,,,,,,591,12433,,,,,,,,,本科,,,,,
8154073,北京,本科批,物理,,X3FE75C,专业组03,合肥工业大学,8D27,遥感科学与技术（专业办学地点:合肥校区）,专业办学地点:合肥校区,,,,,592,12263,,,,,,592,12263,,,,,,,,,本科,,,,,
8154074,北京,本科批,物理,,X3FE75C,专业组03,合肥工业大学,F742,生物医学工程（专业办学地点:合肥校区）,专业办学地点:合肥校区,,,,,593,12095,,,,,,593,12095,,,,,,,,,本科,,,,,
8154075,北京,本科批,物理,,X3FE75C,专业组01,合肥工业大学,C4CA,国际经济与贸易（中外合作办学）,中外合作办学,,,,,594,11907,,,,,,594,11907,,,,,,,,,本科,,,,,
8154076,北京,本科批,物理,,X3FE75C,专业组03,合肥工业大学,AA2D,机械设计制造及其自动化（专业办学地点:合肥校区）,专业办学地点:合肥校区,,,,,596,11548,,,,,,596,11548,,,,,,,,,本科,,,,,
8154077,北京,本科批,物理,,X3FE75C,专业组03,合肥工业大学,923C,车辆工程（专业办学地点:合肥校区）,专业办学地点:合肥校区,,,,,598,11157,,,,,,598,11157,,,,,,,,,本科,,,,,
8154078,北京,本科批,物理,,X3FE75C,专业组02,合肥工业大学,D6ED,信息管理与信息系统（专业办学地点:合肥校区）,专业办学地点:合肥校区,,,,,599,10980,,,,,,599,10980,,,,,,,,,本科,,,,,
8154079,北京,本科批,物理,,X3FE75C,专业组03,合肥工业大学,A2CE,电气工程及其自动化（专业办学地点:合肥校区）,专业办学地点:合肥校区,,,,,602,10383,,,,,,602,10383,,,,,,,,,本科,,,,,
8154932,北京,本科批,物理,,XBEB10F,专业组01,济南大学,B670,金融学（10专业办学地点:舜耕校区）,10专业办学地点:舜耕校区,,,,,524,26772,,,,,,524,26772,,,,,,,,,本科,,,,,
8154933,北京,本科批,物理,,XBEB10F,专业组02,济南大学,87E0,计算机科学与技术（图灵班）,图灵班,,,,,571,16481,,,,,,571,16481,,,,,,,,,本科,,,,,
8155792,北京,本科批,物理,,XA1F45F,专业组02,青岛理工大学,FDA2,城市地下空间工程（20-23专业办学地点:黄岛校区）,20-23专业办学地点:黄岛校区,,,,,514,29083,,,,,,514,29083,,,,,,,,,本科,,,,,
8155793,北京,本科批,物理,,XA1F45F,专业组02,青岛理工大学,8755,环境工程（20-23专业办学地点:黄岛校区）,20-23专业办学地点:黄岛校区,,,,,518,28167,,,,,,518,28167,,,,,,,,,本科,,,,,
8155794,北京,本科批,物理,,XA1F45F,专业组02,青岛理工大学,05E4,材料科学与工程（20-23专业办学地点:黄岛校区）,20-23专业办学地点:黄岛校区,,,,,521,27493,,,,,,521,27493,,,,,,,,,本科,,,,,
8155795,北京,本科批,物理,,XA1F45F,专业组01,青岛理工大学,D608,建筑学（五年）（（10专业办学地点:市北校区）,五年; （10专业办学地点:市北校区,,,,,524,26772,,,,,,524,26772,,,,,,,,,本科,,,,,
8155796,北京,本科批,物理,,XA1F45F,专业组02,青岛理工大学,D6C5,计算机科学与技术（20-23专业办学地点:黄岛校区）,20-23专业办学地点:黄岛校区,,,,,531,25202,,,,,,531,25202,,,,,,,,,本科,,,,,
8156690,北京,本科批,物理,,XCD21FB,专业组02,华东师范大学,3B13,马克思主义理论（10、12、20-21、33-35专业办学地点:闵行校区;11、30-32专业办学地点:普陀校区）,10、12、20-21、33-35专业办学地点:闵行校区;11、30-32专业办学地点:普陀校区,,,,,648,3382,,,,,,648,3382,,,,,,,,,本科,,,,,
8156691,北京,本科批,物理,,XCD21FB,专业组03,华东师范大学,AA94,心理学类（含心理学、应用心理学）（10、12、20-21、33-35专业办学地点:闵行校区;11、30-32专业办学地点:普陀校区）,含心理学、应用心理学; 10、12、20-21、33-35专业办学地点:闵行校区;11、30-32专业办学地点:普陀校区,,,,,649,3267,,,,,,649,3267,,,,,,,,,本科,,,,,
8156692,北京,本科批,物理,,XCD21FB,专业组03,华东师范大学,F0FF,微电子科学与工程（10、12、20-21、33-35专业办学地点:闵行校区;11、30-32专业办学地点:普陀校区）,10、12、20-21、33-35专业办学地点:闵行校区;11、30-32专业办学地点:普陀校区,,,,,650,3176,,,,,,650,3176,,,,,,,,,本科,,,,,
8156693,北京,本科批,物理,,XCD21FB,专业组03,华东师范大学,1674,统计学（双学位）（与计算机科学与技术进行双学士学位培养）（10、12、20-21、33-35专业办学地点:闵行校区;11、30-32专业办学地点:普陀校区）,双学位; 与计算机科学与技术进行双学士学位培养; 10、12、20-21、33-35专业办学地点:闵行校区;11、30-32专业办学地点:普陀校区,,,,,650,3176,,,,,,650,3176,,,,,,,,,本科,,,,,
8156694,北京,本科批,物理,,XCD21FB,专业组03,华东师范大学,154F,软件工程（/年）（第一、二学年学费7000元/年，第三、四学年为16000元/年，大三下学期至大四学年到临港该校滴水湖国际软件学院就读）（10、12、20-21、33-35专业办学地点:闵行校区;11、30-32专业办学地点:普陀校区）,/年; 第一、二学年学费7000元/年，第三、四学年为16000元/年，大三下学期至大四学年到临港该校滴水湖国际软件学院就读; 10、12、20-21、33-35专业办学地点:闵行校区;11、30-32专业办学地点:普陀校区,,,,,650,3176,,,,,,650,3176,,,,,,,,,本科,,,,,
8156695,北京,本科批,物理,,XCD21FB,专业组02,华东师范大学,9AFA,政治学与行政学（双学位）（与新闻学进行双学士学位培养）（10、12、20-21、33-35专业办学地点:闵行校区;11、30-32专业办学地点:普陀校区）,双学位; 与新闻学进行双学士学位培养; 10、12、20-21、33-35专业办学地点:闵行校区;11、30-32专业办学地点:普陀校区,,,,,650,3176,,,,,,650,3176,,,,,,,,,本科,,,,,
8156696,北京,本科批,物理,,XCD21FB,专业组03,华东师范大学,780F,心理学（双学位）（与计算机科学与技术进行双学士学位培养）（10、12、20-21、33-35专业办学地点:闵行校区;11、30-32专业办学地点:普陀校区）,双学位; 与计算机科学与技术进行双学士学位培养; 10、12、20-21、33-35专业办学地点:闵行校区;11、30-32专业办学地点:普陀校区,,,,,651,3065,,,,,,651,3065,,,,,,,,,本科,,,,,
8156697,北京,本科批,物理,,XCD21FB,专业组01,华东师范大学,BC15,汉语国际教育（10、12、20-21、33-35专业办学地点:闵行校区;11、30-32专业办学地点:普陀校区）,10、12、20-21、33-35专业办学地点:闵行校区;11、30-32专业办学地点:普陀校区,,,,,653,2876,,,,,,653,2876,,,,,,,,,本科,,,,,
8156698,北京,本科批,物理,,XCD21FB,专业组03,华东师范大学,F1BC,数学与应用数学（10、12、20-21、33-35专业办学地点:闵行校区;11、30-32专业办学地点:普陀校区）,10、12、20-21、33-35专业办学地点:闵行校区;11、30-32专业办学地点:普陀校区,,,,,655,2687,,,,,,655,2687,,,,,,,,,本科,,,,,
8156699,北京,本科批,物理,,XCD21FB,专业组01,华东师范大学,D8EC,哲学（10、12、20-21、33-35专业办学地点:闵行校区;11、30-32专业办学地点:普陀校区）,10、12、20-21、33-35专业办学地点:闵行校区;11、30-32专业办学地点:普陀校区,,,,,657,2491,,,,,,657,2491,,,,,,,,,本科,,,,,
8156700,北京,本科批,物理,,XCD21FB,专业组01,华东师范大学,E063,汉语言文学（10、12、20-21、33-35专业办学地点:闵行校区;11、30-32专业办学地点:普陀校区）,10、12、20-21、33-35专业办学地点:闵行校区;11、30-32专业办学地点:普陀校区,,,,,659,2302,,,,,,659,2302,,,,,,,,,本科,,,,,
8157411,北京,本科批,物理,,X110192,专业组06,吉林大学,9D4C,"临床医学（白求恩班）（五年）（白求恩第一临床医学院,办学地点:前卫南区）","白求恩班; 五年; 白求恩第一临床医学院,办学地点:前卫南区",,,,,626,6380,,,,,,626,6380,,,,,,,,,本科,,,,,
8157412,北京,本科批,物理,,X110192,专业组06,吉林大学,521A,"临床医学（5+3一体化）（五年）（白求恩第一临床医学院,办学地点:前卫南区）","5+3一体化; 五年; 白求恩第一临床医学院,办学地点:前卫南区",,,,,627,6215,,,,,,627,6215,,,,,,,,,本科,,,,,
8157413,北京,本科批,物理,,X110192,专业组01,吉林大学,8734,经济学（国别与区域经济）（办学地点:前卫南区）,国别与区域经济; 办学地点:前卫南区,,,,,629,5925,,,,,,629,5925,,,,,,,,,本科,,,,,
8157414,北京,本科批,物理,,X110192,专业组03,吉林大学,3608,"物流管理（双学士学位）（物流管理-计算机科学与技术双学士学位复合型人才培养项目:商学与管理学院和计算机科学与技术学院联合建设，入学后可参与选拔新加坡国立大学3+1+1联合培养项目,办学地点:前卫南区）","双学士学位; 物流管理-计算机科学与技术双学士学位复合型人才培养项目:商学与管理学院和计算机科学与技术学院联合建设，入学后可参与选拔新加坡国立大学3+1+1联合培养项目,办学地点:前卫南区",,,,,629,5925,,,,,,629,5925,,,,,,,,,本科,,,,,
8157415,北京,本科批,物理,,X110192,专业组03,吉林大学,1015,"会计学（含会计学、财务管理（数智化决策）、信用管理（数字金融）,办学地点:前卫南区）",含会计学、财务管理（数智化决策; 数字金融,,,,,630,5783,,,,,,630,5783,,,,,,,,,本科,,,,,
8157416,北京,本科批,物理,,X110192,专业组05,吉林大学,C41A,"化学类（含化学、应用化学、材料化学、高分子材料与工程、化学工程与工艺，非英语语种考生慎重报考,办学地点:前卫南区）","含化学、应用化学、材料化学、高分子材料与工程、化学工程与工艺，非英语语种考生慎重报考,办学地点:前卫南区",,,,,631,5623,,,,,,631,5623,,,,,,,,,本科,,,,,
8157417,北京,本科批,物理,,X110192,专业组05,吉林大学,435A,仿生科学与工程（办学地点:南岭校区）,办学地点:南岭校区,,,,,631,5623,,,,,,631,5623,,,,,,,,,本科,,,,,
8157418,北京,本科批,物理,,X110192,专业组01,吉林大学,5AF5,"经济学类（含经济学、财政学、国际经济与贸易、金融学,办学地点:前卫南区）","含经济学、财政学、国际经济与贸易、金融学,办学地点:前卫南区",,,,,631,5623,,,,,,631,5623,,,,,,,,,本科,,,,,
8157419,北京,本科批,物理,,X110192,专业组05,吉林大学,DB11,智能制造工程（办学地点:南岭校区）,办学地点:南岭校区,,,,,632,5467,,,,,,632,5467,,,,,,,,,本科,,,,,
8157420,北京,本科批,物理,,X110192,专业组05,吉林大学,2783,"生物科学类（含生物科学、生物技术、生物制药,办学地点:前卫南区）","含生物科学、生物技术、生物制药,办学地点:前卫南区",,,,,632,5467,,,,,,632,5467,,,,,,,,,本科,,,,,
8157421,北京,本科批,物理,,X110192,专业组05,吉林大学,6876,"材料类（含材料科学与工程、无机非金属材料工程、材料成型及控制工程，入校后可申请新加坡国立大学3+1+1、英国曼彻斯特大学2+2联合培养项目,办学地点:南岭校区）","含材料科学与工程、无机非金属材料工程、材料成型及控制工程，入校后可申请新加坡国立大学3+1+1、英国曼彻斯特大学2+2联合培养项目,办学地点:南岭校区",,,,,633,5307,,,,,,633,5307,,,,,,,,,本科,,,,,
8157422,北京,本科批,物理,,X110192,专业组05,吉林大学,6A87,"材料物理（入校后可申请新加坡国立大学3+1+1、英国曼彻斯特大学2+2联合培养项目,办学地点:前卫南区）","入校后可申请新加坡国立大学3+1+1、英国曼彻斯特大学2+2联合培养项目,办学地点:前卫南区",,,,,635,5055,,,,,,635,5055,,,,,,,,,本科,,,,,
8157423,北京,本科批,物理,,X110192,专业组05,吉林大学,2099,"软件工程（第一、二学年学费6830元/年，第三、四学年共计为28000元，仅录取有该专业志愿的考生，非英语语种考生慎重报考,办学地点:前卫南区）","第一、二学年学费6830元/年，第三、四学年共计为28000元，仅录取有该专业志愿的考生，非英语语种考生慎重报考,办学地点:前卫南区",,,,,635,5055,,,,,,635,5055,,,,,,,,,本科,,,,,
8157424,北京,本科批,物理,,X110192,专业组05,吉林大学,CD5B,"物理学类（含物理学、应用物理学,办学地点:前卫南区）","含物理学、应用物理学,办学地点:前卫南区",,,,,636,4929,,,,,,636,4929,,,,,,,,,本科,,,,,
8157425,北京,本科批,物理,,X110192,专业组05,吉林大学,1F54,机器人工程（办学地点:南岭校区）,办学地点:南岭校区,,,,,636,4929,,,,,,636,4929,,,,,,,,,本科,,,,,
8157426,北京,本科批,物理,,X110192,专业组05,吉林大学,A16C,"数学类（含数学与应用数学、信息与计算科学、统计学,办学地点:前卫南区）","含数学与应用数学、信息与计算科学、统计学,办学地点:前卫南区",,,,,637,4789,,,,,,637,4789,,,,,,,,,本科,,,,,
8157427,北京,本科批,物理,,X110192,专业组05,吉林大学,52E8,通信工程（办学地点:南湖校区）,办学地点:南湖校区,,,,,638,4633,,,,,,638,4633,,,,,,,,,本科,,,,,
8157428,北京,本科批,物理,,X110192,专业组05,吉林大学,9E86,自动化（办学地点:南岭校区）,办学地点:南岭校区,,,,,639,4478,,,,,,639,4478,,,,,,,,,本科,,,,,
8157429,北京,本科批,物理,,X110192,专业组05,吉林大学,001F,"车辆工程（含新能源汽车和智能汽车方向,办学地点:南岭校区）","含新能源汽车和智能汽车方向,办学地点:南岭校区",,,,,639,4478,,,,,,639,4478,,,,,,,,,本科,,,,,
8157430,北京,本科批,物理,,X110192,专业组04,吉林大学,75CD,历史学（办学地点:前卫南区）,办学地点:前卫南区,,,,,640,4365,,,,,,640,4365,,,,,,,,,本科,,,,,
8158397,北京,本科批,物理,,X6FFD17,专业组01,山东科技大学,2AFE,国际经济与贸易（专业办学地点:青岛校区）,专业办学地点:青岛校区,,,,,539,23365,,,,,,539,23365,,,,,,,,,本科,,,,,
8158398,北京,本科批,物理,,X6FFD17,专业组01,山东科技大学,7E4D,金融学（专业办学地点:青岛校区）,专业办学地点:青岛校区,,,,,542,22695,,,,,,542,22695,,,,,,,,,本科,,,,,
8158399,北京,本科批,物理,,X6FFD17,专业组02,山东科技大学,E4E3,遥感科学与技术（专业办学地点:青岛校区）,专业办学地点:青岛校区,,,,,562,18395,,,,,,562,18395,,,,,,,,,本科,,,,,
8158400,北京,本科批,物理,,X6FFD17,专业组02,山东科技大学,0ECF,电气工程及其自动化（专业办学地点:青岛校区）,专业办学地点:青岛校区,,,,,565,17728,,,,,,565,17728,,,,,,,,,本科,,,,,
8158401,北京,本科批,物理,,X6FFD17,专业组02,山东科技大学,63B0,计算机科学与技术（专业办学地点:青岛校区）,专业办学地点:青岛校区,,,,,567,17299,,,,,,567,17299,,,,,,,,,本科,,,,,
8159050,北京,本科批,物理,,X7F1F81,专业组03,华中师范大学,48D1,化学类（含化学（非公费师范）、化学（英才班）、应用化学、化学（化学生物交叉班））,含化学（非公费师范; 英才班; 化学生物交叉班,,,,,599,10980,,,,,,599,10980,,,,,,,,,本科,,,,,
8159051,北京,本科批,物理,,X7F1F81,专业组03,华中师范大学,547C,计算机类（含数据科学与大数据技术、人工智能）,含数据科学与大数据技术、人工智能,,,,,600,10787,,,,,,600,10787,,,,,,,,,本科,,,,,
8159052,北京,本科批,物理,,X7F1F81,专业组03,华中师范大学,41CF,数字媒体技术,,,,,,600,10787,,,,,,600,10787,,,,,,,,,本科,,,,,
8159053,北京,本科批,物理,,X7F1F81,专业组01,华中师范大学,E743,教育学类（含教育学、学前教育（非公费师范）、融合教育（非公费师范））,含教育学、学前教育（非公费师范; 非公费师范,,,,,610,9022,,,,,,610,9022,,,,,,,,,本科,,,,,
8159054,北京,本科批,物理,,X7F1F81,专业组01,华中师范大学,E0D6,社会学类（含社会学、社会工作）,含社会学、社会工作,,,,,610,9022,,,,,,610,9022,,,,,,,,,本科,,,,,
8159055,北京,本科批,物理,,X7F1F81,专业组02,华中师范大学,FCA8,心理学类（含心理学（非师范）、应用心理学）,含心理学（非师范,,,,,615,8152,,,,,,615,8152,,,,,,,,,本科,,,,,
8159056,北京,本科批,物理,,X7F1F81,专业组01,华中师范大学,91C5,法学类（含法学、法学（法学经济学交叉班））,含法学、法学（法学经济学交叉班,,,,,620,7342,,,,,,620,7342,,,,,,,,,本科,,,,,
8159751,北京,本科批,物理,,XAB0483,专业组01,河南科技大学,25DE,国际经济与贸易,,,,,,513,29317,,,,,,513,29317,,,,,,,,,本科,,,,,
8159752,北京,本科批,物理,,XAB0483,专业组02,河南科技大学,97D0,临床医学,,,,,,543,22476,,,,,,543,22476,,,,,,,,,本科,,,,,
8160437,北京,本科批,物理,,X665B00,专业组01,烟台大学,04A0,工商管理,,,,,,537,23824,,,,,,537,23824,,,,,,,,,本科,,,,,
8160438,北京,本科批,物理,,X665B00,专业组01,烟台大学,927B,法学,,,,,,548,21433,,,,,,548,21433,,,,,,,,,本科,,,,,
8161057,北京,本科批,物理,,X7AE34B,专业组01,南京理工大学,C856,材料科学与工程（中外合作办学）（（以上10-11专业办学地点:江阴校区; 20-21、30-39、3A、40专业办学地点:第一年在江阴校区，第二、三、四年在南京校区）,中外合作办学; （以上10-11专业办学地点:江阴校区; 20-21、30-39、3A、40专业办学地点:第一年在江阴校区，第二、三、四年在南京校区,,,,,606,9678,,,,,,606,9678,,,,,,,,,本科,,,,,
8161058,北京,本科批,物理,,X7AE34B,专业组02,南京理工大学,BD69,法学（以上10-11专业办学地点:江阴校区; 20-21、30-39、3A、40专业办学地点:第一年在江阴校区，第二、三、四年在南京校区）,以上10-11专业办学地点:江阴校区; 20-21、30-39、3A、40专业办学地点:第一年在江阴校区，第二、三、四年在南京校区,,,,,609,9179,,,,,,609,9179,,,,,,,,,本科,,,,,
8161059,北京,本科批,物理,,X7AE34B,专业组01,南京理工大学,5EA1,机械工程（中外合作办学）（（以上10-11专业办学地点:江阴校区; 20-21、30-39、3A、40专业办学地点:第一年在江阴校区，第二、三、四年在南京校区）,中外合作办学; （以上10-11专业办学地点:江阴校区; 20-21、30-39、3A、40专业办学地点:第一年在江阴校区，第二、三、四年在南京校区,,,,,610,9022,,,,,,610,9022,,,,,,,,,本科,,,,,
8161060,北京,本科批,物理,,X7AE34B,专业组04,南京理工大学,A564,马克思主义理论（以上10-11专业办学地点:江阴校区; 20-21、30-39、3A、40专业办学地点:第一年在江阴校区，第二、三、四年在南京校区）,以上10-11专业办学地点:江阴校区; 20-21、30-39、3A、40专业办学地点:第一年在江阴校区，第二、三、四年在南京校区,,,,,611,8842,,,,,,611,8842,,,,,,,,,本科,,,,,
8161061,北京,本科批,物理,,X7AE34B,专业组02,南京理工大学,F22F,英语（以上10-11专业办学地点:江阴校区; 20-21、30-39、3A、40专业办学地点:第一年在江阴校区，第二、三、四年在南京校区）,以上10-11专业办学地点:江阴校区; 20-21、30-39、3A、40专业办学地点:第一年在江阴校区，第二、三、四年在南京校区,,,,,611,8842,,,,,,611,8842,,,,,,,,,本科,,,,,
8161062,北京,本科批,物理,,X7AE34B,专业组03,南京理工大学,90D2,机械类（含车辆工程、工业工程、机械工程）（以上10-11专业办学地点:江阴校区; 20-21、30-39、3A、40专业办学地点:第一年在江阴校区，第二、三、四年在南京校区）,含车辆工程、工业工程、机械工程; 以上10-11专业办学地点:江阴校区; 20-21、30-39、3A、40专业办学地点:第一年在江阴校区，第二、三、四年在南京校区,,,,,627,6215,,,,,,627,6215,,,,,,,,,本科,,,,,
8161063,北京,本科批,物理,,X7AE34B,专业组03,南京理工大学,AD11,兵器类（含弹药工程与爆炸技术、武器系统与工程）（以上10-11专业办学地点:江阴校区; 20-21、30-39、3A、40专业办学地点:第一年在江阴校区，第二、三、四年在南京校区）,含弹药工程与爆炸技术、武器系统与工程; 以上10-11专业办学地点:江阴校区; 20-21、30-39、3A、40专业办学地点:第一年在江阴校区，第二、三、四年在南京校区,,,,,627,6215,,,,,,627,6215,,,,,,,,,本科,,,,,
8161064,北京,本科批,物理,,X7AE34B,专业组03,南京理工大学,F611,工业设计（以上10-11专业办学地点:江阴校区; 20-21、30-39、3A、40专业办学地点:第一年在江阴校区，第二、三、四年在南京校区）,以上10-11专业办学地点:江阴校区; 20-21、30-39、3A、40专业办学地点:第一年在江阴校区，第二、三、四年在南京校区,,,,,627,6215,,,,,,627,6215,,,,,,,,,本科,,,,,
8161065,北京,本科批,物理,,X7AE34B,专业组03,南京理工大学,3999,武器发射工程（以上10-11专业办学地点:江阴校区; 20-21、30-39、3A、40专业办学地点:第一年在江阴校区，第二、三、四年在南京校区）,以上10-11专业办学地点:江阴校区; 20-21、30-39、3A、40专业办学地点:第一年在江阴校区，第二、三、四年在南京校区,,,,,627,6215,,,,,,627,6215,,,,,,,,,本科,,,,,
8161066,北京,本科批,物理,,X7AE34B,专业组03,南京理工大学,5949,材料类（钱学森学院）（含材料科学与工程、材料物理、纳米材料与技术、材料成型及控制工程）（以上10-11专业办学地点:江阴校区; 20-21、30-39、3A、40专业办学地点:第一年在江阴校区，第二、三、四年在南京校区）,钱学森学院; 含材料科学与工程、材料物理、纳米材料与技术、材料成型及控制工程; 以上10-11专业办学地点:江阴校区; 20-21、30-39、3A、40专业办学地点:第一年在江阴校区，第二、三、四年在南京校区,,,,,628,6085,,,,,,628,6085,,,,,,,,,本科,,,,,
8161067,北京,本科批,物理,,X7AE34B,专业组03,南京理工大学,7255,自动化类（含轨道交通信号与控制、自动化、电气工程及其自动化、智能电网信息工程）（以上10-11专业办学地点:江阴校区; 20-21、30-39、3A、40专业办学地点:第一年在江阴校区，第二、三、四年在南京校区）,含轨道交通信号与控制、自动化、电气工程及其自动化、智能电网信息工程; 以上10-11专业办学地点:江阴校区; 20-21、30-39、3A、40专业办学地点:第一年在江阴校区，第二、三、四年在南京校区,,,,,628,6085,,,,,,628,6085,,,,,,,,,本科,,,,,
8161068,北京,本科批,物理,,X7AE34B,专业组03,南京理工大学,20C5,微电子科学与工程（以上10-11专业办学地点:江阴校区; 20-21、30-39、3A、40专业办学地点:第一年在江阴校区，第二、三、四年在南京校区）,以上10-11专业办学地点:江阴校区; 20-21、30-39、3A、40专业办学地点:第一年在江阴校区，第二、三、四年在南京校区,,,,,629,5925,,,,,,629,5925,,,,,,,,,本科,,,,,
8161069,北京,本科批,物理,,X7AE34B,专业组03,南京理工大学,214E,电子信息类（含电子科学与技术、电子信息工程、光电信息科学与工程、通信工程）（以上10-11专业办学地点:江阴校区; 20-21、30-39、3A、40专业办学地点:第一年在江阴校区，第二、三、四年在南京校区）,含电子科学与技术、电子信息工程、光电信息科学与工程、通信工程; 以上10-11专业办学地点:江阴校区; 20-21、30-39、3A、40专业办学地点:第一年在江阴校区，第二、三、四年在南京校区,,,,,630,5783,,,,,,630,5783,,,,,,,,,本科,,,,,
8161070,北京,本科批,物理,,X7AE34B,专业组03,南京理工大学,A3EF,计算机类（含计算机科学与技术、软件工程、智能科学与技术）（以上10-11专业办学地点:江阴校区; 20-21、30-39、3A、40专业办学地点:第一年在江阴校区，第二、三、四年在南京校区）,含计算机科学与技术、软件工程、智能科学与技术; 以上10-11专业办学地点:江阴校区; 20-21、30-39、3A、40专业办学地点:第一年在江阴校区，第二、三、四年在南京校区,,,,,630,5783,,,,,,630,5783,,,,,,,,,本科,,,,,
8161071,北京,本科批,物理,,X7AE34B,专业组03,南京理工大学,7ED6,机械类（钱学森学院）（含车辆工程、工业工程、机械工程）（以上10-11专业办学地点:江阴校区; 20-21、30-39、3A、40专业办学地点:第一年在江阴校区，第二、三、四年在南京校区）,钱学森学院; 含车辆工程、工业工程、机械工程; 以上10-11专业办学地点:江阴校区; 20-21、30-39、3A、40专业办学地点:第一年在江阴校区，第二、三、四年在南京校区,,,,,632,5467,,,,,,632,5467,,,,,,,,,本科,,,,,
8161072,北京,本科批,物理,,X7AE34B,专业组03,南京理工大学,D5A6,电子信息类（钱学森学院）（含电子科学与技术、电子信息工程、光电信息科学与工程、通信工程）（以上10-11专业办学地点:江阴校区; 20-21、30-39、3A、40专业办学地点:第一年在江阴校区，第二、三、四年在南京校区）,钱学森学院; 含电子科学与技术、电子信息工程、光电信息科学与工程、通信工程; 以上10-11专业办学地点:江阴校区; 20-21、30-39、3A、40专业办学地点:第一年在江阴校区，第二、三、四年在南京校区,,,,,635,5055,,,,,,635,5055,,,,,,,,,本科,,,,,
8162332,北京,本科批,物理,,X763D03,专业组02,华东理工大学,E488,工科试验班（生物医药）（含生物工程、制药工程，不招色弱、色盲、嗅觉迟钝者）（专业优秀学生可申请拔尖创新人才培养计划（3+1+X）;办学地点:奉贤校区和徐汇校区）,生物医药; 含生物工程、制药工程，不招色弱、色盲、嗅觉迟钝者; 专业优秀学生可申请拔尖创新人才培养计划（3+1+X,,,,,618,7651,,,,,,618,7651,,,,,,,,,本科,,,,,
8162333,北京,本科批,物理,,X763D03,专业组01,华东理工大学,04FE,国际经济与贸易（专业优秀学生可申请拔尖创新人才培养计划（3+1+X）;办学地点:奉贤校区和徐汇校区）,专业优秀学生可申请拔尖创新人才培养计划（3+1+X,,,,,618,7651,,,,,,618,7651,,,,,,,,,本科,,,,,
8162334,北京,本科批,物理,,X763D03,专业组02,华东理工大学,F8DC,工科试验班（能源与环境）（含能源与动力工程、环境工程、储能科学与工程，不招色弱、色盲、嗅觉迟钝者）（专业优秀学生可申请拔尖创新人才培养计划（3+1+X）;办学地点:奉贤校区和徐汇校区）,能源与环境; 含能源与动力工程、环境工程、储能科学与工程，不招色弱、色盲、嗅觉迟钝者; 专业优秀学生可申请拔尖创新人才培养计划（3+1+X,,,,,619,7491,,,,,,619,7491,,,,,,,,,本科,,,,,
8162335,北京,本科批,物理,,X763D03,专业组02,华东理工大学,AACF,物理学类（含应用物理学、光电信息科学与工程，不招色盲者）（专业优秀学生可申请拔尖创新人才培养计划（3+1+X）;办学地点:奉贤校区和徐汇校区）,含应用物理学、光电信息科学与工程，不招色盲者; 专业优秀学生可申请拔尖创新人才培养计划（3+1+X,,,,,620,7342,,,,,,620,7342,,,,,,,,,本科,,,,,
8162336,北京,本科批,物理,,X763D03,专业组02,华东理工大学,C78E,机械类（机械智能化实验班）（含机械设计制造及其自动化、过程装备与控制工程、智能制造工程，不招色盲者）（专业优秀学生可申请拔尖创新人才培养计划（3+1+X）;办学地点:奉贤校区和徐汇校区）,机械智能化实验班; 含机械设计制造及其自动化、过程装备与控制工程、智能制造工程，不招色盲者; 专业优秀学生可申请拔尖创新人才培养计划（3+1+X,,,,,620,7342,,,,,,620,7342,,,,,,,,,本科,,,,,
8162337,北京,本科批,物理,,X763D03,专业组02,华东理工大学,1382,工科试验班（智慧化工）（含化学工程与工艺、油气储运工程、轻化工程、资源循环科学与工程，不招色弱、色盲、嗅觉迟钝者）（专业优秀学生可申请拔尖创新人才培养计划（3+1+X）;办学地点:奉贤校区和徐汇校区）,智慧化工; 含化学工程与工艺、油气储运工程、轻化工程、资源循环科学与工程，不招色弱、色盲、嗅觉迟钝者; 专业优秀学生可申请拔尖创新人才培养计划（3+1+X,,,,,620,7342,,,,,,620,7342,,,,,,,,,本科,,,,,
8162338,北京,本科批,物理,,X763D03,专业组02,华东理工大学,FB49,工科试验班（智能与机器人）（含人工智能、机器人工程，不招色盲者）（专业优秀学生可申请拔尖创新人才培养计划（3+1+X）;办学地点:奉贤校区和徐汇校区）,智能与机器人; 含人工智能、机器人工程，不招色盲者; 专业优秀学生可申请拔尖创新人才培养计划（3+1+X,,,,,621,7172,,,,,,621,7172,,,,,,,,,本科,,,,,
8162339,北京,本科批,物理,,X763D03,专业组02,华东理工大学,D4D1,计算机类（含计算机科学与技术、软件工程，不招不能准确在显示器上识别红、黄、绿、蓝、紫各颜色中任何一种颜色的数码、字母者）（专业优秀学生可申请拔尖创新人才培养计划（3+1+X）;办学地点:奉贤校区和徐汇校区）,含计算机科学与技术、软件工程，不招不能准确在显示器上识别红、黄、绿、蓝、紫各颜色中任何一种颜色的数码、字母者; 专业优秀学生可申请拔尖创新人才培养计划（3+1+X,,,,,622,7001,,,,,,622,7001,,,,,,,,,本科,,,,,
8162340,北京,本科批,物理,,X763D03,专业组02,华东理工大学,83A4,电子信息类（含自动化、电气工程及其自动化、信息工程，不招色盲者）（专业优秀学生可申请拔尖创新人才培养计划（3+1+X）;办学地点:奉贤校区和徐汇校区）,含自动化、电气工程及其自动化、信息工程，不招色盲者; 专业优秀学生可申请拔尖创新人才培养计划（3+1+X,,,,,622,7001,,,,,,622,7001,,,,,,,,,本科,,,,,
8162341,北京,本科批,物理,,X763D03,专业组01,华东理工大学,11E9,经济学类（含经济学、金融学）（专业优秀学生可申请拔尖创新人才培养计划（3+1+X）;办学地点:奉贤校区和徐汇校区）,含经济学、金融学; 专业优秀学生可申请拔尖创新人才培养计划（3+1+X,,,,,623,6848,,,,,,623,6848,,,,,,,,,本科,,,,,
8162342,北京,本科批,物理,,X763D03,专业组02,华东理工大学,5D0A,计算机科学与技术（双学士学位项目）（不招不能准确在显示器上识别红、黄、绿、蓝、紫各颜色中任何一种颜色的数码、字母者）（专业优秀学生可申请拔尖创新人才培养计划（3+1+X）;办学地点:奉贤校区和徐汇校区）,双学士学位项目; 不招不能准确在显示器上识别红、黄、绿、蓝、紫各颜色中任何一种颜色的数码、字母者; 专业优秀学生可申请拔尖创新人才培养计划（3+1+X,,,,,623,6848,,,,,,623,6848,,,,,,,,,本科,,,,,
8163130,北京,本科批,物理,,XE34209,专业组01,云南大学,D4C6,经济学类（含经济学、财政学、金融学、国际经济与贸易）,含经济学、财政学、金融学、国际经济与贸易,,,,,579,14597,,,,,,579,14597,,,,,,,,,本科,,,,,
8163131,北京,本科批,物理,,XE34209,专业组04,云南大学,D0E1,政治学与行政学,,,,,,596,11349,,,,,,596,11349,,,,,,,,,本科,,,,,
8163132,北京,本科批,物理,,XE34209,专业组03,云南大学,5D33,生物科学（国家生物学基地班）,国家生物学基地班,,,,,600,10586,,,,,,600,10586,,,,,,,,,本科,,,,,
8163133,北京,本科批,物理,,XE34209,专业组02,云南大学,927B,法学,,,,,,601,10384,,,,,,601,10384,,,,,,,,,本科,,,,,
8164082,北京,本科批,物理,,X50A882,专业组01,西北农林科技大学,F14C,食品科学与工程（中外合作办学）,中外合作办学,,,,,596,11548,,,,,,596,11548,,,,,,,,,本科,,,,,
8164083,北京,本科批,物理,,X50A882,专业组04,西北农林科技大学,EEF0,动物医学类（五年）（含动物医学、动物药学，动物医学专业学制五年，动物药学专业学制四年）,五年; 含动物医学、动物药学，动物医学专业学制五年，动物药学专业学制四年,,,,,604,10041,,,,,,604,10041,,,,,,,,,本科,,,,,
8164084,北京,本科批,物理,,X50A882,专业组04,西北农林科技大学,3849,食品营养与健康（卓越班）,卓越班,,,,,605,9850,,,,,,605,9850,,,,,,,,,本科,,,,,
8164085,北京,本科批,物理,,X50A882,专业组02,西北农林科技大学,E0D6,社会学类（含社会学、社会工作）,含社会学、社会工作,,,,,606,9678,,,,,,606,9678,,,,,,,,,本科,,,,,
8164086,北京,本科批,物理,,X50A882,专业组02,西北农林科技大学,85BA,经济学类（含经济学、金融学、国际经济与贸易）,含经济学、金融学、国际经济与贸易,,,,,609,9179,,,,,,609,9179,,,,,,,,,本科,,,,,
8164087,北京,本科批,物理,,X50A882,专业组05,西北农林科技大学,9B5F,生物科学类（含生物科学、生物技术、生物工程）,含生物科学、生物技术、生物工程,,,,,610,9022,,,,,,610,9022,,,,,,,,,本科,,,,,
8164088,北京,本科批,物理,,X50A882,专业组03,西北农林科技大学,FB65,风景园林,,,,,,612,8660,,,,,,612,8660,,,,,,,,,本科,,,,,
8164990,北京,本科批,物理,,XCAA0F1,专业组02,西南财经大学,7D85,物流管理（中外合作办学）（运营管理与商务分析方向）,中外合作办学; 运营管理与商务分析方向,,,,,608,9333,,,,,,608,9333,,,,,,,,,本科,,,,,
8164991,北京,本科批,物理,,XCAA0F1,专业组02,西南财经大学,7BDD,信息管理与信息系统（中外合作办学）（信息系统与数据管理方向）,中外合作办学; 信息系统与数据管理方向,,,,,613,8472,,,,,,613,8472,,,,,,,,,本科,,,,,
8164992,北京,本科批,物理,,XCAA0F1,专业组01,西南财经大学,421E,国际商务（中外合作办学）,中外合作办学,,,,,613,8472,,,,,,613,8472,,,,,,,,,本科,,,,,
8164993,北京,本科批,物理,,XCAA0F1,专业组01,西南财经大学,9037,市场营销（中外合作办学）（金融服务与营销）,中外合作办学; 金融服务与营销,,,,,617,7807,,,,,,617,7807,,,,,,,,,本科,,,,,
8164994,北京,本科批,物理,,XCAA0F1,专业组02,西南财经大学,4379,金融数学（中外合作办学）（金融服务与量化分析方向）,中外合作办学; 金融服务与量化分析方向,,,,,618,7651,,,,,,618,7651,,,,,,,,,本科,,,,,
8164995,北京,本科批,物理,,XCAA0F1,专业组04,西南财经大学,BD59,金融科技,,,,,,621,7172,,,,,,621,7172,,,,,,,,,本科,,,,,
8164996,北京,本科批,物理,,XCAA0F1,专业组01,西南财经大学,4D62,会计学（中外合作办学）,中外合作办学,,,,,621,7172,,,,,,621,7172,,,,,,,,,本科,,,,,
8164997,北京,本科批,物理,,XCAA0F1,专业组04,西南财经大学,1B86,金融数学,,,,,,621,7172,,,,,,621,7172,,,,,,,,,本科,,,,,
8164998,北京,本科批,物理,,XCAA0F1,专业组04,西南财经大学,16DF,金融工程,,,,,,621,7172,,,,,,621,7172,,,,,,,,,本科,,,,,
8164999,北京,本科批,物理,,XCAA0F1,专业组03,西南财经大学,FB3B,经济与贸易类,,,,,,622,7001,,,,,,622,7001,,,,,,,,,本科,,,,,
8165000,北京,本科批,物理,,XCAA0F1,专业组03,西南财经大学,D180,金融学类（保险方向）,保险方向,,,,,622,7001,,,,,,622,7001,,,,,,,,,本科,,,,,
8165001,北京,本科批,物理,,XCAA0F1,专业组03,西南财经大学,1356,金融学类,,,,,,622,7001,,,,,,622,7001,,,,,,,,,本科,,,,,
8165002,北京,本科批,物理,,XCAA0F1,专业组03,西南财经大学,D83C,经济学（国家经济学基础人才培养基地班）,国家经济学基础人才培养基地班,,,,,623,6848,,,,,,623,6848,,,,,,,,,本科,,,,,
8165003,北京,本科批,物理,,XCAA0F1,专业组03,西南财经大学,E874,法学（法学与金融学双学位）,法学与金融学双学位,,,,,624,6693,,,,,,624,6693,,,,,,,,,本科,,,,,
8165004,北京,本科批,物理,,XCAA0F1,专业组05,西南财经大学,28AD,经济统计学,,,,,,624,6693,,,,,,624,6693,,,,,,,,,本科,,,,,
8165005,北京,本科批,物理,,XCAA0F1,专业组04,西南财经大学,C831,精算学,,,,,,625,6546,,,,,,625,6546,,,,,,,,,本科,,,,,
8165006,北京,本科批,物理,,XCAA0F1,专业组05,西南财经大学,0544,数学与应用数学（数学与经济学双学位）,数学与经济学双学位,,,,,625,6546,,,,,,625,6546,,,,,,,,,本科,,,,,
8165007,北京,本科批,物理,,XCAA0F1,专业组05,西南财经大学,A223,统计学类,,,,,,626,6380,,,,,,626,6380,,,,,,,,,本科,,,,,
8165008,北京,本科批,物理,,XCAA0F1,专业组03,西南财经大学,CA9C,财政学类,,,,,,626,6380,,,,,,626,6380,,,,,,,,,本科,,,,,
8165009,北京,本科批,物理,,XCAA0F1,专业组05,西南财经大学,9480,数学与应用数学（基础学科拔尖实验班）,基础学科拔尖实验班,,,,,626,6380,,,,,,626,6380,,,,,,,,,本科,,,,,
8166083,北京,本科批,物理,,X147B5F,专业组01,河海大学,F8CC,土木工程（中外合作办学）（河海里尔学院）（（以上10、23、31、4B-4D专业办学地点:第一学年在南京相应校区学习，第二学年起在常州校区学习;11、20-22、30、40-49、4A专业办学地点:第一、三、四学年在南京相应校区学习，第二学年在常州校区学习）,中外合作办学; 河海里尔学院; （以上10、23、31、4B-4D专业办学地点:第一学年在南京相应校区学习，第二学年起在常州校区学习;11、20-22、30、40-49、4A专业办学地点:第一、三、四学年在南京相应校区学习，第二学年在常州校区学习,,,,,574,15859,,,,,,574,15859,,,,,,,,,本科,,,,,
8166084,北京,本科批,物理,,X147B5F,专业组01,河海大学,C54A,机械工程（中外合作办学）（河海里尔学院）（（以上10、23、31、4B-4D专业办学地点:第一学年在南京相应校区学习，第二学年起在常州校区学习;11、20-22、30、40-49、4A专业办学地点:第一、三、四学年在南京相应校区学习，第二学年在常州校区学习）,中外合作办学; 河海里尔学院; （以上10、23、31、4B-4D专业办学地点:第一学年在南京相应校区学习，第二学年起在常州校区学习;11、20-22、30、40-49、4A专业办学地点:第一、三、四学年在南京相应校区学习，第二学年在常州校区学习,,,,,583,14003,,,,,,583,14003,,,,,,,,,本科,,,,,
8166085,北京,本科批,物理,,X147B5F,专业组04,河海大学,C4FF,环境工程（以上10、23、31、4B-4D专业办学地点:第一学年在南京相应校区学习，第二学年起在常州校区学习;11、20-22、30、40-49、4A专业办学地点:第一、三、四学年在南京相应校区学习，第二学年在常州校区学习）,以上10、23、31、4B-4D专业办学地点:第一学年在南京相应校区学习，第二学年起在常州校区学习;11、20-22、30、40-49、4A专业办学地点:第一、三、四学年在南京相应校区学习，第二学年在常州校区学习,,,,,585,13610,,,,,,585,13610,,,,,,,,,本科,,,,,
8166086,北京,本科批,物理,,X147B5F,专业组04,河海大学,DE37,给排水科学与工程（以上10、23、31、4B-4D专业办学地点:第一学年在南京相应校区学习，第二学年起在常州校区学习;11、20-22、30、40-49、4A专业办学地点:第一、三、四学年在南京相应校区学习，第二学年在常州校区学习）,以上10、23、31、4B-4D专业办学地点:第一学年在南京相应校区学习，第二学年起在常州校区学习;11、20-22、30、40-49、4A专业办学地点:第一、三、四学年在南京相应校区学习，第二学年在常州校区学习,,,,,585,13610,,,,,,585,13610,,,,,,,,,本科,,,,,
8166087,北京,本科批,物理,,X147B5F,专业组04,河海大学,A589,土木工程（以上10、23、31、4B-4D专业办学地点:第一学年在南京相应校区学习，第二学年起在常州校区学习;11、20-22、30、40-49、4A专业办学地点:第一、三、四学年在南京相应校区学习，第二学年在常州校区学习）,以上10、23、31、4B-4D专业办学地点:第一学年在南京相应校区学习，第二学年起在常州校区学习;11、20-22、30、40-49、4A专业办学地点:第一、三、四学年在南京相应校区学习，第二学年在常州校区学习,,,,,586,13407,,,,,,586,13407,,,,,,,,,本科,,,,,
8166088,北京,本科批,物理,,X147B5F,专业组04,河海大学,DE88,智能制造工程（未来技术班）（（以上10、23、31、4B-4D专业办学地点:第一学年在南京相应校区学习，第二学年起在常州校区学习;11、20-22、30、40-49、4A专业办学地点:第一、三、四学年在南京相应校区学习，第二学年在常州校区学习）,未来技术班; （以上10、23、31、4B-4D专业办学地点:第一学年在南京相应校区学习，第二学年起在常州校区学习;11、20-22、30、40-49、4A专业办学地点:第一、三、四学年在南京相应校区学习，第二学年在常州校区学习,,,,,588,12980,,,,,,588,12980,,,,,,,,,本科,,,,,
8166089,北京,本科批,物理,,X147B5F,专业组04,河海大学,6DA9,人工智能（以上10、23、31、4B-4D专业办学地点:第一学年在南京相应校区学习，第二学年起在常州校区学习;11、20-22、30、40-49、4A专业办学地点:第一、三、四学年在南京相应校区学习，第二学年在常州校区学习）,以上10、23、31、4B-4D专业办学地点:第一学年在南京相应校区学习，第二学年起在常州校区学习;11、20-22、30、40-49、4A专业办学地点:第一、三、四学年在南京相应校区学习，第二学年在常州校区学习,,,,,589,12794,,,,,,589,12794,,,,,,,,,本科,,,,,
8166090,北京,本科批,物理,,X147B5F,专业组04,河海大学,83D6,水务工程（以上10、23、31、4B-4D专业办学地点:第一学年在南京相应校区学习，第二学年起在常州校区学习;11、20-22、30、40-49、4A专业办学地点:第一、三、四学年在南京相应校区学习，第二学年在常州校区学习）,以上10、23、31、4B-4D专业办学地点:第一学年在南京相应校区学习，第二学年起在常州校区学习;11、20-22、30、40-49、4A专业办学地点:第一、三、四学年在南京相应校区学习，第二学年在常州校区学习,,,,,590,12614,,,,,,590,12614,,,,,,,,,本科,,,,,
8166091,北京,本科批,物理,,X147B5F,专业组04,河海大学,33DF,智能科学与技术（以上10、23、31、4B-4D专业办学地点:第一学年在南京相应校区学习，第二学年起在常州校区学习;11、20-22、30、40-49、4A专业办学地点:第一、三、四学年在南京相应校区学习，第二学年在常州校区学习）,以上10、23、31、4B-4D专业办学地点:第一学年在南京相应校区学习，第二学年起在常州校区学习;11、20-22、30、40-49、4A专业办学地点:第一、三、四学年在南京相应校区学习，第二学年在常州校区学习,,,,,591,12433,,,,,,591,12433,,,,,,,,,本科,,,,,
8166092,北京,本科批,物理,,X147B5F,专业组04,河海大学,3158,软件工程（以上10、23、31、4B-4D专业办学地点:第一学年在南京相应校区学习，第二学年起在常州校区学习;11、20-22、30、40-49、4A专业办学地点:第一、三、四学年在南京相应校区学习，第二学年在常州校区学习）,以上10、23、31、4B-4D专业办学地点:第一学年在南京相应校区学习，第二学年起在常州校区学习;11、20-22、30、40-49、4A专业办学地点:第一、三、四学年在南京相应校区学习，第二学年在常州校区学习,,,,,596,11548,,,,,,596,11548,,,,,,,,,本科,,,,,
8166093,北京,本科批,物理,,X147B5F,专业组04,河海大学,B863,水文与水资源工程（以上10、23、31、4B-4D专业办学地点:第一学年在南京相应校区学习，第二学年起在常州校区学习;11、20-22、30、40-49、4A专业办学地点:第一、三、四学年在南京相应校区学习，第二学年在常州校区学习）,以上10、23、31、4B-4D专业办学地点:第一学年在南京相应校区学习，第二学年起在常州校区学习;11、20-22、30、40-49、4A专业办学地点:第一、三、四学年在南京相应校区学习，第二学年在常州校区学习,,,,,600,10787,,,,,,600,10787,,,,,,,,,本科,,,,,
8166094,北京,本科批,物理,,X147B5F,专业组03,河海大学,62BF,大数据管理与应用,,,,,,601,10585,,,,,,601,10585,,,,,,,,,本科,,,,,
8166095,北京,本科批,物理,,X147B5F,专业组04,河海大学,A94B,水利水电工程（以上10、23、31、4B-4D专业办学地点:第一学年在南京相应校区学习，第二学年起在常州校区学习;11、20-22、30、40-49、4A专业办学地点:第一、三、四学年在南京相应校区学习，第二学年在常州校区学习）,以上10、23、31、4B-4D专业办学地点:第一学年在南京相应校区学习，第二学年起在常州校区学习;11、20-22、30、40-49、4A专业办学地点:第一、三、四学年在南京相应校区学习，第二学年在常州校区学习,,,,,602,10383,,,,,,602,10383,,,,,,,,,本科,,,,,
8166096,北京,本科批,物理,,X147B5F,专业组03,河海大学,F437,金融工程（以上10、23、31、4B-4D专业办学地点:第一学年在南京相应校区学习，第二学年起在常州校区学习;11、20-22、30、40-49、4A专业办学地点:第一、三、四学年在南京相应校区学习，第二学年在常州校区学习）,以上10、23、31、4B-4D专业办学地点:第一学年在南京相应校区学习，第二学年起在常州校区学习;11、20-22、30、40-49、4A专业办学地点:第一、三、四学年在南京相应校区学习，第二学年在常州校区学习,,,,,603,10213,,,,,,603,10213,,,,,,,,,本科,,,,,
8166097,北京,本科批,物理,,X147B5F,专业组02,河海大学,8481,法语（只招英语、法语考生）（以上10、23、31、4B-4D专业办学地点:第一学年在南京相应校区学习，第二学年起在常州校区学习;11、20-22、30、40-49、4A专业办学地点:第一、三、四学年在南京相应校区学习，第二学年在常州校区学习）,只招英语、法语考生; 以上10、23、31、4B-4D专业办学地点:第一学年在南京相应校区学习，第二学年起在常州校区学习;11、20-22、30、40-49、4A专业办学地点:第一、三、四学年在南京相应校区学习，第二学年在常州校区学习,,,,,604,10041,,,,,,604,10041,,,,,,,,,本科,,,,,
8166098,北京,本科批,物理,,X147B5F,专业组02,河海大学,AA24,经济学（以上10、23、31、4B-4D专业办学地点:第一学年在南京相应校区学习，第二学年起在常州校区学习;11、20-22、30、40-49、4A专业办学地点:第一、三、四学年在南京相应校区学习，第二学年在常州校区学习）,以上10、23、31、4B-4D专业办学地点:第一学年在南京相应校区学习，第二学年起在常州校区学习;11、20-22、30、40-49、4A专业办学地点:第一、三、四学年在南京相应校区学习，第二学年在常州校区学习,,,,,605,9850,,,,,,605,9850,,,,,,,,,本科,,,,,
8166099,北京,本科批,物理,,X147B5F,专业组04,河海大学,5822,计算机科学与技术（以上10、23、31、4B-4D专业办学地点:第一学年在南京相应校区学习，第二学年起在常州校区学习;11、20-22、30、40-49、4A专业办学地点:第一、三、四学年在南京相应校区学习，第二学年在常州校区学习）,以上10、23、31、4B-4D专业办学地点:第一学年在南京相应校区学习，第二学年起在常州校区学习;11、20-22、30、40-49、4A专业办学地点:第一、三、四学年在南京相应校区学习，第二学年在常州校区学习,,,,,605,9850,,,,,,605,9850,,,,,,,,,本科,,,,,
8166100,北京,本科批,物理,,X147B5F,专业组02,河海大学,3C5A,法学（以上10、23、31、4B-4D专业办学地点:第一学年在南京相应校区学习，第二学年起在常州校区学习;11、20-22、30、40-49、4A专业办学地点:第一、三、四学年在南京相应校区学习，第二学年在常州校区学习）,以上10、23、31、4B-4D专业办学地点:第一学年在南京相应校区学习，第二学年起在常州校区学习;11、20-22、30、40-49、4A专业办学地点:第一、三、四学年在南京相应校区学习，第二学年在常州校区学习,,,,,605,9850,,,,,,605,9850,,,,,,,,,本科,,,,,
8166101,北京,本科批,物理,,X147B5F,专业组04,河海大学,CDD7,电气工程及其自动化（以上10、23、31、4B-4D专业办学地点:第一学年在南京相应校区学习，第二学年起在常州校区学习;11、20-22、30、40-49、4A专业办学地点:第一、三、四学年在南京相应校区学习，第二学年在常州校区学习）,以上10、23、31、4B-4D专业办学地点:第一学年在南京相应校区学习，第二学年起在常州校区学习;11、20-22、30、40-49、4A专业办学地点:第一、三、四学年在南京相应校区学习，第二学年在常州校区学习,,,,,611,8842,,,,,,611,8842,,,,,,,,,本科,,,,,
8166102,北京,本科批,物理,,X147B5F,专业组04,河海大学,DB1F,水利类（大禹强化班）（含水文与水资源工程、水利水电工程、港口航道与海岸工程）（以上10、23、31、4B-4D专业办学地点:第一学年在南京相应校区学习，第二学年起在常州校区学习;11、20-22、30、40-49、4A专业办学地点:第一、三、四学年在南京相应校区学习，第二学年在常州校区学习）,大禹强化班; 含水文与水资源工程、水利水电工程、港口航道与海岸工程; 以上10、23、31、4B-4D专业办学地点:第一学年在南京相应校区学习，第二学年起在常州校区学习;11、20-22、30、40-49、4A专业办学地点:第一、三、四学年在南京相应校区学习，第二学年在常州校区学习,,,,,612,8660,,,,,,612,8660,,,,,,,,,本科,,,,,
8167034,北京,本科提前批,物理,,XA4DF0B,专业组06,大连海事大学,AAA2,轮机工程（海上专业）,海上专业,,,,,558,19195,,,,,,558,19195,,,,,,,,,本科,,,,,
8167035,北京,本科提前批,物理,,XA4DF0B,专业组06,大连海事大学,B8D1,航海技术,,,,,,561,18566,,,,,,561,18566,,,,,,,,,本科,,,,,
8167036,北京,本科批,物理,,XA4DF0B,专业组02,大连海事大学,873B,土木工程（中外合作办学）,中外合作办学,,,,,573,16069,,,,,,573,16069,,,,,,,,,本科,,,,,
8167037,北京,本科批,物理,,XA4DF0B,专业组02,大连海事大学,EA4B,机械设计制造及其自动化（中外合作办学）,中外合作办学,,,,,575,15638,,,,,,575,15638,,,,,,,,,本科,,,,,
8167038,北京,本科批,物理,,XA4DF0B,专业组02,大连海事大学,9F2D,电子信息工程（中外合作办学）,中外合作办学,,,,,579,14812,,,,,,579,14812,,,,,,,,,本科,,,,,
8167039,北京,本科批,物理,,XA4DF0B,专业组04,大连海事大学,FBFE,物流管理,,,,,,586,13407,,,,,,586,13407,,,,,,,,,本科,,,,,
8167040,北京,本科批,物理,,XA4DF0B,专业组04,大连海事大学,16DF,金融工程,,,,,,590,12614,,,,,,590,12614,,,,,,,,,本科,,,,,
8167041,北京,本科批,物理,,XA4DF0B,专业组05,大连海事大学,3615,机械类,,,,,,594,11907,,,,,,594,11907,,,,,,,,,本科,,,,,
8167042,北京,本科批,物理,,XA4DF0B,专业组05,大连海事大学,F068,人工智能,,,,,,596,11548,,,,,,596,11548,,,,,,,,,本科,,,,,
8167043,北京,本科批,物理,,XA4DF0B,专业组05,大连海事大学,861C,电子信息类,,,,,,598,11157,,,,,,598,11157,,,,,,,,,本科,,,,,
8167044,北京,本科批,物理,,XA4DF0B,专业组05,大连海事大学,82E6,计算机类,,,,,,599,10980,,,,,,599,10980,,,,,,,,,本科,,,,,
8167045,北京,本科批,物理,,XA4DF0B,专业组03,大连海事大学,22DA,交通管理,,,,,,602,10383,,,,,,602,10383,,,,,,,,,本科,,,,,
8167046,北京,本科批,物理,,XA4DF0B,专业组03,大连海事大学,C29F,经济学类,,,,,,603,10213,,,,,,603,10213,,,,,,,,,本科,,,,,
8167047,北京,本科批,物理,,XA4DF0B,专业组01,大连海事大学,C682,法学（中外合作办学）,中外合作办学,,,,,617,7807,,,,,,617,7807,,,,,,,,,本科,,,,,
8167048,北京,本科批,物理,,XA4DF0B,专业组03,大连海事大学,927B,法学,,,,,,617,7807,,,,,,617,7807,,,,,,,,,本科,,,,,
8167835,北京,本科批,物理,,XFE3A39,专业组02,中国石油大学（华东）,DE8A,地质学,,,,,,581,14402,,,,,,581,14402,,,,,,,,,本科,,,,,
8167836,北京,本科批,物理,,XFE3A39,专业组02,中国石油大学（华东）,702F,地球物理学,,,,,,581,14402,,,,,,581,14402,,,,,,,,,本科,,,,,
8167837,北京,本科批,物理,,XFE3A39,专业组02,中国石油大学（华东）,EC95,勘查技术与工程,,,,,,581,14402,,,,,,581,14402,,,,,,,,,本科,,,,,
8167838,北京,本科批,物理,,XFE3A39,专业组02,中国石油大学（华东）,A687,光电信息科学与工程,,,,,,582,14198,,,,,,582,14198,,,,,,,,,本科,,,,,
8167839,北京,本科批,物理,,XFE3A39,专业组02,中国石油大学（华东）,3C38,软件工程,,,,,,582,14198,,,,,,582,14198,,,,,,,,,本科,,,,,
8167840,北京,本科批,物理,,XFE3A39,专业组02,中国石油大学（华东）,F068,人工智能,,,,,,583,14003,,,,,,583,14003,,,,,,,,,本科,,,,,
8167841,北京,本科批,物理,,XFE3A39,专业组02,中国石油大学（华东）,2749,数学类（含数学与应用数学、信息与计算科学）,含数学与应用数学、信息与计算科学,,,,,583,14003,,,,,,583,14003,,,,,,,,,本科,,,,,
8167842,北京,本科批,物理,,XFE3A39,专业组02,中国石油大学（华东）,12CD,油气储运工程,,,,,,583,14003,,,,,,583,14003,,,,,,,,,本科,,,,,
8167843,北京,本科批,物理,,XFE3A39,专业组02,中国石油大学（华东）,4C65,自动化,,,,,,586,13407,,,,,,586,13407,,,,,,,,,本科,,,,,
8167844,北京,本科批,物理,,XFE3A39,专业组02,中国石油大学（华东）,4D53,石油工程,,,,,,589,12794,,,,,,589,12794,,,,,,,,,本科,,,,,
8167845,北京,本科批,物理,,XFE3A39,专业组01,中国石油大学（华东）,ECBF,工商管理类（含会计学、市场营销）,含会计学、市场营销,,,,,603,10213,,,,,,603,10213,,,,,,,,,本科,,,,,
8168715,北京,本科批,物理,,X6D2916,专业组02,长沙理工大学,5E19,会计学,,,,,,551,20749,,,,,,551,20749,,,,,,,,,本科,,,,,
8168716,北京,本科批,物理,,X6D2916,专业组02,长沙理工大学,FB18,财务管理,,,,,,557,19422,,,,,,557,19422,,,,,,,,,本科,,,,,
8168717,北京,本科批,物理,,X6D2916,专业组03,长沙理工大学,C7AE,交通工程,,,,,,568,17101,,,,,,568,17101,,,,,,,,,本科,,,,,
8168718,北京,本科批,物理,,X6D2916,专业组03,长沙理工大学,F55B,交通运输,,,,,,575,15638,,,,,,575,15638,,,,,,,,,本科,,,,,
8168719,北京,本科批,物理,,X6D2916,专业组03,长沙理工大学,A5B7,电气工程及其自动化,,,,,,575,15638,,,,,,575,15638,,,,,,,,,本科,,,,,
8168720,北京,本科批,物理,,X6D2916,专业组01,长沙理工大学,8091,电气工程及其自动化（中外合作办学）,中外合作办学,,,,,580,14596,,,,,,580,14596,,,,,,,,,本科,,,,,
8169680,北京,本科批,物理,,X09B35C,专业组01,上海财经大学,6AB9,经济学,,,,,,636,4929,,,,,,636,4929,,,,,,,,,本科,,,,,
8169681,北京,本科批,物理,,X09B35C,专业组01,上海财经大学,C37E,商务英语（只招英语考生）,只招英语考生,,,,,636,4929,,,,,,636,4929,,,,,,,,,本科,,,,,
8169682,北京,本科批,物理,,X09B35C,专业组01,上海财经大学,9292,工商管理类（含工商管理（商务分析）、工商管理（战略与创新创业）、人力资源管理、市场营销）,含工商管理（商务分析; 战略与创新创业,,,,,636,4929,,,,,,636,4929,,,,,,,,,本科,,,,,
8169683,北京,本科批,物理,,X09B35C,专业组01,上海财经大学,AC9B,财政学类（含财政学、税收学）,含财政学、税收学,,,,,637,4789,,,,,,637,4789,,,,,,,,,本科,,,,,
8169684,北京,本科批,物理,,X09B35C,专业组01,上海财经大学,5CDA,财务管理（智能化）,智能化,,,,,637,4789,,,,,,637,4789,,,,,,,,,本科,,,,,
8169685,北京,本科批,物理,,X09B35C,专业组01,上海财经大学,5E19,会计学,,,,,,637,4789,,,,,,637,4789,,,,,,,,,本科,,,,,
8169686,北京,本科批,物理,,X09B35C,专业组01,上海财经大学,25DE,国际经济与贸易,,,,,,637,4789,,,,,,637,4789,,,,,,,,,本科,,,,,
8169687,北京,本科批,物理,,X09B35C,专业组01,上海财经大学,EA5A,法学（涉外法治实验班、财经法治卓越班）,涉外法治实验班、财经法治卓越班,,,,,638,4633,,,,,,638,4633,,,,,,,,,本科,,,,,
8169688,北京,本科批,物理,,X09B35C,专业组02,上海财经大学,1C92,数字经济,,,,,,639,4478,,,,,,639,4478,,,,,,,,,本科,,,,,
8169689,北京,本科批,物理,,X09B35C,专业组02,上海财经大学,1328,保险学（精算与大数据）,精算与大数据,,,,,640,4365,,,,,,640,4365,,,,,,,,,本科,,,,,
8169690,北京,本科批,物理,,X09B35C,专业组03,上海财经大学,3E04,数据科学与大数据技术（工学）,工学,,,,,641,4239,,,,,,641,4239,,,,,,,,,本科,,,,,
8169691,北京,本科批,物理,,X09B35C,专业组03,上海财经大学,2BD5,数学与应用数学（双学士学位、数学学院和经济学院培养）,双学士学位、数学学院和经济学院培养,,,,,641,4239,,,,,,641,4239,,,,,,,,,本科,,,,,
8169692,北京,本科批,物理,,X09B35C,专业组03,上海财经大学,CCDA,统计学类（含统计学（实验班）、经济统计学（金融统计与风险管理）、数据科学与大数据技术（理学）,含统计学（实验班; 金融统计与风险管理; 理学,,,,,641,4239,,,,,,641,4239,,,,,,,,,本科,,,,,
8169693,北京,本科批,物理,,X09B35C,专业组01,上海财经大学,9EC5,法学（双学士学位、法学和金融学）,双学士学位、法学和金融学,,,,,646,3611,,,,,,646,3611,,,,,,,,,本科,,,,,
8169694,北京,本科批,物理,,X09B35C,专业组01,上海财经大学,1A38,经济学（数量经济）,数量经济,,,,,646,3611,,,,,,646,3611,,,,,,,,,本科,,,,,
8169695,北京,本科批,物理,,X09B35C,专业组01,上海财经大学,B26C,金融学（双学士学位、金融学和统计学）,双学士学位、金融学和统计学,,,,,649,3267,,,,,,649,3267,,,,,,,,,本科,,,,,
8169696,北京,本科批,物理,,X09B35C,专业组01,上海财经大学,0FBC,金融学,,,,,,650,3176,,,,,,650,3176,,,,,,,,,本科,,,,,
8169697,北京,本科批,物理,,X09B35C,专业组01,上海财经大学,E193,会计学（ACCA）,ACCA,,,,,656,2592,,,,,,656,2592,,,,,,,,,本科,,,,,
8170369,北京,本科批,物理,,X00490B,专业组03,天津理工大学,33A1,应急技术与管理,,,,,,510,29984,,,,,,510,29984,,,,,,,,,本科,,,,,
8170370,北京,本科批,物理,,X00490B,专业组03,天津理工大学,F620,安全工程,,,,,,510,29984,,,,,,510,29984,,,,,,,,,本科,,,,,
8170371,北京,本科批,物理,,X00490B,专业组03,天津理工大学,7E23,环境工程,,,,,,510,29984,,,,,,510,29984,,,,,,,,,本科,,,,,
8170372,北京,本科批,物理,,X00490B,专业组03,天津理工大学,D06C,机械工程,,,,,,510,29984,,,,,,510,29984,,,,,,,,,本科,,,,,
8170373,北京,本科批,物理,,X00490B,专业组02,天津理工大学,6F56,工程管理,,,,,,523,26996,,,,,,523,26996,,,,,,,,,本科,,,,,
8170374,北京,本科批,物理,,X00490B,专业组02,天津理工大学,371D,工程造价,,,,,,523,26996,,,,,,523,26996,,,,,,,,,本科,,,,,
8170375,北京,本科批,物理,,X00490B,专业组01,天津理工大学,671C,日语,,,,,,524,26772,,,,,,524,26772,,,,,,,,,本科,,,,,
8171141,北京,本科批,物理,,XD4956D,专业组01,西北大学,A3C9,经济统计学（数据技术应用实验班）（办学地点:长安校区）,数据技术应用实验班; 办学地点:长安校区,,,,,613,8472,,,,,,613,8472,,,,,,,,,本科,,,,,
8171142,北京,本科批,物理,,XD4956D,专业组02,西北大学,D0F9,考古学（办学地点:长安校区）,办学地点:长安校区,,,,,644,3844,,,,,,644,3844,,,,,,,,,本科,,,,,
8171807,北京,本科批,物理,,X04B9AD,专业组01,安徽大学,D401,金融学（专业办学地点:蜀山校区）,专业办学地点:蜀山校区,,,,,596,11548,,,,,,596,11548,,,,,,,,,本科,,,,,
8171808,北京,本科批,物理,,X04B9AD,专业组02,安徽大学,7EC6,计算机科学与技术（专业办学地点:龙河校区）,专业办学地点:龙河校区,,,,,603,10213,,,,,,603,10213,,,,,,,,,本科,,,,,
8172479,北京,本科批,物理,,XFF08FC,专业组03,南京师范大学,85A6,环境科学与工程类（环境工程、环境科学）,环境工程、环境科学,,,,,593,12095,,,,,,593,12095,,,,,,,,,本科,,,,,
8172480,北京,本科批,物理,,XFF08FC,专业组03,南京师范大学,E2E1,生物工程,,,,,,602,10383,,,,,,602,10383,,,,,,,,,本科,,,,,
8172481,北京,本科批,物理,,XFF08FC,专业组01,南京师范大学,6D8F,公共管理类（公共事业管理、行政管理）,公共事业管理、行政管理,,,,,602,10383,,,,,,602,10383,,,,,,,,,本科,,,,,
8172482,北京,本科批,物理,,XFF08FC,专业组01,南京师范大学,5CC8,哲学,,,,,,604,10041,,,,,,604,10041,,,,,,,,,本科,,,,,
8172483,北京,本科批,物理,,XFF08FC,专业组01,南京师范大学,1D3C,应用心理学（师范、非师范、创新实验班）,师范、非师范、创新实验班,,,,,607,9499,,,,,,607,9499,,,,,,,,,本科,,,,,
8172484,北京,本科批,物理,,XFF08FC,专业组02,南京师范大学,E87A,地理科学类（地理科学（师范、创新实验班）、自然地理与资源环境、人文地理与城乡规划、地理信息科学 ）,地理科学（师范、创新实验班,,,,,620,7342,,,,,,620,7342,,,,,,,,,本科,,,,,
8173160,北京,本科批,物理,,X70DD86,专业组03,重庆医科大学,72BB,基础医学（五年）（（矫正视力双眼均达到4.8及以上，矫正度数双眼均不大于800度;不招色盲、色弱、单色识别能力异常;不招听力障碍;不招嗅觉障碍）,五年; （矫正视力双眼均达到4.8及以上，矫正度数双眼均不大于800度;不招色盲、色弱、单色识别能力异常;不招听力障碍;不招嗅觉障碍,,,,,545,22074,,,,,,545,22074,,,,,,,,,本科,,,,,
8173161,北京,本科批,物理,,X70DD86,专业组03,重庆医科大学,A38F,医学检验技术（矫正视力双眼均达到4.8及以上，矫正度数双眼均不大于800度;不招色盲、色弱、单色识别能力异常;不招听力障碍;不招嗅觉障碍）,矫正视力双眼均达到4.8及以上，矫正度数双眼均不大于800度;不招色盲、色弱、单色识别能力异常;不招听力障碍;不招嗅觉障碍,,,,,549,21198,,,,,,549,21198,,,,,,,,,本科,,,,,
8173162,北京,本科批,物理,,X70DD86,专业组03,重庆医科大学,B733,康复治疗学（矫正视力双眼均达到4.8及以上，矫正度数双眼均不大于800度;不招色盲、色弱、单色识别能力异常;不招听力障碍;不招嗅觉障碍）,矫正视力双眼均达到4.8及以上，矫正度数双眼均不大于800度;不招色盲、色弱、单色识别能力异常;不招听力障碍;不招嗅觉障碍,,,,,550,20990,,,,,,550,20990,,,,,,,,,本科,,,,,
8173163,北京,本科批,物理,,X70DD86,专业组03,重庆医科大学,52E1,临床药学（五年）（（矫正视力双眼均达到4.8及以上，矫正度数双眼均不大于800度;不招色盲、色弱、单色识别能力异常;不招听力障碍;不招嗅觉障碍）,五年; （矫正视力双眼均达到4.8及以上，矫正度数双眼均不大于800度;不招色盲、色弱、单色识别能力异常;不招听力障碍;不招嗅觉障碍,,,,,556,19659,,,,,,556,19659,,,,,,,,,本科,,,,,
8173164,北京,本科批,物理,,X70DD86,专业组03,重庆医科大学,166F,预防医学（五年）（（矫正视力双眼均达到4.8及以上，矫正度数双眼均不大于800度;不招色盲、色弱、单色识别能力异常;不招听力障碍;不招嗅觉障碍）,五年; （矫正视力双眼均达到4.8及以上，矫正度数双眼均不大于800度;不招色盲、色弱、单色识别能力异常;不招听力障碍;不招嗅觉障碍,,,,,570,16658,,,,,,570,16658,,,,,,,,,本科,,,,,
8173165,北京,本科批,物理,,X70DD86,专业组01,重庆医科大学,1078,临床医学（中外合作办学）（五年）（高收费项目，外语成绩不低于120分，课程以英语教学为主，非英语语种考生慎报）（矫正视力双眼均达到4.8及以上，矫正度数双眼均不大于800度;不招色盲、色弱、单色识别能力异常;不招听力障碍;不招嗅觉障碍）,中外合作办学; 五年; 高收费项目，外语成绩不低于120分，课程以英语教学为主，非英语语种考生慎报; 矫正视力双眼均达到4.8及以上，矫正度数双眼均不大于800度;不招色盲、色弱、单色识别能力异常;不招听力障碍;不招嗅觉障碍,,,,,591,12433,,,,,,591,12433,,,,,,,,,本科,,,,,
8173166,北京,本科批,物理,,X70DD86,专业组02,重庆医科大学,8998,医学影像学（五年）（（矫正视力双眼均达到4.8及以上，矫正度数双眼均不大于800度;不招色盲、色弱、单色识别能力异常;不招听力障碍;不招嗅觉障碍）,五年; （矫正视力双眼均达到4.8及以上，矫正度数双眼均不大于800度;不招色盲、色弱、单色识别能力异常;不招听力障碍;不招嗅觉障碍,,,,,593,12095,,,,,,593,12095,,,,,,,,,本科,,,,,
8173167,北京,本科批,物理,,X70DD86,专业组02,重庆医科大学,8D2E,儿科学（五年）（（矫正视力双眼均达到4.8及以上，矫正度数双眼均不大于800度;不招色盲、色弱、单色识别能力异常;不招听力障碍;不招嗅觉障碍）,五年; （矫正视力双眼均达到4.8及以上，矫正度数双眼均不大于800度;不招色盲、色弱、单色识别能力异常;不招听力障碍;不招嗅觉障碍,,,,,598,11157,,,,,,598,11157,,,,,,,,,本科,,,,,
8173168,北京,本科批,物理,,X70DD86,专业组02,重庆医科大学,C65B,麻醉学（五年）（（矫正视力双眼均达到4.8及以上，矫正度数双眼均不大于800度;不招色盲、色弱、单色识别能力异常;不招听力障碍;不招嗅觉障碍）,五年; （矫正视力双眼均达到4.8及以上，矫正度数双眼均不大于800度;不招色盲、色弱、单色识别能力异常;不招听力障碍;不招嗅觉障碍,,,,,600,10787,,,,,,600,10787,,,,,,,,,本科,,,,,
8173169,北京,本科批,物理,,X70DD86,专业组02,重庆医科大学,BD8D,精神医学（五年）（（矫正视力双眼均达到4.8及以上，矫正度数双眼均不大于800度;不招色盲、色弱、单色识别能力异常;不招听力障碍;不招嗅觉障碍）,五年; （矫正视力双眼均达到4.8及以上，矫正度数双眼均不大于800度;不招色盲、色弱、单色识别能力异常;不招听力障碍;不招嗅觉障碍,,,,,604,10041,,,,,,604,10041,,,,,,,,,本科,,,,,
8173170,北京,本科批,物理,,X70DD86,专业组02,重庆医科大学,5C2C,口腔医学（五年）（不招‘利手‘考生）（矫正视力双眼均达到4.8及以上，矫正度数双眼均不大于800度;不招色盲、色弱、单色识别能力异常;不招听力障碍;不招嗅觉障碍）,五年; 不招‘利手‘考生; 矫正视力双眼均达到4.8及以上，矫正度数双眼均不大于800度;不招色盲、色弱、单色识别能力异常;不招听力障碍;不招嗅觉障碍,,,,,604,10041,,,,,,604,10041,,,,,,,,,本科,,,,,
8173171,北京,本科批,物理,,X70DD86,专业组02,重庆医科大学,6D20,眼视光医学（五年）（（矫正视力双眼均达到4.8及以上，矫正度数双眼均不大于800度;不招色盲、色弱、单色识别能力异常;不招听力障碍;不招嗅觉障碍）,五年; （矫正视力双眼均达到4.8及以上，矫正度数双眼均不大于800度;不招色盲、色弱、单色识别能力异常;不招听力障碍;不招嗅觉障碍,,,,,604,10041,,,,,,604,10041,,,,,,,,,本科,,,,,
8173172,北京,本科批,物理,,X70DD86,专业组02,重庆医科大学,C0FD,临床医学（五年）（（矫正视力双眼均达到4.8及以上，矫正度数双眼均不大于800度;不招色盲、色弱、单色识别能力异常;不招听力障碍;不招嗅觉障碍）,五年; （矫正视力双眼均达到4.8及以上，矫正度数双眼均不大于800度;不招色盲、色弱、单色识别能力异常;不招听力障碍;不招嗅觉障碍,,,,,615,8152,,,,,,615,8152,,,,,,,,,本科,,,,,
8173173,北京,本科批,物理,,X70DD86,专业组02,重庆医科大学,13F3,临床医学（5+3一体化）（五年）（第一年在西南大学就读）（矫正视力双眼均达到4.8及以上，矫正度数双眼均不大于800度;不招色盲、色弱、单色识别能力异常;不招听力障碍;不招嗅觉障碍）,5+3一体化; 五年; 第一年在西南大学就读; 矫正视力双眼均达到4.8及以上，矫正度数双眼均不大于800度;不招色盲、色弱、单色识别能力异常;不招听力障碍;不招嗅觉障碍,,,,,619,7491,,,,,,619,7491,,,,,,,,,本科,,,,,
8174007,北京,本科批,物理,,XB8555F,专业组01,四川师范大学,4145,英语,,,,,,525,26546,,,,,,525,26546,,,,,,,,,本科,,,,,
8174008,北京,本科批,物理,,XB8555F,专业组02,四川师范大学,25FE,数学与应用数学,,,,,,553,20311,,,,,,553,20311,,,,,,,,,本科,,,,,
8174009,北京,本科批,物理,,XB8555F,专业组03,四川师范大学,D243,汉语言文学,,,,,,558,19195,,,,,,558,19195,,,,,,,,,本科,,,,,
8174839,北京,本科批,物理,,XC789DB,专业组01,集美大学,0FBC,金融学,,,,,,529,25630,,,,,,529,25630,,,,,,,,,本科,,,,,
8174840,北京,本科批,物理,,XC789DB,专业组01,集美大学,09EE,市场营销,,,,,,531,25202,,,,,,531,25202,,,,,,,,,本科,,,,,
8174841,北京,本科批,物理,,XC789DB,专业组01,集美大学,25DE,国际经济与贸易,,,,,,531,25202,,,,,,531,25202,,,,,,,,,本科,,,,,
8175587,北京,本科批,物理,,X3206E0,专业组01,广东工业大学,691A,工商管理类（含工商管理、市场营销、人力资源管理，第三学期专业分流）（办学地点:龙洞校区）,含工商管理、市场营销、人力资源管理，第三学期专业分流; 办学地点:龙洞校区,,,,,539,23365,,,,,,539,23365,,,,,,,,,本科,,,,,
8175588,北京,本科批,物理,,X3206E0,专业组02,广东工业大学,0D30,能源化学工程（不招色盲、色弱、单色识别能力异常）（专业办学地点:大学城校区）,不招色盲、色弱、单色识别能力异常; 专业办学地点:大学城校区,,,,,550,20990,,,,,,550,20990,,,,,,,,,本科,,,,,
8175589,北京,本科批,物理,,X3206E0,专业组02,广东工业大学,BA2C,材料类（含金属材料工程、高分子材料与工程、新能源材料与器件，不招色盲、色弱、单色识别能力异常，第三学期专业分流;材料类（创新班）在专业分流后选拔）（办学地点:大学城校区）,含金属材料工程、高分子材料与工程、新能源材料与器件，不招色盲、色弱、单色识别能力异常，第三学期专业分流;材料类（创新班; 办学地点:大学城校区,,,,,554,20086,,,,,,554,20086,,,,,,,,,本科,,,,,
8175590,北京,本科批,物理,,X3206E0,专业组02,广东工业大学,9EDC,能源动力类（含能源与动力工程、新能源科学与工程，第三学期专业分流）（办学地点:大学城校区）,含能源与动力工程、新能源科学与工程，第三学期专业分流; 办学地点:大学城校区,,,,,559,18983,,,,,,559,18983,,,,,,,,,本科,,,,,
8175591,北京,本科批,物理,,X3206E0,专业组02,广东工业大学,CFE7,机械设计制造及其自动化（办学地点:大学城校区）,办学地点:大学城校区,,,,,575,15638,,,,,,575,15638,,,,,,,,,本科,,,,,
8176249,北京,本科批,物理,,X0EC453,专业组02,河南师范大学,5683,化学（师范）,师范,,,,,498,32667,,,,,,498,32667,,,,,,,,,本科,,,,,
8176250,北京,本科批,物理,,X0EC453,专业组01,河南师范大学,B53C,汉语言文学（师范）,师范,,,,,544,22278,,,,,,544,22278,,,,,,,,,本科,,,,,
8176482,北京,本科批,物理,,X0BBF4F,专业组02,河南理工大学,4ECE,土木工程,,,,,,495,33354,,,,,,495,33354,,,,,,,,,本科,,,,,
8176483,北京,本科批,物理,,X0BBF4F,专业组02,河南理工大学,A5B7,电气工程及其自动化,,,,,,496,33127,,,,,,496,33127,,,,,,,,,本科,,,,,
8176484,北京,本科批,物理,,X0BBF4F,专业组01,河南理工大学,1A9F,工商管理类（含工商管理、人力资源管理）,含工商管理、人力资源管理,,,,,502,31794,,,,,,502,31794,,,,,,,,,本科,,,,,
8176485,北京,本科批,物理,,X0BBF4F,专业组01,河南理工大学,0FBC,金融学,,,,,,502,31794,,,,,,502,31794,,,,,,,,,本科,,,,,
8176486,北京,本科批,物理,,X0BBF4F,专业组02,河南理工大学,78FF,机械设计制造及其自动化,,,,,,514,29083,,,,,,514,29083,,,,,,,,,本科,,,,,
8177337,北京,本科批,物理,,X36A273,专业组01,西南政法大学,087B,海外利益安全（办学地点:渝北校区）,办学地点:渝北校区,,,,,624,6693,,,,,,624,6693,,,,,,,,,本科,,,,,
8177338,北京,本科批,物理,,X36A273,专业组01,西南政法大学,E760,法学（联合学士学位）（（法学+法语）双学士学位复合型人才培养项目，第1-3学期在四川外国语大学就读，第4-8学期在西南政法大学就读）（办学地点:渝北校区）,联合学士学位; （法学+法语; 办学地点:渝北校区,,,,,625,6546,,,,,,625,6546,,,,,,,,,本科,,,,,
8177339,北京,本科批,物理,,X36A273,专业组01,西南政法大学,AC91,法学（工管双学位）（（法学+工商管理）双学士学位复合型人才培养项目）（办学地点:渝北校区）,工管双学位; （法学+工商管理; 办学地点:渝北校区,,,,,625,6546,,,,,,625,6546,,,,,,,,,本科,,,,,
8177340,北京,本科批,物理,,X36A273,专业组01,西南政法大学,7EC0,法学（国贸双学位）（（法学+国际经济与贸易）双学士学位复合型人才培养项目）（办学地点:渝北校区）,国贸双学位; （法学+国际经济与贸易; 办学地点:渝北校区,,,,,625,6546,,,,,,625,6546,,,,,,,,,本科,,,,,
8177341,北京,本科批,物理,,X36A273,专业组01,西南政法大学,7DC3,法学（英语双学位）（（法学+英语）双学士学位复合型人才培养项目）（办学地点:渝北校区）,英语双学位; （法学+英语; 办学地点:渝北校区,,,,,626,6380,,,,,,626,6380,,,,,,,,,本科,,,,,
8177342,北京,本科批,物理,,X36A273,专业组01,西南政法大学,1B84,法学（金融学双学位）（（法学+金融学）双学士学位复合型人才培养项目）（办学地点:渝北校区）,金融学双学位; （法学+金融学; 办学地点:渝北校区,,,,,626,6380,,,,,,626,6380,,,,,,,,,本科,,,,,
8177343,北京,本科批,物理,,X36A273,专业组01,西南政法大学,3FB6,法学（办学地点:渝北校区）,办学地点:渝北校区,,,,,628,6085,,,,,,628,6085,,,,,,,,,本科,,,,,
8177815,北京,本科批,物理,,X50BC57,专业组01,中国农业大学,83BC,"农林经济管理（中外合作办学）（学费国内一年级8.8万元/（生/年）,二年级起9.5万元/（生/年）;出国学习阶段，合作院校将按留学生标准收取学费;详细信息请务必向国际学院咨询:010-62737793/4,http://icb.cau.edu.cn）",中外合作办学; 学费国内一年级8.8万元/（生/年; 生/年,,,,,611,8842,,,,,,611,8842,,,,,,,,,本科,,,,,
8177816,北京,本科批,物理,,X50BC57,专业组01,中国农业大学,1F6D,"传播学（中外合作办学）（学费国内一年级10万元/（生/年）,二年级起11.46万元/（生/年）;如出国学习，合作院校将按留学生标准收取学费;详细信息请务必向国际学院咨询:010-62737793/4,http://icb.cau.edu.cn）;如出国学习，合作院校将按留学生标准收取学费;详细信息请务必向国际学院咨询:010-62737793/4,http://icb.cau.edu.cn）",中外合作办学; 学费国内一年级10万元/（生/年; 生/年,,,,,612,8660,,,,,,612,8660,,,,,,,,,本科,,,,,
8177817,北京,本科批,物理,,X50BC57,专业组01,中国农业大学,6CCD,"国际经济与贸易（中外合作办学）（学费国内一年级10万元/（生/年）,二年级起11.46万元/（生/年）;如出国学习，合作院校将按留学生标准收取学费;详细信息请务必向国际学院咨询:010-62737793/4,http://icb.cau.edu.cn）;如出国学习，合作院校将按留学生标准收取学费;详细信息请务必向国际学院咨询:010-62737793/4,http://icb.cau.edu.cn）",中外合作办学; 学费国内一年级10万元/（生/年; 生/年,,,,,618,7651,,,,,,618,7651,,,,,,,,,本科,,,,,
8177818,北京,本科批,物理,,X50BC57,专业组03,中国农业大学,521F,环境科学与工程类（含应用气象学、生态学、资源环境科学、环境工程）,含应用气象学、生态学、资源环境科学、环境工程,,,,,635,5055,,,,,,635,5055,,,,,,,,,本科,,,,,
8177819,北京,本科批,物理,,X50BC57,专业组02,中国农业大学,54B5,英语（只招英语考生）,只招英语考生,,,,,635,5055,,,,,,635,5055,,,,,,,,,本科,,,,,
8177820,北京,本科批,物理,,X50BC57,专业组02,中国农业大学,9CA5,传播学,,,,,,635,5055,,,,,,635,5055,,,,,,,,,本科,,,,,
8177821,北京,本科批,物理,,X50BC57,专业组03,中国农业大学,EFB9,地理科学类（含地理信息科学、土地资源管理、土地科学与技术）,含地理信息科学、土地资源管理、土地科学与技术,,,,,635,5055,,,,,,635,5055,,,,,,,,,本科,,,,,
8177822,北京,本科批,物理,,X50BC57,专业组02,中国农业大学,D165,农村区域发展（专业下设国际发展等方向，第三学期分方向培养）,专业下设国际发展等方向，第三学期分方向培养,,,,,635,5055,,,,,,635,5055,,,,,,,,,本科,,,,,
8177823,北京,本科批,物理,,X50BC57,专业组03,中国农业大学,A351,农业工程类（含农业工程、农业机械化及其自动化、农业智能装备工程）,含农业工程、农业机械化及其自动化、农业智能装备工程,,,,,635,5055,,,,,,635,5055,,,,,,,,,本科,,,,,
8177824,北京,本科批,物理,,X50BC57,专业组03,中国农业大学,19D3,草业科学,,,,,,635,5055,,,,,,635,5055,,,,,,,,,本科,,,,,
8177825,北京,本科批,物理,,X50BC57,专业组03,中国农业大学,A769,水利类（含农业水利工程、水利水电工程、能源与动力工程、农业建筑环境与能源工程、土木工程）,含农业水利工程、水利水电工程、能源与动力工程、农业建筑环境与能源工程、土木工程,,,,,636,4929,,,,,,636,4929,,,,,,,,,本科,,,,,
8177826,北京,本科批,物理,,X50BC57,专业组02,中国农业大学,C817,工商管理类（含工商管理、会计学、大数据管理与应用）,含工商管理、会计学、大数据管理与应用,,,,,636,4929,,,,,,636,4929,,,,,,,,,本科,,,,,
8177827,北京,本科批,物理,,X50BC57,专业组02,中国农业大学,408C,社会学类（含社会学、社会政策）,含社会学、社会政策,,,,,636,4929,,,,,,636,4929,,,,,,,,,本科,,,,,
8177828,北京,本科批,物理,,X50BC57,专业组03,中国农业大学,7D08,动物医学类（五年）（含动物医学、中兽医学、兽医公共卫生）,五年; 含动物医学、中兽医学、兽医公共卫生,,,,,636,4929,,,,,,636,4929,,,,,,,,,本科,,,,,
8177829,北京,本科批,物理,,X50BC57,专业组03,中国农业大学,C5CB,园艺,,,,,,636,4929,,,,,,636,4929,,,,,,,,,本科,,,,,
8177830,北京,本科批,物理,,X50BC57,专业组03,中国农业大学,25BA,化学类（含化学、应用化学）,含化学、应用化学,,,,,637,4789,,,,,,637,4789,,,,,,,,,本科,,,,,
8177831,北京,本科批,物理,,X50BC57,专业组02,中国农业大学,B75D,经济学类（含国际经济与贸易、金融学、农林经济管理）,含国际经济与贸易、金融学、农林经济管理,,,,,637,4789,,,,,,637,4789,,,,,,,,,本科,,,,,
8177832,北京,本科批,物理,,X50BC57,专业组03,中国农业大学,99EA,动物科学,,,,,,637,4789,,,,,,637,4789,,,,,,,,,本科,,,,,
8177833,北京,本科批,物理,,X50BC57,专业组03,中国农业大学,D69E,机械类（含机械设计制造及其自动化、车辆工程、工业设计、机械电子工程）,含机械设计制造及其自动化、车辆工程、工业设计、机械电子工程,,,,,638,4633,,,,,,638,4633,,,,,,,,,本科,,,,,
8177834,北京,本科批,物理,,X50BC57,专业组03,中国农业大学,2638,植物保护,,,,,,638,4633,,,,,,638,4633,,,,,,,,,本科,,,,,
8178705,北京,本科批,物理,,XD7DF35,专业组02,东华大学,C81E,电子信息类（含电气工程及其自动化、自动化、通信工程、电子信息工程）（专业办学地点:松江校区）,含电气工程及其自动化、自动化、通信工程、电子信息工程; 专业办学地点:松江校区,,,,,604,10041,,,,,,604,10041,,,,,,,,,本科,,,,,
8178706,北京,本科批,物理,,XD7DF35,专业组02,东华大学,63FC,智能科学与技术（专业办学地点:松江校区）,专业办学地点:松江校区,,,,,604,10041,,,,,,604,10041,,,,,,,,,本科,,,,,
8178707,北京,本科批,物理,,XD7DF35,专业组02,东华大学,861A,材料类（含高分子材料与工程、无机非金属材料工程、复合材料与工程，“双一流”学科）（专业办学地点:松江校区）,含高分子材料与工程、无机非金属材料工程、复合材料与工程，“双一流”学科; 专业办学地点:松江校区,,,,,606,9678,,,,,,606,9678,,,,,,,,,本科,,,,,
8178708,北京,本科批,物理,,XD7DF35,专业组02,东华大学,FD98,人工智能（专业办学地点:松江校区）,专业办学地点:松江校区,,,,,609,9179,,,,,,609,9179,,,,,,,,,本科,,,,,
8178709,北京,本科批,物理,,XD7DF35,专业组01,东华大学,F68F,经济与贸易类（含国际经济与贸易、金融学）（专业办学地点:延安路校区）,含国际经济与贸易、金融学; 专业办学地点:延安路校区,,,,,610,9022,,,,,,610,9022,,,,,,,,,本科,,,,,
8178710,北京,本科批,物理,,XD7DF35,专业组02,东华大学,B4AD,计算机类（含软件工程、计算机科学与技术、信息安全）（专业办学地点:松江校区）,含软件工程、计算机科学与技术、信息安全; 专业办学地点:松江校区,,,,,610,9022,,,,,,610,9022,,,,,,,,,本科,,,,,
8178711,北京,本科批,物理,,XD7DF35,专业组01,东华大学,F565,经济管理试验班（含市场营销、财务管理、会计学、工商管理）（专业办学地点:延安路校区）,含市场营销、财务管理、会计学、工商管理; 专业办学地点:延安路校区,,,,,613,8472,,,,,,613,8472,,,,,,,,,本科,,,,,
8178712,北京,本科批,物理,,XD7DF35,专业组02,东华大学,87BE,"理科试验班类（含数据科学与大数据技术、智能制造工程、信息管理与信息系统、电子商务、软件工程、计算机科学与技术、信息安全、电气工程及其自动化、自动化、通信工程、电子信息工程、建筑环境与能源应用工程、能源与环境系统工程、机械工程、工业设计、数学与应用数学、统计学、应用物理学、光电信息科学与工程、人工智能、供应链管理、智能科学与技术、土木工程，隶属于“钱宝钧学院“,第一学年结束后按有关规定面向全校进行专业分流（特殊类型招生专业除外）（专业办学地点:松江校区）","含数据科学与大数据技术、智能制造工程、信息管理与信息系统、电子商务、软件工程、计算机科学与技术、信息安全、电气工程及其自动化、自动化、通信工程、电子信息工程、建筑环境与能源应用工程、能源与环境系统工程、机械工程、工业设计、数学与应用数学、统计学、应用物理学、光电信息科学与工程、人工智能、供应链管理、智能科学与技术、土木工程，隶属于“钱宝钧学院“,第一学年结束后按有关规定面向全校进行专业分流（特殊类型招生专业除外; 专业办学地点:松江校区",,,,,613,8472,,,,,,613,8472,,,,,,,,,本科,,,,,
8179535,北京,本科批,物理,,X8F4791,专业组01,重庆邮电大学,2F6C,计算机类（计算机与智能科学类）（含计算机科学与技术、智能科学与技术、数据科学与大数据技术、人工智能）（办学地点:大一大二在科学城校区，后续学年在南岸校区）,计算机与智能科学类; 含计算机科学与技术、智能科学与技术、数据科学与大数据技术、人工智能; 办学地点:大一大二在科学城校区，后续学年在南岸校区,,,,,590,12614,,,,,,590,12614,,,,,,,,,本科,,,,,
8179536,北京,本科批,物理,,X8F4791,专业组01,重庆邮电大学,828C,电子信息类（通信与信息类）（含通信工程、电子信息工程）（办学地点:大一大二在科学城校区，后续学年在南岸校区）,通信与信息类; 含通信工程、电子信息工程; 办学地点:大一大二在科学城校区，后续学年在南岸校区,,,,,593,12095,,,,,,593,12095,,,,,,,,,本科,,,,,
8180181,北京,本科批,物理,,X856A16,专业组01,华北理工大学,4BF3,护理学,,,,,,524,26772,,,,,,524,26772,,,,,,,,,本科,,,,,
8180182,北京,本科批,物理,,X856A16,专业组02,华北理工大学,4967,预防医学（五年）,五年,,,,,530,25414,,,,,,530,25414,,,,,,,,,本科,,,,,
8180183,北京,本科批,物理,,X856A16,专业组03,华北理工大学,CC9A,临床医学（五年）,五年,,,,,590,12614,,,,,,590,12614,,,,,,,,,本科,,,,,
8181004,北京,本科批,物理,,X4F8236,专业组04,中国人民大学,195A,政治学、经济学与哲学（PPE实验班）（教学涵盖哲学、政治学和经济学三个专业内容;国际交流:含牛津大学赫特福德学院院际学生交换项目、意大利帕多瓦大学学生交换项目，牛津大学、华威大学和曼彻斯特大学的短期访学项目）,PPE实验班; 教学涵盖哲学、政治学和经济学三个专业内容;国际交流:含牛津大学赫特福德学院院际学生交换项目、意大利帕多瓦大学学生交换项目，牛津大学、华威大学和曼彻斯特大学的短期访学项目,,,,,670,1420,,,,,,670,1420,,,,,,,,,本科,,,,,
8181005,北京,本科批,物理,,X4F8236,专业组04,中国人民大学,171C,国际政治（含政治学与行政学、国际政治、外交学;国际交流:含16国30余所海外名校学生交换项目（专项奖学金资助）、全球治理与国际组织高端人才培养项目、伦敦大学国王学院双硕士学位联合培养）,含政治学与行政学、国际政治、外交学;国际交流:含16国30余所海外名校学生交换项目（专项奖学金资助,,,,,670,1420,,,,,,670,1420,,,,,,,,,本科,,,,,
8181006,北京,本科批,物理,,X4F8236,专业组01,中国人民大学,CD19,社会学类（数字社会与数据治理双主学位项目）（含社会学、社会工作，社会学院和信息资源管理学院联合建设，毕业获法学、管理学双主学士学位）,数字社会与数据治理双主学位项目; 含社会学、社会工作，社会学院和信息资源管理学院联合建设，毕业获法学、管理学双主学士学位,,,,,671,1343,,,,,,671,1343,,,,,,,,,本科,,,,,
8181007,北京,本科批,物理,,X4F8236,专业组01,中国人民大学,764D,社会学类（社会经济或社会历史双主学位项目）（含社会学、社会工作，社会学院、经济学院和历史学院联合建设，毕业获法学、经济学或历史学（任选其一）双主学士学位）,社会经济或社会历史双主学位项目; 含社会学、社会工作，社会学院、经济学院和历史学院联合建设，毕业获法学、经济学或历史学（任选其一,,,,,671,1343,,,,,,671,1343,,,,,,,,,本科,,,,,
8181008,北京,本科批,物理,,X4F8236,专业组01,中国人民大学,31ED,金融学类（含金融学、保险学、信用管理、金融工程，特色培养项目:金融学-数据科学与大数据技术（工学）双主学位项目;国际交流:含剑桥大学本科生访学项目、康奈尔大学暑期学校，伊利诺伊大学香槟分校、明尼苏达双城大学、威斯康星大学麦迪逊分校、新加坡管理大学双硕士学位联合培养等）,含金融学、保险学、信用管理、金融工程，特色培养项目:金融学-数据科学与大数据技术（工学,,,,,671,1343,,,,,,671,1343,,,,,,,,,本科,,,,,
8181009,北京,本科批,物理,,X4F8236,专业组01,中国人民大学,42FE,工商管理类（数科与营销管理双主学位项目）（含市场营销，商学院与统计学院联合建设，毕业获管理学、理学双主学士学位）,数科与营销管理双主学位项目; 含市场营销，商学院与统计学院联合建设，毕业获管理学、理学双主学士学位,,,,,671,1343,,,,,,671,1343,,,,,,,,,本科,,,,,
8181010,北京,本科批,物理,,X4F8236,专业组01,中国人民大学,7CD5,新闻传播学类（含新闻学、广播电视学、广告学、传播学、国际新闻与传播，无时点专业选择;特色培养项目:法学-新闻学（保研率超70%）、传播学-公共管理、新媒体运营-数据管理3个双主学位项目，创意传播实验班;国际交流:与哥伦比亚大学、加州大学戴维斯分校等世界知名大学新闻院系是姊妹院校合作关系，境外交流奖学金资助全员覆盖）,含新闻学、广播电视学、广告学、传播学、国际新闻与传播，无时点专业选择;特色培养项目:法学-新闻学（保研率超70%,,,,,671,1343,,,,,,671,1343,,,,,,,,,本科,,,,,
8181011,北京,本科批,物理,,X4F8236,专业组01,中国人民大学,E9F6,经济学类（含经济学、国民经济管理、能源经济、国际经济与贸易、数字经济，无时点专业选择;特色培养项目:经济学-数学、应用经济-数据科学、应用经济-农村区域发展管理、经济学-社会学、经济学-历史学5个双主学位项目，经济学（中国特色经济学方向）拔尖班;国际交流:含威斯康星大学麦迪逊分校等联合培养项目）,含经济学、国民经济管理、能源经济、国际经济与贸易、数字经济，无时点专业选择;特色培养项目:经济学-数学、应用经济-数据科学、应用经济-农村区域发展管理、经济学-社会学、经济学-历史学5个双主学位项目，经济学（中国特色经济学方向,,,,,671,1343,,,,,,671,1343,,,,,,,,,本科,,,,,
8181012,北京,本科批,物理,,X4F8236,专业组01,中国人民大学,5094,"工商管理类（数智化，含双学位项目）（含工商管理、财务管理、会计学、市场营销、贸易经济、管理科学（商业数据分析方向）,其中贸易经济专业含国际商务方向，会计学专业含智能会计方向，无时点专业选择;特色培养项目:工商管理-法学、营销管理-数据科学2个双主学位项目;国际交流:含新加坡南洋理工大学、荷兰阿姆斯特丹大学、香港城市大学等校免学费交流项目）",数智化，含双学位项目; 含工商管理、财务管理、会计学、市场营销、贸易经济、管理科学（商业数据分析方向,,,,,671,1343,,,,,,671,1343,,,,,,,,,本科,,,,,
8181013,北京,本科批,物理,,X4F8236,专业组01,中国人民大学,B28F,社会科学试验班（管理学科类）（含资源与环境经济学、农林经济管理、农村区域发展、行政管理、城市管理、土地资源管理、信息资源管理、档案学、大数据管理与应用，特色培养项目:“经济学-科学”实验班、资源环境经济学-公共管理双主学位项目;国际交流:美国华盛顿大学、英国剑桥大学、德国慕尼黑工业大学、荷兰格罗宁根大学、日本一桥大学等院际学生交换项目）,管理学科类; 含资源与环境经济学、农林经济管理、农村区域发展、行政管理、城市管理、土地资源管理、信息资源管理、档案学、大数据管理与应用，特色培养项目:“经济学-科学”实验班、资源环境经济学-公共管理双主学位项目;国际交流:美国华盛顿大学、英国剑桥大学、德国慕尼黑工业大学、荷兰格罗宁根大学、日本一桥大学等院际学生交换项目,,,,,671,1343,,,,,,671,1343,,,,,,,,,本科,,,,,
8181014,北京,本科批,物理,,X4F8236,专业组01,中国人民大学,207C,社会学类（含社会学、社会工作，无时点专业选择;国际交流:含芝加哥大学、加州大学、密歇根大学等名校学生交换项目（专项奖学金支持）;含田野课堂项目、经济社会历史科学实验班（ESH）、“数字社会与数据治理”双主学位项目、“数字社会治理”未来领军人才专项直博生项目、“航笙优才培养项目”）,含社会学、社会工作，无时点专业选择;国际交流:含芝加哥大学、加州大学、密歇根大学等名校学生交换项目（专项奖学金支持; ESH,,,,,671,1343,,,,,,671,1343,,,,,,,,,本科,,,,,
8181015,北京,本科批,物理,,X4F8236,专业组01,中国人民大学,F610,人文科学试验班（含哲学、宗教学、伦理学、汉语言文学、汉语言、历史学、世界史、考古学、中国古典学、艺术管理，特色培养项目:古典学实验班，国学-古典学双主学位项目;国际交流:含日本东京大学互访研学项目、牛津大学赫特福德学院学生交换项目、比利时根特大学和美国夏威夷大学3+1+1联合培养项目等）,含哲学、宗教学、伦理学、汉语言文学、汉语言、历史学、世界史、考古学、中国古典学、艺术管理，特色培养项目:古典学实验班，国学-古典学双主学位项目;国际交流:含日本东京大学互访研学项目、牛津大学赫特福德学院学生交换项目、比利时根特大学和美国夏威夷大学3+1+1联合培养项目等,,,,,671,1343,,,,,,671,1343,,,,,,,,,本科,,,,,
8181016,北京,本科批,物理,,X4F8236,专业组01,中国人民大学,F388,工商管理（中意美三学位管理学本科项目）（由中国人民大学、路易斯大学、乔治华盛顿大学联合培养，三校入选该项目的学生大一分别在各自学校学习，大二到大四会合并共同依次在意大利路易斯大学、中国人民大学、美国乔治华盛顿大学学习。中国学生仅需缴纳中国人民大学四年学费。毕业后获三个本科学位。非英语语种考生慎重报考）,中意美三学位管理学本科项目; 由中国人民大学、路易斯大学、乔治华盛顿大学联合培养，三校入选该项目的学生大一分别在各自学校学习，大二到大四会合并共同依次在意大利路易斯大学、中国人民大学、美国乔治华盛顿大学学习。中国学生仅需缴纳中国人民大学四年学费。毕业后获三个本科学位。非英语语种考生慎重报考,,,,,671,1343,,,,,,671,1343,,,,,,,,,本科,,,,,
8181017,北京,本科批,物理,,X4F8236,专业组01,中国人民大学,1CAF,人力资源管理（经管交叉试验班，含法学与劳动治理实验班）（含人力资源管理、劳动关系、劳动与社会保障、劳动经济学，无时点专业选择;毕业时可获经济学或管理学学位;含全球劳动治理（法学-劳动关系）实验班）,经管交叉试验班，含法学与劳动治理实验班; 含人力资源管理、劳动关系、劳动与社会保障、劳动经济学，无时点专业选择;毕业时可获经济学或管理学学位;含全球劳动治理（法学-劳动关系,,,,,671,1343,,,,,,671,1343,,,,,,,,,本科,,,,,
8181018,北京,本科批,物理,,X4F8236,专业组01,中国人民大学,1775,财政学类（含财政学、税收学，国际交流:含剑桥大学本科生访学项目、康奈尔大学暑期学校，伊利诺伊大学香槟分校、明尼苏达双城大学、威斯康辛大学麦迪逊分校、杜伦大学、玛丽女王大学、歌德大学（法兰克福）、新加坡管理大学双硕士学位联合培养等）,含财政学、税收学，国际交流:含剑桥大学本科生访学项目、康奈尔大学暑期学校，伊利诺伊大学香槟分校、明尼苏达双城大学、威斯康辛大学麦迪逊分校、杜伦大学、玛丽女王大学、歌德大学（法兰克福,,,,,671,1343,,,,,,671,1343,,,,,,,,,本科,,,,,
8181019,北京,本科批,物理,,X4F8236,专业组01,中国人民大学,8F45,财政学（财政学与数学双主学位项目）（财政金融学院与数学学院联合建设，毕业获经济学、理学双主学士学位）,财政学与数学双主学位项目; 财政金融学院与数学学院联合建设，毕业获经济学、理学双主学士学位,,,,,671,1343,,,,,,671,1343,,,,,,,,,本科,,,,,
8181020,北京,本科批,物理,,X4F8236,专业组05,中国人民大学,6E0A,"数学类（英才班）（含数学与应用数学、数据计算及应用,无时点专业选择;特色培养项目:数学拔尖班,金融学-数学、经济学-数学2个双主学位项目）","英才班; 含数学与应用数学、数据计算及应用,无时点专业选择;特色培养项目:数学拔尖班,金融学-数学、经济学-数学2个双主学位项目",,,,,675,1077,,,,,,675,1077,,,,,,,,,本科,,,,,
8181021,北京,本科批,物理,,X4F8236,专业组05,中国人民大学,00BB,"人工智能（拔尖班）（全员拔尖,培养人工智能精英人才。学科实力和师资力量雄厚。高层次培养,高质量中英文课程。本科生科研领航计划,全员配备学术导师,多位本科生发表国际论文。实践资源丰富，5个省部级实验室和研究中心，3个校企联合实验室,20余个高端实践基地）","拔尖班; 全员拔尖,培养人工智能精英人才。学科实力和师资力量雄厚。高层次培养,高质量中英文课程。本科生科研领航计划,全员配备学术导师,多位本科生发表国际论文。实践资源丰富，5个省部级实验室和研究中心，3个校企联合实验室,20余个高端实践基地",,,,,675,1077,,,,,,675,1077,,,,,,,,,本科,,,,,
8181022,北京,本科批,物理,,X4F8236,专业组05,中国人民大学,7537,"数学类（金融学与数学双主学位项目）（含数学与应用数学,数学学院与财政金融学院联合建设,毕业获理学、经济学双主学士学位）","金融学与数学双主学位项目; 含数学与应用数学,数学学院与财政金融学院联合建设,毕业获理学、经济学双主学士学位",,,,,675,1077,,,,,,675,1077,,,,,,,,,本科,,,,,
8181023,北京,本科批,物理,,X4F8236,专业组05,中国人民大学,595F,"统计学类（含经济统计学、应用统计学、统计学、数据科学与大数据技术,特色培养项目:统计学（统计与数据科学）拔尖班,应用经济-数据科学（理学、经济学）、统计-公共管理（经济学、管理学）数据科学-营销管理（理学、管理学）3个双主学位项目;国际交流:含威斯康星大学统计学升学项目、爱荷华州立大学统计学博士推荐项目等）","含经济统计学、应用统计学、统计学、数据科学与大数据技术,特色培养项目:统计学（统计与数据科学; 理学、经济学; 经济学、管理学; 理学、管理学",,,,,675,1077,,,,,,675,1077,,,,,,,,,本科,,,,,
8181667,北京,本科批,物理,,X431968,专业组01,太原理工大学,E14C,应用物理学（办学地点:明向校区）,办学地点:明向校区,,,,,587,13194,,,,,,587,13194,,,,,,,,,本科,,,,,
8181668,北京,本科批,物理,,X431968,专业组01,太原理工大学,C7E4,金属材料工程（办学地点:虎峪校区）,办学地点:虎峪校区,,,,,587,13194,,,,,,587,13194,,,,,,,,,本科,,,,,
8181669,北京,本科批,物理,,X431968,专业组01,太原理工大学,F36C,自动化（办学地点:明向校区）,办学地点:明向校区,,,,,588,12980,,,,,,588,12980,,,,,,,,,本科,,,,,
8181670,北京,本科批,物理,,X431968,专业组01,太原理工大学,7DC7,机械设计制造及其自动化（办学地点:明向校区）,办学地点:明向校区,,,,,589,12794,,,,,,589,12794,,,,,,,,,本科,,,,,
8181671,北京,本科批,物理,,X431968,专业组01,太原理工大学,EB12,数据科学与大数据技术（办学地点:明向校区）,办学地点:明向校区,,,,,591,12433,,,,,,591,12433,,,,,,,,,本科,,,,,
8181672,北京,本科批,物理,,X431968,专业组01,太原理工大学,03F6,通信工程（办学地点:明向校区）,办学地点:明向校区,,,,,593,12095,,,,,,593,12095,,,,,,,,,本科,,,,,
8181673,北京,本科批,物理,,X431968,专业组01,太原理工大学,B8E5,电气工程及其自动化（办学地点:明向校区）,办学地点:明向校区,,,,,594,11907,,,,,,594,11907,,,,,,,,,本科,,,,,
8181674,北京,本科批,物理,,X431968,专业组01,太原理工大学,B760,计算机科学与技术（办学地点:明向校区）,办学地点:明向校区,,,,,596,11548,,,,,,596,11548,,,,,,,,,本科,,,,,
8182571,北京,本科批,物理,,X7984E7,专业组01,山东理工大学,26A7,车辆工程,,,,,,517,28417,,,,,,517,28417,,,,,,,,,本科,,,,,
8183322,北京,本科批,物理,,X12DC67,专业组01,杭州电子科技大学,4145,英语,,,,,,559,18983,,,,,,559,18983,,,,,,,,,本科,,,,,
8183323,北京,本科批,物理,,X12DC67,专业组01,杭州电子科技大学,F6E1,经济学类（含国际经济与贸易、经济学）,含国际经济与贸易、经济学,,,,,560,18792,,,,,,560,18792,,,,,,,,,本科,,,,,
8183324,北京,本科批,物理,,X12DC67,专业组01,杭州电子科技大学,5E19,会计学,,,,,,568,17101,,,,,,568,17101,,,,,,,,,本科,,,,,
8183325,北京,本科批,物理,,X12DC67,专业组02,杭州电子科技大学,8923,计算机类（含计算机科学与技术、软件工程）（以上专业办学地点:下沙校区）,含计算机科学与技术、软件工程; 以上专业办学地点:下沙校区,,,,,606,9678,,,,,,606,9678,,,,,,,,,本科,,,,,
8184082,北京,本科批,物理,,XDB2815,专业组01,上海理工大学,7AE7,工商管理（中外合作办学）（中美合作）,中外合作办学; 中美合作,,,,,578,15033,,,,,,578,15033,,,,,,,,,本科,,,,,
8184083,北京,本科批,物理,,XDB2815,专业组02,上海理工大学,2B42,电气工程及其自动化（中外合作办学）（中德合作）,中外合作办学; 中德合作,,,,,580,14596,,,,,,580,14596,,,,,,,,,本科,,,,,
8184084,北京,本科批,物理,,XDB2815,专业组02,上海理工大学,4466,光电信息科学与工程（中外合作办学）（中德合作）,中外合作办学; 中德合作,,,,,580,14596,,,,,,580,14596,,,,,,,,,本科,,,,,
8184085,北京,本科批,物理,,XDB2815,专业组04,上海理工大学,2808,工科试验班（智能化制造类）（含机械设计制造及其自动化、材料成型及控制工程、工业设计、过程装备与控制工程、车辆工程、材料科学与工程、能源与动力工程、新能源科学与工程、储能科学与工程、机器人工程、土木工程、建筑环境与能源应用工程、制药工程、交通工程、环境工程、生物医学工程、康复工程、食品科学与工程、食品质量与安全、应用化学、生物技术）,智能化制造类; 含机械设计制造及其自动化、材料成型及控制工程、工业设计、过程装备与控制工程、车辆工程、材料科学与工程、能源与动力工程、新能源科学与工程、储能科学与工程、机器人工程、土木工程、建筑环境与能源应用工程、制药工程、交通工程、环境工程、生物医学工程、康复工程、食品科学与工程、食品质量与安全、应用化学、生物技术,,,,,581,14402,,,,,,581,14402,,,,,,,,,本科,,,,,
8184086,北京,本科批,物理,,XDB2815,专业组03,上海理工大学,6222,经济管理试验班（含税收学、金融学、国际经济与贸易、会计学、公共事业管理）,含税收学、金融学、国际经济与贸易、会计学、公共事业管理,,,,,581,14402,,,,,,581,14402,,,,,,,,,本科,,,,,
8184087,北京,本科批,物理,,XDB2815,专业组01,上海理工大学,CDA0,国际经济与贸易（中外合作办学）（中德合作）,中外合作办学; 中德合作,,,,,585,13610,,,,,,585,13610,,,,,,,,,本科,,,,,
8184088,北京,本科批,物理,,XDB2815,专业组04,上海理工大学,C2FE,理科试验班（含数学与应用数学、应用物理学）,含数学与应用数学、应用物理学,,,,,587,13194,,,,,,587,13194,,,,,,,,,本科,,,,,
8184089,北京,本科批,物理,,XDB2815,专业组04,上海理工大学,C507,工科试验班（电子与信息类）（含测控技术与仪器、电气工程及其自动化、电子信息工程、电子科学与技术、通信工程、光电信息科学与工程、医学信息工程、人工智能、自动化、计算机科学与技术、智能科学与技术、数据科学与大数据技术、新媒体技术、医学影像技术、智能医学工程、系统科学与工程）,电子与信息类; 含测控技术与仪器、电气工程及其自动化、电子信息工程、电子科学与技术、通信工程、光电信息科学与工程、医学信息工程、人工智能、自动化、计算机科学与技术、智能科学与技术、数据科学与大数据技术、新媒体技术、医学影像技术、智能医学工程、系统科学与工程,,,,,587,13194,,,,,,587,13194,,,,,,,,,本科,,,,,
8184413,北京,本科批,物理,,XCF4C46,专业组01,重庆工商大学,49A0,财政学类（含财政学、税收学）（办学地点:江北校区）,含财政学、税收学; 办学地点:江北校区,,,,,525,26546,,,,,,525,26546,,,,,,,,,本科,,,,,
8185125,北京,本科批,物理,,X0DE5F7,专业组01,重庆理工大学,3950,国际经济与贸易（办学地点:两江校区）,办学地点:两江校区,,,,,516,28622,,,,,,516,28622,,,,,,,,,本科,,,,,
8185126,北京,本科批,物理,,X0DE5F7,专业组01,重庆理工大学,1D1A,工商管理（办学地点:两江校区）,办学地点:两江校区,,,,,517,28417,,,,,,517,28417,,,,,,,,,本科,,,,,
8185843,北京,本科批,物理,,X022059,专业组02,山东师范大学,B5AE,化学,,,,,,552,20524,,,,,,552,20524,,,,,,,,,本科,,,,,
8185844,北京,本科批,物理,,X022059,专业组01,山东师范大学,671C,日语,,,,,,565,17728,,,,,,565,17728,,,,,,,,,本科,,,,,
8185845,北京,本科批,物理,,X022059,专业组01,山东师范大学,1356,金融学类,,,,,,567,17299,,,,,,567,17299,,,,,,,,,本科,,,,,
8185846,北京,本科批,物理,,X022059,专业组01,山东师范大学,A615,汉语国际教育,,,,,,576,15428,,,,,,576,15428,,,,,,,,,本科,,,,,
8185847,北京,本科批,物理,,X022059,专业组01,山东师范大学,927B,法学,,,,,,582,14198,,,,,,582,14198,,,,,,,,,本科,,,,,
8185848,北京,本科批,物理,,X022059,专业组01,山东师范大学,B1EC,中国语言文学类,,,,,,599,10980,,,,,,599,10980,,,,,,,,,本科,,,,,
8186720,北京,本科批,物理,,XAFC6EE,专业组01,湘潭大学,927B,法学,,,,,,573,16069,,,,,,573,16069,,,,,,,,,本科,,,,,
8186721,北京,本科批,物理,,XAFC6EE,专业组01,湘潭大学,0FBC,金融学,,,,,,575,15638,,,,,,575,15638,,,,,,,,,本科,,,,,
8186722,北京,本科批,物理,,XAFC6EE,专业组01,湘潭大学,D243,汉语言文学,,,,,,575,15638,,,,,,575,15638,,,,,,,,,本科,,,,,
8186723,北京,本科批,物理,,XAFC6EE,专业组02,湘潭大学,D583,网络空间安全,,,,,,576,15428,,,,,,576,15428,,,,,,,,,本科,,,,,
8186724,北京,本科批,物理,,XAFC6EE,专业组02,湘潭大学,5669,数学类,,,,,,577,15224,,,,,,577,15224,,,,,,,,,本科,,,,,
8186725,北京,本科批,物理,,XAFC6EE,专业组02,湘潭大学,F068,人工智能,,,,,,581,14402,,,,,,581,14402,,,,,,,,,本科,,,,,
8187659,北京,本科批,物理,,XE69765,专业组02,青岛科技大学,23A5,机械工程（专业办学地点:崂山校区）,专业办学地点:崂山校区,,,,,526,26285,,,,,,526,26285,,,,,,,,,本科,,,,,
8187660,北京,本科批,物理,,XE69765,专业组01,青岛科技大学,9FB1,财务管理（专业办学地点:崂山校区）,专业办学地点:崂山校区,,,,,531,25202,,,,,,531,25202,,,,,,,,,本科,,,,,
8188371,北京,本科批,物理,,X7B6DC2,专业组04,陕西师范大学,11E3,心理学类,,,,,,584,13797,,,,,,584,13797,,,,,,,,,本科,,,,,
8188372,北京,本科批,物理,,X7B6DC2,专业组01,陕西师范大学,46AC,公共管理类,,,,,,598,11157,,,,,,598,11157,,,,,,,,,本科,,,,,
8188373,北京,本科批,物理,,X7B6DC2,专业组01,陕西师范大学,9301,新闻传播学类,,,,,,603,10213,,,,,,603,10213,,,,,,,,,本科,,,,,
8188374,北京,本科批,物理,,X7B6DC2,专业组03,陕西师范大学,5669,数学类,,,,,,607,9499,,,,,,607,9499,,,,,,,,,本科,,,,,
8188375,北京,本科批,物理,,X7B6DC2,专业组02,陕西师范大学,B1EC,中国语言文学类,,,,,,619,7491,,,,,,619,7491,,,,,,,,,本科,,,,,
8189361,北京,本科批,物理,,X73CAF5,专业组01,西华大学,6AB9,经济学,,,,,,517,28417,,,,,,517,28417,,,,,,,,,本科,,,,,
8189362,北京,本科批,物理,,X73CAF5,专业组01,西华大学,5E19,会计学,,,,,,519,27941,,,,,,519,27941,,,,,,,,,本科,,,,,
8189826,北京,本科批,物理,,X230FF7,专业组01,华南师范大学,3993,电子商务（办学地点:广州校区大学城校园）,办学地点:广州校区大学城校园,,,,,590,12614,,,,,,590,12614,,,,,,,,,本科,,,,,
8189827,北京,本科批,物理,,X230FF7,专业组01,华南师范大学,E306,经济学（办学地点:广州校区大学城校园）,办学地点:广州校区大学城校园,,,,,593,12095,,,,,,593,12095,,,,,,,,,本科,,,,,
8189828,北京,本科批,物理,,X230FF7,专业组01,华南师范大学,CB5A,传播学（办学地点:广州校区石牌校园）,办学地点:广州校区石牌校园,,,,,598,11157,,,,,,598,11157,,,,,,,,,本科,,,,,
8190210,北京,本科批,物理,,X39E232,专业组01,河南工业大学,437F,物联网工程（中外合作办学）（（专业办学地点:嵩山路校区）,中外合作办学; （专业办学地点:嵩山路校区,,,,,440,44020,,,,,,440,44020,,,,,,,,,本科,,,,,
8190211,北京,本科批,物理,,X39E232,专业组01,河南工业大学,44CA,食品科学与工程（中外合作办学）（（专业办学地点:莲花街校区）,中外合作办学; （专业办学地点:莲花街校区,,,,,453,41804,,,,,,453,41804,,,,,,,,,本科,,,,,
8190212,北京,本科批,物理,,X39E232,专业组01,河南工业大学,307D,生物技术（中外合作办学）（（专业办学地点:莲花街校区）,中外合作办学; （专业办学地点:莲花街校区,,,,,457,41072,,,,,,457,41072,,,,,,,,,本科,,,,,
8191177,北京,本科批,物理,,XBE048E,专业组01,昆明理工大学,6183,宝石及材料工艺学,,,,,,501,32011,,,,,,501,32011,,,,,,,,,本科,,,,,
8191178,北京,本科批,物理,,XBE048E,专业组01,昆明理工大学,D06C,机械工程,,,,,,514,29083,,,,,,514,29083,,,,,,,,,本科,,,,,
8192071,北京,本科批,物理,,X3A66C7,专业组02,河北工业大学,5E03,金融学（办学地点:天津校区）,办学地点:天津校区,,,,,584,13797,,,,,,584,13797,,,,,,,,,本科,,,,,
8192072,北京,本科批,物理,,X3A66C7,专业组01,河北工业大学,770E,机械设计制造及其自动化（中外合作办学）（河北工业大学亚利桑那工业学院招生专业，使用英语教学培养，培养模式为“4+0”（四年全部在国内），办学地点:天津校区）,中外合作办学; 河北工业大学亚利桑那工业学院招生专业，使用英语教学培养，培养模式为“4+0”（四年全部在国内,,,,,587,13194,,,,,,587,13194,,,,,,,,,本科,,,,,
8192073,北京,本科批,物理,,X3A66C7,专业组02,河北工业大学,6C85,高分子材料与工程（不招色盲、色弱、单色识别能力异常，办学地点:天津校区）,不招色盲、色弱、单色识别能力异常，办学地点:天津校区,,,,,588,12980,,,,,,588,12980,,,,,,,,,本科,,,,,
8192074,北京,本科批,物理,,X3A66C7,专业组02,河北工业大学,47B3,车辆工程（办学地点:天津校区）,办学地点:天津校区,,,,,589,12794,,,,,,589,12794,,,,,,,,,本科,,,,,
8192075,北京,本科批,物理,,X3A66C7,专业组02,河北工业大学,4B33,电气工程及其自动化（办学地点:天津校区）,办学地点:天津校区,,,,,597,11348,,,,,,597,11348,,,,,,,,,本科,,,,,
8192898,北京,本科批,物理,,X7D9C4B,专业组02,北京交通大学,AAED,环境工程（中外合作办学）（威海校区）,中外合作办学; 威海校区,,,,,610,9022,,,,,,610,9022,,,,,,,,,本科,,,,,
8192899,北京,本科批,物理,,X7D9C4B,专业组02,北京交通大学,4D72,信息管理与信息系统（中外合作办学）（威海校区）,中外合作办学; 威海校区,,,,,611,8842,,,,,,611,8842,,,,,,,,,本科,,,,,
8192900,北京,本科批,物理,,X7D9C4B,专业组01,北京交通大学,FC06,工商管理（中外合作办学）（威海校区）,中外合作办学; 威海校区,,,,,612,8660,,,,,,612,8660,,,,,,,,,本科,,,,,
8192901,北京,本科批,物理,,X7D9C4B,专业组02,北京交通大学,2DB4,通信工程（中外合作办学）（威海校区）,中外合作办学; 威海校区,,,,,614,8294,,,,,,614,8294,,,,,,,,,本科,,,,,
8192902,北京,本科批,物理,,X7D9C4B,专业组02,北京交通大学,7476,计算机科学与技术（中外合作办学）（威海校区）,中外合作办学; 威海校区,,,,,615,8152,,,,,,615,8152,,,,,,,,,本科,,,,,
8192903,北京,本科批,物理,,X7D9C4B,专业组01,北京交通大学,83B3,会计学（中外合作办学）（威海校区）,中外合作办学; 威海校区,,,,,618,7651,,,,,,618,7651,,,,,,,,,本科,,,,,
8192904,北京,本科批,物理,,X7D9C4B,专业组02,北京交通大学,2E61,纳米材料与技术（中外合作办学）,中外合作办学,,,,,625,6546,,,,,,625,6546,,,,,,,,,本科,,,,,
8192905,北京,本科批,物理,,X7D9C4B,专业组01,北京交通大学,336D,机械电子工程（中外合作办学）,中外合作办学,,,,,629,5925,,,,,,629,5925,,,,,,,,,本科,,,,,
8192906,北京,本科批,物理,,X7D9C4B,专业组03,北京交通大学,C51D,文科试验班类（经管学院工商类）,经管学院工商类,,,,,632,5467,,,,,,632,5467,,,,,,,,,本科,,,,,
8192907,北京,本科批,物理,,X7D9C4B,专业组03,北京交通大学,7F6D,建筑类（建筑与规划）,建筑与规划,,,,,633,5307,,,,,,633,5307,,,,,,,,,本科,,,,,
8192908,北京,本科批,物理,,X7D9C4B,专业组04,北京交通大学,CC64,经济管理试验班（经济类、管科类）,经济类、管科类,,,,,635,5055,,,,,,635,5055,,,,,,,,,本科,,,,,
8192909,北京,本科批,物理,,X7D9C4B,专业组03,北京交通大学,927B,法学,,,,,,638,4633,,,,,,638,4633,,,,,,,,,本科,,,,,
8192910,北京,本科批,物理,,X7D9C4B,专业组05,北京交通大学,8A31,机械类（智能制造与智能装备）,智能制造与智能装备,,,,,639,4478,,,,,,639,4478,,,,,,,,,本科,,,,,
8192911,北京,本科批,物理,,X7D9C4B,专业组05,北京交通大学,3C38,软件工程,,,,,,639,4478,,,,,,639,4478,,,,,,,,,本科,,,,,
8192912,北京,本科批,物理,,X7D9C4B,专业组05,北京交通大学,85BF,电气类,,,,,,639,4478,,,,,,639,4478,,,,,,,,,本科,,,,,
8192913,北京,本科批,物理,,X7D9C4B,专业组05,北京交通大学,0184,自动化类,,,,,,639,4478,,,,,,639,4478,,,,,,,,,本科,,,,,
8192914,北京,本科批,物理,,X7D9C4B,专业组05,北京交通大学,852C,交通运输类,,,,,,640,4365,,,,,,640,4365,,,,,,,,,本科,,,,,
8192915,北京,本科批,物理,,X7D9C4B,专业组05,北京交通大学,F6E1,理科试验班（智能光电与纳米技术）,智能光电与纳米技术,,,,,640,4365,,,,,,640,4365,,,,,,,,,本科,,,,,
8192916,北京,本科批,物理,,X7D9C4B,专业组05,北京交通大学,DAC1,理科试验班（数学与统计）,数学与统计,,,,,640,4365,,,,,,640,4365,,,,,,,,,本科,,,,,
8192917,北京,本科批,物理,,X7D9C4B,专业组05,北京交通大学,861C,电子信息类,,,,,,643,3980,,,,,,643,3980,,,,,,,,,本科,,,,,
8193794,北京,本科批,物理,,X8026F8,专业组01,南京工业大学,A1D7,历史建筑保护工程（专业办学地点:江浦校区）,专业办学地点:江浦校区,,,,,538,23607,,,,,,538,23607,,,,,,,,,本科,,,,,
8193795,北京,本科批,物理,,X8026F8,专业组01,南京工业大学,82F3,西班牙语（专业办学地点:江浦校区）,专业办学地点:江浦校区,,,,,539,23365,,,,,,539,23365,,,,,,,,,本科,,,,,
8193796,北京,本科批,物理,,X8026F8,专业组01,南京工业大学,F503,国际经济与贸易（专业办学地点:江浦校区）,专业办学地点:江浦校区,,,,,545,22074,,,,,,545,22074,,,,,,,,,本科,,,,,
8193797,北京,本科批,物理,,X8026F8,专业组01,南京工业大学,2544,金融学（专业办学地点:江浦校区）,专业办学地点:江浦校区,,,,,546,21881,,,,,,546,21881,,,,,,,,,本科,,,,,
8193798,北京,本科批,物理,,X8026F8,专业组02,南京工业大学,0368,生物工程（专业办学地点:江浦校区）,专业办学地点:江浦校区,,,,,554,20086,,,,,,554,20086,,,,,,,,,本科,,,,,
8193799,北京,本科批,物理,,X8026F8,专业组02,南京工业大学,00A2,职业卫生工程（与中国安全生产科学研究院联合培养）（（专业办学地点:江浦校区）,与中国安全生产科学研究院联合培养; （专业办学地点:江浦校区,,,,,554,20086,,,,,,554,20086,,,,,,,,,本科,,,,,
8193800,北京,本科批,物理,,X8026F8,专业组02,南京工业大学,0F7C,信息与计算科学（专业办学地点:江浦校区）,专业办学地点:江浦校区,,,,,555,19867,,,,,,555,19867,,,,,,,,,本科,,,,,
8193801,北京,本科批,物理,,X8026F8,专业组02,南京工业大学,1201,遥感科学与技术（专业办学地点:江浦校区）,专业办学地点:江浦校区,,,,,557,19422,,,,,,557,19422,,,,,,,,,本科,,,,,
8193802,北京,本科批,物理,,X8026F8,专业组02,南京工业大学,2C23,数据科学与大数据技术（专业办学地点:江浦校区）,专业办学地点:江浦校区,,,,,558,19195,,,,,,558,19195,,,,,,,,,本科,,,,,
8193803,北京,本科批,物理,,X8026F8,专业组02,南京工业大学,FF4B,计算机科学与技术（专业办学地点:江浦校区）,专业办学地点:江浦校区,,,,,558,19195,,,,,,558,19195,,,,,,,,,本科,,,,,
8193804,北京,本科批,物理,,X8026F8,专业组02,南京工业大学,CD5A,化学工程与工艺（专业办学地点:江浦校区）,专业办学地点:江浦校区,,,,,560,18792,,,,,,560,18792,,,,,,,,,本科,,,,,
8195270,北京,本科批,物理,,X19AF3B,专业组01,成都信息工程大学,27C9,会计学（办学地点:龙泉校区）,办学地点:龙泉校区,,,,,520,27728,,,,,,520,27728,,,,,,,,,本科,,,,,
8195271,北京,本科批,物理,,X19AF3B,专业组01,成都信息工程大学,8D45,人力资源管理（办学地点:龙泉校区）,办学地点:龙泉校区,,,,,520,27728,,,,,,520,27728,,,,,,,,,本科,,,,,
8195272,北京,本科批,物理,,X19AF3B,专业组02,成都信息工程大学,15E3,计算机科学与技术（办学地点:航空港校区）,办学地点:航空港校区,,,,,535,24276,,,,,,535,24276,,,,,,,,,本科,,,,,
8195273,北京,本科批,物理,,X19AF3B,专业组02,成都信息工程大学,007D,电子信息工程（办学地点:航空港校区）,办学地点:航空港校区,,,,,535,24276,,,,,,535,24276,,,,,,,,,本科,,,,,
8195274,北京,本科批,物理,,X19AF3B,专业组02,成都信息工程大学,3112,大气科学（办学地点:航空港校区）,办学地点:航空港校区,,,,,535,24276,,,,,,535,24276,,,,,,,,,本科,,,,,
8195947,北京,本科批,物理,,X4AD256,专业组02,北京师范大学,5988,"数学类（含数学与应用数学、物理学、系统科学与工程、数据科学与大数据技术、应用统计学、人工智能（创新实验班）,办学地点:珠海校区）",含数学与应用数学、物理学、系统科学与工程、数据科学与大数据技术、应用统计学、人工智能（创新实验班,,,,,635,5055,,,,,,635,5055,,,,,,,,,本科,,,,,
8195948,北京,本科批,物理,,X4AD256,专业组02,北京师范大学,42B7,"理科试验班（含地理科学、心理学、生物科学、化学,办学地点:珠海校区）","含地理科学、心理学、生物科学、化学,办学地点:珠海校区",,,,,635,5055,,,,,,635,5055,,,,,,,,,本科,,,,,
8195949,北京,本科批,物理,,X4AD256,专业组01,北京师范大学,D488,"社会科学试验班（含经济学，含经济学（数据科学方向）、金融科技,办学地点:珠海校区）",含经济学，含经济学（数据科学方向,,,,,639,4478,,,,,,639,4478,,,,,,,,,本科,,,,,
8195950,北京,本科批,物理,,X4AD256,专业组01,北京师范大学,8AF7,"人文科学试验班（含汉语言文学、英语、历史学,办学地点:珠海校区）","含汉语言文学、英语、历史学,办学地点:珠海校区",,,,,640,4365,,,,,,640,4365,,,,,,,,,本科,,,,,
8195951,北京,本科批,物理,,X4AD256,专业组02,北京师范大学,315A,"戏剧影视文学（入学后不能转为非艺术类专业，详见该校招生章程,文化课总成绩达到特殊类型招生控制分数线,办学地点:北京校区）","入学后不能转为非艺术类专业，详见该校招生章程,文化课总成绩达到特殊类型招生控制分数线,办学地点:北京校区",,,,,657,2491,,,,,,657,2491,,,,,,,,,本科,,,,,
8195952,北京,本科批,物理,,X4AD256,专业组05,北京师范大学,E0C8,化学（办学地点:北京校区）,办学地点:北京校区,,,,,658,2395,,,,,,658,2395,,,,,,,,,本科,,,,,
8195953,北京,本科批,物理,,X4AD256,专业组05,北京师范大学,E3AE,"环境科学与工程类（含环境工程、环境科学、环境生态工程,办学地点:北京校区）","含环境工程、环境科学、环境生态工程,办学地点:北京校区",,,,,658,2395,,,,,,658,2395,,,,,,,,,本科,,,,,
8195954,北京,本科批,物理,,X4AD256,专业组05,北京师范大学,21AA,"地理科学类（含自然地理与资源环境、人文地理与城乡规划、地理信息科学,办学地点:北京校区）","含自然地理与资源环境、人文地理与城乡规划、地理信息科学,办学地点:北京校区",,,,,658,2395,,,,,,658,2395,,,,,,,,,本科,,,,,
8195955,北京,本科批,物理,,X4AD256,专业组05,北京师范大学,F896,"物理学类（含物理学、天文学,办学地点:北京校区）","含物理学、天文学,办学地点:北京校区",,,,,658,2395,,,,,,658,2395,,,,,,,,,本科,,,,,
8195956,北京,本科批,物理,,X4AD256,专业组05,北京师范大学,B6B0,"生物科学类（含生物技术、生态学、生物科学,办学地点:北京校区）","含生物技术、生态学、生物科学,办学地点:北京校区",,,,,658,2395,,,,,,658,2395,,,,,,,,,本科,,,,,
8195957,北京,本科批,物理,,X4AD256,专业组05,北京师范大学,41BD,资源环境科学（办学地点:北京校区）,办学地点:北京校区,,,,,658,2395,,,,,,658,2395,,,,,,,,,本科,,,,,
8195958,北京,本科批,物理,,X4AD256,专业组03,北京师范大学,C026,金融科技（办学地点:北京校区）,办学地点:北京校区,,,,,659,2302,,,,,,659,2302,,,,,,,,,本科,,,,,
8195959,北京,本科批,物理,,X4AD256,专业组05,北京师范大学,E209,计算机科学与技术（办学地点:北京校区）,办学地点:北京校区,,,,,659,2302,,,,,,659,2302,,,,,,,,,本科,,,,,
8195960,北京,本科批,物理,,X4AD256,专业组05,北京师范大学,8F4C,人工智能（办学地点:北京校区）,办学地点:北京校区,,,,,659,2302,,,,,,659,2302,,,,,,,,,本科,,,,,
8195961,北京,本科批,物理,,X4AD256,专业组05,北京师范大学,A25F,地理科学（励耘实验班）（办学地点:北京校区）,励耘实验班; 办学地点:北京校区,,,,,660,2223,,,,,,660,2223,,,,,,,,,本科,,,,,
8195962,北京,本科批,物理,,X4AD256,专业组05,北京师范大学,D985,药学（协和药班）（办学地点:北京校区）,协和药班; 办学地点:北京校区,,,,,660,2223,,,,,,660,2223,,,,,,,,,本科,,,,,
8195963,北京,本科批,物理,,X4AD256,专业组05,北京师范大学,12F3,"心理学（含心理学、心理学（励耘实验班）,入校后按要求选拔部分学生进入励耘实验班,办学地点:北京校区）",含心理学、心理学（励耘实验班,,,,,660,2223,,,,,,660,2223,,,,,,,,,本科,,,,,
8195964,北京,本科批,物理,,X4AD256,专业组05,北京师范大学,A8BC,统计学（“经济学+统计学”双学士学位复合型人才培养项目）（办学地点:北京校区）,“经济学+统计学”双学士学位复合型人才培养项目; 办学地点:北京校区,,,,,660,2223,,,,,,660,2223,,,,,,,,,本科,,,,,
8195965,北京,本科批,物理,,X4AD256,专业组05,北京师范大学,7022,统计学（办学地点:北京校区）,办学地点:北京校区,,,,,660,2223,,,,,,660,2223,,,,,,,,,本科,,,,,
8195966,北京,本科批,物理,,X4AD256,专业组05,北京师范大学,FCA3,数学与应用数学（办学地点:北京校区）,办学地点:北京校区,,,,,661,2118,,,,,,661,2118,,,,,,,,,本科,,,,,
8196649,北京,本科批,物理,,X78CFD6,专业组01,福州大学,F068,人工智能,,,,,,598,11157,,,,,,598,11157,,,,,,,,,本科,,,,,
8196650,北京,本科批,物理,,X78CFD6,专业组01,福州大学,A5B7,电气工程及其自动化,,,,,,601,10585,,,,,,601,10585,,,,,,,,,本科,,,,,
8197442,北京,本科批,物理,,X6F7056,专业组03,北京工业大学,4464,材料类（实验班）（含材料科学与工程、纳米材料与技术、资源循环科学与工程、焊接技术与工程、新能源材料与器件，不招色盲、单色识别能力异常;不招色盲、色弱、单色识别能力异常;不招斜视、弱视）,实验班; 含材料科学与工程、纳米材料与技术、资源循环科学与工程、焊接技术与工程、新能源材料与器件，不招色盲、单色识别能力异常;不招色盲、色弱、单色识别能力异常;不招斜视、弱视,,,,,585,13610,,,,,,585,13610,,,,,,,,,本科,,,,,
8197443,北京,本科批,物理,,X6F7056,专业组05,北京工业大学,2046,金融学（中外合作办学）（外语成绩不低于110分;不招色盲、色弱、单色识别能力异常;不招斜视、弱视）,中外合作办学; 外语成绩不低于110分;不招色盲、色弱、单色识别能力异常;不招斜视、弱视,,,,,585,13610,,,,,,585,13610,,,,,,,,,本科,,,,,
8197444,北京,本科批,物理,,X6F7056,专业组03,北京工业大学,4264,土木类（含土木工程、给排水科学与工程、建筑环境与能源应用工程，不招色盲、单色识别能力异常;不招色盲、色弱、单色识别能力异常;不招斜视、弱视）,含土木工程、给排水科学与工程、建筑环境与能源应用工程，不招色盲、单色识别能力异常;不招色盲、色弱、单色识别能力异常;不招斜视、弱视,,,,,586,13407,,,,,,586,13407,,,,,,,,,本科,,,,,
8197445,北京,本科批,物理,,X6F7056,专业组03,北京工业大学,9AB5,交通运输类（实验班）（含交通工程、交通设备与控制工程，不招色盲、单色识别能力异常;不招色盲、色弱、单色识别能力异常;不招斜视、弱视）,实验班; 含交通工程、交通设备与控制工程，不招色盲、单色识别能力异常;不招色盲、色弱、单色识别能力异常;不招斜视、弱视,,,,,587,13194,,,,,,587,13194,,,,,,,,,本科,,,,,
8197446,北京,本科批,物理,,X6F7056,专业组03,北京工业大学,BD51,环境科学与工程类（含环境工程、环境科学，不招色盲、色弱、单色识别能力异常;不招色盲、色弱、单色识别能力异常;不招斜视、弱视）,含环境工程、环境科学，不招色盲、色弱、单色识别能力异常;不招色盲、色弱、单色识别能力异常;不招斜视、弱视,,,,,588,12980,,,,,,588,12980,,,,,,,,,本科,,,,,
8197447,北京,本科批,物理,,X6F7056,专业组03,北京工业大学,91CD,应用化学（不招色盲、色弱、单色识别能力异常;不招色盲、色弱、单色识别能力异常;不招斜视、弱视）,不招色盲、色弱、单色识别能力异常;不招色盲、色弱、单色识别能力异常;不招斜视、弱视,,,,,589,12794,,,,,,589,12794,,,,,,,,,本科,,,,,
8197448,北京,本科批,物理,,X6F7056,专业组03,北京工业大学,2E53,能源动力类（含能源与动力工程、新能源科学与工程;不招色盲、色弱、单色识别能力异常;不招斜视、弱视）,含能源与动力工程、新能源科学与工程;不招色盲、色弱、单色识别能力异常;不招斜视、弱视,,,,,591,12433,,,,,,591,12433,,,,,,,,,本科,,,,,
8197449,北京,本科批,物理,,X6F7056,专业组02,北京工业大学,E5D2,工商管理（不招色盲、色弱、单色识别能力异常;不招斜视、弱视）,不招色盲、色弱、单色识别能力异常;不招斜视、弱视,,,,,592,12263,,,,,,592,12263,,,,,,,,,本科,,,,,
8197450,北京,本科批,物理,,X6F7056,专业组02,北京工业大学,CF29,国际经济与贸易（不招色盲、色弱、单色识别能力异常;不招斜视、弱视）,不招色盲、色弱、单色识别能力异常;不招斜视、弱视,,,,,593,12095,,,,,,593,12095,,,,,,,,,本科,,,,,
8197451,北京,本科批,物理,,X6F7056,专业组03,北京工业大学,F609,机械类（含机械工程、智能制造工程;不招色盲、色弱、单色识别能力异常;不招斜视、弱视）,含机械工程、智能制造工程;不招色盲、色弱、单色识别能力异常;不招斜视、弱视,,,,,593,12095,,,,,,593,12095,,,,,,,,,本科,,,,,
8197452,北京,本科批,物理,,X6F7056,专业组06,北京工业大学,D100,物联网工程（中外合作办学）（外语成绩不低于110分;不招色盲、色弱、单色识别能力异常;不招斜视、弱视）,中外合作办学; 外语成绩不低于110分;不招色盲、色弱、单色识别能力异常;不招斜视、弱视,,,,,594,11907,,,,,,594,11907,,,,,,,,,本科,,,,,
8197453,北京,本科批,物理,,X6F7056,专业组06,北京工业大学,3D61,电子信息工程（中外合作办学）（外语成绩不低于110分;不招色盲、色弱、单色识别能力异常;不招斜视、弱视）,中外合作办学; 外语成绩不低于110分;不招色盲、色弱、单色识别能力异常;不招斜视、弱视,,,,,596,11548,,,,,,596,11548,,,,,,,,,本科,,,,,
8197454,北京,本科批,物理,,X6F7056,专业组02,北京工业大学,30E4,金融学（不招色盲、色弱、单色识别能力异常;不招斜视、弱视）,不招色盲、色弱、单色识别能力异常;不招斜视、弱视,,,,,596,11548,,,,,,596,11548,,,,,,,,,本科,,,,,
8197455,北京,本科批,物理,,X6F7056,专业组02,北京工业大学,8785,会计学（不招色盲、色弱、单色识别能力异常;不招斜视、弱视）,不招色盲、色弱、单色识别能力异常;不招斜视、弱视,,,,,596,11548,,,,,,596,11548,,,,,,,,,本科,,,,,
8197456,北京,本科批,物理,,X6F7056,专业组06,北京工业大学,1ECC,软件工程（中外合作办学）（外语成绩不低于110分;不招色盲、色弱、单色识别能力异常;不招斜视、弱视）,中外合作办学; 外语成绩不低于110分;不招色盲、色弱、单色识别能力异常;不招斜视、弱视,,,,,597,11348,,,,,,597,11348,,,,,,,,,本科,,,,,
8197457,北京,本科批,物理,,X6F7056,专业组02,北京工业大学,5004,经济统计学（不招色盲、色弱、单色识别能力异常;不招斜视、弱视）,不招色盲、色弱、单色识别能力异常;不招斜视、弱视,,,,,599,10980,,,,,,599,10980,,,,,,,,,本科,,,,,
8197458,北京,本科批,物理,,X6F7056,专业组04,北京工业大学,F8F4,生物技术（实验班）（不招色盲、单色识别能力异常）,实验班; 不招色盲、单色识别能力异常,,,,,600,10787,,,,,,600,10787,,,,,,,,,本科,,,,,
8197459,北京,本科批,物理,,X6F7056,专业组04,北京工业大学,34B4,智能建造（不招色盲、单色识别能力异常）,不招色盲、单色识别能力异常,,,,,600,10787,,,,,,600,10787,,,,,,,,,本科,,,,,
8197460,北京,本科批,物理,,X6F7056,专业组03,北京工业大学,9F2B,新能源科学与工程（新能源和环科双学士学位）（不招色盲、色弱、单色识别能力异常;不招色盲、色弱、单色识别能力异常;不招斜视、弱视）,新能源和环科双学士学位; 不招色盲、色弱、单色识别能力异常;不招色盲、色弱、单色识别能力异常;不招斜视、弱视,,,,,600,10787,,,,,,600,10787,,,,,,,,,本科,,,,,
8197461,北京,本科批,物理,,X6F7056,专业组04,北京工业大学,004B,城乡规划（五年）（不招色盲、色弱、单色识别能力异常）,五年; 不招色盲、色弱、单色识别能力异常,,,,,600,10787,,,,,,600,10787,,,,,,,,,本科,,,,,
8197779,北京,本科批,物理,,X76B1D3,专业组03,华北水利水电大学,F896,环境工程（10、34专业办学地点:江淮校区）,10、34专业办学地点:江淮校区,,,,,497,32907,,,,,,497,32907,,,,,,,,,本科,,,,,
8197780,北京,本科批,物理,,X76B1D3,专业组03,华北水利水电大学,E7FC,水务工程（20、30-32专业办学地点:龙子湖校区）,20、30-32专业办学地点:龙子湖校区,,,,,501,32011,,,,,,501,32011,,,,,,,,,本科,,,,,
8197781,北京,本科批,物理,,X76B1D3,专业组03,华北水利水电大学,7564,水利水电工程（20、30-32专业办学地点:龙子湖校区）,20、30-32专业办学地点:龙子湖校区,,,,,505,31121,,,,,,505,31121,,,,,,,,,本科,,,,,
8197782,北京,本科批,物理,,X76B1D3,专业组03,华北水利水电大学,1476,电气工程及其自动化（33专业办学地点:花园校区）,33专业办学地点:花园校区,,,,,507,30652,,,,,,507,30652,,,,,,,,,本科,,,,,
8197783,北京,本科批,物理,,X76B1D3,专业组01,华北水利水电大学,FE54,建筑类（五年）（含建筑学、城乡规划）（以上10、34专业办学地点:江淮校区）,五年; 含建筑学、城乡规划; 以上10、34专业办学地点:江淮校区,,,,,508,30404,,,,,,508,30404,,,,,,,,,本科,,,,,
8197784,北京,本科批,物理,,X76B1D3,专业组03,华北水利水电大学,5F9F,水文与水资源工程（20、30-32专业办学地点:龙子湖校区）,20、30-32专业办学地点:龙子湖校区,,,,,509,30177,,,,,,509,30177,,,,,,,,,本科,,,,,
8197785,北京,本科批,物理,,X76B1D3,专业组02,华北水利水电大学,456D,工程管理（20、30-32专业办学地点:龙子湖校区）,20、30-32专业办学地点:龙子湖校区,,,,,519,27941,,,,,,519,27941,,,,,,,,,本科,,,,,
8198442,北京,本科批,物理,,X65A8E4,专业组01,山东财经大学,E1FD,金融学（专业办学地点:圣井校区）,专业办学地点:圣井校区,,,,,552,20524,,,,,,552,20524,,,,,,,,,本科,,,,,
8198443,北京,本科批,物理,,X65A8E4,专业组01,山东财经大学,6650,国际经济发展合作（专业办学地点:圣井校区）,专业办学地点:圣井校区,,,,,555,19867,,,,,,555,19867,,,,,,,,,本科,,,,,
8198444,北京,本科批,物理,,X65A8E4,专业组01,山东财经大学,FAE8,会计学（专业办学地点:圣井校区）,专业办学地点:圣井校区,,,,,556,19659,,,,,,556,19659,,,,,,,,,本科,,,,,
8199278,北京,本科批,物理,,X07A755,专业组02,西南科技大学,5E49,食品科学与工程,,,,,,492,34007,,,,,,492,34007,,,,,,,,,本科,,,,,
8199279,北京,本科批,物理,,X07A755,专业组02,西南科技大学,3615,机械类,,,,,,496,33127,,,,,,496,33127,,,,,,,,,本科,,,,,
8199280,北京,本科批,物理,,X07A755,专业组02,西南科技大学,861C,电子信息类,,,,,,497,32907,,,,,,497,32907,,,,,,,,,本科,,,,,
8199281,北京,本科批,物理,,X07A755,专业组01,西南科技大学,D43F,西班牙语,,,,,,498,32667,,,,,,498,32667,,,,,,,,,本科,,,,,
8199282,北京,本科批,物理,,X07A755,专业组01,西南科技大学,EF7C,工商管理类,,,,,,500,32208,,,,,,500,32208,,,,,,,,,本科,,,,,
8199283,北京,本科批,物理,,X07A755,专业组02,西南科技大学,FF49,核工程类,,,,,,500,32208,,,,,,500,32208,,,,,,,,,本科,,,,,
8199284,北京,本科批,物理,,X07A755,专业组02,西南科技大学,82E6,计算机类,,,,,,505,31121,,,,,,505,31121,,,,,,,,,本科,,,,,
8199980,北京,本科批,物理,,XC9F767,专业组02,中国传媒大学,7C73,智能科学与技术（中外合作办学）,中外合作办学,,,,,585,13610,,,,,,585,13610,,,,,,,,,本科,,,,,
8199981,北京,本科批,物理,,XC9F767,专业组02,中国传媒大学,FACC,数字媒体技术（中外合作办学）,中外合作办学,,,,,586,13407,,,,,,586,13407,,,,,,,,,本科,,,,,
8199982,北京,本科批,物理,,XC9F767,专业组01,中国传媒大学,D622,传播学（中外合作办学）,中外合作办学,,,,,616,7980,,,,,,616,7980,,,,,,,,,本科,,,,,
8199983,北京,本科批,物理,,XC9F767,专业组05,中国传媒大学,71D3,广播电视工程（智能视听技术方向）,智能视听技术方向,,,,,618,7651,,,,,,618,7651,,,,,,,,,本科,,,,,
8199984,北京,本科批,物理,,XC9F767,专业组05,中国传媒大学,C4FC,智能装备与系统（演艺工程与智能技术方向）,演艺工程与智能技术方向,,,,,618,7651,,,,,,618,7651,,,,,,,,,本科,,,,,
8199985,北京,本科批,物理,,XC9F767,专业组03,中国传媒大学,9E5E,行政管理（媒介与数字公共治理方向）,媒介与数字公共治理方向,,,,,620,7342,,,,,,620,7342,,,,,,,,,本科,,,,,
8199986,北京,本科批,物理,,XC9F767,专业组05,中国传媒大学,F068,人工智能,,,,,,620,7342,,,,,,620,7342,,,,,,,,,本科,,,,,
8199987,北京,本科批,物理,,XC9F767,专业组03,中国传媒大学,2251,公共关系学,,,,,,620,7342,,,,,,620,7342,,,,,,,,,本科,,,,,
8199988,北京,本科批,物理,,XC9F767,专业组03,中国传媒大学,04A0,工商管理,,,,,,620,7342,,,,,,620,7342,,,,,,,,,本科,,,,,
8199989,北京,本科批,物理,,XC9F767,专业组03,中国传媒大学,5F0C,跨境电子商务,,,,,,621,7172,,,,,,621,7172,,,,,,,,,本科,,,,,
8199990,北京,本科批,物理,,XC9F767,专业组05,中国传媒大学,ECA4,通信工程,,,,,,621,7172,,,,,,621,7172,,,,,,,,,本科,,,,,
8199991,北京,本科批,物理,,XC9F767,专业组03,中国传媒大学,50C9,国际新闻与传播,,,,,,621,7172,,,,,,621,7172,,,,,,,,,本科,,,,,
8199992,北京,本科批,物理,,XC9F767,专业组05,中国传媒大学,41CF,数字媒体技术,,,,,,621,7172,,,,,,621,7172,,,,,,,,,本科,,,,,
8199993,北京,本科批,物理,,XC9F767,专业组03,中国传媒大学,7288,文化产业管理,,,,,,621,7172,,,,,,621,7172,,,,,,,,,本科,,,,,
8199994,北京,本科批,物理,,XC9F767,专业组04,中国传媒大学,6F0C,艺术管理,,,,,,622,7001,,,,,,622,7001,,,,,,,,,本科,,,,,
8199995,北京,本科批,物理,,XC9F767,专业组03,中国传媒大学,D9F6,编辑出版学（新媒体方向）,新媒体方向,,,,,622,7001,,,,,,622,7001,,,,,,,,,本科,,,,,
8199996,北京,本科批,物理,,XC9F767,专业组04,中国传媒大学,7018,广播电视编导（文艺编导方向）,文艺编导方向,,,,,622,7001,,,,,,622,7001,,,,,,,,,本科,,,,,
8199997,北京,本科批,物理,,XC9F767,专业组05,中国传媒大学,4718,数据科学与大数据技术,,,,,,622,7001,,,,,,622,7001,,,,,,,,,本科,,,,,
8199998,北京,本科批,物理,,XC9F767,专业组05,中国传媒大学,B9A5,计算机科学与技术,,,,,,622,7001,,,,,,622,7001,,,,,,,,,本科,,,,,
8199999,北京,本科批,物理,,XC9F767,专业组01,中国传媒大学,D7D5,广告学（中外合作办学）,中外合作办学,,,,,623,6848,,,,,,623,6848,,,,,,,,,本科,,,,,
8200788,北京,本科批,物理,,XC02FA4,专业组01,江苏大学,0FBC,金融学,,,,,,565,17728,,,,,,565,17728,,,,,,,,,本科,,,,,
8200789,北京,本科批,物理,,XC02FA4,专业组01,江苏大学,5E19,会计学,,,,,,568,17101,,,,,,568,17101,,,,,,,,,本科,,,,,
8200790,北京,本科批,物理,,XC02FA4,专业组02,江苏大学,26A7,车辆工程,,,,,,569,16863,,,,,,569,16863,,,,,,,,,本科,,,,,
8200791,北京,本科批,物理,,XC02FA4,专业组02,江苏大学,3557,能源与动力工程,,,,,,572,16267,,,,,,572,16267,,,,,,,,,本科,,,,,
8200792,北京,本科批,物理,,XC02FA4,专业组02,江苏大学,29F4,物联网工程,,,,,,572,16267,,,,,,572,16267,,,,,,,,,本科,,,,,
8200793,北京,本科批,物理,,XC02FA4,专业组02,江苏大学,2F41,能源与动力工程（与中国科学院工程热物理研究所联合培养）,与中国科学院工程热物理研究所联合培养,,,,,575,15638,,,,,,575,15638,,,,,,,,,本科,,,,,
8200794,北京,本科批,物理,,XC02FA4,专业组02,江苏大学,A5B7,电气工程及其自动化,,,,,,577,15224,,,,,,577,15224,,,,,,,,,本科,,,,,
8201695,北京,本科批,物理,,X38D83F,专业组04,天津师范大学,ECB5,计算机科学与技术（师范）,师范,,,,,530,25414,,,,,,530,25414,,,,,,,,,本科,,,,,
8201696,北京,本科批,物理,,X38D83F,专业组04,天津师范大学,CBB6,人工智能（师范）,师范,,,,,530,25414,,,,,,530,25414,,,,,,,,,本科,,,,,
8201697,北京,本科批,物理,,X38D83F,专业组04,天津师范大学,5683,化学（师范）,师范,,,,,537,23824,,,,,,537,23824,,,,,,,,,本科,,,,,
8201698,北京,本科批,物理,,X38D83F,专业组04,天津师范大学,0C82,物理学（师范）,师范,,,,,542,22695,,,,,,542,22695,,,,,,,,,本科,,,,,
8201699,北京,本科批,物理,,X38D83F,专业组04,天津师范大学,9268,数学与应用数学（师范）,师范,,,,,543,22476,,,,,,543,22476,,,,,,,,,本科,,,,,
8201700,北京,本科批,物理,,X38D83F,专业组04,天津师范大学,2C65,生物科学（师范）,师范,,,,,546,21881,,,,,,546,21881,,,,,,,,,本科,,,,,
8201701,北京,本科批,物理,,X38D83F,专业组02,天津师范大学,62BF,大数据管理与应用,,,,,,556,19659,,,,,,556,19659,,,,,,,,,本科,,,,,
8201702,北京,本科批,物理,,X38D83F,专业组01,天津师范大学,BB6B,英语（师范）,师范,,,,,572,16267,,,,,,572,16267,,,,,,,,,本科,,,,,
8201703,北京,本科批,物理,,X38D83F,专业组01,天津师范大学,4145,英语,,,,,,572,16267,,,,,,572,16267,,,,,,,,,本科,,,,,
8201704,北京,本科批,物理,,X38D83F,专业组01,天津师范大学,927B,法学,,,,,,574,15859,,,,,,574,15859,,,,,,,,,本科,,,,,
8201705,北京,本科批,物理,,X38D83F,专业组01,天津师范大学,B53C,汉语言文学（师范）,师范,,,,,578,15033,,,,,,578,15033,,,,,,,,,本科,,,,,
8201706,北京,本科批,物理,,X38D83F,专业组05,天津师范大学,F9EA,思想政治教育（师范）,师范,,,,,582,14198,,,,,,582,14198,,,,,,,,,本科,,,,,
8201707,北京,本科批,物理,,X38D83F,专业组03,天津师范大学,E449,政治学与行政学（博雅班）,博雅班,,,,,596,11548,,,,,,596,11548,,,,,,,,,本科,,,,,
8202585,北京,本科批,物理,,XF2FE31,专业组03,天津科技大学,76BB,翻译（只招英语考生，执行学分制收费，详见该校2024年招生章程，办学地点:滨海校区）,只招英语考生，执行学分制收费，详见该校2024年招生章程，办学地点:滨海校区,,,,,526,26285,,,,,,526,26285,,,,,,,,,本科,,,,,
8202586,北京,本科批,物理,,XF2FE31,专业组03,天津科技大学,1296,日语（执行学分制收费，详见该校2024年招生章程，公共外语为日语（零起点），办学地点:滨海校区）,执行学分制收费，详见该校2024年招生章程，公共外语为日语（零起点,,,,,526,26285,,,,,,526,26285,,,,,,,,,本科,,,,,
8202587,北京,本科批,物理,,XF2FE31,专业组03,天津科技大学,CE68,汉语国际教育（执行学分制收费，详见该校2024年招生章程，办学地点:河西校区）,执行学分制收费，详见该校2024年招生章程，办学地点:河西校区,,,,,527,26065,,,,,,527,26065,,,,,,,,,本科,,,,,
8202588,北京,本科批,物理,,XF2FE31,专业组02,天津科技大学,9332,计算机科学与技术（中外合作办学）（信息处理）（与日本京都信息大学院大学合作办学，公共外语为日语（零起点），办学地点:滨海校区）,中外合作办学; 信息处理; 与日本京都信息大学院大学合作办学，公共外语为日语（零起点,,,,,530,25414,,,,,,530,25414,,,,,,,,,本科,,,,,
8202589,北京,本科批,物理,,XF2FE31,专业组04,天津科技大学,463C,金融工程（执行学分制收费，详见该校2024年招生章程，办学地点:河西校区）,执行学分制收费，详见该校2024年招生章程，办学地点:河西校区,,,,,532,24976,,,,,,532,24976,,,,,,,,,本科,,,,,
8202590,北京,本科批,物理,,XF2FE31,专业组05,天津科技大学,D87E,食品质量与安全（执行学分制收费，详见该校2024年招生章程，办学地点:滨海校区）,执行学分制收费，详见该校2024年招生章程，办学地点:滨海校区,,,,,533,24746,,,,,,533,24746,,,,,,,,,本科,,,,,
8202591,北京,本科批,物理,,XF2FE31,专业组05,天津科技大学,30F6,食品科学与工程（执行学分制收费，详见该校2024年招生章程，办学地点:滨海校区）,执行学分制收费，详见该校2024年招生章程，办学地点:滨海校区,,,,,534,24493,,,,,,534,24493,,,,,,,,,本科,,,,,
8202592,北京,本科批,物理,,XF2FE31,专业组05,天津科技大学,8242,物联网工程（执行学分制收费，详见该校2024年招生章程，办学地点:滨海校区）,执行学分制收费，详见该校2024年招生章程，办学地点:滨海校区,,,,,535,24276,,,,,,535,24276,,,,,,,,,本科,,,,,
8202593,北京,本科批,物理,,XF2FE31,专业组05,天津科技大学,D67A,生物工程（执行学分制收费，详见该校2024年招生章程，办学地点:滨海校区）,执行学分制收费，详见该校2024年招生章程，办学地点:滨海校区,,,,,536,24052,,,,,,536,24052,,,,,,,,,本科,,,,,
8202594,北京,本科批,物理,,XF2FE31,专业组04,天津科技大学,005F,大数据管理与应用（执行学分制收费，详见该校2024年招生章程，办学地点:河西校区）,执行学分制收费，详见该校2024年招生章程，办学地点:河西校区,,,,,536,24052,,,,,,536,24052,,,,,,,,,本科,,,,,
8202595,北京,本科批,物理,,XF2FE31,专业组03,天津科技大学,E034,法学类（含法学、知识产权，执行学分制收费，详见该校2024年招生章程，办学地点:河西校区）,含法学、知识产权，执行学分制收费，详见该校2024年招生章程，办学地点:河西校区,,,,,538,23607,,,,,,538,23607,,,,,,,,,本科,,,,,
8202596,北京,本科批,物理,,XF2FE31,专业组01,天津科技大学,DDF8,财务管理（中外合作办学）（与澳大利亚南十字星大学合作办学，办学地点:河西校区）,中外合作办学; 与澳大利亚南十字星大学合作办学，办学地点:河西校区,,,,,540,23122,,,,,,540,23122,,,,,,,,,本科,,,,,
8202597,北京,本科批,物理,,XF2FE31,专业组05,天津科技大学,FA5B,数字媒体技术（执行学分制收费，详见该校2024年招生章程，办学地点:滨海校区）,执行学分制收费，详见该校2024年招生章程，办学地点:滨海校区,,,,,547,21659,,,,,,547,21659,,,,,,,,,本科,,,,,
8202598,北京,本科批,物理,,XF2FE31,专业组05,天津科技大学,1AAB,机器人工程（执行学分制收费，详见该校2024年招生章程，办学地点:滨海校区）,执行学分制收费，详见该校2024年招生章程，办学地点:滨海校区,,,,,548,21433,,,,,,548,21433,,,,,,,,,本科,,,,,
8202599,北京,本科批,物理,,XF2FE31,专业组05,天津科技大学,680E,自动化（执行学分制收费，详见该校2024年招生章程，办学地点:滨海校区）,执行学分制收费，详见该校2024年招生章程，办学地点:滨海校区,,,,,549,21198,,,,,,549,21198,,,,,,,,,本科,,,,,
8202600,北京,本科批,物理,,XF2FE31,专业组03,天津科技大学,D6B9,国际经济与贸易（执行学分制收费，详见该校2024年招生章程，办学地点:河西校区）,执行学分制收费，详见该校2024年招生章程，办学地点:河西校区,,,,,560,18792,,,,,,560,18792,,,,,,,,,本科,,,,,
8203526,北京,本科批,物理,,XEE2AAD,专业组01,南京邮电大学,B001,信息安全,,,,,,610,8843,,,,,,610,8843,,,,,,,,,本科,,,,,
8203527,北京,本科批,物理,,XEE2AAD,专业组01,南京邮电大学,ECA4,通信工程,,,,,,613,8295,,,,,,613,8295,,,,,,,,,本科,,,,,
8203528,北京,本科批,物理,,XEE2AAD,专业组01,南京邮电大学,93E3,电子信息工程,,,,,,616,7808,,,,,,616,7808,,,,,,,,,本科,,,,,
8204746,北京,本科批,物理,,X6EE50B,专业组05,湖南师范大学,2B1D,物理学类（含物理学、应用物理学，含世承书院周光召班）,含物理学、应用物理学，含世承书院周光召班,,,,,572,16267,,,,,,572,16267,,,,,,,,,本科,,,,,
8204747,北京,本科批,物理,,X6EE50B,专业组05,湖南师范大学,ECA4,通信工程,,,,,,573,16069,,,,,,573,16069,,,,,,,,,本科,,,,,
8204748,北京,本科批,物理,,X6EE50B,专业组05,湖南师范大学,92A2,化学（师范）（含世承书院浩青班）,师范; 含世承书院浩青班,,,,,574,15859,,,,,,574,15859,,,,,,,,,本科,,,,,
8204749,北京,本科批,物理,,X6EE50B,专业组05,湖南师范大学,EF01,生物科学类（含生物科学、生物技术，含世承书院国家生命科学与技术人才培养基地班）,含生物科学、生物技术，含世承书院国家生命科学与技术人才培养基地班,,,,,574,15859,,,,,,574,15859,,,,,,,,,本科,,,,,
8204750,北京,本科批,物理,,X6EE50B,专业组05,湖南师范大学,9268,数学与应用数学（师范）,师范,,,,,580,14596,,,,,,580,14596,,,,,,,,,本科,,,,,
8204751,北京,本科批,物理,,X6EE50B,专业组01,湖南师范大学,36B2,旅游管理类（含旅游管理、酒店管理、会展经济与管理）,含旅游管理、酒店管理、会展经济与管理,,,,,587,13194,,,,,,587,13194,,,,,,,,,本科,,,,,
8204752,北京,本科批,物理,,X6EE50B,专业组02,湖南师范大学,D0E1,政治学与行政学,,,,,,589,12794,,,,,,589,12794,,,,,,,,,本科,,,,,
8204753,北京,本科批,物理,,X6EE50B,专业组01,湖南师范大学,047F,外国语言文学类（含英语、俄语、德语、法语、西班牙语、阿拉伯语、日语、朝鲜语、葡萄牙语、翻译，含世承书院鍾书班）,含英语、俄语、德语、法语、西班牙语、阿拉伯语、日语、朝鲜语、葡萄牙语、翻译，含世承书院鍾书班,,,,,590,12614,,,,,,590,12614,,,,,,,,,本科,,,,,
8204754,北京,本科批,物理,,X6EE50B,专业组04,湖南师范大学,D4CC,地理科学（师范）,师范,,,,,592,12263,,,,,,592,12263,,,,,,,,,本科,,,,,
8204755,北京,本科批,物理,,X6EE50B,专业组04,湖南师范大学,FA23,地理信息科学,,,,,,594,11907,,,,,,594,11907,,,,,,,,,本科,,,,,
8204756,北京,本科批,物理,,X6EE50B,专业组03,湖南师范大学,DF93,历史学（师范）,师范,,,,,596,11548,,,,,,596,11548,,,,,,,,,本科,,,,,
8204757,北京,本科批,物理,,X6EE50B,专业组02,湖南师范大学,F9EA,思想政治教育（师范）,师范,,,,,596,11548,,,,,,596,11548,,,,,,,,,本科,,,,,
8204758,北京,本科批,物理,,X6EE50B,专业组03,湖南师范大学,5B7B,汉语言文学（师范）（含世承书院中国语言文学基地班）,师范; 含世承书院中国语言文学基地班,,,,,599,10980,,,,,,599,10980,,,,,,,,,本科,,,,,
8204759,北京,本科批,物理,,X6EE50B,专业组01,湖南师范大学,927B,法学,,,,,,601,10585,,,,,,601,10585,,,,,,,,,本科,,,,,
8205638,北京,本科批,物理,,XE1310A,专业组01,中国地质大学（武汉）,D0E9,地下水科学与工程（中外合作办学）（不招色盲、色弱、单色识别能力异常）,中外合作办学; 不招色盲、色弱、单色识别能力异常,,,,,572,16267,,,,,,572,16267,,,,,,,,,本科,,,,,
8205639,北京,本科批,物理,,XE1310A,专业组01,中国地质大学（武汉）,B4CC,计算机科学与技术（中外合作办学）（大数据）（不招色盲、色弱、单色识别能力异常）,中外合作办学; 大数据; 不招色盲、色弱、单色识别能力异常,,,,,573,16069,,,,,,573,16069,,,,,,,,,本科,,,,,
8205640,北京,本科批,物理,,XE1310A,专业组03,中国地质大学（武汉）,4899,地质学类（含地质学、地球化学，不招色盲、色弱、单色识别能力异常）,含地质学、地球化学，不招色盲、色弱、单色识别能力异常,,,,,576,15428,,,,,,576,15428,,,,,,,,,本科,,,,,
8205641,北京,本科批,物理,,XE1310A,专业组03,中国地质大学（武汉）,4DAF,地质学类（国家拔尖计划，国家理科基地班）（含地质学，不招色盲、色弱、单色识别能力异常）,国家拔尖计划，国家理科基地班; 含地质学，不招色盲、色弱、单色识别能力异常,,,,,577,15224,,,,,,577,15224,,,,,,,,,本科,,,,,
8205642,北京,本科批,物理,,XE1310A,专业组03,中国地质大学（武汉）,1C33,大气科学（不招色盲、色弱、单色识别能力异常）,不招色盲、色弱、单色识别能力异常,,,,,577,15224,,,,,,577,15224,,,,,,,,,本科,,,,,
8205643,北京,本科批,物理,,XE1310A,专业组03,中国地质大学（武汉）,1BA3,石油工程（不招色盲、色弱、单色识别能力异常）,不招色盲、色弱、单色识别能力异常,,,,,577,15224,,,,,,577,15224,,,,,,,,,本科,,,,,
8205644,北京,本科批,物理,,XE1310A,专业组03,中国地质大学（武汉）,5659,地质类（资源能源）（含资源勘查工程，不招色盲、色弱、单色识别能力异常）,资源能源; 含资源勘查工程，不招色盲、色弱、单色识别能力异常,,,,,577,15224,,,,,,577,15224,,,,,,,,,本科,,,,,
8205645,北京,本科批,物理,,XE1310A,专业组03,中国地质大学（武汉）,4FF7,宝石及材料工艺学（不招色盲、色弱、单色识别能力异常）,不招色盲、色弱、单色识别能力异常,,,,,577,15224,,,,,,577,15224,,,,,,,,,本科,,,,,
8205646,北京,本科批,物理,,XE1310A,专业组03,中国地质大学（武汉）,3A9F,计算机类（含计算机科学与技术、软件工程、信息安全、智能科学与技术、空间信息与数字技术、数据科学与大数据技术，软件工程专业不招色盲、色弱、单色识别能力异常）,含计算机科学与技术、软件工程、信息安全、智能科学与技术、空间信息与数字技术、数据科学与大数据技术，软件工程专业不招色盲、色弱、单色识别能力异常,,,,,578,15033,,,,,,578,15033,,,,,,,,,本科,,,,,
8205647,北京,本科批,物理,,XE1310A,专业组03,中国地质大学（武汉）,72AB,材料类（含材料科学与工程、材料化学，不招色盲、色弱、单色识别能力异常）,含材料科学与工程、材料化学，不招色盲、色弱、单色识别能力异常,,,,,578,15033,,,,,,578,15033,,,,,,,,,本科,,,,,
8205648,北京,本科批,物理,,XE1310A,专业组03,中国地质大学（武汉）,DB87,测绘类（测绘与信息类）（含测绘工程、遥感科学与技术、地理空间信息工程，不招色盲、色弱、单色识别能力异常）,测绘与信息类; 含测绘工程、遥感科学与技术、地理空间信息工程，不招色盲、色弱、单色识别能力异常,,,,,580,14596,,,,,,580,14596,,,,,,,,,本科,,,,,
8205649,北京,本科批,物理,,XE1310A,专业组03,中国地质大学（武汉）,FBC0,机械类（含机械设计制造及其自动化）,含机械设计制造及其自动化,,,,,580,14596,,,,,,580,14596,,,,,,,,,本科,,,,,
8205650,北京,本科批,物理,,XE1310A,专业组03,中国地质大学（武汉）,28B2,地球物理学（国家拔尖计划）（不招色盲、色弱、单色识别能力异常）,国家拔尖计划; 不招色盲、色弱、单色识别能力异常,,,,,582,14198,,,,,,582,14198,,,,,,,,,本科,,,,,
8205651,北京,本科批,物理,,XE1310A,专业组03,中国地质大学（武汉）,5AE5,管理科学与工程类（含信息管理与信息系统、工程管理）,含信息管理与信息系统、工程管理,,,,,582,14198,,,,,,582,14198,,,,,,,,,本科,,,,,
8205652,北京,本科批,物理,,XE1310A,专业组03,中国地质大学（武汉）,9EBF,资源环境大数据工程（不招色盲、色弱、单色识别能力异常）,不招色盲、色弱、单色识别能力异常,,,,,584,13797,,,,,,584,13797,,,,,,,,,本科,,,,,
8205653,北京,本科批,物理,,XE1310A,专业组03,中国地质大学（武汉）,802A,物理学,,,,,,586,13407,,,,,,586,13407,,,,,,,,,本科,,,,,
8205654,北京,本科批,物理,,XE1310A,专业组02,中国地质大学（武汉）,4145,英语,,,,,,597,11348,,,,,,597,11348,,,,,,,,,本科,,,,,
8205655,北京,本科批,物理,,XE1310A,专业组02,中国地质大学（武汉）,DB75,广播电视学,,,,,,598,11157,,,,,,598,11157,,,,,,,,,本科,,,,,
8205656,北京,本科批,物理,,XE1310A,专业组02,中国地质大学（武汉）,16F2,工商管理类（含工商管理（双语教学班）、市场营销、会计学、旅游管理）,含工商管理（双语教学班,,,,,599,10980,,,,,,599,10980,,,,,,,,,本科,,,,,
8205657,北京,本科批,物理,,XE1310A,专业组02,中国地质大学（武汉）,C0CD,经济学类（含经济学、国际经济与贸易）,含经济学、国际经济与贸易,,,,,600,10787,,,,,,600,10787,,,,,,,,,本科,,,,,
8206562,北京,本科批,物理,,X811419,专业组01,中央财经大学,70C4,国际经济与贸易（中外合作办学）（国际贸易、金融风险管理）（办学地点:按学校两校区建设规划和办学实际确定）,中外合作办学; 国际贸易、金融风险管理; 办学地点:按学校两校区建设规划和办学实际确定,,,,,631,5623,,,,,,631,5623,,,,,,,,,本科,,,,,
8206563,北京,本科批,物理,,X811419,专业组02,中央财经大学,29FA,"经济与贸易类（含国际经济与贸易、国际经济与贸易（国际贸易、应统双学位项目）、国际商务、贸易经济,办学地点:按学校两校区建设规划和办学实际确定）",含国际经济与贸易、国际经济与贸易（国际贸易、应统双学位项目,,,,,641,4239,,,,,,641,4239,,,,,,,,,本科,,,,,
8206564,北京,本科批,物理,,X811419,专业组02,中央财经大学,953C,"经济学类（含经济学、国民经济管理,办学地点:按学校两校区建设规划和办学实际确定）","含经济学、国民经济管理,办学地点:按学校两校区建设规划和办学实际确定",,,,,641,4239,,,,,,641,4239,,,,,,,,,本科,,,,,
8206565,北京,本科批,物理,,X811419,专业组02,中央财经大学,085E,财政学（财政理论与政策）（办学地点:按学校两校区建设规划和办学实际确定）,财政理论与政策; 办学地点:按学校两校区建设规划和办学实际确定,,,,,641,4239,,,,,,641,4239,,,,,,,,,本科,,,,,
8206566,北京,本科批,物理,,X811419,专业组02,中央财经大学,6B92,"财政学类（含财政学、税收学、资产评估、财政学（财政基础理论基地班）、税收学（全球税收治理菁英班,办学地点:按学校两校区建设规划和办学实际确定）","含财政学、税收学、资产评估、财政学（财政基础理论基地班; 全球税收治理菁英班,办学地点:按学校两校区建设规划和办学实际确定",,,,,641,4239,,,,,,641,4239,,,,,,,,,本科,,,,,
8206567,北京,本科批,物理,,X811419,专业组02,中央财经大学,2D51,法学（卓越法治人才教育培养计划）（办学地点:按学校两校区建设规划和办学实际确定）,卓越法治人才教育培养计划; 办学地点:按学校两校区建设规划和办学实际确定,,,,,641,4239,,,,,,641,4239,,,,,,,,,本科,,,,,
8206568,北京,本科批,物理,,X811419,专业组02,中央财经大学,B1C2,金融学（国际金融与公司理财）（办学地点:按学校两校区建设规划和办学实际确定）,国际金融与公司理财; 办学地点:按学校两校区建设规划和办学实际确定,,,,,642,4108,,,,,,642,4108,,,,,,,,,本科,,,,,
8206569,北京,本科批,物理,,X811419,专业组02,中央财经大学,2EF2,经济学（数理经济与数理金融）（办学地点:按学校两校区建设规划和办学实际确定）,数理经济与数理金融; 办学地点:按学校两校区建设规划和办学实际确定,,,,,642,4108,,,,,,642,4108,,,,,,,,,本科,,,,,
8206570,北京,本科批,物理,,X811419,专业组03,中央财经大学,DC6F,投资学（办学地点:按学校两校区建设规划和办学实际确定）,办学地点:按学校两校区建设规划和办学实际确定,,,,,643,3980,,,,,,643,3980,,,,,,,,,本科,,,,,
8206571,北京,本科批,物理,,X811419,专业组02,中央财经大学,FF47,"工商管理类（商学院）（含工商管理、市场营销（大数据营销）、人力资源管理、供应链管理、供应链管理（供应链、经统双学位项目,办学地点:按学校两校区建设规划和办学实际确定）","商学院; 含工商管理、市场营销（大数据营销; 供应链、经统双学位项目,办学地点:按学校两校区建设规划和办学实际确定",,,,,643,3980,,,,,,643,3980,,,,,,,,,本科,,,,,
8206572,北京,本科批,物理,,X811419,专业组03,中央财经大学,74E3,精算学（办学地点:按学校两校区建设规划和办学实际确定）,办学地点:按学校两校区建设规划和办学实际确定,,,,,643,3980,,,,,,643,3980,,,,,,,,,本科,,,,,
8206573,北京,本科批,物理,,X811419,专业组02,中央财经大学,8B69,"工商管理类（会计学院）（含会计学、财务管理,办学地点:按学校两校区建设规划和办学实际确定）","会计学院; 含会计学、财务管理,办学地点:按学校两校区建设规划和办学实际确定",,,,,644,3844,,,,,,644,3844,,,,,,,,,本科,,,,,
8206574,北京,本科批,物理,,X811419,专业组03,中央财经大学,665E,保险学（办学地点:按学校两校区建设规划和办学实际确定）,办学地点:按学校两校区建设规划和办学实际确定,,,,,644,3844,,,,,,644,3844,,,,,,,,,本科,,,,,
8206575,北京,本科批,物理,,X811419,专业组03,中央财经大学,810A,大数据管理与应用（许国志大数据英才班）（办学地点:按学校两校区建设规划和办学实际确定）,许国志大数据英才班; 办学地点:按学校两校区建设规划和办学实际确定,,,,,645,3726,,,,,,645,3726,,,,,,,,,本科,,,,,
8206576,北京,本科批,物理,,X811419,专业组03,中央财经大学,336E,"金融学类（含金融工程、金融科技,办学地点:按学校两校区建设规划和办学实际确定）","含金融工程、金融科技,办学地点:按学校两校区建设规划和办学实际确定",,,,,647,3504,,,,,,647,3504,,,,,,,,,本科,,,,,
8206577,北京,本科批,物理,,X811419,专业组02,中央财经大学,823E,税收学（北理工智能、税收联培项目）（办学地点:按学校两校区建设规划和办学实际确定）,北理工智能、税收联培项目; 办学地点:按学校两校区建设规划和办学实际确定,,,,,650,3176,,,,,,650,3176,,,,,,,,,本科,,,,,
8206578,北京,本科批,物理,,X811419,专业组03,中央财经大学,A5B2,保险学（北理工智能、保险联培项目）（办学地点:按学校两校区建设规划和办学实际确定）,北理工智能、保险联培项目; 办学地点:按学校两校区建设规划和办学实际确定,,,,,650,3176,,,,,,650,3176,,,,,,,,,本科,,,,,
8206579,北京,本科批,物理,,X811419,专业组02,中央财经大学,4A85,金融学（金融学、金融学北京外国语大学英语专业联培）（办学地点:按学校两校区建设规划和办学实际确定）,金融学、金融学北京外国语大学英语专业联培; 办学地点:按学校两校区建设规划和办学实际确定,,,,,652,2976,,,,,,652,2976,,,,,,,,,本科,,,,,
8206580,北京,本科批,物理,,X811419,专业组03,中央财经大学,1ECE,金融科技（北航计算机联培项目）（办学地点:按学校两校区建设规划和办学实际确定）,北航计算机联培项目; 办学地点:按学校两校区建设规划和办学实际确定,,,,,660,2223,,,,,,660,2223,,,,,,,,,本科,,,,,
8207360,北京,本科批,物理,,X75EECB,专业组01,中国人民解放军国防科技大学,29CE,计算机科学与技术（天河拔尖班）（无军籍，只招英语考生;学校只招收普通高中应届毕业生，要求政治面貌为中共党员或共青团员）,天河拔尖班; 无军籍，只招英语考生;学校只招收普通高中应届毕业生，要求政治面貌为中共党员或共青团员,,,,,643,3980,,,,,,643,3980,,,,,,,,,本科,,,,,
8207361,北京,本科批,物理,,X75EECB,专业组01,中国人民解放军国防科技大学,E815,自动化类（含自动化无人机、机器人工程、人工智能无军籍，只招英语考生;学校只招收普通高中应届毕业生，要求政治面貌为中共党员或共青团员）,含自动化无人机、机器人工程、人工智能无军籍，只招英语考生;学校只招收普通高中应届毕业生，要求政治面貌为中共党员或共青团员,,,,,643,3980,,,,,,643,3980,,,,,,,,,本科,,,,,
8207362,北京,本科批,物理,,X75EECB,专业组01,中国人民解放军国防科技大学,83F4,"航空航天类（含航空航天工程、飞行器动力工程、材料科学与工程,无军籍，只招英语考生;学校只招收普通高中应届毕业生，要求政治面貌为中共党员或共青团员）","含航空航天工程、飞行器动力工程、材料科学与工程,无军籍，只招英语考生;学校只招收普通高中应届毕业生，要求政治面貌为中共党员或共青团员",,,,,643,3980,,,,,,643,3980,,,,,,,,,本科,,,,,
8207363,北京,本科批,物理,,X75EECB,专业组01,中国人民解放军国防科技大学,F52B,计算机类（含计算机科学与技术（计算机系统）、计算机科学与技术（并行计算）、计算机科学与技术（大数据）、软件工程、网络工程、信息安全无军籍，只招英语考生;学校只招收普通高中应届毕业生，要求政治面貌为中共党员或共青团员）,含计算机科学与技术（计算机系统; 并行计算; 大数据,,,,,643,3980,,,,,,643,3980,,,,,,,,,本科,,,,,
8207364,北京,本科批,物理,,X75EECB,专业组01,中国人民解放军国防科技大学,9D48,理论与应用力学（航天力学拔尖班）（无军籍，只招英语考生;学校只招收普通高中应届毕业生，要求政治面貌为中共党员或共青团员）,航天力学拔尖班; 无军籍，只招英语考生;学校只招收普通高中应届毕业生，要求政治面貌为中共党员或共青团员,,,,,643,3980,,,,,,643,3980,,,,,,,,,本科,,,,,
8207365,北京,本科批,物理,,X75EECB,专业组01,中国人民解放军国防科技大学,510A,大气科学类（含大气科学、气象技术与工程无军籍，只招英语考生;学校只招收普通高中应届毕业生，要求政治面貌为中共党员或共青团员）,含大气科学、气象技术与工程无军籍，只招英语考生;学校只招收普通高中应届毕业生，要求政治面貌为中共党员或共青团员,,,,,643,3980,,,,,,643,3980,,,,,,,,,本科,,,,,
8207366,北京,本科批,物理,,X75EECB,专业组01,中国人民解放军国防科技大学,3E7D,电子信息类（含电子信息工程、电子科学与技术、通信工程、微电子科学与工程、信息工程、集成电路设计与集成系统、光电信息科学与工程无军籍，只招英语考生;学校只招收普通高中应届毕业生，要求政治面貌为中共党员或共青团员）,含电子信息工程、电子科学与技术、通信工程、微电子科学与工程、信息工程、集成电路设计与集成系统、光电信息科学与工程无军籍，只招英语考生;学校只招收普通高中应届毕业生，要求政治面貌为中共党员或共青团员,,,,,643,3980,,,,,,643,3980,,,,,,,,,本科,,,,,
8207598,北京,本科批,物理,,XF6A996,专业组02,宁波大学,9600,工商管理（中加学分互认）（前两年在宁大学习期间，按一般专业缴纳学费;后两年在加拿大学习期间，除缴纳宁大学费外，还需按对方学校收费标准缴纳学费，外语成绩不低于110分）,中加学分互认; 前两年在宁大学习期间，按一般专业缴纳学费;后两年在加拿大学习期间，除缴纳宁大学费外，还需按对方学校收费标准缴纳学费，外语成绩不低于110分,,,,,567,17299,,,,,,567,17299,,,,,,,,,本科,,,,,
8207599,北京,本科批,物理,,XF6A996,专业组03,宁波大学,3AA1,英语（外语成绩不低于115分）,外语成绩不低于115分,,,,,567,17299,,,,,,567,17299,,,,,,,,,本科,,,,,
8207600,北京,本科批,物理,,XF6A996,专业组01,宁波大学,75BD,经济学类（含经济学、国际经济与贸易、金融学）,含经济学、国际经济与贸易、金融学,,,,,577,15224,,,,,,577,15224,,,,,,,,,本科,,,,,
8208224,北京,本科批,物理,,XDAF228,专业组01,长江大学,D9E9,外国语言文学类,,,,,,517,28417,,,,,,517,28417,,,,,,,,,本科,,,,,
8208225,北京,本科批,物理,,XDAF228,专业组02,长江大学,DE8A,地质学,,,,,,547,21659,,,,,,547,21659,,,,,,,,,本科,,,,,
8209071,北京,本科批,物理,,X5ECF44,专业组01,石河子大学,F812,经济学类（含金融学、经济学、国际经济与贸易）,含金融学、经济学、国际经济与贸易,,,,,513,29317,,,,,,513,29317,,,,,,,,,本科,,,,,
8209072,北京,本科批,物理,,X5ECF44,专业组01,石河子大学,4852,应用心理学,,,,,,519,27941,,,,,,519,27941,,,,,,,,,本科,,,,,
8209073,北京,本科批,物理,,X5ECF44,专业组01,石河子大学,1C92,数字经济,,,,,,521,27493,,,,,,521,27493,,,,,,,,,本科,,,,,
8209074,北京,本科批,物理,,X5ECF44,专业组02,石河子大学,4C2A,中药学,,,,,,531,25202,,,,,,531,25202,,,,,,,,,本科,,,,,
8209075,北京,本科批,物理,,X5ECF44,专业组02,石河子大学,10A0,药学,,,,,,532,24976,,,,,,532,24976,,,,,,,,,本科,,,,,
8209076,北京,本科批,物理,,X5ECF44,专业组02,石河子大学,CC9A,临床医学（五年）,五年,,,,,535,24276,,,,,,535,24276,,,,,,,,,本科,,,,,
8209077,北京,本科批,物理,,X5ECF44,专业组02,石河子大学,8E1C,口腔医学（五年）,五年,,,,,536,24052,,,,,,536,24052,,,,,,,,,本科,,,,,
8209078,北京,本科批,物理,,X5ECF44,专业组02,石河子大学,93E3,电子信息工程,,,,,,548,21433,,,,,,548,21433,,,,,,,,,本科,,,,,
8209079,北京,本科批,物理,,X5ECF44,专业组02,石河子大学,6A49,计算机类（含计算机科学与技术、软件工程、数据科学与大数据技术、网络空间安全）,含计算机科学与技术、软件工程、数据科学与大数据技术、网络空间安全,,,,,563,18175,,,,,,563,18175,,,,,,,,,本科,,,,,
8209966,北京,本科提前批,物理,,X0C3988,专业组04,对外经济贸易大学,C0C5,阿拉伯语（可参与国贸-阿拉伯语双学士学位项目选拔）,可参与国贸-阿拉伯语双学士学位项目选拔,,,,,632,5467,,,,,,632,5467,,,,,,,,,本科,,,,,
8209967,北京,本科提前批,物理,,X0C3988,专业组04,对外经济贸易大学,44C4,朝鲜语（可参与国贸-朝鲜语双学士学位项目选拔）,可参与国贸-朝鲜语双学士学位项目选拔,,,,,632,5467,,,,,,632,5467,,,,,,,,,本科,,,,,
8209968,北京,本科提前批,物理,,X0C3988,专业组04,对外经济贸易大学,303F,意大利语（可参与国贸-意大利语双学士学位项目选拔）,可参与国贸-意大利语双学士学位项目选拔,,,,,632,5467,,,,,,632,5467,,,,,,,,,本科,,,,,
8209969,北京,本科提前批,物理,,X0C3988,专业组04,对外经济贸易大学,C8E2,俄语（可参与国贸-俄语双学士学位项目选拔）,可参与国贸-俄语双学士学位项目选拔,,,,,632,5467,,,,,,632,5467,,,,,,,,,本科,,,,,
8209970,北京,本科提前批,物理,,X0C3988,专业组04,对外经济贸易大学,37B0,日语（可参与国贸-日语双学士学位项目选拔）,可参与国贸-日语双学士学位项目选拔,,,,,633,5307,,,,,,633,5307,,,,,,,,,本科,,,,,
8209971,北京,本科提前批,物理,,X0C3988,专业组04,对外经济贸易大学,A9F4,德语,,,,,,635,5055,,,,,,635,5055,,,,,,,,,本科,,,,,
8209972,北京,本科提前批,物理,,X0C3988,专业组04,对外经济贸易大学,32F4,西班牙语（可参与国贸-西班牙语双学士学位项目选拔）,可参与国贸-西班牙语双学士学位项目选拔,,,,,636,4929,,,,,,636,4929,,,,,,,,,本科,,,,,
8209973,北京,本科提前批,物理,,X0C3988,专业组04,对外经济贸易大学,D1E6,法语（可参与国贸-法语双学士学位项目选拔）,可参与国贸-法语双学士学位项目选拔,,,,,638,4633,,,,,,638,4633,,,,,,,,,本科,,,,,
8209974,北京,本科批,物理,,X0C3988,专业组02,对外经济贸易大学,751B,精算学（可参与精算学-劳动与社会保障双学士学位项目、精算与风险管理实验班、与英国曼彻斯特大学、肯特大学联合培养“2+2”项目选拔）,可参与精算学-劳动与社会保障双学士学位项目、精算与风险管理实验班、与英国曼彻斯特大学、肯特大学联合培养“2+2”项目选拔,,,,,642,4108,,,,,,642,4108,,,,,,,,,本科,,,,,
8209975,北京,本科批,物理,,X0C3988,专业组01,对外经济贸易大学,CF11,金融学类（金融学、金融学（国际金融与市场）、经济与金融、投资学、保险学）,金融学、金融学（国际金融与市场,,,,,642,4108,,,,,,642,4108,,,,,,,,,本科,,,,,
8209976,北京,本科批,物理,,X0C3988,专业组01,对外经济贸易大学,0ECD,经济学类（国际经济与贸易、财政学、税收学）,国际经济与贸易、财政学、税收学,,,,,642,4108,,,,,,642,4108,,,,,,,,,本科,,,,,
8209977,北京,本科批,物理,,X0C3988,专业组02,对外经济贸易大学,28AD,经济统计学,,,,,,642,4108,,,,,,642,4108,,,,,,,,,本科,,,,,
8209978,北京,本科批,物理,,X0C3988,专业组01,对外经济贸易大学,30D4,会计学（北邮金融科技联合学士学位培养项目）,北邮金融科技联合学士学位培养项目,,,,,643,3980,,,,,,643,3980,,,,,,,,,本科,,,,,
8209979,北京,本科批,物理,,X0C3988,专业组03,对外经济贸易大学,E0C7,数据科学与大数据技术（可参与法学/保险-大数据双学士学位项目选拔）,可参与法学/保险-大数据双学士学位项目选拔,,,,,643,3980,,,,,,643,3980,,,,,,,,,本科,,,,,
8209980,北京,本科批,物理,,X0C3988,专业组03,对外经济贸易大学,098D,数据科学,,,,,,643,3980,,,,,,643,3980,,,,,,,,,本科,,,,,
8209981,北京,本科批,物理,,X0C3988,专业组02,对外经济贸易大学,1B86,金融数学,,,,,,643,3980,,,,,,643,3980,,,,,,,,,本科,,,,,
8209982,北京,本科批,物理,,X0C3988,专业组01,对外经济贸易大学,D1C5,会计学（北邮计算机科学与技术联合学士学位培养项目）,北邮计算机科学与技术联合学士学位培养项目,,,,,647,3504,,,,,,647,3504,,,,,,,,,本科,,,,,
8209983,北京,本科批,物理,,X0C3988,专业组03,对外经济贸易大学,76B9,统计学,,,,,,648,3382,,,,,,648,3382,,,,,,,,,本科,,,,,
8209984,北京,本科批,物理,,X0C3988,专业组02,对外经济贸易大学,ABB6,金融工程（大类招生）（金融工程、金融科技，可参与金融科技与北邮人工智能联合学士学位项目选拔）,大类招生; 金融工程、金融科技，可参与金融科技与北邮人工智能联合学士学位项目选拔,,,,,649,3267,,,,,,649,3267,,,,,,,,,本科,,,,,
8209985,北京,本科批,物理,,X0C3988,专业组01,对外经济贸易大学,B3A2,法学类（法学，可参与法学-大数据双学士学位项目或涉外型卓越经贸法律人才实验班选拔）,法学，可参与法学-大数据双学士学位项目或涉外型卓越经贸法律人才实验班选拔,,,,,650,3176,,,,,,650,3176,,,,,,,,,本科,,,,,
8210501,北京,本科批,物理,,X24C671,专业组01,南京信息工程大学,93DF,大气科学（中外合作办学）（可在国内学习四年，也可第四年赴英国雷丁大学学习，学费按英国标准收取）,中外合作办学; 可在国内学习四年，也可第四年赴英国雷丁大学学习，学费按英国标准收取,,,,,614,8294,,,,,,614,8294,,,,,,,,,本科,,,,,
8210502,北京,本科批,物理,,X24C671,专业组02,南京信息工程大学,15DC,大气科学类（含大气科学）,含大气科学,,,,,622,7001,,,,,,622,7001,,,,,,,,,本科,,,,,
8211291,北京,本科批,物理,,XD72114,专业组02,河北大学,CE53,卫生检验与检疫（不招色盲、色弱、单色识别能力异常，办学地点:裕华路校区）,不招色盲、色弱、单色识别能力异常，办学地点:裕华路校区,,,,,482,36158,,,,,,482,36158,,,,,,,,,本科,,,,,
8211292,北京,本科批,物理,,XD72114,专业组02,河北大学,8E8A,临床医学（五年）（不招色盲、色弱、单色识别能力异常，办学地点:裕华路校区）,五年; 不招色盲、色弱、单色识别能力异常，办学地点:裕华路校区,,,,,534,24493,,,,,,534,24493,,,,,,,,,本科,,,,,
8211293,北京,本科批,物理,,XD72114,专业组02,河北大学,11AF,物理学类（含物理学、应用物理学，应用物理学专业不招色盲考生，物理学专业色盲考生慎重报考，办学地点:五四路校区）,含物理学、应用物理学，应用物理学专业不招色盲考生，物理学专业色盲考生慎重报考，办学地点:五四路校区,,,,,545,22074,,,,,,545,22074,,,,,,,,,本科,,,,,
8211294,北京,本科批,物理,,XD72114,专业组01,河北大学,BCE0,历史学类（含历史学、世界史，办学地点:五四路校区）,含历史学、世界史，办学地点:五四路校区,,,,,561,18566,,,,,,561,18566,,,,,,,,,本科,,,,,
8211830,北京,本科批,物理,,X657927,专业组01,天津工业大学,F068,人工智能,,,,,,587,13194,,,,,,587,13194,,,,,,,,,本科,,,,,
8211831,北京,本科批,物理,,X657927,专业组01,天津工业大学,B9A5,计算机科学与技术,,,,,,588,12980,,,,,,588,12980,,,,,,,,,本科,,,,,
8211832,北京,本科批,物理,,X657927,专业组01,天津工业大学,ECA4,通信工程,,,,,,589,12794,,,,,,589,12794,,,,,,,,,本科,,,,,
8212709,北京,本科批,物理,,X5A23D3,专业组01,中国科学技术大学,77FE,工科试验班（含计算机类（华夏计算机科技英才班）、电子信息类（信息科技英才班）、力学类（钱学森力学科技英才班）、计算机类、电子信息类、网络空间安全、机械设计制造及其自动化、能源与动力工程、安全工程、理论与应用力学）,含计算机类（华夏计算机科技英才班; 信息科技英才班; 钱学森力学科技英才班,,,,,675,1077,,,,,,675,1077,,,,,,,,,本科,,,,,
8212710,北京,本科批,物理,,X5A23D3,专业组01,中国科学技术大学,5205,理科试验班类（含数学类（华罗庚数学科技英才班）、物理学类（严济慈物理科技英才班）、化学类（卢嘉锡化学科技英才班）、数学类、物理学类、化学类、生物科学类、空间科学与技术、统计学）,含数学类（华罗庚数学科技英才班; 严济慈物理科技英才班; 卢嘉锡化学科技英才班,,,,,675,1077,,,,,,675,1077,,,,,,,,,本科,,,,,
8213116,北京,本科批,物理,,X3B93C5,专业组02,河南财经政法大学,B1E3,计算机类（含计算机科学与技术、物联网工程）（专业办学地点:郑东校区）,含计算机科学与技术、物联网工程; 专业办学地点:郑东校区,,,,,514,29083,,,,,,514,29083,,,,,,,,,本科,,,,,
8213117,北京,本科批,物理,,X3B93C5,专业组01,河南财经政法大学,C318,经济与贸易类（含国际经济与贸易、贸易经济）（专业办学地点:郑东校区）,含国际经济与贸易、贸易经济; 专业办学地点:郑东校区,,,,,518,28167,,,,,,518,28167,,,,,,,,,本科,,,,,
8213118,北京,本科批,物理,,X3B93C5,专业组01,河南财经政法大学,AA49,财政学类（含财政学、税收学）（专业办学地点:郑东校区）,含财政学、税收学; 专业办学地点:郑东校区,,,,,519,27941,,,,,,519,27941,,,,,,,,,本科,,,,,
8213486,北京,本科批,物理,,XE0E77E,专业组02,东北师范大学,4550,计算机科学与技术（中外合作办学）（办学地点:净月大街校区）,中外合作办学; 办学地点:净月大街校区,,,,,587,13194,,,,,,587,13194,,,,,,,,,本科,,,,,
8213487,北京,本科批,物理,,XE0E77E,专业组01,东北师范大学,C712,会计学（中外合作办学）（办学地点:净月大街校区）,中外合作办学; 办学地点:净月大街校区,,,,,590,12614,,,,,,590,12614,,,,,,,,,本科,,,,,
8213488,北京,本科批,物理,,XE0E77E,专业组04,东北师范大学,3E72,"地理科学类（含地理科学（师范）、地理信息科学、人文地理与城乡规划,办学地点:人民大街校区）",含地理科学（师范,,,,,594,11907,,,,,,594,11907,,,,,,,,,本科,,,,,
8213489,北京,本科批,物理,,XE0E77E,专业组03,东北师范大学,E0D0,"教育学类（师范）（含教育学、小学教育、学前教育,办学地点:人民大街校区）","师范; 含教育学、小学教育、学前教育,办学地点:人民大街校区",,,,,599,10980,,,,,,599,10980,,,,,,,,,本科,,,,,
8213490,北京,本科批,物理,,XE0E77E,专业组03,东北师范大学,B2C2,"经济学类（含金融学、会计学、人力资源管理、经济学、市场营销,办学地点:净月大街校区）","含金融学、会计学、人力资源管理、经济学、市场营销,办学地点:净月大街校区",,,,,604,10041,,,,,,604,10041,,,,,,,,,本科,,,,,
8213491,北京,本科批,物理,,XE0E77E,专业组03,东北师范大学,1DE1,心理学（师范）（办学地点:人民大街校区）,师范; 办学地点:人民大街校区,,,,,606,9678,,,,,,606,9678,,,,,,,,,本科,,,,,
8213492,北京,本科批,物理,,XE0E77E,专业组03,东北师范大学,D579,汉语言文学（师范）（办学地点:人民大街校区）,师范; 办学地点:人民大街校区,,,,,622,7001,,,,,,622,7001,,,,,,,,,本科,,,,,
8214146,北京,本科批,物理,,X8DEAE0,专业组02,郑州轻工业大学,7E30,物联网工程（专业办学地点:科学校区）,专业办学地点:科学校区,,,,,482,36158,,,,,,482,36158,,,,,,,,,本科,,,,,
8214147,北京,本科批,物理,,X8DEAE0,专业组02,郑州轻工业大学,E874,食品科学与工程（烟草科学与工程）（（专业办学地点:科学校区）,烟草科学与工程; （专业办学地点:科学校区,,,,,483,35931,,,,,,483,35931,,,,,,,,,本科,,,,,
8214148,北京,本科批,物理,,X8DEAE0,专业组02,郑州轻工业大学,E298,人工智能（专业办学地点:科学校区）,专业办学地点:科学校区,,,,,483,35931,,,,,,483,35931,,,,,,,,,本科,,,,,
8214149,北京,本科批,物理,,X8DEAE0,专业组02,郑州轻工业大学,E763,新能源材料与器件（专业办学地点:科学校区）,专业办学地点:科学校区,,,,,485,35549,,,,,,485,35549,,,,,,,,,本科,,,,,
8214150,北京,本科批,物理,,X8DEAE0,专业组01,郑州轻工业大学,FE25,社会工作（专业办学地点:科学校区）,专业办学地点:科学校区,,,,,487,35128,,,,,,487,35128,,,,,,,,,本科,,,,,
8214955,北京,本科批,物理,,XBE703B,专业组01,西南石油大学,713D,机械设计制造及其自动化（办学地点:成都校区）,办学地点:成都校区,,,,,572,16267,,,,,,572,16267,,,,,,,,,本科,,,,,
8214956,北京,本科批,物理,,XBE703B,专业组01,西南石油大学,F340,石油工程（办学地点:成都校区）,办学地点:成都校区,,,,,575,15638,,,,,,575,15638,,,,,,,,,本科,,,,,
8214957,北京,本科批,物理,,XBE703B,专业组01,西南石油大学,FCE7,油气储运工程（不招色盲、单色识别能力异常）（办学地点:成都校区）,不招色盲、单色识别能力异常; 办学地点:成都校区,,,,,576,15428,,,,,,576,15428,,,,,,,,,本科,,,,,
8215694,北京,本科批,物理,,X23B28E,专业组01,武汉科技大学,6155,自动化类（电子信息工程、通信工程、电子科学与技术）（电子信息）,电子信息工程、通信工程、电子科学与技术; 电子信息,,,,,568,17101,,,,,,568,17101,,,,,,,,,本科,,,,,
8215695,北京,本科批,物理,,X23B28E,专业组01,武汉科技大学,2897,计算机类（计算机科学与技术、软件工程、智能科学与技术、信息安全）,计算机科学与技术、软件工程、智能科学与技术、信息安全,,,,,573,16069,,,,,,573,16069,,,,,,,,,本科,,,,,
8216163,北京,本科批,物理,,XEE6D29,专业组02,重庆师范大学,B2A6,教育技术学（师范）（（办学地点:大学城校区）,师范; （办学地点:大学城校区,,,,,494,33572,,,,,,494,33572,,,,,,,,,本科,,,,,
8216164,北京,本科批,物理,,XEE6D29,专业组03,重庆师范大学,7DE9,化学（师范）（不招色盲、色弱、单色识别能力异常）（办学地点:大学城校区）,师范; 不招色盲、色弱、单色识别能力异常; 办学地点:大学城校区,,,,,526,26285,,,,,,526,26285,,,,,,,,,本科,,,,,
8216165,北京,本科批,物理,,XEE6D29,专业组01,重庆师范大学,0E34,历史学（师范）（（办学地点:大学城校区）,师范; （办学地点:大学城校区,,,,,570,16658,,,,,,570,16658,,,,,,,,,本科,,,,,
8216704,北京,本科批,物理,,X66B0A9,专业组01,华东交通大学,4ECE,土木工程,,,,,,495,33354,,,,,,495,33354,,,,,,,,,本科,,,,,
8216705,北京,本科批,物理,,X66B0A9,专业组01,华东交通大学,8EA2,机械电子工程,,,,,,504,31368,,,,,,504,31368,,,,,,,,,本科,,,,,
8217593,北京,本科批,物理,,X67FBA8,专业组01,燕山大学,A615,汉语国际教育,,,,,,540,23122,,,,,,540,23122,,,,,,,,,本科,,,,,
8217594,北京,本科批,物理,,X67FBA8,专业组02,燕山大学,26A7,车辆工程,,,,,,573,16069,,,,,,573,16069,,,,,,,,,本科,,,,,
8217595,北京,本科批,物理,,X67FBA8,专业组02,燕山大学,8726,机械类（含机械设计制造及其自动化、智能制造工程、机器人工程）,含机械设计制造及其自动化、智能制造工程、机器人工程,,,,,575,15638,,,,,,575,15638,,,,,,,,,本科,,,,,
8218326,北京,本科批,物理,,X446474,专业组01,上海中医药大学,23FE,中医学（屠呦呦班）（九年医）,屠呦呦班; 九年医,,,,,631,5623,,,,,,631,5623,,,,,,,,,本科,,,,,
8218528,北京,本科批,物理,,X02E144,专业组01,贵州大学,69B3,建筑类（五年）（含建筑学、城乡规划，不招色盲、色弱、单色识别能力异常，要求具有一定的美术基础）,五年; 含建筑学、城乡规划，不招色盲、色弱、单色识别能力异常，要求具有一定的美术基础,,,,,577,15224,,,,,,577,15224,,,,,,,,,本科,,,,,
8218529,北京,本科批,物理,,X02E144,专业组01,贵州大学,88BC,工商管理类（含工商管理、市场营销、会计学、财务管理、人力资源管理）,含工商管理、市场营销、会计学、财务管理、人力资源管理,,,,,582,14198,,,,,,582,14198,,,,,,,,,本科,,,,,
8218530,北京,本科批,物理,,X02E144,专业组02,贵州大学,8FC7,电气类（含电气工程及其自动化、能源与动力工程、测控技术与仪器、自动化）,含电气工程及其自动化、能源与动力工程、测控技术与仪器、自动化,,,,,585,13610,,,,,,585,13610,,,,,,,,,本科,,,,,
8218531,北京,本科批,物理,,X02E144,专业组02,贵州大学,1D83,电子信息类（含电子科学与技术、电子信息科学与技术、通信工程）,含电子科学与技术、电子信息科学与技术、通信工程,,,,,586,13407,,,,,,586,13407,,,,,,,,,本科,,,,,
8219365,北京,本科批,物理,,X6EB3A5,专业组01,华南农业大学,0325,动物医学,,,,,,568,17101,,,,,,568,17101,,,,,,,,,本科,,,,,
8219366,北京,本科批,物理,,X6EB3A5,专业组01,华南农业大学,2638,植物保护,,,,,,571,16481,,,,,,571,16481,,,,,,,,,本科,,,,,
8220894,北京,本科批,物理,,XE33A45,专业组01,山东农业大学,0CF7,动物医学类（五年）（含动物医学、兽医公共卫生）,五年; 含动物医学、兽医公共卫生,,,,,551,20749,,,,,,551,20749,,,,,,,,,本科,,,,,
8220895,北京,本科批,物理,,XE33A45,专业组01,山东农业大学,930D,生物科学类（含生物技术、生物科学）,含生物技术、生物科学,,,,,557,19422,,,,,,557,19422,,,,,,,,,本科,,,,,
8221556,北京,本科批,物理,,X89D6AA,专业组01,桂林电子科技大学,6FCC,英语（只招英语考生）（办学地点:花江校区）,只招英语考生; 办学地点:花江校区,,,,,506,30876,,,,,,506,30876,,,,,,,,,本科,,,,,
8221557,北京,本科批,物理,,X89D6AA,专业组02,桂林电子科技大学,2889,机械设计制造及其自动化（办学地点:花江校区）,办学地点:花江校区,,,,,542,22695,,,,,,542,22695,,,,,,,,,本科,,,,,
8221558,北京,本科批,物理,,X89D6AA,专业组02,桂林电子科技大学,9F4C,计算机科学与技术（办学地点:花江校区）,办学地点:花江校区,,,,,545,22074,,,,,,545,22074,,,,,,,,,本科,,,,,
8221559,北京,本科批,物理,,X89D6AA,专业组02,桂林电子科技大学,BA86,通信工程（办学地点:花江校区）,办学地点:花江校区,,,,,549,21198,,,,,,549,21198,,,,,,,,,本科,,,,,
8222345,北京,本科批,物理,,XD2D785,专业组01,齐鲁工业大学,B512,酿酒工程（专业办学地点:长清校区）,专业办学地点:长清校区,,,,,447,42846,,,,,,447,42846,,,,,,,,,本科,,,,,
8222346,北京,本科批,物理,,XD2D785,专业组01,齐鲁工业大学,142A,信息与计算科学（专业办学地点:长清校区）,专业办学地点:长清校区,,,,,495,33354,,,,,,495,33354,,,,,,,,,本科,,,,,
8222857,北京,本科批,物理,,XCC79E7,专业组01,西安理工大学,699C,计算机科学与技术（办学地点:曲江校区）,办学地点:曲江校区,,,,,576,15428,,,,,,576,15428,,,,,,,,,本科,,,,,
8222858,北京,本科批,物理,,XCC79E7,专业组01,西安理工大学,2B4C,电气工程及其自动化（办学地点:曲江校区）,办学地点:曲江校区,,,,,581,14402,,,,,,581,14402,,,,,,,,,本科,,,,,
8223605,北京,���科批,物理,,X3C31B3,专业组01,鲁东大学,5077,朝鲜语,,,,,,489,34671,,,,,,489,34671,,,,,,,,,本科,,,,,
8223606,北京,本科批,物理,,X3C31B3,专业组01,鲁东大学,671C,日语,,,,,,499,32443,,,,,,499,32443,,,,,,,,,本科,,,,,
8224103,北京,本科批,物理,,X332ABF,专业组01,四川农业大学,740E,动物医学（五年）（（办学地点:成都校区）,五年; （办学地点:成都校区,,,,,572,16267,,,,,,572,16267,,,,,,,,,本科,,,,,
8224104,北京,本科批,物理,,X332ABF,专业组01,四川农业大学,F6A6,环境工程（办学地点:成都校区）,办学地点:成都校区,,,,,573,16069,,,,,,573,16069,,,,,,,,,本科,,,,,
8224921,北京,本科批,物理,,XF42061,专业组01,南通大学,A39E,预防医学,,,,,,521,27493,,,,,,521,27493,,,,,,,,,本科,,,,,
8224922,北京,本科批,物理,,XF42061,专业组01,南通大学,57E6,医学影像学,,,,,,533,24746,,,,,,533,24746,,,,,,,,,本科,,,,,
8224923,北京,本科批,物理,,XF42061,专业组01,南通大学,97D0,临床医学,,,,,,548,21433,,,,,,548,21433,,,,,,,,,本科,,,,,
8226124,北京,本科批,物理,,X0B3E26,专业组03,河南农业大学,8189,环境生态工程,,,,,,501,32011,,,,,,501,32011,,,,,,,,,本科,,,,,
8226125,北京,本科批,物理,,X0B3E26,专业组02,河南农业大学,E4A4,轻工类（烟工类）（含食品科学与工程（烟草工程）、香料香精技术与工程，不招色盲、色弱、单色识别能力异常）,烟工类; 含食品科学与工程（烟草工程,,,,,506,30876,,,,,,506,30876,,,,,,,,,本科,,,,,
8226126,北京,本科批,物理,,X0B3E26,专业组01,河南农业大学,E042,经济与金融,,,,,,507,30652,,,,,,507,30652,,,,,,,,,本科,,,,,
8226127,北京,本科批,物理,,X0B3E26,专业组01,河南农业大学,6AB9,经济学,,,,,,510,29984,,,,,,510,29984,,,,,,,,,本科,,,,,
8226535,北京,本科批,物理,,X667600,专业组03,北京航空航天大学,6EF9,工科试验班类（中外合作办学，中法航空试验班）（含交通运输、飞行器适航技术、测控技术与仪器、电子信息工程，中外合作办学，与法国国立民航大学联合培养，本科阶段不可转入北京市各校区设立的学院学习;办学地点:浙江杭州）,中外合作办学，中法航空试验班; 含交通运输、飞行器适航技术、测控技术与仪器、电子信息工程，中外合作办学，与法国国立民航大学联合培养，本科阶段不可转入北京市各校区设立的学院学习;办学地点:浙江杭州,,,,,646,3611,,,,,,646,3611,,,,,,,,,本科,,,,,
8226536,北京,本科批,物理,,X667600,专业组01,北京航空航天大学,3BEA,社会科学试验班（含经济学、行政管理、英语、翻译、法学;办学地点:学院路校区）,含经济学、行政管理、英语、翻译、法学;办学地点:学院路校区,,,,,651,3065,,,,,,651,3065,,,,,,,,,本科,,,,,
8226537,北京,本科批,物理,,X667600,专业组02,北京航空航天大学,8495,飞行器动力工程（卓越人才培养试验班）（办学地点:沙河校区）,卓越人才培养试验班; 办学地点:沙河校区,,,,,667,1617,,,,,,667,1617,,,,,,,,,本科,,,,,
8226538,北京,本科批,物理,,X667600,专业组02,北京航空航天大学,94C1,网络空间安全（卓越人才培养试验班）（办学地点:学院路校区）,卓越人才培养试验班; 办学地点:学院路校区,,,,,667,1617,,,,,,667,1617,,,,,,,,,本科,,,,,
8226539,北京,本科批,物理,,X667600,专业组02,北京航空航天大学,7958,理科试验班类（中法工程师学院）（含数学与应用数学、信息与计算科学、工程力学、应用物理学;办学地点:学院路校区）,中法工程师学院; 含数学与应用数学、信息与计算科学、工程力学、应用物理学;办学地点:学院路校区,,,,,667,1617,,,,,,667,1617,,,,,,,,,本科,,,,,
8226540,北京,本科批,物理,,X667600,专业组02,北京航空航天大学,344D,工科试验班类（航空航天类）（含智能飞行器技术、空天智能电推进技术、飞行器控制与信息工程、智能制造工程、飞行器设计与工程、飞行器动力工程等，具体专业方向详见该校招生信息网报考指南专栏，网址http://zs.buaa.edu.cn;办学地点:沙河校区）,航空航天类; 含智能飞行器技术、空天智能电推进技术、飞行器控制与信息工程、智能制造工程、飞行器设计与工程、飞行器动力工程等，具体专业方向详见该校招生信息网报考指南专栏，网址http://zs.buaa.edu.cn;办学地点:沙河校区,,,,,667,1617,,,,,,667,1617,,,,,,,,,本科,,,,,
8226541,北京,本科批,物理,,X667600,专业组02,北京航空航天大学,9E82,工科试验班类（未来空天领军计划）（含智能飞行器技术、智能感知工程、智能制造工程、空天智能电推进技术、飞行器设计与工程、飞行器动力工程、材料科学与工程、智慧交通、人工智能、网络空间安全、交通运输、空间科学与技术，仅录取有该专业志愿的考生;办学地点:学院路校区）,未来空天领军计划; 含智能飞行器技术、智能感知工程、智能制造工程、空天智能电推进技术、飞行器设计与工程、飞行器动力工程、材料科学与工程、智慧交通、人工智能、网络空间安全、交通运输、空间科学与技术，仅录取有该专业志愿的考生;办学地点:学院路校区,,,,,667,1617,,,,,,667,1617,,,,,,,,,本科,,,,,
8226542,北京,本科批,物理,,X667600,专业组02,北京航空航天大学,EFF4,计算机科学与技术（拔尖学生培养计划）（不招单色识别能力异常，仅录取有该专业志愿的考生;办学地点:学院路校区）,拔尖学生培养计划; 不招单色识别能力异常，仅录取有该专业志愿的考生;办学地点:学院路校区,,,,,667,1617,,,,,,667,1617,,,,,,,,,本科,,,,,
8226543,北京,本科批,物理,,X667600,专业组02,北京航空航天大学,F1B3,微电子科学与工程（卓越人才培养试验班）（办学地点:学院路校区）,卓越人才培养试验班; 办学地点:学院路校区,,,,,667,1617,,,,,,667,1617,,,,,,,,,本科,,,,,
8226544,北京,本科批,物理,,X667600,专业组02,北京航空航天大学,A3CA,理科试验班类（含数学与应用数学、信息与计算科学、信息安全、应用物理学、化学等，具体专业方向详见该校招生信息网报考指南专栏，网址:http://zs.buaa.edu.cn;办学地点:沙河校区）,含数学与应用数学、信息与计算科学、信息安全、应用物理学、化学等，具体专业方向详见该校招生信息网报考指南专栏，网址:http://zs.buaa.edu.cn;办学地点:沙河校区,,,,,667,1617,,,,,,667,1617,,,,,,,,,本科,,,,,
8226545,北京,本科批,物理,,X667600,专业组02,北京航空航天大学,703F,工科试验班类（医工交叉试验班）（含生物医学工程、智能医学工程，不招色盲、色弱、单色识别能力异常，含协和医班;办学地点:学院路校区）,医工交叉试验班; 含生物医学工程、智能医学工程，不招色盲、色弱、单色识别能力异常，含协和医班;办学地点:学院路校区,,,,,667,1617,,,,,,667,1617,,,,,,,,,本科,,,,,
8226546,北京,本科批,物理,,X667600,专业组02,北京航空航天大学,9018,工科试验班类（信息类）（含计算机科学与技术、人工智能、虚拟现实技术、智能感知工程等，具体专业方向详见该校招生信息网报考指南专栏，网址http://zs.buaa.edu.cn;办学地点:学院路校区）,信息类; 含计算机科学与技术、人工智能、虚拟现实技术、智能感知工程等，具体专业方向详见该校招生信息网报考指南专栏，网址http://zs.buaa.edu.cn;办学地点:学院路校区,,,,,667,1617,,,,,,667,1617,,,,,,,,,本科,,,,,
8226547,北京,本科批,物理,,X667600,专业组02,北京航空航天大学,2B12,物理学（拔尖学生培养计划）（含物理学-微电子科学与工程双学士学位项目，仅录取有该专业志愿的考生;办学地点:沙河校区）,拔尖学生培养计划; 含物理学-微电子科学与工程双学士学位项目，仅录取有该专业志愿的考生;办学地点:沙河校区,,,,,667,1617,,,,,,667,1617,,,,,,,,,本科,,,,,
8227560,北京,本科批,物理,,X6EF30C,专业组02,重庆交通大学,DB3A,土木工程（办学地点:大一大二在科学城校区，后续学年在南岸校区）,办学地点:大一大二在科学城校区，后续学年在南岸校区,,,,,497,32907,,,,,,497,32907,,,,,,,,,本科,,,,,
8227561,北京,本科批,物理,,X6EF30C,专业组02,重庆交通大学,0E85,电子信息类（含电子信息工程、通信工程）（办学地点:大一大二在科学城校区，后续学年在南岸校区）,含电子信息工程、通信工程; 办学地点:大一大二在科学城校区，后续学年在南岸校区,,,,,503,31574,,,,,,503,31574,,,,,,,,,本科,,,,,
8227562,北京,本科批,物理,,X6EF30C,专业组01,重庆交通大学,DB7F,工商管理类（含工商管理、会计学、市场营销）（办学地点:大一大二在科学城校区，后续学年在南岸校区）,含工商管理、会计学、市场营销; 办学地点:大一大二在科学城校区，后续学年在南岸校区,,,,,524,26772,,,,,,524,26772,,,,,,,,,本科,,,,,
8228387,北京,本科批,物理,,XA0555F,专业组01,北京科技大学,1A83,外国语言文学类（含英语、日语、德语，只招英语考生，入学一学期后专业分流）,含英语、日语、德语，只招英语考生，入学一学期后专业分流,,,,,628,6085,,,,,,628,6085,,,,,,,,,本科,,,,,
8228388,北京,本科批,物理,,XA0555F,专业组01,北京科技大学,6036,"社会科学试验班（含法学、行政管理、社会工作（社会管理）,入学一年后专业分流）",含法学、行政管理、社会工作（社会管理,,,,,629,5925,,,,,,629,5925,,,,,,,,,本科,,,,,
8228389,北京,本科批,物理,,XA0555F,专业组01,北京科技大学,B136,工商管理类（数智管理与经济试验班）（含工商管理、会计学、国际经济与贸易，入学一年后专业分流）,数智管理与经济试验班; 含工商管理、会计学、国际经济与贸易，入学一年后专业分流,,,,,630,5783,,,,,,630,5783,,,,,,,,,本科,,,,,
8228390,北京,本科批,物理,,XA0555F,专业组02,北京科技大学,B5E9,大数据管理与应用（大数据与金融试验班）（入学一年后可分流至信息管理与信息系统、工程管理、大数据管理与应用、金融工程）,大数据与金融试验班; 入学一年后可分流至信息管理与信息系统、工程管理、大数据管理与应用、金融工程,,,,,633,5307,,,,,,633,5307,,,,,,,,,本科,,,,,
8228391,北京,本科批,物理,,XA0555F,专业组05,北京科技大学,8A47,能源动力类（能源、环境专业）（含能源与动力工程、新能源科学与工程、环境工程、环境科学，入学一年后专业分流）,能源、环境专业; 含能源与动力工程、新能源科学与工程、环境工程、环境科学，入学一年后专业分流,,,,,634,5176,,,,,,634,5176,,,,,,,,,本科,,,,,
8228392,北京,本科批,物理,,XA0555F,专业组05,北京科技大学,9A06,储能科学与工程,,,,,,634,5176,,,,,,634,5176,,,,,,,,,本科,,,,,
8228393,北京,本科批,物理,,XA0555F,专业组05,北京科技大学,1E13,自动化类（含自动化、测控技术与仪器、智能感知工程，入学一年后专业分流）,含自动化、测控技术与仪器、智能感知工程，入学一年后专业分流,,,,,634,5176,,,,,,634,5176,,,,,,,,,本科,,,,,
8228394,北京,本科批,物理,,XA0555F,专业组05,北京科技大学,ECA4,通信工程,,,,,,634,5176,,,,,,634,5176,,,,,,,,,本科,,,,,
8228395,北京,本科批,物理,,XA0555F,专业组05,北京科技大学,3012,材料科学与工程（入学一年后可分流至材料科学与工程、材料物理、材料化学、无机非金属材料、纳米材料与技术、材料成型及控制工程等）,入学一年后可分流至材料科学与工程、材料物理、材料化学、无机非金属材料、纳米材料与技术、材料成型及控制工程等,,,,,635,5055,,,,,,635,5055,,,,,,,,,本科,,,,,
8228396,北京,本科批,物理,,XA0555F,专业组05,北京科技大学,6F3F,机械类（含机械工程、机器人工程、车辆工程、物流工程、工业设计，入学一年后专业分流）,含机械工程、机器人工程、车辆工程、物流工程、工业设计，入学一年后专业分流,,,,,635,5055,,,,,,635,5055,,,,,,,,,本科,,,,,
8228397,北京,本科批,物理,,XA0555F,专业组05,北京科技大学,DB4F,计算机类（含计算机科学与技术、信息安全、物联网工程，入学一年后专业分流）,含计算机科学与技术、信息安全、物联网工程，入学一年后专业分流,,,,,636,4929,,,,,,636,4929,,,,,,,,,本科,,,,,
8228398,北京,本科批,物理,,XA0555F,专业组04,北京科技大学,F068,人工智能,,,,,,638,4633,,,,,,638,4633,,,,,,,,,本科,,,,,
8228399,北京,本科批,物理,,XA0555F,专业组04,北京科技大学,8860,材料智能技术,,,,,,638,4633,,,,,,638,4633,,,,,,,,,本科,,,,,
8228400,北京,本科批,物理,,XA0555F,专业组04,北京科技大学,F89C,生物技术,,,,,,638,4633,,,,,,638,4633,,,,,,,,,本科,,,,,
8228401,北京,本科批,物理,,XA0555F,专业组04,北京科技大学,F620,安全工程,,,,,,638,4633,,,,,,638,4633,,,,,,,,,本科,,,,,
8228402,北京,本科批,物理,,XA0555F,专业组04,北京科技大学,055E,数学类（含数学与应用数学、信息与计算科学、统计学，入学一年后专业分流）,含数学与应用数学、信息与计算科学、统计学，入学一年后专业分流,,,,,639,4478,,,,,,639,4478,,,,,,,,,本科,,,,,
8228403,北京,本科批,物理,,XA0555F,专业组04,北京科技大学,3477,应用物理学,,,,,,639,4478,,,,,,639,4478,,,,,,,,,本科,,,,,
8228404,北京,本科批,物理,,XA0555F,专业组04,北京科技大学,E0B3,工科试验班类（含材料科学与工程、计算机类、机械类、通信工程、能源动力类、储能科学与工程、冶金工程，特殊培养政策，详见该校招生网）,含材料科学与工程、计算机类、机械类、通信工程、能源动力类、储能科学与工程、冶金工程，特殊培养政策，详见该校招生网,,,,,641,4239,,,,,,641,4239,,,,,,,,,本科,,,,,
8228405,北京,本科批,物理,,XA0555F,专业组04,北京科技大学,2DCB,理科试验班（含材料科学与工程、机械类、计算机类、通信工程、土木类、安全工程、数学类、应用物理学，特殊培养政策，详见该校招生网）,含材料科学与工程、机械类、计算机类、通信工程、土木类、安全工程、数学类、应用物理学，特殊培养政策，详见该校招生网,,,,,643,3980,,,,,,643,3980,,,,,,,,,本科,,,,,
8228406,北京,本科批,物理,,XA0555F,专业组03,北京科技大学,60D4,理科试验班（纳米科学与工程试验班）（含纳米材料与技术，特殊培养政策，详见该校招生网）,纳米科学与工程试验班; 含纳米材料与技术，特殊培养政策，详见该校招生网,,,,,647,3504,,,,,,647,3504,,,,,,,,,本科,,,,,
8229254,北京,本科批,物理,,XEF35ED,专业组03,中国政法大学,AC90,行政管理,,,,,,637,4789,,,,,,637,4789,,,,,,,,,本科,,,,,
8229255,北京,本科批,物理,,XEF35ED,专业组03,中国政法大学,04A0,工商管理,,,,,,637,4789,,,,,,637,4789,,,,,,,,,本科,,,,,
8229256,北京,本科批,物理,,XEF35ED,专业组03,中国政法大学,E6CB,社会工作,,,,,,637,4789,,,,,,637,4789,,,,,,,,,本科,,,,,
8229257,北京,本科批,物理,,XEF35ED,专业组03,中国政法大学,68F4,新闻学,,,,,,638,4633,,,,,,638,4633,,,,,,,,,本科,,,,,
8229258,北京,本科批,物理,,XEF35ED,专业组03,中国政法大学,5D72,网络与新媒体,,,,,,638,4633,,,,,,638,4633,,,,,,,,,本科,,,,,
8229259,北京,本科批,物理,,XEF35ED,专业组03,中国政法大学,79DC,翻译（法律翻译实验班）,法律翻译实验班,,,,,639,4478,,,,,,639,4478,,,,,,,,,本科,,,,,
8229260,北京,本科批,物理,,XEF35ED,专业组03,中国政法大学,85B8,英语（法律英语实验班）,法律英语实验班,,,,,639,4478,,,,,,639,4478,,,,,,,,,本科,,,,,
8229261,北京,本科批,物理,,XEF35ED,专业组03,中国政法大学,E6A0,国际商务（涉外法商人才培养实验班）,涉外法商人才培养实验班,,,,,641,4239,,,,,,641,4239,,,,,,,,,本科,,,,,
8229262,北京,本科批,物理,,XEF35ED,专业组03,中国政法大学,4BB4,哲学（拔尖创新人才培养实验班）,拔尖创新人才培养实验班,,,,,641,4239,,,,,,641,4239,,,,,,,,,本科,,,,,
8229263,北京,本科批,物理,,XEF35ED,专业组03,中国政法大学,D243,汉语言文学,,,,,,642,4108,,,,,,642,4108,,,,,,,,,本科,,,,,
8229264,北京,本科批,物理,,XEF35ED,专业组03,中国政法大学,4852,应用心理学,,,,,,642,4108,,,,,,642,4108,,,,,,,,,本科,,,,,
8229265,北京,本科批,物理,,XEF35ED,专业组03,中国政法大学,927B,法学,,,,,,645,3726,,,,,,645,3726,,,,,,,,,本科,,,,,
8229266,北京,本科批,物理,,XEF35ED,专业组02,中国政法大学,DA8C,法学（纪检监察实验班）,纪检监察实验班,,,,,660,2223,,,,,,660,2223,,,,,,,,,本科,,,,,
8229267,北京,本科批,物理,,XEF35ED,专业组02,中国政法大学,F087,法学（涉外法治人才培养实验班）,涉外法治人才培养实验班,,,,,661,2118,,,,,,661,2118,,,,,,,,,本科,,,,,
8229268,北京,本科批,物理,,XEF35ED,专业组01,中国政法大学,5020,法学（法学人才培养模式改革实验班）,法学人才培养模式改革实验班,,,,,666,1704,,,,,,666,1704,,,,,,,,,本科,,,,,
8229269,北京,本科批,物理,,XEF35ED,专业组01,中国政法大学,05F9,法学（北京外国语大学联合培养涉外法治人才）,北京外国语大学联合培养涉外法治人才,,,,,671,1343,,,,,,671,1343,,,,,,,,,本科,,,,,
8229787,北京,本科批,物理,,XBD221F,专业组02,三峡大学,7FA1,供应链管理,,,,,,516,28622,,,,,,516,28622,,,,,,,,,本科,,,,,
8229788,北京,本科批,物理,,XBD221F,专业组02,三峡大学,4869,投资学,,,,,,516,28622,,,,,,516,28622,,,,,,,,,本科,,,,,
8229789,北京,本科批,物理,,XBD221F,专业组01,三峡大学,8091,电气工程及其自动化（中外合作办学）,中外合作办学,,,,,557,19422,,,,,,557,19422,,,,,,,,,本科,,,,,
8229790,北京,本科批,物理,,XBD221F,专业组03,三峡大学,A5B7,电气工程及其自动化,,,,,,567,17299,,,,,,567,17299,,,,,,,,,本科,,,,,
8230908,北京,本科批,物理,,XC50040,专业组01,辽宁大学,2D75,"会计学（中外合作办学）（新华国际商学院）（外语成绩不低于105分，该专业为英语教学，非英语语种考生慎重报考,办学地点:蒲河校区）","中外合作办学; 新华国际商学院; 外语成绩不低于105分，该专业为英语教学，非英语语种考生慎重报考,办学地点:蒲河校区",,,,,588,12980,,,,,,588,12980,,,,,,,,,本科,,,,,
8230909,北京,本科批,物理,,XC50040,专业组04,辽宁大学,34F9,通信工程（办学地点:崇山校区）,办学地点:崇山校区,,,,,593,12095,,,,,,593,12095,,,,,,,,,本科,,,,,
8230910,北京,本科批,物理,,XC50040,专业组04,辽宁大学,DB14,电子信息科学与技术（办学地点:崇山校区）,办学地点:崇山校区,,,,,593,12095,,,,,,593,12095,,,,,,,,,本科,,,,,
8230911,北京,本科批,物理,,XC50040,专业组04,辽宁大学,FF6F,数学与应用数学（办学地点:崇山校区）,办学地点:崇山校区,,,,,596,11548,,,,,,596,11548,,,,,,,,,本科,,,,,
8230912,北京,本科批,物理,,XC50040,专业组02,辽宁大学,1FA2,汉语言文学（办学地点:蒲河校区）,办学地点:蒲河校区,,,,,597,11348,,,,,,597,11348,,,,,,,,,本科,,,,,
8230913,北京,本科批,物理,,XC50040,专业组03,辽宁大学,E235,国际政治（办学地点:蒲河校区）,办学地点:蒲河校区,,,,,597,11348,,,,,,597,11348,,,,,,,,,本科,,,,,
8230914,北京,本科批,物理,,XC50040,专业组02,辽宁大学,A822,"金融学类（含金融学、保险学,办学地点:蒲河校区）","含金融学、保险学,办学地点:蒲河校区",,,,,600,10787,,,,,,600,10787,,,,,,,,,本科,,,,,
8231620,北京,本科批,物理,,XC63182,专业组01,南京财经大学,FBFE,物流管理,,,,,,544,22278,,,,,,544,22278,,,,,,,,,本科,,,,,
8231621,北京,本科批,物理,,XC63182,专业组01,南京财经大学,4154,电子商务,,,,,,544,22278,,,,,,544,22278,,,,,,,,,本科,,,,,
8231622,北京,本科批,物理,,XC63182,专业组01,南京财经大学,AC90,行政管理,,,,,,545,22074,,,,,,545,22074,,,,,,,,,本科,,,,,
8231623,北京,本科批,物理,,XC63182,专业组01,南京财经大学,3739,广告学,,,,,,546,21881,,,,,,546,21881,,,,,,,,,本科,,,,,
8231624,北京,本科批,物理,,XC63182,专业组01,南京财经大学,1356,金融学类,,,,,,548,21433,,,,,,548,21433,,,,,,,,,本科,,,,,
8231625,北京,本科批,物理,,XC63182,专业组01,南京财经大学,CA9C,财政学类,,,,,,549,21198,,,,,,549,21198,,,,,,,,,本科,,,,,
8232233,北京,本科批,物理,,X8F6EDC,专业组03,东北电力大学,3AAF,土木工程（办学地点:船营校区）,办学地点:船营校区,,,,,564,17958,,,,,,564,17958,,,,,,,,,本科,,,,,
8232234,北京,本科批,物理,,X8F6EDC,专业组01,东北电力大学,E111,"电气工程及其自动化（中外合作办学）（与英国史萃克莱德大学合作办学,办学地点:船营校区）","中外合作办学; 与英国史萃克莱德大学合作办学,办学地点:船营校区",,,,,579,14812,,,,,,579,14812,,,,,,,,,本科,,,,,
8232235,北京,本科批,物理,,X8F6EDC,专业组02,东北电力大学,C84E,智能电网信息工程（办学地点:船营校区）,办学地点:船营校区,,,,,596,11548,,,,,,596,11548,,,,,,,,,本科,,,,,
8232236,北京,本科批,物理,,X8F6EDC,专业组02,东北电力大学,8A3F,电气工程及其自动化（办学地点:船营校区）,办学地点:船营校区,,,,,611,8842,,,,,,611,8842,,,,,,,,,本科,,,,,
8233011,北京,本科批,物理,,X394562,专业组01,河南中医药大学,03FE,中医学,,,,,,547,21659,,,,,,547,21659,,,,,,,,,本科,,,,,
8233238,北京,本科批,物理,,XCD0E29,专业组04,首都师范大学,C561,生物科学（师范）（办学地点:第一年在良乡校区）,师范; 办学地点:第一年在良乡校区,,,,,545,22074,,,,,,545,22074,,,,,,,,,本科,,,,,
8233239,北京,本科批,物理,,XCD0E29,专业组04,首都师范大学,E7E6,化学（师范）（办学地点:第一年在良乡校区）,师范; 办学地点:第一年在良乡校区,,,,,546,21881,,,,,,546,21881,,,,,,,,,本科,,,,,
8233240,北京,本科批,物理,,XCD0E29,专业组04,首都师范大学,5FA2,教育技术学（师范）（办学地点:第一年在良乡校区）,师范; 办学地点:第一年在良乡校区,,,,,546,21881,,,,,,546,21881,,,,,,,,,本科,,,,,
8233241,北京,本科批,物理,,XCD0E29,专业组04,首都师范大学,970A,物理学（师范）（办学地点:第一年在良乡校区）,师范; 办学地点:第一年在良乡校区,,,,,555,19867,,,,,,555,19867,,,,,,,,,本科,,,,,
8233242,北京,本科批,物理,,XCD0E29,专业组04,首都师范大学,E3EC,人工智能（师范）（办学地点:第一年在良乡校区）,师范; 办学地点:第一年在良乡校区,,,,,558,19195,,,,,,558,19195,,,,,,,,,本科,,,,,
8233243,北京,本科批,物理,,XCD0E29,专业组05,首都师范大学,21F8,生物科学类（含生物科学、生物技术;办学地点:第一年在良乡校区）,含生物科学、生物技术;办学地点:第一年在良乡校区,,,,,567,17299,,,,,,567,17299,,,,,,,,,本科,,,,,
8233244,北京,本科批,物理,,XCD0E29,专业组05,首都师范大学,186A,教育技术学（办学地点:第一年在良乡校区）,办学地点:第一年在良乡校区,,,,,567,17299,,,,,,567,17299,,,,,,,,,本科,,,,,
8233245,北京,本科批,物理,,XCD0E29,专业组05,首都师范大学,343D,遥感科学与技术（办学地点:第一年在良乡校区）,办学地点:第一年在良乡校区,,,,,567,17299,,,,,,567,17299,,,,,,,,,本科,,,,,
8233246,北京,本科批,物理,,XCD0E29,专业组05,首都师范大学,5FC4,地理信息科学（办学地点:第一年在良乡校区）,办学地点:第一年在良乡校区,,,,,567,17299,,,,,,567,17299,,,,,,,,,本科,,,,,
8233247,北京,本科批,物理,,XCD0E29,专业组05,首都师范大学,AA52,大数据管理与应用（办学地点:第一年在良乡校区）,办学地点:第一年在良乡校区,,,,,568,17101,,,,,,568,17101,,,,,,,,,本科,,,,,
8233248,北京,本科批,物理,,XCD0E29,专业组05,首都师范大学,0CB4,地理信息科学（考古学双学士学位项目）（办学地点:第一年在良乡校区）,考古学双学士学位项目; 办学地点:第一年在良乡校区,,,,,570,16658,,,,,,570,16658,,,,,,,,,本科,,,,,
8233249,北京,本科批,物理,,XCD0E29,专业组05,首都师范大学,EA48,电子信息工程（办学地点:第一年在良乡校区）,办学地点:第一年在良乡校区,,,,,571,16481,,,,,,571,16481,,,,,,,,,本科,,,,,
8233250,北京,本科批,物理,,XCD0E29,专业组05,首都师范大学,8C16,光电信息科学与工程（办学地点:第一年在良乡校区）,办学地点:第一年在良乡校区,,,,,571,16481,,,,,,571,16481,,,,,,,,,本科,,,,,
8233251,北京,本科批,物理,,XCD0E29,专业组05,首都师范大学,4981,人工智能（办学地点:第一年在良乡校区）,办学地点:第一年在良乡校区,,,,,571,16481,,,,,,571,16481,,,,,,,,,本科,,,,,
8233252,北京,本科批,物理,,XCD0E29,专业组05,首都师范大学,73D6,应用化学（办学地点:第一年在良乡校区）,办学地点:第一年在良乡校区,,,,,575,15638,,,,,,575,15638,,,,,,,,,本科,,,,,
8233253,北京,本科批,物理,,XCD0E29,专业组05,首都师范大学,7CE7,数学类（数理实验班）（含数学与应用数学、信息与计算科学、统计学;办学地点:第一年在良乡校区）,数理实验班; 含数学与应用数学、信息与计算科学、统计学;办学地点:第一年在良乡校区,,,,,577,15224,,,,,,577,15224,,,,,,,,,本科,,,,,
8233254,北京,本科批,物理,,XCD0E29,专业组04,首都师范大学,7AC5,数学与应用数学（师范）（办学地点:第一年在良乡校区）,师范; 办学地点:第一年在良乡校区,,,,,580,14596,,,,,,580,14596,,,,,,,,,本科,,,,,
8233255,北京,本科批,物理,,XCD0E29,专业组05,首都师范大学,EA9A,计算机科学与技术（办学地点:第一年在良乡校区）,办学地点:第一年在良乡校区,,,,,580,14596,,,,,,580,14596,,,,,,,,,本科,,,,,
8233256,北京,本科批,物理,,XCD0E29,专业组01,首都师范大学,DC07,劳动与社会保障（办学地点:第一年在良乡校区）,办学地点:第一年在良乡校区,,,,,582,14198,,,,,,582,14198,,,,,,,,,本科,,,,,
8233257,北京,本科批,物理,,XCD0E29,专业组01,首都师范大学,C60C,俄语（只招英语考生;办学地点:第一年在良乡校区）,只招英语考生;办学地点:第一年在良乡校区,,,,,582,14198,,,,,,582,14198,,,,,,,,,本科,,,,,
8233632,北京,本科批,物理,,X02DC8B,专业组01,大连交通大学,50B4,土木工程（办学地点:旅顺口校区）,办学地点:旅顺口校区,,,,,507,30652,,,,,,507,30652,,,,,,,,,本科,,,,,
8233633,北京,本科批,物理,,X02DC8B,专业组01,大连交通大学,E739,电气工程及其自动化（办学地点:旅顺口校区）,办学地点:旅顺口校区,,,,,508,30404,,,,,,508,30404,,,,,,,,,本科,,,,,
8233634,北京,本科批,物理,,X02DC8B,专业组01,大连交通大学,08D7,机械工程（办学地点:旅顺口校区）,办学地点:旅顺口校区,,,,,512,29550,,,,,,512,29550,,,,,,,,,本科,,,,,
8233635,北京,本科批,物理,,X02DC8B,专业组01,大连交通大学,1A1A,车辆工程（办学地点:旅顺口校区）,办学地点:旅顺口校区,,,,,517,28417,,,,,,517,28417,,,,,,,,,本科,,,,,
8233636,北京,本科批,物理,,X02DC8B,专业组01,大连交通大学,9DE1,交通运输（办学地点:旅顺口校区）,办学地点:旅顺口校区,,,,,521,27493,,,,,,521,27493,,,,,,,,,本科,,,,,
8234390,北京,本科批,物理,,X22EE14,专业组03,湖南科技大学,7E23,环境工程,,,,,,506,30876,,,,,,506,30876,,,,,,,,,本科,,,,,
8234391,北京,本科批,物理,,X22EE14,专业组03,湖南科技大学,A942,材料科学与工程,,,,,,506,30876,,,,,,506,30876,,,,,,,,,本科,,,,,
8234392,北京,本科批,物理,,X22EE14,专业组03,湖南科技大学,C096,智能材料与结构,,,,,,507,30652,,,,,,507,30652,,,,,,,,,本科,,,,,
8234393,北京,本科批,物理,,X22EE14,专业组03,湖南科技大学,D6ED,化学工程与工艺,,,,,,508,30404,,,,,,508,30404,,,,,,,,,本科,,,,,
8234394,北京,本科批,物理,,X22EE14,专业组03,湖南科技大学,548C,信息与计算科学,,,,,,509,30177,,,,,,509,30177,,,,,,,,,本科,,,,,
8234395,北京,本科批,物理,,X22EE14,专业组03,湖南科技大学,4718,数据科学与大数据技术,,,,,,513,29317,,,,,,513,29317,,,,,,,,,本科,,,,,
8234396,北京,本科批,物理,,X22EE14,专业组01,湖南科技大学,FB65,风景园林,,,,,,517,28417,,,,,,517,28417,,,,,,,,,本科,,,,,
8234397,北京,本科批,物理,,X22EE14,专业组03,湖南科技大学,F11A,机器人工程,,,,,,517,28417,,,,,,517,28417,,,,,,,,,本科,,,,,
8234398,北京,本科批,物理,,X22EE14,专业组01,湖南科技大学,25DE,国际经济与贸易,,,,,,517,28417,,,,,,517,28417,,,,,,,,,本科,,,,,
8234399,北京,本科批,物理,,X22EE14,专业组03,湖南科技大学,25BA,集成电路设计与集成系统,,,,,,518,28167,,,,,,518,28167,,,,,,,,,本科,,,,,
8234400,北京,本科批,物理,,X22EE14,专业组03,湖南科技大学,93E3,电子信息工程,,,,,,520,27728,,,,,,520,27728,,,,,,,,,本科,,,,,
8234401,北京,本科批,物理,,X22EE14,专业组03,湖南科技大学,78FF,机械设计制造及其自动化,,,,,,520,27728,,,,,,520,27728,,,,,,,,,本科,,,,,
8234402,北京,本科批,物理,,X22EE14,专业组03,湖南科技大学,A5B7,电气工程及其自动化,,,,,,521,27493,,,,,,521,27493,,,,,,,,,本科,,,,,
8234403,北京,本科批,物理,,X22EE14,专业组03,湖南科技大学,4C65,自动化,,,,,,522,27234,,,,,,522,27234,,,,,,,,,本科,,,,,
8234404,北京,本科批,物理,,X22EE14,专业组01,湖南科技大学,6AB9,经济学,,,,,,522,27234,,,,,,522,27234,,,,,,,,,本科,,,,,
8234405,北京,本科批,物理,,X22EE14,专业组01,湖南科技大学,5E19,会计学,,,,,,525,26546,,,,,,525,26546,,,,,,,,,本科,,,,,
8234406,北京,本科批,物理,,X22EE14,专业组01,湖南科技大学,927B,法学,,,,,,527,26065,,,,,,527,26065,,,,,,,,,本科,,,,,
8234407,北京,本科批,物理,,X22EE14,专业组02,湖南科技大学,1C92,数字经济,,,,,,527,26065,,,,,,527,26065,,,,,,,,,本科,,,,,
8234408,北京,本科批,物理,,X22EE14,专业组03,湖南科技大学,3C38,软件工程,,,,,,537,23824,,,,,,537,23824,,,,,,,,,本科,,,,,
8234409,北京,本科批,物理,,X22EE14,专业组03,湖南科技大学,A5D2,测控技术与仪器,,,,,,537,23824,,,,,,537,23824,,,,,,,,,本科,,,,,
8235474,北京,本科批,物理,,X601532,专业组02,江西财经大学,D3F0,软件工程（中外合作办学）,中外合作办学,,,,,544,22278,,,,,,544,22278,,,,,,,,,本科,,,,,
8235475,北京,本科批,物理,,X601532,专业组04,江西财经大学,B9A5,计算机科学与技术,,,,,,547,21659,,,,,,547,21659,,,,,,,,,本科,,,,,
8235476,北京,本科批,物理,,X601532,专业组04,江西财经大学,098D,数据科学,,,,,,549,21198,,,,,,549,21198,,,,,,,,,本科,,,,,
8235477,北京,本科批,物理,,X601532,专业组01,江西财经大学,E9F3,数字经济（中外合作办学）,中外合作办学,,,,,553,20311,,,,,,553,20311,,,,,,,,,本科,,,,,
8235478,北京,本科批,物理,,X601532,专业组03,江西财经大学,0FBC,金融学,,,,,,563,18175,,,,,,563,18175,,,,,,,,,本科,,,,,
8235479,北京,本科批,物理,,X601532,专业组03,江西财经大学,AEFF,金融学（国际投资与金融）,国际投资与金融,,,,,564,17958,,,,,,564,17958,,,,,,,,,本科,,,,,
8235480,北京,本科批,物理,,X601532,专业组03,江西财经大学,BAB1,法学（涉外法治）,涉外法治,,,,,564,17958,,,,,,564,17958,,,,,,,,,本科,,,,,
8235481,北京,本科批,物理,,X601532,专业组03,江西财经大学,2D2A,金融学（FRM方向）,FRM方向,,,,,564,17958,,,,,,564,17958,,,,,,,,,本科,,,,,
8235482,北京,本科批,物理,,X601532,专业组03,江西财经大学,1E85,金融学（CFA方向）,CFA方向,,,,,565,17728,,,,,,565,17728,,,,,,,,,本科,,,,,
8235483,北京,本科批,物理,,X601532,专业组03,江西财经大学,927B,法学,,,,,,566,17509,,,,,,566,17509,,,,,,,,,本科,,,,,
8235484,北京,本科批,物理,,X601532,专业组03,江西财经大学,21BA,财政学,,,,,,571,16481,,,,,,571,16481,,,,,,,,,本科,,,,,
8235485,北京,本科批,物理,,X601532,专业组03,江西财经大学,187F,会计学（国际会计）,国际会计,,,,,572,16267,,,,,,572,16267,,,,,,,,,本科,,,,,
8235486,北京,本科批,物理,,X601532,专业组03,江西财经大学,9BE1,会计学（注册会计师）,注册会计师,,,,,573,16069,,,,,,573,16069,,,,,,,,,本科,,,,,
8235487,北京,本科批,物理,,X601532,专业组03,江西财经大学,E16F,会计学（ACCA方向）,ACCA方向,,,,,578,15033,,,,,,578,15033,,,,,,,,,本科,,,,,
8236539,北京,本科批,物理,,X5FB0C6,专业组01,南京工程学院,F068,人工智能,,,,,,525,26546,,,,,,525,26546,,,,,,,,,本科,,,,,
8236540,北京,本科批,物理,,X5FB0C6,专业组01,南京工程学院,EE98,电气工程及其自动化（输配电工程）,输配电工程,,,,,535,24276,,,,,,535,24276,,,,,,,,,本科,,,,,
8237169,北京,本科批,物理,,X5BE74D,专业组02,苏州科技大学,C7F0,土木工程（专业办学地点:江枫校区）,专业办学地点:江枫校区,,,,,497,32907,,,,,,497,32907,,,,,,,,,本科,,,,,
8237170,北京,本科批,物理,,X5BE74D,专业组01,苏州科技大学,328E,汉语言文学（专业办学地点:石湖校区）,专业办学地点:石湖校区,,,,,524,26772,,,,,,524,26772,,,,,,,,,本科,,,,,
8237753,北京,本科批,物理,,XE5921F,专业组02,西南民族大学,64FD,食品科学与工程类（含食品科学与工程、食品质量与安全）（办学地点:航空港校区）,含食品科学与工程、食品质量与安全; 办学地点:航空港校区,,,,,495,33354,,,,,,495,33354,,,,,,,,,本科,,,,,
8237754,北京,本科批,物理,,XE5921F,专业组02,西南民族大学,007D,电子信息工程（办学地点:航空港校区）,办学地点:航空港校区,,,,,504,31368,,,,,,504,31368,,,,,,,,,本科,,,,,
8237755,北京,本科批,物理,,XE5921F,专业组02,西南民族大学,721E,计算机类（含计算机科学与技术、软件工程、网络工程、物联网工程）（办学地点:航空港校区）,含计算机科学与技术、软件工程、网络工程、物联网工程; 办学地点:航空港校区,,,,,508,30404,,,,,,508,30404,,,,,,,,,本科,,,,,
8237756,北京,本科批,物理,,XE5921F,专业组01,西南民族大学,7045,金融学（办学地点:航空港校区）,办学地点:航空港校区,,,,,526,26285,,,,,,526,26285,,,,,,,,,本科,,,,,
8237757,北京,本科批,物理,,XE5921F,专业组01,西南民族大学,54C1,应用心理学（办学地点:航空港校区）,办学地点:航空港校区,,,,,529,25630,,,,,,529,25630,,,,,,,,,本科,,,,,
8237758,北京,本科批,物理,,XE5921F,专业组01,西南民族大学,50D0,法学（办学���点:武侯校区）,办学���点:武侯校区,,,,,530,25414,,,,,,530,25414,,,,,,,,,本科,,,,,
8238694,北京,本科批,物理,,XFE5258,专业组01,西安科技大学,93E3,电子信息工程,,,,,,531,25202,,,,,,531,25202,,,,,,,,,本科,,,,,
8239508,北京,本科批,物理,,X51537B,专业组01,南昌航空大学,C012,新闻学（专业办学地点:前湖校区）,专业办学地点:前湖校区,,,,,503,31574,,,,,,503,31574,,,,,,,,,本科,,,,,
8239509,北京,本科批,物理,,X51537B,专业组01,南昌航空大学,D5E7,经济学（专业办学地点:前湖校区）,专业办学地点:前湖校区,,,,,509,30177,,,,,,509,30177,,,,,,,,,本科,,,,,
8239510,北京,本科批,物理,,X51537B,专业组02,南昌航空大学,6009,金属材料工程（专业办学地点:前湖校区）,专业办学地点:前湖校区,,,,,511,29771,,,,,,511,29771,,,,,,,,,本科,,,,,
8239511,北京,本科批,物理,,X51537B,专业组02,南昌航空大学,2189,数据科学与大数据技术（专业办学地点:前湖校区）,专业办学地点:前湖校区,,,,,512,29550,,,,,,512,29550,,,,,,,,,本科,,,,,
8239512,北京,本科批,物理,,X51537B,专业组02,南昌航空大学,A07F,飞行器动力工程（专业办学地点:前湖校区）,专业办学地点:前湖校区,,,,,519,27941,,,,,,519,27941,,,,,,,,,本科,,,,,
8239513,北京,本科批,物理,,X51537B,专业组02,南昌航空大学,17FC,测控技术与仪器（专业办学地点:前湖校区）,专业办学地点:前湖校区,,,,,520,27728,,,,,,520,27728,,,,,,,,,本科,,,,,
8239514,北京,本科批,物理,,X51537B,专业组02,南昌航空大学,C97A,飞行器制造工程（专业办学地点:前湖校区）,专业办学地点:前湖校区,,,,,521,27493,,,,,,521,27493,,,,,,,,,本科,,,,,
8240370,北京,本科批,物理,,XBAFD9A,专业组01,桂林理工大学,DE9D,工商管理类（含工商管理、市场营销、人力资源管理）（办学地点:雁山校区）,含工商管理、市场营销、人力资源管理; 办学地点:雁山校区,,,,,491,34236,,,,,,491,34236,,,,,,,,,本科,,,,,
8240371,北京,本科批,物理,,XBAFD9A,专业组02,桂林理工大学,0FEE,人工智能（办学地点:雁山校区）,办学地点:雁山校区,,,,,497,32907,,,,,,497,32907,,,,,,,,,本科,,,,,
8241265,北京,本科批,物理,,XC77C51,专业组01,哈尔滨理工大学,3477,应用物理学,,,,,,522,27234,,,,,,522,27234,,,,,,,,,本科,,,,,
8241266,北京,本科批,物理,,XC77C51,专业组01,哈尔滨理工大学,4ECE,土木工程,,,,,,524,26772,,,,,,524,26772,,,,,,,,,本科,,,,,
8241267,北京,本科批,物理,,XC77C51,专业组01,哈尔滨理工大学,9A06,储能科学与工程,,,,,,526,26285,,,,,,526,26285,,,,,,,,,本科,,,,,
8241268,北京,本科批,物理,,XC77C51,专业组01,哈尔滨理工大学,B9A5,计算机科学与技术,,,,,,529,25630,,,,,,529,25630,,,,,,,,,本科,,,,,
8241269,北京,本科批,物理,,XC77C51,专业组01,哈尔滨理工大学,262E,金属材料工程,,,,,,529,25630,,,,,,529,25630,,,,,,,,,本科,,,,,
8241270,北京,本科批,物理,,XC77C51,专业组01,哈尔滨理工大学,93E3,电子信息工程,,,,,,532,24976,,,,,,532,24976,,,,,,,,,本科,,,,,
8241271,北京,本科批,物理,,XC77C51,专业组01,哈尔滨理工大学,4C65,自动化,,,,,,534,24493,,,,,,534,24493,,,,,,,,,本科,,,,,
8241272,北京,本科批,物理,,XC77C51,专业组01,哈尔滨理工大学,A5B7,电气工程及其自动化,,,,,,540,23122,,,,,,540,23122,,,,,,,,,本科,,,,,
8242062,北京,本科批,物理,,X1586F7,专业组02,东北财经大学,16DF,金融工程,,,,,,585,13610,,,,,,585,13610,,,,,,,,,本科,,,,,
8242063,北京,本科批,物理,,X1586F7,专业组01,东北财经大学,978C,审计学,,,,,,594,11907,,,,,,594,11907,,,,,,,,,本科,,,,,
8242064,北京,本科批,物理,,X1586F7,专业组01,东北财经大学,FB18,财务管理,,,,,,594,11907,,,,,,594,11907,,,,,,,,,本科,,,,,
8242065,北京,本科批,物理,,X1586F7,专业组01,东北财经大学,25DE,国际经济与贸易,,,,,,594,11907,,,,,,594,11907,,,,,,,,,本科,,,,,
8242066,北京,本科批,物理,,X1586F7,专业组02,东北财经大学,28AD,经济统计学,,,,,,596,11548,,,,,,596,11548,,,,,,,,,本科,,,,,
8242067,北京,本科批,物理,,X1586F7,专业组01,东北财经大学,4DFE,财政学类（含财政学、税收学，学生大学二年级依据个人意愿、学习成绩、综合表现和学校相关规定在所录取专业类内确定专业）,含财政学、税收学，学生大学二年级依据个人意愿、学习成绩、综合表现和学校相关规定在所录取专业类内确定专业,,,,,600,10787,,,,,,600,10787,,,,,,,,,本科,,,,,
8242068,北京,本科批,物理,,X1586F7,专业组01,东北财经大学,187F,会计学（国际会计）,国际会计,,,,,602,10383,,,,,,602,10383,,,,,,,,,本科,,,,,
8242069,北京,本科批,物理,,X1586F7,专业组01,东北财经大学,9BE1,会计学（注册会计师）,注册会计师,,,,,604,10041,,,,,,604,10041,,,,,,,,,本科,,,,,
8242070,北京,本科批,物理,,X1586F7,专业组01,东北财经大学,D91E,金融学类（含金融学、投资学，学生大学二年级依据个人意愿、学习成绩、综合表现和学校相关规定在所录取专业类内确定专业）,含金融学、投资学，学生大学二年级依据个人意愿、学习成绩、综合表现和学校相关规定在所录取专业类内确定专业,,,,,614,8294,,,,,,614,8294,,,,,,,,,本科,,,,,
8242902,北京,本科批,物理,,XEE96A5,专业组02,浙江理工大学,57D1,服装设计与工程,,,,,,532,24976,,,,,,532,24976,,,,,,,,,本科,,,,,
8242903,北京,本科批,物理,,XEE96A5,专业组01,浙江理工大学,764E,经济与贸易类（含经济学、金融学、国际经济与贸易）,含经济学、金融学、国际经济与贸易,,,,,542,22695,,,,,,542,22695,,,,,,,,,本科,,,,,
8242904,北京,本科批,物理,,XEE96A5,专业组03,浙江理工大学,A582,生物科学类（含生物技术、生物制药，不招色盲、色弱、单色识别能力异常）（以上10、30专业办学地点:下沙校区;20专业办学地点:临平校区）,含生物技术、生物制药，不招色盲、色弱、单色识别能力异常; 以上10、30专业办学地点:下沙校区;20专业办学地点:临平校区,,,,,549,21198,,,,,,549,21198,,,,,,,,,本科,,,,,
8243444,北京,本科批,物理,,XD45BF3,专业组03,南京审计大学,0794,会计学（10、20专业办学地点:莫愁校区;30-38专业办学地点:浦口校区）,10、20专业办学地点:莫愁校区;30-38专业办学地点:浦口校区,,,,,566,17509,,,,,,566,17509,,,,,,,,,本科,,,,,
8243445,北京,本科批,物理,,XD45BF3,专业组03,南京审计大学,5B2A,英语（10、20专业办学地点:莫愁校区;30-38专业办学地点:浦口校区）,10、20专业办学地点:莫愁校区;30-38专业办学地点:浦口校区,,,,,566,17509,,,,,,566,17509,,,,,,,,,本科,,,,,
8243446,北京,本科批,物理,,XD45BF3,专业组03,南京审计大学,A65A,人力资源管理（10、20专业办学地点:莫愁校区;30-38专业办学地点:浦口校区）,10、20专业办学地点:莫愁校区;30-38专业办学地点:浦口校区,,,,,566,17509,,,,,,566,17509,,,,,,,,,本科,,,,,
8243447,北京,本科批,物理,,XD45BF3,专业组03,南京审计大学,92B6,工商管理（10、20专业办学地点:莫愁校区;30-38专业办学地点:浦口校区）,10、20专业办学地点:莫愁校区;30-38专业办学地点:浦口校区,,,,,566,17509,,,,,,566,17509,,,,,,,,,本科,,,,,
8243448,北京,本科批,物理,,XD45BF3,专业组03,南京审计大学,BAC1,金融审计（10、20专业办学地点:莫愁校区;30-38专业办学地点:浦口校区）,10、20专业办学地点:莫愁校区;30-38专业办学地点:浦口校区,,,,,566,17509,,,,,,566,17509,,,,,,,,,本科,,,,,
8243449,北京,本科批,物理,,XD45BF3,专业组03,南京审计大学,CC3C,法学（法务金融）（（10、20专业办学地点:莫愁校区;30-38专业办学地点:浦口校区）,法务金融; （10、20专业办学地点:莫愁校区;30-38专业办学地点:浦口校区,,,,,566,17509,,,,,,566,17509,,,,,,,,,本科,,,,,
8243450,北京,本科批,物理,,XD45BF3,专业组03,南京审计大学,00F2,审计学（10、20专业办学地点:莫愁校区;30-38专业办学地点:浦口校区）,10、20专业办学地点:莫愁校区;30-38专业办学地点:浦口校区,,,,,566,17509,,,,,,566,17509,,,,,,,,,本科,,,,,
8243451,北京,本科批,物理,,XD45BF3,专业组03,南京审计大学,030D,法学（法务会计）（（10、20专业办学地点:莫愁校区;30-38专业办学地点:浦口校区）,法务会计; （10、20专业办学地点:莫愁校区;30-38专业办学地点:浦口校区,,,,,566,17509,,,,,,566,17509,,,,,,,,,本科,,,,,
8243452,北京,本科批,物理,,XD45BF3,专业组03,南京审计大学,772D,内部审计（10、20专业办学地点:莫愁校区;30-38专业办学地点:浦口校区）,10、20专业办学地点:莫愁校区;30-38专业办学地点:浦口校区,,,,,566,17509,,,,,,566,17509,,,,,,,,,本科,,,,,
8243453,北京,本科批,物理,,XD45BF3,专业组02,南京审计大学,97B9,工程管理（中外合作办学）（（10、20专业办学地点:莫愁校区;30-38专业办学地点:浦口校区）,中外合作办学; （10、20专业办学地点:莫愁校区;30-38专业办学地点:浦口校区,,,,,566,17509,,,,,,566,17509,,,,,,,,,本科,,,,,
8243454,北京,本科批,物理,,XD45BF3,专业组01,南京审计大学,3C5A,审计学（中外合作办学）（（10、20专业办学地点:莫愁校区;30-38专业办学地点:浦口校区）,中外合作办学; （10、20专业办学地点:莫愁校区;30-38专业办学地点:浦口校区,,,,,586,13407,,,,,,586,13407,,,,,,,,,本科,,,,,
8244084,北京,本科批,物理,,X1056FF,专业组01,武汉工程大学,E122,计算机类（含计算机科学与技术、智能科学与技术、物联网工程、数字媒体技术、网络空间安全、软件工程）,含计算机科学与技术、智能科学与技术、物联网工程、数字媒体技术、网络空间安全、软件工程,,,,,527,26065,,,,,,527,26065,,,,,,,,,本科,,,,,
8244085,北京,本科批,物理,,X1056FF,专业组01,武汉工程大学,A5B7,电气工程及其自动化,,,,,,527,26065,,,,,,527,26065,,,,,,,,,本科,,,,,
8244730,北京,本科批,物理,,X0A953D,专业组02,山东建筑大学,F068,人工智能,,,,,,508,30404,,,,,,508,30404,,,,,,,,,本科,,,,,
8244731,北京,本科批,物理,,X0A953D,专业组01,山东建筑大学,40D0,城乡规划（五年）,五年,,,,,515,28850,,,,,,515,28850,,,,,,,,,本科,,,,,
8244732,北京,本科批,物理,,X0A953D,专业组01,山东建筑大学,6AA2,建筑学（五年）,五年,,,,,517,28417,,,,,,517,28417,,,,,,,,,本科,,,,,
8245442,北京,本科批,物理,,X5BB582,专业组01,大连大学,3B8E,日语（只招英语、日语考生）,只招英语、日语考生,,,,,517,28417,,,,,,517,28417,,,,,,,,,本科,,,,,
8245443,北京,本科批,物理,,X5BB582,专业组01,大连大学,5E19,会计学,,,,,,520,27728,,,,,,520,27728,,,,,,,,,本科,,,,,
8245444,北京,本科批,物理,,X5BB582,专业组01,大连大学,A615,汉语国际教育,,,,,,525,26546,,,,,,525,26546,,,,,,,,,本科,,,,,
8245445,北京,本科批,物理,,X5BB582,专业组01,大连大学,D243,汉语言文学,,,,,,527,26065,,,,,,527,26065,,,,,,,,,本科,,,,,
8246177,北京,本科批,物理,,XBAC107,专业组01,中国药科大学,A7F0,临床药学（中外合作办学）（五年）（不招色盲、色弱、单色识别能力异常，第三、四学年赴英国学习，第五学年在国内学习，国外学费另计）,中外合作办学; 五年; 不招色盲、色弱、单色识别能力异常，第三、四学年赴英国学习，第五学年在国内学习，国外学费另计,,,,,602,10383,,,,,,602,10383,,,,,,,,,本科,,,,,
8246178,北京,本科批,物理,,XBAC107,专业组02,中国药科大学,2E15,中药学类（含中药学、中药资源与开发、中药制药，不招色盲、色弱、单色识别能力异常）（专业办学地点:江宁校区）,含中药学、中药资源与开发、中药制药，不招色盲、色弱、单色识别能力异常; 专业办学地点:江宁校区,,,,,605,9850,,,,,,605,9850,,,,,,,,,本科,,,,,
8246179,北京,本科批,物理,,XBAC107,专业组02,中国药科大学,1678,生物统计学（专业办学地点:江宁校区）,专业办学地点:江宁校区,,,,,606,9678,,,,,,606,9678,,,,,,,,,本科,,,,,
8246180,北京,本科批,物理,,XBAC107,专业组02,中国药科大学,EEA4,化工与制药类（含制药工程、食品营养与健康、环境科学，不招色盲、色弱、单色识别能力异常）（专业办学地点:江宁校区）,含制药工程、食品营养与健康、环境科学，不招色盲、色弱、单色识别能力异常; 专业办学地点:江宁校区,,,,,607,9499,,,,,,607,9499,,,,,,,,,本科,,,,,
8246181,北京,本科批,物理,,XBAC107,专业组02,中国药科大学,959B,生物医药数据科学（专业办学地点:江宁校区）,专业办学地点:江宁校区,,,,,608,9333,,,,,,608,9333,,,,,,,,,本科,,,,,
8246182,北京,本科批,物理,,XBAC107,专业组02,中国药科大学,B06C,药事管理（专业办学地点:江宁校区）,专业办学地点:江宁校区,,,,,610,9022,,,,,,610,9022,,,,,,,,,本科,,,,,
8246183,北京,本科批,物理,,XBAC107,专业组02,中国药科大学,D64C,生物技术（不招色盲、色弱、单色识别能力异常）（专业办学地点:江宁校区）,不招色盲、色弱、单色识别能力异常; 专业办学地点:江宁校区,,,,,611,8842,,,,,,611,8842,,,,,,,,,本科,,,,,
8246184,北京,本科批,物理,,XBAC107,专业组02,中国药科大学,1F61,生物制药（不招色盲、色弱、单色识别能力异常）（专业办学地点:江宁校区）,不招色盲、色弱、单色识别能力异常; 专业办学地点:江宁校区,,,,,612,8660,,,,,,612,8660,,,,,,,,,本科,,,,,
8246185,北京,本科批,物理,,XBAC107,专业组02,中国药科大学,40B0,药学类（含药学、药物制剂、药物分析、药物化学，不招色盲、色弱、单色识别能力异常）（专业办学地点:江宁校区）,含药学、药物制剂、药物分析、药物化学，不招色盲、色弱、单色识别能力异常; 专业办学地点:江宁校区,,,,,613,8472,,,,,,613,8472,,,,,,,,,本科,,,,,
8246186,北京,本科批,物理,,XBAC107,专业组02,中国药科大学,552C,生物制药（拔尖创新班）（不招色盲、色弱、单色识别能力异常）（专业办学地点:江宁校区）,拔尖创新班; 不招色盲、色弱、单色识别能力异常; 专业办学地点:江宁校区,,,,,625,6546,,,,,,625,6546,,,,,,,,,本科,,,,,
8246187,北京,本科批,物理,,XBAC107,专业组02,中国药科大学,6280,药学（拔尖创新班）（不招色盲、色弱、单色识别能力异常）（专业办学地点:江宁校区）,拔尖创新班; 不招色盲、色弱、单色识别能力异常; 专业办学地点:江宁校区,,,,,629,5925,,,,,,629,5925,,,,,,,,,本科,,,,,
8246882,北京,本科批,物理,,X4FA810,专业组01,华东政法大学,9909,法学（国际经济法）（（专业办学地点:松江校区）,国际经济法; （专业办学地点:松江校区,,,,,626,6380,,,,,,626,6380,,,,,,,,,本科,,,,,
8246883,北京,本科批,物理,,X4FA810,专业组01,华东政法大学,975F,新闻学（专业办学地点:松江校区）,专业办学地点:松江校区,,,,,626,6380,,,,,,626,6380,,,,,,,,,本科,,,,,
8246884,北京,本科批,物理,,X4FA810,专业组01,华东政法大学,FC8E,法学（刑事法律）（（专业办学地点:松江校区）,刑事法律; （专业办学地点:松江校区,,,,,628,6085,,,,,,628,6085,,,,,,,,,本科,,,,,
8246885,北京,本科批,物理,,X4FA810,专业组01,华东政法大学,CBEF,法学（经济法）（（专业办学地点:松江校区）,经济法; （专业办学地点:松江校区,,,,,629,5925,,,,,,629,5925,,,,,,,,,本科,,,,,
8246886,北京,本科批,物理,,X4FA810,专业组01,华东政法大学,8D14,法学（涉外卓越国际金融法律人才实验班）（（专业办学地点:松江校区）,涉外卓越国际金融法律人才实验班; （专业办学地点:松江校区,,,,,633,5307,,,,,,633,5307,,,,,,,,,本科,,,,,
8246887,北京,本科批,物理,,X4FA810,专业组01,华东政法大学,8692,法学（民商法律）（（专业办学地点:松江校区）,民商法律; （专业办学地点:松江校区,,,,,634,5176,,,,,,634,5176,,,,,,,,,本科,,,,,
8247501,北京,本科批,物理,,XE2F623,专业组01,天津财经大学,AB62,金融学（中外合作办学）（与美国西弗吉尼亚大学合作举办，培养能源金融方向复合型金融人才;外语单科成绩低于110分的考生慎重填报;外方学费标准、授予学位等详见该校（{02}不招限）目:）,中外合作办学; 与美国西弗吉尼亚大学合作举办，培养能源金融方向复合型金融人才;外语单科成绩低于110分的考生慎重填报;外方学费标准、授予学位等详见该校（{02}不招限,,,,,550,20990,,,,,,550,20990,,,,,,,,,本科,,,,,
8247502,北京,本科批,物理,,XE2F623,专业组03,天津财经大学,1C92,数字经济,,,,,,553,20311,,,,,,553,20311,,,,,,,,,本科,,,,,
8247503,北京,本科批,物理,,XE2F623,专业组03,天津财经大学,62BF,大数据管理与应用,,,,,,554,20086,,,,,,554,20086,,,,,,,,,本科,,,,,
8247504,北京,本科批,物理,,XE2F623,专业组03,天津财经大学,16DF,金融工程,,,,,,559,18983,,,,,,559,18983,,,,,,,,,本科,,,,,
8247505,北京,本科批,物理,,XE2F623,专业组02,天津财经大学,F2C3,金融学类（含金融学、保险学、投资学、信用管理）,含金融学、保险学、投资学、信用管理,,,,,560,18792,,,,,,560,18792,,,,,,,,,本科,,,,,
8247506,北京,本科批,物理,,XE2F623,专业组03,天津财经大学,E2CC,经济统计学（杨曾武班）,杨曾武班,,,,,562,18395,,,,,,562,18395,,,,,,,,,本科,,,,,
8247507,北京,本科批,物理,,XE2F623,专业组02,天津财经大学,5E19,会计学,,,,,,562,18395,,,,,,562,18395,,,,,,,,,本科,,,,,
8247508,北京,本科批,物理,,XE2F623,专业组02,天津财经大学,9BE1,会计学（注册会计师）,注册会计师,,,,,563,18175,,,,,,563,18175,,,,,,,,,本科,,,,,
8248280,北京,本科批,物理,,X8B0794,专业组01,延边大学,93B0,"朝鲜语（招汉语答卷非朝鲜族考生,办学地点:延吉校区）","招汉语答卷非朝鲜族考生,办学地点:延吉校区",,,,,554,20086,,,,,,554,20086,,,,,,,,,本科,,,,,
8248281,北京,本科批,物理,,X8B0794,专业组02,延边大学,6AF6,"临床医学（五年）（不招色盲、色弱、单色识别能力异常,办学地点:延吉校区）","五年; 不招色盲、色弱、单色识别能力异常,办学地点:延吉校区",,,,,574,15859,,,,,,574,15859,,,,,,,,,本科,,,,,
8248992,北京,本科批,物理,,X4F2BF2,专业组01,南方医科大学,97C9,护理学（不招色盲、色弱、单色识别能力异常;办学地点:广州校区）,不招色盲、色弱、单色识别能力异常;办学地点:广州校区,,,,,525,26546,,,,,,525,26546,,,,,,,,,本科,,,,,
8248993,北京,本科批,物理,,X4F2BF2,专业组02,南方医科大学,3BF6,预防医学（五年）（（不招色盲、色弱、单色识别能力异常;办学地点:广州校区）,五年; （不招色盲、色弱、单色识别能力异常;办学地点:广州校区,,,,,565,17728,,,,,,565,17728,,,,,,,,,本科,,,,,
8248994,北京,本科批,物理,,X4F2BF2,专业组02,南方医科大学,1BA1,医学检验技术（不招色盲、色弱、单色识别能力异常;办学地点:广州校区）,不招色盲、色弱、单色识别能力异常;办学地点:广州校区,,,,,567,17299,,,,,,567,17299,,,,,,,,,本科,,,,,
8248995,北京,本科批,物理,,X4F2BF2,专业组02,南方医科大学,CC4E,临床药学（五年）（（不招色盲、色弱、单色识别能力异常;办学地点:广州校区）,五年; （不招色盲、色弱、单色识别能力异常;办学地点:广州校区,,,,,570,16658,,,,,,570,16658,,,,,,,,,本科,,,,,
8248996,北京,本科批,物理,,X4F2BF2,专业组02,南方医科大学,D0B5,生物医学工程（不招色盲、色弱、单色识别能力异常;办学地点:顺德校区）,不招色盲、色弱、单色识别能力异常;办学地点:顺德校区,,,,,571,16481,,,,,,571,16481,,,,,,,,,本科,,,,,
8248997,北京,本科批,物理,,X4F2BF2,专业组02,南方医科大学,5A1B,生物技术（不招色盲、色弱、单色识别能力异常;办学地点:广州校区）,不招色盲、色弱、单色识别能力异常;办学地点:广州校区,,,,,573,16069,,,,,,573,16069,,,,,,,,,本科,,,,,
8248998,北京,本科批,物理,,X4F2BF2,专业组02,南方医科大学,5B21,口腔医学（五年）（（不招色盲、色弱、单色识别能力异常;办学地点:广州校区）,五年; （不招色盲、色弱、单色识别能力异常;办学地点:广州校区,,,,,579,14812,,,,,,579,14812,,,,,,,,,本科,,,,,
8248999,北京,本科批,物理,,X4F2BF2,专业组02,南方医科大学,5D33,临床医学（五年）（（不招色盲、色弱、单色识别能力异常;办学地点:广州校区）,五年; （不招色盲、色弱、单色识别能力异常;办学地点:广州校区,,,,,587,13194,,,,,,587,13194,,,,,,,,,本科,,,,,
8249000,北京,本科批,物理,,X4F2BF2,专业组02,南方医科大学,37F4,临床医学（本博连读）（八年医）（（不招色盲、色弱、单色识别能力异常;办学地点:广州校区）,本博连读; 八年医; （不招色盲、色弱、单色识别能力异常;办学地点:广州校区,,,,,621,7172,,,,,,621,7172,,,,,,,,,本科,,,,,
8249731,北京,本科批,物理,,XFFCDB8,专业组01,浙江工业大学,D2E3,工业设计（以上专业办学地点:朝晖校区）,以上专业办学地点:朝晖校区,,,,,576,15428,,,,,,576,15428,,,,,,,,,本科,,,,,
8249732,北京,本科批,物理,,XFFCDB8,专业组01,浙江工业大学,4718,数据科学与大数据技术,,,,,,579,14812,,,,,,579,14812,,,,,,,,,本科,,,,,
8249733,北京,本科批,物理,,XFFCDB8,专业组01,浙江工业大学,6E95,计算机类（含计算机科学与技术、软件工程、网络工程、数字媒体技术）,含计算机科学与技术、软件工程、网络工程、数字媒体技术,,,,,582,14198,,,,,,582,14198,,,,,,,,,本科,,,,,
8250314,北京,本科批,物理,,X240725,专业组02,天津医科大学,AD6C,医学技术类（含医学检验技术、医学影像技术、眼视光学、康复治疗学，不招色盲、色弱、单色识别能力异常，办学地点:广东路校区）,含医学检验技术、医学影像技术、眼视光学、康复治疗学，不招色盲、色弱、单色识别能力异常，办学地点:广东路校区,,,,,603,10213,,,,,,603,10213,,,,,,,,,本科,,,,,
8250315,北京,本科批,物理,,X240725,专业组02,天津医科大学,F857,眼视光医学（五年）（不招色盲、色弱、单色识别能力异常，办学地点:气象台路校区）,五年; 不招色盲、色弱、单色识别能力异常，办学地点:气象台路校区,,,,,603,10213,,,,,,603,10213,,,,,,,,,本科,,,,,
8250316,北京,本科批,物理,,X240725,专业组02,天津医科大学,973C,生物制药（不招色盲、色弱、单色识别能力异常，办学地点:气象台路校区）,不招色盲、色弱、单色识别能力异常，办学地点:气象台路校区,,,,,603,10213,,,,,,603,10213,,,,,,,,,本科,,,,,
8250317,北京,本科批,物理,,X240725,专业组02,天津医科大学,FD04,临床医学（五年）（不招色盲、色弱、单色识别能力异常，办学地点:气象台路校区）,五年; 不招色盲、色弱、单色识别能力异常，办学地点:气象台路校区,,,,,603,10213,,,,,,603,10213,,,,,,,,,本科,,,,,
8250318,北京,本科批,物理,,X240725,专业组02,天津医科大学,DE45,麻醉学（五年）（不招色盲、色弱、单色识别能力异常，办学地点:气象台路校区）,五年; 不招色盲、色弱、单色识别能力异常，办学地点:气象台路校区,,,,,603,10213,,,,,,603,10213,,,,,,,,,本科,,,,,
8250319,北京,本科批,物理,,X240725,专业组02,天津医科大学,FA33,临床医学（5+3一体化）（五年）（不招色盲、色弱、单色识别能力异常，办学地点:气象台路校区）,5+3一体化; 五年; 不招色盲、色弱、单色识别能力异常，办学地点:气象台路校区,,,,,603,10213,,,,,,603,10213,,,,,,,,,本科,,,,,
8250320,北京,本科批,物理,,X240725,专业组02,天津医科大学,B04E,生物信息学（不招色盲、色弱、单色识别能力异常，办学地点:气象台路校区）,不招色盲、色弱、单色识别能力异常，办学地点:气象台路校区,,,,,603,10213,,,,,,603,10213,,,,,,,,,本科,,,,,
8250321,北京,本科批,物理,,X240725,专业组02,天津医科大学,9DC8,口腔医学（5+3一体化）（五年）（不招色盲、色弱、单色识别能力异常，办学地点:气象台路校区）,5+3一体化; 五年; 不招色盲、色弱、单色识别能力异常，办学地点:气象台路校区,,,,,603,10213,,,,,,603,10213,,,,,,,,,本科,,,,,
8250322,北京,本科批,物理,,X240725,专业组02,天津医科大学,2BFF,临床医学（5+3一体化，儿科学）（五年）（不招色盲、色弱、单色识别能力异常，办学地点:气象台路校区）,5+3一体化，儿科学; 五年; 不招色盲、色弱、单色识别能力异常，办学地点:气象台路校区,,,,,603,10213,,,,,,603,10213,,,,,,,,,本科,,,,,
8250323,北京,本科批,物理,,X240725,专业组02,天津医科大学,BCD0,医学影像学（五年）（不招色盲、色弱、单色识别能力异常，办学地点:广东路校区）,五年; 不招色盲、色弱、单色识别能力异常，办学地点:广东路校区,,,,,603,10213,,,,,,603,10213,,,,,,,,,本科,,,,,
8250324,北京,本科批,物理,,X240725,专业组02,天津医科大学,F189,基础医学（朱宪彝班）（五年）（不招色盲、色弱、单色识别能力异常，办学地点:气象台路校区）,朱宪彝班; 五年; 不招色盲、色弱、单色识别能力异常，办学地点:气象台路校区,,,,,603,10213,,,,,,603,10213,,,,,,,,,本科,,,,,
8250325,北京,本科批,物理,,X240725,专业组01,天津医科大学,82DB,预防医学（五年）（不招色盲、色弱、单色识别能力异常，办学地点:气象台路校区）,五年; 不招色盲、色弱、单色识别能力异常，办学地点:气象台路校区,,,,,611,8842,,,,,,611,8842,,,,,,,,,本科,,,,,
8250897,北京,本科批,物理,,X903385,专业组01,上海海事大学,4F79,经济学类（含经济学（海运与物流经济）、金融学（海运金融）（专业办学地点:临港校区）,含经济学（海运与物流经济; 海运金融; 专业办学地点:临港校区,,,,,559,18983,,,,,,559,18983,,,,,,,,,本科,,,,,
8250898,北京,本科批,物理,,X903385,专业组01,上海海事大学,870F,法语（专业办学地点:临港校区）,专业办学地点:临港校区,,,,,559,18983,,,,,,559,18983,,,,,,,,,本科,,,,,
8250899,北京,本科批,物理,,X903385,专业组01,上海海事大学,0EF1,物流管理（专业办学地点:临港校区）,专业办学地点:临港校区,,,,,560,18792,,,,,,560,18792,,,,,,,,,本科,,,,,
8250900,北京,本科批,物理,,X903385,专业组01,上海海事大学,EEEF,交通管理（国航）（（专业办学地点:临港校区）,国航; （专业办学地点:临港校区,,,,,560,18792,,,,,,560,18792,,,,,,,,,本科,,,,,
8250901,北京,本科批,物理,,X903385,专业组01,上海海事大学,3FAC,法学（海商法）（（专业办学地点:临港校区）,海商法; （专业办学地点:临港校区,,,,,575,15638,,,,,,575,15638,,,,,,,,,本科,,,,,
8251569,北京,本科批,物理,,X8EC9CC,专业组01,河南医药大学,23B2,儿科学（五年）,五年,,,,,526,26285,,,,,,526,26285,,,,,,,,,本科,,,,,
8251570,北京,本科批,物理,,X8EC9CC,专业组01,河南医药大学,CC9A,临床医学（五年）,五年,,,,,533,24746,,,,,,533,24746,,,,,,,,,本科,,,,,
8251711,北京,本科批,物理,,XAC787B,专业组01,青岛农业大学,1F5A,生物育种科学,,,,,,470,38635,,,,,,470,38635,,,,,,,,,本科,,,,,
8251712,北京,本科批,物理,,XAC787B,专业组01,青岛农业大学,3AA0,马业科学,,,,,,490,34462,,,,,,490,34462,,,,,,,,,本科,,,,,
8252262,北京,本科批,物理,,X7F4568,专业组01,浙江师范大学,F897,小学教育（中外合作办学）（师范）（外语成绩不低于110分）,中外合作办学; 师范; 外语成绩不低于110分,,,,,532,24976,,,,,,532,24976,,,,,,,,,本科,,,,,
8252263,北京,本科批,物理,,X7F4568,专业组02,浙江师范大学,E6CB,社会工作,,,,,,539,23365,,,,,,539,23365,,,,,,,,,本科,,,,,
8252264,北京,本科批,物理,,X7F4568,专业组02,浙江师范大学,927B,法学,,,,,,549,21198,,,,,,549,21198,,,,,,,,,本科,,,,,
8252265,北京,本科批,物理,,X7F4568,专业组03,浙江师范大学,F9EA,思想政治教育（师范）,师范,,,,,568,17101,,,,,,568,17101,,,,,,,,,本科,,,,,
8252860,北京,本科批,物理,,XC0672E,专业组01,安徽理工大学,4ECE,土木工程,,,,,,491,34236,,,,,,491,34236,,,,,,,,,本科,,,,,
8252861,北京,本科批,物理,,XC0672E,专业组01,安徽理工大学,12C3,导航工程,,,,,,493,33792,,,,,,493,33792,,,,,,,,,本科,,,,,
8252862,北京,本科批,物理,,XC0672E,专业组01,安徽理工大学,2B47,智能建造,,,,,,494,33572,,,,,,494,33572,,,,,,,,,本科,,,,,
8252863,北京,本科批,物理,,XC0672E,专业组01,安徽理工大学,C7AE,交通工程,,,,,,496,33127,,,,,,496,33127,,,,,,,,,本科,,,,,
8252864,北京,本科批,物理,,XC0672E,专业组01,安徽理工大学,F620,安全工程,,,,,,497,32907,,,,,,497,32907,,,,,,,,,本科,,,,,
8252865,北京,本科批,物理,,XC0672E,专业组01,安徽理工大学,F068,人工智能,,,,,,498,32667,,,,,,498,32667,,,,,,,,,本科,,,,,
8252866,北京,本科批,物理,,XC0672E,专业组01,安徽理工大学,ECA4,通信工程,,,,,,509,30177,,,,,,509,30177,,,,,,,,,本科,,,,,
8254456,北京,本科批,物理,,X84783C,专业组03,江西理工大学,2B47,智能建造,,,,,,491,34236,,,,,,491,34236,,,,,,,,,本科,,,,,
8254457,北京,本科批,物理,,X84783C,专业组03,江西理工大学,F068,人工智能,,,,,,497,32907,,,,,,497,32907,,,,,,,,,本科,,,,,
8254458,北京,本科批,物理,,X84783C,专业组02,江西理工大学,1C92,数字经济,,,,,,505,31121,,,,,,505,31121,,,,,,,,,本科,,,,,
8254459,北京,本科批,物理,,X84783C,专业组01,江西理工大学,0FBC,金融学,,,,,,512,29550,,,,,,512,29550,,,,,,,,,本科,,,,,
8254460,北京,本科批,物理,,X84783C,专业组01,江西理工大学,927B,法学,,,,,,517,28417,,,,,,517,28417,,,,,,,,,本科,,,,,
8255291,北京,本科批,物理,,XE9E1EE,专业组02,江西师范大学,BE4C,计算机科学与技术（非师范）,非师范,,,,,531,25202,,,,,,531,25202,,,,,,,,,本科,,,,,
8255292,北京,本科批,物理,,XE9E1EE,专业组02,江西师范大学,9268,数学与应用数学（师范）,师范,,,,,531,25202,,,,,,531,25202,,,,,,,,,本科,,,,,
8255293,北京,本科批,物理,,XE9E1EE,专业组01,江西师范大学,B53C,汉语言文学（师范）,师范,,,,,568,17101,,,,,,568,17101,,,,,,,,,本科,,,,,
8255294,北京,本科批,物理,,XE9E1EE,专业组01,江西师范大学,163A,心理学类（含心理学（师范）、应用心理学）,含心理学（师范,,,,,572,16267,,,,,,572,16267,,,,,,,,,本科,,,,,
8256182,北京,本科批,物理,,X0587AD,专业组03,北京联合大学,4595,人工智能（京津冀职教改革项目）（办学地点:北京经济管理职业学院固安校区）,京津冀职教改革项目; 办学地点:北京经济管理职业学院固安校区,,,,,440,44020,,,,,,440,44020,,,,,,,,,本科,,,,,
8256183,北京,本科批,物理,,X0587AD,专业组03,北京联合大学,E408,计算机科学与技术（京津冀职教改革项目）（办学地点:北京经济管理职业学院固安校区）,京津冀职教改革项目; 办学地点:北京经济管理职业学院固安校区,,,,,440,44020,,,,,,440,44020,,,,,,,,,本科,,,,,
8256184,北京,本科批,物理,,X0587AD,专业组03,北京联合大学,2BDA,电气工程及其自动化（京津冀职教改革项目）（办学地点:北京经济管理职业学院固安校区）,京津冀职教改革项目; 办学地点:北京经济管理职业学院固安校区,,,,,440,44020,,,,,,440,44020,,,,,,,,,本科,,,,,
8256185,北京,本科批,物理,,X0587AD,专业组03,北京联合大学,CA47,物联网工程（京津冀职教改革项目）（办学地点:北京经济管理职业学院固安校区）,京津冀职教改革项目; 办学地点:北京经济管理职业学院固安校区,,,,,440,44020,,,,,,440,44020,,,,,,,,,本科,,,,,
8256186,北京,本科批,物理,,X0587AD,专业组03,北京联合大学,899F,机器人工程（京津冀职教改革项目）（办学地点:北京经济管理职业学院固安校区）,京津冀职教改革项目; 办学地点:北京经济管理职业学院固安校区,,,,,440,44020,,,,,,440,44020,,,,,,,,,本科,,,,,
8256187,北京,本科批,物理,,X0587AD,专业组11,北京联合大学,E127,建筑环境与能源应用工程（办学地点:垡头校区）,办学地点:垡头校区,,,,,447,42846,,,,,,447,42846,,,,,,,,,本科,,,,,
8256188,北京,本科批,物理,,X0587AD,专业组11,北京联合大学,EE3E,烹饪与营养教育（办学地点:北四环校区）,办学地点:北四环校区,,,,,448,42678,,,,,,448,42678,,,,,,,,,本科,,,,,
8256189,北京,本科批,物理,,X0587AD,专业组11,北京联合大学,663F,食品质量与安全（办学地点:垡头校区）,办学地点:垡头校区,,,,,452,41971,,,,,,452,41971,,,,,,,,,本科,,,,,
8256190,北京,本科批,物理,,X0587AD,专业组11,北京联合大学,F379,工业设计（办学地点:垡头校区）,办学地点:垡头校区,,,,,452,41971,,,,,,452,41971,,,,,,,,,本科,,,,,
8256191,北京,本科批,物理,,X0587AD,专业组11,北京联合大学,0E0E,生物工程（办学地点:垡头校区）,办学地点:垡头校区,,,,,452,41971,,,,,,452,41971,,,,,,,,,本科,,,,,
8256192,北京,本科批,物理,,X0587AD,专业组11,北京联合大学,078D,食品科学与工程（办学地点:垡头校区）,办学地点:垡头校区,,,,,455,41428,,,,,,455,41428,,,,,,,,,本科,,,,,
8256193,北京,本科批,物理,,X0587AD,专业组02,北京联合大学,899E,轨道交通信号与控制（中外合作办学）（办学地点:北四环校区）,中外合作办学; 办学地点:北四环校区,,,,,457,41072,,,,,,457,41072,,,,,,,,,本科,,,,,
8256194,北京,本科批,物理,,X0587AD,专业组02,北京联合大学,6BD2,交通工程（中外合作办学）（办学地点:北四环校区）,中外合作办学; 办学地点:北四环校区,,,,,459,40716,,,,,,459,40716,,,,,,,,,本科,,,,,
8256195,北京,本科批,物理,,X0587AD,专业组11,北京联合大学,6DB8,制药工程（办学地点:垡头校区）,办学地点:垡头校区,,,,,465,39590,,,,,,465,39590,,,,,,,,,本科,,,,,
8256196,北京,本科批,物理,,X0587AD,专业组02,北京联合大学,0718,电气工程及其自动化（中外合作办学）（办学地点:北四环校区）,中外合作办学; 办学地点:北四环校区,,,,,473,38024,,,,,,473,38024,,,,,,,,,本科,,,,,
8256197,北京,本科批,物理,,X0587AD,专业组02,北京联合大学,796F,物流工程（京津冀职教改革项目）（办学地点:北京经济管理职业学院固安校区）,京津冀职教改革项目; 办学地点:北京经济管理职业学院固安校区,,,,,478,36997,,,,,,478,36997,,,,,,,,,本科,,,,,
8256198,北京,本科批,物理,,X0587AD,专业组10,北京联合大学,071A,交通工程（办学地点:北四环校区）,办学地点:北四环校区,,,,,479,36793,,,,,,479,36793,,,,,,,,,本科,,,,,
8256199,北京,本科批,物理,,X0587AD,专业组10,北京联合大学,9BA0,机器人工程（办学地点:工体北路校区）,办学地点:工体北路校区,,,,,480,36562,,,,,,480,36562,,,,,,,,,本科,,,,,
8256200,北京,本科批,物理,,X0587AD,专业组01,北京联合大学,62B3,旅游管理（京津冀职教改革项目）（办学地点:北京经济管理职业学院固安校区）,京津冀职教改革项目; 办学地点:北京经济管理职业学院固安校区,,,,,481,36368,,,,,,481,36368,,,,,,,,,本科,,,,,
8256201,北京,本科批,物理,,X0587AD,专业组01,北京联合大学,B4A5,物流工程（中外合作办学）（办学地点:北四环校区）,中外合作办学; 办学地点:北四环校区,,,,,481,36368,,,,,,481,36368,,,,,,,,,本科,,,,,
8256648,北京,本科批,物理,,XCE1D99,专业组02,南京农业大学,ABA8,环境科学与工程类,,,,,,575,15638,,,,,,575,15638,,,,,,,,,本科,,,,,
8256649,北京,本科批,物理,,XCE1D99,专业组02,南京农业大学,C5CB,园艺,,,,,,575,15638,,,,,,575,15638,,,,,,,,,本科,,,,,
8256650,北京,本科批,物理,,XCE1D99,专业组02,南京农业大学,861C,电子信息类,,,,,,576,15428,,,,,,576,15428,,,,,,,,,本科,,,,,
8256651,北京,本科批,物理,,XCE1D99,专业组02,南京农业大学,3615,机械类,,,,,,577,15224,,,,,,577,15224,,,,,,,,,本科,,,,,
8256652,北京,本科批,物理,,XCE1D99,专业组02,南京农业大学,EF96,食品科学与工程类,,,,,,578,15033,,,,,,578,15033,,,,,,,,,本科,,,,,
8256653,北京,本科批,物理,,XCE1D99,专业组02,南京农业大学,C325,农学,,,,,,582,14198,,,,,,582,14198,,,,,,,,,本科,,,,,
8256654,北京,本科批,物理,,XCE1D99,专业组02,南京农业大学,2638,植物保护,,,,,,583,14003,,,,,,583,14003,,,,,,,,,本科,,,,,
8256655,北京,本科批,物理,,XCE1D99,专业组02,南京农业大学,B9A5,计算机科学与技术,,,,,,585,13610,,,,,,585,13610,,,,,,,,,本科,,,,,
8256656,北京,本科批,物理,,XCE1D99,专业组02,南京农业大学,99EA,动物科学,,,,,,585,13610,,,,,,585,13610,,,,,,,,,本科,,,,,
8256657,北京,本科批,物理,,XCE1D99,专业组02,南京农业大学,6BB2,动物医学类,,,,,,587,13194,,,,,,587,13194,,,,,,,,,本科,,,,,
8256658,北京,本科批,物理,,XCE1D99,专业组02,南京农业大学,D035,生物科学类,,,,,,592,12263,,,,,,592,12263,,,,,,,,,本科,,,,,
8256659,北京,本科批,物理,,XCE1D99,专业组01,南京农业大学,46AC,公共管理类,,,,,,594,11907,,,,,,594,11907,,,,,,,,,本科,,,,,
8256660,北京,本科批,物理,,XCE1D99,专业组01,南京农业大学,25DE,国际经济与贸易,,,,,,594,11907,,,,,,594,11907,,,,,,,,,本科,,,,,
8256661,北京,本科批,物理,,XCE1D99,专业组01,南京农业大学,0FBC,金融学,,,,,,596,11548,,,,,,596,11548,,,,,,,,,本科,,,,,
8256662,北京,本科批,物理,,XCE1D99,专业组02,南京农业大学,D335,种子科学与工程,,,,,,601,10585,,,,,,601,10585,,,,,,,,,本科,,,,,
8256663,北京,本科批,物理,,XCE1D99,专业组01,南京农业大学,9C84,社会学类,,,,,,602,10383,,,,,,602,10383,,,,,,,,,本科,,,,,
8257691,北京,本科批,物理,,X055D31,专业组01,山西大学,209A,法学（办学地点:东山校区）,办学地点:东山校区,,,,,574,15859,,,,,,574,15859,,,,,,,,,本科,,,,,
8257692,北京,本科批,物理,,X055D31,专业组01,山西大学,14D1,哲学类（含哲学、伦理学，办学地点:坞城校区）,含哲学、伦理学，办学地点:坞城校区,,,,,578,15033,,,,,,578,15033,,,,,,,,,本科,,,,,
8257693,北京,本科批,物理,,X055D31,专业组01,山西大学,405E,汉语言文学（办学地点:坞城校区）,办学地点:坞城校区,,,,,581,14402,,,,,,581,14402,,,,,,,,,本科,,,,,
8257694,北京,本科批,物理,,X055D31,专业组02,山西大学,A761,电气工程及其自动化（办学地点:东山校区）,办学地点:东山校区,,,,,584,13797,,,,,,584,13797,,,,,,,,,本科,,,,,
8257695,北京,本科批,物理,,X055D31,专业组01,山西大学,E49B,历史学（办学地点:坞城校区）,办学地点:坞城校区,,,,,584,13797,,,,,,584,13797,,,,,,,,,本科,,,,,
8257696,北京,本科批,物理,,X055D31,专业组02,山西大学,B042,光电信息科学与工程（办学地点:坞城校区）,办学地点:坞城校区,,,,,585,13610,,,,,,585,13610,,,,,,,,,本科,,,,,
8257697,北京,本科批,物理,,X055D31,专业组02,山西大学,5D0E,数据科学与大数据技术（办学地点:坞城校区）,办学地点:坞城校区,,,,,589,12794,,,,,,589,12794,,,,,,,,,本科,,,,,
8258870,北京,本科批,物理,,XB2C25C,专业组02,哈尔滨师范大学,B8DA,数学与应用数学（师范类）,师范类,,,,,522,27234,,,,,,522,27234,,,,,,,,,本科,,,,,
8258871,北京,本科批,物理,,XB2C25C,专业组01,哈尔滨师范大学,AFF5,汉语言文学（师范类）,师范类,,,,,554,20086,,,,,,554,20086,,,,,,,,,本科,,,,,
8259476,北京,本科批,物理,,XD8396A,专业组02,湖南工业大学,B9E2,智能电网信息工程,,,,,,500,32208,,,,,,500,32208,,,,,,,,,本科,,,,,
8259477,北京,本科批,物理,,XD8396A,专业组01,湖南工业大学,D243,汉语言文学,,,,,,506,30876,,,,,,506,30876,,,,,,,,,本科,,,,,
8260356,北京,本科批,物理,,XA7B599,专业组02,河北工程大学,4ECE,土木工程,,,,,,489,34671,,,,,,489,34671,,,,,,,,,本科,,,,,
8260357,北京,本科批,物理,,XA7B599,专业组02,河北工程大学,C1B4,水利水电工程,,,,,,492,34007,,,,,,492,34007,,,,,,,,,本科,,,,,
8260358,北京,本科批,物理,,XA7B599,专业组02,河北工程大学,A5B7,电气工程及其自动化,,,,,,493,33792,,,,,,493,33792,,,,,,,,,本科,,,,,
8260359,北京,本科批,物理,,XA7B599,专业组01,河北工程大学,927B,法学,,,,,,523,26996,,,,,,523,26996,,,,,,,,,本科,,,,,
8261135,北京,本科批,物理,,XD1581A,专业组01,广东外语外贸大学,1BCE,泰语（办学地点:白云山校区）,办学地点:白云山校区,,,,,525,26546,,,,,,525,26546,,,,,,,,,本科,,,,,
8261136,北京,本科批,物理,,XD1581A,专业组01,广东外语外贸大学,514D,捷克语（办学地点:白云山校区）,办学地点:白云山校区,,,,,525,26546,,,,,,525,26546,,,,,,,,,本科,,,,,
8261137,北京,本科批,物理,,XD1581A,专业组01,广东外语外贸大学,6561,行政管理（办学地点:大学城校区）,办学地点:大学城校区,,,,,525,26546,,,,,,525,26546,,,,,,,,,本科,,,,,
8261138,北京,本科批,物理,,XD1581A,专业组01,广东外语外贸大学,E7A8,工商管理类（商学院）（含工商管理、市场营销、人力资源管理，商学院培养，第二学期专业分流）（办学地点:大学城校区）,商学院; 含工商管理、市场营销、人力资源管理，商学院培养，第二学期专业分流; 办学地点:大学城校区,,,,,525,26546,,,,,,525,26546,,,,,,,,,本科,,,,,
8261139,北京,本科批,物理,,XD1581A,专业组02,广东外语外贸大学,7DB3,经济统计学（办学地点:大学城校区）,办学地点:大学城校区,,,,,576,15428,,,,,,576,15428,,,,,,,,,本科,,,,,
8261735,北京,本科批,物理,,X4CD37F,专业组03,北京中医药大学,4BF3,护理学,,,,,,514,28851,,,,,,514,28851,,,,,,,,,本科,,,,,
8261736,北京,本科批,物理,,X4CD37F,专业组02,北京中医药大学,A784,中药制药,,,,,,584,13611,,,,,,584,13611,,,,,,,,,本科,,,,,
8261737,北京,本科批,物理,,X4CD37F,专业组02,北京中医药大学,6246,针灸推拿学,,,,,,585,13408,,,,,,585,13408,,,,,,,,,本科,,,,,
8261738,北京,本科批,物理,,X4CD37F,专业组02,北京中医药大学,6D82,药事管理,,,,,,586,13195,,,,,,586,13195,,,,,,,,,本科,,,,,
8261739,北京,本科批,物理,,X4CD37F,专业组02,北京中医药大学,4C2A,中药学,,,,,,588,12795,,,,,,588,12795,,,,,,,,,本科,,,,,
8261740,北京,本科批,物理,,X4CD37F,专业组02,北京中医药大学,10A0,药学,,,,,,591,12264,,,,,,591,12264,,,,,,,,,本科,,,,,
8261741,北京,本科批,物理,,X4CD37F,专业组02,北京中医药大学,2A03,中医骨伤科学,,,,,,592,12096,,,,,,592,12096,,,,,,,,,本科,,,,,
8261742,北京,本科批,物理,,X4CD37F,专业组02,北京中医药大学,03FE,中医学,,,,,,600,10586,,,,,,600,10586,,,,,,,,,本科,,,,,
8261743,北京,本科批,物理,,X4CD37F,专业组01,北京中医药大学,8DDE,英语（中医药国际传播）,中医药国际传播,,,,,604,9851,,,,,,604,9851,,,,,,,,,本科,,,,,
8261744,北京,本科批,物理,,X4CD37F,专业组01,北京中医药大学,6D29,英语（医学）,医学,,,,,604,9851,,,,,,604,9851,,,,,,,,,本科,,,,,
8261745,北京,本科批,物理,,X4CD37F,专业组01,北京中医药大学,4AA3,法学（医药卫生）,医药卫生,,,,,610,8843,,,,,,610,8843,,,,,,,,,本科,,,,,
8261746,北京,本科批,物理,,X4CD37F,专业组02,北京中医药大学,60F2,中医学（实验班）,实验班,,,,,612,8473,,,,,,612,8473,,,,,,,,,本科,,,,,
8261747,北京,本科批,物理,,X4CD37F,专业组02,北京中医药大学,F04B,中医学（卓越中医儿科班5+3一体化）,卓越中医儿科班5+3一体化,,,,,620,7173,,,,,,620,7173,,,,,,,,,本科,,,,,
8261748,北京,本科批,物理,,X4CD37F,专业组02,北京中医药大学,917A,中医学（卓越5+3一体化）,卓越5+3一体化,,,,,623,6694,,,,,,623,6694,,,,,,,,,本科,,,,,
8261749,北京,本科批,物理,,X4CD37F,专业组02,北京中医药大学,11B2,中药学（时珍国药班）,时珍国药班,,,,,624,6547,,,,,,624,6547,,,,,,,,,本科,,,,,
8261750,北京,本科批,物理,,X4CD37F,专业组02,北京中医药大学,A3AA,中西医临床医学（华佗班）,华佗班,,,,,646,3505,,,,,,646,3505,,,,,,,,,本科,,,,,
8261751,北京,本科批,物理,,X4CD37F,专业组02,北京中医药大学,0F77,中医学（领军人才培养计划）,领军人才培养计划,,,,,651,2977,,,,,,651,2977,,,,,,,,,本科,,,,,
8262527,北京,本科批,物理,,X52EB8C,专业组01,海南师范大学,4DBC,经济学类（含经济学、税收学、金融学、国际经济与贸易，不招单色识别能力异常）（办学地点:桂林洋校区）,含经济学、税收学、金融学、国际经济与贸易，不招单色识别能力异常; 办学地点:桂林洋校区,,,,,509,30177,,,,,,509,30177,,,,,,,,,本科,,,,,
8262528,北京,本科批,物理,,X52EB8C,专业组01,海南师范大学,D23C,教育学类（师范）（含教育学、学前教育、特殊教育，不招色盲、色弱、单色识别能力异常）（办学地点:桂林洋校区）,师范; 含教育学、学前教育、特殊教育，不招色盲、色弱、单色识别能力异常; 办学地点:桂林洋校区,,,,,513,29317,,,,,,513,29317,,,,,,,,,本科,,,,,
8263308,北京,本科批,物理,,X2F01AE,专业组06,中央民族大学,B7EE,环境科学（中外合作办学）（办学地点:海淀校区）,中外合作办学; 办学地点:海淀校区,,,,,601,10585,,,,,,601,10585,,,,,,,,,本科,,,,,
8263309,北京,本科批,物理,,X2F01AE,专业组05,中央民族大学,7D9E,数据科学与大数据技术（中外合作办学）（办学地点:海南校区）,中外合作办学; 办学地点:海南校区,,,,,604,10041,,,,,,604,10041,,,,,,,,,本科,,,,,
8263310,北京,本科批,物理,,X2F01AE,专业组04,中央民族大学,61D3,环境科学与工程类（含环境工程、环境科学、化学，办学地点:海淀校区）,含环境工程、环境科学、化学，办学地点:海淀校区,,,,,620,7342,,,,,,620,7342,,,,,,,,,本科,,,,,
8263311,北京,本科批,物理,,X2F01AE,专业组04,中央民族大学,4A4E,纳米材料与技术（办学地点:丰台校区）,办学地点:丰台校区,,,,,621,7172,,,,,,621,7172,,,,,,,,,本科,,,,,
8263312,北京,本科批,物理,,X2F01AE,专业组04,中央民族大学,3330,生物科学类（含生物科学、生态学，办学地点:海淀校区）,含生物科学、生态学，办学地点:海淀校区,,,,,621,7172,,,,,,621,7172,,,,,,,,,本科,,,,,
8263313,北京,本科批,物理,,X2F01AE,专业组04,中央民族大学,6328,信息与计算科学（办学地点:丰台校区）,办学地点:丰台校区,,,,,622,7001,,,,,,622,7001,,,,,,,,,本科,,,,,
8263314,北京,本科批,物理,,X2F01AE,专业组04,中央民族大学,6BA8,光电信息科学与工程（办学地点:丰台校区）,办学地点:丰台校区,,,,,622,7001,,,,,,622,7001,,,,,,,,,本科,,,,,
8263315,北京,本科批,物理,,X2F01AE,专业组04,中央民族大学,293F,统计学类（含统计学、应用统计学，办学地点:丰台校区）,含统计学、应用统计学，办学地点:丰台校区,,,,,623,6848,,,,,,623,6848,,,,,,,,,本科,,,,,
8263316,北京,本科批,物理,,X2F01AE,专业组04,中央民族大学,8BCB,电子信息类（含电子信息工程、通信工程、人工智能，办学地点:丰台校区）,含电子信息工程、通信工程、人工智能，办学地点:丰台校区,,,,,623,6848,,,,,,623,6848,,,,,,,,,本科,,,,,
8263317,北京,本科批,物理,,X2F01AE,专业组01,中央民族大学,CA9F,公共管理类（含公共事业管理、行政管理，办学地点:丰台校区）,含公共事业管理、行政管理，办学地点:丰台校区,,,,,626,6380,,,,,,626,6380,,,,,,,,,本科,,,,,
8263318,北京,本科批,物理,,X2F01AE,专业组01,中央民族大学,9A5F,俄语（俄语与中亚语）（只招英语考生，办学地点:丰台校区）,俄语与中亚语; 只招英语考生，办学地点:丰台校区,,,,,626,6380,,,,,,626,6380,,,,,,,,,本科,,,,,
8263319,北京,本科批,物理,,X2F01AE,专业组01,中央民族大学,574C,外国语言文学类（含英语、翻译，只招英语考生，办学地点:丰台校区）,含英语、翻译，只招英语考生，办学地点:丰台校区,,,,,626,6380,,,,,,626,6380,,,,,,,,,本科,,,,,
8263320,北京,本科批,物理,,X2F01AE,专业组01,中央民族大学,2C16,工商管理类（含工商管理、会计学、财务管理、人力资源管理，办学地点:丰台校区）,含工商管理、会计学、财务管理、人力资源管理，办学地点:丰台校区,,,,,626,6380,,,,,,626,6380,,,,,,,,,本科,,,,,
8263321,北京,本科批,物理,,X2F01AE,专业组01,中央民族大学,0490,经济学类（含经济学、财政学、金融学、国际经济与贸易，办学地点:丰台校区）,含经济学、财政学、金融学、国际经济与贸易，办学地点:丰台校区,,,,,626,6380,,,,,,626,6380,,,,,,,,,本科,,,,,
8263322,北京,本科批,物理,,X2F01AE,专业组01,中央民族大学,304C,新闻传播学类（含新闻学、广告学、网络与新闻，办学地点:丰台校区）,含新闻学、广告学、网络与新闻，办学地点:丰台校区,,,,,626,6380,,,,,,626,6380,,,,,,,,,本科,,,,,
8263323,北京,本科批,物理,,X2F01AE,专业组01,中央民族大学,1248,汉语国际教育（办学地点:丰台校区）,办学地点:丰台校区,,,,,627,6215,,,,,,627,6215,,,,,,,,,本科,,,,,
8263324,北京,本科批,物理,,X2F01AE,专业组04,中央民族大学,E3D7,计算机类（含计算机科学与技术、软件工程、数据科学与大数据技术，办学地点:丰台校区）,含计算机科学与技术、软件工程、数据科学与大数据技术，办学地点:丰台校区,,,,,627,6215,,,,,,627,6215,,,,,,,,,本科,,,,,
8263325,北京,本科批,物理,,X2F01AE,专业组02,中央民族大学,71E8,数字经济（办学地点:丰台校区）,办学地点:丰台校区,,,,,627,6215,,,,,,627,6215,,,,,,,,,本科,,,,,
8263326,北京,本科批,物理,,X2F01AE,专业组01,中央民族大学,6A8C,哲学类（含哲学、宗教学，办学地点:丰台校区）,含哲学、宗教学，办学地点:丰台校区,,,,,628,6085,,,,,,628,6085,,,,,,,,,本科,,,,,
8263327,北京,本科批,物理,,X2F01AE,专业组01,中央民族大学,47F9,教育学（办学地点:丰台校区）,办学地点:丰台校区,,,,,629,5925,,,,,,629,5925,,,,,,,,,本科,,,,,
8264173,北京,本科批,物理,,XF89B5B,专业组01,华侨大学,3CB8,"工商管理类（含财务管理（全英文教学）,仅录取有该专业志愿的考生，中美121双学位班，可接轨ACCA国际注会）（专业办学地点:泉州校区）",含财务管理（全英文教学; 专业办学地点:泉州校区,,,,,538,23607,,,,,,538,23607,,,,,,,,,本科,,,,,
8264174,北京,本科批,物理,,XF89B5B,专业组01,华侨大学,D2F3,建筑学（五年）（要求具有较好的绘画基础，国家级一流本科专业）（11、20专业办学地点:厦门校区）,五年; 要求具有较好的绘画基础，国家级一流本科专业; 11、20专业办学地点:厦门校区,,,,,541,22915,,,,,,541,22915,,,,,,,,,本科,,,,,
8264175,北京,本科批,物理,,XF89B5B,专业组02,华侨大学,4487,计算机科学与技术（国家级一流本科专业）（11、20专业办学地点:厦门校区）,国家级一流本科专业; 11、20专业办学地点:厦门校区,,,,,562,18395,,,,,,562,18395,,,,,,,,,本科,,,,,
8265111,北京,本科批,物理,,X9A8D3A,专业组01,西安工业大学,204D,工商管理类（含市场营销、物流管理、人力资源管理、会计学）（办学地点:未央校区）,含市场营销、物流管理、人力资源管理、会计学; 办学地点:未央校区,,,,,527,26065,,,,,,527,26065,,,,,,,,,本科,,,,,
8265112,北京,本科批,物理,,X9A8D3A,专业组02,西安工业大学,CFC1,计算机科学与技术（办学地点:未央校区）,办学地点:未央校区,,,,,553,20311,,,,,,553,20311,,,,,,,,,本科,,,,,
8265749,北京,本科批,物理,,XE49210,专业组03,华中农业大学,9A2A,植物生产类（含农学（国家卓越农林人才计划）、植物科学与技术、种子科学与工程、植物保护（国家卓越农林人才计划）、应用生物科学）,含农学（国家卓越农林人才计划; 国家卓越农林人才计划,,,,,577,15224,,,,,,577,15224,,,,,,,,,本科,,,,,
8265750,北京,本科批,物理,,XE49210,专业组03,华中农业大学,548C,信息与计算科学,,,,,,577,15224,,,,,,577,15224,,,,,,,,,本科,,,,,
8265751,北京,本科批,物理,,XE49210,专业组03,华中农业大学,9388,计算机类（含计算机科学与技术、数据科学与大数据技术、人工智能）,含计算机科学与技术、数据科学与大数据技术、人工智能,,,,,577,15224,,,,,,577,15224,,,,,,,,,本科,,,,,
8265752,北京,本科批,物理,,XE49210,专业组03,华中农业大学,5A71,生物科学类（含生物科学（国家生物学理科基地班）、生物技术（国家生命科学与技术基地班））,含生物科学（国家生物学理科基地班; 国家生命科学与技术基地班,,,,,577,15224,,,,,,577,15224,,,,,,,,,本科,,,,,
8265753,北京,本科批,物理,,XE49210,专业组03,华中农业大学,30B8,智慧农业,,,,,,577,15224,,,,,,577,15224,,,,,,,,,本科,,,,,
8265754,北京,本科批,物理,,XE49210,专业组03,华中农业大学,1C32,动物科学（国家卓越农林人才计划）,国家卓越农林人才计划,,,,,577,15224,,,,,,577,15224,,,,,,,,,本科,,,,,
8265755,北京,本科批,物理,,XE49210,专业组03,华中农业大学,ABD3,动物医学（五年）,五年,,,,,577,15224,,,,,,577,15224,,,,,,,,,本科,,,,,
8265756,北京,本科批,物理,,XE49210,专业组03,华中农业大学,0C5E,机械类（含机械设计制造及其自动化、机械电子工程、自动化、机器人工程）,含机械设计制造及其自动化、机械电子工程、自动化、机器人工程,,,,,577,15224,,,,,,577,15224,,,,,,,,,本科,,,,,
8265757,北京,本科批,物理,,XE49210,专业组03,华中农业大学,A687,光电信息科学与工程,,,,,,577,15224,,,,,,577,15224,,,,,,,,,本科,,,,,
8265758,北京,本科批,物理,,XE49210,专业组03,华中农业大学,E2E1,生物工程,,,,,,577,15224,,,,,,577,15224,,,,,,,,,本科,,,,,
8265759,北京,本科批,物理,,XE49210,专业组02,华中农业大学,9024,管理科学与工程类（含工程管理、信息管理与信息系统）,含工程管理、信息管理与信息系统,,,,,584,13797,,,,,,584,13797,,,,,,,,,本科,,,,,
8265760,北京,本科批,物理,,XE49210,专业组02,华中农业大学,62BF,大数据管理与应用,,,,,,584,13797,,,,,,584,13797,,,,,,,,,本科,,,,,
8265761,北京,本科批,物理,,XE49210,专业组01,华中农业大学,927B,法学,,,,,,589,12794,,,,,,589,12794,,,,,,,,,本科,,,,,
8265762,北京,本科批,物理,,XE49210,专业组01,华中农业大学,439D,公共管理类（含土地资源管理、行政管理）,含土地资源管理、行政管理,,,,,589,12794,,,,,,589,12794,,,,,,,,,本科,,,,,
8265763,北京,本科批,物理,,XE49210,专业组01,华中农业大学,D361,工商管理类（含市场营销、人力资源管理、会计学、财务管理、工商管理）,含市场营销、人力资源管理、会计学、财务管理、工商管理,,,,,589,12794,,,,,,589,12794,,,,,,,,,本科,,,,,
8265764,北京,本科批,物理,,XE49210,专业组01,华中农业大学,93A8,经济学类（含经济学、国际经济与贸易、农林经济管理（国家卓越农林人才计划）、农村区域发展）,含经济学、国际经济与贸易、农林经济管理（国家卓越农林人才计划,,,,,589,12794,,,,,,589,12794,,,,,,,,,本科,,,,,
8265765,北京,本科批,物理,,XE49210,专业组01,华中农业大学,FB65,风景园林,,,,,,589,12794,,,,,,589,12794,,,,,,,,,本科,,,,,
8265766,北京,本科批,物理,,XE49210,专业组04,华中农业大学,3BC4,园林（国家卓越农林人才计划）,国家卓越农林人才计划,,,,,594,11907,,,,,,594,11907,,,,,,,,,本科,,,,,
8266592,北京,本科批,物理,,X47C35F,专业组01,西安建筑科技大学,D009,计算机科学与技术（中外合作办学）（只招英语考生）（办学地点:草堂校区）,中外合作办学; 只招英语考生; 办学地点:草堂校区,,,,,554,20086,,,,,,554,20086,,,,,,,,,本科,,,,,
8266593,北京,本科批,物理,,X47C35F,专业组02,西安建筑科技大学,D9C3,建筑类（五年）（含建筑学、城乡规划、历史建筑保护工程、城市设计）（办学地点:雁塔校区）,五年; 含建筑学、城乡规划、历史建筑保护工程、城市设计; 办学地点:雁塔校区,,,,,573,16069,,,,,,573,16069,,,,,,,,,本科,,,,,
8267309,北京,本科批,物理,,X6BDDCF,专业组01,浙江工商大学,26BA,新闻传播学类（含广告学、新闻学、网络与新媒体）（专业办学地点:杭州校本部）,含广告学、新闻学、网络与新媒体; 专业办学地点:杭州校本部,,,,,555,19867,,,,,,555,19867,,,,,,,,,本科,,,,,
8267310,北京,本科批,物理,,X6BDDCF,专业组01,浙江工商大学,C176,法学类（含法学、知识产权）（专业办学地点:杭州校本部）,含法学、知识产权; 专业办学地点:杭州校本部,,,,,557,19422,,,,,,557,19422,,,,,,,,,本科,,,,,
8267311,北京,本科批,物理,,X6BDDCF,专业组01,浙江工商大学,91AB,汉语言文学（专业办学地点:杭州校本部）,专业办学地点:杭州校本部,,,,,557,19422,,,,,,557,19422,,,,,,,,,本科,,,,,
8267845,北京,本科批,物理,,XAA54E8,专业组02,黑龙江大学,5FC4,环境科学,,,,,,503,31574,,,,,,503,31574,,,,,,,,,本科,,,,,
8267846,北京,本科批,物理,,XAA54E8,专业组02,黑龙江大学,4C65,自动化,,,,,,512,29550,,,,,,512,29550,,,,,,,,,本科,,,,,
8267847,北京,本科批,物理,,XAA54E8,专业组01,黑龙江大学,68F4,新闻学,,,,,,549,21198,,,,,,549,21198,,,,,,,,,本科,,,,,
8268562,北京,本科批,物理,,XABF16B,专业组02,中南民族大学,6482,化学类（含应用化学（能源催化材料基础理论及研发应用）、化学工程与工艺（绿色能源化工与生物质能源转化材料方向）,含应用化学（能源催化材料基础理论及研发应用; 绿色能源化工与生物质能源转化材料方向,,,,,503,31574,,,,,,503,31574,,,,,,,,,本科,,,,,
8268563,北京,本科批,物理,,XABF16B,专业组02,中南民族大学,708B,计算机类（含计算机科学与技术、软件工程、网络工程、人工智能）,含计算机科学与技术、软件工程、网络工程、人工智能,,,,,503,31574,,,,,,503,31574,,,,,,,,,本科,,,,,
8268564,北京,本科批,物理,,XABF16B,专业组02,中南民族大学,181E,药学类（含化学生物学、药学、药物制剂、药物分析）,含化学生物学、药学、药物制剂、药物分析,,,,,503,31574,,,,,,503,31574,,,,,,,,,本科,,,,,
8268565,北京,本科批,物理,,XABF16B,专业组01,中南民族大学,89A5,外国语言文学类（含英语、商务英语，只招英语考生）,含英语、商务英语，只招英语考生,,,,,520,27728,,,,,,520,27728,,,,,,,,,本科,,,,,
8268566,北京,本科批,物理,,XABF16B,专业组01,中南民族大学,9646,工商管理类（含财务管理（数智财务方向）、会计学（大数据管理会计决策与智能会计方向）、会计学（注册会计师CPA卓越文科人才实验班）、工商管理（含企业管理数智创新方向）、工商管理（数智人才管理方向）,含财务管理（数智财务方向; 大数据管理会计决策与智能会计方向; 注册会计师CPA卓越文科人才实验班; 含企业管理数智创新方向; 数智人才管理方向,,,,,520,27728,,,,,,520,27728,,,,,,,,,本科,,,,,
8269238,北京,本科批,物理,,X55FA9C,专业组01,西安邮电大学,3964,网络工程（办学地点:长安校区）,办学地点:长安校区,,,,,579,14812,,,,,,579,14812,,,,,,,,,本科,,,,,
8269974,北京,本科批,物理,,X486623,专业组01,郑州航空工业管理学院,4B18,工商管理类（含会计学、会计学（注册会计师方向）、审计学、财务管理、工商管理、人力资源管理、市场营销）（专业办学地点:龙子湖校区）,含会计学、会计学（注册会计师方向; 专业办学地点:龙子湖校区,,,,,481,36368,,,,,,481,36368,,,,,,,,,本科,,,,,
8270739,北京,本科批,物理,,XC662C9,专业组02,上海立信会计金融学院,F189,金融数学（专业办学地点:上川路校区）,专业办学地点:上川路校区,,,,,522,27234,,,,,,522,27234,,,,,,,,,本科,,,,,
8270740,北京,本科批,物理,,XC662C9,专业组02,上海立信会计金融学院,FE28,精算学（专业办学地点:上川路校区）,专业办学地点:上川路校区,,,,,522,27234,,,,,,522,27234,,,,,,,,,本科,,,,,
8270741,北京,本科批,物理,,XC662C9,专业组02,上海立信会计金融学院,A688,经济统计学（专业办学地点:上川路校区）,专业办学地点:上川路校区,,,,,523,26996,,,,,,523,26996,,,,,,,,,本科,,,,,
8270742,北京,本科批,物理,,XC662C9,专业组01,上海立信会计金融学院,2ADC,国际商务（专业办学地点:上川路校区）,专业办学地点:上川路校区,,,,,530,25414,,,,,,530,25414,,,,,,,,,本科,,,,,
8270743,北京,本科批,物理,,XC662C9,专业组02,上海立信会计金融学院,5CF1,金融科技（专业办学地点:上川路校区）,专业办学地点:上川路校区,,,,,532,24976,,,,,,532,24976,,,,,,,,,本科,,,,,
8270744,北京,本科批,物理,,XC662C9,专业组01,上海立信会计金融学院,CC6F,财政学（专业办学地点:文翔路校区）,专业办学地点:文翔路校区,,,,,532,24976,,,,,,532,24976,,,,,,,,,本科,,,,,
8270745,北京,本科批,物理,,XC662C9,专业组01,上海立信会计金融学院,C8B7,金融学（专业办学地点:上川路校区）,专业办学地点:上川路校区,,,,,533,24746,,,,,,533,24746,,,,,,,,,本科,,,,,
8270746,北京,本科批,物理,,XC662C9,专业组01,上海立信会计金融学院,D35B,会计学（专业办学地点:文翔路校区）,专业办学地点:文翔路校区,,,,,536,24052,,,,,,536,24052,,,,,,,,,本科,,,,,
8271658,北京,本科批,物理,,X095608,专业组01,湖北大学,96DB,工商管理类（含市场营销、人力资源管理）（办学地点:第一学年在阳逻校区，第二、三、四学年在武昌校区）,含市场营销、人力资源管理; 办学地点:第一学年在阳逻校区，第二、三、四学年在武昌校区,,,,,526,26285,,,,,,526,26285,,,,,,,,,本科,,,,,
8271659,北京,本科批,物理,,X095608,专业组01,湖北大学,0DB3,经济学类（含金融学、国际经济与贸易）（办学地点:第一学年在阳逻校区，第二、三、四学年在武昌校区）,含金融学、国际经济与贸易; 办学地点:第一学年在阳逻校区，第二、三、四学年在武昌校区,,,,,527,26065,,,,,,527,26065,,,,,,,,,本科,,,,,
8272993,北京,本科批,物理,,X8752C1,专业组01,安徽工业大学,3AC7,金融学（专业办学地点:秀山校区）,专业办学地点:秀山校区,,,,,503,31574,,,,,,503,31574,,,,,,,,,本科,,,,,
8273661,北京,本科批,物理,,X3C5E14,专业组01,东华理工大学,43FC,财务管理（专业办学地点:第一年在抚州校区，第二、三、四年在南昌校区）,专业办学地点:第一年在抚州校区，第二、三、四年在南昌校区,,,,,492,34007,,,,,,492,34007,,,,,,,,,本科,,,,,
8273662,北京,本科批,物理,,X3C5E14,专业组01,东华理工大学,C69F,会计学（专业办学地点:第一年在抚州校区，第二、三、四年在南昌校区）,专业办学地点:第一年在抚州校区，第二、三、四年在南昌校区,,,,,493,33792,,,,,,493,33792,,,,,,,,,本科,,,,,
8274380,北京,本科批,物理,,XF34853,专业组01,中国计量大学,93E3,电子信息工程,,,,,,558,19195,,,,,,558,19195,,,,,,,,,本科,,,,,
8274381,北京,本科批,物理,,XF34853,专业组01,中国计量大学,ECA4,通信工程,,,,,,560,18792,,,,,,560,18792,,,,,,,,,本科,,,,,
8274382,北京,本科批,物理,,XF34853,专业组01,中国计量大学,4C65,自动化,,,,,,562,18395,,,,,,562,18395,,,,,,,,,本科,,,,,
8274383,北京,本科批,物理,,XF34853,专业组01,中国计量大学,A687,光电信息科学与工程,,,,,,563,18175,,,,,,563,18175,,,,,,,,,本科,,,,,
8274384,北京,本科批,物理,,XF34853,专业组01,中国计量大学,A5D2,测控技术与仪器,,,,,,575,15638,,,,,,575,15638,,,,,,,,,本科,,,,,
8275199,北京,本科批,物理,,XE8F1F1,专业组01,石家庄铁道大学,4962,工商管理类（含会计学、财务管理、市场营销，不招单色识别能力异常，办学地点:龙山校区）,含会计学、财务管理、市场营销，不招单色识别能力异常，办学地点:龙山校区,,,,,533,24746,,,,,,533,24746,,,,,,,,,本科,,,,,
8275200,北京,本科批,物理,,XE8F1F1,专业组02,石家庄铁道大学,F86E,工程管理（办学地点:龙山校区）,办学地点:龙山校区,,,,,538,23607,,,,,,538,23607,,,,,,,,,本科,,,,,
8275201,北京,本科批,物理,,XE8F1F1,专业组03,石家庄铁道大学,BA6C,机械设计制造及其自动化（办学地点:龙山校区）,办学地点:龙山校区,,,,,541,22915,,,,,,541,22915,,,,,,,,,本科,,,,,
8275202,北京,本科批,物理,,XE8F1F1,专业组03,石家庄铁道大学,73A5,自动化（办学地点:龙山校区）,办学地点:龙山校区,,,,,556,19659,,,,,,556,19659,,,,,,,,,本科,,,,,
8275902,北京,本科批,物理,,XF5A5F0,专业组01,哈尔滨医科大学,5DA6,口腔医学,,,,,,608,9333,,,,,,608,9333,,,,,,,,,本科,,,,,
8275903,北京,本科批,物理,,XF5A5F0,专业组01,哈尔滨医科大学,57E6,医学影像学,,,,,,608,9333,,,,,,608,9333,,,,,,,,,本科,,,,,
8275904,北京,本科批,物理,,XF5A5F0,专业组01,哈尔滨医科大学,97D0,临床医学,,,,,,608,9333,,,,,,608,9333,,,,,,,,,本科,,,,,
8275905,北京,本科批,物理,,XF5A5F0,专业组01,哈尔滨医科大学,3533,临床医学（5+3一体化，儿科学硕士）,5+3一体化，儿科学硕士,,,,,609,9179,,,,,,609,9179,,,,,,,,,本科,,,,,
8275906,北京,本科批,物理,,XF5A5F0,专业组01,哈尔滨医科大学,A5C6,麻醉学,,,,,,610,9022,,,,,,610,9022,,,,,,,,,本科,,,,,
8275907,北京,本科批,物理,,XF5A5F0,专业组01,哈尔滨医科大学,E948,临床医学（5+3一体化，于维汉班）,5+3一体化，于维汉班,,,,,613,8472,,,,,,613,8472,,,,,,,,,本科,,,,,
8275908,北京,本科批,物理,,XF5A5F0,专业组01,哈尔滨医科大学,A4EA,临床医学（5+3一体化）,5+3一体化,,,,,616,7980,,,,,,616,7980,,,,,,,,,本科,,,,,
8276712,北京,本科批,物理,,X7CB09D,专业组01,沈阳工业大学,78FF,机械设计制造及其自动化,,,,,,525,26546,,,,,,525,26546,,,,,,,,,本科,,,,,
8276713,北京,本科批,物理,,X7CB09D,专业组01,沈阳工业大学,93E3,电子信息工程,,,,,,525,26546,,,,,,525,26546,,,,,,,,,本科,,,,,
8276714,北京,本科批,物理,,X7CB09D,专业组01,沈阳工业大学,A5B7,电气工程及其自动化,,,,,,544,22278,,,,,,544,22278,,,,,,,,,本科,,,,,
8277504,北京,本科批,物理,,XB88582,专业组02,江苏科技大学,52FD,应用化学,,,,,,487,35128,,,,,,487,35128,,,,,,,,,本科,,,,,
8277505,北京,本科批,物理,,XB88582,专业组03,江苏科技大学,4D44,给排水科学与工程,,,,,,504,31368,,,,,,504,31368,,,,,,,,,本科,,,,,
8277506,北京,本科批,物理,,XB88582,专业组01,江苏科技大学,D9E9,外国语言文学类,,,,,,520,27728,,,,,,520,27728,,,,,,,,,本科,,,,,
8278351,北京,本科批,物理,,XF13F19,专业组01,中国医科大学,5504,药物制剂（中外合作办学）,中外合作办学,,,,,562,18395,,,,,,562,18395,,,,,,,,,本科,,,,,
8278352,北京,本科批,物理,,XF13F19,专业组01,中国医科大学,6223,生物技术（中外合作办学）,中外合作办学,,,,,579,14812,,,,,,579,14812,,,,,,,,,本科,,,,,
8278353,北京,本科批,物理,,XF13F19,专业组03,中国医科大学,97D0,临床医学,,,,,,612,8660,,,,,,612,8660,,,,,,,,,本科,,,,,
8278354,北京,本科批,物理,,XF13F19,专业组03,中国医科大学,5DA6,口腔医学,,,,,,622,7001,,,,,,622,7001,,,,,,,,,本科,,,,,
8278355,北京,本科批,物理,,XF13F19,专业组02,中国医科大学,A4EA,临床医学（5+3一体化）,5+3一体化,,,,,623,6848,,,,,,623,6848,,,,,,,,,本科,,,,,
8278356,北京,本科批,物理,,XF13F19,专业组02,中国医科大学,A48E,临床医学（红医班）,红医班,,,,,626,6380,,,,,,626,6380,,,,,,,,,本科,,,,,
8278798,北京,本科批,物理,,XA2BA21,专业组01,上海海洋大学,F802,食品科学与工程类（含食品科学与工程、食品质量与安全，不招色盲、色弱、单色识别能力异常）,含食品科学与工程、食品质量与安全，不招色盲、色弱、单色识别能力异常,,,,,548,21433,,,,,,548,21433,,,,,,,,,本科,,,,,
8278799,北京,本科批,物理,,XA2BA21,专业组01,上海海洋大学,2796,海洋科学类（含海洋科学、海洋技术，不招色盲、色弱、单色识别能力异常）,含海洋科学、海洋技术，不招色盲、色弱、单色识别能力异常,,,,,548,21433,,,,,,548,21433,,,,,,,,,本科,,,,,
8278800,北京,本科批,物理,,XA2BA21,专业组01,上海海洋大学,3661,计算机类（含计算机科学与技术、软件工程、空间信息与数字技术、数据科学与大数据技术）,含计算机科学与技术、软件工程、空间信息与数字技术、数据科学与大数据技术,,,,,550,20990,,,,,,550,20990,,,,,,,,,本科,,,,,
8278801,北京,本科批,物理,,XA2BA21,专业组01,上海海洋大学,2BD7,水产类（含水产养殖学、水族科学与技术、水生动物医学，不招色盲、色弱、单色识别能力异常）,含水产养殖学、水族科学与技术、水生动物医学，不招色盲、色弱、单色识别能力异常,,,,,560,18792,,,,,,560,18792,,,,,,,,,本科,,,,,
8279272,北京,本科批,物理,,XFDFA6C,专业组01,成都中医药大学,F44A,中医学（“5+3”一体化）,“5+3”一体化,,,,,601,10585,,,,,,601,10585,,,,,,,,,本科,,,,,
8279732,北京,本科批,物理,,XA10288,专业组01,安徽财经大学,7D52,金融学（专业办学地点:龙湖东校区）,专业办学地点:龙湖东校区,,,,,526,26285,,,,,,526,26285,,,,,,,,,本科,,,,,
8279733,北京,本科批,物理,,XA10288,专业组01,安徽财经大学,923A,经济学类（含经济学、国民经济管理，不招单色识别能力异常）（专业办学地点:龙湖东校区）,含经济学、国民经济管理，不招单色识别能力异常; 专业办学地点:龙湖东校区,,,,,526,26285,,,,,,526,26285,,,,,,,,,本科,,,,,
8279734,北京,本科批,物理,,XA10288,专业组01,安徽财经大学,08BF,会计学（不招单色识别能力异常）（专业办学地点:龙湖东校区）,不招单色识别能力异常; 专业办学地点:龙湖东校区,,,,,536,24052,,,,,,536,24052,,,,,,,,,本科,,,,,
8280721,北京,本科批,物理,,XCFEFE8,专业组03,南京林业大学,D3F5,地理信息科学（专业办学地点:第一学年白马校区，第二、三、四学年新庄校区）,专业办学地点:第一学年白马校区，第二、三、四学年新庄校区,,,,,556,19659,,,,,,556,19659,,,,,,,,,本科,,,,,
8280722,北京,本科批,物理,,XCFEFE8,专业组03,南京林业大学,A3A9,林学类（含林学、森林保护、智慧林业、经济林，不招色盲、色弱、单色识别能力异常）（专业办学地点:第一学年白马校区，第二、三、四学年新庄校区）,含林学、森林保护、智慧林业、经济林，不招色盲、色弱、单色识别能力异常; 专业办学地点:第一学年白马校区，第二、三、四学年新庄校区,,,,,561,18566,,,,,,561,18566,,,,,,,,,本科,,,,,
8280723,北京,本科批,物理,,XCFEFE8,专业组02,南京林业大学,700F,国际经济与贸易（专业办学地点:第一学年白马校区，第二、三、四学年新庄校区）,专业办学地点:第一学年白马校区，第二、三、四学年新庄校区,,,,,569,16863,,,,,,569,16863,,,,,,,,,本科,,,,,
8280724,北京,本科批,物理,,XCFEFE8,专业组01,南京林业大学,D1FC,风景园林（专业办学地点:第一学年白马校区，第二、三、四学年新庄校区）,专业办学地点:第一学年白马校区，第二、三、四学年新庄校区,,,,,585,13610,,,,,,585,13610,,,,,,,,,本科,,,,,
8281530,北京,本科批,物理,,X2411C8,专业组01,安徽师范大学,81A3,秘书学（10-11、14专业办学地点:花津校区;12-13、15专业办学地点:赭山校区）,10-11、14专业办学地点:花津校区;12-13、15专业办学地点:赭山校区,,,,,530,25414,,,,,,530,25414,,,,,,,,,本科,,,,,
8281531,北京,本科批,物理,,X2411C8,专业组01,安徽师范大学,4FCC,学前教育（师范）（（10-11、14专业办学地点:花津校区;12-13、15专业办学地点:赭山校区）,师范; （10-11、14专业办学地点:花津校区;12-13、15专业办学地点:赭山校区,,,,,534,24493,,,,,,534,24493,,,,,,,,,本科,,,,,
8281532,北京,本科批,物理,,X2411C8,专业组01,安徽师范大学,2492,汉语言文学（师范）（（10-11、14专业办学地点:花津校区;12-13、15专业办学地点:赭山校区）,师范; （10-11、14专业办学地点:花津校区;12-13、15专业办学地点:赭山校区,,,,,539,23365,,,,,,539,23365,,,,,,,,,本科,,,,,
8281533,北京,本科批,物理,,X2411C8,专业组01,安徽师范大学,BEDD,社会工作（10-11、14专业办学地点:花津校区;12-13、15专业办学地点:赭山校区）,10-11、14专业办学地点:花津校区;12-13、15专业办学地点:赭山校区,,,,,539,23365,,,,,,539,23365,,,,,,,,,本科,,,,,
8281534,北京,本科批,物理,,X2411C8,专业组01,安徽师范大学,9BA0,法学（10-11、14专业办学地点:花津校区;12-13、15专业办学地点:赭山校区）,10-11、14专业办学地点:花津校区;12-13、15专业办学地点:赭山校区,,,,,544,22278,,,,,,544,22278,,,,,,,,,本科,,,,,
8281535,北京,本科批,物理,,X2411C8,专业组01,安徽师范大学,3FF5,历史学（师范）（（10-11、14专业办学地点:花津校区;12-13、15专业办学地点:赭山校区）,师范; （10-11、14专业办学地点:花津校区;12-13、15专业办学地点:赭山校区,,,,,556,19659,,,,,,556,19659,,,,,,,,,本科,,,,,
8282049,北京,本科批,物理,,X076D9E,专业组01,长春理工大学,9512,"工商管理类（含工商管理、会计学,办学地点:卫星路校区（主校区））","含工商管理、会计学,办学地点:卫星路校区（主校区",,,,,521,27493,,,,,,521,27493,,,,,,,,,本科,,,,,
8282050,北京,本科批,物理,,X076D9E,专业组02,长春理工大学,63C3,金融工程（办学地点:卫星路校区（主校区））,办学地点:卫星路校区（主校区,,,,,529,25630,,,,,,529,25630,,,,,,,,,本科,,,,,
8282051,北京,本科批,物理,,X076D9E,专业组03,长春理工大学,21BF,材料化学（办学地点:卫星路校区（主校区））,办学地点:卫星路校区（主校区,,,,,553,20311,,,,,,553,20311,,,,,,,,,本科,,,,,
8282052,北京,本科批,物理,,X076D9E,专业组03,长春理工大学,FFD6,"计算机科学与技术（因教学特点和要求，非英语语种考生慎重报考,办学地点:卫星路校区（主校区））","因教学特点和要求，非英语语种考生慎重报考,办学地点:卫星路校区（主校区",,,,,555,19867,,,,,,555,19867,,,,,,,,,本科,,,,,
8282053,北京,本科批,物理,,X076D9E,专业组03,长春理工大学,0BCA,电气工程及其自动化（办学地点:卫星路校区（主校区））,办学地点:卫星路校区（主校区,,,,,565,17728,,,,,,565,17728,,,,,,,,,本科,,,,,
8282054,北京,本科批,物理,,X076D9E,专业组03,长春理工大学,8C42,探测制导与控制技术（办学地点:卫星路校区（主校区））,办学地点:卫星路校区（主校区,,,,,567,17299,,,,,,567,17299,,,,,,,,,本科,,,,,
8282055,北京,本科批,物理,,X076D9E,专业组03,长春理工大学,9983,机械设计制造及其自动化（办学地点:卫星路校区（主校区））,办学地点:卫星路校区（主校区,,,,,569,16863,,,,,,569,16863,,,,,,,,,本科,,,,,
8282056,北京,本科批,物理,,X076D9E,专业组03,长春理工大学,0BA2,电子信息工程（办学地点:卫星路校区（主校区））,办学地点:卫星路校区（主校区,,,,,569,16863,,,,,,569,16863,,,,,,,,,本科,,,,,
8282057,北京,本科批,物理,,X076D9E,专业组03,长春理工大学,2B78,测控技术与仪器（办学地点:卫星路校区（主校区））,办学地点:卫星路校区（主校区,,,,,578,15033,,,,,,578,15033,,,,,,,,,本科,,,,,
8282058,北京,本科批,物理,,X076D9E,专业组03,长春理工大学,7609,"光电信息科学与工程（理学）（授理学学位,办学地点:卫星路校区（主校区））","理学; 授理学学位,办学地点:卫星路校区（主校区",,,,,586,13407,,,,,,586,13407,,,,,,,,,本科,,,,,
8282059,北京,本科批,物理,,X076D9E,专业组03,长春理工大学,1ACB,"光电信息科学与工程（工学）（授工学学位,办学地点:卫星路校区（主校区））","工学; 授工学学位,办学地点:卫星路校区（主校区",,,,,589,12794,,,,,,589,12794,,,,,,,,,本科,,,,,
8282963,北京,本科批,物理,,XDE0EB8,专业组03,广西师范大学,8AAC,数学与应用数学（师范）（（办学地点:雁山校区）,师范; （办学地点:雁山校区,,,,,484,35756,,,,,,484,35756,,,,,,,,,本科,,,,,
8282964,北京,本科批,物理,,XDE0EB8,专业组01,广西师范大学,601D,思想政治教育（师范）（（办学地点:雁山校区）,师范; （办学地点:雁山校区,,,,,539,23365,,,,,,539,23365,,,,,,,,,本科,,,,,
8282965,北京,本科批,物理,,XDE0EB8,专业组02,广西师范大学,79E8,汉语言文学（师范）（（办学地点:雁山校区）,师范; （办学地点:雁山校区,,,,,548,21433,,,,,,548,21433,,,,,,,,,本科,,,,,
8282966,北京,本科批,物理,,XDE0EB8,专业组02,广西师范大学,C06A,历史学（师范）（（办学地点:王城校区）,师范; （办学地点:王城校区,,,,,552,20524,,,,,,552,20524,,,,,,,,,本科,,,,,
8283663,北京,本科批,物理,,XB852F0,专业组03,首都医科大学,5D50,助产学（男生身高要求不低于1.55米，女生身高要求不低于1.55米;不招色盲、色弱、单色识别能力异常;不招斜视、弱视）,男生身高要求不低于1.55米，女生身高要求不低于1.55米;不招色盲、色弱、单色识别能力异常;不招斜视、弱视,,,,,553,20311,,,,,,553,20311,,,,,,,,,本科,,,,,
8283664,北京,本科批,物理,,XB852F0,专业组07,首都医科大学,94F3,康复作业治疗（不招色盲、色弱、单色识别能力异常;不招斜视、弱视）,不招色盲、色弱、单色识别能力异常;不招斜视、弱视,,,,,556,19659,,,,,,556,19659,,,,,,,,,本科,,,,,
8283665,北京,本科批,物理,,XB852F0,专业组03,首都医科大学,1DF0,护理学（男生身高要求不低于1.55米，女生身高要求不低于1.55米;不招色盲、色弱、单色识别能力异常;不招斜视、弱视）,男生身高要求不低于1.55米，女生身高要求不低于1.55米;不招色盲、色弱、单色识别能力异常;不招斜视、弱视,,,,,556,19659,,,,,,556,19659,,,,,,,,,本科,,,,,
8283666,北京,本科批,物理,,XB852F0,专业组08,首都医科大学,53D7,卫生检验与检疫（不招色盲、色弱、单色识别能力异常;不招斜视、弱视;办学地点:顺义校区）,不招色盲、色弱、单色识别能力异常;不招斜视、弱视;办学地点:顺义校区,,,,,557,19422,,,,,,557,19422,,,,,,,,,本科,,,,,
8283667,北京,本科批,物理,,XB852F0,专业组02,首都医科大学,BEDA,信息管理与信息系统（卫生信息管理）（不招色盲、色弱、单色识别能力异常;不招斜视、弱视）,卫生信息管理; 不招色盲、色弱、单色识别能力异常;不招斜视、弱视,,,,,560,18792,,,,,,560,18792,,,,,,,,,本科,,,,,
8283668,北京,本科批,物理,,XB852F0,专业组07,首都医科大学,D2F9,康复物理治疗（不招色盲、色弱、单色识别能力异常;不招斜视、弱视）,不招色盲、色弱、单色识别能力异常;不招斜视、弱视,,,,,562,18395,,,,,,562,18395,,,,,,,,,本科,,,,,
8283669,北京,本科批,物理,,XB852F0,专业组08,首都医科大学,DA4B,医学影像技术（不招色盲、色弱、单色识别能力异常;不招斜视、弱视;办学地点:顺义校区）,不招色盲、色弱、单色识别能力异常;不招斜视、弱视;办学地点:顺义校区,,,,,563,18175,,,,,,563,18175,,,,,,,,,本科,,,,,
8283670,北京,本科批,物理,,XB852F0,专业组08,首都医科大学,75B6,医学检验技术（不招色盲、色弱、单色识别能力异常;不招斜视、弱视;办学地点:顺义校区）,不招色盲、色弱、单色识别能力异常;不招斜视、弱视;办学地点:顺义校区,,,,,564,17958,,,,,,564,17958,,,,,,,,,本科,,,,,
8283671,北京,本科批,物理,,XB852F0,专业组06,首都医科大学,E87B,中药学（不招色盲、色弱、单色识别能力异常;不招斜视、弱视）,不招色盲、色弱、单色识别能力异常;不招斜视、弱视,,,,,570,16658,,,,,,570,16658,,,,,,,,,本科,,,,,
8283672,北京,本科批,物理,,XB852F0,专业组06,首都医科大学,86A8,预防医学（五年）（不招色盲、色弱、单色识别能力异常;不招斜视、弱视）,五年; 不招色盲、色弱、单色识别能力异常;不招斜视、弱视,,,,,573,16069,,,,,,573,16069,,,,,,,,,本科,,,,,
8283673,北京,本科批,物理,,XB852F0,专业组09,首都医科大学,35D2,假肢矫形工程（不招色盲、色弱、单色识别能力异常;不招斜视、弱视）,不招色盲、色弱、单色识别能力异常;不招斜视、弱视,,,,,579,14812,,,,,,579,14812,,,,,,,,,本科,,,,,
8283674,北京,本科批,物理,,XB852F0,专业组09,首都医科大学,19CD,智能医学工程（不招色盲、色弱、单色识别能力异常;不招斜视、弱视）,不招色盲、色弱、单色识别能力异常;不招斜视、弱视,,,,,581,14402,,,,,,581,14402,,,,,,,,,本科,,,,,
8283675,北京,本科批,物理,,XB852F0,专业组01,首都医科大学,2961,公共事业管理（卫生管理）（不招色盲、色弱、单色识别能力异常;不招斜视、弱视）,卫生管理; 不招色盲、色弱、单色识别能力异常;不招斜视、弱视,,,,,581,14402,,,,,,581,14402,,,,,,,,,本科,,,,,
8283676,北京,本科批,物理,,XB852F0,专业组06,首都医科大学,86C6,药学（不招色盲、色弱、单色识别能力异常;不招斜视、弱视）,不招色盲、色弱、单色识别能力异常;不招斜视、弱视,,,,,582,14198,,,,,,582,14198,,,,,,,,,本科,,,,,
8283677,北京,本科批,物理,,XB852F0,专业组06,首都医科大学,DF71,中医学（五年）（不招色盲、色弱、单色识别能力异常;不招斜视、弱视）,五年; 不招色盲、色弱、单色识别能力异常;不招斜视、弱视,,,,,587,13194,,,,,,587,13194,,,,,,,,,本科,,,,,
8283678,北京,本科批,物理,,XB852F0,专业组01,首都医科大学,6BE8,法学（卫生法学）（不招色盲、色弱、单色识别能力异常;不招斜视、弱视）,卫生法学; 不招色盲、色弱、单色识别能力异常;不招斜视、弱视,,,,,588,12980,,,,,,588,12980,,,,,,,,,本科,,,,,
8283679,北京,本科批,物理,,XB852F0,专业组09,首都医科大学,E99C,生物医学工程（不招色盲、色弱、单色识别能力异常;不招斜视、弱视）,不招色盲、色弱、单色识别能力异常;不招斜视、弱视,,,,,588,12980,,,,,,588,12980,,,,,,,,,本科,,,,,
8283680,北京,本科批,物理,,XB852F0,专业组06,首都医科大学,6CB8,临床药学（五年）（不招色盲、色弱、单色识别能力异常;不招斜视、弱视）,五年; 不招色盲、色弱、单色识别能力异常;不招斜视、弱视,,,,,592,12263,,,,,,592,12263,,,,,,,,,本科,,,,,
8283681,北京,本科批,物理,,XB852F0,专业组05,首都医科大学,AE1D,基础医学（五年）（不招色盲、色弱、单色识别能力异常;不招斜视、弱视）,五年; 不招色盲、色弱、单色识别能力异常;不招斜视、弱视,,,,,610,9022,,,,,,610,9022,,,,,,,,,本科,,,,,
8283682,北京,本科批,物理,,XB852F0,专业组05,首都医科大学,84B7,精神医学（五年）（不招色盲、色弱、单色识别能力异常;不招斜视、弱视）,五年; 不招色盲、色弱、单色识别能力异常;不招斜视、弱视,,,,,618,7651,,,,,,618,7651,,,,,,,,,本科,,,,,
8284721,北京,本科批,物理,,X3395B0,专业组01,海南医科大学,10A0,药学,,,,,,514,29083,,,,,,514,29083,,,,,,,,,本科,,,,,
8284722,北京,本科批,物理,,X3395B0,专业组01,海南医科大学,CC9A,临床医学（五年）,五年,,,,,551,20749,,,,,,551,20749,,,,,,,,,本科,,,,,
8285432,北京,本科批,物理,,X0E72B5,专业组02,东北林业大学,4ECE,土木工程,,,,,,571,16481,,,,,,571,16481,,,,,,,,,本科,,,,,
8285433,北京,本科批,物理,,X0E72B5,专业组02,东北林业大学,7790,林学类,,,,,,572,16267,,,,,,572,16267,,,,,,,,,本科,,,,,
8285434,北京,本科批,物理,,X0E72B5,专业组02,东北林业大学,0325,动物医学,,,,,,572,16267,,,,,,572,16267,,,,,,,,,本科,,,,,
8285435,北京,本科批,物理,,X0E72B5,专业组01,东北林业大学,E6CB,社会工作,,,,,,576,15428,,,,,,576,15428,,,,,,,,,本科,,,,,
8285436,北京,本科批,物理,,X0E72B5,专业组01,东北林业大学,671C,日语,,,,,,576,15428,,,,,,576,15428,,,,,,,,,本科,,,,,
8285437,北京,本科批,物理,,X0E72B5,专业组01,东北林业大学,3739,广告学,,,,,,576,15428,,,,,,576,15428,,,,,,,,,本科,,,,,
8285438,北京,本科批,物理,,X0E72B5,专业组01,东北林业大学,EF7C,工商管理类,,,,,,578,15033,,,,,,578,15033,,,,,,,,,本科,,,,,
8285439,北京,本科批,物理,,X0E72B5,专业组02,东北林业大学,D035,生物科学类,,,,,,578,15033,,,,,,578,15033,,,,,,,,,本科,,,,,
8285440,北京,本科批,物理,,X0E72B5,专业组01,东北林业大学,FB65,风景园林,,,,,,578,15033,,,,,,578,15033,,,,,,,,,本科,,,,,
8285441,北京,本科批,物理,,X0E72B5,专业组02,东北林业大学,6472,野生动物与自然保护区管理,,,,,,578,15033,,,,,,578,15033,,,,,,,,,本科,,,,,
8285442,北京,本科批,物理,,X0E72B5,专业组02,东北林业大学,26A7,车辆工程,,,,,,580,14596,,,,,,580,14596,,,,,,,,,本科,,,,,
8285443,北京,本科批,物理,,X0E72B5,专业组01,东北林业大学,4145,英语,,,,,,581,14402,,,,,,581,14402,,,,,,,,,本科,,,,,
8285444,北京,本科批,物理,,X0E72B5,专业组02,东北林业大学,F11A,机器人工程,,,,,,583,14003,,,,,,583,14003,,,,,,,,,本科,,,,,
8285445,北京,本科批,物理,,X0E72B5,专业组02,东北林业大学,82E6,计算机类,,,,,,584,13797,,,,,,584,13797,,,,,,,,,本科,,,,,
8285446,北京,本科批,物理,,X0E72B5,专业组01,东北林业大学,927B,法学,,,,,,599,10980,,,,,,599,10980,,,,,,,,,本科,,,,,
8286397,北京,本科批,物理,,X3450BE,专业组01,云南财经大学,3E09,会计学（办学地点:龙泉路校区）,办学地点:龙泉路校区,,,,,512,29550,,,,,,512,29550,,,,,,,,,本科,,,,,
8287148,北京,本科批,物理,,X0EB23A,专业组01,北华大学,817D,康复治疗学,,,,,,493,33792,,,,,,493,33792,,,,,,,,,本科,,,,,
8287982,北京,本科批,物理,,XA594C7,专业组01,中北大学,DB75,广播电视学,,,,,,516,28622,,,,,,516,28622,,,,,,,,,本科,,,,,
8287983,北京,本科批,物理,,XA594C7,专业组01,中北大学,25DE,国际经济与贸易,,,,,,517,28417,,,,,,517,28417,,,,,,,,,本科,,,,,
8287984,北京,本科批,物理,,XA594C7,专业组02,中北大学,D078,新能源汽车工程,,,,,,537,23824,,,,,,537,23824,,,,,,,,,本科,,,,,
8287985,北京,本科批,物理,,XA594C7,专业组02,中北大学,8684,智能制造工程,,,,,,537,23824,,,,,,537,23824,,,,,,,,,本科,,,,,
8287986,北京,本科批,物理,,XA594C7,专业组02,中北大学,F068,人工智能,,,,,,540,23122,,,,,,540,23122,,,,,,,,,本科,,,,,
8287987,北京,本科批,物理,,XA594C7,专业组02,中北大学,FFE8,生物医学工程,,,,,,541,22915,,,,,,541,22915,,,,,,,,,本科,,,,,
8287988,北京,本科批,物理,,XA594C7,专业组02,中北大学,4718,数据科学与大数据技术,,,,,,541,22915,,,,,,541,22915,,,,,,,,,本科,,,,,
8287989,北京,本科批,物理,,XA594C7,专业组02,中北大学,B9A5,计算机科学与技术,,,,,,542,22695,,,,,,542,22695,,,,,,,,,本科,,,,,
8287990,北京,本科批,物理,,XA594C7,专业组02,中北大学,ECA4,通信工程,,,,,,546,21881,,,,,,546,21881,,,,,,,,,本科,,,,,
8287991,北京,本科批,物理,,XA594C7,专业组02,中北大学,7E23,环境工程,,,,,,551,20749,,,,,,551,20749,,,,,,,,,本科,,,,,
8287992,北京,本科批,物理,,XA594C7,专业组02,中北大学,3557,能源与动力工程,,,,,,552,20524,,,,,,552,20524,,,,,,,,,本科,,,,,
8287993,北京,本科批,物理,,XA594C7,专业组02,中北大学,8CE2,特种能源技术与工程,,,,,,553,20311,,,,,,553,20311,,,,,,,,,本科,,,,,
8287994,北京,本科批,物理,,XA594C7,专业组02,中北大学,AF7F,飞行器设计与工程,,,,,,556,19659,,,,,,556,19659,,,,,,,,,本科,,,,,
8287995,北京,本科批,物理,,XA594C7,专业组02,中北大学,C734,电子科学与技术,,,,,,558,19195,,,,,,558,19195,,,,,,,,,本科,,,,,
8287996,北京,本科批,物理,,XA594C7,专业组02,中北大学,89C8,装甲车辆工程,,,,,,559,18983,,,,,,559,18983,,,,,,,,,本科,,,,,
8287997,北京,本科批,物理,,XA594C7,专业组02,中北大学,A5D2,测控技术与仪器,,,,,,563,18175,,,,,,563,18175,,,,,,,,,本科,,,,,
8287998,北京,本科批,物理,,XA594C7,专业组02,中北大学,A687,光电信息科学与工程,,,,,,568,17101,,,,,,568,17101,,,,,,,,,本科,,,,,
8287999,北京,本科批,物理,,XA594C7,专业组02,中北大学,AFA1,弹药工程与爆炸技术,,,,,,595,11725,,,,,,595,11725,,,,,,,,,本科,,,,,
8288884,北京,本科批,物理,,X39D479,专业组01,山东第一医科大学,FC20,精神医学（五年）（（专业办学地点:济南校区）,五年; （专业办学地点:济南校区,,,,,553,20311,,,,,,553,20311,,,,,,,,,本科,,,,,
8288885,北京,本科批,物理,,X39D479,专业组01,山东第一医科大学,1D26,医学影像技术（专业办学地点:泰安校区）,专业办学地点:泰安校区,,,,,554,20086,,,,,,554,20086,,,,,,,,,本科,,,,,
8288886,北京,本科批,物理,,X39D479,专业组01,山东第一医科大学,1475,临床医学（五年）（（专业办学地点:济南校区）,五年; （专业办学地点:济南校区,,,,,600,10787,,,,,,600,10787,,,,,,,,,本科,,,,,
8289303,北京,本科批,物理,,X7E175F,专业组01,重庆科技大学,12CD,油气储运工程,,,,,,517,28417,,,,,,517,28417,,,,,,,,,本科,,,,,
8289897,北京,本科批,物理,,X22DCC2,专业组02,内蒙古大学,0285,物流管理（办学地点:玉泉校区）,办学地点:玉泉校区,,,,,566,17509,,,,,,566,17509,,,,,,,,,本科,,,,,
8289898,北京,本科批,物理,,X22DCC2,专业组01,内蒙古大学,02B8,网络与新媒体（办学地点:玉泉校区）,办学地点:玉泉校区,,,,,577,15224,,,,,,577,15224,,,,,,,,,本科,,,,,
8289899,北京,本科批,物理,,X22DCC2,专业组01,内蒙古大学,EC51,"旅游管理（国家级一流本科专业建设点,办学地点:玉泉校区）","国家级一流本科专业建设点,办学地点:玉泉校区",,,,,578,15033,,,,,,578,15033,,,,,,,,,本科,,,,,
8289900,北京,本科批,物理,,X22DCC2,专业组01,内蒙古大学,5E14,"英语（外语成绩不低于90分，只招英语考生，国家级一流本科专业建设点,办学地点:玉泉校区）","外语成绩不低于90分，只招英语考生，国家级一流本科专业建设点,办学地点:玉泉校区",,,,,580,14596,,,,,,580,14596,,,,,,,,,本科,,,,,
8289901,北京,本科批,物理,,X22DCC2,专业组05,内蒙古大学,A83D,"电子信息类（含通信工程、电子信息科学与技术、自动化,办学地点:赛罕校区）","含通信工程、电子信息科学与技术、自动化,办学地点:赛罕校区",,,,,582,14198,,,,,,582,14198,,,,,,,,,本科,,,,,
8289902,北京,本科批,物理,,X22DCC2,专业组01,内蒙古大学,5074,"法学（国家级一流本科专业建设点,办学地点:玉泉校区）","国家级一流本科专业建设点,办学地点:玉泉校区",,,,,582,14198,,,,,,582,14198,,,,,,,,,本科,,,,,
8289903,北京,本科批,物理,,X22DCC2,专业组04,内蒙古大学,4252,"历史学（国家级一流本科专业建设点,办学地点:玉泉校区）","国家级一流本科专业建设点,办学地点:玉泉校区",,,,,583,14003,,,,,,583,14003,,,,,,,,,本科,,,,,
8289904,北京,本科批,物理,,X22DCC2,专业组01,内蒙古大学,C56E,"金融学（国家级一流本科专业建设点,办学地点:赛罕校区）","国家级一流本科专业建设点,办学地点:赛罕校区",,,,,583,14003,,,,,,583,14003,,,,,,,,,本科,,,,,
8289905,北京,本科批,物理,,X22DCC2,专业组05,内蒙古大学,9B6A,智能科学与技术（办学地点:赛罕校区）,办学地点:赛罕校区,,,,,584,13797,,,,,,584,13797,,,,,,,,,本科,,,,,
8289906,北京,本科批,物理,,X22DCC2,专业组04,内蒙古大学,341F,"汉语言文学（国家级一流本科专业建设点,办学地点:玉泉校区）","国家级一流本科专业建设点,办学地点:玉泉校区",,,,,588,12980,,,,,,588,12980,,,,,,,,,本科,,,,,
8289907,北京,本科批,物理,,X22DCC2,专业组01,内蒙古大学,9AEE,纪检监察（办学地点:玉泉校区）,办学地点:玉泉校区,,,,,590,12614,,,,,,590,12614,,,,,,,,,本科,,,,,
8289908,北京,本科批,物理,,X22DCC2,专业组05,内蒙古大学,5917,数据科学与大数据技术（办学地点:赛罕校区）,办学地点:赛罕校区,,,,,591,12433,,,,,,591,12433,,,,,,,,,本科,,,,,
8289909,北京,本科批,物理,,X22DCC2,专业组05,内蒙古大学,0B00,"软件工程（国家级—流本科专业建设点,办学地点:赛罕校区）","国家级—流本科专业建设点,办学地点:赛罕校区",,,,,593,12095,,,,,,593,12095,,,,,,,,,本科,,,,,
8289910,北京,本科批,物理,,X22DCC2,专业组03,内蒙古大学,6036,政治学、经济学与哲学（办学地点:玉泉校区）,办学地点:玉泉校区,,,,,596,11548,,,,,,596,11548,,,,,,,,,本科,,,,,
8290703,北京,本科批,物理,,X8DF55E,专业组01,西安工程大学,25DE,国际经济与贸易,,,,,,514,29083,,,,,,514,29083,,,,,,,,,本科,,,,,
8291208,北京,本科批,物理,,XF8F8A8,专业组01,西安财经大学,296F,电子商务（办学地点:长安校区）,办学地点:长安校区,,,,,521,27493,,,,,,521,27493,,,,,,,,,本科,,,,,
8291209,北京,本科批,物理,,XF8F8A8,专业组01,西安财经大学,AAA5,经济学（办学地点:长安校区）,办学地点:长安校区,,,,,523,26996,,,,,,523,26996,,,,,,,,,本科,,,,,
8291589,北京,本科批,物理,,XE9D198,专业组01,西安外国语大学,FC90,俄语,,,,,,519,27941,,,,,,519,27941,,,,,,,,,本科,,,,,
8291590,北京,本科批,物理,,XE9D198,专业组01,西安外国语大学,4145,英语,,,,,,520,27728,,,,,,520,27728,,,,,,,,,本科,,,,,
8291591,北京,本科批,物理,,XE9D198,专业组01,西安外国语大学,0FBC,金融学,,,,,,522,27234,,,,,,522,27234,,,,,,,,,本科,,,,,
8291592,北京,本科批,物理,,XE9D198,专业组01,西安外国语大学,8607,法语,,,,,,541,22915,,,,,,541,22915,,,,,,,,,本科,,,,,
8292544,北京,本科批,物理,,X6503A1,专业组01,西华师范大学,25DE,国际经济与贸易,,,,,,487,35128,,,,,,487,35128,,,,,,,,,本科,,,,,
8292851,北京,本科批,物理,,XA03EEF,专业组01,西安石油大学,C9CF,工商管理类（含市场营销、会计学、财务管理、人力资源管理）（办学地点:鄂邑校区）,含市场营销、会计学、财务管理、人力资源管理; 办学地点:鄂邑校区,,,,,521,27493,,,,,,521,27493,,,,,,,,,本科,,,,,
8292852,北京,本科批,物理,,XA03EEF,专业组02,西安石油大学,48F3,计算机类（含计算机科学与技术、软件工程、网络工程、数字媒体技术）（办学地点:鄂邑校区）,含计算机科学与技术、软件工程、网络工程、数字媒体技术; 办学地点:鄂邑校区,,,,,540,23122,,,,,,540,23122,,,,,,,,,本科,,,,,
8294355,北京,本科批,物理,,X75261F,专业组01,杭州师范大学,C4C1,机械设计制造及其自动化（专业办学地点:下沙校区）,专业办学地点:下沙校区,,,,,530,25414,,,,,,530,25414,,,,,,,,,本科,,,,,
8294356,北京,本科批,物理,,X75261F,专业组01,杭州师范大学,226F,计算机科���与技术（专业办学地点:大一在下沙校区，大二起在仓前校区）,专业办学地点:大一在下沙校区，大二起在仓前校区,,,,,531,25202,,,,,,531,25202,,,,,,,,,本科,,,,,
8294357,北京,本科批,物理,,X75261F,专业组01,杭州师范大学,2A66,高分子材料与工程（专业办学地点:大一在下沙校区，大二起在仓前校区）,专业办学地点:大一在下沙校区，大二起在仓前校区,,,,,541,22915,,,,,,541,22915,,,,,,,,,本科,,,,,
8294358,北京,本科批,物理,,X75261F,专业组01,杭州师范大学,CEED,软件工程（专业办学地点:大一在下沙校区，大二起在仓前校区）,专业办学地点:大一在下沙校区，大二起在仓前校区,,,,,542,22695,,,,,,542,22695,,,,,,,,,本科,,,,,
8294359,北京,本科批,物理,,X75261F,专业组01,杭州师范大学,66DF,数据科学与大数据技术（专业办学地点:大一在下沙校区，大二起在仓前校区）,专业办学地点:大一在下沙校区，大二起在仓前校区,,,,,552,20524,,,,,,552,20524,,,,,,,,,本科,,,,,
8294925,北京,本科批,物理,,X8B0236,专业组02,河北医科大学,EC34,公共卫生与预防医学类（五年）（含预防医学、妇幼保健医学，办学地点:建华校区）,五年; 含预防医学、妇幼保健医学，办学地点:建华校区,,,,,536,24052,,,,,,536,24052,,,,,,,,,本科,,,,,
8294926,北京,本科批,物理,,X8B0236,专业组01,河北医科大学,9943,护理学类（含护理学、助产学，办学地点:建华校区）,含护理学、助产学，办学地点:建华校区,,,,,536,24052,,,,,,536,24052,,,,,,,,,本科,,,,,
8294927,北京,本科批,物理,,X8B0236,专业组03,河北医科大学,C158,临床医学（五年）（办学地点:中山校区）,五年; 办学地点:中山校区,,,,,604,10041,,,,,,604,10041,,,,,,,,,本科,,,,,
8295323,北京,本科批,物理,,X8E9349,专业组01,北京林业大学,9706,木材科学与工程（中外合作办学）（五年）（外语成绩不低于100分，和加拿大不列颠哥伦比亚大学（UBC）合办，第一、二、三学年学费40000元/年，第四、五学年该校收取5500元/年，UBC按学分收取学费，此部分收费标准每年略有调整，以入学UBC当年的标准执行，目前标准为1620.34加元/生/学分，约70学分）,中外合作办学; 五年; 外语成绩不低于100分，和加拿大不列颠哥伦比亚大学（UBC,,,,,585,13610,,,,,,585,13610,,,,,,,,,本科,,,,,
8295324,北京,本科批,物理,,X8E9349,专业组06,北京林业大学,52CB,草坪科学与工程,,,,,,590,12614,,,,,,590,12614,,,,,,,,,本科,,,,,
8295325,北京,本科批,物理,,X8E9349,专业组01,北京林业大学,F711,生物技术（中外合作办学）（五年）（外语成绩不低于100分，和加拿大不列颠哥伦比亚大学（UBC）合办，第一、二、三学年学费40000元/年，第四、五学年该校收取5500元/年，UBC按学分收取学费，此部分收费标准每年略有调整，以入学UBC当年的标准执行，目前标准为1620.34加元/生/学分，约60学分）,中外合作办学; 五年; 外语成绩不低于100分，和加拿大不列颠哥伦比亚大学（UBC,,,,,590,12614,,,,,,590,12614,,,,,,,,,本科,,,,,
8295326,北京,本科批,物理,,X8E9349,专业组06,北京林业大学,4D44,给排水科学与工程,,,,,,591,12433,,,,,,591,12433,,,,,,,,,本科,,,,,
8295327,北京,本科批,物理,,X8E9349,专业组06,北京林业大学,5E49,食品科学与工程,,,,,,591,12433,,,,,,591,12433,,,,,,,,,本科,,,,,
8295328,北京,本科批,物理,,X8E9349,专业组06,北京林业大学,7E23,环境工程,,,,,,591,12433,,,,,,591,12433,,,,,,,,,本科,,,,,
8295329,北京,本科批,物理,,X8E9349,专业组06,北京林业大学,96FD,林业工程类（含林产化工、林产化工（制浆造纸工程方向）、林产化工（生物质能源科学与工程方向）、木材科学与工程、木材科学与工程（木结构材料与工程方向）、家具设计与工程）,含林产化工、林产化工（制浆造纸工程方向; 生物质能源科学与工程方向; 木结构材料与工程方向,,,,,592,12263,,,,,,592,12263,,,,,,,,,本科,,,,,
8295330,北京,本科批,物理,,X8E9349,专业组06,北京林业大学,E693,水土保持与荒漠化防治,,,,,,592,12263,,,,,,592,12263,,,,,,,,,本科,,,,,
8295331,北京,本科批,物理,,X8E9349,专业组06,北京林业大学,4ECE,土木工程,,,,,,593,12095,,,,,,593,12095,,,,,,,,,本科,,,,,
8295332,北京,本科批,物理,,X8E9349,专业组06,北京林业大学,C5CB,园艺,,,,,,593,12095,,,,,,593,12095,,,,,,,,,本科,,,,,
8295333,北京,本科批,物理,,X8E9349,专业组06,北京林业大学,FDA4,木材科学与工程（德语复合人才实验班）,德语复合人才实验班,,,,,594,11907,,,,,,594,11907,,,,,,,,,本科,,,,,
8295334,北京,本科批,物理,,X8E9349,专业组06,北京林业大学,4211,草业科学（梁希实验班）,梁希实验班,,,,,594,11907,,,,,,594,11907,,,,,,,,,本科,,,,,
8295335,北京,本科批,物理,,X8E9349,专业组06,北京林业大学,26A7,车辆工程,,,,,,595,11725,,,,,,595,11725,,,,,,,,,本科,,,,,
8295336,北京,本科批,物理,,X8E9349,专业组06,北京林业大学,78FF,机械设计制造及其自动化,,,,,,595,11725,,,,,,595,11725,,,,,,,,,本科,,,,,
8295337,北京,本科批,物理,,X8E9349,专业组06,北京林业大学,4C65,自动化,,,,,,597,11348,,,,,,597,11348,,,,,,,,,本科,,,,,
8295338,北京,本科批,物理,,X8E9349,专业组06,北京林业大学,25FE,数学与应用数学,,,,,,597,11348,,,,,,597,11348,,,,,,,,,本科,,,,,
8295339,北京,本科批,物理,,X8E9349,专业组06,北京林业大学,76B9,统计学,,,,,,598,11157,,,,,,598,11157,,,,,,,,,本科,,,,,
8295340,北京,本科批,物理,,X8E9349,专业组06,北京林业大学,A5B7,电气工程及其自动化,,,,,,598,11157,,,,,,598,11157,,,,,,,,,本科,,,,,
8295341,北京,本科批,物理,,X8E9349,专业组06,北京林业大学,5FC4,环境科学,,,,,,598,11157,,,,,,598,11157,,,,,,,,,本科,,,,,
8295342,北京,本科批,物理,,X8E9349,专业组06,北京林业大学,4ED3,生态学,,,,,,602,10383,,,,,,602,10383,,,,,,,,,本科,,,,,
8296242,北京,本科批,物理,,XA63356,专业组03,中南林业科技大学,12CF,食品科学与工程类（含食品科学与工程、食品质量与安全、粮食工程，食品科学与工程为国家级特色专业、国家一流专业建设点）,含食品科学与工程、食品质量与安全、粮食工程，食品科学与工程为国家级特色专业、国家一流专业建设点,,,,,489,34671,,,,,,489,34671,,,,,,,,,本科,,,,,
8296243,北京,本科批,物理,,XA63356,专业组03,中南林业科技大学,606C,环境科学与工程类（含环境工程、环境科学、环境生态工程，环境科学为国家一流专业建设点）,含环境工程、环境科学、环境生态工程，环境科学为国家一流专业建设点,,,,,505,31121,,,,,,505,31121,,,,,,,,,本科,,,,,
8296244,北京,本科批,物理,,XA63356,专业组02,中南林业科技大学,71C5,物流管理（国家一流专业建设点）,国家一流专业建设点,,,,,513,29317,,,,,,513,29317,,,,,,,,,本科,,,,,
8296245,北京,本科批,物理,,XA63356,专业组01,中南林业科技大学,927B,法学,,,,,,516,28622,,,,,,516,28622,,,,,,,,,本科,,,,,
8296246,北京,本科批,物理,,XA63356,专业组01,中南林业科技大学,3B8E,日语（只招英语、日语考生）,只招英语、日语考生,,,,,516,28622,,,,,,516,28622,,,,,,,,,本科,,,,,
8297653,北京,本科批,物理,,XD7DA21,专业组01,兰州交通大学,52F8,轨道交通信号与控制,,,,,,526,26285,,,,,,526,26285,,,,,,,,,本科,,,,,
8297654,北京,本科批,物理,,XD7DA21,专业组01,兰州交通大学,ECA4,通信工程,,,,,,528,25842,,,,,,528,25842,,,,,,,,,本科,,,,,
8297655,北京,本科批,物理,,XD7DA21,专业组01,兰州交通大学,4C65,自动化,,,,,,529,25630,,,,,,529,25630,,,,,,,,,本科,,,,,
8297656,北京,本科批,物理,,XD7DA21,专业组01,兰州交通大学,F55B,交通运输,,,,,,542,22695,,,,,,542,22695,,,,,,,,,本科,,,,,
8298963,北京,本科批,物理,,X6BD648,专业组02,天津商业大学,E432,经济学类（含经济学、财政学、金融学、信用管理、国际经济与贸易）,含经济学、财政学、金融学、信用管理、国际经济与贸易,,,,,522,27234,,,,,,522,27234,,,,,,,,,本科,,,,,
8298964,北京,本科批,物理,,X6BD648,专业组01,天津商业大学,AE36,财务管理（中外合作办学）,中外合作办学,,,,,523,26996,,,,,,523,26996,,,,,,,,,本科,,,,,
8299652,北京,本科批,物理,,XAEE6FC,专业组01,陕西科技大学,9098,电气工程及其自动化（办学地点:未央大学园区）,办学地点:未央大学园区,,,,,527,26065,,,,,,527,26065,,,,,,,,,本科,,,,,
8300496,北京,本科批,物理,,X1EF8E8,专业组01,山西医科大学,AB7C,智能医学工程（不招色盲、色弱、单色识别能力异常）,不招色盲、色弱、单色识别能力异常,,,,,509,30177,,,,,,509,30177,,,,,,,,,本科,,,,,
8300497,北京,本科批,物理,,X1EF8E8,专业组01,山西医科大学,F8D7,康复治疗学（不招色盲、色弱、单色识别能力异常）,不招色盲、色弱、单色识别能力异常,,,,,515,28850,,,,,,515,28850,,,,,,,,,本科,,,,,
8300498,北京,本科批,物理,,X1EF8E8,专业组01,山西医科大学,0B11,中药学（不招色盲、色弱、单色识别能力异常）,不招色盲、色弱、单色识别能力异常,,,,,517,28417,,,,,,517,28417,,,,,,,,,本科,,,,,
8300499,北京,本科批,物理,,X1EF8E8,专业组02,山西医科大学,A716,法医学（五年）（不招色盲、色弱、单色识别能力异常）,五年; 不招色盲、色弱、单色识别能力异常,,,,,520,27728,,,,,,520,27728,,,,,,,,,本科,,,,,
8300500,北京,本科批,物理,,X1EF8E8,专业组01,山西医科大学,9A63,药学（不招色盲、色弱、单色识别能力异常）,不招色盲、色弱、单色识别能力异常,,,,,522,27234,,,,,,522,27234,,,,,,,,,本科,,,,,
8300501,北京,本科批,物理,,X1EF8E8,专业组01,山西医科大学,1D27,生物医学工程（临床工程）（不招色盲、色弱、单色识别能力异常）,临床工程; 不招色盲、色弱、单色识别能力异常,,,,,522,27234,,,,,,522,27234,,,,,,,,,本科,,,,,
8300502,北京,本科批,物理,,X1EF8E8,专业组02,山西医科大学,A59D,基础医学（五年）（不招色盲、色弱、单色识别能力异常）,五年; 不招色盲、色弱、单色识别能力异常,,,,,523,26996,,,,,,523,26996,,,,,,,,,本科,,,,,
8300503,北京,本科批,物理,,X1EF8E8,专业组02,山西医科大学,64C7,预防医学（五年）（不招色盲、色弱、单色识别能力异常）,五年; 不招色盲、色弱、单色识别能力异常,,,,,524,26772,,,,,,524,26772,,,,,,,,,本科,,,,,
8300504,北京,本科批,物理,,X1EF8E8,专业组02,山西医科大学,BED7,口腔医学（五年）（不招色盲、色弱、单色识别能力异常）,五年; 不招色盲、色弱、单色识别能力异常,,,,,542,22695,,,,,,542,22695,,,,,,,,,本科,,,,,
8300505,北京,本科批,物理,,X1EF8E8,专业组02,山西医科大学,E943,医学影像学（五年）（不招色盲、色弱、单色识别能力异常）,五年; 不招色盲、色弱、单色识别能力异常,,,,,546,21881,,,,,,546,21881,,,,,,,,,本科,,,,,
8300506,北京,本科批,物理,,X1EF8E8,专业组02,山西医科大学,FC8E,临床医学（五年）（不招色盲、色弱、单色识别能力异常）,五年; 不招色盲、色弱、单色识别能力异常,,,,,570,16658,,,,,,570,16658,,,,,,,,,本科,,,,,
8300507,北京,本科批,物理,,X1EF8E8,专业组02,山西医科大学,4896,麻醉学（五年）（不招色盲、色弱、单色识别能力异常）,五年; 不招色盲、色弱、单色识别能力异常,,,,,580,14596,,,,,,580,14596,,,,,,,,,本科,,,,,
8301289,北京,本科批,物理,,X3B49EF,专业组01,山西财经大学,C1FE,物流管理（办学地点:迎泽校区）,办学地点:迎泽校区,,,,,516,28622,,,,,,516,28622,,,,,,,,,本科,,,,,
8301290,北京,本科批,物理,,X3B49EF,专业组01,山西财经大学,E23D,市场营销（办学地点:迎泽校区）,办学地点:迎泽校区,,,,,516,28622,,,,,,516,28622,,,,,,,,,本科,,,,,
8301291,北京,本科批,物理,,X3B49EF,专业组02,山西财经大学,AEBD,金融数学（办学地点:坞城校区）,办学地点:坞城校区,,,,,520,27728,,,,,,520,27728,,,,,,,,,本科,,,,,
8301292,北京,本科批,物理,,X3B49EF,专业组01,山西财经大学,4AB2,新闻学（办学地点:迎泽校区）,办学地点:迎泽校区,,,,,521,27493,,,,,,521,27493,,,,,,,,,本科,,,,,
8301293,北京,本科批,物理,,X3B49EF,专业组01,山西财经大学,4C3E,税收学（办学地点:迎泽校区）,办学地点:迎泽校区,,,,,538,23607,,,,,,538,23607,,,,,,,,,本科,,,,,
8302200,北京,本科批,物理,,X50FE49,专业组02,河北师范大学,3C38,软件工程,,,,,,500,32208,,,,,,500,32208,,,,,,,,,本科,,,,,
8302201,北京,本科批,物理,,X50FE49,专业组02,河北师范大学,9268,数学与应用数学（师范）,师范,,,,,529,25630,,,,,,529,25630,,,,,,,,,本科,,,,,
8302202,北京,本科批,物理,,X50FE49,专业组01,河北师范大学,B53C,汉语言文学（师范）,师范,,,,,565,17728,,,,,,565,17728,,,,,,,,,本科,,,,,
8302742,北京,本科提前批,物理,,X19FF53,专业组23,首都经济贸易大学,EB1C,安全工程（注安师）（地方专项计划）,注安师; 地方专项计划,,,,,525,26546,,,,,,525,26546,,,,,,,,,本科,,,,,
8302743,北京,本科提前批,物理,,X19FF53,专业组21,首都经济贸易大学,B700,外国语言文学类（地方专项计划）,地方专项计划,,,,,539,23365,,,,,,539,23365,,,,,,,,,本科,,,,,
8302744,北京,本科提前批,物理,,X19FF53,专业组17,首都经济贸易大学,1888,工商管理类（劳经学院）（地方专项计划）,劳经学院; 地方专项计划,,,,,545,22074,,,,,,545,22074,,,,,,,,,本科,,,,,
8302745,北京,本科提前批,物理,,X19FF53,专业组15,首都经济贸易大学,A5E5,公共管理类（地方专项计划）,地方专项计划,,,,,545,22074,,,,,,545,22074,,,,,,,,,本科,,,,,
8302746,北京,本科提前批,物理,,X19FF53,专业组16,首都经济贸易大学,3EC3,工商管理（地方专项计划）,地方专项计划,,,,,547,21659,,,,,,547,21659,,,,,,,,,本科,,,,,
8302747,北京,本科提前批,物理,,X19FF53,专业组18,首都经济贸易大学,AF1F,新闻传播学类（地方专项计划）,地方专项计划,,,,,554,20086,,,,,,554,20086,,,,,,,,,本科,,,,,
8302748,北京,本科提前批,物理,,X19FF53,专业组19,首都经济贸易大学,CEDD,工商管理（国际会计）（地方专项计划）,国际会计; 地方专项计划,,,,,556,19659,,,,,,556,19659,,,,,,,,,本科,,,,,
8302749,北京,本科批,物理,,X19FF53,专业组01,首都经济贸易大学,58F4,统计学（中外合作办学）,中外合作办学,,,,,558,19195,,,,,,558,19195,,,,,,,,,本科,,,,,
8302750,北京,本科提前批,物理,,X19FF53,专业组13,首都经济贸易大学,9A5A,广告学（中国传媒大学（双培计划），朝阳区）,中国传媒大学（双培计划,,,,,559,18983,,,,,,559,18983,,,,,,,,,本科,,,,,
8302751,北京,本科批,物理,,X19FF53,专业组03,首都经济贸易大学,46AC,公共管理类,,,,,,560,18792,,,,,,560,18792,,,,,,,,,本科,,,,,
8302752,北京,本科批,物理,,X19FF53,专业组03,首都经济贸易大学,09EE,市场营销,,,,,,560,18792,,,,,,560,18792,,,,,,,,,本科,,,,,
8302753,北京,本科批,物理,,X19FF53,专业组03,首都经济贸易大学,4154,电子商务,,,,,,560,18792,,,,,,560,18792,,,,,,,,,本科,,,,,
8302754,北京,本科批,物理,,X19FF53,专业组06,首都经济贸易大学,8BCF,信息管理与信息系统（金融信息管理）,金融信息管理,,,,,561,18566,,,,,,561,18566,,,,,,,,,本科,,,,,
8302755,北京,本科批,物理,,X19FF53,专业组06,首都经济贸易大学,5257,工业工程,,,,,,561,18566,,,,,,561,18566,,,,,,,,,本科,,,,,
8302756,北京,本科批,物理,,X19FF53,专业组06,首都经济贸易大学,7FA1,供应链管理,,,,,,562,18395,,,,,,562,18395,,,,,,,,,本科,,,,,
8302757,北京,本科批,物理,,X19FF53,专业组03,首都经济贸易大学,711F,工商管理类（劳经学院）,劳经学院,,,,,563,18175,,,,,,563,18175,,,,,,,,,本科,,,,,
8302758,北京,本科提前批,物理,,X19FF53,专业组14,首都经济贸易大学,5E16,传播学（中国传媒大学（双培计划），石景山区）,中国传媒大学（双培计划,,,,,563,18175,,,,,,563,18175,,,,,,,,,本科,,,,,
8302759,北京,本科批,物理,,X19FF53,专业组07,首都经济贸易大学,CE4E,数据科学与大数据技术（信息技术）,信息技术,,,,,564,17958,,,,,,564,17958,,,,,,,,,本科,,,,,
8302760,北京,本科批,物理,,X19FF53,专业组07,首都经济贸易大学,D2AA,安全工程（注安师）,注安师,,,,,564,17958,,,,,,564,17958,,,,,,,,,本科,,,,,
8302761,北京,本科批,物理,,X19FF53,专业组06,首都经济贸易大学,D681,信息管理与信息系统,,,,,,564,17958,,,,,,564,17958,,,,,,,,,本科,,,,,
8302762,北京,本科批,物理,,X19FF53,专业组03,首都经济贸易大学,04A0,工商管理,,,,,,564,17958,,,,,,564,17958,,,,,,,,,本科,,,,,
8302763,北京,本科批,物理,,X19FF53,专业组03,首都经济贸易大学,F52A,工商管理（国际会计）,国际会计,,,,,565,17728,,,,,,565,17728,,,,,,,,,本科,,,,,
8302764,北京,本科批,物理,,X19FF53,专业组03,首都经济贸易大学,C19A,人力资源管理,,,,,,566,17509,,,,,,566,17509,,,,,,,,,本科,,,,,
8302765,北京,本科批,物理,,X19FF53,专业组07,首都经济贸易大学,4718,数据科学与大数据技术,,,,,,567,17299,,,,,,567,17299,,,,,,,,,本科,,,,,
8302766,北京,本科批,物理,,X19FF53,专业组07,首都经济贸易大学,3020,数学与应用数学（金融方向）,金融方向,,,,,567,17299,,,,,,567,17299,,,,,,,,,本科,,,,,
8302767,北京,本科批,物理,,X19FF53,专业组06,首都经济贸易大学,1C92,数字经济,,,,,,567,17299,,,,,,567,17299,,,,,,,,,本科,,,,,
8302768,北京,本科批,物理,,X19FF53,专业组04,首都经济贸易大学,9301,新闻传播学类,,,,,,568,17101,,,,,,568,17101,,,,,,,,,本科,,,,,
8302769,北京,本科批,物理,,X19FF53,专业组03,首都经济贸易大学,A494,工商管理（数智管理实验班）,数智管理实验班,,,,,568,17101,,,,,,568,17101,,,,,,,,,本科,,,,,
8302770,北京,本科批,物理,,X19FF53,专业组04,首都经济贸易大学,D9E9,外国语言文学类,,,,,,568,17101,,,,,,568,17101,,,,,,,,,本科,,,,,
8302771,北京,本科提前批,物理,,X19FF53,专业组13,首都经济贸易大学,A3F0,广告学（中国传媒大学（双培计划），顺义区）,中国传媒大学（双培计划,,,,,568,17101,,,,,,568,17101,,,,,,,,,本科,,,,,
8302772,北京,本科提前批,物理,,X19FF53,专业组08,首都经济贸易大学,09E9,金融学（金融与监管科技）（中央财经大学（双培计划），丰台区）,金融与监管科技; 中央财经大学（双培计划,,,,,569,16863,,,,,,569,16863,,,,,,,,,本科,,,,,
8302773,北京,本科批,物理,,X19FF53,专业组03,首都经济贸易大学,71FE,人力资源管理（实验班）,实验班,,,,,569,16863,,,,,,569,16863,,,,,,,,,本科,,,,,
8302774,北京,本科批,物理,,X19FF53,专业组06,首都经济贸易大学,16DF,金融工程,,,,,,569,16863,,,,,,569,16863,,,,,,,,,本科,,,,,
8302775,北京,本科提前批,物理,,X19FF53,专业组14,首都经济贸易大学,8C8F,传播学（中国传媒大学（双培计划），密云区）,中国传媒大学（双培计划,,,,,570,16658,,,,,,570,16658,,,,,,,,,本科,,,,,
8302776,北京,本科批,物理,,X19FF53,专业组06,首都经济贸易大学,BD59,金融科技,,,,,,570,16658,,,,,,570,16658,,,,,,,,,本科,,,,,
8302777,北京,本科批,物理,,X19FF53,专业组07,首都经济贸易大学,B9A5,计算机科学与技术,,,,,,571,16481,,,,,,571,16481,,,,,,,,,本科,,,,,
8302778,北京,本科提前批,物理,,X19FF53,专业组22,首都经济贸易大学,6935,信息管理与信息系统（地方专项计划）,地方专项计划,,,,,571,16481,,,,,,571,16481,,,,,,,,,本科,,,,,
8302779,北京,本科批,物理,,X19FF53,专业组05,首都经济贸易大学,07BA,贸易经济,,,,,,572,16267,,,,,,572,16267,,,,,,,,,本科,,,,,
8302780,北京,本科批,物理,,X19FF53,专业组05,首都经济贸易大学,25DE,国际经济与贸易,,,,,,572,16267,,,,,,572,16267,,,,,,,,,本科,,,,,
8302781,北京,本科提前批,物理,,X19FF53,专业组12,首都经济贸易大学,C8F4,法学（知识产权）（中国政法大学 （双培计划），房山区）,知识产权; 中国政法大学 （双培计划,,,,,573,16069,,,,,,573,16069,,,,,,,,,本科,,,,,
8302987,北京,本科批,物理,,X452384,专业组01,四川外国语大学,54B5,英语（只招英语考生）,只招英语考生,,,,,520,27728,,,,,,520,27728,,,,,,,,,本科,,,,,
8302988,北京,本科批,物理,,X452384,专业组01,四川外国语大学,72A9,商务英语（国经双学位）（只招英语考生，商务英语+国际经济与贸易双学位专业）,国经双学位; 只招英语考生，商务英语+国际经济与贸易双学位专业,,,,,521,27493,,,,,,521,27493,,,,,,,,,本科,,,,,
8302989,北京,本科批,物理,,X452384,专业组01,四川外国语大学,1AD6,波斯语,,,,,,521,27493,,,,,,521,27493,,,,,,,,,本科,,,,,
8302990,北京,本科批,物理,,X452384,专业组01,四川外国语大学,FC90,俄语,,,,,,524,26772,,,,,,524,26772,,,,,,,,,本科,,,,,
8302991,北京,本科批,物理,,X452384,专业组01,四川外国语大学,C246,西班牙语（电商双学位）（西班牙语+电子商务双学位专业，详见该校招生章程）,电商双学位; 西班牙语+电子商务双学位专业，详见该校招生章程,,,,,538,23607,,,,,,538,23607,,,,,,,,,本科,,,,,
8302992,北京,本科批,物理,,X452384,专业组01,四川外国语大学,360E,法语（法语法学联合培养）（四川外国语大学法语+西南政法大学法学双学位专业，详见该校招生章程）,法语法学联合培养; 四川外国语大学法语+西南政法大学法学双学位专业，详见该校招生章程,,,,,539,23365,,,,,,539,23365,,,,,,,,,本科,,,,,
8303748,北京,本科批,物理,,XFA0D62,专业组01,沈阳航空航天大学,0FBC,金融学,,,,,,517,28417,,,,,,517,28417,,,,,,,,,本科,,,,,
8303749,北京,本科批,物理,,XFA0D62,专业组02,沈阳航空航天大学,A5D2,测控技术与仪器,,,,,,530,25414,,,,,,530,25414,,,,,,,,,本科,,,,,
8303750,北京,本科批,物理,,XFA0D62,专业组02,沈阳航空航天大学,F068,人工智能,,,,,,536,24052,,,,,,536,24052,,,,,,,,,本科,,,,,
8303751,北京,本科批,物理,,XFA0D62,专业组02,沈阳航空航天大学,78FF,机械设计制造及其自动化,,,,,,544,22278,,,,,,544,22278,,,,,,,,,本科,,,,,
8303752,北京,本科批,物理,,XFA0D62,专业组02,沈阳航空航天大学,7A06,飞行器制造工程,,,,,,584,13797,,,,,,584,13797,,,,,,,,,本科,,,,,
8304390,北京,本科批,物理,,X10F74B,专业组01,北京化工大学,FE62,化工与制药类（中外合作办学）（中法精英工程教育试验班）（高收费专业，含高分子材料与工程（中外合作办学）、化学工程与工艺（中外合作办学）、生物工程（中外合作办学），办学地点:朝阳校区/昌平校区）,中外合作办学; 中法精英工程教育试验班; 高收费专业，含高分子材料与工程（中外合作办学; 中外合作办学; 中外合作办学,,,,,590,12614,,,,,,590,12614,,,,,,,,,本科,,,,,
8304391,北京,本科批,物理,,X10F74B,专业组01,北京化工大学,5F56,生物工程（中外合作办学）（中美双学位、生物过程工程）（高收费专业，办学地点:朝阳校区/昌平校区）,中外合作办学; 中美双学位、生物过程工程; 高收费专业，办学地点:朝阳校区/昌平校区,,,,,591,12433,,,,,,591,12433,,,,,,,,,本科,,,,,
8304392,北京,本科批,物理,,X10F74B,专业组01,北京化工大学,9443,工业设计（中外合作办学）（中意设计双学位）（高收费专业，办学地点:朝阳校区/昌平校区）,中外合作办学; 中意设计双学位; 高收费专业，办学地点:朝阳校区/昌平校区,,,,,591,12433,,,,,,591,12433,,,,,,,,,本科,,,,,
8304393,北京,本科批,物理,,X10F74B,专业组01,北京化工大学,825C,机械设计制造及其自动化（中外合作办学）（中美双学位、机器人）（高收费专业，办学地点:朝阳校区/昌平校区）,中外合作办学; 中美双学位、机器人; 高收费专业，办学地点:朝阳校区/昌平校区,,,,,592,12263,,,,,,592,12263,,,,,,,,,本科,,,,,
8304394,北京,本科批,物理,,X10F74B,专业组04,北京化工大学,E4E1,自动化类（高端装备与智能制造）（含测控技术与仪器、自动化、机械设计制造及其自动化、过程装备与控制工程、安全工程、机器人工程，办学地点:朝阳校区/昌平校区）,高端装备与智能制造; 含测控技术与仪器、自动化、机械设计制造及其自动化、过程装备与控制工程、安全工程、机器人工程，办学地点:朝阳校区/昌平校区,,,,,612,8660,,,,,,612,8660,,,,,,,,,本科,,,,,
8304395,北京,本科批,物理,,X10F74B,专业组04,北京化工大学,BE2D,理科试验班（数学、物理电子与管理）（含电子科学与技术、数学与应用数学、信息与计算科学、金融数学、信息管理与信息系统、物流管理、大数据管理与应用、应用物理学，办学地点:昌平校区）,数学、物理电子与管理; 含电子科学与技术、数学与应用数学、信息与计算科学、金融数学、信息管理与信息系统、物流管理、大数据管理与应用、应用物理学，办学地点:昌平校区,,,,,613,8472,,,,,,613,8472,,,,,,,,,本科,,,,,
8304396,北京,本科批,物理,,X10F74B,专业组04,北京化工大学,3B58,计算机类（含电子信息工程、人工智能、计算机科学与技术、数据科学与大数据技术，办学地点:朝阳校区/昌平校区）,含电子信息工程、人工智能、计算机科学与技术、数据科学与大数据技术，办学地点:朝阳校区/昌平校区,,,,,615,8152,,,,,,615,8152,,,,,,,,,本科,,,,,
8304397,北京,本科批,物理,,X10F74B,专业组02,北京化工大学,C5BD,工商管理类（新文科经管法）（含财务管理、会计学、工商管理、国际经济与贸易、公共事业管理、行政管理、法学，办学地点:昌平校区）,新文科经管法; 含财务管理、会计学、工商管理、国际经济与贸易、公共事业管理、行政管理、法学，办学地点:昌平校区,,,,,616,7980,,,,,,616,7980,,,,,,,,,本科,,,,,
8304398,北京,本科批,物理,,X10F74B,专业组03,北京化工大学,062A,工科试验班（先进材料）（含高分子材料与工程、材料科学与工程、功能材料，办学地点:朝阳校区/昌平校区）,先进材料; 含高分子材料与工程、材料科学与工程、功能材料，办学地点:朝阳校区/昌平校区,,,,,617,7807,,,,,,617,7807,,,,,,,,,本科,,,,,
8304399,北京,本科批,物理,,X10F74B,专业组03,北京化工大学,42F8,化学工程与工艺（化工、法语联合学士学位）（北京化工大学-北京语言大学“化学工程与工艺+法语”联合学士学位培养项目，办学地点:朝阳校区/昌平校区）,化工、法语联合学士学位; 北京化工大学-北京语言大学“化学工程与工艺+法语”联合学士学位培养项目，办学地点:朝阳校区/昌平校区,,,,,617,7807,,,,,,617,7807,,,,,,,,,本科,,,,,
8304400,北京,本科批,物理,,X10F74B,专业组03,北京化工大学,E053,理科试验班（绿色化学）（含应用化学、能源化学、资源化学，办学地点:朝阳校区/昌平校区）,绿色化学; 含应用化学、能源化学、资源化学，办学地点:朝阳校区/昌平校区,,,,,617,7807,,,,,,617,7807,,,,,,,,,本科,,,,,
8304401,北京,本科批,物理,,X10F74B,专业组03,北京化工大学,B1FA,工科试验班（绿色化工与生物医药）（含化学工程与工艺、能源化学工程、环境工程、生物工程、生物医学工程、制药工程、氢能科学与工程，办学地点:朝阳校区/昌平校区）,绿色化工与生物医药; 含化学工程与工艺、能源化学工程、环境工程、生物工程、生物医学工程、制药工程、氢能科学与工程，办学地点:朝阳校区/昌平校区,,,,,619,7491,,,,,,619,7491,,,,,,,,,本科,,,,,
8304402,北京,本科批,物理,,X10F74B,专业组03,北京化工大学,EF49,工科试验班（绿色化工与生物医药（含化学工程与工艺、能源化学工程、环境工程、生物工程、生物医学工程、制药工程、氢能科学与工程，办学地点:朝阳校区/昌平校区））,绿色化工与生物医药（含化学工程与工艺、能源化学工程、环境工程、生物工程、生物医学工程、制药工程、氢能科学与工程，办学地点:朝阳校区/昌平校区,,,,,619,7491,,,,,,619,7491,,,,,,,,,本科,,,,,
8304403,北京,本科批,物理,,X10F74B,专业组03,北京化工大学,B445,化学（化学、生工双学士学位）（“化学-生物工程”双学士学位复合型人才培养项目，办学地点:朝阳校区/昌平校区）,化学、生工双学士学位; “化学-生物工程”双学士学位复合型人才培养项目，办学地点:朝阳校区/昌平校区,,,,,622,7001,,,,,,622,7001,,,,,,,,,本科,,,,,
8304404,北京,本科批,物理,,X10F74B,专业组03,北京化工大学,4156,化学工程与工艺（化工、大数据双学士学位）（“化学工程与工艺-大数据管理与应用”双学士学位复合型人才培养项目，办学地点:朝阳校区/昌平校区）,化工、大数据双学士学位; “化学工程与工艺-大数据管理与应用”双学士学位复合型人才培养项目，办学地点:朝阳校区/昌平校区,,,,,622,7001,,,,,,622,7001,,,,,,,,,本科,,,,,
8304405,北京,本科批,物理,,X10F74B,专业组03,北京化工大学,3DEC,材料科学与工程（材料、大数据双学士学位）（“材料科学与工程-大数据管理与应用”双学士学位复合型人才培养项目，办学地点:朝阳校区/昌平校区）,材料、大数据双学士学位; “材料科学与工程-大数据管理与应用”双学士学位复合型人才培养项目，办学地点:朝阳校区/昌平校区,,,,,623,6848,,,,,,623,6848,,,,,,,,,本科,,,,,
8304406,北京,本科批,物理,,X10F74B,专业组02,北京化工大学,95EA,法学（卓越实验班）（办学地点:昌平校区）,卓越实验班; 办学地点:昌平校区,,,,,624,6693,,,,,,624,6693,,,,,,,,,本科,,,,,
8304407,北京,本科批,物理,,X10F74B,专业组03,北京化工大学,F674,生物工程（生工、大数据双学士学位）（“生物工程-大数据管理与应用”双学士学位复合型人才培养项目，办学地点:朝阳校区/昌平校区）,生工、大数据双学士学位; “生物工程-大数据管理与应用”双学士学位复合型人才培养项目，办学地点:朝阳校区/昌平校区,,,,,626,6380,,,,,,626,6380,,,,,,,,,本科,,,,,
8304408,北京,本科批,物理,,X10F74B,专业组03,北京化工大学,BF09,化学（基础拔尖）（含化学（基础拔尖班）、化学（优培计划），办学地点:朝阳校区/昌平校区）,基础拔尖; 含化学（基础拔尖班; 优培计划,,,,,628,6085,,,,,,628,6085,,,,,,,,,本科,,,,,
8304409,北京,本科批,物理,,X10F74B,专业组03,北京化工大学,A0BB,工科试验班（宏德书院）（含化学工程与工艺、高分子材料与工程、生物工程，办学地点:朝阳校区/昌平校区）,宏德书院; 含化学工程与工艺、高分子材料与工程、生物工程，办学地点:朝阳校区/昌平校区,,,,,632,5467,,,,,,632,5467,,,,,,,,,本科,,,,,
8305081,北京,本科批,物理,,X7D3C48,专业组01,河北经贸大学,0FBC,金融学,,,,,,518,28167,,,,,,518,28167,,,,,,,,,本科,,,,,
8305082,北京,本科批,物理,,X7D3C48,专业组01,河北经贸大学,5E19,会计学,,,,,,524,26772,,,,,,524,26772,,,,,,,,,本科,,,,,
8305512,北京,本科批,物理,,XE02E24,专业组01,上海外国语大学,8563,新闻传播学类（卓越国际新闻传播人才计划）（含新闻学（国际新闻）、广播电视学、广告学、网络与新媒体、国际新闻与传播）,卓越国际新闻传播人才计划; 含新闻学（国际新闻,,,,,618,7651,,,,,,618,7651,,,,,,,,,本科,,,,,
8305513,北京,本科批,物理,,XE02E24,专业组01,上海外国语大学,0FBC,金融学,,,,,,619,7491,,,,,,619,7491,,,,,,,,,本科,,,,,
8305514,北京,本科批,物理,,XE02E24,专业组01,上海外国语大学,0D7E,国际经济与贸易（日语）,日语,,,,,619,7491,,,,,,619,7491,,,,,,,,,本科,,,,,
8305515,北京,本科批,物理,,XE02E24,专业组01,上海外国语大学,FD25,德语（多元）（只招英语、德语考生，含德语、德语（中外合作办学）（经济学）、德语（工商管理双学位））,多元; 只招英语、德语考生，含德语、德语（中外合作办学; 经济学; 工商管理双学位,,,,,621,7172,,,,,,621,7172,,,,,,,,,本科,,,,,
8305516,北京,本科批,物理,,XE02E24,专业组01,上海外国语大学,1411,英语（多元）（只招英语考生，含英语、英语（国际政治双学位））,多元; 只招英语考生，含英语、英语（国际政治双学位,,,,,622,7001,,,,,,622,7001,,,,,,,,,本科,,,,,
8305517,北京,本科批,物理,,XE02E24,专业组02,上海外国语大学,A332,外交学（双学位）（法语双学位）,双学位; 法语双学位,,,,,627,6215,,,,,,627,6215,,,,,,,,,本科,,,,,
8305764,北京,本科批,物理,,X2DE359,专业组01,山东中医药大学,8309,眼视光学（13-14专业办学地点:国际医学中心校区）,13-14专业办学地点:国际医学中心校区,,,,,552,20524,,,,,,552,20524,,,,,,,,,本科,,,,,
8305765,北京,本科批,物理,,X2DE359,专业组01,山东中医药大学,03E3,眼视光医学（五年）（（13-14专业办学地点:国际医学中心校区）,五年; （13-14专业办学地点:国际医学中心校区,,,,,565,17728,,,,,,565,17728,,,,,,,,,本科,,,,,
8305766,北京,本科批,物理,,X2DE359,专业组01,山东中医药大学,7F04,中西医临床医学（五年）（（以上10-12专业办学地点:长清校区）,五年; （以上10-12专业办学地点:长清校区,,,,,566,17509,,,,,,566,17509,,,,,,,,,本科,,,,,
8305767,北京,本科批,物理,,X2DE359,专业组01,山东中医药大学,FFD7,针灸推拿学（五年）（（以上10-12专业办学地点:长清校区）,五年; （以上10-12专业办学地点:长清校区,,,,,573,16069,,,,,,573,16069,,,,,,,,,本科,,,,,
8305768,北京,本科批,物理,,X2DE359,专业组01,山东中医药大学,198C,中医学（五年）（（以上10-12专业办学地点:长清校区）,五年; （以上10-12专业办学地点:长清校区,,,,,582,14198,,,,,,582,14198,,,,,,,,,本科,,,,,
8306222,北京,本科批,物理,,X9AAEFF,专业组01,广州中医药大学,9FD2,健康服务与管理,,,,,,540,23122,,,,,,540,23122,,,,,,,,,本科,,,,,
8306223,北京,本科批,物理,,X9AAEFF,专业组01,广州中医药大学,090D,公共事业管理,,,,,,563,18175,,,,,,563,18175,,,,,,,,,本科,,,,,
8306224,北京,本科批,物理,,X9AAEFF,专业组02,广州中医药大学,74B3,中药学类（含中药学、中药资源与开发，不招色盲、色弱、单色识别能力异常）,含中药学、中药资源与开发，不招色盲、色弱、单色识别能力异常,,,,,573,16069,,,,,,573,16069,,,,,,,,,本科,,,,,
8306225,北京,本科批,物理,,X9AAEFF,专业组02,广州中医药大学,B88B,针灸推拿学（五年）（不招色盲、色弱、单色识别能力异常）,五年; 不招色盲、色弱、单色识别能力异常,,,,,574,15859,,,,,,574,15859,,,,,,,,,本科,,,,,
8306226,北京,本科批,物理,,X9AAEFF,专业组02,广州中医药大学,0012,中医学（五年）（不招色盲、色弱、单色识别能力异常）,五年; 不招色盲、色弱、单色识别能力异常,,,,,578,15033,,,,,,578,15033,,,,,,,,,本科,,,,,
8306227,北京,本科批,物理,,X9AAEFF,专业组02,广州中医药大学,E591,中医学（5+3一体化）（五年）（不招色盲、色弱、单色识别能力异常）,5+3一体化; 五年; 不招色盲、色弱、单色识别能力异常,,,,,586,13407,,,,,,586,13407,,,,,,,,,本科,,,,,
8306790,北京,本科批,物理,,X22C440,专业组03,东北农业大学,511E,食品科学与工程（中美121双学位项目）（国内学费5500元/年，国外学费、食宿费和医疗保险等预交款约24108美元/年，外语成绩不低于100分，与美国威斯康星大学斯托特分校合作，只招收具有出国留学意愿考生。入学后第3-6学期出国学习。报考条件、出国手续及费用等详见该校招生章程）,中美121双学位项目; 国内学费5500元/年，国外学费、食宿费和医疗保险等预交款约24108美元/年，外语成绩不低于100分，与美国威斯康星大学斯托特分校合作，只招收具有出国留学意愿考生。入学后第3-6学期出国学习。报考条件、出国手续及费用等详见该校招生章程,,,,,565,17728,,,,,,565,17728,,,,,,,,,本科,,,,,
8306791,北京,本科批,物理,,X22C440,专业组02,东北农业大学,83BB,食品科学与工程类（含食品科学与工程、食品质量与安全、粮食工程、乳品工程、食品营养与健康）,含食品科学与工程、食品质量与安全、粮食工程、乳品工程、食品营养与健康,,,,,574,15859,,,,,,574,15859,,,,,,,,,本科,,,,,
8306792,北京,本科批,物理,,X22C440,专业组01,东北农业大学,2906,金融学类（含金融学、保险学、国际经济与贸易）,含金融学、保险学、国际经济与贸易,,,,,585,13610,,,,,,585,13610,,,,,,,,,本科,,,,,
8306793,北京,本科批,物理,,X22C440,专业组01,东北农业大学,E9CB,农林经济管理（拔尖人才培养班）（实行3+2+4培养模式，分流培养末位淘汰）,拔尖人才培养班; 实行3+2+4培养模式，分流培养末位淘汰,,,,,591,12433,,,,,,591,12433,,,,,,,,,本科,,,,,
8307536,北京,本科批,物理,,X72B814,专业组01,山东大学（威海）,8ABA,经济学类（含金融学（数智金融方向）、金融学（保险科技方向）、国际经济与贸易（数字贸易方向）（专业办学地点:威海校区）,含金融学（数智金融方向; 保险科技方向; 数字贸易方向; 专业办学地点:威海校区,,,,,631,5623,,,,,,631,5623,,,,,,,,,本科,,,,,
8307537,北京,本科批,物理,,X72B814,专业组02,山东大学（威海）,6D54,电子信息类（含电子科学与技术、通信工程）（专业办学地点:威海校区）,含电子科学与技术、通信工程; 专业办学地点:威海校区,,,,,636,4929,,,,,,636,4929,,,,,,,,,本科,,,,,
8308081,北京,本科批,物理,,XF85C1D,专业组01,武汉轻工大学,C94F,食品科学与工程类（含食品科学与工程、食品质量与安全、粮食工程（营养与大健康方向）、食品营养与健康）,含食品科学与工程、食品质量与安全、粮食工程（营养与大健康方向,,,,,508,30404,,,,,,508,30404,,,,,,,,,本科,,,,,
8308082,北京,本科批,物理,,XF85C1D,专业组01,武汉轻工大学,5D26,计算机类（含计算机科学与技术、软件工程）,含计算机科学与技术、软件工程,,,,,510,29984,,,,,,510,29984,,,,,,,,,本科,,,,,
8308083,北京,本科批,物理,,XF85C1D,专业组01,武汉轻工大学,287A,电子信息类（含电子信息科学与技术、通信工程（新一代通信技术方向）,含电子信息科学与技术、通信工程（新一代通信技术方向,,,,,513,29317,,,,,,513,29317,,,,,,,,,本科,,,,,
8308651,北京,本科批,物理,,X62C694,专业组01,北京外国语大学,991C,日语（日本研究）,日本研究,,,,,628,6085,,,,,,628,6085,,,,,,,,,本科,,,,,
8308652,北京,本科批,物理,,X62C694,专业组01,北京外国语大学,310E,外国语言与外国历史,,,,,,628,6085,,,,,,628,6085,,,,,,,,,本科,,,,,
8308653,北京,本科批,物理,,X62C694,专业组01,北京外国语大学,E447,西班牙语（葡语）,葡语,,,,,628,6085,,,,,,628,6085,,,,,,,,,本科,,,,,
8308654,北京,本科批,物理,,X62C694,专业组01,北京外国语大学,A9F4,德语,,,,,,628,6085,,,,,,628,6085,,,,,,,,,本科,,,,,
8308655,北京,本科批,物理,,X62C694,专业组01,北京外国语大学,0FBC,金融学,,,,,,629,5925,,,,,,629,5925,,,,,,,,,本科,,,,,
8308656,北京,本科批,物理,,X62C694,专业组01,北京外国语大学,671C,日语,,,,,,629,5925,,,,,,629,5925,,,,,,,,,本科,,,,,
8308657,北京,本科批,物理,,X62C694,专业组01,北京外国语大学,D347,法语（国际关系）,国际关系,,,,,630,5783,,,,,,630,5783,,,,,,,,,本科,,,,,
8308658,北京,本科批,物理,,X62C694,专业组01,北京外国语大学,14A2,国际新闻与传播（英语）,英语,,,,,630,5783,,,,,,630,5783,,,,,,,,,本科,,,,,
8308659,北京,本科批,物理,,X62C694,专业组01,北京外国语大学,D43F,西班牙语,,,,,,630,5783,,,,,,630,5783,,,,,,,,,本科,,,,,
8308660,北京,本科批,物理,,X62C694,专业组01,北京外国语大学,8607,法语,,,,,,630,5783,,,,,,630,5783,,,,,,,,,本科,,,,,
8308661,北京,本科批,物理,,X62C694,专业组01,北京外国语大学,54B5,英语（只招英语考生）,只招英语考生,,,,,631,5623,,,,,,631,5623,,,,,,,,,本科,,,,,
8308662,北京,本科批,物理,,X62C694,专业组02,北京外国语大学,57FC,国际组织与全球治理,,,,,,631,5623,,,,,,631,5623,,,,,,,,,本科,,,,,
8308663,北京,本科批,物理,,X62C694,专业组02,北京外国语大学,7223,外交学,,,,,,631,5623,,,,,,631,5623,,,,,,,,,本科,,,,,
8308664,北京,本科批,物理,,X62C694,专业组01,北京外国语大学,0981,英语（国别与区域研究）（只招英语考生）,国别与区域研究; 只招英语考生,,,,,632,5467,,,,,,632,5467,,,,,,,,,本科,,,,,
8308665,北京,本科批,物理,,X62C694,专业组01,北京外国语大学,9CA5,传播学,,,,,,632,5467,,,,,,632,5467,,,,,,,,,本科,,,,,
8308666,北京,本科批,物理,,X62C694,专业组01,北京外国语大学,25DE,国际经济与贸易,,,,,,633,5307,,,,,,633,5307,,,,,,,,,本科,,,,,
8308667,北京,本科批,物理,,X62C694,专业组01,北京外国语大学,E606,西班牙语（商务）,商务,,,,,634,5176,,,,,,634,5176,,,,,,,,,本科,,,,,
8308668,北京,本科批,物理,,X62C694,专业组01,北京外国语大学,927B,法学,,,,,,634,5176,,,,,,634,5176,,,,,,,,,本科,,,,,
8308669,北京,本科批,物理,,X62C694,专业组01,北京外国语大学,D243,汉语言文学,,,,,,639,4478,,,,,,639,4478,,,,,,,,,本科,,,,,
8308670,北京,本科批,物理,,X62C694,专业组01,北京外国语大学,E44A,英语（北京理工大学信息管理与系统专业联培）（只招英语考生）,北京理工大学信息管理与系统专业联培; 只招英语考生,,,,,640,4365,,,,,,640,4365,,,,,,,,,本科,,,,,
8309172,北京,本科批,物理,,X11AF37,专业组01,太原科技大学,9E7C,材料成型及控制工程（办学地点:南校区）,办学地点:南校区,,,,,494,33572,,,,,,494,33572,,,,,,,,,本科,,,,,
8309173,北京,本科批,物理,,X11AF37,专业组01,太原科技大学,953F,机械设计制造及其自动化（办学地点:南校区）,办学地点:南校区,,,,,504,31368,,,,,,504,31368,,,,,,,,,本科,,,,,
8310510,北京,本科批,物理,,XE4360E,专业组02,浙江财经大学,2045,计算机类（含人工智能、软件工程、计算机科学与技术）,含人工智能、软件工程、计算机科学与技术,,,,,549,21198,,,,,,549,21198,,,,,,,,,本科,,,,,
8310511,北京,本科批,物理,,XE4360E,专业组01,浙江财经大学,A4BB,工商管理类（含工商管理、人力资源管理、市场营销、供应链管理）,含工商管理、人力资源管理、市场营销、供应链管理,,,,,554,20086,,,,,,554,20086,,,,,,,,,本科,,,,,
8310512,北京,本科批,物理,,XE4360E,专业组01,浙江财经大学,6631,新闻传播学类（含广告学、网络与新媒体）,含广告学、网络与新媒体,,,,,555,19867,,,,,,555,19867,,,,,,,,,本科,,,,,
8310513,北京,本科批,物理,,XE4360E,专业组01,浙江财经大学,9472,公共管理类（含劳动与社会保障、土地资源管理、行政管理、城市管理）,含劳动与社会保障、土地资源管理、行政管理、城市管理,,,,,557,19422,,,,,,557,19422,,,,,,,,,本科,,,,,
8310514,北京,本科批,物理,,XE4360E,专业组01,浙江财经大学,927B,法学,,,,,,558,19195,,,,,,558,19195,,,,,,,,,本科,,,,,
8310515,北京,本科批,物理,,XE4360E,专业组01,浙江财经大学,978C,审计学,,,,,,560,18792,,,,,,560,18792,,,,,,,,,本科,,,,,
8310516,北京,本科批,物理,,XE4360E,专业组01,浙江财经大学,5E19,会计学,,,,,,560,18792,,,,,,560,18792,,,,,,,,,本科,,,,,
8311287,北京,本科批,物理,,XE9E552,专业组01,福建农林大学,0325,动物医学,,,,,,523,26996,,,,,,523,26996,,,,,,,,,本科,,,,,
8312519,北京,本科批,物理,,X7C09F1,专业组01,南京中医药大学,BB5B,公共事业管理（专业办学地点:仙林校区）,专业办学地点:仙林校区,,,,,530,25414,,,,,,530,25414,,,,,,,,,本科,,,,,
8312520,北京,本科批,物理,,X7C09F1,专业组02,南京中医药大学,C936,中医学（五年）（不招色盲、色弱、单色识别能力异常）（专业办学地点:仙林校区）,五年; 不招色盲、色弱、单色识别能力异常; 专业办学地点:仙林校区,,,,,599,10980,,,,,,599,10980,,,,,,,,,本科,,,,,
8312521,北京,本科批,物理,,X7C09F1,专业组02,南京中医药大学,A879,中医学（拔尖创新人才培养模式改革5+3一体化）（五年）（不招色盲、色弱、单色识别能力异常）（专业办学地点:仙林校区）,拔尖创新人才培养模式改革5+3一体化; 五年; 不招色盲、色弱、单色识别能力异常; 专业办学地点:仙林校区,,,,,611,8842,,,,,,611,8842,,,,,,,,,本科,,,,,
8312767,北京,本科批,物理,,X13E3DD,专业组01,渤海大学,B2A4,金融学（办学地点:滨海校区）,办学地点:滨海校区,,,,,490,34462,,,,,,490,34462,,,,,,,,,本科,,,,,
8313338,北京,本科批,物理,,X15F498,专业组01,汕头大学,7C25,市场营销（大数据营销）,大数据营销,,,,,526,26285,,,,,,526,26285,,,,,,,,,本科,,,,,
8313339,北京,本科批,物理,,X15F498,专业组01,汕头大学,AC90,行政管理,,,,,,526,26285,,,,,,526,26285,,,,,,,,,本科,,,,,
8313340,北京,本科批,物理,,X15F498,专业组01,汕头大学,25DE,国际经济与贸易,,,,,,526,26285,,,,,,526,26285,,,,,,,,,本科,,,,,
8313341,北京,本科批,物理,,X15F498,专业组01,汕头大学,D243,汉语言文学,,,,,,529,25630,,,,,,529,25630,,,,,,,,,本科,,,,,
8313342,北京,本科批,物理,,X15F498,专业组01,汕头大学,927B,法学,,,,,,532,24976,,,,,,532,24976,,,,,,,,,本科,,,,,
8313795,北京,本科批,物理,,X75E6E2,专业组04,天津中医药大学,01AE,食品卫生与营养学（公共外语课程为英语，非英语语种考生慎重报考）,公共外语课程为英语，非英语语种考生慎重报考,,,,,554,20086,,,,,,554,20086,,,,,,,,,本科,,,,,
8313796,北京,本科批,物理,,X75E6E2,专业组02,天津中医药大学,C813,传播学（公共外语课程为英语，非英语语种考生慎重报考）,公共外语课程为英语，非英语语种考生慎重报考,,,,,558,19195,,,,,,558,19195,,,,,,,,,本科,,,,,
8313797,北京,本科批,物理,,X75E6E2,专业组01,天津中医药大学,2C05,"临床药学（中外合作办学）（五年）（国内学费28000元/年，在英国就读期间约为27000英镑/年（由诺丁汉大学依据其当年的学费标准收取）,外语成绩不低于110分，公共外语课程为英语，非英语语种考生慎重报考）",中外合作办学; 五年; 国内学费28000元/年，在英国就读期间约为27000英镑/年（由诺丁汉大学依据其当年的学费标准收取,,,,,563,18175,,,,,,563,18175,,,,,,,,,本科,,,,,
8313798,北京,本科批,物理,,X75E6E2,专业组04,天津中医药大学,1A59,预防医学（五年）（公共外语课程为英语，非英语语种考生慎重报考）,五年; 公共外语课程为英语，非英语语种考生慎重报考,,,,,571,16481,,,,,,571,16481,,,,,,,,,本科,,,,,
8313799,北京,本科批,物理,,X75E6E2,专业组05,天津中医药大学,935D,中药学类（含中药学、中药资源与开发、中药制药，公共外语课程为英语，非英语语种考生慎重报考）,含中药学、中药资源与开发、中药制药，公共外语课程为英语，非英语语种考生慎重报考,,,,,580,14596,,,,,,580,14596,,,,,,,,,本科,,,,,
8313800,北京,本科批,物理,,X75E6E2,专业组03,天津中医药大学,73F1,中西医临床医学（五年）（公共外语课程为英语，非英语语种考生慎重报考）,五年; 公共外语课程为英语，非英语语种考生慎重报考,,,,,588,12980,,,,,,588,12980,,,,,,,,,本科,,,,,
8313801,北京,本科批,物理,,X75E6E2,专业组05,天津中医药大学,C895,中药学（拔尖学生培养基地班）（公共外语课程为英语，非英语语种考生慎重报考）,拔尖学生培养基地班; 公共外语课程为英语，非英语语种考生慎重报考,,,,,588,12980,,,,,,588,12980,,,,,,,,,本科,,,,,
8313802,北京,本科批,物理,,X75E6E2,专业组03,天津中医药大学,4528,中医学类（五年）（含中医学、针灸推拿学、中医康复学、中医养生学、中医骨伤科学，公共外语课程为英语，非英语语种考生慎重报考）,五年; 含中医学、针灸推拿学、中医康复学、中医养生学、中医骨伤科学，公共外语课程为英语，非英语语种考生慎重报考,,,,,591,12433,,,,,,591,12433,,,,,,,,,本科,,,,,
8313803,北京,本科批,物理,,X75E6E2,专业组03,天津中医药大学,7744,中医学（5+3一体化中医儿科学）（五年）（公共外语课程为英语，非英语语种考生慎重报考）,5+3一体化中医儿科学; 五年; 公共外语课程为英语，非英语语种考生慎重报考,,,,,594,11907,,,,,,594,11907,,,,,,,,,本科,,,,,
8313804,北京,本科批,物理,,X75E6E2,专业组03,天津中医药大学,9871,中医学（5+3一体化）（五年）（公共外语课程为英语，非英语语种考生慎重报考）,5+3一体化; 五年; 公共外语课程为英语，非英语语种考生慎重报考,,,,,598,11157,,,,,,598,11157,,,,,,,,,本科,,,,,
8314951,北京,本科批,物理,,X023860,专业组02,辽宁师范大学,B3C7,"英语（中外合作办学）（外语成绩不低于90分，只招英语考生，仅录取有该专业志愿的考生,办学地点:黄河路校区）","中外合作办学; 外语成绩不低于90分，只招英语考生，仅录取有该专业志愿的考生,办学地点:黄河路校区",,,,,512,29550,,,,,,512,29550,,,,,,,,,本科,,,,,
8314952,北京,本科批,物理,,X023860,专业组03,辽宁师范大学,0EB6,人工智能（办学地点:西山湖校区）,办学地点:西山湖校区,,,,,515,28850,,,,,,515,28850,,,,,,,,,本科,,,,,
8314953,北京,本科批,物理,,X023860,专业组03,辽宁师范大学,4D5E,计算机科学与技术（办学地点:西山湖校区）,办学地点:西山湖校区,,,,,518,28167,,,,,,518,28167,,,,,,,,,本科,,,,,
8314954,北京,本科批,物理,,X023860,专业组01,辽宁师范大学,18F7,"国际商务（中外合作办学）（仅录取有该专业志愿的考生，全英文授课，非英语语种考生慎重报考,办学地点:黄河路校区）","中外合作办学; 仅录取有该专业志愿的考生，全英文授课，非英语语种考生慎重报考,办学地点:黄河路校区",,,,,519,27941,,,,,,519,27941,,,,,,,,,本科,,,,,
8315561,北京,本科批,物理,,X9CC6D5,专业组02,安徽医科大学,0AFB,药学（不招色盲、色弱、单色识别能力异常）（专业办学地点:新医科中心）,不招色盲、色弱、单色识别能力异常; 专业办学地点:新医科中心,,,,,554,20086,,,,,,554,20086,,,,,,,,,本科,,,,,
8315562,北京,本科批,物理,,X9CC6D5,专业组01,安徽医科大学,0BE7,运动康复（专业办学地点:新医科中心）,专业办学地点:新医科中心,,,,,563,18175,,,,,,563,18175,,,,,,,,,本科,,,,,
8315563,北京,本科批,物理,,X9CC6D5,专业组02,安徽医科大学,4AA1,临床医学（五年）（不招色盲、色弱、单色识别能力异常）（专业办学地点:新医科中心）,五年; 不招色盲、色弱、单色识别能力异常; 专业办学地点:新医科中心,,,,,568,17101,,,,,,568,17101,,,,,,,,,本科,,,,,
8315711,北京,本科批,物理,,X85B1D2,专业组01,东北石油大学,7357,机械设计制造及其自动化（国家级一流专业建设点、国家工程教育专业认证通过专业、省级重点专业办学地点:大庆校区）,国家级一流专业建设点、国家工程教育专业认证通过专业、省级重点专业办学地点:大庆校区,,,,,489,34671,,,,,,489,34671,,,,,,,,,本科,,,,,
8315712,北京,本科批,物理,,X85B1D2,专业组01,东北石油大学,7618,电子信息工程（国家级一流专业建设点、国家卓越工程师教育培养计划专业、国家工程教育专业认证通过专业、省级重点专业办学地点:大庆校区）,国家级一流专业建设点、国家卓越工程师教育培养计划专业、国家工程教育专业认证通过专业、省级重点专业办学地点:大庆校区,,,,,497,32907,,,,,,497,32907,,,,,,,,,本科,,,,,
8315713,北京,本科批,物理,,X85B1D2,专业组01,东北石油大学,6283,电气工程及其自动化（国家级一流专业建设点、国家卓越工程师教育培养计划专业、省级重点专业）,国家级一流专业建设点、国家卓越工程师教育培养计划专业、省级重点专业,,,,,499,32443,,,,,,499,32443,,,,,,,,,本科,,,,,
8315714,北京,本科批,物理,,X85B1D2,专业组01,东北石油大学,4CEA,石油工程（国家级一流专业建设点、国家级特色专业、国家卓越工程师教育培养计划专业、国家工程教育专业认证通过专业、省级重点专业办学地点:大庆校区）,国家级一流专业建设点、国家级特色专业、国家卓越工程师教育培养计划专业、国家工程教育专业认证通过专业、省级重点专业办学地点:大庆校区,,,,,502,31794,,,,,,502,31794,,,,,,,,,本科,,,,,
8316581,北京,本科批,物理,,X23E469,专业组03,中国石油大学（北京）,F0F0,地球物理学（智能探测）,智能探测,,,,,591,12433,,,,,,591,12433,,,,,,,,,本科,,,,,
8316582,北京,本科批,物理,,X23E469,专业组03,中国石油大学（北京）,6420,过程装备与控制工程,,,,,,591,12433,,,,,,591,12433,,,,,,,,,本科,,,,,
8316583,北京,本科批,物理,,X23E469,专业组03,中国石油大学（北京）,917A,海洋油气工程,,,,,,591,12433,,,,,,591,12433,,,,,,,,,本科,,,,,
8316584,北京,本科批,物理,,X23E469,专业组03,中国石油大学（北京）,EC95,勘查技术与工程,,,,,,591,12433,,,,,,591,12433,,,,,,,,,本科,,,,,
8316585,北京,本科批,物理,,X23E469,专业组03,中国石油大学（北京）,D2F0,环境科学与工程类（含环境工程、环境科学）,含环境工程、环境科学,,,,,592,12263,,,,,,592,12263,,,,,,,,,本科,,,,,
8316586,北京,本科批,物理,,X23E469,专业组03,中国石油大学（北京）,52FD,应用化学,,,,,,593,12095,,,,,,593,12095,,,,,,,,,本科,,,,,
8316587,北京,本科批,物理,,X23E469,专业组03,中国石油大学（北京）,0984,资源勘查工程（油气与清洁地质能源）,油气与清洁地质能源,,,,,594,11907,,,,,,594,11907,,,,,,,,,本科,,,,,
8316588,北京,本科批,物理,,X23E469,专业组03,中国石油大学（北京）,1750,化工与制药类（含化学工程与工艺、能源化学工程）,含化学工程与工艺、能源化学工程,,,,,595,11725,,,,,,595,11725,,,,,,,,,本科,,,,,
8316589,北京,本科批,物理,,X23E469,专业组03,中国石油大学（北京）,F620,安全工程,,,,,,596,11548,,,,,,596,11548,,,,,,,,,本科,,,,,
8316590,北京,本科批,物理,,X23E469,专业组03,中国石油大学（北京）,A942,材料科学与工程,,,,,,596,11548,,,,,,596,11548,,,,,,,,,本科,,,,,
8316591,北京,本科批,物理,,X23E469,专业组03,中国石油大学（北京）,DC0F,石油工程（阿语复合人才实验班）,阿语复合人才实验班,,,,,597,11348,,,,,,597,11348,,,,,,,,,本科,,,,,
8316592,北京,本科批,物理,,X23E469,专业组03,中国石油大学（北京）,B70F,资源勘查工程（中俄复合人才实验班）,中俄复合人才实验班,,,,,598,11157,,,,,,598,11157,,,,,,,,,本科,,,,,
8316593,北京,本科批,物理,,X23E469,专业组03,中国石油大学（北京）,B17D,机械类（含机器人工程、机械设计制造及其自动化）,含机器人工程、机械设计制造及其自动化,,,,,599,10980,,,,,,599,10980,,,,,,,,,本科,,,,,
8316594,北京,本科批,物理,,X23E469,专业组03,中国石油大学（北京）,12CD,油气储运工程,,,,,,599,10980,,,,,,599,10980,,,,,,,,,本科,,,,,
8316595,北京,本科批,物理,,X23E469,专业组03,中国石油大学（北京）,6F5A,碳储科学与工程,,,,,,600,10787,,,,,,600,10787,,,,,,,,,本科,,,,,
8316596,北京,本科批,物理,,X23E469,专业组03,中国石油大学（北京）,3557,能源与动力工程,,,,,,602,10383,,,,,,602,10383,,,,,,,,,本科,,,,,
8316597,北京,本科批,物理,,X23E469,专业组03,中国石油大学（北京）,D081,新能源科学与工程,,,,,,603,10213,,,,,,603,10213,,,,,,,,,本科,,,,,
8316598,北京,本科批,物理,,X23E469,专业组03,中国石油大学（北京）,6810,数学类（含数学与应用数学、统计学）,含数学与应用数学、统计学,,,,,605,9850,,,,,,605,9850,,,,,,,,,本科,,,,,
8316599,北京,本科批,物理,,X23E469,专业组03,中国石油大学（北京）,4C65,自动化,,,,,,605,9850,,,,,,605,9850,,,,,,,,,本科,,,,,
8316600,北京,本科批,物理,,X23E469,专业组03,中国石油大学（北京）,4D53,石油工程,,,,,,606,9678,,,,,,606,9678,,,,,,,,,本科,,,,,
8317432,北京,本科批,物理,,XF7B228,专业组01,新疆大学,5BE7,俄语（外语成绩不低于90分，只招英语、俄语考生，国家级一流本科专业）（办学地点:红湖校区）,外语成绩不低于90分，只招英语、俄语考生，国家级一流本科专业; 办学地点:红湖校区,,,,,551,20749,,,,,,551,20749,,,,,,,,,本科,,,,,
8317433,北京,本科批,物理,,XF7B228,专业组01,新疆大学,5680,汉语言文学（办学地点:红湖校区）,办学地点:红湖校区,,,,,553,20311,,,,,,553,20311,,,,,,,,,本科,,,,,
8317434,北京,本科批,物理,,XF7B228,专业组02,新疆大学,6178,建筑学（五年）（国家级一流本科专业）（办学地点:博达校区）,五年; 国家级一流本科专业; 办学地点:博达校区,,,,,555,19867,,,,,,555,19867,,,,,,,,,本科,,,,,
8317435,北京,本科批,物理,,XF7B228,专业组03,新疆大学,A320,化学（国家级一流本科专业）（办学地点:博达校区）,国家级一流本科专业; 办学地点:博达校区,,,,,565,17728,,,,,,565,17728,,,,,,,,,本科,,,,,
8317436,北京,本科批,物理,,XF7B228,专业组03,新疆大学,7979,机械工程（数学成绩不低于80分，与西安交通大学机械工程专业联合培养，实行淘汰制管理，授联合学士学位;为国家级一流本科专业，已通过全国工程教育专业认证）（办学地点:博达校区）,数学成绩不低于80分，与西安交通大学机械工程专业联合培养，实行淘汰制管理，授联合学士学位;为国家级一流本科专业，已通过全国工程教育专业认证; 办学地点:博达校区,,,,,567,17299,,,,,,567,17299,,,,,,,,,本科,,,,,
8317437,北京,本科批,物理,,XF7B228,专业组03,新疆大学,9474,计算机科学与技术（择优选拔进入计算机卓越工程师班;国家级一流本科专业）（办学地点:博达校区）,择优选拔进入计算机卓越工程师班;国家级一流本科专业; 办学地点:博达校区,,,,,571,16481,,,,,,571,16481,,,,,,,,,本科,,,,,
8317438,北京,本科批,物理,,XF7B228,专业组03,新疆大学,E46B,电气工程及其自动化（数学成绩不低于90分，国家级一流本科专业）（办学地点:博达校区）,数学成绩不低于90分，国家级一流本科专业; 办学地点:博达校区,,,,,573,16069,,,,,,573,16069,,,,,,,,,本科,,,,,
8318343,北京,本科批,物理,,X65EFCD,专业组02,温州医科大学,2499,眼视光医学（五年）,五年,,,,,550,20990,,,,,,550,20990,,,,,,,,,本科,,,,,
8318344,北京,本科批,物理,,X65EFCD,专业组02,温州医科大学,EE26,临床医学（新医科交大医学班）（五年）,新医科交大医学班; 五年,,,,,551,20749,,,,,,551,20749,,,,,,,,,本科,,,,,
8318345,北京,本科批,物理,,X65EFCD,专业组02,温州医科大学,8D32,临床医学（5+3一体化）（五年）,5+3一体化; 五年,,,,,551,20749,,,,,,551,20749,,,,,,,,,本科,,,,,
8318346,北京,本科批,物理,,X65EFCD,专业组02,温州医科大学,FEDE,眼视光医学（5+3一体化）（五年）,5+3一体化; 五年,,,,,558,19195,,,,,,558,19195,,,,,,,,,本科,,,,,
8318347,北京,本科批,物理,,X65EFCD,专业组02,温州医科大学,3D7B,眼视光医学（新医科班）（五年）,新医科班; 五年,,,,,562,18395,,,,,,562,18395,,,,,,,,,本科,,,,,
8318348,北京,本科批,物理,,X65EFCD,专业组02,温州医科大学,31F4,生物医学工程（眼视光工程新工科班）,眼视光工程新工科班,,,,,568,17101,,,,,,568,17101,,,,,,,,,本科,,,,,
8318349,北京,本科批,物理,,X65EFCD,专业组01,温州医科大学,20AC,临床医学（中外合作办学）（五年）（外语成绩不低于120分，英语教学）,中外合作办学; 五年; 外语成绩不低于120分，英语教学,,,,,587,13194,,,,,,587,13194,,,,,,,,,本科,,,,,
8318899,北京,本科批,物理,,XCF0BEC,专业组02,大连海洋大学,0A61,"海洋技术（不招色盲、色弱、单色识别能力异常,办学地点:渤海校区）","不招色盲、色弱、单色识别能力异常,办学地点:渤海校区",,,,,479,36793,,,,,,479,36793,,,,,,,,,本科,,,,,
8318900,北京,本科批,物理,,XCF0BEC,专业组03,大连海洋大学,DE1F,"计算机科学与技术（不招单色识别能力异常,办学地点:渤海校区）","不招单色识别能力异常,办学地点:渤海校区",,,,,485,35549,,,,,,485,35549,,,,,,,,,本科,,,,,
8318901,北京,本科批,物理,,XCF0BEC,专业组02,大连海洋大学,4C4C,"海洋科学（不招色盲、色弱、单色识别能力异常,办学地点:渤海校区）","不招色盲、色弱、单色识别能力异常,办学地点:渤海校区",,,,,489,34671,,,,,,489,34671,,,,,,,,,本科,,,,,
8318902,北京,本科批,物理,,XCF0BEC,专业组01,大连海洋大学,23E0,港口航道与海岸工程（办学地点:渤海校区）,办学地点:渤海校区,,,,,492,34007,,,,,,492,34007,,,,,,,,,本科,,,,,
8319457,北京,本科批,物理,,X5393FF,专业组01,云南师范大学,77EB,汉语言文学（师范）（（办学地点:呈贡主校区）,师范; （办学地点:呈贡主校区,,,,,525,26546,,,,,,525,26546,,,,,,,,,本科,,,,,
8319769,北京,本科批,物理,,X550BC8,专业组02,湖南农业大学,5E49,食品科学与工程,,,,,,511,29771,,,,,,511,29771,,,,,,,,,本科,,,,,
8319770,北京,本科批,物理,,X550BC8,专业组01,湖南农业大学,04A0,工商管理,,,,,,514,29083,,,,,,514,29083,,,,,,,,,本科,,,,,
8320657,北京,本科批,物理,,X6EE46E,专业组05,浙江传媒学院,5B21,电影制作（以上10、20-23、30、40-43专业办学地点:杭州钱塘校区;24-29、50专业办学地点:桐乡乌镇校区）,以上10、20-23、30、40-43专业办学地点:杭州钱塘校区;24-29、50专业办学地点:桐乡乌镇校区,,,,,482,36158,,,,,,482,36158,,,,,,,,,本科,,,,,
8320658,北京,本科批,物理,,X6EE46E,专业组04,浙江传媒学院,7A08,广播电视工程（以上10、20-23、30、40-43专业办学地点:杭州钱塘校区;24-29、50专业办学地点:桐乡乌镇校区）,以上10、20-23、30、40-43专业办学地点:杭州钱塘校区;24-29、50专业办学地点:桐乡乌镇校区,,,,,542,22695,,,,,,542,22695,,,,,,,,,本科,,,,,
8320659,北京,本科批,物理,,X6EE46E,专业组01,浙江传媒学院,36CE,传播学（中外合作办学）（外语成绩不低于105分）（以上10、20-23、30、40-43专业办学地点:杭州钱塘校区;24-29、50专业办学地点:桐乡乌镇校区）,中外合作办学; 外语成绩不低于105分; 以上10、20-23、30、40-43专业办学地点:杭州钱塘校区;24-29、50专业办学地点:桐乡乌镇校区,,,,,544,22278,,,,,,544,22278,,,,,,,,,本科,,,,,
8320660,北京,本科批,物理,,X6EE46E,专业组04,浙江传媒学院,57EC,人工智能（以上10、20-23、30、40-43专业办学地点:杭州钱塘校区;24-29、50专业办学地点:桐乡乌镇校区）,以上10、20-23、30、40-43专业办学地点:杭州钱塘校区;24-29、50专业办学地点:桐乡乌镇校区,,,,,544,22278,,,,,,544,22278,,,,,,,,,本科,,,,,
8320661,北京,本科批,物理,,X6EE46E,专业组02,浙江传媒学院,F054,文化产业管理（以上10、20-23、30、40-43专业办学地点:杭州钱塘校区;24-29、50专业办学地点:桐乡乌镇校区）,以上10、20-23、30、40-43专业办学地点:杭州钱塘校区;24-29、50专业办学地点:桐乡乌镇校区,,,,,545,22074,,,,,,545,22074,,,,,,,,,本科,,,,,
8320662,北京,本科批,物理,,X6EE46E,专业组02,浙江传媒学院,2961,编辑出版学（以上10、20-23、30、40-43专业办学地点:杭州钱塘校区;24-29、50专业办学地点:桐乡乌镇校区）,以上10、20-23、30、40-43专业办学地点:杭州钱塘校区;24-29、50专业办学地点:桐乡乌镇校区,,,,,548,21433,,,,,,548,21433,,,,,,,,,本科,,,,,
8320663,北京,本科批,物理,,X6EE46E,专业组02,浙江传媒学院,8BA2,汉语言文学（以上10、20-23、30、40-43专业办学地点:杭州钱塘校区;24-29、50专业办学地点:桐乡乌镇校区）,以上10、20-23、30、40-43专业办学地点:杭州钱塘校区;24-29、50专业办学地点:桐乡乌镇校区,,,,,550,20990,,,,,,550,20990,,,,,,,,,本科,,,,,
8320664,北京,本科批,物理,,X6EE46E,专业组04,浙江传媒学院,9B18,数字媒体技术（以上10、20-23、30、40-43专业办学地点:杭州钱塘校区;24-29、50专业办学地点:桐乡乌镇校区）,以上10、20-23、30、40-43专业办学地点:杭州钱塘校区;24-29、50专业办学地点:桐乡乌镇校区,,,,,551,20749,,,,,,551,20749,,,,,,,,,本科,,,,,
8320665,北京,本科批,物理,,X6EE46E,专业组02,浙江传媒学院,52EB,传播学（以上10、20-23、30、40-43专业办学地点:杭州钱塘校区;24-29、50专业办学地点:桐乡乌镇校区）,以上10、20-23、30、40-43专业办学地点:杭州钱塘校区;24-29、50专业办学地点:桐乡乌镇校区,,,,,553,20311,,,,,,553,20311,,,,,,,,,本科,,,,,
8320666,北京,本科批,物理,,X6EE46E,专业组02,浙江传媒学院,9CF0,会展经济与管理（以上10、20-23、30、40-43专业办学地点:杭州钱塘校区;24-29、50专业办学地点:桐乡乌镇校区）,以上10、20-23、30、40-43专业办学地点:杭州钱塘校区;24-29、50专业办学地点:桐乡乌镇校区,,,,,554,20086,,,,,,554,20086,,,,,,,,,本科,,,,,
8320667,北京,本科批,物理,,X6EE46E,专业组02,浙江传媒学院,EAEC,汉语言文学（网络文学与创意写作）（（以上10、20-23、30、40-43专业办学地点:杭州钱塘校区;24-29、50专业办学地点:桐乡乌镇校区）,网络文学与创意写作; （以上10、20-23、30、40-43专业办学地点:杭州钱塘校区;24-29、50专业办学地点:桐乡乌镇校区,,,,,555,19867,,,,,,555,19867,,,,,,,,,本科,,,,,
8320668,北京,本科批,物理,,X6EE46E,专业组04,浙江传媒学院,CC78,软件工程（传媒大数据）（（以上10、20-23、30、40-43专业办学地点:杭州钱塘校区;24-29、50专业办学地点:桐乡乌镇校区）,传媒大数据; （以上10、20-23、30、40-43专业办学地点:杭州钱塘校区;24-29、50专业办学地点:桐乡乌镇校区,,,,,555,19867,,,,,,555,19867,,,,,,,,,本科,,,,,
8320669,北京,本科批,物理,,X6EE46E,专业组02,浙江传媒学院,C1BC,广告学（以上10、20-23、30、40-43专业办学地点:杭州钱塘校区;24-29、50专业办学地点:桐乡乌镇校区）,以上10、20-23、30、40-43专业办学地点:杭州钱塘校区;24-29、50专业办学地点:桐乡乌镇校区,,,,,556,19659,,,,,,556,19659,,,,,,,,,本科,,,,,
8320670,北京,本科批,物理,,X6EE46E,专业组03,浙江传媒学院,FA92,广播电视编导（艺术类专业，安排在本科普通批录取）（以上10、20-23、30、40-43专业办学地点:杭州钱塘校区;24-29、50专业办学地点:桐乡乌镇校区）,艺术类专业，安排在本科普通批录取; 以上10、20-23、30、40-43专业办学地点:杭州钱塘校区;24-29、50专业办学地点:桐乡乌镇校区,,,,,562,18395,,,,,,562,18395,,,,,,,,,本科,,,,,
8320671,北京,本科批,物理,,X6EE46E,专业组02,浙江传媒学院,5B2A,新闻学（以上10、20-23、30、40-43专业办学地点:杭州钱塘校区;24-29、50专业办学地点:桐乡乌镇校区）,以上10、20-23、30、40-43专业办学地点:杭州钱塘校区;24-29、50专业办学地点:桐乡乌镇校区,,,,,564,17958,,,,,,564,17958,,,,,,,,,本科,,,,,
8320672,北京,本科批,物理,,X6EE46E,专业组02,浙江传媒学院,52FD,网络与新媒体（以上10、20-23、30、40-43专业办学地点:杭州钱塘校区;24-29、50专业办学地点:桐乡乌镇校区）,以上10、20-23、30、40-43专业办学地点:杭州钱塘校区;24-29、50专业办学地点:桐乡乌镇校区,,,,,576,15428,,,,,,576,15428,,,,,,,,,本科,,,,,
8320673,北京,本科批,物理,,X6EE46E,专业组02,浙江传媒学院,63A2,广播电视学（以上10、20-23、30、40-43专业办学地点:杭州钱塘校区;24-29、50专业办学地点:桐乡乌镇校区）,以上10、20-23、30、40-43专业办学地点:杭州钱塘校区;24-29、50专业办学地点:桐乡乌镇校区,,,,,578,15033,,,,,,578,15033,,,,,,,,,本科,,,,,
8321550,北京,本科批,物理,,X875FF1,专业组01,湖北经济学院,6AB9,经济学,,,,,,497,32907,,,,,,497,32907,,,,,,,,,本科,,,,,
8321551,北京,本科批,物理,,X875FF1,专业组01,湖北经济学院,0FBC,金融学,,,,,,498,32667,,,,,,498,32667,,,,,,,,,本科,,,,,
8322087,北京,本科批,物理,,X0192F8,专业组01,福建理工大学,ECA4,通信工程,,,,,,503,31574,,,,,,503,31574,,,,,,,,,本科,,,,,
8322088,北京,本科批,物理,,X0192F8,专业组01,福建理工大学,26A7,车辆工程,,,,,,509,30177,,,,,,509,30177,,,,,,,,,本科,,,,,
8322721,北京,本科批,物理,,X5070E1,专业组02,兰州理工大学,B756,大数据管理与应用（办学地点:彭家坪校区）,办学地点:彭家坪校区,,,,,510,29984,,,,,,510,29984,,,,,,,,,本科,,,,,
8322722,北京,本科批,物理,,X5070E1,专业组03,兰州理工大学,7998,电气工程及其自动化（办学地点:彭家坪校区）,办学地点:彭家坪校区,,,,,510,29984,,,,,,510,29984,,,,,,,,,本科,,,,,
8322723,北京,本科批,物理,,X5070E1,专业组01,兰州理工大学,B638,会计学（办学地点:彭家坪校区）,办学地点:彭家坪校区,,,,,514,29083,,,,,,514,29083,,,,,,,,,本科,,,,,
8324434,北京,本科批,物理,,XD9F381,专业组01,中国人民公安大学,E5B1,法学（办学地点:团河校区）,办学地点:团河校区,,,,,623,6848,,,,,,623,6848,,,,,,,,,本科,,,,,
8324591,北京,本科批,物理,,XA4F6A7,专业组02,内蒙古科技大学,FEF6,材料成型及控制工程,,,,,,458,40890,,,,,,458,40890,,,,,,,,,本科,,,,,
8324592,北京,本科批,物理,,XA4F6A7,专业组02,内蒙古科技大学,4EA7,新能源材料与器件,,,,,,482,36158,,,,,,482,36158,,,,,,,,,本科,,,,,
8324593,北京,本科批,物理,,XA4F6A7,专业组01,内蒙古科技大学,2A86,思想政治教育（{02}物理+化学（均须选考）:）,{02}物理+化学（均须选考,,,,,520,27728,,,,,,520,27728,,,,,,,,,本科,,,,,
8325473,北京,本科批,物理,,X84BF09,专业组02,天津城建大学,2B47,智能建造,,,,,,477,37194,,,,,,477,37194,,,,,,,,,本科,,,,,
8325474,北京,本科批,物理,,X84BF09,专业组02,天津城建大学,8684,智能制造工程,,,,,,478,36997,,,,,,478,36997,,,,,,,,,本科,,,,,
8325475,北京,本科批,物理,,X84BF09,专业组02,天津城建大学,F068,人工智能,,,,,,481,36368,,,,,,481,36368,,,,,,,,,本科,,,,,
8325476,北京,本科批,物理,,X84BF09,专业组02,天津城建大学,4ECE,土木工程,,,,,,485,35549,,,,,,485,35549,,,,,,,,,本科,,,,,
8325477,北京,本科批,物理,,X84BF09,专业组02,天津城建大学,F620,安全工程,,,,,,487,35128,,,,,,487,35128,,,,,,,,,本科,,,,,
8325478,北京,本科批,物理,,X84BF09,专业组02,天津城建大学,C1F4,环境工程（不招色盲、色弱、单色识别能力异常）,不招色盲、色弱、单色识别能力异常,,,,,488,34896,,,,,,488,34896,,,,,,,,,本科,,,,,
8325479,北京,本科批,物理,,X84BF09,专业组02,天津城建大学,6A3A,建筑环境与能源应用工程,,,,,,491,34236,,,,,,491,34236,,,,,,,,,本科,,,,,
8325480,北京,本科批,物理,,X84BF09,专业组02,天津城建大学,0F4D,计算机类（含计算机科学与技术、网络工程、物联网工程）,含计算机科学与技术、网络工程、物联网工程,,,,,495,33354,,,,,,495,33354,,,,,,,,,本科,,,,,
8325481,北京,本科批,物理,,X84BF09,专业组02,天津城建大学,4C65,自动化,,,,,,495,33354,,,,,,495,33354,,,,,,,,,本科,,,,,
8325482,北京,本科批,物理,,X84BF09,专业组02,天津城建大学,78FF,机械设计制造及其自动化,,,,,,502,31794,,,,,,502,31794,,,,,,,,,本科,,,,,
8325483,北京,本科批,物理,,X84BF09,专业组01,天津城建大学,6AA2,建筑学（五年）,五年,,,,,511,29771,,,,,,511,29771,,,,,,,,,本科,,,,,
8325484,北京,本科批,物理,,X84BF09,专业组01,天津城建大学,D0AA,城市管理（不招单色识别能力异常）,不招单色识别能力异常,,,,,513,29317,,,,,,513,29317,,,,,,,,,本科,,,,,
8325485,北京,本科批,物理,,X84BF09,专业组01,天津城建大学,0624,风景园林（不招色盲、色弱、单色识别能力异常）,不招色盲、色弱、单色识别能力异常,,,,,516,28622,,,,,,516,28622,,,,,,,,,本科,,,,,
8328311,北京,本科批,物理,,XDF08CA,专业组02,安徽农业大学,ABD3,动物医学（五年）,五年,,,,,507,30652,,,,,,507,30652,,,,,,,,,本科,,,,,
8328312,北京,本科批,物理,,XDF08CA,专业组01,安徽农业大学,0FBC,金融学,,,,,,511,29771,,,,,,511,29771,,,,,,,,,本科,,,,,
8329030,北京,本科批,物理,,X7BCD34,专业组01,湖南中医药大学,5D29,针灸推拿学（五年）,五年,,,,,565,17728,,,,,,565,17728,,,,,,,,,本科,,,,,
8329031,北京,本科批,物理,,X7BCD34,专业组01,湖南中医药大学,30EE,中西医临床医学（五年）,五年,,,,,570,16658,,,,,,570,16658,,,,,,,,,本科,,,,,
8329032,北京,本科批,物理,,X7BCD34,专业组01,湖南中医药大学,CC9A,临床医学（五年）,五年,,,,,570,16658,,,,,,570,16658,,,,,,,,,本科,,,,,
8329033,北京,本科批,物理,,X7BCD34,专业组01,湖南中医药大学,A19D,中医学（五年）,五年,,,,,572,16267,,,,,,572,16267,,,,,,,,,本科,,,,,
8329034,北京,本科批,物理,,X7BCD34,专业组01,湖南中医药大学,7CDB,中医学（卓越1班、5+3一体化）（五年）,卓越1班、5+3一体化; 五年,,,,,572,16267,,,,,,572,16267,,,,,,,,,本科,,,,,
8329035,北京,本科批,物理,,X7BCD34,专业组01,湖南中医药大学,8E1C,口腔医学（五年）,五年,,,,,584,13797,,,,,,584,13797,,,,,,,,,本科,,,,,
8329910,北京,本科批,物理,,X9E2FD0,专业组02,南京医科大学,4200,护理学（专业办学地点:江宁校区）,专业办学地点:江宁校区,,,,,542,22695,,,,,,542,22695,,,,,,,,,本科,,,,,
8329911,北京,本科批,物理,,X9E2FD0,专业组02,南京医科大学,EB10,康复治疗学（专业办学地点:江宁校区）,专业办学地点:江宁校区,,,,,542,22695,,,,,,542,22695,,,,,,,,,本科,,,,,
8329912,北京,本科批,物理,,X9E2FD0,专业组02,南京医科大学,012E,预防医学（五年）（（专业办学地点:江宁校区）,五年; （专业办学地点:江宁校区,,,,,544,22278,,,,,,544,22278,,,,,,,,,本科,,,,,
8329913,北京,本科批,物理,,X9E2FD0,专业组02,南京医科大学,CA8C,眼视光学（专业办学地点:江宁校区）,专业办学地点:江宁校区,,,,,550,20990,,,,,,550,20990,,,,,,,,,本科,,,,,
8329914,北京,本科批,物理,,X9E2FD0,专业组02,南京医科大学,21F3,口腔医学（五年）（（专业办学地点:江宁校区）,五年; （专业办学地点:江宁校区,,,,,557,19422,,,,,,557,19422,,,,,,,,,本科,,,,,
8329915,北京,本科批,物理,,X9E2FD0,专业组01,南京医科大学,1D71,公共事业管理（卫生事业管理）（专业办学地点:江宁校区）,卫生事业管理; 专业办学地点:江宁校区,,,,,576,15428,,,,,,576,15428,,,,,,,,,本科,,,,,
8329916,北京,本科批,物理,,X9E2FD0,专业组02,南京医科大学,104D,临床医学（五年）（（专业办学地点:江宁校区）,五年; （专业办学地点:江宁校区,,,,,586,13407,,,,,,586,13407,,,,,,,,,本科,,,,,
8330247,北京,本科批,物理,,X5EF1D0,专业组01,山东第二医科大学,E121,麻醉学（五年）（（专业不招色盲、色弱、单色识别能力异常）,五年; （专业不招色盲、色弱、单色识别能力异常,,,,,560,18792,,,,,,560,18792,,,,,,,,,本科,,,,,
8330248,北京,本科批,物理,,X5EF1D0,专业组01,山东第二医科大学,BCB5,临床医学（五年）（（专业不招色盲、色弱、单色识别能力异常）,五年; （专业不招色盲、色弱、单色识别能力异常,,,,,568,17101,,,,,,568,17101,,,,,,,,,本科,,,,,
8330700,北京,本科批,物理,,X43CB67,专业组01,哈尔滨商业大学,5E19,会计学,,,,,,512,29550,,,,,,512,29550,,,,,,,,,本科,,,,,
8331584,北京,本科批,物理,,XD18C53,专业组01,河北地质大学,B90A,工商管理类（企业管理）（含工商管理、市场营销、人力资源管理、旅游管理，办学地点:新校区）,企业管理; 含工商管理、市场营销、人力资源管理、旅游管理，办学地点:新校区,,,,,503,31574,,,,,,503,31574,,,,,,,,,本科,,,,,
8331585,北京,本科批,物理,,XD18C53,专业组01,河北地质大学,46B5,工商管理类（财会）（含会计学、财务管理、审计学，办学地点:新校区）,财会; 含会计学、财务管理、审计学，办学地点:新校区,,,,,511,29771,,,,,,511,29771,,,,,,,,,本科,,,,,
8332250,北京,本科批,物理,,X5B5787,专业组03,中国地质大学（北京）,D656,土地整治工程,,,,,,585,13610,,,,,,585,13610,,,,,,,,,本科,,,,,
8332251,北京,本科批,物理,,X5B5787,专业组03,中国地质大学（北京）,BC06,海洋资源与环境（不招色盲、色弱、单色识别能力异常）,不招色盲、色弱、单色识别能力异常,,,,,585,13610,,,,,,585,13610,,,,,,,,,本科,,,,,
8332252,北京,本科批,物理,,X5B5787,专业组03,中国地质大学（北京）,2B47,智能建造,,,,,,585,13610,,,,,,585,13610,,,,,,,,,本科,,,,,
8332253,北京,本科批,物理,,X5B5787,专业组03,中国地质大学（北京）,F4CD,海洋工程与技术（不招色盲、色弱、单色识别能力异常）,不招色盲、色弱、单色识别能力异常,,,,,585,13610,,,,,,585,13610,,,,,,,,,本科,,,,,
8332254,北京,本科批,物理,,X5B5787,专业组03,中国地质大学（北京）,6AD5,地下水科学与工程（不招色盲、色弱、单色识别能力异常）,不招色盲、色弱、单色识别能力异常,,,,,585,13610,,,,,,585,13610,,,,,,,,,本科,,,,,
8332255,北京,本科批,物理,,X5B5787,专业组03,中国地质大学（北京）,8189,环境生态工程,,,,,,585,13610,,,,,,585,13610,,,,,,,,,本科,,,,,
8332256,北京,本科批,物理,,X5B5787,专业组03,中国地质大学（北京）,A5D2,测控技术与仪器,,,,,,585,13610,,,,,,585,13610,,,,,,,,,本科,,,,,
8332257,北京,本科批,物理,,X5B5787,专业组03,中国地质大学（北京）,C1F4,环境工程（不招色盲、色弱、单色识别能力异常）,不招色盲、色弱、单色识别能力异常,,,,,585,13610,,,,,,585,13610,,,,,,,,,本科,,,,,
8332258,北京,本科批,物理,,X5B5787,专业组03,中国地质大学（北京）,4E60,海洋科学（不招色盲、色弱、单色识别能力异常）,不招色盲、色弱、单色识别能力异常,,,,,585,13610,,,,,,585,13610,,,,,,,,,本科,,,,,
8332259,北京,本科批,物理,,X5B5787,专业组03,中国地质大学（北京）,4ECE,土木工程,,,,,,585,13610,,,,,,585,13610,,,,,,,,,本科,,,,,
8332260,北京,本科批,物理,,X5B5787,专业组03,中国地质大学（北京）,EC95,勘查技术与工程,,,,,,585,13610,,,,,,585,13610,,,,,,,,,本科,,,,,
8332261,北京,本科批,物理,,X5B5787,专业组03,中国地质大学（北京）,1231,城市地下空间工程,,,,,,586,13407,,,,,,586,13407,,,,,,,,,本科,,,,,
8332262,北京,本科批,物理,,X5B5787,专业组03,中国地质大学（北京）,78FF,机械设计制造及其自动化,,,,,,586,13407,,,,,,586,13407,,,,,,,,,本科,,,,,
8332263,北京,本科批,物理,,X5B5787,专业组03,中国地质大学（北京）,38C2,地质工程,,,,,,586,13407,,,,,,586,13407,,,,,,,,,本科,,,,,
8332264,北京,本科批,物理,,X5B5787,专业组03,中国地质大学（北京）,4FF7,宝石及材料工艺学（不招色盲、色弱、单色识别能力异常）,不招色盲、色弱、单色识别能力异常,,,,,587,13194,,,,,,587,13194,,,,,,,,,本科,,,,,
8332265,北京,本科批,物理,,X5B5787,专业组03,中国地质大学（北京）,4F2F,地质类（含石油工程、资源勘查工程（能源）、资源勘查工程（新能源地质与工程）、新能源科学与工程、碳储科学与工程，不招色盲、色弱、单色识别能力异常）,含石油工程、资源勘查工程（能源; 新能源地质与工程,,,,,587,13194,,,,,,587,13194,,,,,,,,,本科,,,,,
8332266,北京,本科批,物理,,X5B5787,专业组03,中国地质大学（北京）,1885,测绘工程（不招单色识别能力异常）,不招单色识别能力异常,,,,,587,13194,,,,,,587,13194,,,,,,,,,本科,,,,,
8332267,北京,本科批,物理,,X5B5787,专业组03,中国地质大学（北京）,91CE,水文与水资源工程,,,,,,587,13194,,,,,,587,13194,,,,,,,,,本科,,,,,
8332268,北京,本科批,物理,,X5B5787,专业组03,中国地质大学（北京）,7EAF,数据科学与大数据技术（不招单色识别能力异常）,不招单色识别能力异常,,,,,588,12980,,,,,,588,12980,,,,,,,,,本科,,,,,
8332269,北京,本科批,物理,,X5B5787,专业组03,中国地质大学（北京）,93E3,电子信息工程,,,,,,589,12794,,,,,,589,12794,,,,,,,,,本科,,,,,
8333145,北京,本科批,物理,,X1AA737,专业组03,大连民族大学,5070,自动化（办学地点:金石滩校区）,办学地点:金石滩校区,,,,,477,37194,,,,,,477,37194,,,,,,,,,本科,,,,,
8333146,北京,本科批,物理,,X1AA737,专业组01,大连民族大学,F23B,市场营销（办学地点:金石滩校区）,办学地点:金石滩校区,,,,,488,34896,,,,,,488,34896,,,,,,,,,本科,,,,,
8333147,北京,本科批,物理,,X1AA737,专业组01,大连民族大学,324D,经济学（办学地点:金石滩校区）,办学地点:金石滩校区,,,,,493,33792,,,,,,493,33792,,,,,,,,,本科,,,,,
8333148,北京,本科批,物理,,X1AA737,专业组02,大连民族大学,358B,城乡规划（五年）（办学地点:金石滩校区）,五年; 办学地点:金石滩校区,,,,,498,32667,,,,,,498,32667,,,,,,,,,本科,,,,,
8333149,北京,本科批,物理,,X1AA737,专业组02,大连民族大学,EE0F,建筑学（办学地点:金石滩校区）,办学地点:金石滩校区,,,,,508,30404,,,,,,508,30404,,,,,,,,,本科,,,,,
8333759,北京,本科批,物理,,XB8A48C,专业组01,东莞理工学院,BADF,电子信息工程（教育部“卓越工程师计划”试点专业，单色识别能力异常者慎重报考）（办学地点:松山湖校区）,教育部“卓越工程师计划”试点专业，单色识别能力异常者慎重报考; 办学地点:松山湖校区,,,,,512,29550,,,,,,512,29550,,,,,,,,,本科,,,,,
8333760,北京,本科批,物理,,XB8A48C,专业组01,东莞理工学院,8464,电气工程及其自动化（色盲考生慎重报考）（办学地点:松山湖校区）,色盲考生慎重报考; 办学地点:松山湖校区,,,,,512,29550,,,,,,512,29550,,,,,,,,,本科,,,,,
8334057,北京,本科批,物理,,X66567A,专业组01,温州大学,AC90,行政管理,,,,,,519,27941,,,,,,519,27941,,,,,,,,,本科,,,,,
8334058,北京,本科批,物理,,X66567A,专业组01,温州大学,F87F,学前教育（师范）（不招色盲、色弱、单色识别能力异常）,师范; 不招色盲、色弱、单色识别能力异常,,,,,521,27493,,,,,,521,27493,,,,,,,,,本科,,,,,
8334059,北京,本科批,物理,,X66567A,专业组01,温州大学,3ED7,国际经贸规则,,,,,,522,27234,,,,,,522,27234,,,,,,,,,本科,,,,,
8334060,北京,本科批,物理,,X66567A,专业组01,温州大学,04A0,工商管理,,,,,,524,26772,,,,,,524,26772,,,,,,,,,本科,,,,,
8334061,北京,本科批,物理,,X66567A,专业组01,温州大学,927B,法学,,,,,,532,24976,,,,,,532,24976,,,,,,,,,本科,,,,,
8334604,北京,本科批,物理,,X7B3A3E,专业组02,东北大学秦皇岛分校,DDD5,外国语言文学类（含英语、日语，只招英语、日语考生）,含英语、日语，只招英语、日语考生,,,,,604,10041,,,,,,604,10041,,,,,,,,,本科,,,,,
8334605,北京,本科批,物理,,X7B3A3E,专业组02,东北大学秦皇岛分校,1CF2,工商管理类（含工商管理、会计学、健康服务与管理，不招单色识别能力异常）,含工商管理、会计学、健康服务与管理，不招单色识别能力异常,,,,,606,9678,,,,,,606,9678,,,,,,,,,本科,,,,,
8334606,北京,本科批,物理,,X7B3A3E,专业组02,东北大学秦皇岛分校,B149,经济学类（含经济学、金融学、国际经济与贸易，不招单色识别能力异常）,含经济学、金融学、国际经济与贸易，不招单色识别能力异常,,,,,609,9179,,,,,,609,9179,,,,,,,,,本科,,,,,
8334607,北京,本科批,物理,,X7B3A3E,专业组01,东北大学秦皇岛分校,7679,数学与应用数学（中外合作办学）（外方院校为新西兰奥克兰大学，“3+1”中新双学位培养模式）,中外合作办学; 外方院校为新西兰奥克兰大学，“3+1”中新双学位培养模式,,,,,618,7651,,,,,,618,7651,,,,,,,,,本科,,,,,
8334608,北京,本科批,物理,,X7B3A3E,专业组03,东北大学秦皇岛分校,E0E5,信息管理与信息系统（不招单色识别能力异常）,不招单色识别能力异常,,,,,620,7342,,,,,,620,7342,,,,,,,,,本科,,,,,
8334609,北京,本科批,物理,,X7B3A3E,专业组04,东北大学秦皇岛分校,EEE4,数学类（含数学与应用数学、应用统计学、数据科学与大数据技术）,含数学与应用数学、应用统计学、数据科学与大数据技术,,,,,621,7172,,,,,,621,7172,,,,,,,,,本科,,,,,
8334610,北京,本科批,物理,,X7B3A3E,专业组04,东北大学秦皇岛分校,CB75,机械类（含机械工程、车辆工程）,含机械工程、车辆工程,,,,,621,7172,,,,,,621,7172,,,,,,,,,本科,,,,,
8334611,北京,本科批,物理,,X7B3A3E,专业组04,东北大学秦皇岛分校,37A5,材料类（含材料成型及控制工程、材料科学与工程、冶金工程、资源勘查工程、环境工程）,含材料成型及控制工程、材料科学与工程、冶金工程、资源勘查工程、环境工程,,,,,621,7172,,,,,,621,7172,,,,,,,,,本科,,,,,
8334612,北京,本科批,物理,,X7B3A3E,专业组04,东北大学秦皇岛分校,ED53,仪器类（智能光电感知）（含测控技术与仪器、光电信息科学与工程）,智能光电感知; 含测控技术与仪器、光电信息科学与工程,,,,,622,7001,,,,,,622,7001,,,,,,,,,本科,,,,,
8334613,北京,本科批,物理,,X7B3A3E,专业组04,东北大学秦皇岛分校,29F4,物联网工程,,,,,,622,7001,,,,,,622,7001,,,,,,,,,本科,,,,,
8334614,北京,本科批,物理,,X7B3A3E,专业组04,东北大学秦皇岛分校,F79E,计算机科学与技术（不招单色识别能力异常）,不招单色识别能力异常,,,,,624,6693,,,,,,624,6693,,,,,,,,,本科,,,,,
8334615,北京,本科批,物理,,X7B3A3E,专业组01,东北大学秦皇岛分校,B168,通信工程（中外合作办学）（外方院校为澳大利亚悉尼科技大学）,中外合作办学; 外方院校为澳大利亚悉尼科技大学,,,,,625,6546,,,,,,625,6546,,,,,,,,,本科,,,,,
8334616,北京,本科批,物理,,X7B3A3E,专业组01,东北大学秦皇岛分校,F6BA,计算机科学与技术（中外合作办学）（不招单色识别能力异常，外方院校为澳大利亚悉尼科技大学）,中外合作办学; 不招单色识别能力异常，外方院校为澳大利亚悉尼科技大学,,,,,626,6380,,,,,,626,6380,,,,,,,,,本科,,,,,
8334617,北京,本科批,物理,,X7B3A3E,专业组04,东北大学秦皇岛分校,A805,自动化类（含电气工程及其自动化、自动化）,含电气工程及其自动化、自动化,,,,,627,6215,,,,,,627,6215,,,,,,,,,本科,,,,,
8334618,北京,本科批,物理,,X7B3A3E,专业组04,东北大学秦皇岛分校,93E3,电子信息工程,,,,,,627,6215,,,,,,627,6215,,,,,,,,,本科,,,,,
8334619,北京,本科批,物理,,X7B3A3E,专业组04,东北大学秦皇岛分校,ECA4,通信工程,,,,,,629,5925,,,,,,629,5925,,,,,,,,,本科,,,,,
8335325,北京,本科批,物理,,X3138AA,专业组01,吉林财经大学,44E2,税收学（办学地点:净月校区）,办学地点:净月校区,,,,,524,26772,,,,,,524,26772,,,,,,,,,本科,,,,,
8335326,北京,本科批,物理,,X3138AA,专业组01,吉林财经大学,DB94,财政学（办学地点:净月校区）,办学地点:净月校区,,,,,533,24746,,,,,,533,24746,,,,,,,,,本科,,,,,
8336424,北京,本科批,物理,,X327F6A,专业组02,安徽建筑大学,58FF,房地产开发与管理（10-11、20专业办学地点:金寨路校区;30专业办学地点:紫云路校区）,10-11、20专业办学地点:金寨路校区;30专业办学地点:紫云路校区,,,,,476,37407,,,,,,476,37407,,,,,,,,,本科,,,,,
8336425,北京,本科批,物理,,X327F6A,专业组01,安徽建筑大学,4E1A,城市管理（10-11、20专业办学地点:金寨路校区;30专业办学地点:紫云路校区）,10-11、20专业办学地点:金寨路校区;30专业办学地点:紫云路校区,,,,,495,33354,,,,,,495,33354,,,,,,,,,本科,,,,,
8336426,北京,本科批,物理,,X327F6A,专业组01,安徽建筑大学,E0DB,人力资源管理（10-11、20专业办学地点:金寨路校区;30专业办学地点:紫云路校区）,10-11、20专业办学地点:金寨路校区;30专业办学地点:紫云路校区,,,,,495,33354,,,,,,495,33354,,,,,,,,,本科,,,,,
8336427,北京,本科批,物理,,X327F6A,专业组03,安徽建筑大学,DE39,地理信息科学（10-11、20专业办学地点:金寨路校区;30专业办学地点:紫云路校区）,10-11、20专业办学地点:金寨路校区;30专业办学地点:紫云路校区,,,,,508,30404,,,,,,508,30404,,,,,,,,,本科,,,,,
8337170,北京,本科批,物理,,XF3C7F8,专业组01,大连医科大学,243E,中西医临床医学（岐黄班）（五年）,岐黄班; 五年,,,,,594,11907,,,,,,594,11907,,,,,,,,,本科,,,,,
8337171,北京,本科批,物理,,XF3C7F8,专业组02,大连医科大学,DFDF,临床医学（5+3一体化）（五年）（前5学年学费5500元/年，后3学年为12000元/年）,5+3一体化; 五年; 前5学年学费5500元/年，后3学年为12000元/年,,,,,615,8152,,,,,,615,8152,,,,,,,,,本科,,,,,
8337674,北京,本科批,物理,,X95DF70,专业组01,大连外国语大学,A615,汉语国际教育,,,,,,524,26772,,,,,,524,26772,,,,,,,,,本科,,,,,
8337675,北京,本科批,物理,,X95DF70,专业组01,大连外国语大学,D43F,西班牙语,,,,,,524,26772,,,,,,524,26772,,,,,,,,,本科,,,,,
8337676,北京,本科批,物理,,X95DF70,专业组01,大连外国语大学,8607,法语,,,,,,525,26546,,,,,,525,26546,,,,,,,,,本科,,,,,
8337677,北京,本科批,物理,,X95DF70,专业组01,大连外国语大学,54B5,英语（只招英语考生）,只招英语考生,,,,,531,25202,,,,,,531,25202,,,,,,,,,本科,,,,,
8337678,北京,本科批,物理,,X95DF70,专业组01,大连外国语大学,671C,日语,,,,,,537,23824,,,,,,537,23824,,,,,,,,,本科,,,,,
8337679,北京,本科批,物理,,X95DF70,专业组02,大连外国语大学,13A6,国际事务与国际关系,,,,,,541,22915,,,,,,541,22915,,,,,,,,,本科,,,,,
8337680,北京,本科批,物理,,X95DF70,专业组01,大连外国语大学,A9F4,德语,,,,,,547,21659,,,,,,547,21659,,,,,,,,,本科,,,,,
8338485,北京,本科批,物理,,X57CB45,专业组02,江西农业大学,DBEF,数据科学与大数据技术（专业办学地点:南北校区）,专业办学地点:南北校区,,,,,486,35338,,,,,,486,35338,,,,,,,,,本科,,,,,
8338486,北京,本科批,物理,,X57CB45,专业组01,江西农业大学,8228,会计学（专业办学地点:东校区）,专业办学地点:东校区,,,,,493,33792,,,,,,493,33792,,,,,,,,,本科,,,,,
8338487,北京,本科批,物理,,X57CB45,专业组01,江西农业大学,8A85,工商管理（专业办学地点:东校区）,专业办学地点:东校区,,,,,494,33572,,,,,,494,33572,,,,,,,,,本科,,,,,
8339240,北京,本科批,物理,,X9389DD,专业组02,南宁师范大学,4873,历史学,,,,,,490,34462,,,,,,490,34462,,,,,,,,,本科,,,,,
8339241,北京,本科批,物理,,X9389DD,专业组01,南宁师范大学,D243,汉语言文学,,,,,,520,27728,,,,,,520,27728,,,,,,,,,本科,,,,,
8340465,北京,本科批,物理,,XA0FD73,专业组02,北京工商大学,511B,金融科技（京津冀职教改革项目）（办学地点:北京经济管理职业学院固安校区）,京津冀职教改革项目; 办学地点:北京经济管理职业学院固安校区,,,,,490,34462,,,,,,490,34462,,,,,,,,,本科,,,,,
8340466,北京,本科批,物理,,XA0FD73,专业组01,北京工商大学,FE61,国际经济与贸易（京津冀职教改革项目）（办学地点:北京经济管理职业学院固安校区）,京津冀职教改革项目; 办学地点:北京经济管理职业学院固安校区,,,,,500,32208,,,,,,500,32208,,,,,,,,,本科,,,,,
8340467,北京,本科批,物理,,XA0FD73,专业组07,北京工商大学,663F,化妆品技术与工程（不招色盲、色弱、单色识别能力异常;办学地点:良乡校区）,不招色盲、色弱、单色识别能力异常;办学地点:良乡校区,,,,,513,29317,,,,,,513,29317,,,,,,,,,本科,,,,,
8340468,北京,本科批,物理,,XA0FD73,专业组07,北京工商大学,2F30,食品营养与健康（营养健康科学、数字营销管理双学士学位项目）（不招色盲、色弱、单色识别能力异常;办学地点:良乡校区）,营养健康科学、数字营销管理双学士学位项目; 不招色盲、色弱、单色识别能力异常;办学地点:良乡校区,,,,,513,29317,,,,,,513,29317,,,,,,,,,本科,,,,,
8340469,北京,本科批,物理,,XA0FD73,专业组07,北京工商大学,255D,材料类（新材料智造）（含高分子材料与工程、功能材料，不招色盲、色弱、单色识别能力异常;办学地点:良乡校区）,新材料智造; 含高分子材料与工程、功能材料，不招色盲、色弱、单色识别能力异常;办学地点:良乡校区,,,,,514,29083,,,,,,514,29083,,,,,,,,,本科,,,,,
8340470,北京,本科批,物理,,XA0FD73,专业组07,北京工商大学,3E37,食品营养与健康（大健康创新实验班）（不招色盲、色弱、单色识别能力异常;办学地点:良乡校区）,大健康创新实验班; 不招色盲、色弱、单色识别能力异常;办学地点:良乡校区,,,,,515,28850,,,,,,515,28850,,,,,,,,,本科,,,,,
8340471,北京,本科批,物理,,XA0FD73,专业组07,北京工商大学,9F3E,环境工程（数智环境技术）（不招色盲、单色识别能力异常;办学地点:良乡校区）,数智环境技术; 不招色盲、单色识别能力异常;办学地点:良乡校区,,,,,519,27941,,,,,,519,27941,,,,,,,,,本科,,,,,
8340472,北京,本科批,物理,,XA0FD73,专业组07,北京工商大学,5068,应用化学（日化创新实验班）（不招色盲、单色识别能力异常;办学地点:良乡校区）,日化创新实验班; 不招色盲、单色识别能力异常;办学地点:良乡校区,,,,,520,27728,,,,,,520,27728,,,,,,,,,本科,,,,,
8340473,北京,本科批,物理,,XA0FD73,专业组07,北京工商大学,54E8,酿酒工程（酿造领军人才实验班）（不招色盲、色弱、单色识别能力异常;办学地点:良乡校区）,酿造领军人才实验班; 不招色盲、色弱、单色识别能力异常;办学地点:良乡校区,,,,,521,27493,,,,,,521,27493,,,,,,,,,本科,,,,,
8340474,北京,本科批,物理,,XA0FD73,专业组07,北京工商大学,4FB9,高分子材料与工程（新材料智造、智能财务双学士学位项目）（办学地点:良乡校区）,新材料智造、智能财务双学士学位项目; 办学地点:良乡校区,,,,,522,27234,,,,,,522,27234,,,,,,,,,本科,,,,,
8340475,北京,本科批,物理,,XA0FD73,专业组07,北京工商大学,CEED,食品质量与安全（数智化创新实验班）（不招色盲、色弱、单色识别能力异常;办学地点:良乡校区）,数智化创新实验班; 不招色盲、色弱、单色识别能力异常;办学地点:良乡校区,,,,,522,27234,,,,,,522,27234,,,,,,,,,本科,,,,,
8340476,北京,本科批,物理,,XA0FD73,专业组07,北京工商大学,42D3,生物工程（生物智造）（不招色盲、色弱、单色识别能力异常;办学地点:良乡校区）,生物智造; 不招色盲、色弱、单色识别能力异常;办学地点:良乡校区,,,,,523,26996,,,,,,523,26996,,,,,,,,,本科,,,,,
8340477,北京,本科批,物理,,XA0FD73,专业组07,北京工商大学,C21D,环境工程（碳中和实验班）（不招色盲、单色识别能力异常;办学地点:良乡校区）,碳中和实验班; 不招色盲、单色识别能力异常;办学地点:良乡校区,,,,,523,26996,,,,,,523,26996,,,,,,,,,本科,,,,,
8340478,北京,本科批,物理,,XA0FD73,专业组07,北京工商大学,CE20,香料香精技术与工程（交叉学科特色实验班）（办学地点:良乡校区）,交叉学科特色实验班; 办学地点:良乡校区,,,,,528,25842,,,,,,528,25842,,,,,,,,,本科,,,,,
8340479,北京,本科批,物理,,XA0FD73,专业组02,北京工商大学,76B0,应用统计学（中外合作办学）（风险与精算）（与爱尔兰考克大学联合培养，四年学费生活费等费用合计人民币60万元左右。非英语语种考生慎重报考;办学地点:良乡校区）,中外合作办学; 风险与精算; 与爱尔兰考克大学联合培养，四年学费生活费等费用合计人民币60万元左右。非英语语种考生慎重报考;办学地点:良乡校区,,,,,529,25630,,,,,,529,25630,,,,,,,,,本科,,,,,
8340480,北京,本科批,物理,,XA0FD73,专业组06,北京工商大学,F80E,智能制造工程（办学地点:良乡校区）,办学地点:良乡校区,,,,,532,24976,,,,,,532,24976,,,,,,,,,本科,,,,,
8340481,北京,本科批,物理,,XA0FD73,专业组06,北京工商大学,A67C,数学类（含数据科学与大数据技术、应用统计学、数学与应用数学;办学地点:良乡校区）,含数据科学与大数据技术、应用统计学、数学与应用数学;办学地点:良乡校区,,,,,533,24746,,,,,,533,24746,,,,,,,,,本科,,,,,
8340482,北京,本科批,物理,,XA0FD73,专业组06,北京工商大学,0E79,光电信息科学与工程（办学地点:良乡校区）,办学地点:良乡校区,,,,,534,24493,,,,,,534,24493,,,,,,,,,本科,,,,,
8340483,北京,本科批,物理,,XA0FD73,专业组06,北京工商大学,0B6A,信息工程（办学地点:良乡校区）,办学地点:良乡校区,,,,,534,24493,,,,,,534,24493,,,,,,,,,本科,,,,,
8340484,北京,本科批,物理,,XA0FD73,专业组06,北京工商大学,C7B8,自动化（数字智能技术）（办学地点:良乡校区）,数字智能技术; 办学地点:良乡校区,,,,,535,24276,,,,,,535,24276,,,,,,,,,本科,,,,,
8340779,北京,本科批,物理,,XD382BD,专业组01,辽宁工程技术大学,93D0,数字媒体技术（办学地点:阜新校区玉龙校园）,办学地点:阜新校区玉龙校园,,,,,487,35128,,,,,,487,35128,,,,,,,,,本科,,,,,
8340780,北京,本科批,物理,,XD382BD,专业组01,辽宁工程技术大学,5F92,安全工程（办学地点:葫芦岛校区龙湾校园）,办学地点:葫芦岛校区龙湾校园,,,,,491,34236,,,,,,491,34236,,,,,,,,,本科,,,,,
8340781,北京,本科批,物理,,XD382BD,专业组01,辽宁工程技术大学,E4FA,自动化（办学地点:葫芦岛校区龙湾校园）,办学地点:葫芦岛校区龙湾校园,,,,,498,32667,,,,,,498,32667,,,,,,,,,本科,,,,,
8340782,北京,本科批,物理,,XD382BD,专业组01,辽宁工程技术大学,ED5C,电气工程及其自动化（办学地点:葫芦岛校区龙湾校园）,办学地点:葫芦岛校区龙湾校园,,,,,502,31794,,,,,,502,31794,,,,,,,,,本科,,,,,
8341439,北京,本科批,物理,,X27CD53,专业组01,辽宁科技大学,8EA2,机械电子工程,,,,,,485,35549,,,,,,485,35549,,,,,,,,,本科,,,,,
8341440,北京,本科批,物理,,X27CD53,专业组01,辽宁科技大学,A5B7,电气工程及其自动化,,,,,,485,35549,,,,,,485,35549,,,,,,,,,本科,,,,,
8341441,北京,本科批,物理,,X27CD53,专业组01,辽宁科技大学,A5D2,测控技术与仪器,,,,,,487,35128,,,,,,487,35128,,,,,,,,,本科,,,,,
8341442,北京,本科批,物理,,X27CD53,专业组01,辽宁科技大学,93E3,电子信息工程,,,,,,487,35128,,,,,,487,35128,,,,,,,,,本科,,,,,
8341443,北京,本科批,物理,,X27CD53,专业组01,辽宁科技大学,ECA4,通信工程,,,,,,490,34462,,,,,,490,34462,,,,,,,,,本科,,,,,
8341444,北京,本科批,物理,,X27CD53,专业组01,辽宁科技大学,CB83,软件工程（第一、二学年学费4600元/年，第三、四学年为12700元/年）,第一、二学年学费4600元/年，第三、四学年为12700元/年,,,,,491,34236,,,,,,491,34236,,,,,,,,,本科,,,,,
8341445,北京,本科批,物理,,X27CD53,专业组01,辽宁科技大学,B9A5,计算机科学与技术,,,,,,498,32667,,,,,,498,32667,,,,,,,,,本科,,,,,
8341446,北京,本科批,物理,,X27CD53,专业组01,辽宁科技大学,5FAF,数据科学与大数据技术（第一、二学年学费4600元/年，第三、四学年为12700元/年）,第一、二学年学费4600元/年，第三、四学年为12700元/年,,,,,503,31574,,,,,,503,31574,,,,,,,,,本科,,,,,
8342209,北京,本科批,物理,,X339D5B,专业组02,黑龙江科技大学,78FF,机械设计制造及其自动化,,,,,,482,36158,,,,,,482,36158,,,,,,,,,本科,,,,,
8342210,北京,本科批,物理,,X339D5B,专业组02,黑龙江科技大学,A5B7,电气工程及其自动化,,,,,,484,35756,,,,,,484,35756,,,,,,,,,本科,,,,,
8342211,北京,本科批,物理,,X339D5B,专业组01,黑龙江科技大学,0FBC,金融学,,,,,,486,35338,,,,,,486,35338,,,,,,,,,本科,,,,,
8342212,北京,本科批,物理,,X339D5B,专业组01,黑龙江科技大学,5E19,会计学,,,,,,489,34671,,,,,,489,34671,,,,,,,,,本科,,,,,
8343061,北京,本科批,物理,,X3C888C,专业组01,天津外国语大学,16CF,新闻传播学类（含新闻学、广告学、传播学、网络与新媒体，办学地点:滨海校区）,含新闻学、广告学、传播学、网络与新媒体，办学地点:滨海校区,,,,,525,26546,,,,,,525,26546,,,,,,,,,本科,,,,,
8343062,北京,本科批,物理,,X3C888C,专业组01,天津外国语大学,0F3A,日语（只招英语、日语考生，办学地点:马场道校区）,只招英语、日语考生，办学地点:马场道校区,,,,,525,26546,,,,,,525,26546,,,,,,,,,本科,,,,,
8343063,北京,本科批,物理,,X3C888C,专业组01,天津外国语大学,DBDC,法学（办学地点:滨海校区）,办学地点:滨海校区,,,,,527,26065,,,,,,527,26065,,,,,,,,,本科,,,,,
8343064,北京,本科批,物理,,X3C888C,专业组01,天津外国语大学,C174,阿拉伯语（只招英语考生，办学地点:马场道校区）,只招英语考生，办学地点:马场道校区,,,,,535,24276,,,,,,535,24276,,,,,,,,,本科,,,,,
8343065,北京,本科批,物理,,X3C888C,专业组01,天津外国语大学,C6E1,汉语国际教育（办学地点:滨海校区）,办学地点:滨海校区,,,,,538,23607,,,,,,538,23607,,,,,,,,,本科,,,,,
8343066,北京,本科批,物理,,X3C888C,专业组01,天津外国语大学,0FFE,俄语（只招英语、俄语考生，办学地点:马场道校区）,只招英语、俄语考生，办学地点:马场道校区,,,,,544,22278,,,,,,544,22278,,,,,,,,,本科,,,,,
8343067,北京,本科批,物理,,X3C888C,专业组02,天津外国语大学,77FA,外交学（办学地点:滨海校区）,办学地点:滨海校区,,,,,557,19422,,,,,,557,19422,,,,,,,,,本科,,,,,
8343068,北京,本科批,物理,,X3C888C,专业组01,天津外国语大学,81CC,外国语言文学类（含英语、翻译、商务英语，只招英语考生，办学地点:马场道校区）,含英语、翻译、商务英语，只招英语考生，办学地点:马场道校区,,,,,563,18175,,,,,,563,18175,,,,,,,,,本科,,,,,
8343868,北京,本科批,物理,,X094F94,专业组01,北方民族大学,C441,经济学类（含经济学、税收学、国际经济与贸易、金融学）,含经济学、税收学、国际经济与贸易、金融学,,,,,493,33792,,,,,,493,33792,,,,,,,,,本科,,,,,
8343869,北京,本科批,物理,,X094F94,专业组01,北方民族大学,60E0,工商管理类（人力资源工商）（含工商管理、人力资源管理）,人力资源工商; 含工商管理、人力资源管理,,,,,498,32667,,,,,,498,32667,,,,,,,,,本科,,,,,
8343870,北京,本科批,物理,,X094F94,专业组01,北方民族大学,927B,法学,,,,,,503,31574,,,,,,503,31574,,,,,,,,,本科,,,,,
8343871,北京,本科批,物理,,X094F94,专业组02,北方民族大学,2DDF,医学影像技术,,,,,,504,31368,,,,,,504,31368,,,,,,,,,本科,,,,,
8344737,北京,本科批,物理,,XE468A2,专业组01,福建医科大学,BCB5,临床医学（五年）（（专业不招色盲、色弱、单色识别能力异常）,五年; （专业不招色盲、色弱、单色识别能力异常,,,,,497,32907,,,,,,497,32907,,,,,,,,,本科,,,,,
8344738,北京,本科批,物理,,XE468A2,专业组01,福建医科大学,F963,医学检验技术（专业不招色盲、色弱、单色识别能力异常）,专业不招色盲、色弱、单色识别能力异常,,,,,529,25630,,,,,,529,25630,,,,,,,,,本科,,,,,
8344739,北京,本科批,物理,,XE468A2,专业组01,福建医科大学,F54B,智能医学工程（专业不招色盲、色弱、单色识别能力异常）,专业不招色盲、色弱、单色识别能力异常,,,,,539,23365,,,,,,539,23365,,,,,,,,,本科,,,,,
8344740,北京,本科批,物理,,XE468A2,专业组01,福建医科大学,8F6F,生物信息学（专业不招色盲、色弱、单色识别能力异常）,专业不招色盲、色弱、单色识别能力异常,,,,,547,21659,,,,,,547,21659,,,,,,,,,本科,,,,,
8345210,北京,本科批,物理,,XDCA64B,专业组02,山西师范大学,FCB5,园艺（不招色盲、色弱、单色识别能力异常）,不招色盲、色弱、单色识别能力异常,,,,,438,44347,,,,,,438,44347,,,,,,,,,本科,,,,,
8345211,北京,本科批,物理,,XDCA64B,专业组02,山西师范大学,53B9,食品质量与安全,,,,,,500,32208,,,,,,500,32208,,,,,,,,,本科,,,,,
8345212,北京,本科批,物理,,XDCA64B,专业组01,山西师范大学,0E3B,编辑出版学,,,,,,514,29083,,,,,,514,29083,,,,,,,,,本科,,,,,
8346430,北京,本科批,物理,,X4FC522,专业组01,徐州医科大学,CC9A,临床医学（五年）,五年,,,,,593,12095,,,,,,593,12095,,,,,,,,,本科,,,,,
8346431,北京,本科批,物理,,X4FC522,专业组01,徐州医科大学,00E0,麻醉学（五年）,五年,,,,,593,12095,,,,,,593,12095,,,,,,,,,本科,,,,,
8346575,北京,本科批,物理,,XC563E7,专业组02,山西农业大学,F836,园艺（含园艺、设施农业科学与工程）,含园艺、设施农业科学与工程,,,,,434,44923,,,,,,434,44923,,,,,,,,,本科,,,,,
8346576,北京,本科批,物理,,XC563E7,专业组02,山西农业大学,0EAF,兽医公共卫生（五年）,五年,,,,,450,42314,,,,,,450,42314,,,,,,,,,本科,,,,,
8346577,北京,本科批,物理,,XC563E7,专业组02,山西农业大学,ABD3,动物医学（五年）,五年,,,,,459,40716,,,,,,459,40716,,,,,,,,,本科,,,,,
8346578,北京,本科批,物理,,XC563E7,专业组01,山西农业大学,25DE,国际经济与贸易,,,,,,486,35338,,,,,,486,35338,,,,,,,,,本科,,,,,
8346579,北京,本科批,物理,,XC563E7,专业组01,山西农业大学,CCE9,土地资源管理,,,,,,490,34462,,,,,,490,34462,,,,,,,,,本科,,,,,
8347360,北京,本科批,物理,,X232D01,专业组01,西北政法大学,71F3,法学（反恐怖主义法）,反恐怖主义法,,,,,620,7342,,,,,,620,7342,,,,,,,,,本科,,,,,
8347361,北京,本科批,物理,,X232D01,专业组01,西北政法大学,4145,英语,,,,,,620,7342,,,,,,620,7342,,,,,,,,,本科,,,,,
8347362,北京,本科批,物理,,X232D01,专业组01,西北政法大学,A906,法学（经济法）,经济法,,,,,621,7172,,,,,,621,7172,,,,,,,,,本科,,,,,
8347363,北京,本科批,物理,,X232D01,专业组01,西北政法大学,25EC,法学（刑事法）,刑事法,,,,,622,7001,,,,,,622,7001,,,,,,,,,本科,,,,,
8347364,北京,本科批,物理,,X232D01,专业组01,西北政法大学,EBC9,法学（民商法）,民商法,,,,,623,6848,,,,,,623,6848,,,,,,,,,本科,,,,,
8348207,北京,本科批,物理,,X0DAE3A,专业组01,湖南工程学院,C37E,商务英语（只招英语考生）,只招英语考生,,,,,479,36793,,,,,,479,36793,,,,,,,,,本科,,,,,
8348208,北京,本科批,物理,,X0DAE3A,专业组02,湖南工程学院,62BF,大数据管理与应用,,,,,,484,35756,,,,,,484,35756,,,,,,,,,本科,,,,,
8349681,北京,本科批,物理,,XBE0B56,专业组01,济宁医学院,F64C,口腔医学（五年）（（专业不招色盲、色弱、单色识别能力异常;办学地点:济宁校区）,五年; （专业不招色盲、色弱、单色识别能力异常;办学地点:济宁校区,,,,,540,23122,,,,,,540,23122,,,,,,,,,本科,,,,,
8349682,北京,本科批,物理,,XBE0B56,专业组01,济宁医学院,4936,临床医学（五年）（（专业不招色盲、色弱、单色识别能力异常;办学地点:济宁校区）,五年; （专业不招色盲、色弱、单色识别能力异常;办学地点:济宁校区,,,,,550,20990,,,,,,550,20990,,,,,,,,,本科,,,,,
8349683,北京,本科批,物理,,XBE0B56,专业组01,济宁医学院,BE27,医学影像学（五年）（（专业不招色盲、色弱、单色识别能力异常;办学地点:济宁校区）,五年; （专业不招色盲、色弱、单色识别能力异常;办学地点:济宁校区,,,,,558,19195,,,,,,558,19195,,,,,,,,,本科,,,,,
8349684,北京,本科批,物理,,XBE0B56,专业组01,济宁医学院,7D70,精神医学（五年）（（专业不招色盲、色弱、单色识别能力异常;办学地点:济宁校区）,五年; （专业不招色盲、色弱、单色识别能力异常;办学地点:济宁校区,,,,,574,15859,,,,,,574,15859,,,,,,,,,本科,,,,,
8350271,北京,本科批,物理,,X5D2203,专业组01,湖南工商大学,6B23,金融学类（含金融学、保险学）,含金融学、保险学,,,,,519,27941,,,,,,519,27941,,,,,,,,,本科,,,,,
8350272,北京,本科批,物理,,X5D2203,专业组01,湖南工商大学,978C,审计学,,,,,,519,27941,,,,,,519,27941,,,,,,,,,本科,,,,,
8350273,北京,本科批,物理,,X5D2203,专业组01,湖南工商大学,5E19,会计学,,,,,,519,27941,,,,,,519,27941,,,,,,,,,本科,,,,,
8350786,北京,本科批,物理,,XBB49BA,专业组01,北方工业大学,DED4,土木工程（中外合作办学）（外语成绩不低于100分，4+0模式，与英国伦敦布鲁内尔大学合作，非英语语种考生慎重填报）,中外合作办学; 外语成绩不低于100分，4+0模式，与英国伦敦布鲁内尔大学合作，非英语语种考生慎重填报,,,,,496,33127,,,,,,496,33127,,,,,,,,,本科,,,,,
8350787,北京,本科批,物理,,XBB49BA,专业组01,北方工业大学,CF15,机械设计制造及其自动化（中外合作办学）（外语成绩不低于100分，4+0模式，与英国伦敦布鲁内尔大学合作，非英语语种考生慎重填报）,中外合作办学; 外语成绩不低于100分，4+0模式，与英国伦敦布鲁内尔大学合作，非英语语种考生慎重填报,,,,,513,29317,,,,,,513,29317,,,,,,,,,本科,,,,,
8350788,北京,本科批,物理,,XBB49BA,专业组01,北方工业大学,3787,数据科学与大数据技术（中外合作办学）（外语成绩不低于100分，4+0模式，与英国伦敦布鲁内尔大学合作，非英语语种考生慎重填报）,中外合作办学; 外语成绩不低于100分，4+0模式，与英国伦敦布鲁内尔大学合作，非英语语种考生慎重填报,,,,,521,27493,,,,,,521,27493,,,,,,,,,本科,,,,,
8350789,北京,本科批,物理,,XBB49BA,专业组03,北方工业大学,FEF6,材料成型及控制工程,,,,,,526,26285,,,,,,526,26285,,,,,,,,,本科,,,,,
8350790,北京,本科批,物理,,XBB49BA,专业组03,北方工业大学,2B47,智能建造,,,,,,526,26285,,,,,,526,26285,,,,,,,,,本科,,,,,
8350791,北京,本科批,物理,,XBB49BA,专业组03,北方工业大学,924C,智慧交通,,,,,,526,26285,,,,,,526,26285,,,,,,,,,本科,,,,,
8350792,北京,本科批,物理,,XBB49BA,专业组03,北方工业大学,76B9,统计学,,,,,,526,26285,,,,,,526,26285,,,,,,,,,本科,,,,,
8350793,北京,本科批,物理,,XBB49BA,专业组03,北方工业大学,E347,工业设计,,,,,,527,26065,,,,,,527,26065,,,,,,,,,本科,,,,,
8350794,北京,本科批,物理,,XBB49BA,专业组03,北方工业大学,F6BF,材料科学与工程（新材料）,新材料,,,,,527,26065,,,,,,527,26065,,,,,,,,,本科,,,,,
8350795,北京,本科批,物理,,XBB49BA,专业组03,北方工业大学,C29B,城市地下空间工程（智慧城市）,智慧城市,,,,,528,25842,,,,,,528,25842,,,,,,,,,本科,,,,,
8350796,北京,本科批,物理,,XBB49BA,专业组02,北方工业大学,40D0,城乡规划（五年）,五年,,,,,528,25842,,,,,,528,25842,,,,,,,,,本科,,,,,
8350797,北京,本科批,物理,,XBB49BA,专业组02,北方工业大学,54B5,英语（只招英语考生）,只招英语考生,,,,,528,25842,,,,,,528,25842,,,,,,,,,本科,,,,,
8350798,北京,本科批,物理,,XBB49BA,专业组02,北方工业大学,C865,建筑学（海外交换）（五年）,海外交换; 五年,,,,,528,25842,,,,,,528,25842,,,,,,,,,本科,,,,,
8350799,北京,本科批,物理,,XBB49BA,专业组02,北方工业大学,FB65,风景园林,,,,,,528,25842,,,,,,528,25842,,,,,,,,,本科,,,,,
8350800,北京,本科批,物理,,XBB49BA,专业组03,北方工业大学,6F56,工程管理,,,,,,528,25842,,,,,,528,25842,,,,,,,,,本科,,,,,
8350801,北京,本科批,物理,,XBB49BA,专业组03,北方工业大学,B367,交通设备与控制工程,,,,,,528,25842,,,,,,528,25842,,,,,,,,,本科,,,,,
8350802,北京,本科批,物理,,XBB49BA,专业组03,北方工业大学,9A06,储能科学与工程,,,,,,529,25630,,,,,,529,25630,,,,,,,,,本科,,,,,
8350803,北京,本科批,物理,,XBB49BA,专业组02,北方工业大学,6AA2,建筑学（五年）,五年,,,,,529,25630,,,,,,529,25630,,,,,,,,,本科,,,,,
8350804,北京,本科批,物理,,XBB49BA,专业组02,北方工业大学,04A0,工商管理,,,,,,531,25202,,,,,,531,25202,,,,,,,,,本科,,,,,
8350805,北京,本科批,物理,,XBB49BA,专业组02,北方工业大学,E042,经济与金融,,,,,,532,24976,,,,,,532,24976,,,,,,,,,本科,,,,,
8351458,北京,本科批,物理,,XBC3952,专业组01,贵州财经大学,BC01,财务管理（中外合作办学）（（外语成绩不低于90分）,中外合作办学; （外语成绩不低于90分,,,,,486,35338,,,,,,486,35338,,,,,,,,,本科,,,,,
8351459,北京,本科批,物理,,XBC3952,专业组01,贵州财经大学,0799,会计学（中外合作办学）（（外语成绩不低于90分）,中外合作办学; （外语成绩不低于90分,,,,,496,33127,,,,,,496,33127,,,,,,,,,本科,,,,,
8351880,北京,本科批,物理,,X109881,专业组02,齐齐哈尔大学,A5B7,电气工程及其自动化,,,,,,479,36793,,,,,,479,36793,,,,,,,,,本科,,,,,
8351881,北京,本科批,物理,,X109881,专业组02,齐齐哈尔大学,5D26,计算机类（含计算机科学与技术、软件工程）,含计算机科学与技术、软件工程,,,,,479,36793,,,,,,479,36793,,,,,,,,,本科,,,,,
8351882,北京,本科批,物理,,X109881,专业组01,齐齐哈尔大学,E5C7,地理科学（师范类）,师范类,,,,,523,26996,,,,,,523,26996,,,,,,,,,本科,,,,,
8352519,北京,本科批,物理,,XD36EAF,专业组01,西北师范大学,05C4,化学（中外合作办学）（与英国南威尔士大学合作举办）,中外合作办学; 与英国南威尔士大学合作举办,,,,,434,44923,,,,,,434,44923,,,,,,,,,本科,,,,,
8352520,北京,本科批,物理,,XD36EAF,专业组04,西北师范大学,5683,化学（师范）,师范,,,,,444,43369,,,,,,444,43369,,,,,,,,,本科,,,,,
8352521,北京,本科批,物理,,XD36EAF,专业组04,西北师范大学,9268,数学与应用数学（师范）,师范,,,,,470,38635,,,,,,470,38635,,,,,,,,,本科,,,,,
8352522,北京,本科批,物理,,XD36EAF,专业组04,西北师范大学,2C65,生物科学（师范）,师范,,,,,486,35338,,,,,,486,35338,,,,,,,,,本科,,,,,
8352523,北京,本科批,物理,,XD36EAF,专业组04,西北师范大学,29F4,物联网工程,,,,,,510,29984,,,,,,510,29984,,,,,,,,,本科,,,,,
8352524,北京,本科批,物理,,XD36EAF,专业组03,西北师范大学,BFDA,人文地理与城乡规划,,,,,,534,24493,,,,,,534,24493,,,,,,,,,本科,,,,,
8352525,北京,本科批,物理,,XD36EAF,专业组03,西北师范大学,D4CC,地理科学（师范）,师范,,,,,538,23607,,,,,,538,23607,,,,,,,,,本科,,,,,
8352526,北京,本科批,物理,,XD36EAF,专业组02,西北师范大学,2242,广播电视编导,,,,,,547,21659,,,,,,547,21659,,,,,,,,,本科,,,,,
8352527,北京,本科批,物理,,XD36EAF,专业组02,西北师范大学,4EFA,汉语国际教育（师范）,师范,,,,,551,20749,,,,,,551,20749,,,,,,,,,本科,,,,,
8352528,北京,本科批,物理,,XD36EAF,专业组02,西北师范大学,DF93,历史学（师范）,师范,,,,,555,19867,,,,,,555,19867,,,,,,,,,本科,,,,,
8352529,北京,本科批,物理,,XD36EAF,专业组02,西北师范大学,5CC8,哲学,,,,,,562,18395,,,,,,562,18395,,,,,,,,,本科,,,,,
8354272,北京,本科批,物理,,X9AFC09,专业组01,浙江农林大学,9C64,建筑学（五年）（（10-12、14专业办学地点:东湖校区;13专业办学地点:衣锦校区）,五年; （10-12、14专业办学地点:东湖校区;13专业办学地点:衣锦校区,,,,,520,27728,,,,,,520,27728,,,,,,,,,本科,,,,,
8354273,北京,本科批,物理,,X9AFC09,专业组01,浙江农林大学,5A4B,城乡规划（五年）（（10-12、14专业办学地点:东湖校区;13专业办学地点:衣锦校区）,五年; （10-12、14专业办学地点:东湖校区;13专业办学地点:衣锦校区,,,,,521,27493,,,,,,521,27493,,,,,,,,,本科,,,,,
8354274,北京,本科批,物理,,X9AFC09,专业组01,浙江农林大学,EE49,城市管理（10-12、14专业办学地点:东湖校区;13专业办学地点:衣锦校区）,10-12、14专业办学地点:东湖校区;13专业办学地点:衣锦校区,,,,,521,27493,,,,,,521,27493,,,,,,,,,本科,,,,,
8354275,北京,本科批,物理,,X9AFC09,专业组01,浙江农林大学,345F,广告学（10-12、14专业办学地点:东湖校区;13专业办学地点:衣锦校区）,10-12、14专业办学地点:东湖校区;13专业办学地点:衣锦校区,,,,,522,27234,,,,,,522,27234,,,,,,,,,本科,,,,,
8354276,北京,本科批,物理,,X9AFC09,专业组01,浙江农林大学,AB94,风景园林（10-12、14专业办学地点:东湖校区;13专业办学地点:衣锦校区）,10-12、14专业办学地点:东湖校区;13专业办学地点:衣锦校区,,,,,535,24276,,,,,,535,24276,,,,,,,,,本科,,,,,
8354982,北京,本科批,物理,,X8F3769,专业组01,沈阳师范大学,12B1,"软件工程（第一、二学年学费4800元/年，第三、四学年为13500元/年,外语课程用英语教学，非英语语种考生慎重报考）","第一、二学年学费4800元/年，第三、四学年为13500元/年,外语课程用英语教学，非英语语种考生慎重报考",,,,,489,34671,,,,,,489,34671,,,,,,,,,本科,,,,,
8354983,北京,本科批,物理,,X8F3769,专业组01,沈阳师范大学,07DF,"计算机科学与技术（第一、二学年学费4800元/年，第三、四学年为13500元/年,外语课程用英语教学，非英语语种考生慎重报考）","第一、二学年学费4800元/年，第三、四学年为13500元/年,外语课程用英语教学，非英语语种考生慎重报考",,,,,489,34671,,,,,,489,34671,,,,,,,,,本科,,,,,
8355745,北京,本科提前批,物理,,XD08A8D,专业组03,中国刑事警察学院,521B,刑事科学技术（男）,男,,,,,474,37807,,,,,,474,37807,,,,,,,,,本科,,,,,
8355746,北京,本科提前批,物理,,XD08A8D,专业组01,中国刑事警察学院,1B53,警犬技术（男）,男,,,,,522,27234,,,,,,522,27234,,,,,,,,,本科,,,,,
8355747,北京,本科提前批,物理,,XD08A8D,专业组01,中国刑事警察学院,A87D,禁毒学（男）,男,,,,,530,25414,,,,,,530,25414,,,,,,,,,本科,,,,,
8355748,北京,本科提前批,物理,,XD08A8D,专业组01,中国刑事警察学院,3E85,公安情报学（男）,男,,,,,561,18566,,,,,,561,18566,,,,,,,,,本科,,,,,
8355749,北京,本科提前批,物理,,XD08A8D,专业组03,中国刑事警察学院,77B6,数据警务技术（男）,男,,,,,568,17101,,,,,,568,17101,,,,,,,,,本科,,,,,
8355750,北京,本科提前批,物理,,XD08A8D,专业组01,中国刑事警察学院,1406,经济犯罪侦查（男）,男,,,,,572,16267,,,,,,572,16267,,,,,,,,,本科,,,,,
8355751,北京,本科提前批,物理,,XD08A8D,专业组02,中国刑事警察学院,6AF8,禁毒学（女）,女,,,,,596,11548,,,,,,596,11548,,,,,,,,,本科,,,,,
8355752,北京,本科提前批,物理,,XD08A8D,专业组04,中国刑事警察学院,547A,刑事科学技术（女）,女,,,,,609,9179,,,,,,609,9179,,,,,,,,,本科,,,,,
8355753,北京,本科提前批,物理,,XD08A8D,专业组02,中国刑事警察学院,284B,经济犯罪侦查（女）,女,,,,,612,8660,,,,,,612,8660,,,,,,,,,本科,,,,,
8356804,北京,本科批,物理,,XBE0B64,专业组01,云南农业大学,2638,植物保护,,,,,,493,33792,,,,,,493,33792,,,,,,,,,本科,,,,,
8356805,北京,本科批,物理,,XBE0B64,专业组01,云南农业大学,790C,动物医学（五年制）,五年制,,,,,528,25842,,,,,,528,25842,,,,,,,,,本科,,,,,
8357840,北京,本科批,物理,,XAB53E4,专业组02,沈阳建筑大学,4ECE,土木工程,,,,,,486,35338,,,,,,486,35338,,,,,,,,,本科,,,,,
8357841,北京,本科批,物理,,XAB53E4,专业组02,沈阳建筑大学,D06C,机械工程,,,,,,491,34236,,,,,,491,34236,,,,,,,,,本科,,,,,
8357842,北京,本科批,物理,,XAB53E4,专业组02,沈阳建筑大学,6A3A,建筑环境与能源应用工程,,,,,,496,33127,,,,,,496,33127,,,,,,,,,本科,,,,,
8357843,北京,本科批,物理,,XAB53E4,专业组02,沈阳建筑大学,4D44,给排水科学与工程,,,,,,501,32011,,,,,,501,32011,,,,,,,,,本科,,,,,
8357844,北京,本科批,物理,,XAB53E4,专业组02,沈阳建筑大学,A5B7,电气工程及其自动化,,,,,,514,29083,,,,,,514,29083,,,,,,,,,本科,,,,,
8357845,北京,本科批,物理,,XAB53E4,专业组01,沈阳建筑大学,3F6E,建筑学（五年）（要求具有一定的美术基础）,五年; 要求具有一定的美术基础,,,,,516,28622,,,,,,516,28622,,,,,,,,,本科,,,,,
8357846,北京,本科批,物理,,XAB53E4,专业组01,沈阳建筑大学,6F56,工程管理,,,,,,519,27941,,,,,,519,27941,,,,,,,,,本科,,,,,
8358671,北京,本科批,物理,,X835F78,专业组01,江西中医药大学,5ED3,中西医临床医学,,,,,,527,26065,,,,,,527,26065,,,,,,,,,本科,,,,,
8358672,北京,本科批,物理,,X835F78,专业组01,江西中医药大学,2A03,中医骨伤科学,,,,,,532,24976,,,,,,532,24976,,,,,,,,,本科,,,,,
8358673,北京,本科批,物理,,X835F78,专业组01,江西中医药大学,6246,针灸推拿学,,,,,,541,22915,,,,,,541,22915,,,,,,,,,本科,,,,,
8358674,北京,本科批,物理,,X835F78,专业组01,江西中医药大学,03FE,中医学,,,,,,544,22278,,,,,,544,22278,,,,,,,,,本科,,,,,
8359384,北京,本科批,物理,,XB94805,专业组01,佳木斯大学,CC9A,临床医学（五年）,五年,,,,,516,28622,,,,,,516,28622,,,,,,,,,本科,,,,,
8359781,北京,本科批,物理,,X851871,专业组04,北京语言大学,6DB7,计算机类（含人工智能、计算机科学与技术、数字媒体技术、数据科学与大数据技术）,含人工智能、计算机科学与技术、数字媒体技术、数据科学与大数据技术,,,,,585,13610,,,,,,585,13610,,,,,,,,,本科,,,,,
8359782,北京,本科批,物理,,X851871,专业组02,北京语言大学,3DDE,"语言学（只招英语考生,办学地点:海南国际学院）","只招英语考生,办学地点:海南国际学院",,,,,586,13407,,,,,,586,13407,,,,,,,,,本科,,,,,
8359783,北京,本科批,物理,,X851871,专业组02,北京语言大学,112D,心理学（办学地点:海南国际学院）,办学地点:海南国际学院,,,,,588,12980,,,,,,588,12980,,,,,,,,,本科,,,,,
8359784,北京,本科批,物理,,X851871,专业组01,北京语言大学,9F1F,翻译（本地化）（只招英语、法语考生）,本地化; 只招英语、法语考生,,,,,596,11548,,,,,,596,11548,,,,,,,,,本科,,,,,
8359785,北京,本科批,物理,,X851871,专业组01,北京语言大学,B8E0,翻译（英语）（只招英语考生）,英语; 只招英语考生,,,,,596,11548,,,,,,596,11548,,,,,,,,,本科,,,,,
8359786,北京,本科批,物理,,X851871,专业组01,北京语言大学,5D9C,人力资源管理（大数据应用）,大数据应用,,,,,597,11348,,,,,,597,11348,,,,,,,,,本科,,,,,
8359787,北京,本科批,物理,,X851871,专业组03,北京语言大学,57FC,国际组织与全球治理,,,,,,598,11157,,,,,,598,11157,,,,,,,,,本科,,,,,
8359788,北京,本科批,物理,,X851871,专业组01,北京语言大学,DB9F,新闻学（国际出版）,国际出版,,,,,598,11157,,,,,,598,11157,,,,,,,,,本科,,,,,
8359789,北京,本科批,物理,,X851871,专业组01,北京语言大学,224E,翻译（汉英法）（只招英语、法语考生）,汉英法; 只招英语、法语考生,,,,,599,10980,,,,,,599,10980,,,,,,,,,本科,,,,,
8359790,北京,本科批,物理,,X851871,专业组01,北京语言大学,25DE,国际经济与贸易,,,,,,599,10980,,,,,,599,10980,,,,,,,,,本科,,,,,
8359791,北京,本科批,物理,,X851871,专业组01,北京语言大学,0FBC,金融学,,,,,,599,10980,,,,,,599,10980,,,,,,,,,本科,,,,,
8359792,北京,本科批,物理,,X851871,专业组01,北京语言大学,7A9C,经济学（经济金融统计与分析）,经济金融统计与分析,,,,,600,10787,,,,,,600,10787,,,,,,,,,本科,,,,,
8359793,北京,本科批,物理,,X851871,专业组03,北京语言大学,73E7,国际政治,,,,,,600,10787,,,,,,600,10787,,,,,,,,,本科,,,,,
8359794,北京,本科批,物理,,X851871,专业组03,北京语言大学,13A6,国际事务与国际关系,,,,,,600,10787,,,,,,600,10787,,,,,,,,,本科,,,,,
8359795,北京,本科批,物理,,X851871,专业组01,北京语言大学,0547,网络与新媒体（智能媒体）,智能媒体,,,,,601,10585,,,,,,601,10585,,,,,,,,,本科,,,,,
8359796,北京,本科批,物理,,X851871,专业组01,北京语言大学,12D9,外国语言文学类（含英语、英语（英西复语）、商务英语，只招英语考生）,含英语、英语（英西复语,,,,,601,10585,,,,,,601,10585,,,,,,,,,本科,,,,,
8359797,北京,本科批,物理,,X851871,专业组01,北京语言大学,7EA0,古典文献学,,,,,,603,10213,,,,,,603,10213,,,,,,,,,本科,,,,,
8359798,北京,本科批,物理,,X851871,专业组01,北京语言大学,2D7A,新闻学（国际新闻）,国际新闻,,,,,603,10213,,,,,,603,10213,,,,,,,,,本科,,,,,
8359799,北京,本科批,物理,,X851871,专业组01,北京语言大学,5E19,会计学,,,,,,603,10213,,,,,,603,10213,,,,,,,,,本科,,,,,
8359800,北京,本科批,物理,,X851871,专业组01,北京语言大学,A615,汉语国际教育,,,,,,604,10041,,,,,,604,10041,,,,,,,,,本科,,,,,
8360494,北京,本科批,物理,,X95E62A,专业组01,辽宁石油化工大学,A5D2,测控技术与仪器,,,,,,464,39774,,,,,,464,39774,,,,,,,,,本科,,,,,
8360495,北京,本科批,物理,,X95E62A,专业组01,辽宁石油化工大学,D6ED,化学工程与工艺,,,,,,487,35128,,,,,,487,35128,,,,,,,,,本科,,,,,
8361877,北京,本科批,物理,,X329CED,专业组02,长沙学院,A5B7,电气工程及其自动化,,,,,,478,36997,,,,,,478,36997,,,,,,,,,本科,,,,,
8361878,北京,本科批,物理,,X329CED,专业组01,长沙学院,FB18,财务管理,,,,,,487,35128,,,,,,487,35128,,,,,,,,,本科,,,,,
8362308,北京,本科批,物理,,X15AD11,专业组01,青海大学,6AB9,经济学,,,,,,571,16481,,,,,,571,16481,,,,,,,,,本科,,,,,
8362309,北京,本科批,物理,,X15AD11,专业组02,青海大学,A5B7,电气工程及其自动化,,,,,,573,16069,,,,,,573,16069,,,,,,,,,本科,,,,,
8362310,北京,本科批,物理,,X15AD11,专业组02,青海大学,78FF,机械设计制造及其自动化,,,,,,576,15428,,,,,,576,15428,,,,,,,,,本科,,,,,
8362311,北京,本科批,物理,,X15AD11,专业组03,青海大学,C3F2,临床医学（卓越医师）（五年）,卓越医师; 五年,,,,,590,12614,,,,,,590,12614,,,,,,,,,本科,,,,,
8365992,北京,本科批,物理,,X96B6D5,专业组01,泉州师范学院,1906,物联网工程（专业办学地点:泉州主校区）,专业办学地点:泉州主校区,,,,,462,40150,,,,,,462,40150,,,,,,,,,本科,,,,,
8366550,北京,本科批,物理,,XB80FDB,专业组01,天津职业技术师范大学,FEF6,材料成型及控制工程,,,,,,473,38024,,,,,,473,38024,,,,,,,,,本科,,,,,
8366551,北京,本科批,物理,,XB80FDB,专业组01,天津职业技术师范大学,78FF,机械设计制造及其自动化,,,,,,490,34462,,,,,,490,34462,,,,,,,,,本科,,,,,
8366552,北京,本科批,物理,,XB80FDB,专业组01,天津职业技术师范大学,55C7,电气工程及其自动化（师范）,师范,,,,,500,32208,,,,,,500,32208,,,,,,,,,本科,,,,,
8367185,北京,本科批,物理,,XAE50AD,专业组03,西北民族大学,9130,无机非金属材料工程（办学地点:榆中校区）,办学地点:榆中校区,,,,,474,37807,,,,,,474,37807,,,,,,,,,本科,,,,,
8367186,北京,本科批,物理,,XAE50AD,专业组02,西北民族大学,8090,文物保护技术（办学地点:榆中校区）,办学地点:榆中校区,,,,,517,28417,,,,,,517,28417,,,,,,,,,本科,,,,,
8367187,北京,本科批,物理,,XAE50AD,专业组01,西北民族大学,A4F1,历史学（办学地点:榆中校区）,办学地点:榆中校区,,,,,520,27728,,,,,,520,27728,,,,,,,,,本科,,,,,
8367188,北京,本科批,物理,,XAE50AD,专业组01,西北民族大学,BA80,应用心理学（办学地点:榆中校区）,办学地点:榆中校区,,,,,520,27728,,,,,,520,27728,,,,,,,,,本科,,,,,
8368654,北京,本科批,物理,,XC93CEC,专业组01,吉林师范大学,18DF,"英语（师范）（只招英语考生,办学地点:四平校区）","师范; 只招英语考生,办学地点:四平校区",,,,,543,22476,,,,,,543,22476,,,,,,,,,本科,,,,,
8368655,北京,本科批,物理,,XC93CEC,专业组01,吉林师范大学,E9FF,汉语言文学（师范）（办学地点:四平校区）,师范; 办学地点:四平校区,,,,,550,20990,,,,,,550,20990,,,,,,,,,本科,,,,,
8369274,北京,本科批,物理,,X6457E7,专业组02,新疆农业大学,605E,电气工程及其自动化（办学地点:亚心校区）,办学地点:亚心校区,,,,,434,44923,,,,,,434,44923,,,,,,,,,本科,,,,,
8369275,北京,本科批,物理,,X6457E7,专业组02,新疆农业大学,8256,计算机科学与技术（数学成绩不低于40分）（办学地点:亚心校区）,数学成绩不低于40分; 办学地点:亚心校区,,,,,434,44923,,,,,,434,44923,,,,,,,,,本科,,,,,
8369276,北京,本科批,物理,,X6457E7,专业组01,新疆农业大学,AD64,工商管理类（含会计学、人力资源管理、市场营销，外语成绩不低于90分，中英双语教学，非英语语种考生慎报）（办学地点:亚心校区）,含会计学、人力资源管理、市场营销，外语成绩不低于90分，中英双语教学，非英语语种考生慎报; 办学地点:亚心校区,,,,,474,37807,,,,,,474,37807,,,,,,,,,本科,,,,,
8369277,北京,本科批,物理,,X6457E7,专业组01,新疆农业大学,DBA9,经济与贸易类（含国际经济与贸易，外语成绩不低于90分，中英双语教学，非英语语种考生慎报）（办学地点:亚心校区）,含国际经济与贸易，外语成绩不低于90分，中英双语教学，非英语语种考生慎报; 办学地点:亚心校区,,,,,474,37807,,,,,,474,37807,,,,,,,,,本科,,,,,
8369972,北京,本科批,物理,,X4714C4,专业组01,内蒙古农业大学,AC90,行政管理,,,,,,486,35338,,,,,,486,35338,,,,,,,,,本科,,,,,
8371356,北京,本科批,物理,,X1A6AF3,专业组01,昆明医科大学,00E0,麻醉学（五年）,五年,,,,,577,15224,,,,,,577,15224,,,,,,,,,本科,,,,,
8371357,北京,本科批,物理,,X1A6AF3,专业组01,昆明医科大学,3F7B,医学影像学（五年）,五年,,,,,579,14812,,,,,,579,14812,,,,,,,,,本科,,,,,
8371358,北京,本科批,物理,,X1A6AF3,专业组01,昆明医科大学,8E1C,口腔医学（五年）,五年,,,,,584,13797,,,,,,584,13797,,,,,,,,,本科,,,,,
8371359,北京,本科批,物理,,X1A6AF3,专业组01,昆明医科大学,CC9A,临床医学（五年）,五年,,,,,587,13194,,,,,,587,13194,,,,,,,,,本科,,,,,
8372278,北京,本科批,物理,,X5619AE,专业组04,北京建筑大学,F01B,环境工程（海绵城市建设）（不招色盲、色弱、单色识别能力异常;办学地点:大兴校区）,海绵城市建设; 不招色盲、色弱、单色识别能力异常;办学地点:大兴校区,,,,,504,31368,,,,,,504,31368,,,,,,,,,本科,,,,,
8372279,北京,本科批,物理,,X5619AE,专业组04,北京建筑大学,1C0E,土木工程（实验班（办学地点:大兴校区）,实验班（办学地点:大兴校区,,,,,504,31368,,,,,,504,31368,,,,,,,,,本科,,,,,
8372280,北京,本科批,物理,,X5619AE,专业组04,北京建筑大学,A15B,环境生态工程（城市生态环境修复）（不招色盲、色弱、单色识别能力异常;办学地点:大兴校区）,城市生态环境修复; 不招色盲、色弱、单色识别能力异常;办学地点:大兴校区,,,,,504,31368,,,,,,504,31368,,,,,,,,,本科,,,,,
8372281,北京,本科批,物理,,X5619AE,专业组04,北京建筑大学,B130,土木工程（办学地点:大兴校区）,办学地点:大兴校区,,,,,504,31368,,,,,,504,31368,,,,,,,,,本科,,,,,
8372282,北京,本科批,物理,,X5619AE,专业组04,北京建筑大学,EC09,给排水科学��工程（办学地点:大兴校区）,办学地点:大兴校区,,,,,507,30652,,,,,,507,30652,,,,,,,,,本科,,,,,
8372283,北京,本科批,物理,,X5619AE,专业组04,北京建筑大学,7EEC,建筑环境与能源应用工程（办学地点:大兴校区）,办学地点:大兴校区,,,,,508,30404,,,,,,508,30404,,,,,,,,,本科,,,,,
8372284,北京,本科批,物理,,X5619AE,专业组04,北京建筑大学,298C,智能建造（办学地点:大兴校区）,办学地点:大兴校区,,,,,509,30177,,,,,,509,30177,,,,,,,,,本科,,,,,
8372285,北京,本科批,物理,,X5619AE,专业组04,北京建筑大学,88D4,环境科学（碳减排碳中和）（不招色盲、色弱、单色识别能力异常;办学地点:大兴校区）,碳减排碳中和; 不招色盲、色弱、单色识别能力异常;办学地点:大兴校区,,,,,510,29984,,,,,,510,29984,,,,,,,,,本科,,,,,
8372286,北京,本科批,物理,,X5619AE,专业组04,北京建筑大学,FFE1,建筑电气与智能化（办学地点:大兴校区）,办学地点:大兴校区,,,,,512,29550,,,,,,512,29550,,,,,,,,,本科,,,,,
8372287,北京,本科批,物理,,X5619AE,专业组04,北京建筑大学,19D1,建筑环境与能源应用工程（实验班）（办学地点:大兴校区）,实验班; 办学地点:大兴校区,,,,,512,29550,,,,,,512,29550,,,,,,,,,本科,,,,,
8372288,北京,本科批,物理,,X5619AE,专业组04,北京建筑大学,2853,能源与动力工程（新能源与低碳）（办学地点:大兴校区）,新能源与低碳; 办学地点:大兴校区,,,,,514,29083,,,,,,514,29083,,,,,,,,,本科,,,,,
8372289,北京,本科批,物理,,X5619AE,专业组04,北京建筑大学,C16D,智能制造工程（办学地点:大兴校区）,办学地点:大兴校区,,,,,514,29083,,,,,,514,29083,,,,,,,,,本科,,,,,
8372290,北京,本科批,物理,,X5619AE,专业组04,北京建筑大学,F032,车辆工程（智能轨道车辆）（办学地点:大兴校区）,智能轨道车辆; 办学地点:大兴校区,,,,,517,28417,,,,,,517,28417,,,,,,,,,本科,,,,,
8372291,北京,本科批,物理,,X5619AE,专业组04,北京建筑大学,41A7,机械电子工程（智能化系统及高端装备）（办学地点:大兴校区）,智能化系统及高端装备; 办学地点:大兴校区,,,,,517,28417,,,,,,517,28417,,,,,,,,,本科,,,,,
8372292,北京,本科批,物理,,X5619AE,专业组04,北京建筑大学,83FB,机器人工程（办学地点:大兴校区）,办学地点:大兴校区,,,,,518,28167,,,,,,518,28167,,,,,,,,,本科,,,,,
8372293,北京,本科批,物理,,X5619AE,专业组04,北京建筑大学,6A98,车辆工程（办学地点:大兴校区）（实验班）,办学地点:大兴校区; 实验班,,,,,519,27941,,,,,,519,27941,,,,,,,,,本科,,,,,
8372294,北京,本科批,物理,,X5619AE,专业组04,北京建筑大学,06B7,土木工程（工科英才班）（办学地点:大兴校区）,工科英才班; 办学地点:大兴校区,,,,,519,27941,,,,,,519,27941,,,,,,,,,本科,,,,,
8372295,北京,本科批,物理,,X5619AE,专业组05,北京建筑大学,44A8,测绘类（智慧城市类）（含测绘工程、地理空间信息工程、遥感科学与技术;办学地点:大兴校区）,智慧城市类; 含测绘工程、地理空间信息工程、遥感科学与技术;办学地点:大兴校区,,,,,520,27728,,,,,,520,27728,,,,,,,,,本科,,,,,
8372296,北京,本科批,物理,,X5619AE,专业组05,北京建筑大学,46A3,交通工程（智能交通）（不招色盲、单色识别能力异常;办学地点:大兴校区）,智能交通; 不招色盲、单色识别能力异常;办学地点:大兴校区,,,,,521,27493,,,,,,521,27493,,,,,,,,,本科,,,,,
8372297,北京,本科批,物理,,X5619AE,专业组05,北京建筑大学,798A,工业工程（工业互联网与大数据）（办学地点:大兴校区）,工业互联网与大数据; 办学地点:大兴校区,,,,,521,27493,,,,,,521,27493,,,,,,,,,本科,,,,,
8372806,北京,本科批,物理,,XF8A7C2,专业组02,塔里木大学,6995,网络工程,,,,,,435,44789,,,,,,435,44789,,,,,,,,,本科,,,,,
8372807,北京,本科批,物理,,XF8A7C2,专业组02,塔里木大学,D583,网络空间安全,,,,,,437,44503,,,,,,437,44503,,,,,,,,,本科,,,,,
8372808,北京,本科批,物理,,XF8A7C2,专业组02,塔里木大学,C5CB,园艺,,,,,,438,44347,,,,,,438,44347,,,,,,,,,本科,,,,,
8372809,北京,本科批,物理,,XF8A7C2,专业组02,塔里木大学,ECA4,通信工程,,,,,,446,43022,,,,,,446,43022,,,,,,,,,本科,,,,,
8372810,北京,本科批,物理,,XF8A7C2,专业组02,塔里木大学,A942,材料科学与工程,,,,,,446,43022,,,,,,446,43022,,,,,,,,,本科,,,,,
8372811,北京,本科批,物理,,XF8A7C2,专业组01,塔里木大学,25DE,国际经济与贸易,,,,,,476,37407,,,,,,476,37407,,,,,,,,,本科,,,,,
8372812,北京,本科批,物理,,XF8A7C2,专业组01,塔里木大学,C17B,投资学（102）物理+化学（均须选考）:）,102; 均须选考,,,,,477,37194,,,,,,477,37194,,,,,,,,,本科,,,,,
8372813,北京,本科批,物理,,XF8A7C2,专业组01,塔里木大学,C382,工商管理类（含人力资源管理、工商管理、财务管理、会计学）,含人力资源管理、工商管理、财务管理、会计学,,,,,480,36562,,,,,,480,36562,,,,,,,,,本科,,,,,
8373465,北京,本科批,物理,,X6F79E5,专业组01,哈尔滨工业大学（威海）,2C3B,工科试验班（电气与自动化）（含自动化、电气工程及其自动化、智能材料与结构）（专业本专业类内任选专业;办学地点:威海市）,电气与自动化; 含自动化、电气工程及其自动化、智能材料与结构; 专业本专业类内任选专业;办学地点:威海市,,,,,649,3267,,,,,,649,3267,,,,,,,,,本科,,,,,
8373466,北京,本科批,物理,,X6F79E5,专业组01,哈尔滨工业大学（威海）,59F8,工科试验班（机器人与智能装备类拔尖班）（含机器人工程、机械设计制造及其自动化、精密仪器、飞行器制造工程、飞行器动力工程、智能感知工程、测控技术与仪器、智能制造工程、机械电子工程、仿生科学与工程、工业工程、能源与动力工程、核工程与核技术、新能源科学与工程、储能科学与工程，第三、四年在校本部（哈尔滨）培养，转专业范围仅限工科试验班（机器人与智能装备拔尖班）、工科试验班（先进材料与智能制造类拔尖班）、工科试验班（智能土木类拔尖班）、工科试验班（生态环境类拔尖班）（专业本专业类内任选专业;办学地点:威海市）,机器人与智能装备类拔尖班; 含机器人工程、机械设计制造及其自动化、精密仪器、飞行器制造工程、飞行器动力工程、智能感知工程、测控技术与仪器、智能制造工程、机械电子工程、仿生科学与工程、工业工程、能源与动力工程、核工程与核技术、新能源科学与工程、储能科学与工程，第三、四年在校本部（哈尔滨; 机器人与智能装备拔尖班; 先进材料与智能制造类拔尖班; 智能土木类拔尖班; 生态环境类拔尖班; 专业本专业类内任选专业;办学地点:威海市,,,,,649,3267,,,,,,649,3267,,,,,,,,,本科,,,,,
8373467,北京,本科批,物理,,X6F79E5,专业组01,哈尔滨工业大学（威海）,748D,工科试验班（先进材料与智能制造类拔尖班）（含材料科学与工程、焊接技术与工程、电子封装技术、增材制造工程、材料物理、材料成型及控制工程，第三、四年在校本部（哈尔滨）培养，转专业范围仅限工科试验班（机器人与智能装备拔尖班）、工科试验班（先进材料与智能制造类拔尖班）、工科试验班（智能土木类拔尖班）、工科试验班（生态环境类拔尖班）（专业本专业类内任选专业;办学地点:威海市）,先进材料与智能制造类拔尖班; 含材料科学与工程、焊接技术与工程、电子封装技术、增材制造工程、材料物理、材料成型及控制工程，第三、四年在校本部（哈尔滨; 机器人与智能装备拔尖班; 先进材料与智能制造类拔尖班; 智能土木类拔尖班; 生态环境类拔尖班; 专业本专业类内任选专业;办学地点:威海市,,,,,649,3267,,,,,,649,3267,,,,,,,,,本科,,,,,
8373468,北京,本科批,物理,,X6F79E5,专业组01,哈尔滨工业大学（威海）,680B,软件工程（含服务科学与工程）（专业本专业类内任选专业;办学地点:威海市）,含服务科学与工程; 专业本专业类内任选专业;办学地点:威海市,,,,,649,3267,,,,,,649,3267,,,,,,,,,本科,,,,,
8373469,北京,本科批,物理,,X6F79E5,专业组01,哈尔滨工业大学（威海）,147D,工科试验班（计算机与电子通信）（含计算机科学与技术、人工智能、网络空间安全、通信工程、海洋信息工程、电子信息工程、微电子科学与工程、光电信息科学与工程）（专业本专业类内任选专业;办学地点:威海市）,计算机与电子通信; 含计算机科学与技术、人工智能、网络空间安全、通信工程、海洋信息工程、电子信息工程、微电子科学与工程、光电信息科学与工程; 专业本专业类内任选专业;办学地点:威海市,,,,,651,3065,,,,,,651,3065,,,,,,,,,本科,,,,,
8374831,北京,本科批,物理,,X42C88B,专业组01,湖南第一师范学院,F79E,计算机科学与技术（不招单色识别能力异常）,不招单色识别能力异常,,,,,475,37592,,,,,,475,37592,,,,,,,,,本科,,,,,
8375664,北京,本科批,物理,,X41AF31,专业组02,中国矿业大学（北京）,EF7C,工商管理类,,,,,,597,11348,,,,,,597,11348,,,,,,,,,本科,,,,,
8375665,北京,本科批,物理,,X41AF31,专业组03,中国矿业大学（北京）,9731,安全科学与工程类,,,,,,600,10787,,,,,,600,10787,,,,,,,,,本科,,,,,
8375666,北京,本科批,物理,,X41AF31,专业组03,中国矿业大学（北京）,5669,数学类,,,,,,600,10787,,,,,,600,10787,,,,,,,,,本科,,,,,
8375667,北京,本科批,物理,,X41AF31,专业组03,中国矿业大学（北京）,2749,数学类（含数学与应用数学、信息与计算科学）,含数学与应用数学、信息与计算科学,,,,,600,10787,,,,,,600,10787,,,,,,,,,本科,,,,,
8375668,北京,本科批,物理,,X41AF31,专业组03,中国矿业大学（北京）,2B47,智能建造,,,,,,600,10787,,,,,,600,10787,,,,,,,,,本科,,,,,
8375669,北京,本科批,物理,,X41AF31,专业组03,中国矿业大学（北京）,4ECE,土木工程,,,,,,600,10787,,,,,,600,10787,,,,,,,,,本科,,,,,
8375670,北京,本科批,物理,,X41AF31,专业组03,中国矿业大学（北京）,8684,智能制造工程,,,,,,601,10585,,,,,,601,10585,,,,,,,,,本科,,,,,
8375671,北京,本科批,物理,,X41AF31,专业组03,中国矿业大学（北京）,6F5A,碳储科学与工程,,,,,,601,10585,,,,,,601,10585,,,,,,,,,本科,,,,,
8375672,北京,本科批,物理,,X41AF31,专业组03,中国矿业大学（北京）,3615,机械类,,,,,,601,10585,,,,,,601,10585,,,,,,,,,本科,,,,,
8375673,北京,本科批,物理,,X41AF31,专业组03,中国矿业大学（北京）,1231,城市地下空间工程,,,,,,601,10585,,,,,,601,10585,,,,,,,,,本科,,,,,
8375674,北京,本科批,物理,,X41AF31,专业组03,中国矿业大学（北京）,E2D1,测绘类,,,,,,604,10041,,,,,,604,10041,,,,,,,,,本科,,,,,
8375675,北京,本科批,物理,,X41AF31,专业组01,中国矿业大学（北京）,4145,英语,,,,,,604,10041,,,,,,604,10041,,,,,,,,,本科,,,,,
8375676,北京,本科批,物理,,X41AF31,专业组03,中国矿业大学（北京）,D081,新能源科学与工程,,,,,,605,9850,,,,,,605,9850,,,,,,,,,本科,,,,,
8375677,北京,本科批,物理,,X41AF31,专业组01,中国矿业大学（北京）,AC90,行政管理,,,,,,605,9850,,,,,,605,9850,,,,,,,,,本科,,,,,
8375678,北京,本科批,物理,,X41AF31,专业组03,中国矿业大学（北京）,F068,人工智能,,,,,,606,9678,,,,,,606,9678,,,,,,,,,本科,,,,,
8375679,北京,本科批,物理,,X41AF31,专业组01,中国矿业大学（北京）,A5C9,建筑学,,,,,,606,9678,,,,,,606,9678,,,,,,,,,本科,,,,,
8375680,北京,本科批,物理,,X41AF31,专业组03,中国矿业大学（北京）,A5B7,电气工程及其自动化,,,,,,606,9678,,,,,,606,9678,,,,,,,,,本科,,,,,
8375681,北京,本科批,物理,,X41AF31,专业组03,中国矿业大学（北京）,B9A5,计算机科学与技术,,,,,,607,9499,,,,,,607,9499,,,,,,,,,本科,,,,,
8377602,北京,本科批,物理,,XD36A47,专业组01,湖南文理学院,3B23,电子商务及法律（办学地点:第一学年在大学城校区就读）,办学地点:第一学年在大学城校区就读,,,,,481,36368,,,,,,481,36368,,,,,,,,,本科,,,,,
8378163,北京,本科批,物理,,X9C0E4B,专业组02,华北电力大学保定校区,AC90,行政管理,,,,,,603,10213,,,,,,603,10213,,,,,,,,,本科,,,,,
8378164,北京,本科批,物理,,X9C0E4B,专业组02,华北电力大学保定校区,C39A,外国语言文学类（含英语、翻译，只招英语考生）,含英语、翻译，只招英语考生,,,,,604,10041,,,,,,604,10041,,,,,,,,,本科,,,,,
8378165,北京,本科批,物理,,X9C0E4B,专业组02,华北电力大学保定校区,927B,法学,,,,,,605,9850,,,,,,605,9850,,,,,,,,,本科,,,,,
8378166,北京,本科批,物理,,X9C0E4B,专业组02,华北电力大学保定校区,E6CB,社会工作,,,,,,607,9499,,,,,,607,9499,,,,,,,,,本科,,,,,
8378167,北京,本科批,物理,,X9C0E4B,专业组01,华北电力大学保定校区,5257,工业工程,,,,,,607,9499,,,,,,607,9499,,,,,,,,,本科,,,,,
8378168,北京,本科批,物理,,X9C0E4B,专业组01,华北电力大学保定校区,6AB9,经济学,,,,,,609,9179,,,,,,609,9179,,,,,,,,,本科,,,,,
8378169,北京,本科批,物理,,X9C0E4B,专业组01,华北电力大学保定校区,D681,信息管理与信息系统,,,,,,611,8842,,,,,,611,8842,,,,,,,,,本科,,,,,
8378170,北京,本科批,物理,,X9C0E4B,专业组01,华北电力大学保定校区,371D,工程造价,,,,,,611,8842,,,,,,611,8842,,,,,,,,,本科,,,,,
8378171,北京,本科批,物理,,X9C0E4B,专业组01,华北电力大学保定校区,5E19,会计学,,,,,,612,8660,,,,,,612,8660,,,,,,,,,本科,,,,,
8378172,北京,本科批,物理,,X9C0E4B,专业组03,华北电力大学保定校区,D06C,机械工程,,,,,,614,8294,,,,,,614,8294,,,,,,,,,本科,,,,,
8378173,北京,本科批,物理,,X9C0E4B,专业组03,华北电力大学保定校区,D85C,环境科学与工程类（含环境科学、环境工程、能源化学工程、应用化学）,含环境科学、环境工程、能源化学工程、应用化学,,,,,615,8152,,,,,,615,8152,,,,,,,,,本科,,,,,
8378174,北京,本科批,物理,,X9C0E4B,专业组03,华北电力大学保定校区,F11A,机器人工程,,,,,,615,8152,,,,,,615,8152,,,,,,,,,本科,,,,,
8378175,北京,本科批,物理,,X9C0E4B,专业组03,华北电力大学保定校区,548C,信息与计算科学,,,,,,616,7980,,,,,,616,7980,,,,,,,,,本科,,,,,
8378176,北京,本科批,物理,,X9C0E4B,专业组03,华北电力大学保定校区,6A3A,建筑环境与能源应用工程,,,,,,616,7980,,,,,,616,7980,,,,,,,,,本科,,,,,
8378177,北京,本科批,物理,,X9C0E4B,专业组03,华北电力大学保定校区,3477,应用物理学,,,,,,618,7651,,,,,,618,7651,,,,,,,,,本科,,,,,
8378178,北京,本科批,物理,,X9C0E4B,专业组03,华北电力大学保定校区,4718,数据科学与大数据技术,,,,,,618,7651,,,,,,618,7651,,,,,,,,,本科,,,,,
8378179,北京,本科批,物理,,X9C0E4B,专业组03,华北电力大学保定校区,F4E0,氢能科学与工程,,,,,,618,7651,,,,,,618,7651,,,,,,,,,本科,,,,,
8378180,北京,本科批,物理,,X9C0E4B,专业组03,华北电力大学保定校区,A5D2,测控技术与仪器,,,,,,619,7491,,,,,,619,7491,,,,,,,,,本科,,,,,
8378181,北京,本科批,物理,,X9C0E4B,专业组03,华北电力大学保定校区,3C38,软件工程,,,,,,620,7342,,,,,,620,7342,,,,,,,,,本科,,,,,
8378182,北京,本科批,物理,,X9C0E4B,专业组03,华北电力大学保定校区,25BA,集成电路设计与集成系统,,,,,,620,7342,,,,,,620,7342,,,,,,,,,本科,,,,,
8379230,北京,本科批,物理,,XD6D113,专业组02,兰州财经大学,16DF,金融工程,,,,,,488,34896,,,,,,488,34896,,,,,,,,,本科,,,,,
8379231,北京,本科批,物理,,XD6D113,专业组01,兰州财经大学,C19A,人力资源管理,,,,,,492,34007,,,,,,492,34007,,,,,,,,,本科,,,,,
8379232,北京,本科批,物理,,XD6D113,专业组01,兰州财经大学,5E19,会计学,,,,,,495,33354,,,,,,495,33354,,,,,,,,,本科,,,,,
8379233,北京,本科批,物理,,XD6D113,专业组01,兰州财经大学,38C7,会计学（中外合作办学）（121中美实验班）,中外合作办学; 121中美实验班,,,,,500,32208,,,,,,500,32208,,,,,,,,,本科,,,,,
8380807,北京,本科批,物理,,XEC4EEE,专业组01,湖北医药学院,9007,精神医学（五年）（（不招色盲、色弱、单色识别能力异常）,五年; （不招色盲、色弱、单色识别能力异常,,,,,512,29550,,,,,,512,29550,,,,,,,,,本科,,,,,
8380808,北京,本科批,物理,,XEC4EEE,专业组01,湖北医药学院,0C1E,临床医学（五年）（（不招色盲、色弱、单色识别能力异常）,五年; （不招色盲、色弱、单色识别能力异常,,,,,515,28850,,,,,,515,28850,,,,,,,,,本科,,,,,
8380809,北京,本科批,物理,,XEC4EEE,专业组01,湖北医药学院,AA42,医学影像学（五年）（（不招色盲、色弱、单色识别能力异常）,五年; （不招色盲、色弱、单色识别能力异常,,,,,516,28622,,,,,,516,28622,,,,,,,,,本科,,,,,
8381389,北京,本科批,物理,,X1053DD,专业组01,锦州医科大学,E85F,"运动康复（中外合作办学）（仅招肢体健康考生,不招色盲、色弱、单色识别能力异常;办学地点:东校园）","中外合作办学; 仅招肢体健康考生,不招色盲、色弱、单色识别能力异常;办学地点:东校园",,,,,493,33792,,,,,,493,33792,,,,,,,,,本科,,,,,
8381390,北京,本科批,物理,,X1053DD,专业组02,锦州医科大学,57FD,口腔医学（五年）（不招色盲、色弱、单色识别能力异常;办学地点:东校园）,五年; 不招色盲、色弱、单色识别能力异常;办学地点:东校园,,,,,546,21881,,,,,,546,21881,,,,,,,,,本科,,,,,
8381391,北京,本科批,物理,,X1053DD,专业组02,锦州医科大学,F2C6,医学影像学（五年）（不招色盲、色弱、单色识别能力异常;办学地点:东校园）,五年; 不招色盲、色弱、单色识别能力异常;办学地点:东校园,,,,,551,20749,,,,,,551,20749,,,,,,,,,本科,,,,,
8381392,北京,本科批,物理,,X1053DD,专业组02,锦州医科大学,7835,麻醉学（五年）（不招色盲、色弱、单色识别能力异常;办学地点:东校园）,五年; 不招色盲、色弱、单色识别能力异常;办学地点:东校园,,,,,554,20086,,,,,,554,20086,,,,,,,,,本科,,,,,
8381393,北京,本科批,物理,,X1053DD,专业组02,锦州医科大学,39A5,临床医学（五年）（不招色盲、色弱、单色识别能力异常;办学地点:东校园）,五年; 不招色盲、色弱、单色识别能力异常;办学地点:东校园,,,,,554,20086,,,,,,554,20086,,,,,,,,,本科,,,,,
8382598,北京,本科批,物理,,X27D448,专业组01,辽宁中医药大学,AAEA,中医学（5+3一体化）（五年）（不招色盲、色弱、单色识别能力异常;非英语语种考生慎报;办学地点:第一年在本溪校区，第二至五年在沈阳校区）,5+3一体化; 五年; 不招色盲、色弱、单色识别能力异常;非英语语种考生慎报;办学地点:第一年在本溪校区，第二至五年在沈阳校区,,,,,585,13610,,,,,,585,13610,,,,,,,,,本科,,,,,
8383016,北京,本科批,物理,,X62E134,专业组01,河北北方学院,07F2,医学检验技术（不招色盲、色弱、单色识别能力异常）,不招色盲、色弱、单色识别能力异常,,,,,519,27941,,,,,,519,27941,,,,,,,,,本科,,,,,
8383017,北京,本科批,物理,,X62E134,专业组01,河北北方学院,E943,医学影像学（五年）（不招色盲、色弱、单色识别能力异常）,五年; 不招色盲、色弱、单色识别能力异常,,,,,533,24746,,,,,,533,24746,,,,,,,,,本科,,,,,
8383018,北京,本科批,物理,,X62E134,专业组01,河北北方学院,FC8E,临床医学（五年）（不招色盲、色弱、单色识别能力异常）,五年; 不招色盲、色弱、单色识别能力异常,,,,,536,24052,,,,,,536,24052,,,,,,,,,本科,,,,,
8383165,北京,本科批,物理,,X4DB855,专业组01,安徽中医药大学,4BF3,护理学,,,,,,525,26546,,,,,,525,26546,,,,,,,,,本科,,,,,
8383166,北京,本科批,物理,,X4DB855,专业组02,安徽中医药大学,5ED3,中西医临床医学,,,,,,556,19659,,,,,,556,19659,,,,,,,,,本科,,,,,
8383167,北京,本科批,物理,,X4DB855,专业组02,安徽中医药大学,03FE,中医学,,,,,,564,17958,,,,,,564,17958,,,,,,,,,本科,,,,,
8384373,北京,本科批,物理,,XCC34DF,专业组01,北京信息科技大学,31FD,会计学（京津冀职教改革项目）（办学地点:北京经济管理职业学院固安校区）,京津冀职教改革项目; 办学地点:北京经济管理职业学院固安校区,,,,,486,35338,,,,,,486,35338,,,,,,,,,本科,,,,,
8384374,北京,本科批,物理,,XCC34DF,专业组02,北京信息科技大学,2B6D,电子商务（商务数据分析）（办学地点:沙河校区）,商务数据分析; 办学地点:沙河校区,,,,,532,24976,,,,,,532,24976,,,,,,,,,本科,,,,,
8384375,北京,本科批,物理,,XCC34DF,专业组02,北京信息科技大学,2048,质量管理工程（办学地点:沙河校区）,办学地点:沙河校区,,,,,533,24746,,,,,,533,24746,,,,,,,,,本科,,,,,
8384376,北京,本科批,物理,,XCC34DF,专业组02,北京信息科技大学,2914,审计学（计算机审计）（办学地点:沙河校区）,计算机审计; 办学地点:沙河校区,,,,,534,24493,,,,,,534,24493,,,,,,,,,本科,,,,,
8384377,北京,本科批,物理,,XCC34DF,专业组01,北京信息科技大学,2B2F,翻译（只招英语考生;办学地点:沙河校区）,只招英语考生;办学地点:沙河校区,,,,,535,24276,,,,,,535,24276,,,,,,,,,本科,,,,,
8384378,北京,本科批,物理,,XCC34DF,专业组01,北京信息科技大学,DECF,传播学（办学地点:沙河校区）,办学地点:沙河校区,,,,,535,24276,,,,,,535,24276,,,,,,,,,本科,,,,,
8384379,北京,本科批,物理,,XCC34DF,专业组02,北京信息科技大学,4552,信息管理与信息系统（办学地点:沙河校区）,办学地点:沙河校区,,,,,536,24052,,,,,,536,24052,,,,,,,,,本科,,,,,
8384380,北京,本科批,物理,,XCC34DF,专业组05,北京信息科技大学,EF79,应用统计学（大数据统计）（办学地点:沙河校区）,大数据统计; 办学地点:沙河校区,,,,,538,23607,,,,,,538,23607,,,,,,,,,本科,,,,,
8384381,北京,本科批,物理,,XCC34DF,专业组05,北京信息科技大学,2EEF,车辆工程（办学地点:沙河校区）,办学地点:沙河校区,,,,,538,23607,,,,,,538,23607,,,,,,,,,本科,,,,,
8384382,北京,本科批,物理,,XCC34DF,专业组01,北京信息科技大学,5236,工商管理（办学地点:沙河校区）,办学地点:沙河校区,,,,,538,23607,,,,,,538,23607,,,,,,,,,本科,,,,,
8384383,北京,本科批,物理,,XCC34DF,专业组01,北京信息科技大学,8177,网络与新媒体（办学地点:沙河校区）,办学地点:沙河校区,,,,,539,23365,,,,,,539,23365,,,,,,,,,本科,,,,,
8384384,北京,本科批,物理,,XCC34DF,专业组05,北京信息科技大学,326D,机械设计制造及其自动化（办学地点:沙河校区）,办学地点:沙河校区,,,,,539,23365,,,,,,539,23365,,,,,,,,,本科,,,,,
8384385,北京,本科批,物理,,XCC34DF,专业组05,北京信息科技大学,2B13,智能制造工程（办学地点:沙河校区）,办学地点:沙河校区,,,,,539,23365,,,,,,539,23365,,,,,,,,,本科,,,,,
8384386,北京,本科批,物理,,XCC34DF,专业组05,北京信息科技大学,4254,智能交互设计（办学地点:沙河校区）,办学地点:沙河校区,,,,,539,23365,,,,,,539,23365,,,,,,,,,本科,,,,,
8384387,北京,本科批,物理,,XCC34DF,专业组01,北京信息科技大学,DD24,网络与新媒体（京津冀职教改革项目）（办学地点:北京经济管理职业学院固安校区）,京津冀职教改革项目; 办学地点:北京经济管理职业学院固安校区,,,,,539,23365,,,,,,539,23365,,,,,,,,,本科,,,,,
8384388,北京,本科批,物理,,XCC34DF,专业组05,北京信息科技大学,014D,信息与计算科学（办学地点:沙河校区）,办学地点:沙河校区,,,,,540,23122,,,,,,540,23122,,,,,,,,,本科,,,,,
8384389,北京,本科批,物理,,XCC34DF,专业组01,北京信息科技大学,4801,经济学（办学地点:沙河校区）,办学地点:沙河校区,,,,,540,23122,,,,,,540,23122,,,,,,,,,本科,,,,,
8384390,北京,本科批,物理,,XCC34DF,专业组01,北京信息科技大学,923B,人力资源管理（办学地点:沙河校区）,办学地点:沙河校区,,,,,541,22915,,,,,,541,22915,,,,,,,,,本科,,,,,
8384391,北京,本科批,物理,,XCC34DF,专业组05,北京信息科技大学,8CBA,新能源科学与工程（办学地点:沙河校区）,办学地点:沙河校区,,,,,541,22915,,,,,,541,22915,,,,,,,,,本科,,,,,
8384392,北京,本科批,物理,,XCC34DF,专业组05,北京信息科技大学,5669,智能科学与技术（办学地点:沙河校区）,办学地点:沙河校区,,,,,541,22915,,,,,,541,22915,,,,,,,,,本科,,,,,
8384875,北京,本科批,物理,,X961AAD,专业组01,沈阳药科大学,E788,药物分析（不招色盲、色弱、单色识别能力异常;非英语语种考生不宜报考;办学地点:南校区）,不招色盲、色弱、单色识别能力异常;非英语语种考生不宜报考;办学地点:南校区,,,,,568,17101,,,,,,568,17101,,,,,,,,,本科,,,,,
8384876,北京,本科批,物理,,X961AAD,专业组01,沈阳药科大学,DA7D,药物制剂（不招色盲、色弱、单色识别能力异常;非英语语种考生不宜报考;办学地点:南校区）,不招色盲、色弱、单色识别能力异常;非英语语种考生不宜报考;办学地点:南校区,,,,,575,15638,,,,,,575,15638,,,,,,,,,本科,,,,,
8384877,北京,本科批,物理,,X961AAD,专业组01,沈阳药科大学,B6F0,药学（不招色盲、色弱、单色识别能力异常;非英语语种考生不宜报考;办学地点:南校区）,不招色盲、色弱、单色识别能力异常;非英语语种考生不宜报考;办学地点:南校区,,,,,583,14003,,,,,,583,14003,,,,,,,,,本科,,,,,
8385446,北京,本科批,物理,,X39A8E6,专业组01,福建中医药大学,63CE,针灸推拿学（五年）（（专业办学地点:旗山校区）,五年; （专业办学地点:旗山校区,,,,,542,22695,,,,,,542,22695,,,,,,,,,本科,,,,,
8385780,北京,本科批,物理,,XCE603A,专业组03,北京石油化工学院,F739,药物分析,,,,,,463,39971,,,,,,463,39971,,,,,,,,,本科,,,,,
8385781,北京,本科批,物理,,XCE603A,专业组03,北京石油化工学院,D6ED,化学工程与工艺,,,,,,463,39971,,,,,,463,39971,,,,,,,,,本科,,,,,
8385782,北京,本科批,物理,,XCE603A,专业组03,北京石油化工学院,7E23,环境工程,,,,,,463,39971,,,,,,463,39971,,,,,,,,,本科,,,,,
8385783,北京,本科批,物理,,XCE603A,专业组03,北京石油化工学院,F620,安全工程,,,,,,464,39774,,,,,,464,39774,,,,,,,,,本科,,,,,
8385784,北京,本科批,物理,,XCE603A,专业组03,北京石油化工学院,7BCF,安全生产监管,,,,,,466,39390,,,,,,466,39390,,,,,,,,,本科,,,,,
8385785,北京,本科批,物理,,XCE603A,专业组03,北京石油化工学院,3557,能源与动力工程,,,,,,466,39390,,,,,,466,39390,,,,,,,,,本科,,,,,
8385786,北京,本科批,物理,,XCE603A,专业组03,北京石油化工学院,8684,智能制造工程,,,,,,467,39203,,,,,,467,39203,,,,,,,,,本科,,,,,
8385787,北京,本科批,物理,,XCE603A,专业组03,北京石油化工学院,5B8B,高分子材料与工程,,,,,,467,39203,,,,,,467,39203,,,,,,,,,本科,,,,,
8385788,北京,本科批,物理,,XCE603A,专业组03,北京石油化工学院,A942,材料科学与工程,,,,,,470,38635,,,,,,470,38635,,,,,,,,,本科,,,,,
8385789,北京,本科批,物理,,XCE603A,专业组03,北京石油化工学院,40CE,制药工程,,,,,,470,38635,,,,,,470,38635,,,,,,,,,本科,,,,,
8385790,北京,本科批,物理,,XCE603A,专业组03,北京石油化工学院,F11A,机器人工程,,,,,,471,38445,,,,,,471,38445,,,,,,,,,本科,,,,,
8385791,北京,本科批,物理,,XCE603A,专业组03,北京石油化工学院,D06C,机械工程,,,,,,471,38445,,,,,,471,38445,,,,,,,,,本科,,,,,
8385792,北京,本科批,物理,,XCE603A,专业组03,北京石油化工学院,B694,生物制药,,,,,,472,38232,,,,,,472,38232,,,,,,,,,本科,,,,,
8385793,北京,本科批,物理,,XCE603A,专业组03,北京石油化工学院,D081,新能源科学与工程,,,,,,472,38232,,,,,,472,38232,,,,,,,,,本科,,,,,
8385794,北京,本科批,物理,,XCE603A,专业组03,北京石油化工学院,F068,人工智能,,,,,,473,38024,,,,,,473,38024,,,,,,,,,本科,,,,,
8385795,北京,本科批,物理,,XCE603A,专业组03,北京石油化工学院,29F4,物联网工程,,,,,,473,38024,,,,,,473,38024,,,,,,,,,本科,,,,,
8385796,北京,本科批,物理,,XCE603A,专业组03,北京石油化工学院,4C65,自动化,,,,,,474,37807,,,,,,474,37807,,,,,,,,,本科,,,,,
8385797,北京,本科批,物理,,XCE603A,专业组03,北京石油化工学院,4718,数据科学与大数据技术,,,,,,481,36368,,,,,,481,36368,,,,,,,,,本科,,,,,
8385798,北京,本科批,物理,,XCE603A,专业组02,北京石油化工学院,62BF,大数据管理与应用,,,,,,488,34896,,,,,,488,34896,,,,,,,,,本科,,,,,
8385799,北京,本科批,物理,,XCE603A,专业组03,北京石油化工学院,B9A5,计算机科学与技术,,,,,,488,34896,,,,,,488,34896,,,,,,,,,本科,,,,,
8386096,北京,本科批,物理,,X26BD73,专业组01,沈阳农业大学,8329,电气工程及其自动化（中外合作。办学）,中外合作。办学,,,,,481,36368,,,,,,481,36368,,,,,,,,,本科,,,,,
8386097,北京,本科批,物理,,X26BD73,专业组02,沈阳农业大学,C5CB,园艺,,,,,,501,32011,,,,,,501,32011,,,,,,,,,本科,,,,,
8386098,北京,本科批,物理,,X26BD73,专业组02,沈阳农业大学,ABD3,动物医学（五年）,五年,,,,,505,31121,,,,,,505,31121,,,,,,,,,本科,,,,,
8387342,北京,本科批,物理,,XE94639,专业组02,北京第二外国语学院,3BBF,会展经济与管理（国际会展活动策划与运营）（外语成绩不低于90分;办学地点:朝阳校区）,国际会展活动策划与运营; 外语成绩不低于90分;办学地点:朝阳校区,,,,,526,26285,,,,,,526,26285,,,,,,,,,本科,,,,,
8387343,北京,本科批,物理,,XE94639,专业组02,北京第二外国语学院,38CE,商务英语（国际商业管理）（只招英语考生;外语成绩不低于90分;办学地点:朝阳校区）,国际商业管理; 只招英语考生;外语成绩不低于90分;办学地点:朝阳校区,,,,,526,26285,,,,,,526,26285,,,,,,,,,本科,,,,,
8387344,北京,本科批,物理,,XE94639,专业组02,北京第二外国语学院,717F,德语（含人文交流、经贸合作两个方向。大一大二不分方向，大三分方向（方向体现在专业选修课程）;具体分方向政策见学校本科招生官网公告;外语成绩不低于90分;办学地点:朝阳校区）,含人文交流、经贸合作两个方向。大一大二不分方向，大三分方向（方向体现在专业选修课程,,,,,526,26285,,,,,,526,26285,,,,,,,,,本科,,,,,
8387345,北京,本科批,物理,,XE94639,专业组02,北京第二外国语学院,0D68,旅游管理（含文化旅游与遗产管理、数字文旅、旅游经济战略与管理和旅游规划与开发四个方向。在本科一年级不分方向。大一末，根据学生一年级学业成绩从高到低排序，依次选择专业方向;具体分方向政策见学校本科招生官网公告;外语成绩不低于90分;办学地点:朝阳校区）,含文化旅游与遗产管理、数字文旅、旅游经济战略与管理和旅游规划与开发四个方向。在本科一年级不分方向。大一末，根据学生一年级学业成绩从高到低排序，依次选择专业方向;具体分方向政策见学校本科招生官网公告;外语成绩不低于90分;办学地点:朝阳校区,,,,,526,26285,,,,,,526,26285,,,,,,,,,本科,,,,,
8387346,北京,本科批,物理,,XE94639,专业组02,北京第二外国语学院,65B6,市场营销（大数据应用）（外语成绩不低于90分;办学地点:朝阳校区）,大数据应用; 外语成绩不低于90分;办学地点:朝阳校区,,,,,527,26065,,,,,,527,26065,,,,,,,,,本科,,,,,
8387347,北京,本科批,物理,,XE94639,专业组02,北京第二外国语学院,CC4D,金融学（跨境金融）（外语成绩不低于90分;办学地点:朝阳校区）,跨境金融; 外语成绩不低于90分;办学地点:朝阳校区,,,,,527,26065,,,,,,527,26065,,,,,,,,,本科,,,,,
8387348,北京,本科批,物理,,XE94639,专业组01,北京第二外国语学院,2279,贸易经济（国际文化贸易）（外语成绩不低于90分;办学地点:朝阳校区）,国际文化贸易; 外语成绩不低于90分;办学地点:朝阳校区,,,,,527,26065,,,,,,527,26065,,,,,,,,,本科,,,,,
8387349,北京,本科批,物理,,XE94639,专业组01,北京第二外国语学院,C7A8,意大利语（人文交流）（外语成绩不低于90分;办学地点:朝阳校区）,人文交流; 外语成绩不低于90分;办学地点:朝阳校区,,,,,528,25842,,,,,,528,25842,,,,,,,,,本科,,,,,
8387350,北京,本科批,物理,,XE94639,专业组01,北京第二外国语学院,2EDA,国际经济与贸易（国际服务贸易）（外语成绩不低于90分;办学地点:朝阳校区）,国际服务贸易; 外语成绩不低于90分;办学地点:朝阳校区,,,,,528,25842,,,,,,528,25842,,,,,,,,,本科,,,,,
8387351,北京,本科批,物理,,XE94639,专业组01,北京第二外国语学院,7F4E,法语（含人文、国情两个方向。大一大二不分方向，大三分方向（方向体现在专业选修课程）;具体分方向政策见学校本科招生官网公告;外语成绩不低于90分;办学地点:朝阳校区）,含人文、国情两个方向。大一大二不分方向，大三分方向（方向体现在专业选修课程,,,,,529,25630,,,,,,529,25630,,,,,,,,,本科,,,,,
8387352,北京,本科批,物理,,XE94639,专业组01,北京第二外国语学院,3594,日语（同声传译）（外语成绩不低于90分;办学地点:朝阳校区）,同声传译; 外语成绩不低于90分;办学地点:朝阳校区,,,,,530,25414,,,,,,530,25414,,,,,,,,,本科,,,,,
8387353,北京,本科批,物理,,XE94639,专业组01,北京第二外国语学院,431C,西班牙语（含人文交流、国别与区域（西班牙语国家）两个方向。大一大二不分方向，大三分方向（方向体现在专业选修课程）;具体分方向政策见学校本科招生官网公告;外语成绩不低于90分;办学地点:朝阳校区）,含人文交流、国别与区域（西班牙语国家; 方向体现在专业选修课程,,,,,531,25202,,,,,,531,25202,,,,,,,,,本科,,,,,
8387354,北京,本科批,物理,,XE94639,专业组01,北京第二外国语学院,11D4,英语（人文交流）（只招英语考生;外语成绩不低于90分;办学地点:朝阳校区）,人文交流; 只招英语考生;外语成绩不低于90分;办学地点:朝阳校区,,,,,532,24976,,,,,,532,24976,,,,,,,,,本科,,,,,
8387355,北京,本科批,物理,,XE94639,专业组01,北京第二外国语学院,2160,翻译（涉外法律服务实验班）（只招英语考生;外语成绩不低于90分;办学地点:朝阳校区）,涉外法律服务实验班; 只招英语考生;外语成绩不低于90分;办学地点:朝阳校区,,,,,533,24746,,,,,,533,24746,,,,,,,,,本科,,,,,
8387356,北京,本科批,物理,,XE94639,专业组01,北京第二外国语学院,6A71,汉语国际教育（英语复合）（外语成绩不低于90分;办学地点:朝阳校区）,英语复合; 外语成绩不低于90分;办学地点:朝阳校区,,,,,536,24052,,,,,,536,24052,,,,,,,,,本科,,,,,
8387357,北京,本科批,物理,,XE94639,专业组02,北京第二外国语学院,C44E,翻译（中英法复语实验班）（只招英语考生;外语成绩不低于90分;办学地点:朝阳校区）,中英法复语实验班; 只招英语考生;外语成绩不低于90分;办学地点:朝阳校区,,,,,536,24052,,,,,,536,24052,,,,,,,,,本科,,,,,
8387358,北京,本科批,物理,,XE94639,专业组02,北京第二外国语学院,9A75,翻译（中英西复语实验班）（只招英语考生;外语成绩不低于90分;办学地点:朝阳校区）,中英西复语实验班; 只招英语考生;外语成绩不低于90分;办学地点:朝阳校区,,,,,536,24052,,,,,,536,24052,,,,,,,,,本科,,,,,
8387359,北京,本科批,物理,,XE94639,专业组01,北京第二外国语学院,3FA3,新闻学（融媒体国际新闻）（外语成绩不低于90分;办学地点:朝阳校区）,融媒体国际新闻; 外语成绩不低于90分;办学地点:朝阳校区,,,,,537,23824,,,,,,537,23824,,,,,,,,,本科,,,,,
8387360,北京,本科批,物理,,XE94639,专业组02,北京第二外国语学院,3EDB,财务管理（智能财务）（外语成绩不低于90分;办学地点:朝阳校区）,智能财务; 外语成绩不低于90分;办学地点:朝阳校区,,,,,537,23824,,,,,,537,23824,,,,,,,,,本科,,,,,
8387361,北京,本科批,物理,,XE94639,专业组02,北京第二外国语学院,6AE8,财务管理（资本量化分析）（外语成绩不低于90分;办学地点:朝阳校区）,资本量化分析; 外语成绩不低于90分;办学地点:朝阳校区,,,,,538,23607,,,,,,538,23607,,,,,,,,,本科,,,,,
8387691,北京,专科批,物理,,X3E572B,专业组Z01,四川工程职业技术大学,A41A,"材料成型及控制技术（5720元,（信息技术合格,通用技术合格））","5720元,（信息技术合格,通用技术合格",,,,,120,7731,,,,,,120,7731,,,,,,,,,专科,,,,,
8387692,北京,专科批,物理,,X3E572B,专业组Z01,四川工程职业技术大学,F34B,"智能焊接技术（5720元，（信息技术合格,通用技术合格））","5720元，（信息技术合格,通用技术合格",,,,,131,7601,,,,,,131,7601,,,,,,,,,专科,,,,,
8387693,北京,专科批,物理,,X3E572B,专业组Z01,四川工程职业技术大学,F71B,"新能源汽车技术（5720元，（信息技术合格,通用技术合格））","5720元，（信息技术合格,通用技术合格",,,,,148,7263,,,,,,148,7263,,,,,,,,,专科,,,,,
8387694,北京,专科批,物理,,X3E572B,专业组Z01,四川工程职业技术大学,BA39,"大数据与会计（5280元,（信息技术合格,通用技术合格））","5280元,（信息技术合格,通用技术合格",,,,,308,148,,,,,,308,148,,,,,,,,,专科,,,,,
8388306,北京,本科批,物理,,XE29E06,专业组02,天津农学院,EB1A,食品质量与安全（办学地点:东校区）,办学地点:东校区,,,,,487,35128,,,,,,487,35128,,,,,,,,,本科,,,,,
8388307,北京,本科批,物理,,XE29E06,专业组02,天津农学院,63B5,动物医学（小动医）（办学地点:东校区）,小动医; 办学地点:东校区,,,,,488,34896,,,,,,488,34896,,,,,,,,,本科,,,,,
8388308,北京,本科批,物理,,XE29E06,专业组01,天津农学院,3F95,网络与新媒体（办学地点:东校区）,办学地点:东校区,,,,,492,34007,,,,,,492,34007,,,,,,,,,本科,,,,,
8389095,北京,专科批,物理,,X336FE5,专业组Z01,成都航空职业技术大学,5559,"飞机机电设备维修（男）（5720元,只招男生,（物理合格,地理合格））","男; 5720元,只招男生,（物理合格,地理合格",,,,,232,2892,,,,,,232,2892,,,,,,,,,专科,,,,,
8389096,北京,专科批,物理,,X336FE5,专业组Z01,成都航空职业技术大学,3EB7,"航空物流管理（5280元,（历史合格,思想政治合格））","5280元,（历史合格,思想政治合格",,,,,245,1774,,,,,,245,1774,,,,,,,,,专科,,,,,
8389950,北京,本科批,物理,,XBDFA18,专业组01,北京体育大学,C382,"休闲体育（中外合作办学）（外语成绩不低于105分，此专业学费高，教学地点在海南陵水黎安国际教育创新试验区，不需要体育统考成绩，仅录取填报该专业志愿的考生，英语授课，非英语语种考生谨慎填报,办学地点:海南陵水黎安国际教育创新试验区）","中外合作办学; 外语成绩不低于105分，此专业学费高，教学地点在海南陵水黎安国际教育创新试验区，不需要体育统考成绩，仅录取填报该专业志愿的考生，英语授课，非英语语种考生谨慎填报,办学地点:海南陵水黎安国际教育创新试验区",,,,,518,28167,,,,,,518,28167,,,,,,,,,本科,,,,,
8389951,北京,本科批,物理,,XBDFA18,专业组01,北京体育大学,B4C9,"旅游管理（中外合作办学）（外语成绩不低于105分，此专业学费高，教学地点在海南陵水黎安国际教育创新试验区，仅录取填报该专业志愿的考生，英语授课，非英语语种考生谨慎填报,办学地点:海南陵水黎安国际教育创新试验区）","中外合作办学; 外语成绩不低于105分，此专业学费高，教学地点在海南陵水黎安国际教育创新试验区，仅录取填报该专业志愿的考生，英语授课，非英语语种考生谨慎填报,办学地点:海南陵水黎安国际教育创新试验区",,,,,518,28167,,,,,,518,28167,,,,,,,,,本科,,,,,
8389952,北京,本科批,物理,,XBDFA18,专业组04,北京体育大学,EB91,康复物理治疗（不招色盲、色弱、单色识别能力异常）,不招色盲、色弱、单色识别能力异常,,,,,581,14402,,,,,,581,14402,,,,,,,,,本科,,,,,
8389953,北京,本科批,物理,,XBDFA18,专业组04,北京体育大学,7EAF,数据科学与大数据技术（不招单色识别能力异常）,不招单色识别能力异常,,,,,583,14003,,,,,,583,14003,,,,,,,,,本科,,,,,
8389954,北京,本科批,物理,,XBDFA18,专业组03,北京体育大学,D29C,应用心理学（不招色盲、色弱、单色识别能力异常）,不招色盲、色弱、单色识别能力异常,,,,,587,13194,,,,,,587,13194,,,,,,,,,本科,,,,,
8389955,北京,本科批,物理,,XBDFA18,专业组03,北京体育大学,776B,运动人体科学（不招色盲、色弱、单色识别能力异常）,不招色盲、色弱、单色识别能力异常,,,,,589,12794,,,,,,589,12794,,,,,,,,,本科,,,,,
8389956,北京,本科批,物理,,XBDFA18,专业组03,北京体育大学,4574,运动康复,,,,,,591,12433,,,,,,591,12433,,,,,,,,,本科,,,,,
8389957,北京,本科批,物理,,XBDFA18,专业组03,北京体育大学,40D0,智能体育工程,,,,,,593,12095,,,,,,593,12095,,,,,,,,,本科,,,,,
8389958,北京,本科批,物理,,XBDFA18,专业组02,北京体育大学,CA0F,旅游管理,,,,,,597,11348,,,,,,597,11348,,,,,,,,,本科,,,,,
8389959,北京,本科批,物理,,XBDFA18,专业组02,北京体育大学,EC84,公共事业管理（不招单色识别能力异常）,不招单色识别能力异常,,,,,598,11157,,,,,,598,11157,,,,,,,,,本科,,,,,
8389960,北京,本科批,物理,,XBDFA18,专业组02,北京体育大学,4145,英语,,,,,,599,10980,,,,,,599,10980,,,,,,,,,本科,,,,,
8389961,北京,本科批,物理,,XBDFA18,专业组02,北京体育大学,A615,汉语国际教育,,,,,,600,10787,,,,,,600,10787,,,,,,,,,本科,,,,,
8389962,北京,本科批,物理,,XBDFA18,专业组05,北京体育大学,D6BD,马克思主义理论,,,,,,602,10383,,,,,,602,10383,,,,,,,,,本科,,,,,
8389963,北京,本科批,物理,,XBDFA18,专业组02,北京体育大学,8C32,体育经济与管理（不招单色识别能力异常）,不招单色识别能力异常,,,,,602,10383,,,,,,602,10383,,,,,,,,,本科,,,,,
8389964,北京,本科批,物理,,XBDFA18,专业组02,北京体育大学,5D72,网络与新媒体,,,,,,604,10041,,,,,,604,10041,,,,,,,,,本科,,,,,
8389965,北京,本科批,物理,,XBDFA18,专业组02,北京体育大学,68F4,新闻学,,,,,,609,9179,,,,,,609,9179,,,,,,,,,本科,,,,,
8390677,北京,专科批,物理,,XB54B90,专业组Z01,重庆电子科技职业大学,5EB4,"物流类（7000元,含物流工程技术、现代物流管理、智能物流技术,（物理合格,信息技术合格））","7000元,含物流工程技术、现代物流管理、智能物流技术,（物理合格,信息技术合格",,,,,184,6048,,,,,,184,6048,,,,,,,,,专科,,,,,
8390678,北京,专科批,物理,,XB54B90,专业组Z01,重庆电子科技职业大学,E8E3,"航空装备类（6250元,含无人机应用技术、飞行器维修技术，（物理合格,信息技术合格））","6250元,含无人机应用技术、飞行器维修技术，（物理合格,信息技术合格",,,,,276,455,,,,,,276,455,,,,,,,,,专科,,,,,
8391469,北京,本科批,物理,,XD6EA12,专业组01,盐城师范学院,DB75,广播电视学,,,,,,488,34896,,,,,,488,34896,,,,,,,,,本科,,,,,
8391470,北京,本科批,物理,,XD6EA12,专业组01,盐城师范学院,927B,法学,,,,,,492,34007,,,,,,492,34007,,,,,,,,,本科,,,,,
8392296,北京,本科批,物理,,X565BD2,专业组01,北京协和医学院,10A0,药学,,,,,,566,17509,,,,,,566,17509,,,,,,,,,本科,,,,,
8392297,北京,本科批,物理,,X565BD2,专业组01,北京协和医学院,4BF3,护理学,,,,,,566,17509,,,,,,566,17509,,,,,,,,,本科,,,,,
8393098,北京,本科批,物理,,X44024C,专业组02,陆军工程大学,ABFB,建筑环境与能源应用工程（全国人防通风空调与给排水工程师）,全国人防通风空调与给排水工程师,,,,,498,32667,,,,,,498,32667,,,,,,,,,本科,,,,,
8393099,北京,本科批,物理,,X44024C,专业组02,陆军工程大学,C8EB,土木工程（全国人防工程建筑结构设计与施工工程师）,全国人防工程建筑结构设计与施工工程师,,,,,498,32667,,,,,,498,32667,,,,,,,,,本科,,,,,
8393100,北京,本科批,物理,,X44024C,专业组02,陆军工程大学,856A,通信工程（全国人防通信领域工程师）,全国人防通信领域工程师,,,,,498,32667,,,,,,498,32667,,,,,,,,,本科,,,,,
8393101,北京,本科批,物理,,X44024C,专业组01,陆军工程大学,D277,建筑学（全国人防工程建筑设计工程师）（五年）,全国人防工程建筑设计工程师; 五年,,,,,510,29984,,,,,,510,29984,,,,,,,,,本科,,,,,
8393102,北京,本科批,物理,,X44024C,专业组02,陆军工程大学,EF04,网络工程（全国人防指挥自动化技术工程师）,全国人防指挥自动化技术工程师,,,,,526,26285,,,,,,526,26285,,,,,,,,,本科,,,,,
8393103,北京,本科批,物理,,X44024C,专业组01,陆军工程大学,088D,工程管理（全国人防建筑施工组织管理与监理工程师）,全国人防建筑施工组织管理与监理工程师,,,,,532,24976,,,,,,532,24976,,,,,,,,,本科,,,,,
8393104,北京,本科提前批,物理,,X44024C,专业组03,陆军工程大学,1388,飞行器设计与工程（学籍培养目标：航空机务技术与指挥）（语种：英语）（非指挥类）（男）,学籍培养目标：航空机务技术与指挥; 语种：英语; 非指挥类; 男,,,,,545,22074,,,,,,545,22074,,,,,,,,,本科,,,,,
8393105,北京,本科提前批,物理,,X44024C,专业组03,陆军工程大学,EC16,道路桥梁与渡河工程（学籍培养目标：机动保障工程与指挥）（语种：英语）（指挥类）（男）,学籍培养目标：机动保障工程与指挥; 语种：英语; 指挥类; 男,,,,,557,19422,,,,,,557,19422,,,,,,,,,本科,,,,,
8393106,北京,本科提前批,物理,,X44024C,专业组02,陆军工程大学,A455,无人系统工程（学籍培养目标：无人机运用与指挥）（语种：英语）（指挥类）（男）,学籍培养目标：无人机运用与指挥; 语种：英语; 指挥类; 男,,,,,566,17509,,,,,,566,17509,,,,,,,,,本科,,,,,
8393107,北京,本科提前批,物理,,X44024C,专业组04,陆军工程大学,A8B7,通信工程（学籍培养目标：战场机动通信技术与指挥）（语种：英语）（指技融合）（女）,学籍培养目标：战场机动通信技术与指挥; 语种：英语; 指技融合; 女,,,,,586,13407,,,,,,586,13407,,,,,,,,,本科,,,,,
8393108,北京,本科提前批,物理,,X44024C,专业组03,陆军工程大学,BAC6,通信工程（学籍培养目标：战场机动通信技术与指挥）（语种：英语）（指技融合）（男）,学籍培养目标：战场机动通信技术与指挥; 语种：英语; 指技融合; 男,,,,,589,12794,,,,,,589,12794,,,,,,,,,本科,,,,,
8393109,北京,本科提前批,物理,,X44024C,专业组02,陆军工程大学,DF9F,国防工程及其智能化（学籍培养目标：国防工程与指挥）（语种：英语）（非指挥类）（男）,学籍培养目标：国防工程与指挥; 语种：英语; 非指挥类; 男,,,,,596,11548,,,,,,596,11548,,,,,,,,,本科,,,,,
8393110,北京,本科提前批,物理,,X44024C,专业组02,陆军工程大学,F4CF,指挥信息系统工程（学籍培养目标：指挥信息系统运用与保障）（语种：英语）（非指挥类）（男）,学籍培养目标：指挥信息系统运用与保障; 语种：英语; 非指挥类; 男,,,,,603,10213,,,,,,603,10213,,,,,,,,,本科,,,,,
8393927,北京,本科批,物理,,X5E9B9B,专业组02,中国人民警察大学,CEDA,火灾勘查（非公安专业，自主就业;具体标准详见该校招生章程）,非公安专业，自主就业;具体标准详见该校招生章程,,,,,502,31794,,,,,,502,31794,,,,,,,,,本科,,,,,
8393928,北京,本科批,物理,,X5E9B9B,专业组02,中国人民警察大学,6EAA,抢险救援指挥与技术（不建议女生报考，非公安专业，自主就业;具体标准详见该校招生章程）,不建议女生报考，非公安专业，自主就业;具体标准详见该校招生章程,,,,,502,31794,,,,,,502,31794,,,,,,,,,本科,,,,,
8393929,北京,本科批,物理,,X5E9B9B,专业组02,中国人民警察大学,4E9D,核生化消防（不建议女生报考，非公安专业，自主就业;具体标准详见该校招生章程）,不建议女生报考，非公安专业，自主就业;具体标准详见该校招生章程,,,,,502,31794,,,,,,502,31794,,,,,,,,,本科,,,,,
8393930,北京,本科批,物理,,X5E9B9B,专业组02,中国人民警察大学,749E,电子信息工程（智慧消防）（非公安专业，自主就业;具体标准详见该校招生章程）,智慧消防; 非公安专业，自主就业;具体标准详见该校招生章程,,,,,502,31794,,,,,,502,31794,,,,,,,,,本科,,,,,
8393931,北京,本科批,物理,,X5E9B9B,专业组02,中国人民警察大学,EFCC,消防工程（非公安专业，自主就业;具体标准详见该校招生章程）,非公安专业，自主就业;具体标准详见该校招生章程,,,,,502,31794,,,,,,502,31794,,,,,,,,,本科,,,,,
8393932,北京,本科批,物理,,X5E9B9B,专业组01,中国人民警察大学,971C,海外安全管理（非公安专业，自主就业;具体标准详见该校招生章程）,非公安专业，自主就业;具体标准详见该校招生章程,,,,,540,23122,,,,,,540,23122,,,,,,,,,本科,,,,,
8395258,北京,本科批,物理,,XED9A17,专业组01,河北中医药大学,B88B,针灸推拿学（五年）（不招色盲、色弱、单色识别能力异常）,五年; 不招色盲、色弱、单色识别能力异常,,,,,533,24746,,,,,,533,24746,,,,,,,,,本科,,,,,
8395259,北京,本科批,物理,,XED9A17,专业组01,河北中医药大学,5E05,中西医临床医学（五年）（不招色盲、色弱、单色识别能力异常）,五年; 不招色盲、色弱、单色识别能力异常,,,,,536,24052,,,,,,536,24052,,,,,,,,,本科,,,,,
8395260,北京,本科批,物理,,XED9A17,专业组01,河北中医药大学,0012,中医学（五年）（不招色盲、色弱、单色识别能力异常）,五年; 不招色盲、色弱、单色识别能力异常,,,,,545,22074,,,,,,545,22074,,,,,,,,,本科,,,,,
8395596,北京,本科批,物理,,X07A35B,专业组02,上海体育大学,F7C1,医学技术类（运动健康）（含运动人体科学、运动康复、运动与公共健康、运动能力开发、康复治疗学、应用心理学）,运动健康; 含运动人体科学、运动康复、运动与公共健康、运动能力开发、康复治疗学、应用心理学,,,,,547,21659,,,,,,547,21659,,,,,,,,,本科,,,,,
8395597,北京,本科批,物理,,X07A35B,专业组01,上海体育大学,68F4,新闻学,,,,,,570,16658,,,,,,570,16658,,,,,,,,,本科,,,,,
8396264,北京,本科批,物理,,X59F856,专业组02,北京农学院,8226,农业资源与环境（中外合作办学）（国内学费36000元/年，国外学费按照澳大利亚当年标准收取，不招色盲、色弱、单色识别能力异常，中澳合作办学专业，3+1培养模式，专业课为英文授课）,中外合作办学; 国内学费36000元/年，国外学费按照澳大利亚当年标准收取，不招色盲、色弱、单色识别能力异常，中澳合作办学专业，3+1培养模式，专业课为英文授课,,,,,434,44923,,,,,,434,44923,,,,,,,,,本科,,,,,
8396265,北京,本科批,物理,,X59F856,专业组05,北京农学院,1397,林学（城市林业）（不招色盲、色弱、单色识别能力异常）,城市林业; 不招色盲、色弱、单色识别能力异常,,,,,435,44789,,,,,,435,44789,,,,,,,,,本科,,,,,
8396266,北京,本科批,物理,,X59F856,专业组05,北京农学院,6836,设施农业科学与工程,,,,,,435,44789,,,,,,435,44789,,,,,,,,,本科,,,,,
8396267,北京,本科批,物理,,X59F856,专业组05,北京农学院,04CD,农业资源与环境（不招色盲、色弱、单色识别能力异常）,不招色盲、色弱、单色识别能力异常,,,,,435,44789,,,,,,435,44789,,,,,,,,,本科,,,,,
8396268,北京,本科批,物理,,X59F856,专业组05,北京农学院,3255,园艺（实验班）（不招色盲、色弱、单色识别能力异常）,实验班; 不招色盲、色弱、单色识别能力异常,,,,,436,44652,,,,,,436,44652,,,,,,,,,本科,,,,,
8396269,北京,本科批,物理,,X59F856,专业组05,北京农学院,C07C,食品营养与健康（不招色盲、色弱、单色识别能力异常）,不招色盲、色弱、单色识别能力异常,,,,,439,44177,,,,,,439,44177,,,,,,,,,本科,,,,,
8396270,北京,本科批,物理,,X59F856,专业组05,北京农学院,FD52,食品质量与安全（不招色盲、色弱、单色识别能力异常）,不招色盲、色弱、单色识别能力异常,,,,,440,44020,,,,,,440,44020,,,,,,,,,本科,,,,,
8396271,北京,本科批,物理,,X59F856,专业组02,北京农学院,42B8,食品科学与工程（中外合作办学）（国内学费36000元/年，国外学费按照英国当年标准收取，中英合作办学专业，3+1培养模式，专业课为英文授课）,中外合作办学; 国内学费36000元/年，国外学费按照英国当年标准收取，中英合作办学专业，3+1培养模式，专业课为英文授课,,,,,440,44020,,,,,,440,44020,,,,,,,,,本科,,,,,
8396272,北京,本科批,物理,,X59F856,专业组05,北京农学院,9392,林学（古树保护）（不招色盲、色弱、单色识别能力异常）,古树保护; 不招色盲、色弱、单色识别能力异常,,,,,441,43853,,,,,,441,43853,,,,,,,,,本科,,,,,
8396273,北京,本科批,物理,,X59F856,专业组05,北京农学院,5E77,酿酒工程（不招色盲、色弱、单色识别能力异常）,不招色盲、色弱、单色识别能力异常,,,,,442,43685,,,,,,442,43685,,,,,,,,,本科,,,,,
8396274,北京,本科批,物理,,X59F856,专业组05,北京农学院,7C93,食品科学与工程（不招色盲、色弱、单色识别能力异常）,不招色盲、色弱、单色识别能力异常,,,,,442,43685,,,,,,442,43685,,,,,,,,,本科,,,,,
8396275,北京,本科批,物理,,X59F856,专业组05,北京农学院,7D31,农学（现代种业）（不招色盲、色弱、单色识别能力异常）,现代种业; 不招色盲、色弱、单色识别能力异常,,,,,444,43369,,,,,,444,43369,,,,,,,,,本科,,,,,
8396276,北京,本科批,物理,,X59F856,专业组05,北京农学院,DF2F,植物保护（植物医学）（不招色盲、色弱、单色识别能力异常）,植物医学; 不招色盲、色弱、单色识别能力异常,,,,,444,43369,,,,,,444,43369,,,,,,,,,本科,,,,,
8396277,北京,本科批,物理,,X59F856,专业组05,北京农学院,29F4,物联网工程,,,,,,448,42678,,,,,,448,42678,,,,,,,,,本科,,,,,
8396278,北京,本科批,物理,,X59F856,专业组05,北京农学院,2532,应用化学（不招色盲、色弱、单色识别能力异常）,不招色盲、色弱、单色识别能力异常,,,,,448,42678,,,,,,448,42678,,,,,,,,,本科,,,,,
8396279,北京,本科批,物理,,X59F856,专业组05,北京农学院,732E,生物育种技术（不招色盲、色弱、单色识别能力异常）,不招色盲、色弱、单色识别能力异常,,,,,448,42678,,,,,,448,42678,,,,,,,,,本科,,,,,
8396280,北京,本科批,物理,,X59F856,专业组05,北京农学院,3911,生物工程（不招色盲、色弱、单色识别能力异常）,不招色盲、色弱、单色识别能力异常,,,,,451,42145,,,,,,451,42145,,,,,,,,,本科,,,,,
8396281,北京,本科批,物理,,X59F856,专业组05,北京农学院,4718,数据科学与大数据技术,,,,,,453,41804,,,,,,453,41804,,,,,,,,,本科,,,,,
8396282,北京,本科批,物理,,X59F856,专业组05,北京农学院,FCB5,园艺（不招色盲、色弱、单色识别能力异常）,不招色盲、色弱、单色识别能力异常,,,,,457,41072,,,,,,457,41072,,,,,,,,,本科,,,,,
8396283,北京,本科批,物理,,X59F856,专业组01,北京农学院,8A88,国际经济与贸易（中外合作办学）（国内学费36000元/年，国外学费按照英国当年标准收取，中英合作办学专业，3+1培养模式，专业课为英文授课）,中外合作办学; 国内学费36000元/年，国外学费按照英国当年标准收取，中英合作办学专业，3+1培养模式，专业课为英文授课,,,,,485,35549,,,,,,485,35549,,,,,,,,,本科,,,,,
8397064,北京,本科批,物理,,X6C6FCA,专业组02,河北石油职业技术大学,3C38,软件工程,,,,,,482,36158,,,,,,482,36158,,,,,,,,,本科,,,,,
8397065,北京,本科批,物理,,X6C6FCA,专业组02,河北石油职业技术大学,6725,电子信息工程技术,,,,,,482,36158,,,,,,482,36158,,,,,,,,,本科,,,,,
8397066,北京,本科批,物理,,X6C6FCA,专业组01,河北石油职业技术大学,09EE,市场营销,,,,,,485,35549,,,,,,485,35549,,,,,,,,,本科,,,,,
8397466,北京,本科批,物理,,X86CF2F,专业组01,武汉体育学院,4852,应用心理学,,,,,,486,35338,,,,,,486,35338,,,,,,,,,本科,,,,,
8397467,北京,本科批,物理,,X86CF2F,专业组02,武汉体育学院,40D0,智能体育工程,,,,,,493,33792,,,,,,493,33792,,,,,,,,,本科,,,,,
8397468,北京,本科批,物理,,X86CF2F,专业组03,武汉体育学院,817D,康复治疗学,,,,,,495,33354,,,,,,495,33354,,,,,,,,,本科,,,,,
8397693,北京,本科批,物理,,XD7F07A,专业组01,江苏海洋大学,D04F,法学（专业办学地点:通灌校区）,专业办学地点:通灌校区,,,,,500,32208,,,,,,500,32208,,,,,,,,,本科,,,,,
8397694,北京,本科批,物理,,XD7F07A,专业组01,江苏海洋大学,CA44,国际经济与贸易（专业办学地点:通灌校区）,专业办学地点:通灌校区,,,,,500,32208,,,,,,500,32208,,,,,,,,,本科,,,,,
8397695,北京,本科批,物理,,XD7F07A,专业组01,江苏海洋大学,2E69,会计学（专业办学地点:通灌校区）,专业办学地点:通灌校区,,,,,500,32208,,,,,,500,32208,,,,,,,,,本科,,,,,
8397696,北京,本科批,物理,,XD7F07A,专业组01,江苏海洋大学,8AF0,新闻学（专业办学地点:通灌校区）,专业办学地点:通灌校区,,,,,500,32208,,,,,,500,32208,,,,,,,,,本科,,,,,
8397697,北京,本科批,物理,,XD7F07A,专业组01,江苏海洋大学,B166,英语（只招英语考生）（专业办学地点:通灌校区）,只招英语考生; 专业办学地点:通灌校区,,,,,500,32208,,,,,,500,32208,,,,,,,,,本科,,,,,
8399124,北京,本科批,物理,,X20FFD4,专业组02,北京大学医学部,07E1,护理学（不招色盲、色弱、单色识别能力异常）,不招色盲、色弱、单色识别能力异常,,,,,639,4478,,,,,,639,4478,,,,,,,,,本科,,,,,
8399125,北京,本科批,物理,,X20FFD4,专业组03,北京大学医学部,90C8,医学技术类（含医学检验技术、医学影像技术，不招色盲、色弱、单色识别能力异常）,含医学检验技术、医学影像技术，不招色盲、色弱、单色识别能力异常,,,,,670,1420,,,,,,670,1420,,,,,,,,,本科,,,,,
8399126,北京,本科批,物理,,X20FFD4,专业组01,北京大学医学部,0A62,英语（医学英语）（五年）（只招英语考生）,医学英语; 五年; 只招英语考生,,,,,671,1343,,,,,,671,1343,,,,,,,,,本科,,,,,
8399127,北京,本科批,物理,,X20FFD4,专业组05,北京大学医学部,63A3,预防医学（本硕连读）（七年医）（不招色盲、色弱、单色识别能力异常）,本硕连读; 七年医; 不招色盲、色弱、单色识别能力异常,,,,,671,1343,,,,,,671,1343,,,,,,,,,本科,,,,,
8399128,北京,本科批,物理,,X20FFD4,专业组05,北京大学医学部,6132,药学（本硕连读）（六年医）（不招色盲、色弱、单色识别能力异常）,本硕连读; 六年医; 不招色盲、色弱、单色识别能力异常,,,,,672,1261,,,,,,672,1261,,,,,,,,,本科,,,,,
8399129,北京,本科批,物理,,X20FFD4,专业组05,北京大学医学部,DDD9,基础医学（本博连读）（八年医）（不招色盲、色弱、单色识别能力异常）,本博连读; 八年医; 不招色盲、色弱、单色识别能力异常,,,,,674,1138,,,,,,674,1138,,,,,,,,,本科,,,,,
8399130,北京,本科批,物理,,X20FFD4,专业组04,北京大学医学部,FC8E,临床医学（五年）（不招色盲、色弱、单色识别能力异常）,五年; 不招色盲、色弱、单色识别能力异常,,,,,678,872,,,,,,678,872,,,,,,,,,本科,,,,,
8399131,北京,本科批,物理,,X20FFD4,专业组04,北京大学医学部,BED7,口腔医学（五年）（不招色盲、色弱、单色识别能力异常）,五年; 不招色盲、色弱、单色识别能力异常,,,,,678,872,,,,,,678,872,,,,,,,,,本科,,,,,
8399132,北京,本科批,物理,,X20FFD4,专业组04,北京大学医学部,7095,临床医学（本博连读）（八年医）（不招色盲、色弱、单色识别能力异常）,本博连读; 八年医; 不招色盲、色弱、单色识别能力异常,,,,,681,722,,,,,,681,722,,,,,,,,,本科,,,,,
8399133,北京,本科批,物理,,X20FFD4,专业组04,北京大学医学部,4CC8,口腔医学（本博连读）（八年医）（不招色盲、色弱、单色识别能力异常）,本博连读; 八年医; 不招色盲、色弱、单色识别能力异常,,,,,684,569,,,,,,684,569,,,,,,,,,本科,,,,,
8399466,北京,本科提前批,物理,,X59CD01,专业组02,陆军军医大学,9408,预防医学（五年制）（男）（生长军官）,五年制; 男; 生长军官,,,,,547,21659,,,,,,547,21659,,,,,,,,,本科,,,,,
8399467,北京,本科提前批,物理,,X59CD01,专业组01,陆军军医大学,F12B,公共事业管理（四年制）（男）（生长军官）,四年制; 男; 生长军官,,,,,559,18983,,,,,,559,18983,,,,,,,,,本科,,,,,
8399468,北京,本科提前批,物理,,X59CD01,专业组02,陆军军医大学,3DD4,临床医学（五年制）（男）（生长军官）,五年制; 男; 生长军官,,,,,563,18175,,,,,,563,18175,,,,,,,,,本科,,,,,
8399789,北京,本科批,物理,,XB896EC,专业组02,北京服装学院,CC63,轻化工程（不招色盲、色弱、单色识别能力异常）,不招色盲、色弱、单色识别能力异常,,,,,434,44923,,,,,,434,44923,,,,,,,,,本科,,,,,
8399790,北京,本科批,物理,,XB896EC,专业组02,北京服装学院,8373,工业设计（不招色盲、单色识别能力异常）,不招色盲、单色识别能力异常,,,,,434,44923,,,,,,434,44923,,,,,,,,,本科,,,,,
8399791,北京,本科批,物理,,XB896EC,专业组02,北京服装学院,59CA,服装设计与工程（不招色盲、单色识别能力异常）,不招色盲、单色识别能力异常,,,,,442,43685,,,,,,442,43685,,,,,,,,,本科,,,,,
8399792,北京,本科批,物理,,XB896EC,专业组02,北京服装学院,483D,高分子材料与工程（不招色盲、色弱、单色识别能力异常）,不招色盲、色弱、单色识别能力异常,,,,,445,43183,,,,,,445,43183,,,,,,,,,本科,,,,,
8399793,北京,本科批,物理,,XB896EC,专业组02,北京服装学院,E0E5,信息管理与信息系统（不招单色识别能力异常）,不招单色识别能力异常,,,,,451,42145,,,,,,451,42145,,,,,,,,,本科,,,,,
8399794,北京,本科批,物理,,XB896EC,专业组01,北京服装学院,8178,工商管理类（含工商管理、市场营销、文化产业管理，不招单色识别能力异常）,含工商管理、市场营销、文化产业管理，不招单色识别能力异常,,,,,488,34896,,,,,,488,34896,,,,,,,,,本科,,,,,
8399795,北京,本科批,物理,,XB896EC,专业组01,北京服装学院,5CF4,国际经济与贸易（不招单色识别能力异常）,不招单色识别能力异常,,,,,494,33572,,,,,,494,33572,,,,,,,,,本科,,,,,
8399796,北京,本科批,物理,,XB896EC,专业组01,北京服装学院,E73C,广告学（不招色盲、单色识别能力异常）,不招色盲、单色识别能力异常,,,,,497,32907,,,,,,497,32907,,,,,,,,,本科,,,,,
8399797,北京,本科批,物理,,XB896EC,专业组01,北京服装学院,A069,传播学（不招色盲、单色识别能力异常）,不招色盲、单色识别能力异常,,,,,502,31794,,,,,,502,31794,,,,,,,,,本科,,,,,
8399998,北京,本科批,物理,,XE5F9F1,专业组05,北京电影学院,91CF,电影学（制片与市场）（录取原则详见该校招生章程）,制片与市场; 录取原则详见该校招生章程,,,,,582,14198,,,,,,582,14198,,,,,,,,,本科,,,,,
8399999,北京,本科批,物理,,XE5F9F1,专业组06,北京电影学院,FF6D,网络与新媒体（录取原则详见该校招生章程）,录取原则详见该校招生章程,,,,,583,14003,,,,,,583,14003,,,,,,,,,本科,,,,,
8400000,北京,本科批,物理,,XE5F9F1,专业组07,北京电影学院,10B0,文化产业管理（录取原则详见该校招生章程）,录取原则详见该校招生章程,,,,,588,12980,,,,,,588,12980,,,,,,,,,本科,,,,,
8400001,北京,本科批,物理,,XE5F9F1,专业组05,北京电影学院,03DA,电影学,,,,,,589,12794,,,,,,589,12794,,,,,,,,,本科,,,,,
8400002,北京,本科批,物理,,XE5F9F1,专业组02,北京电影学院,CEA2,广播电视编导（录取原则详见该校招生章程）,录取原则详见该校招生章程,,,,,595,11725,,,,,,595,11725,,,,,,,,,本科,,,,,
8400003,北京,本科批,物理,,XE5F9F1,专业组04,北京电影学院,6186,戏剧影视文学（动漫策划）（录取原则详见该校招生章程）,动漫策划; 录取原则详见该校招生章程,,,,,596,11548,,,,,,596,11548,,,,,,,,,本科,,,,,
8400004,北京,本科批,物理,,XE5F9F1,专业组01,北京电影学院,783F,戏剧影视文学（剧作）（录取原则详见该校招生章程）,剧作; 录取原则详见该校招生章程,,,,,599,10980,,,,,,599,10980,,,,,,,,,本科,,,,,
8400005,北京,本科批,物理,,XE5F9F1,专业组03,北京电影学院,3828,影视技术（录取原则详见该校招生章程）,录取原则详见该校招生章程,,,,,615,8152,,,,,,615,8152,,,,,,,,,本科,,,,,
8400006,北京,本科批,物理,,XE5F9F1,专业组08,北京电影学院,2AF9,数字媒体技术（录取原则详见该校招生章程）,录取原则详见该校招生章程,,,,,616,7980,,,,,,616,7980,,,,,,,,,本科,,,,,
8400099,北京,本科批,物理,,X98BD16,专业组01,中国社会科学院大学,2EAE,英语（只招英语考生，辅修国际事务与国际关系专业，复合型人才培养，合格者同时授予辅修学位）,只招英语考生，辅修国际事务与国际关系专业，复合型人才培养，合格者同时授予辅修学位,,,,,634,5176,,,,,,634,5176,,,,,,,,,本科,,,,,
8400100,北京,本科批,物理,,X98BD16,专业组01,中国社会科学院大学,E7DD,新闻传播学类（含新闻学、广播电视学）,含新闻学、广播电视学,,,,,634,5176,,,,,,634,5176,,,,,,,,,本科,,,,,
8400101,北京,本科批,物理,,X98BD16,专业组01,中国社会科学院大学,0FBC,金融学,,,,,,634,5176,,,,,,634,5176,,,,,,,,,本科,,,,,
8400102,北京,本科批,物理,,X98BD16,专业组01,中国社会科学院大学,12E1,法语（只招英语考生，辅修国际事务与国际关系专业，复合型人才培养，合格者同时授予辅修学位）,只招英语考生，辅修国际事务与国际关系专业，复合型人才培养，合格者同时授予辅修学位,,,,,634,5176,,,,,,634,5176,,,,,,,,,本科,,,,,
8400103,北京,本科批,物理,,X98BD16,专业组01,中国社会科学院大学,7022,社会学,,,,,,634,5176,,,,,,634,5176,,,,,,,,,本科,,,,,
8400104,北京,本科批,物理,,X98BD16,专业组01,中国社会科学院大学,5CC8,哲学,,,,,,634,5176,,,,,,634,5176,,,,,,,,,本科,,,,,
8400105,北京,本科批,物理,,X98BD16,专业组01,中国社会科学院大学,D243,汉语言文学,,,,,,634,5176,,,,,,634,5176,,,,,,,,,本科,,,,,
8400106,北京,本科批,物理,,X98BD16,专业组01,中国社会科学院大学,6AB9,经济学,,,,,,634,5176,,,,,,634,5176,,,,,,,,,本科,,,,,
8400107,北京,本科批,物理,,X98BD16,专业组01,中国社会科学院大学,4873,历史学,,,,,,634,5176,,,,,,634,5176,,,,,,,,,本科,,,,,
8400108,北京,本科批,物理,,X98BD16,专业组01,中国社会科学院大学,927B,法学,,,,,,634,5176,,,,,,634,5176,,,,,,,,,本科,,,,,
8400275,北京,本科批,物理,,X8AB0C4,专业组01,中国石油大学（北京）克拉玛依校区,4D53,石油工程,,,,,,558,19195,,,,,,558,19195,,,,,,,,,本科,,,,,
8400276,北京,本科批,物理,,X8AB0C4,专业组01,中国石油大学（北京）克拉玛依校区,D6ED,化学工程与工艺,,,,,,558,19195,,,,,,558,19195,,,,,,,,,本科,,,,,
8400277,北京,本科批,物理,,X8AB0C4,专业组01,中国石油大学（北京）克拉玛依校区,12CD,油气储运工程,,,,,,562,18395,,,,,,562,18395,,,,,,,,,本科,,,,,
8400278,北京,本科批,物理,,X8AB0C4,专业组01,中国石油大学（北京）克拉玛依校区,0DD8,资源勘查工程,,,,,,574,15859,,,,,,574,15859,,,,,,,,,本科,,,,,
8401663,北京,本科批,物理,,XF5C873,专业组01,上海戏剧学院,6FF9,戏剧教育（文化课总成绩达到特殊类型招生控制分数线办学地点:华山路校区）,文化课总成绩达到特殊类型招生控制分数线办学地点:华山路校区,,,,,576,15428,,,,,,576,15428,,,,,,,,,本科,,,,,
8401664,北京,本科批,物理,,XF5C873,专业组01,上海戏剧学院,ECF8,广播电视编导（文化课总成绩达到特殊类型招生控制分数线办学地点:昌林路校区）,文化课总成绩达到特殊类型招生控制分数线办学地点:昌林路校区,,,,,577,15224,,,,,,577,15224,,,,,,,,,本科,,,,,
8401665,北京,本科批,物理,,XF5C873,专业组01,上海戏剧学院,8030,戏剧学（文化课总成绩达到特殊类型招生控制分数线办学地点:华山路校区）,文化课总成绩达到特殊类型招生控制分数线办学地点:华山路校区,,,,,577,15224,,,,,,577,15224,,,,,,,,,本科,,,,,
8401666,北京,本科批,物理,,XF5C873,专业组01,上海戏剧学院,F1B6,戏剧影视文学（文化课总成绩达到特殊类型招生控制分数线办学地点:华山路校区）,文化课总成绩达到特殊类型招生控制分数线办学地点:华山路校区,,,,,578,15033,,,,,,578,15033,,,,,,,,,本科,,,,,
8401667,北京,本科批,物理,,XF5C873,专业组01,上海戏剧学院,065E,影视摄影与制作（文化课总成绩达到特殊类型招生控制分数线办学地点:昌林路校区）,文化课总成绩达到特殊类型招生控制分数线办学地点:昌林路校区,,,,,578,15033,,,,,,578,15033,,,,,,,,,本科,,,,,
8401668,北京,本科批,物理,,XF5C873,专业组01,上海戏剧学院,E8A5,艺术管理（文化课总成绩达到特殊类型招生控制分数线办学地点:昌林路校区）,文化课总成绩达到特殊类型招生控制分数线办学地点:昌林路校区,,,,,585,13610,,,,,,585,13610,,,,,,,,,本科,,,,,
8401799,北京,本科批,物理,,X60F053,专业组03,北京印刷学院,5174,包装工程（不招色盲、色弱、单色识别能力异常;办学地点:主校区）,不招色盲、色弱、单色识别能力异常;办学地点:主校区,,,,,478,36997,,,,,,478,36997,,,,,,,,,本科,,,,,
8401800,北京,本科批,物理,,X60F053,专业组03,北京印刷学院,B054,机械工程（办学地点:主校区）,办学地点:主校区,,,,,479,36793,,,,,,479,36793,,,,,,,,,本科,,,,,
8401801,北京,本科批,物理,,X60F053,专业组03,北京印刷学院,629E,印刷工程（不招色盲、色弱、单色识别能力异常;办学地点:主校区）,不招色盲、色弱、单色识别能力异常;办学地点:主校区,,,,,479,36793,,,,,,479,36793,,,,,,,,,本科,,,,,
8401802,北京,本科批,物理,,X60F053,专业组03,北京印刷学院,D0DB,智能制造工程（办学地点:主校区）,办学地点:主校区,,,,,480,36562,,,,,,480,36562,,,,,,,,,本科,,,,,
8401803,北京,本科批,物理,,X60F053,专业组03,北京印刷学院,07B6,智能科学与技术（办学地点:主校区）,办学地点:主校区,,,,,481,36368,,,,,,481,36368,,,,,,,,,本科,,,,,
8401804,北京,本科批,物理,,X60F053,专业组03,北京印刷学院,77EA,高分子材料与工程（不招色盲、色弱、单色识别能力异常;办学地点:主校区）,不招色盲、色弱、单色识别能力异常;办学地点:主校区,,,,,481,36368,,,,,,481,36368,,,,,,,,,本科,,,,,
8401805,北京,本科批,物理,,X60F053,专业组03,北京印刷学院,3AF2,信息安全（数字版权保护）（办学地点:主校区）,数字版权保护; 办学地点:主校区,,,,,482,36158,,,,,,482,36158,,,,,,,,,本科,,,,,
8401806,北京,本科批,物理,,X60F053,专业组03,北京印刷学院,973A,数字媒体技术（办学地点:主校区）,办学地点:主校区,,,,,489,34671,,,,,,489,34671,,,,,,,,,本科,,,,,
8401807,北京,本科批,物理,,X60F053,专业组03,北京印刷学院,C9B9,自动化（办学地点:主校区）,办学地点:主校区,,,,,493,33792,,,,,,493,33792,,,,,,,,,本科,,,,,
8401808,北京,本科批,物理,,X60F053,专业组03,北京印刷学院,A28D,计算机科学与技术（办学地点:主校区）,办学地点:主校区,,,,,498,32667,,,,,,498,32667,,,,,,,,,本科,,,,,
8401809,北京,本科批,物理,,X60F053,专业组03,北京印刷学院,F0A1,印刷工程（毕昇卓越班）（不招色盲、色弱、单色识别能力异常;办学地点:主校区）,毕昇卓越班; 不招色盲、色弱、单色识别能力异常;办学地点:主校区,,,,,501,32011,,,,,,501,32011,,,,,,,,,本科,,,,,
8401810,北京,本科批,物理,,X60F053,专业组02,北京印刷学院,8D82,信息管理与信息系统（办学地点:西校区）,办学地点:西校区,,,,,503,31574,,,,,,503,31574,,,,,,,,,本科,,,,,
8401811,北京,本科批,物理,,X60F053,专业组01,北京印刷学院,0BE8,文化产业管理（办学地点:西校区）,办学地点:西校区,,,,,507,30652,,,,,,507,30652,,,,,,,,,本科,,,,,
8401812,北京,本科批,物理,,X60F053,专业组01,北京印刷学院,BD23,财务管理（办学地点:西校区）,办学地点:西校区,,,,,507,30652,,,,,,507,30652,,,,,,,,,本科,,,,,
8401813,北京,本科批,物理,,X60F053,专业组01,北京印刷学院,B693,广告学（办学地点:主校区）,办学地点:主校区,,,,,507,30652,,,,,,507,30652,,,,,,,,,本科,,,,,
8401814,北京,本科批,物理,,X60F053,专业组01,北京印刷学院,96D2,数字出版（办学地点:主校区）,办学地点:主校区,,,,,507,30652,,,,,,507,30652,,,,,,,,,本科,,,,,
8401815,北京,本科批,物理,,X60F053,专业组01,北京印刷学院,AEB2,传播学（办学地点:主校区）,办学地点:主校区,,,,,508,30404,,,,,,508,30404,,,,,,,,,本科,,,,,
8401816,北京,本科批,物理,,X60F053,专业组01,北京印刷学院,64F2,新闻学（办学地点:主校区）,办学地点:主校区,,,,,510,29984,,,,,,510,29984,,,,,,,,,本科,,,,,
8401817,北京,本科批,物理,,X60F053,专业组01,北京印刷学院,F2BE,编辑出版学（办学地点:主校区）,办学地点:主校区,,,,,515,28850,,,,,,515,28850,,,,,,,,,本科,,,,,
8401818,北京,本科批,物理,,X60F053,专业组01,北京印刷学院,145A,网络与新媒体（办学地点:主校区）,办学地点:主校区,,,,,517,28417,,,,,,517,28417,,,,,,,,,本科,,,,,
8402206,北京,本科批,物理,,XB473CD,专业组01,中国科学院大学,A093,数学与应用数学（华罗庚数学实验班，办学地点:雁栖湖校区/玉泉路校区）,华罗庚数学实验班，办学地点:雁栖湖校区/玉泉路校区,,,,,682,671,,,,,,682,671,,,,,,,,,本科,,,,,
8402207,北京,本科批,物理,,XB473CD,专业组01,中国科学院大学,7E8D,人文地理与城乡规划（办学地点:雁栖湖校区/玉泉路校区）,办学地点:雁栖湖校区/玉泉路校区,,,,,682,671,,,,,,682,671,,,,,,,,,本科,,,,,
8402208,北京,本科批,物理,,XB473CD,专业组01,中国科学院大学,C949,电子信息工程（办学地点:雁栖湖校区/玉泉路校区）,办学地点:雁栖湖校区/玉泉路校区,,,,,682,671,,,,,,682,671,,,,,,,,,本科,,,,,
8402209,北京,本科批,物理,,XB473CD,专业组01,中国科学院大学,7DE2,材料科学与工程（办学地点:雁栖湖校区/玉泉路校区）,办学地点:雁栖湖校区/玉泉路校区,,,,,682,671,,,,,,682,671,,,,,,,,,本科,,,,,
8402210,北京,本科批,物理,,XB473CD,专业组01,中国科学院大学,F2B3,人工智能（办学地点:雁栖湖校区/玉泉路校区）,办学地点:雁栖湖校区/玉泉路校区,,,,,682,671,,,,,,682,671,,,,,,,,,本科,,,,,
8402211,北京,本科批,物理,,XB473CD,专业组01,中国科学院大学,FF27,天文学（办学地点:雁栖湖校区/玉泉路校区）,办学地点:雁栖湖校区/玉泉路校区,,,,,682,671,,,,,,682,671,,,,,,,,,本科,,,,,
8402212,北京,本科批,物理,,XB473CD,专业组01,中国科学院大学,D2CD,电气工程及其自动化（办学地点:雁栖湖校区/玉泉路校区）,办学地点:雁栖湖校区/玉泉路校区,,,,,682,671,,,,,,682,671,,,,,,,,,本科,,,,,
8402213,北京,本科批,物理,,XB473CD,专业组01,中国科学院大学,DDCD,理论与应用力学（郭永怀力学实验班，办学地点:雁栖湖校区/玉泉路校区）,郭永怀力学实验班，办学地点:雁栖湖校区/玉泉路校区,,,,,682,671,,,,,,682,671,,,,,,,,,本科,,,,,
8402214,北京,本科批,物理,,XB473CD,专业组01,中国科学院大学,3259,化学（办学地点:雁栖湖校区/玉泉路校区）,办学地点:雁栖湖校区/玉泉路校区,,,,,682,671,,,,,,682,671,,,,,,,,,本科,,,,,
8402215,北京,本科批,物理,,XB473CD,专业组01,中国科学院大学,09AE,环境科学（办学地点:雁栖湖校区/玉泉路校区）,办学地点:雁栖湖校区/玉泉路校区,,,,,682,671,,,,,,682,671,,,,,,,,,本科,,,,,
8402216,北京,本科批,物理,,XB473CD,专业组01,中国科学院大学,B443,物理学（办学地点:雁栖湖校区/玉泉路校区）,办学地点:雁栖湖校区/玉泉路校区,,,,,682,671,,,,,,682,671,,,,,,,,,本科,,,,,
8402217,北京,本科批,物理,,XB473CD,专业组01,中国科学院大学,4427,计算机科学与技术（办学地点:雁栖湖校区/玉泉路校区）,办学地点:雁栖湖校区/玉泉路校区,,,,,682,671,,,,,,682,671,,,,,,,,,本科,,,,,
8402715,北京,本科批,物理,,X207325,专业组01,南京艺术学院,6F0C,艺术管理,,,,,,541,22915,,,,,,541,22915,,,,,,,,,本科,,,,,
8402716,北京,本科批,物理,,X207325,专业组01,南京艺术学院,1D75,文物保护与修复,,,,,,541,22915,,,,,,541,22915,,,,,,,,,本科,,,,,
8402717,北京,本科批,物理,,X207325,专业组01,南京艺术学院,EFA9,艺术设计学,,,,,,541,22915,,,,,,541,22915,,,,,,,,,本科,,,,,
8402718,北京,本科批,物理,,X207325,专业组01,南京艺术学院,5A5A,戏剧影视文学,,,,,,541,22915,,,,,,541,22915,,,,,,,,,本科,,,,,
8402719,北京,本科批,物理,,X207325,专业组01,南京艺术学院,7288,文化产业管理,,,,,,541,22915,,,,,,541,22915,,,,,,,,,本科,,,,,
8402852,北京,本科批,物理,,XF97FBD,专业组02,上海交通大学医学院,1AC5,临床医学（英语班）（五年）（中加联合办学项目）（专业不招色盲、色弱、单色识别能力异常;六大类疾病不予录取;专业为国家一流本科、卓越医学创新人才计划）,英语班; 五年; 中加联合办学项目; 专业不招色盲、色弱、单色识别能力异常;六大类疾病不予录取;专业为国家一流本科、卓越医学创新人才计划,,,,,668,1557,,,,,,668,1557,,,,,,,,,本科,,,,,
8402853,北京,本科批,物理,,XF97FBD,专业组01,上海交通大学医学院,E247,临床医学（本博连读）（八年医）（含美国等国家临床实践交流项目）（专业不招色盲、色弱、单色识别能力异常;六大类疾病不予录取;专业为国家一流本科、卓越医学创新人才计划）,本博连读; 八年医; 含美国等国家临床实践交流项目; 专业不招色盲、色弱、单色识别能力异常;六大类疾病不予录取;专业为国家一流本科、卓越医学创新人才计划,,,,,676,996,,,,,,676,996,,,,,,,,,本科,,,,,
8402854,北京,本科批,物理,,XF97FBD,专业组01,上海交通大学医学院,3D1E,临床医学（本博连读，口腔）（八年医）（含卡罗林斯卡大学等交流项目）（专业不招色盲、色弱、单色识别能力异常;六大类疾病不予录取;专业为国家一流本科、卓越医学创新人才计划）,本博连读，口腔; 八年医; 含卡罗林斯卡大学等交流项目; 专业不招色盲、色弱、单色识别能力异常;六大类疾病不予录取;专业为国家一流本科、卓越医学创新人才计划,,,,,676,996,,,,,,676,996,,,,,,,,,本科,,,,,
8402855,北京,本科批,物理,,XF97FBD,专业组01,上海交通大学医学院,5236,临床医学（本博连读，法语班）（八年医）（第一学年全体赴法语言培训2个月，第七学年选拔优秀学生赴法进行为期一年的法国外籍住院医师培训或科研培训）（专业不招色盲、色弱、单色识别能力异常;六大类疾病不予录取;专业为国家一流本科、卓越医学创新人才计划）,本博连读，法语班; 八年医; 第一学年全体赴法语言培训2个月，第七学年选拔优秀学生赴法进行为期一年的法国外籍住院医师培训或科研培训; 专业不招色盲、色弱、单色识别能力异常;六大类疾病不予录取;专业为国家一流本科、卓越医学创新人才计划,,,,,676,996,,,,,,676,996,,,,,,,,,本科,,,,,
8405908,北京,专科批,物理,,X084A34,专业组Z01,黄河水利职业技术大学,4CEB,"测绘地理信息技术（4200元,（物理合格,地理合格））","4200元,（物理合格,地理合格",,,,,120,7731,,,,,,120,7731,,,,,,,,,专科,,,,,
8405909,北京,专科批,物理,,X084A34,专业组Z01,黄河水利职业技术大学,8815,"大数据与财务管理（3700元,（历史合格,思想政治合格））","3700元,（历史合格,思想政治合格",,,,,125,7676,,,,,,125,7676,,,,,,,,,专科,,,,,
8405910,北京,专科批,物理,,X084A34,专业组Z01,黄河水利职业技术大学,1BBF,"水利水电建筑工程（4800元，（物理合格,地理合格））","4800元，（物理合格,地理合格",,,,,207,4800,,,,,,207,4800,,,,,,,,,专科,,,,,
8405911,北京,专科批,物理,,X084A34,专业组Z01,黄河水利职业技术大学,E1C2,"水利工程（4800元,（物理合格,地理合格））","4800元,（物理合格,地理合格",,,,,224,3563,,,,,,224,3563,,,,,,,,,专科,,,,,
8406640,北京,专科批,物理,,XB3A730,专业组Z01,北京科技职业大学,2BB9,"服装设计与工艺（6000元,（历史合格,信息技术合格））","6000元,（历史合格,信息技术合格",,,,,217,4131,,,,,,217,4131,,,,,,,,,专科,,,,,
8406641,北京,专科批,物理,,XB3A730,专业组Z01,北京科技职业大学,CCD0,"展示艺术设计（6000元,（历史合格,信息技术合格））","6000元,（历史合格,信息技术合格",,,,,219,3961,,,,,,219,3961,,,,,,,,,专科,,,,,
8406642,北京,专科批,物理,,XB3A730,专业组Z01,北京科技职业大学,F3A8,"物联网应用技术（6000元,（物理合格,信息技术合格））","6000元,（物理合格,信息技术合格",,,,,219,3961,,,,,,219,3961,,,,,,,,,专科,,,,,
8406643,北京,专科批,物理,,XB3A730,专业组Z01,北京科技职业大学,A341,"工业互联网应用（6000元,（物理合格,信息技术合格））","6000元,（物理合格,信息技术合格",,,,,224,3563,,,,,,224,3563,,,,,,,,,专科,,,,,
8406644,北京,专科批,物理,,XB3A730,专业组Z01,北京科技职业大学,632C,"计算机网络技术（6000元，（物理合格,信息技术合格））","6000元，（物理合格,信息技术合格",,,,,225,3496,,,,,,225,3496,,,,,,,,,专科,,,,,
8406645,北京,专科批,物理,,XB3A730,专业组Z01,北京科技职业大学,9816,"电子商务（6000元,（地理合格,信息技术合格））","6000元,（地理合格,信息技术合格",,,,,227,3317,,,,,,227,3317,,,,,,,,,专科,,,,,
8406646,北京,专科批,物理,,XB3A730,专业组Z01,北京科技职业大学,A47E,"建筑智能化工程技术（6000元,（物理合格,信息技术合格））","6000元,（物理合格,信息技术合格",,,,,229,3144,,,,,,229,3144,,,,,,,,,专科,,,,,
8406647,北京,专科批,物理,,XB3A730,专业组Z01,北京科技职业大学,DCA4,"游戏艺术设计（6000元,（历史合格,信息技术合格））","6000元,（历史合格,信息技术合格",,,,,229,3144,,,,,,229,3144,,,,,,,,,专科,,,,,
8406648,北京,专科批,物理,,XB3A730,专业组Z01,北京科技职业大学,CA73,"国际商务（6000元,（地理合格,信息技术合格））","6000元,（地理合格,信息技术合格",,,,,230,3063,,,,,,230,3063,,,,,,,,,专科,,,,,
8406649,北京,专科批,物理,,XB3A730,专业组Z01,北京科技职业大学,C0DA,"广播影视节目制作（6000元,（历史合格,信息技术合格））","6000元,（历史合格,信息技术合格",,,,,231,2982,,,,,,231,2982,,,,,,,,,专科,,,,,
8406650,北京,专科批,物理,,XB3A730,专业组Z01,北京科技职业大学,79D7,"环境艺术设计（6000元，（历史合格,信息技术合格））","6000元，（历史合格,信息技术合格",,,,,231,2982,,,,,,231,2982,,,,,,,,,专科,,,,,
8406651,北京,专科批,物理,,XB3A730,专业组Z01,北京科技职业大学,2441,"计算机应用技术（6000元,（物理合格,信息技术合格））","6000元,（物理合格,信息技术合格",,,,,232,2892,,,,,,232,2892,,,,,,,,,专科,,,,,
8406652,北京,专科批,物理,,XB3A730,专业组Z01,北京科技职业大学,3A23,"供热通风与空调工程技术（6000元,（物理合格,信息技术合格））","6000元,（物理合格,信息技术合格",,,,,233,2801,,,,,,233,2801,,,,,,,,,专科,,,,,
8406653,北京,专科批,物理,,XB3A730,专业组Z01,北京科技职业大学,FB52,"电子信息工程技术（6000元,（物理合格,信息技术合格））","6000元,（物理合格,信息技术合格",,,,,239,2260,,,,,,239,2260,,,,,,,,,专科,,,,,
8406654,北京,专科批,物理,,XB3A730,专业组Z01,北京科技职业大学,C547,"汽车检测与维修技术（6000元,（物理合格,思想政治合格））","6000元,（物理合格,思想政治合格",,,,,240,2179,,,,,,240,2179,,,,,,,,,专科,,,,,
8406655,北京,专科批,物理,,XB3A730,专业组Z01,北京科技职业大学,9C02,"商务英语（6000元,（地理合格,信息技术合格））","6000元,（地理合格,信息技术合格",,,,,240,2179,,,,,,240,2179,,,,,,,,,专科,,,,,
8406656,北京,专科批,物理,,XB3A730,专业组Z01,北京科技职业大学,BD61,"汽车制造与试验技术（6000元,（物理合格,思想政治合格））","6000元,（物理合格,思想政治合格",,,,,242,2032,,,,,,242,2032,,,,,,,,,专科,,,,,
8406657,北京,专科批,物理,,XB3A730,专业组Z01,北京科技职业大学,C61B,"智能网联汽车技术（6000元,（物理合格,思想政治合格））","6000元,（物理合格,思想政治合格",,,,,242,2032,,,,,,242,2032,,,,,,,,,专科,,,,,
8406658,北京,专科批,物理,,XB3A730,专业组Z01,北京科技职业大学,41EC,"城市轨道交通机电技术（6000元,（物理合格,思想政治合格））","6000元,（物理合格,思想政治合格",,,,,242,2032,,,,,,242,2032,,,,,,,,,专科,,,,,
8406659,北京,专科批,物理,,XB3A730,专业组Z01,北京科技职业大学,6327,"食品营养与健康（6000元,（化学合格,生物合格））","6000元,（化学合格,生物合格",,,,,242,2032,,,,,,242,2032,,,,,,,,,专科,,,,,
8407187,北京,本科批,物理,,XDCF549,专业组01,中央戏剧学院,A9BF,戏剧教育（师范）（办学地点:昌平校区）,师范; 办学地点:昌平校区,,,,,600,10787,,,,,,600,10787,,,,,,,,,本科,,,,,
8407188,北京,本科批,物理,,XDCF549,专业组01,中央戏剧学院,EA45,艺术管理（剧院管理）（办学地点:昌平校区）,剧院管理; 办学地点:昌平校区,,,,,600,10787,,,,,,600,10787,,,,,,,,,本科,,,,,
8407189,北京,本科批,物理,,XDCF549,专业组01,中央戏剧学院,55DC,戏剧学（戏剧史论与批评）（办学地点:昌平校区）,戏剧史论与批评; 办学地点:昌平校区,,,,,605,9850,,,,,,605,9850,,,,,,,,,本科,,,,,
8407190,北京,本科批,物理,,XDCF549,专业组01,中央戏剧学院,C33A,艺术管理（影视制片）（办学地点:昌平校区）,影视制片; 办学地点:昌平校区,,,,,606,9678,,,,,,606,9678,,,,,,,,,本科,,,,,
8407191,北京,本科批,物理,,XDCF549,专业组01,中央戏剧学院,576F,艺术管理（演出制作）（办学地点:昌平校区）,演出制作; 办学地点:昌平校区,,,,,609,9179,,,,,,609,9179,,,,,,,,,本科,,,,,
8407192,北京,本科批,物理,,XDCF549,专业组01,中央戏剧学院,7222,戏剧影视文学（电视剧创作）（办学地点:昌平校区）,电视剧创作; 办学地点:昌平校区,,,,,612,8660,,,,,,612,8660,,,,,,,,,本科,,,,,
8407193,北京,本科批,物理,,XDCF549,专业组01,中央戏剧学院,CDC1,戏剧影视文学（戏剧创作）（五年）（办学地点:昌平校区）,戏剧创作; 五年; 办学地点:昌平校区,,,,,617,7807,,,,,,617,7807,,,,,,,,,本科,,,,,
8407293,北京,本科批,物理,,X930B74,专业组01,四川美术学院,88DE,艺术教育（不招色盲、单色识别能力异常;办学地点:虎溪校区）,不招色盲、单色识别能力异常;办学地点:虎溪校区,,,,,492,34007,,,,,,492,34007,,,,,,,,,本科,,,,,
8407294,北京,本科批,物理,,X930B74,专业组01,四川美术学院,F90A,艺术史论（不招色盲、单色识别能力异常;办学地点:虎溪校区）,不招色盲、单色识别能力异常;办学地点:虎溪校区,,,,,499,32443,,,,,,499,32443,,,,,,,,,本科,,,,,
8407295,北京,本科批,物理,,X930B74,专业组01,四川美术学院,761A,风景园林（不招色盲、单色识别能力异常;办学地点:虎溪校区）,不招色盲、单色识别能力异常;办学地点:虎溪校区,,,,,504,31368,,,,,,504,31368,,,,,,,,,本科,,,,,
8407296,北京,本科批,物理,,X930B74,专业组01,四川美术学院,7568,建筑学（五年）（（不招色盲、单色识别能力异常;办学地点:虎溪校区）,五年; （不招色盲、单色识别能力异常;办学地点:虎溪校区,,,,,514,29083,,,,,,514,29083,,,,,,,,,本科,,,,,
8407297,北京,本科批,物理,,X930B74,专业组01,四川美术学院,FAE0,美术学（不招色盲、单色识别能力异常;办学地点:虎溪校区）,不招色盲、单色识别能力异常;办学地点:虎溪校区,,,,,517,28417,,,,,,517,28417,,,,,,,,,本科,,,,,
8407298,北京,本科批,物理,,X930B74,专业组01,四川美术学院,9A20,艺术设计学（不招色盲、单色识别能力异常;办学地点:虎溪校区）,不招色盲、单色识别能力异常;办学地点:虎溪校区,,,,,521,27493,,,,,,521,27493,,,,,,,,,本科,,,,,
8407299,北京,本科批,物理,,X930B74,专业组02,四川美术学院,A3AE,工业设计（不招色盲、单色识别能力异常;办学地点:虎溪校区）,不招色盲、单色识别能力异常;办学地点:虎溪校区,,,,,540,23122,,,,,,540,23122,,,,,,,,,本科,,,,,
8407459,北京,本科批,物理,,X25D88A,专业组01,中国美术学院,837D,艺术学理论类（含艺术史论、艺术管理）（专业办学地点:南山校区）,含艺术史论、艺术管理; 专业办学地点:南山校区,,,,,542,22695,,,,,,542,22695,,,,,,,,,本科,,,,,
8407531,北京,本科批,物理,,XDAA43F,专业组02,上海音乐学院,A68F,艺术管理（办学地点:零陵路校区）,办学地点:零陵路校区,,,,,574,15859,,,,,,574,15859,,,,,,,,,本科,,,,,
8407532,北京,本科批,物理,,XDAA43F,专业组01,上海音乐学院,909A,艺术与科技（音乐科技与艺术）（办学地点:零陵路校区）,音乐科技与艺术; 办学地点:零陵路校区,,,,,578,15033,,,,,,578,15033,,,,,,,,,本科,,,,,
8407540,北京,本科批,物理,,XDD805A,专业组01,中央美术学院,4539,"艺术史论（中外合作办学）（不招色盲、单色识别能力异常,办学地点:上海校区）","中外合作办学; 不招色盲、单色识别能力异常,办学地点:上海校区",,,,,593,12095,,,,,,593,12095,,,,,,,,,本科,,,,,
8407541,北京,本科批,物理,,XDD805A,专业组01,中央美术学院,A4DA,"艺术管理（中外合作办学）（不招色盲、单色识别能力异常,办学地点:上海校区）","中外合作办学; 不招色盲、单色识别能力异常,办学地点:上海校区",,,,,602,10383,,,,,,602,10383,,,,,,,,,本科,,,,,
8407542,北京,本科批,物理,,XDD805A,专业组02,中央美术学院,AE8F,文化产业管理（不招色盲、单色识别能力异常，办学地点:望京校区）,不招色盲、单色识别能力异常，办学地点:望京校区,,,,,615,8152,,,,,,615,8152,,,,,,,,,本科,,,,,
8407543,北京,本科批,物理,,XDD805A,专业组04,中央美术学院,62B3,工业设计（不招色盲、单色识别能力异常，办学地点:望京校区）,不招色盲、单色识别能力异常，办学地点:望京校区,,,,,617,7807,,,,,,617,7807,,,,,,,,,本科,,,,,
8407544,北京,本科批,物理,,XDD805A,专业组02,中央美术学院,90FE,艺术管理（不招色盲、单色识别能力异常，办学地点:望京校区）,不招色盲、单色识别能力异常，办学地点:望京校区,,,,,617,7807,,,,,,617,7807,,,,,,,,,本科,,,,,
8407545,北京,本科批,物理,,XDD805A,专业组03,中央美术学院,F130,城市设计（不招色盲、单色识别能力异常，办学地点:望京校区）,不招色盲、单色识别能力异常，办学地点:望京校区,,,,,619,7491,,,,,,619,7491,,,,,,,,,本科,,,,,
8407546,北京,本科批,物理,,XDD805A,专业组02,中央美术学院,DF7D,艺术史论（不招色盲、单色识别能力异常，办学地点:望京校区）,不招色盲、单色识别能力异常，办学地点:望京校区,,,,,621,7172,,,,,,621,7172,,,,,,,,,本科,,,,,
8408978,北京,本科批,物理,,X008628,专业组01,中国人民大学（苏州校区）,C5A2,传播学（中外合作办学）（国际传播拔尖创新班）（合作院校为法国保罗-瓦莱里大学，毕业时可获中法双学位并可赴合作院校攻读硕士;办学地点:苏州校区）,中外合作办学; 国际传播拔尖创新班; 合作院校为法国保罗-瓦莱里大学，毕业时可获中法双学位并可赴合作院校攻读硕士;办学地点:苏州校区,,,,,647,3504,,,,,,647,3504,,,,,,,,,本科,,,,,
8408979,北京,本科批,物理,,X008628,专业组01,中国人民大学（苏州校区）,FBA3,国民经济管理（中外合作办学）（合作院校为法国保罗-瓦莱里大学，毕业时可获中法双学位并可赴合作院校攻读硕士;办学地点:苏州校区）,中外合作办学; 合作院校为法国保罗-瓦莱里大学，毕业时可获中法双学位并可赴合作院校攻读硕士;办学地点:苏州校区,,,,,647,3504,,,,,,647,3504,,,,,,,,,本科,,,,,
8408980,北京,本科批,物理,,X008628,专业组01,中国人民大学（苏州校区）,E177,��融学（中外合作办学）（合作院校为法国KEDGE商学院，毕业时可获中法双学位并可赴合作院校攻读硕士;办学地点:苏州校区）,中外合作办学; 合作院校为法国KEDGE商学院，毕业时可获中法双学位并可赴合作院校攻读硕士;办学地点:苏州校区,,,,,647,3504,,,,,,647,3504,,,,,,,,,本科,,,,,
8408981,北京,本科批,物理,,X008628,专业组01,中国人民大学（苏州校区）,215E,人力资源管理（中外合作办学）（合作院校为法国保罗-瓦莱里大学，毕业时可获中法双学位并可赴合作院校攻读硕士;办学地点:苏州校区）,中外合作办学; 合作院校为法国保罗-瓦莱里大学，毕业时可获中法双学位并可赴合作院校攻读硕士;办学地点:苏州校区,,,,,647,3504,,,,,,647,3504,,,,,,,,,本科,,,,,
8408982,北京,本科批,物理,,X008628,专业组02,中国人民大学（苏州校区）,4FCB,数学与应用数学（中外合作办学）（人大索邦数学拔尖实验班）（合作院校为法国索邦大学，毕业时可获中法双学位并可赴合作院校攻读硕士;办学地点:苏州校区）,中外合作办学; 人大索邦数学拔尖实验班; 合作院校为法国索邦大学，毕业时可获中法双学位并可赴合作院校攻读硕士;办学地点:苏州校区,,,,,656,2592,,,,,,656,2592,,,,,,,,,本科,,,,,
8410257,北京,本科批,物理,,X731F7F,专业组01,复旦大学上海医学院,A98F,临床医学（卓越医生计划）（八年医）,卓越医生计划; 八年医,,,,,679,813,,,,,,679,813,,,,,,,,,本科,,,,,
8410671,北京,本科批,物理,,XEFC3C9,专业组01,首都体育学院,88ED,体育经济与管理,,,,,,495,33354,,,,,,495,33354,,,,,,,,,本科,,,,,
8410672,北京,本科批,物理,,XEFC3C9,专业组01,首都体育学院,090D,公共事业管理,,,,,,496,33127,,,,,,496,33127,,,,,,,,,本科,,,,,
8410673,北京,本科批,物理,,XEFC3C9,专业组01,首都体育学院,31F2,电子竞技运动与管理,,,,,,499,32443,,,,,,499,32443,,,,,,,,,本科,,,,,
8410674,北京,本科批,物理,,XEFC3C9,专业组01,首都体育学院,DD51,新闻学（体育新闻）,体育新闻,,,,,501,32011,,,,,,501,32011,,,,,,,,,本科,,,,,
8410675,北京,本科批,物理,,XEFC3C9,专业组02,首都体育学院,744D,运动人体科学（不招色盲、色弱）,不招色盲、色弱,,,,,504,31368,,,,,,504,31368,,,,,,,,,本科,,,,,
8410676,北京,本科批,物理,,XEFC3C9,专业组02,首都体育学院,D8B1,运动康复（不招色盲、色弱）,不招色盲、色弱,,,,,507,30652,,,,,,507,30652,,,,,,,,,本科,,,,,
8410768,北京,本科批,物理,,XC63EFE,专业组01,香港城市大学,B0CB,智能制造工程（中外合作办学）（（专业为拔尖创新人才培养，就读期间满足相关要求可申请去港城大交换一学期，本科毕业达到相关要求优先升读港城莞或港城大;入学不分专业，大一可在计算机科学与技术、智能制造工程、材料科学与工程、能源与动力工程四个专业中选择，无名额限制，大二结束时必须选定专业）,中外合作办学; （专业为拔尖创新人才培养，就读期间满足相关要求可申请去港城大交换一学期，本科毕业达到相关要求优先升读港城莞或港城大;入学不分专业，大一可在计算机科学与技术、智能制造工程、材料科学与工程、能源与动力工程四个专业中选择，无名额限制，大二结束时必须选定专业,,,,,625,6546,,,,,,625,6546,,,,,,,,,本科,,,,,
8410769,北京,本科批,物理,,XC63EFE,专业组01,香港城市大学,DC8D,能源与动力工程（中外合作办学）（（专业为拔尖创新人才培养，就读期间满足相关要求可申请去港城大交换一学期，本科毕业达到相关要求优先升读港城莞或港城大;入学不分专业，大一可在计算机科学与技术、智能制造工程、材料科学与工程、能源与动力工程四个专业中选择，无名额限制，大二结束时必须选定专业）,中外合作办学; （专业为拔尖创新人才培养，就读期间满足相关要求可申请去港城大交换一学期，本科毕业达到相关要求优先升读港城莞或港城大;入学不分专业，大一可在计算机科学与技术、智能制造工程、材料科学与工程、能源与动力工程四个专业中选择，无名额限制，大二结束时必须选定专业,,,,,625,6546,,,,,,625,6546,,,,,,,,,本科,,,,,
8410770,北京,本科批,物理,,XC63EFE,专业组01,香港城市大学,2A4C,材料科学与工程（中外合作办学）（（专业为拔尖创新人才培养，就读期间满足相关要求可申请去港城大交换一学期，本科毕业达到相关要求优先升读港城莞或港城大;入学不分专业，大一可在计算机科学与技术、智能制造工程、材料科学与工程、能源与动力工程四个专业中选择，无名额限制，大二结束时必须选定专业）,中外合作办学; （专业为拔尖创新人才培养，就读期间满足相关要求可申请去港城大交换一学期，本科毕业达到相关要求优先升读港城莞或港城大;入学不分专业，大一可在计算机科学与技术、智能制造工程、材料科学与工程、能源与动力工程四个专业中选择，无名额限制，大二结束时必须选定专业,,,,,625,6546,,,,,,625,6546,,,,,,,,,本科,,,,,
8410771,北京,本科批,物理,,XC63EFE,专业组01,香港城市大学,D347,计算机科学与技术（中外合作办学）（（专业为拔尖创新人才培养，就读期间满足相关要求可申请去港城大交换一学期，本科毕业达到相关要求优先升读港城莞或港城大;入学不分专业，大一可在计算机科学与技术、智能制造工程、材料科学与工程、能源与动力工程四个专业中选择，无名额限制，大二结束时必须选定专业）,中外合作办学; （专业为拔尖创新人才培养，就读期间满足相关要求可申请去港城大交换一学期，本科毕业达到相关要求优先升读港城莞或港城大;入学不分专业，大一可在计算机科学与技术、智能制造工程、材料科学与工程、能源与动力工程四个专业中选择，无名额限制，大二结束时必须选定专业,,,,,625,6546,,,,,,625,6546,,,,,,,,,本科,,,,,
8411172,北京,专科批,物理,,X67B90A,专业组Z01,民政职业大学,F028,"影视多媒体技术（6000元，（思想政治合格,信息技术合格））（办学地点燕郊校区）","6000元，（思想政治合格,信息技术合格; 办学地点燕郊校区",,,,,120,7731,,,,,,120,7731,,,,,,,,,专科,,,,,
8411173,北京,专科批,物理,,X67B90A,专业组Z01,民政职业大学,CCE2,"学前教育（6000元,（历史合格,思想政治合格））（办学地点燕郊校区）","6000元,（历史合格,思想政治合格; 办学地点燕郊校区",,,,,120,7731,,,,,,120,7731,,,,,,,,,专科,,,,,
8411174,北京,专科批,物理,,X67B90A,专业组Z01,民政职业大学,7A99,"现代家政服务与管理（婴幼儿照护）（6000元,（历史合格,思想政治合格））（办学地点燕郊校区）","婴幼儿照护; 6000元,（历史合格,思想政治合格; 办学地点燕郊校区",,,,,120,7731,,,,,,120,7731,,,,,,,,,专科,,,,,
8411175,北京,专科批,物理,,X67B90A,专业组Z01,民政职业大学,86B8,"早期教育（6000元,（历史合格,思想政治合格））（办学地点燕郊校区）","6000元,（历史合格,思想政治合格; 办学地点燕郊校区",,,,,120,7731,,,,,,120,7731,,,,,,,,,专科,,,,,
8411176,北京,专科批,物理,,X67B90A,专业组Z01,民政职业大学,9202,"健康管理（6000元,（思想政治合格,生物合格））（办学地点燕郊校区）","6000元,（思想政治合格,生物合格; 办学地点燕郊校区",,,,,120,7731,,,,,,120,7731,,,,,,,,,专科,,,,,
8411177,北京,专科批,物理,,X67B90A,专业组Z01,民政职业大学,C710,"婚庆服务与管理（主持与主播）（6000元,（思想政治合格，信息技术合格））（办学地点燕郊校区）","主持与主播; 6000元,（思想政治合格，信息技术合格; 办学地点燕郊校区",,,,,120,7731,,,,,,120,7731,,,,,,,,,专科,,,,,
8411178,北京,专科批,物理,,X67B90A,专业组Z01,民政职业大学,78D2,"公益慈善事业管理（6000元,（历史合格,思想政治合格））（办学地点燕郊校区）","6000元,（历史合格,思想政治合格; 办学地点燕郊校区",,,,,120,7731,,,,,,120,7731,,,,,,,,,专科,,,,,
8411179,北京,专科批,物理,,X67B90A,专业组Z01,民政职业大学,D031,"康复辅助器具技术（假肢矫形器技术）（6000元,（化学合格,生物合格））（办学地点燕郊校区）","假肢矫形器技术; 6000元,（化学合格,生物合格; 办学地点燕郊校区",,,,,120,7731,,,,,,120,7731,,,,,,,,,专科,,,,,
8411180,北京,专科批,物理,,X67B90A,专业组Z01,民政职业大学,86F3,"康复辅助器具技术（足踝矫形技术）（6000元,（化学合格,生物合格））（办学地点燕郊校区）","足踝矫形技术; 6000元,（化学合格,生物合格; 办学地点燕郊校区",,,,,120,7731,,,,,,120,7731,,,,,,,,,专科,,,,,
8411181,北京,专科批,物理,,X67B90A,专业组Z01,民政职业大学,A0F6,"大数据与会计（6000元,（思想政治合格,信息技术合格））（办学地点燕郊校区）","6000元,（思想政治合格,信息技术合格; 办学地点燕郊校区",,,,,120,7731,,,,,,120,7731,,,,,,,,,专科,,,,,
8411182,北京,专科批,物理,,X67B90A,专业组Z01,民政职业大学,2C26,"康复辅助器具技术（6000元,（化学合格,生物合格））（办学地点燕郊校区）","6000元,（化学合格,生物合格; 办学地点燕郊校区",,,,,120,7731,,,,,,120,7731,,,,,,,,,专科,,,,,
8411183,北京,专科批,物理,,X67B90A,专业组Z01,民政职业大学,0F7A,"民政服务与管理（6000元,（历史合格,思想政治合格））（办学地点燕郊校区）","6000元,（历史合格,思想政治合格; 办学地点燕郊校区",,,,,161,6894,,,,,,161,6894,,,,,,,,,专科,,,,,
8411184,北京,专科批,物理,,X67B90A,专业组Z01,民政职业大学,E8FA,"殡葬设备维护技术（6000元,（化学合格,思想政治合格））（办学地点燕郊校区）","6000元,（化学合格,思想政治合格; 办学地点燕郊校区",,,,,190,5775,,,,,,190,5775,,,,,,,,,专科,,,,,
8411185,北京,专科批,物理,,X67B90A,专业组Z01,民政职业大学,FD39,"人力资源管理（6000元,（思想政治合格,信息技术合格））（办学地点燕郊校区）","6000元,（思想政治合格,信息技术合格; 办学地点燕郊校区",,,,,204,4988,,,,,,204,4988,,,,,,,,,专科,,,,,
8411186,北京,专科批,物理,,X67B90A,专业组Z01,民政职业大学,0D82,"言语听觉康复技术（6000元,（化学合格,生物合格））（办学地点燕郊校区）","6000元,（化学合格,生物合格; 办学地点燕郊校区",,,,,207,4800,,,,,,207,4800,,,,,,,,,专科,,,,,
8411187,北京,专科批,物理,,X67B90A,专业组Z01,民政职业大学,5402,"陵园服务与管理（6000元,（历史合格,思想政治合格））（办学地点燕郊校区）","6000元,（历史合格,思想政治合格; 办学地点燕郊校区",,,,,209,4668,,,,,,209,4668,,,,,,,,,专科,,,,,
8411188,北京,专科批,物理,,X67B90A,专业组Z01,民政职业大学,0C06,"社会工作（6000元,（历史合格,思想政治合格））（办学地点燕郊校区）","6000元,（历史合格,思想政治合格; 办学地点燕郊校区",,,,,211,4531,,,,,,211,4531,,,,,,,,,专科,,,,,
8411189,北京,专科批,物理,,X67B90A,专业组Z01,民政职业大学,5A29,"社区管理与服务（6000元,（历史合格,思想政治合格））（办学地点燕郊校区）","6000元,（历史合格,思想政治合格; 办学地点燕郊校区",,,,,214,4326,,,,,,214,4326,,,,,,,,,专科,,,,,
8411190,北京,专科批,物理,,X67B90A,专业组Z01,民政职业大学,13EF,婚庆服务与管理（策划与设计）（6000元，（思想政治合格，信息技术合格））（办学地点燕郊校区）,策划与设计; 6000元，（思想政治合格，信息技术合格; 办学地点燕郊校区,,,,,226,3403,,,,,,226,3403,,,,,,,,,专科,,,,,
8411191,北京,专科批,物理,,X67B90A,专业组Z01,民政职业大学,2012,"康复治疗技术（6000元,（化学合格,生物合格））（办学地点燕郊校区）","6000元,（化学合格,生物合格; 办学地点燕郊校区",,,,,233,2801,,,,,,233,2801,,,,,,,,,专科,,,,,
8411289,北京,本科批,物理,,XC0A658,专业组01,北京舞蹈学院,6F0C,艺术管理,,,,,,529,25630,,,,,,529,25630,,,,,,,,,本科,,,,,
8411307,北京,本科批,物理,,X050732,专业组01,浙江大学医学院,5E6C,临床医学（5+3—体化培养）（五年）,5+3—体化培养; 五年,,,,,662,2036,,,,,,662,2036,,,,,,,,,本科,,,,,
8411619,北京,本科批,物理,,X4FB251,专业组01,中国戏曲学院,75EE,戏剧影视文学（戏曲文学）（语文成绩不低于110分）,戏曲文学; 语文成绩不低于110分,,,,,516,28622,,,,,,516,28622,,,,,,,,,本科,,,,,
8411620,北京,本科批,物理,,X4FB251,专业组03,中国戏曲学院,96B1,艺术管理（戏曲教育）,戏曲教育,,,,,521,27493,,,,,,521,27493,,,,,,,,,本科,,,,,
8411621,北京,本科批,物理,,X4FB251,专业组02,中国戏曲学院,22EB,艺术管理（国际文化交流）（外语成绩不低于110分）,国际文化交流; 外语成绩不低于110分,,,,,528,25842,,,,,,528,25842,,,,,,,,,本科,,,,,
8411622,北京,本科批,物理,,X4FB251,专业组03,中国戏曲学院,7288,文化产业管理,,,,,,530,25414,,,,,,530,25414,,,,,,,,,本科,,,,,
8411690,北京,本科批,物理,,X6C35CD,专业组01,中国音乐学院,56AB,艺术管理（音乐管理）,音乐管理,,,,,544,22278,,,,,,544,22278,,,,,,,,,本科,,,,,
