id,生源地,批次,科类,选科限制,院校代码,专业组代码,院校名称,专业代码,专业名称,专业备注,学制,学费,计划数,新增专业,录取最低分,录取最低位次,专业组最低分,专业组最低位次,专业组最低分.1,专业组最低位次.1,计划数.1,最低分,最低位次,计划数.2,最低分.1,最低位次.1,计划数.3,最低分.2,最低位次.2,所在省,城市,本科/专科,隶属单位,院校标签,类型,公私性质,院校水平
8000527,上海,本科批,物理,,XE3E6F6,专业组01,湖北汽车工业学院,26A7,车辆工程,,,,,,441,33999,,,,,,441,33999,,,,,,,,,本科,,,,,
8000965,上海,本科批,物理,,X4B1FD0,专业组02,井冈山大学,4145,英语,,,,,,407,40915,,,,,,407,40915,,,,,,,,,本科,,,,,
8000966,上海,本科批,物理,,X4B1FD0,专业组02,井冈山大学,2242,广播电视编导,,,,,,409,40573,,,,,,409,40573,,,,,,,,,本科,,,,,
8000967,上海,本科批,物理,,X4B1FD0,专业组02,井冈山大学,AFF5,汉语言文学（师范类）,师范类,,,,,411,40210,,,,,,411,40210,,,,,,,,,本科,,,,,
8000968,上海,本科批,物理,,X4B1FD0,专业组01,井冈山大学,0541,生物科学,,,,,,417,39079,,,,,,417,39079,,,,,,,,,本科,,,,,
8000969,上海,本科批,物理,,X4B1FD0,专业组01,井冈山大学,0294,物理学（师范类）,师范类,,,,,421,38266,,,,,,421,38266,,,,,,,,,本科,,,,,
8000970,上海,本科批,物理,,X4B1FD0,专业组02,井冈山大学,9569,小学教育（师范类）,师范类,,,,,422,38053,,,,,,422,38053,,,,,,,,,本科,,,,,
8000971,上海,本科批,物理,,X4B1FD0,专业组01,井冈山大学,B8DA,数学与应用数学（师范类）,师范类,,,,,425,37468,,,,,,425,37468,,,,,,,,,本科,,,,,
8001510,上海,本科批,物理,,XDA307D,专业组01,中原工学院,B177,测控技术与仪器（中外合作办学）,中外合作办学,,,,,422,38053,,,,,,422,38053,,,,,,,,,本科,,,,,
8001511,上海,本科批,物理,,XDA307D,专业组01,中原工学院,D3F0,软件工程（中外合作办学）,中外合作办学,,,,,426,37259,,,,,,426,37259,,,,,,,,,本科,,,,,
8001512,上海,本科批,物理,,XDA307D,专业组01,中原工学院,8091,电气工程及其自动化（中外合作办学）,中外合作办学,,,,,429,36629,,,,,,429,36629,,,,,,,,,本科,,,,,
8002019,上海,本科批,物理,,X7F825D,专业组03,衡阳师范学院,25DE,国际经济与贸易,,,,,,429,36629,,,,,,429,36629,,,,,,,,,本科,,,,,
8002020,上海,本科批,物理,,X7F825D,专业组03,衡阳师范学院,5D72,网络与新媒体,,,,,,429,36629,,,,,,429,36629,,,,,,,,,本科,,,,,
8002021,上海,本科批,物理,,X7F825D,专业组03,衡阳师范学院,AFF5,汉语言文学（师范类）,师范类,,,,,431,36222,,,,,,431,36222,,,,,,,,,本科,,,,,
8002022,上海,本科批,物理,,X7F825D,专业组02,衡阳师范学院,BFDA,人文地理与城乡规划,,,,,,431,36222,,,,,,431,36222,,,,,,,,,本科,,,,,
8002023,上海,本科批,物理,,X7F825D,专业组01,衡阳师范学院,C17B,思想政治教育（师范类）,师范类,,,,,443,33531,,,,,,443,33531,,,,,,,,,本科,,,,,
8002538,上海,本科批,物理,,X8645C5,专业组01,南阳师范学院,1C92,数字经济,,,,,,418,38869,,,,,,418,38869,,,,,,,,,本科,,,,,
8002539,上海,本科批,物理,,X8645C5,专业组02,南阳师范学院,BA83,汉语国际教育（师范类）,师范类,,,,,430,36436,,,,,,430,36436,,,,,,,,,本科,,,,,
8003363,上海,本科批,物理,,XF64CFB,专业组01,常州工学院,671C,日语,,,,,,442,33532,,,,,,442,33532,,,,,,,,,本科,,,,,
8003364,上海,本科批,物理,,XF64CFB,专业组01,常州工学院,4154,电子商务,,,,,,442,33532,,,,,,442,33532,,,,,,,,,本科,,,,,
8003626,上海,本科批,物理,,X336DBD,专业组01,四川轻化工大学,CA0F,旅游管理,,,,,,432,36033,,,,,,432,36033,,,,,,,,,本科,,,,,
8003627,上海,本科批,物理,,X336DBD,专业组01,四川轻化工大学,04A0,工商管理,,,,,,435,35341,,,,,,435,35341,,,,,,,,,本科,,,,,
8003628,上海,本科批,物理,,X336DBD,专业组01,四川轻化工大学,AC90,行政管理,,,,,,438,34709,,,,,,438,34709,,,,,,,,,本科,,,,,
8003629,上海,本科批,物理,,X336DBD,专业组01,四川轻化工大学,4869,投资学,,,,,,442,33781,,,,,,442,33781,,,,,,,,,本科,,,,,
8004738,上海,本科批,物理,,XB1ED15,专业组01,南京晓庄学院,1049,商务英语,,,,,,428,36833,,,,,,428,36833,,,,,,,,,本科,,,,,
8004739,上海,本科批,物理,,XB1ED15,专业组01,南京晓庄学院,DFD2,学前教育（师范类）,师范类,,,,,438,34709,,,,,,438,34709,,,,,,,,,本科,,,,,
8004740,上海,本科批,物理,,XB1ED15,专业组01,南京晓庄学院,9569,小学教育（师范类）,师范类,,,,,451,31665,,,,,,451,31665,,,,,,,,,本科,,,,,
8005964,上海,本科批,物理,,X6B63D2,专业组02,大理大学,6AB9,经济学,,,,,,432,36033,,,,,,432,36033,,,,,,,,,本科,,,,,
8005965,上海,本科批,物理,,X6B63D2,专业组02,大理大学,9D72,工商管理类（含:工商管理、财务管理专业）,含:工商管理、财务管理专业,,,,,433,35806,,,,,,433,35806,,,,,,,,,本科,,,,,
8005966,上海,本科批,物理,,X6B63D2,专业组01,大理大学,5DA6,口腔医学,,,,,,480,24562,,,,,,480,24562,,,,,,,,,本科,,,,,
8005967,上海,本科批,物理,,X6B63D2,专业组01,大理大学,57E6,医学影像学,,,,,,484,23553,,,,,,484,23553,,,,,,,,,本科,,,,,
8005968,上海,本科批,物理,,X6B63D2,专业组01,大理大学,97D0,临床医学,,,,,,487,22781,,,,,,487,22781,,,,,,,,,本科,,,,,
8006501,上海,本科批,物理,,XADD574,专业组01,金陵科技学院,5E49,食品科学与工程,,,,,,440,34239,,,,,,440,34239,,,,,,,,,本科,,,,,
8006502,上海,本科批,物理,,XADD574,专业组01,金陵科技学院,29F4,物联网工程,,,,,,440,34239,,,,,,440,34239,,,,,,,,,本科,,,,,
8006503,上海,本科批,物理,,XADD574,专业组01,金陵科技学院,3C38,软件工程,,,,,,441,33999,,,,,,441,33999,,,,,,,,,本科,,,,,
8006504,上海,本科批,物理,,XADD574,专业组01,金陵科技学院,26A7,车辆工程,,,,,,441,33999,,,,,,441,33999,,,,,,,,,本科,,,,,
8006505,上海,本科批,物理,,XADD574,专业组01,金陵科技学院,18D0,建筑电气与智能化,,,,,,441,33999,,,,,,441,33999,,,,,,,,,本科,,,,,
8006506,上海,本科批,物理,,XADD574,专业组01,金陵科技学院,78FF,机械设计制造及其自动化,,,,,,443,33531,,,,,,443,33531,,,,,,,,,本科,,,,,
8006507,上海,本科批,物理,,XADD574,专业组02,金陵科技学院,4145,英语,,,,,,447,32641,,,,,,447,32641,,,,,,,,,本科,,,,,
8006508,上海,本科批,物理,,XADD574,专业组02,金陵科技学院,CB22,城乡规划,,,,,,448,32390,,,,,,448,32390,,,,,,,,,本科,,,,,
8006509,上海,本科批,物理,,XADD574,专业组02,金陵科技学院,09EE,市场营销,,,,,,449,32134,,,,,,449,32134,,,,,,,,,本科,,,,,
8006510,上海,本科批,物理,,XADD574,专业组02,金陵科技学院,7EA0,古典文献学,,,,,,451,31665,,,,,,451,31665,,,,,,,,,本科,,,,,
8006511,上海,本科批,物理,,XADD574,专业组02,金陵科技学院,5E19,会计学,,,,,,451,31665,,,,,,451,31665,,,,,,,,,本科,,,,,
8007310,上海,本科批,物理,,XB9DF45,专业组01,新疆财经大学,BD59,金融科技,,,,,,416,39269,,,,,,416,39269,,,,,,,,,本科,,,,,
8007311,上海,本科批,物理,,XB9DF45,专业组01,新疆财经大学,16DF,金融工程,,,,,,418,38869,,,,,,418,38869,,,,,,,,,本科,,,,,
8007312,上海,本科批,物理,,XB9DF45,专业组02,新疆财经大学,0FBC,金融学,,,,,,420,38443,,,,,,420,38443,,,,,,,,,本科,,,,,
8008005,上海,本科批,物理,,X97927B,专业组01,盐城工学院,1231,城市地下空间工程,,,,,,438,34709,,,,,,438,34709,,,,,,,,,本科,,,,,
8008006,上海,本科批,物理,,X97927B,专业组01,盐城工学院,A5B7,电气工程及其自动化,,,,,,439,34482,,,,,,439,34482,,,,,,,,,本科,,,,,
8008319,上海,本科批,物理,,XAB470F,专业组01,甘肃政法大学,D583,网络空间安全,,,,,,431,36222,,,,,,431,36222,,,,,,,,,本科,,,,,
8008320,上海,本科批,物理,,XAB470F,专业组02,甘肃政法大学,92DB,知识产权,,,,,,454,30934,,,,,,454,30934,,,,,,,,,本科,,,,,
8008321,上海,本科批,物理,,XAB470F,专业组02,甘肃政法大学,927B,法学,,,,,,455,30715,,,,,,455,30715,,,,,,,,,本科,,,,,
8008829,上海,本科批,物理,,XFB5838,专业组02,岭南师范学院,9BBE,教育技术学（师范类）,师范类,,,,,418,38869,,,,,,418,38869,,,,,,,,,本科,,,,,
8008830,上海,本科批,物理,,XFB5838,专业组04,岭南师范学院,25DE,国际经济与贸易,,,,,,420,38443,,,,,,420,38443,,,,,,,,,本科,,,,,
8008831,上海,本科批,物理,,XFB5838,专业组01,岭南师范学院,548C,信息与计算科学,,,,,,425,37468,,,,,,425,37468,,,,,,,,,本科,,,,,
8008832,上海,本科批,物理,,XFB5838,专业组03,岭南师范学院,AFF5,汉语言文学（师范类）,师范类,,,,,442,33781,,,,,,442,33781,,,,,,,,,本科,,,,,
8009475,上海,本科批,物理,,X11F1F6,专业组02,商丘师范学院,4154,电子商务,,,,,,420,38443,,,,,,420,38443,,,,,,,,,本科,,,,,
8009476,上海,本科批,物理,,X11F1F6,专业组01,商丘师范学院,18D0,建筑电气与智能化,,,,,,424,37692,,,,,,424,37692,,,,,,,,,本科,,,,,
8009477,上海,本科批,物理,,X11F1F6,专业组03,商丘师范学院,25DE,国际经济与贸易,,,,,,424,37692,,,,,,424,37692,,,,,,,,,本科,,,,,
8009478,上海,本科批,物理,,X11F1F6,专业组03,商丘师范学院,E6CB,社会工作,,,,,,424,37692,,,,,,424,37692,,,,,,,,,本科,,,,,
8009479,上海,本科批,物理,,X11F1F6,专业组01,商丘师范学院,F068,人工智能,,,,,,425,37468,,,,,,425,37468,,,,,,,,,本科,,,,,
8009480,上海,本科批,物理,,X11F1F6,专业组02,商丘师范学院,1B86,金融数学,,,,,,427,37063,,,,,,427,37063,,,,,,,,,本科,,,,,
8009481,上海,本科批,物理,,X11F1F6,专业组03,商丘师范学院,FB18,财务管理,,,,,,427,37063,,,,,,427,37063,,,,,,,,,本科,,,,,
8011030,上海,本科批,物理,,X376C8E,专业组02,江西水利电力大学,BB8A,应急管理,,,,,,428,36833,,,,,,428,36833,,,,,,,,,本科,,,,,
8011031,上海,本科批,物理,,X376C8E,专业组03,江西水利电力大学,09EE,市场营销,,,,,,430,36436,,,,,,430,36436,,,,,,,,,本科,,,,,
8011032,上海,本科批,物理,,X376C8E,专业组03,江西水利电力大学,7FA1,供应链管理,,,,,,431,36222,,,,,,431,36222,,,,,,,,,本科,,,,,
8011033,上海,本科批,物理,,X376C8E,专业组03,江西水利电力大学,FB18,财务管理,,,,,,432,36033,,,,,,432,36033,,,,,,,,,本科,,,,,
8011034,上海,本科批,物理,,X376C8E,专业组03,江西水利电力大学,4869,投资学,,,,,,432,36033,,,,,,432,36033,,,,,,,,,本科,,,,,
8011035,上海,本科批,物理,,X376C8E,专业组03,江西水利电力大学,25DE,国际经济与贸易,,,,,,433,35806,,,,,,433,35806,,,,,,,,,本科,,,,,
8011036,上海,本科批,物理,,X376C8E,专业组03,江西水利电力大学,978C,审计学,,,,,,433,35806,,,,,,433,35806,,,,,,,,,本科,,,,,
8011037,上海,本科批,物理,,X376C8E,专业组01,江西水利电力大学,C1B4,水利水电工程,,,,,,436,35127,,,,,,436,35127,,,,,,,,,本科,,,,,
8011038,上海,本科批,物理,,X376C8E,专业组01,江西水利电力大学,93E3,电子信息工程,,,,,,437,34923,,,,,,437,34923,,,,,,,,,本科,,,,,
8011039,上海,本科批,物理,,X376C8E,专业组03,江西水利电力大学,C19A,人力资源管理,,,,,,437,34923,,,,,,437,34923,,,,,,,,,本科,,,,,
8011040,上海,本科批,物理,,X376C8E,专业组01,江西水利电力大学,C0DA,应用统计学,,,,,,437,34923,,,,,,437,34923,,,,,,,,,本科,,,,,
8011041,上海,本科批,物理,,X376C8E,专业组01,江西水利电力大学,B9A5,计算机科学与技术,,,,,,437,34923,,,,,,437,34923,,,,,,,,,本科,,,,,
8011042,上海,本科批,物理,,X376C8E,专业组01,江西水利电力大学,A5B7,电气工程及其自动化,,,,,,440,34239,,,,,,440,34239,,,,,,,,,本科,,,,,
8011558,上海,本科批,物理,,XE61AE3,专业组02,山西大同大学,5D72,网络与新媒体,,,,,,420,38443,,,,,,420,38443,,,,,,,,,本科,,,,,
8011559,上海,本科批,物理,,XE61AE3,专业组01,山西大同大学,97D0,临床医学,,,,,,440,34239,,,,,,440,34239,,,,,,,,,本科,,,,,
8011764,上海,本科批,物理,,X32EA65,专业组01,陕西理工大学,8091,电气工程及其自动化（中外合作办学）,中外合作办学,,,,,429,36629,,,,,,429,36629,,,,,,,,,本科,,,,,
8011765,上海,本科批,物理,,X32EA65,专业组01,陕西理工大学,134D,网络工程（中外合作办学）,中外合作办学,,,,,430,36436,,,,,,430,36436,,,,,,,,,本科,,,,,
8011766,上海,本科批,物理,,X32EA65,专业组02,陕西理工大学,FBFE,物流管理,,,,,,431,36222,,,,,,431,36222,,,,,,,,,本科,,,,,
8011767,上海,本科批,物理,,X32EA65,专业组01,陕西理工大学,EA4B,机械设计制造及其自动化（中外合作办学）,中外合作办学,,,,,431,36222,,,,,,431,36222,,,,,,,,,本科,,,,,
8011768,上海,本科批,物理,,X32EA65,专业组02,陕西理工大学,6AB9,经济学,,,,,,433,35806,,,,,,433,35806,,,,,,,,,本科,,,,,
8012221,上海,本科批,物理,,XB9675A,专业组01,邵阳学院,25DE,国际经济与贸易,,,,,,419,38662,,,,,,419,38662,,,,,,,,,本科,,,,,
8012222,上海,本科批,物理,,XB9675A,专业组01,邵阳学院,5E19,会计学,,,,,,419,38662,,,,,,419,38662,,,,,,,,,本科,,,,,
8012973,上海,本科批,物理,,X9340D4,专业组01,沈阳理工大学,CA53,无机非金属材料工程（色盲及单色识别不全者不取）,色盲及单色识别不全者不取,,,,,436,35127,,,,,,436,35127,,,,,,,,,本科,,,,,
8012974,上海,本科批,物理,,X9340D4,专业组01,沈阳理工大学,26A7,车辆工程,,,,,,436,35127,,,,,,436,35127,,,,,,,,,本科,,,,,
8012975,上海,本科批,物理,,X9340D4,专业组03,沈阳理工大学,4145,英语,,,,,,436,35127,,,,,,436,35127,,,,,,,,,本科,,,,,
8012976,上海,本科批,物理,,X9340D4,专业组01,沈阳理工大学,269F,粉体材料科学与工程,,,,,,436,35127,,,,,,436,35127,,,,,,,,,本科,,,,,
8012977,上海,本科批,物理,,X9340D4,专业组01,沈阳理工大学,03B1,智能科学与技术,,,,,,437,34923,,,,,,437,34923,,,,,,,,,本科,,,,,
8012978,上海,本科批,物理,,X9340D4,专业组03,沈阳理工大学,0FBC,金融学,,,,,,437,34923,,,,,,437,34923,,,,,,,,,本科,,,,,
8012979,上海,本科批,物理,,X9340D4,专业组01,沈阳理工大学,262E,金属材料工程,,,,,,437,34923,,,,,,437,34923,,,,,,,,,本科,,,,,
8012980,上海,本科批,物理,,X9340D4,专业组01,沈阳理工大学,E347,工业设计,,,,,,437,34923,,,,,,437,34923,,,,,,,,,本科,,,,,
8012981,上海,本科批,物理,,X9340D4,专业组01,沈阳理工大学,ECA4,通信工程,,,,,,437,34923,,,,,,437,34923,,,,,,,,,本科,,,,,
8012982,上海,本科批,物理,,X9340D4,专业组01,沈阳理工大学,51E3,智能无人系统技术,,,,,,438,34709,,,,,,438,34709,,,,,,,,,本科,,,,,
8012983,上海,本科批,物理,,X9340D4,专业组03,沈阳理工大学,13EB,会计学（单色识别不全者不取）,单色识别不全者不取,,,,,438,34709,,,,,,438,34709,,,,,,,,,本科,,,,,
8012984,上海,本科批,物理,,X9340D4,专业组01,沈阳理工大学,B016,应用化学（色盲、色弱及单色识别不全者不取）,色盲、色弱及单色识别不全者不取,,,,,438,34709,,,,,,438,34709,,,,,,,,,本科,,,,,
8012985,上海,本科批,物理,,X9340D4,专业组01,沈阳理工大学,8684,智能制造工程,,,,,,438,34709,,,,,,438,34709,,,,,,,,,本科,,,,,
8012986,上海,本科批,物理,,X9340D4,专业组01,沈阳理工大学,A5D2,测控技术与仪器,,,,,,438,34709,,,,,,438,34709,,,,,,,,,本科,,,,,
8012987,上海,本科批,物理,,X9340D4,专业组01,沈阳理工大学,FEF6,材料成型及控制工程,,,,,,438,34709,,,,,,438,34709,,,,,,,,,本科,,,,,
8012988,上海,本科批,物理,,X9340D4,专业组02,沈阳理工大学,2D40,信息管理与信息系统（单色识别不全者不取）,单色识别不全者不取,,,,,439,34482,,,,,,439,34482,,,,,,,,,本科,,,,,
8012989,上海,本科批,物理,,X9340D4,专业组01,沈阳理工大学,D389,计算机科学与技术（不能准确在显示器上识别红、黄、绿、蓝、紫各种颜色中任何一种颜色者不取）,不能准确在显示器上识别红、黄、绿、蓝、紫各种颜色中任何一种颜色者不取,,,,,439,34482,,,,,,439,34482,,,,,,,,,本科,,,,,
8012990,上海,本科批,物理,,X9340D4,专业组01,沈阳理工大学,93E3,电子信息工程,,,,,,439,34482,,,,,,439,34482,,,,,,,,,本科,,,,,
8012991,上海,本科批,物理,,X9340D4,专业组01,沈阳理工大学,4C65,自动化,,,,,,439,34482,,,,,,439,34482,,,,,,,,,本科,,,,,
8012992,上海,本科批,物理,,X9340D4,专业组01,沈阳理工大学,F11A,机器人工程,,,,,,439,34482,,,,,,439,34482,,,,,,,,,本科,,,,,
8013608,上海,本科批,物理,,X688526,专业组01,苏州工学院,88F5,德语（外语语种为英语、德语）,外语语种为英语、德语,,,,,444,33286,,,,,,444,33286,,,,,,,,,本科,,,,,
8013609,上海,本科批,物理,,X688526,专业组01,苏州工学院,02EF,日语（外语语种为英语、日语）,外语语种为英语、日语,,,,,445,33071,,,,,,445,33071,,,,,,,,,本科,,,,,
8013610,上海,本科批,物理,,X688526,专业组01,苏州工学院,F338,英语（师范类）,师范类,,,,,446,32860,,,,,,446,32860,,,,,,,,,本科,,,,,
8013611,上海,本科批,物理,,X688526,专业组01,苏州工学院,FB18,财务管理,,,,,,448,32390,,,,,,448,32390,,,,,,,,,本科,,,,,
8013612,上海,本科批,物理,,X688526,专业组01,苏州工学院,4145,英语,,,,,,448,32390,,,,,,448,32390,,,,,,,,,本科,,,,,
8013613,上海,本科批,物理,,X688526,专业组01,苏州工学院,DFD2,学前教育（师范类）,师范类,,,,,448,32390,,,,,,448,32390,,,,,,,,,本科,,,,,
8013614,上海,本科批,物理,,X688526,专业组01,苏州工学院,E042,经济与金融,,,,,,454,30934,,,,,,454,30934,,,,,,,,,本科,,,,,
8013615,上海,本科批,物理,,X688526,专业组01,苏州工学院,9569,小学教育（师范类）,师范类,,,,,454,30934,,,,,,454,30934,,,,,,,,,本科,,,,,
8015293,上海,本科批,物理,,X5885C8,专业组01,承德医学院,BD0B,生物医学工程（无色盲、色弱）,无色盲、色弱,,,,,418,38869,,,,,,418,38869,,,,,,,,,本科,,,,,
8015294,上海,本科批,物理,,X5885C8,专业组02,承德医学院,C5BD,护理学（无色盲、色弱）,无色盲、色弱,,,,,459,29755,,,,,,459,29755,,,,,,,,,本科,,,,,
8015406,上海,本科批,物理,,X4824FF,专业组01,桂林医科大学,37E9,"康复治疗学（中澳学分互认联合培养项目。与澳大利亚麦考瑞大学（QS全球排名第130名）2+2联合培养,学分互认,双学士学位。第三、第四学年须赴麦考瑞大学学习攻读学位,英语教学,学费约为35400澳元/年。详见学校招生章程及学校招生网站。无色盲、色弱,无斜视）",中澳学分互认联合培养项目。与澳大利亚麦考瑞大学（QS全球排名第130名,,,,,454,30934,,,,,,454,30934,,,,,,,,,本科,,,,,
8015905,上海,本科批,物理,,XC4A7EF,专业组01,西南医科大学,97D0,临床医学,,,,,,517,15249,,,,,,517,15249,,,,,,,,,本科,,,,,
8017677,上海,本科批,物理,,XCC03B7,专业组01,长春工业大学,D6ED,化学工程与工艺,,,,,,423,37882,,,,,,423,37882,,,,,,,,,本科,,,,,
8017678,上海,本科批,物理,,XCC03B7,专业组01,长春工业大学,5B8B,高分子材料与工程,,,,,,424,37692,,,,,,424,37692,,,,,,,,,本科,,,,,
8018417,上海,本科批,物理,,X108985,专业组01,长春中医药大学,97D0,临床医学,,,,,,404,41433,,,,,,404,41433,,,,,,,,,本科,,,,,
8018418,上海,本科批,物理,,X108985,专业组01,长春中医药大学,817D,康复治疗学,,,,,,405,41271,,,,,,405,41271,,,,,,,,,本科,,,,,
8018419,上海,本科批,物理,,X108985,专业组01,长春中医药大学,4C2A,中药学,,,,,,430,36436,,,,,,430,36436,,,,,,,,,本科,,,,,
8018420,上海,本科批,物理,,X108985,专业组01,长春中医药大学,03FE,中医学,,,,,,444,33286,,,,,,444,33286,,,,,,,,,本科,,,,,
8018421,上海,本科批,物理,,X108985,专业组01,长春中医药大学,6246,针灸推拿学,,,,,,458,29994,,,,,,458,29994,,,,,,,,,本科,,,,,
8020162,上海,本科批,物理,,X648570,专业组02,广东海洋大学,3557,能源与动力工程,,,,,,447,32641,,,,,,447,32641,,,,,,,,,本科,,,,,
8020163,上海,本科批,物理,,X648570,专业组02,广东海洋大学,A5B7,电气工程及其自动化,,,,,,452,31399,,,,,,452,31399,,,,,,,,,本科,,,,,
8020164,上海,本科批,物理,,X648570,专业组01,广东海洋大学,4226,大气科学,,,,,,453,31179,,,,,,453,31179,,,,,,,,,本科,,,,,
8020165,上海,本科批,物理,,X648570,专业组03,广东海洋大学,4D97,计算机科学与技术（单色识别不全者不取）,单色识别不全者不取,,,,,455,30715,,,,,,455,30715,,,,,,,,,本科,,,,,
8020166,上海,本科批,物理,,X648570,专业组04,广东海洋大学,1E2C,食品科学与工程（无色盲、色弱）,无色盲、色弱,,,,,457,30232,,,,,,457,30232,,,,,,,,,本科,,,,,
8020167,上海,本科批,物理,,X648570,专业组01,广东海洋大学,C059,海洋科学,,,,,,463,28756,,,,,,463,28756,,,,,,,,,本科,,,,,
8022438,上海,本科批,物理,,X6CE24E,专业组01,徐州工程学院,78FF,机械设计制造及其自动化,,,,,,439,34482,,,,,,439,34482,,,,,,,,,本科,,,,,
8022439,上海,本科批,物理,,X6CE24E,专业组02,徐州工程学院,6F56,工程管理,,,,,,441,33999,,,,,,441,33999,,,,,,,,,本科,,,,,
8022440,上海,本科批,物理,,X6CE24E,专业组02,徐州工程学院,4A2C,物流工程,,,,,,443,33531,,,,,,443,33531,,,,,,,,,本科,,,,,
8022441,上海,本科批,物理,,X6CE24E,专业组03,徐州工程学院,5E19,会计学,,,,,,444,33286,,,,,,444,33286,,,,,,,,,本科,,,,,
8022442,上海,本科批,物理,,X6CE24E,专业组03,徐州工程学院,25DE,国际经济与贸易,,,,,,444,33286,,,,,,444,33286,,,,,,,,,本科,,,,,
8022443,上海,本科批,物理,,X6CE24E,专业组03,徐州工程学院,E042,经济与金融,,,,,,447,32641,,,,,,447,32641,,,,,,,,,本科,,,,,
8022870,上海,本科批,物理,,XFA758E,专业组01,浙江海洋大学,0541,生物科学,,,,,,445,33071,,,,,,445,33071,,,,,,,,,本科,,,,,
8022871,上海,本科批,物理,,XFA758E,专业组01,浙江海洋大学,F11A,机器人工程,,,,,,445,33071,,,,,,445,33071,,,,,,,,,本科,,,,,
8022872,上海,本科批,物理,,XFA758E,专业组01,浙江海洋大学,10A0,药学,,,,,,446,32860,,,,,,446,32860,,,,,,,,,本科,,,,,
8022873,上海,本科批,物理,,XFA758E,专业组01,浙江海洋大学,78FF,机械设计制造及其自动化,,,,,,446,32860,,,,,,446,32860,,,,,,,,,本科,,,,,
8022874,上海,本科批,物理,,XFA758E,专业组01,浙江海洋大学,5E49,食品科学与工程,,,,,,446,32860,,,,,,446,32860,,,,,,,,,本科,,,,,
8022875,上海,本科批,物理,,XFA758E,专业组01,浙江海洋大学,4718,数据科学与大数据技术,,,,,,447,32641,,,,,,447,32641,,,,,,,,,本科,,,,,
8022876,上海,本科批,物理,,XFA758E,专业组01,浙江海洋大学,93E3,电子信息工程,,,,,,447,32641,,,,,,447,32641,,,,,,,,,本科,,,,,
8022877,上海,本科批,物理,,XFA758E,专业组01,浙江海洋大学,3557,能源与动力工程,,,,,,448,32390,,,,,,448,32390,,,,,,,,,本科,,,,,
8022878,上海,本科批,物理,,XFA758E,专业组01,浙江海洋大学,A5B7,电气工程及其自动化,,,,,,452,31399,,,,,,452,31399,,,,,,,,,本科,,,,,
8022879,上海,本科批,物理,,XFA758E,专业组01,浙江海洋大学,0C52,船舶与海洋工程,,,,,,454,30934,,,,,,454,30934,,,,,,,,,本科,,,,,
8023945,上海,本科批,物理,,XB5B30E,专业组01,中国劳动关系学院,9D85,酒店管理,,,,,,440,34239,,,,,,440,34239,,,,,,,,,本科,,,,,
8023946,上海,本科批,物理,,XB5B30E,专业组01,中国劳动关系学院,CA0F,旅游管理,,,,,,441,33999,,,,,,441,33999,,,,,,,,,本科,,,,,
8023947,上海,本科批,物理,,XB5B30E,专业组01,中国劳动关系学院,5A5A,戏剧影视文学,,,,,,447,32641,,,,,,447,32641,,,,,,,,,本科,,,,,
8023948,上海,本科批,物理,,XB5B30E,专业组01,中国劳动关系学院,04A0,工商管理,,,,,,450,31904,,,,,,450,31904,,,,,,,,,本科,,,,,
8023949,上海,本科批,物理,,XB5B30E,专业组01,中国劳动关系学院,68F4,新闻学,,,,,,450,31904,,,,,,450,31904,,,,,,,,,本科,,,,,
8023950,上海,本科批,物理,,XB5B30E,专业组01,中国劳动关系学院,E6CB,社会工作,,,,,,456,30473,,,,,,456,30473,,,,,,,,,本科,,,,,
8023951,上海,本科批,物理,,XB5B30E,专业组01,中国劳动关系学院,C19A,人力资源管理,,,,,,460,29525,,,,,,460,29525,,,,,,,,,本科,,,,,
8023952,上海,本科批,物理,,XB5B30E,专业组01,中国劳动关系学院,7022,社会学,,,,,,488,22514,,,,,,488,22514,,,,,,,,,本科,,,,,
8024503,上海,本科批,物理,,XA69784,专业组02,广东医科大学,A39E,预防医学,,,,,,473,26270,,,,,,473,26270,,,,,,,,,本科,,,,,
8024504,上海,本科批,物理,,XA69784,专业组01,广东医科大学,97D0,临床医学,,,,,,536,10760,,,,,,536,10760,,,,,,,,,本科,,,,,
8025009,上海,本科批,物理,,XE5A4E5,专业组03,淮南师范学院,1049,商务英语,,,,,,434,35570,,,,,,434,35570,,,,,,,,,本科,,,,,
8025010,上海,本科批,物理,,XE5A4E5,专业组02,淮南师范学院,16DF,金融工程,,,,,,434,35570,,,,,,434,35570,,,,,,,,,本科,,,,,
8025011,上海,本科批,物理,,XE5A4E5,专业组03,淮南师范学院,68F4,新闻学,,,,,,434,35570,,,,,,434,35570,,,,,,,,,本科,,,,,
8025012,上海,本科批,物理,,XE5A4E5,专业组03,淮南师范学院,F338,英语（师范类）,师范类,,,,,435,35341,,,,,,435,35341,,,,,,,,,本科,,,,,
8025013,上海,本科批,物理,,XE5A4E5,专业组03,淮南师范学院,4041,应用心理学（师范类）,师范类,,,,,436,35127,,,,,,436,35127,,,,,,,,,本科,,,,,
8025014,上海,本科批,物理,,XE5A4E5,专业组03,淮南师范学院,DFD2,学前教育（师范类）,师范类,,,,,436,35127,,,,,,436,35127,,,,,,,,,本科,,,,,
8025015,上海,本科批,物理,,XE5A4E5,专业组03,淮南师范学院,3739,广告学,,,,,,436,35127,,,,,,436,35127,,,,,,,,,本科,,,,,
8025016,上海,本科批,物理,,XE5A4E5,专业组02,淮南师范学院,1C92,数字经济,,,,,,436,35127,,,,,,436,35127,,,,,,,,,本科,,,,,
8025017,上海,本科批,物理,,XE5A4E5,专业组01,淮南师范学院,F068,人工智能,,,,,,437,34923,,,,,,437,34923,,,,,,,,,本科,,,,,
8025018,上海,本科批,物理,,XE5A4E5,专业组02,淮南师范学院,62BF,大数据管理与应用,,,,,,441,33999,,,,,,441,33999,,,,,,,,,本科,,,,,
8025399,上海,本科批,物理,,XC09B85,专业组01,伊犁师范大学,F11A,机器人工程,,,,,,407,40915,,,,,,407,40915,,,,,,,,,本科,,,,,
8026660,上海,本科批,物理,,XFCE83D,专业组01,成都大学,93E3,电子信息工程,,,,,,460,29525,,,,,,460,29525,,,,,,,,,本科,,,,,
8026661,上海,本科批,物理,,XFCE83D,专业组01,成都大学,3C38,软件工程,,,,,,465,28294,,,,,,465,28294,,,,,,,,,本科,,,,,
8026662,上海,本科批,物理,,XFCE83D,专业组03,成都大学,5E19,会计学,,,,,,469,27273,,,,,,469,27273,,,,,,,,,本科,,,,,
8026663,上海,本科批,物理,,XFCE83D,专业组02,成都大学,D243,汉语言文学,,,,,,469,27273,,,,,,469,27273,,,,,,,,,本科,,,,,
8027324,上海,本科批,物理,,X3267D7,专业组01,滁州学院,CA0F,旅游管理,,,,,,432,36033,,,,,,432,36033,,,,,,,,,本科,,,,,
8027325,上海,本科批,物理,,X3267D7,专业组01,滁州学院,09EE,市场营销,,,,,,433,35806,,,,,,433,35806,,,,,,,,,本科,,,,,
8027326,上海,本科批,物理,,X3267D7,专业组01,滁州学院,04A0,工商管理,,,,,,433,35806,,,,,,433,35806,,,,,,,,,本科,,,,,
8027327,上海,本科批,物理,,X3267D7,专业组01,滁州学院,FB18,财务管理,,,,,,434,35570,,,,,,434,35570,,,,,,,,,本科,,,,,
8027328,上海,本科批,物理,,X3267D7,专业组01,滁州学院,1049,商务英语,,,,,,434,35570,,,,,,434,35570,,,,,,,,,本科,,,,,
8027329,上海,本科批,物理,,X3267D7,专业组01,滁州学院,25DE,国际经济与贸易,,,,,,435,35341,,,,,,435,35341,,,,,,,,,本科,,,,,
8027330,上海,本科批,物理,,X3267D7,专业组01,滁州学院,4145,英语,,,,,,439,34482,,,,,,439,34482,,,,,,,,,本科,,,,,
8028138,上海,本科批,物理,,X50E2C9,专业组02,湖南科技学院,7288,文化产业管理,,,,,,425,37468,,,,,,425,37468,,,,,,,,,本科,,,,,
8028139,上海,本科批,物理,,X50E2C9,专业组02,湖南科技学院,25DE,国际经济与贸易,,,,,,426,37259,,,,,,426,37259,,,,,,,,,本科,,,,,
8028140,上海,本科批,物理,,X50E2C9,专业组01,湖南科技学院,2BC5,生物技术（师范类）,师范类,,,,,427,37063,,,,,,427,37063,,,,,,,,,本科,,,,,
8028141,上海,本科批,物理,,X50E2C9,专业组01,湖南科技学院,4718,数据科学与大数据技术,,,,,,427,37063,,,,,,427,37063,,,,,,,,,本科,,,,,
8028142,上海,本科批,物理,,X50E2C9,专业组02,湖南科技学院,5D72,网络与新媒体,,,,,,428,36833,,,,,,428,36833,,,,,,,,,本科,,,,,
8028143,上海,本科批,物理,,X50E2C9,专业组01,湖南科技学院,548C,信息与计算科学,,,,,,430,36436,,,,,,430,36436,,,,,,,,,本科,,,,,
8028441,上海,本科批,物理,,XCD2115,专业组01,嘉兴大学,6A3A,建筑环境与能源应用工程,,,,,,441,33999,,,,,,441,33999,,,,,,,,,本科,,,,,
8028442,上海,本科批,物理,,XCD2115,专业组01,嘉兴大学,4ECE,土木工程,,,,,,441,33999,,,,,,441,33999,,,,,,,,,本科,,,,,
8028443,上海,本科批,物理,,XCD2115,专业组01,嘉兴大学,ECA4,通信工程,,,,,,442,33781,,,,,,442,33781,,,,,,,,,本科,,,,,
8028444,上海,本科批,物理,,XCD2115,专业组01,嘉兴大学,4718,数据科学与大数据技术,,,,,,442,33781,,,,,,442,33781,,,,,,,,,本科,,,,,
8028445,上海,本科批,物理,,XCD2115,专业组01,嘉兴大学,6995,网络工程,,,,,,442,33781,,,,,,442,33781,,,,,,,,,本科,,,,,
8028446,上海,本科批,物理,,XCD2115,专业组01,嘉兴大学,E347,工业设计,,,,,,442,33781,,,,,,442,33781,,,,,,,,,本科,,,,,
8028447,上海,本科批,物理,,XCD2115,专业组01,嘉兴大学,78FF,机械设计制造及其自动化,,,,,,449,32134,,,,,,449,32134,,,,,,,,,本科,,,,,
8028448,上海,本科批,物理,,XCD2115,专业组01,嘉兴大学,3C38,软件工程,,,,,,450,31904,,,,,,450,31904,,,,,,,,,本科,,,,,
8028449,上海,本科批,物理,,XCD2115,专业组01,嘉兴大学,B9A5,计算机科学与技术,,,,,,450,31904,,,,,,450,31904,,,,,,,,,本科,,,,,
8028450,上海,本科批,物理,,XCD2115,专业组02,嘉兴大学,671C,日语,,,,,,461,29262,,,,,,461,29262,,,,,,,,,本科,,,,,
8028451,上海,本科批,物理,,XCD2115,专业组02,嘉兴大学,09EE,市场营销,,,,,,463,28756,,,,,,463,28756,,,,,,,,,本科,,,,,
8028452,上海,本科批,物理,,XCD2115,专业组02,嘉兴大学,C19A,人力资源管理,,,,,,464,28519,,,,,,464,28519,,,,,,,,,本科,,,,,
8028453,上海,本科批,物理,,XCD2115,专业组02,嘉兴大学,0FBC,金融学,,,,,,467,27778,,,,,,467,27778,,,,,,,,,本科,,,,,
8028454,上海,本科批,物理,,XCD2115,专业组02,嘉兴大学,25DE,国际经济与贸易,,,,,,468,27525,,,,,,468,27525,,,,,,,,,本科,,,,,
8028455,上海,本科批,物理,,XCD2115,专业组02,嘉兴大学,FB18,财务管理,,,,,,472,26492,,,,,,472,26492,,,,,,,,,本科,,,,,
8029634,上海,本科批,物理,,X00C1C1,专业组01,山东交通学院,FB18,财务管理,,,,,,438,34709,,,,,,438,34709,,,,,,,,,本科,,,,,
8029635,上海,本科批,物理,,X00C1C1,专业组01,山东交通学院,927B,法学,,,,,,440,34239,,,,,,440,34239,,,,,,,,,本科,,,,,
8030353,上海,本科批,物理,,XBF5F26,专业组05,上海应用技术大学,4ED3,生态学,,,,,,442,33781,,,,,,442,33781,,,,,,,,,本科,,,,,
8030354,上海,本科批,物理,,XBF5F26,专业组05,上海应用技术大学,9D67,园艺（上海市一流本科专业建设点。教育部新农科研究与改革实践项目）,上海市一流本科专业建设点。教育部新农科研究与改革实践项目,,,,,443,33531,,,,,,443,33531,,,,,,,,,本科,,,,,
8030355,上海,本科批,物理,,XBF5F26,专业组02,上海应用技术大学,C430,环境工程（无色盲、色弱）,无色盲、色弱,,,,,450,31904,,,,,,450,31904,,,,,,,,,本科,,,,,
8030356,上海,本科批,物理,,XBF5F26,专业组02,上海应用技术大学,4D44,给排水科学与工程,,,,,,450,31904,,,,,,450,31904,,,,,,,,,本科,,,,,
8030357,上海,本科批,物理,,XBF5F26,专业组02,上海应用技术大学,1BC2,生物工程（无色盲、色弱）,无色盲、色弱,,,,,450,31904,,,,,,450,31904,,,,,,,,,本科,,,,,
8030358,上海,本科批,物理,,XBF5F26,专业组02,上海应用技术大学,2C6A,"应用化学（无色盲、色弱。教育部新工科研究与实践项目,上海市一流本科建设引领计划专业）","无色盲、色弱。教育部新工科研究与实践项目,上海市一流本科建设引领计划专业",,,,,451,31665,,,,,,451,31665,,,,,,,,,本科,,,,,
8030359,上海,本科批,物理,,XBF5F26,专业组02,上海应用技术大学,8BEE,"化学工程与工艺（无色盲、色弱。卓越工程师计划试点班。国家级一流本科专业建设点,教育部新工科研究与实践项目,教育部卓越工程师教育培养计划试点专业,上海市应用,型本科试点专业,通过工程教育专业认证）","无色盲、色弱。卓越工程师计划试点班。国家级一流本科专业建设点,教育部新工科研究与实践项目,教育部卓越工程师教育培养计划试点专业,上海市应用,型本科试点专业,通过工程教育专业认证",,,,,451,31665,,,,,,451,31665,,,,,,,,,本科,,,,,
8030360,上海,本科批,物理,,XBF5F26,专业组02,上海应用技术大学,DCE4,材料物理（无色盲。国家级一流本科专业建设点）,无色盲。国家级一流本科专业建设点,,,,,453,31179,,,,,,453,31179,,,,,,,,,本科,,,,,
8030361,上海,本科批,物理,,XBF5F26,专业组06,上海应用技术大学,5E7E,应用化学（中外合作办学）（无色盲、色弱。中国-新西兰合作。教育部新工科研究与实践项目）,中外合作办学; 无色盲、色弱。中国-新西兰合作。教育部新工科研究与实践项目,,,,,453,31179,,,,,,453,31179,,,,,,,,,本科,,,,,
8030362,上海,本科批,物理,,XBF5F26,专业组04,上海应用技术大学,66ED,"土木工程（含:交通土建工程、建筑工程方向。国家级一流本科专业建设点,上海市应用,型本科试点专业,通过工程教育专业认证）","含:交通土建工程、建筑工程方向。国家级一流本科专业建设点,上海市应用,型本科试点专业,通过工程教育专业认证",,,,,453,31179,,,,,,453,31179,,,,,,,,,本科,,,,,
8030363,上海,本科批,物理,,XBF5F26,专业组04,上海应用技术大学,6A3A,建筑环境与能源应用工程,,,,,,455,30715,,,,,,455,30715,,,,,,,,,本科,,,,,
8030364,上海,本科批,物理,,XBF5F26,专业组02,上海应用技术大学,EC63,复合材料与工程（色盲者不宜。上海市一流本科专业建设点。教育部新工科研究与实践项目）,色盲者不宜。上海市一流本科专业建设点。教育部新工科研究与实践项目,,,,,455,30715,,,,,,455,30715,,,,,,,,,本科,,,,,
8030365,上海,本科批,物理,,XBF5F26,专业组02,上海应用技术大学,DE65,"制药工程（无色盲、色弱。国家级一流本科专业建设点,上海市应用,型本科试点专业,通过工程教育专业认证）","无色盲、色弱。国家级一流本科专业建设点,上海市应用,型本科试点专业,通过工程教育专业认证",,,,,456,30473,,,,,,456,30473,,,,,,,,,本科,,,,,
8030366,上海,本科批,物理,,XBF5F26,专业组04,上海应用技术大学,C77D,铁道工程（教育部新工科研究与实践项目）,教育部新工科研究与实践项目,,,,,457,30232,,,,,,457,30232,,,,,,,,,本科,,,,,
8030367,上海,本科批,物理,,XBF5F26,专业组09,上海应用技术大学,6F6C,市场营销（中外合作办学）（中加合作。国家级一流本科专业建设点）,中外合作办学; 中加合作。国家级一流本科专业建设点,,,,,458,29994,,,,,,458,29994,,,,,,,,,本科,,,,,
8030368,上海,本科批,物理,,XBF5F26,专业组04,上海应用技术大学,D68D,安全工程（上海市一流本科专业建设点）,上海市一流本科专业建设点,,,,,458,29994,,,,,,458,29994,,,,,,,,,本科,,,,,
8030369,上海,本科批,物理,,XBF5F26,专业组02,上海应用技术大学,FC0B,"食品科学与工程（无色盲、色弱。国家级一流本科专业建设点,上海市应用,型本科试点专业,通过工程教育专业认证和IFT食品专业国际认证）","无色盲、色弱。国家级一流本科专业建设点,上海市应用,型本科试点专业,通过工程教育专业认证和IFT食品专业国际认证",,,,,459,29755,,,,,,459,29755,,,,,,,,,本科,,,,,
8030370,上海,本科批,物理,,XBF5F26,专业组09,上海应用技术大学,88F5,德语（外语语种为英语、德语）,外语语种为英语、德语,,,,,459,29755,,,,,,459,29755,,,,,,,,,本科,,,,,
8030371,上海,本科批,物理,,XBF5F26,专业组04,上海应用技术大学,3557,能源与动力工程,,,,,,459,29755,,,,,,459,29755,,,,,,,,,本科,,,,,
8030372,上海,本科批,物理,,XBF5F26,专业组04,上海应用技术大学,26A7,车辆工程,,,,,,459,29755,,,,,,459,29755,,,,,,,,,本科,,,,,
8030923,上海,本科批,物理,,X6B4C7E,专业组01,韶关学院,24B4,园艺（无色盲、色弱）,无色盲、色弱,,,,,416,39269,,,,,,416,39269,,,,,,,,,本科,,,,,
8030924,上海,本科批,物理,,X6B4C7E,专业组02,韶关学院,AFF5,汉语言文学（师范类）,师范类,,,,,426,37259,,,,,,426,37259,,,,,,,,,本科,,,,,
8031437,上海,本科批,物理,,X675DB9,专业组02,宜春学院,A39E,预防医学,,,,,,418,38869,,,,,,418,38869,,,,,,,,,本科,,,,,
8031438,上海,本科批,物理,,X675DB9,专业组02,宜春学院,B694,生物制药,,,,,,418,38869,,,,,,418,38869,,,,,,,,,本科,,,,,
8031439,上海,本科批,物理,,X675DB9,专业组02,宜春学院,A5C6,麻醉学,,,,,,421,38266,,,,,,421,38266,,,,,,,,,本科,,,,,
8031440,上海,本科批,物理,,X675DB9,专业组02,宜春学院,E397,临床医学（在美容医学院就读。辅修医学美容技术）,在美容医学院就读。辅修医学美容技术,,,,,423,37882,,,,,,423,37882,,,,,,,,,本科,,,,,
8031441,上海,本科批,物理,,X675DB9,专业组05,宜春学院,3739,广告学,,,,,,425,37468,,,,,,425,37468,,,,,,,,,本科,,,,,
8031442,上海,本科批,物理,,X675DB9,专业组05,宜春学院,8B36,翻译,,,,,,426,37259,,,,,,426,37259,,,,,,,,,本科,,,,,
8031443,上海,本科批,物理,,X675DB9,专业组05,宜春学院,FB18,财务管理,,,,,,426,37259,,,,,,426,37259,,,,,,,,,本科,,,,,
8031444,上海,本科批,物理,,X675DB9,专业组05,宜春学院,8607,法语,,,,,,427,37063,,,,,,427,37063,,,,,,,,,本科,,,,,
8031445,上海,本科批,物理,,X675DB9,专业组05,宜春学院,F338,英语（师范类）,师范类,,,,,427,37063,,,,,,427,37063,,,,,,,,,本科,,,,,
8031446,上海,本科批,物理,,X675DB9,专业组04,宜春学院,1C92,数字经济,,,,,,428,36833,,,,,,428,36833,,,,,,,,,本科,,,,,
8031447,上海,本科批,物理,,X675DB9,专业组02,宜春学院,C05F,临床医学（在医学院就读）,在医学院就读,,,,,428,36833,,,,,,428,36833,,,,,,,,,本科,,,,,
8031448,上海,本科批,物理,,X675DB9,专业组05,宜春学院,AFF5,汉语言文学（师范类）,师范类,,,,,429,36629,,,,,,429,36629,,,,,,,,,本科,,,,,
8031449,上海,本科批,物理,,X675DB9,专业组05,宜春学院,92DB,知识产权,,,,,,430,36436,,,,,,430,36436,,,,,,,,,本科,,,,,
8031450,上海,本科批,物理,,X675DB9,专业组03,宜春学院,332C,护理学（在医学院就读）,在医学院就读,,,,,435,35341,,,,,,435,35341,,,,,,,,,本科,,,,,
8031451,上海,本科批,物理,,X675DB9,专业组03,宜春学院,45AF,护理学（在美容医学院就读。辅修医学美容技术）,在美容医学院就读。辅修医学美容技术,,,,,436,35127,,,,,,436,35127,,,,,,,,,本科,,,,,
8031452,上海,本科批,物理,,X675DB9,专业组01,宜春学院,10A0,药学,,,,,,452,31399,,,,,,452,31399,,,,,,,,,本科,,,,,
8032338,上海,本科批,物理,,XB88C94,专业组01,吉林艺术学院,6F0C,艺术管理,,,,,,404,41433,,,,,,404,41433,,,,,,,,,本科,,,,,
8032339,上海,本科批,物理,,XB88C94,专业组02,吉林艺术学院,2242,广播电视编导,,,,,,406,41077,,,,,,406,41077,,,,,,,,,本科,,,,,
8032340,上海,本科批,物理,,XB88C94,专业组02,吉林艺术学院,5A5A,戏剧影视文学,,,,,,409,40573,,,,,,409,40573,,,,,,,,,本科,,,,,
8033394,上海,本科批,物理,,XBD9758,专业组01,广东金融学院,25DE,国际经济与贸易,,,,,,450,31904,,,,,,450,31904,,,,,,,,,本科,,,,,
8033395,上海,本科批,物理,,XBD9758,专业组01,广东金融学院,4869,投资学,,,,,,452,31399,,,,,,452,31399,,,,,,,,,本科,,,,,
8033396,上海,本科批,物理,,XBD9758,专业组01,广东金融学院,0FBC,金融学,,,,,,452,31399,,,,,,452,31399,,,,,,,,,本科,,,,,
8033397,上海,本科批,物理,,XBD9758,专业组01,广东金融学院,FB18,财务管理,,,,,,460,29525,,,,,,460,29525,,,,,,,,,本科,,,,,
8033398,上海,本科批,物理,,XBD9758,专业组01,广东金融学院,5E19,会计学,,,,,,468,27525,,,,,,468,27525,,,,,,,,,本科,,,,,
8035518,上海,本科批,物理,,XAB4B2B,专业组01,天津美术学院,8717,美术学,,,,,,460,29525,,,,,,460,29525,,,,,,,,,本科,,,,,
8035519,上海,本科批,物理,,XAB4B2B,专业组01,天津美术学院,6F0C,艺术管理,,,,,,465,28294,,,,,,465,28294,,,,,,,,,本科,,,,,
8035520,上海,本科批,物理,,XAB4B2B,专业组01,天津美术学院,EFA9,艺术设计学,,,,,,467,27778,,,,,,467,27778,,,,,,,,,本科,,,,,
8036403,上海,本科批,物理,,XF96173,专业组01,渭南师范学院,E048,学前教育（中外合作办学）（师范类）,中外合作办学; 师范类,,,,,402,41594,,,,,,402,41594,,,,,,,,,本科,,,,,
8037434,上海,本科批,物理,,X8C2D30,专业组01,北京物资学院,BD59,金融科技,,,,,,458,29994,,,,,,458,29994,,,,,,,,,本科,,,,,
8037435,上海,本科批,物理,,X8C2D30,专业组02,北京物资学院,0C2B,金融学（期货与证券实验班）,期货与证券实验班,,,,,462,29014,,,,,,462,29014,,,,,,,,,本科,,,,,
8037436,上海,本科批,物理,,X8C2D30,专业组02,北京物资学院,0FBC,金融学,,,,,,464,28519,,,,,,464,28519,,,,,,,,,本科,,,,,
8038063,上海,本科批,物理,,X142D67,专业组03,江苏理工学院,EA4B,机械设计制造及其自动化（中外合作办学）,中外合作办学,,,,,438,34709,,,,,,438,34709,,,,,,,,,本科,,,,,
8038064,上海,本科批,物理,,X142D67,专业组01,江苏理工学院,29F4,物联网工程,,,,,,440,34239,,,,,,440,34239,,,,,,,,,本科,,,,,
8038065,上海,本科批,物理,,X142D67,专业组01,江苏理工学院,7E23,环境工程,,,,,,440,34239,,,,,,440,34239,,,,,,,,,本科,,,,,
8038066,上海,本科批,物理,,X142D67,专业组02,江苏理工学院,0FBC,金融学,,,,,,453,31179,,,,,,453,31179,,,,,,,,,本科,,,,,
8038067,上海,本科批,物理,,X142D67,专业组02,江苏理工学院,5E19,会计学,,,,,,453,31179,,,,,,453,31179,,,,,,,,,本科,,,,,
8038892,上海,本科批,物理,,X1839E5,专业组05,上海电力大学,4145,英语,,,,,,472,26492,,,,,,472,26492,,,,,,,,,本科,,,,,
8038893,上海,本科批,物理,,X1839E5,专业组05,上海电力大学,04A0,工商管理,,,,,,473,26270,,,,,,473,26270,,,,,,,,,本科,,,,,
8038894,上海,本科批,物理,,X1839E5,专业组05,上海电力大学,6AB9,经济学,,,,,,473,26270,,,,,,473,26270,,,,,,,,,本科,,,,,
8038895,上海,本科批,物理,,X1839E5,专业组05,上海电力大学,25DE,国际经济与贸易,,,,,,474,26034,,,,,,474,26034,,,,,,,,,本科,,,,,
8038896,上海,本科批,物理,,X1839E5,专业组03,上海电力大学,52FD,应用化学,,,,,,484,23553,,,,,,484,23553,,,,,,,,,本科,,,,,
8038897,上海,本科批,物理,,X1839E5,专业组03,上海电力大学,D6ED,化学工程与工艺,,,,,,485,23293,,,,,,485,23293,,,,,,,,,本科,,,,,
8038898,上海,本科批,物理,,X1839E5,专业组03,上海电力大学,7E23,环境工程,,,,,,487,22781,,,,,,487,22781,,,,,,,,,本科,,,,,
8038899,上海,本科批,物理,,X1839E5,专业组03,上海电力大学,4EA7,新能源材料与器件,,,,,,488,22514,,,,,,488,22514,,,,,,,,,本科,,,,,
8038900,上海,本科批,物理,,X1839E5,专业组04,上海电力大学,6F56,工程管理,,,,,,489,22270,,,,,,489,22270,,,,,,,,,本科,,,,,
8038901,上海,本科批,物理,,X1839E5,专业组04,上海电力大学,D681,信息管理与信息系统,,,,,,492,21473,,,,,,492,21473,,,,,,,,,本科,,,,,
8038902,上海,本科批,物理,,X1839E5,专业组02,上海电力大学,3477,应用物理学,,,,,,494,20956,,,,,,494,20956,,,,,,,,,本科,,,,,
8038903,上海,本科批,物理,,X1839E5,专业组02,上海电力大学,548C,信息与计算科学,,,,,,494,20956,,,,,,494,20956,,,,,,,,,本科,,,,,
8038904,上海,本科批,物理,,X1839E5,专业组02,上海电力大学,C734,电子科学与技术,,,,,,494,20956,,,,,,494,20956,,,,,,,,,本科,,,,,
8038905,上海,本科批,物理,,X1839E5,专业组02,上海电力大学,25BA,集成电路设计与集成系统,,,,,,495,20693,,,,,,495,20693,,,,,,,,,本科,,,,,
8038906,上海,本科批,物理,,X1839E5,专业组02,上海电力大学,03B1,智能科学与技术,,,,,,495,20693,,,,,,495,20693,,,,,,,,,本科,,,,,
8038907,上海,本科批,物理,,X1839E5,专业组02,上海电力大学,A687,光电信息科学与工程,,,,,,495,20693,,,,,,495,20693,,,,,,,,,本科,,,,,
8038908,上海,本科批,物理,,X1839E5,专业组02,上海电力大学,B001,信息安全,,,,,,496,20446,,,,,,496,20446,,,,,,,,,本科,,,,,
8038909,上海,本科批,物理,,X1839E5,专业组02,上海电力大学,6669,能源服务工程,,,,,,496,20446,,,,,,496,20446,,,,,,,,,本科,,,,,
8038910,上海,本科批,物理,,X1839E5,专业组02,上海电力大学,A5D2,测控技术与仪器,,,,,,496,20446,,,,,,496,20446,,,,,,,,,本科,,,,,
8038911,上海,本科批,物理,,X1839E5,专业组02,上海电力大学,4718,数据科学与大数据技术,,,,,,498,19960,,,,,,498,19960,,,,,,,,,本科,,,,,
8039449,上海,本科批,物理,,XB92EE4,专业组02,上海对外经贸大学,0F80,人力资源管理（上海市级一流本科专业建设点）,上海市级一流本科专业建设点,,,,,512,16483,,,,,,512,16483,,,,,,,,,本科,,,,,
8039450,上海,本科批,物理,,XB92EE4,专业组03,上海对外经贸大学,45F1,法语（商务法语方向。外语语种为英语、法语。入学后教学外语语种为法语）,商务法语方向。外语语种为英语、法语。入学后教学外语语种为法语,,,,,512,16483,,,,,,512,16483,,,,,,,,,本科,,,,,
8039451,上海,本科批,物理,,XB92EE4,专业组02,上海对外经贸大学,49B9,市场营销（国际营销方向。国家级一流本科专业建设点）,国际营销方向。国家级一流本科专业建设点,,,,,512,16483,,,,,,512,16483,,,,,,,,,本科,,,,,
8039452,上海,本科批,物理,,XB92EE4,专业组02,上海对外经贸大学,7288,文化产业管理,,,,,,512,16483,,,,,,512,16483,,,,,,,,,本科,,,,,
8039453,上海,本科批,物理,,XB92EE4,专业组03,上海对外经贸大学,4E22,日语（商务方向。外语语种为英语、日语。入学后教学外语语种为日语。上海市级一流本科专业建设点）,商务方向。外语语种为英语、日语。入学后教学外语语种为日语。上海市级一流本科专业建设点,,,,,512,16483,,,,,,512,16483,,,,,,,,,本科,,,,,
8039454,上海,本科批,物理,,XB92EE4,专业组02,上海对外经贸大学,4869,投资学,,,,,,513,16250,,,,,,513,16250,,,,,,,,,本科,,,,,
8039455,上海,本科批,物理,,XB92EE4,专业组03,上海对外经贸大学,32B2,"英语（中外合作办学）（中英合作。4+0模式,国家级一流本科专业建设点）","中外合作办学; 中英合作。4+0模式,国家级一流本科专业建设点",,,,,513,16250,,,,,,513,16250,,,,,,,,,本科,,,,,
8039456,上海,本科批,物理,,XB92EE4,专业组02,上海对外经贸大学,6C71,"物流管理（中外合作办学）（中澳合作。4+0模式,国家级一流本科专业建设点）","中外合作办学; 中澳合作。4+0模式,国家级一流本科专业建设点",,,,,513,16250,,,,,,513,16250,,,,,,,,,本科,,,,,
8039457,上海,本科批,物理,,XB92EE4,专业组02,上海对外经贸大学,55AD,工商管理（国际企业管理方向。国家级一流本科专业建设点）,国际企业管理方向。国家级一流本科专业建设点,,,,,513,16250,,,,,,513,16250,,,,,,,,,本科,,,,,
8039458,上海,本科批,物理,,XB92EE4,专业组02,上海对外经贸大学,F867,电子商务（国家级一流本科专业建设点）,国家级一流本科专业建设点,,,,,513,16250,,,,,,513,16250,,,,,,,,,本科,,,,,
8039459,上海,本科批,物理,,XB92EE4,专业组03,上海对外经贸大学,D9BA,英语（国家级一流本科专业建设点）,国家级一流本科专业建设点,,,,,514,15979,,,,,,514,15979,,,,,,,,,本科,,,,,
8039460,上海,本科批,物理,,XB92EE4,专业组02,上海对外经贸大学,6BF1,旅游管理（上海市级一流本科专业建设点）,上海市级一流本科专业建设点,,,,,514,15979,,,,,,514,15979,,,,,,,,,本科,,,,,
8039461,上海,本科批,物理,,XB92EE4,专业组02,上海对外经贸大学,82B2,国际商务（中外合作办学）（中澳合作。4+0模式）,中外合作办学; 中澳合作。4+0模式,,,,,514,15979,,,,,,514,15979,,,,,,,,,本科,,,,,
8039462,上海,本科批,物理,,XB92EE4,专业组03,上海对外经贸大学,530B,汉语国际教育（商务汉语方向）,商务汉语方向,,,,,515,15734,,,,,,515,15734,,,,,,,,,本科,,,,,
8039463,上海,本科批,物理,,XB92EE4,专业组02,上海对外经贸大学,0E54,保险学,,,,,,515,15734,,,,,,515,15734,,,,,,,,,本科,,,,,
8039464,上海,本科批,物理,,XB92EE4,专业组02,上海对外经贸大学,EACA,"会展经济与管理（中外合作办学）（中德合作。4+0模式,国家级一流本科专业建设点）","中外合作办学; 中德合作。4+0模式,国家级一流本科专业建设点",,,,,515,15734,,,,,,515,15734,,,,,,,,,本科,,,,,
8039465,上海,本科批,物理,,XB92EE4,专业组02,上海对外经贸大学,ADCD,金融学（国家级一流本科专业建设点）,国家级一流本科专业建设点,,,,,515,15734,,,,,,515,15734,,,,,,,,,本科,,,,,
8039466,上海,本科批,物理,,XB92EE4,专业组02,上海对外经贸大学,7D9F,"金融学（中外合作办学）（中加合作。4+0模式,国家级一流本科专业建设点）","中外合作办学; 中加合作。4+0模式,国家级一流本科专业建设点",,,,,516,15485,,,,,,516,15485,,,,,,,,,本科,,,,,
8039467,上海,本科批,物理,,XB92EE4,专业组02,上海对外经贸大学,86E9,国际经济发展合作,,,,,,516,15485,,,,,,516,15485,,,,,,,,,本科,,,,,
8039468,上海,本科批,物理,,XB92EE4,专业组02,上海对外经贸大学,1788,经济学（国际投资方向。上海市级一流本科专业建设点）,国际投资方向。上海市级一流本科专业建设点,,,,,516,15485,,,,,,516,15485,,,,,,,,,本科,,,,,
8040018,上海,本科批,物理,,XDD0D4C,专业组01,潍坊学院,671C,日语,,,,,,421,38266,,,,,,421,38266,,,,,,,,,本科,,,,,
8040019,上海,本科批,物理,,XDD0D4C,专业组01,潍坊学院,F338,英语（师范类）,师范类,,,,,425,37468,,,,,,425,37468,,,,,,,,,本科,,,,,
8042116,上海,本科批,物理,,XAE00BE,专业组01,宝鸡文理学院,9A15,外国语言文学类（含:英语、翻译专业）,含:英语、翻译专业,,,,,418,38869,,,,,,418,38869,,,,,,,,,本科,,,,,
8042117,上海,本科批,物理,,XAE00BE,专业组01,宝鸡文理学院,DBB2,历史学（师范类）,师范类,,,,,419,38662,,,,,,419,38662,,,,,,,,,本科,,,,,
8042562,上海,本科批,物理,,X320DC2,专业组02,北华航天工业学院,4145,英语,,,,,,428,36833,,,,,,428,36833,,,,,,,,,本科,,,,,
8042563,上海,本科批,物理,,X320DC2,专业组02,北华航天工业学院,25DE,国际经济与贸易,,,,,,429,36629,,,,,,429,36629,,,,,,,,,本科,,,,,
8042564,上海,本科批,物理,,X320DC2,专业组02,北华航天工业学院,FBFE,物流管理,,,,,,430,36436,,,,,,430,36436,,,,,,,,,本科,,,,,
8042565,上海,本科批,物理,,X320DC2,专业组01,北华航天工业学院,4ECE,土木工程,,,,,,431,36222,,,,,,431,36222,,,,,,,,,本科,,,,,
8042566,上海,本科批,物理,,X320DC2,专业组01,北华航天工业学院,FEF6,材料成型及控制工程,,,,,,432,36033,,,,,,432,36033,,,,,,,,,本科,,,,,
8042567,上海,本科批,物理,,X320DC2,专业组02,北华航天工业学院,5E19,会计学,,,,,,432,36033,,,,,,432,36033,,,,,,,,,本科,,,,,
8042568,上海,本科批,物理,,X320DC2,专业组01,北华航天工业学院,78FF,机械设计制造及其自动化,,,,,,433,35806,,,,,,433,35806,,,,,,,,,本科,,,,,
8042569,上海,本科批,物理,,X320DC2,专业组01,北华航天工业学院,93E3,电子信息工程,,,,,,434,35570,,,,,,434,35570,,,,,,,,,本科,,,,,
8042570,上海,本科批,物理,,X320DC2,专业组01,北华航天工业学院,B9A5,计算机科学与技术,,,,,,435,35341,,,,,,435,35341,,,,,,,,,本科,,,,,
8042571,上海,本科批,物理,,X320DC2,专业组01,北华航天工业学院,7A06,飞行器制造工程,,,,,,436,35127,,,,,,436,35127,,,,,,,,,本科,,,,,
8044799,上海,本科批,物理,,X4878CC,专业组01,山东航空学院,DB99,交通运输（民航机务工程方向。只招男生。无色盲、色弱）,民航机务工程方向。只招男生。无色盲、色弱,,,,,431,36222,,,,,,431,36222,,,,,,,,,本科,,,,,
8044800,上海,本科批,物理,,X4878CC,专业组02,山东航空学院,FB18,财务管理,,,,,,435,35341,,,,,,435,35341,,,,,,,,,本科,,,,,
8045217,上海,本科批,物理,,X289391,专业组01,沈阳工程学院,33C7,能源与动力工程（本科学术互认课程项目（应用型））,本科学术互认课程项目（应用型,,,,,421,38266,,,,,,421,38266,,,,,,,,,本科,,,,,
8045218,上海,本科批,物理,,X289391,专业组02,沈阳工程学院,9A06,储能科学与工程,,,,,,430,36436,,,,,,430,36436,,,,,,,,,本科,,,,,
8045219,上海,本科批,物理,,X289391,专业组02,沈阳工程学院,3557,能源与动力工程,,,,,,430,36436,,,,,,430,36436,,,,,,,,,本科,,,,,
8045220,上海,本科批,物理,,X289391,专业组02,沈阳工程学院,D081,新能源科学与工程,,,,,,433,35806,,,,,,433,35806,,,,,,,,,本科,,,,,
8045221,上海,本科批,物理,,X289391,专业组02,沈阳工程学院,A5B7,电气工程及其自动化,,,,,,452,31399,,,,,,452,31399,,,,,,,,,本科,,,,,
8045222,上海,本科批,物理,,X289391,专业组03,沈阳工程学院,8091,电气工程及其自动化（中外合作办学）,中外合作办学,,,,,479,24795,,,,,,479,24795,,,,,,,,,本科,,,,,
8046624,上海,本科批,物理,,X7F6B13,专业组01,齐齐哈尔医学院,10A0,药学,,,,,,422,38053,,,,,,422,38053,,,,,,,,,本科,,,,,
8046625,上海,本科批,物理,,X7F6B13,专业组05,齐齐哈尔医学院,090D,公共事业管理,,,,,,423,37882,,,,,,423,37882,,,,,,,,,本科,,,,,
8046626,上海,本科批,物理,,X7F6B13,专业组05,齐齐哈尔医学院,E6CB,社会工作,,,,,,424,37692,,,,,,424,37692,,,,,,,,,本科,,,,,
8046627,上海,本科批,物理,,X7F6B13,专业组03,齐齐哈尔医学院,97D0,临床医学,,,,,,425,37468,,,,,,425,37468,,,,,,,,,本科,,,,,
8046628,上海,本科批,物理,,X7F6B13,专业组02,齐齐哈尔医学院,FFE8,生物医学工程,,,,,,426,37259,,,,,,426,37259,,,,,,,,,本科,,,,,
8046629,上海,本科批,物理,,X7F6B13,专业组05,齐齐哈尔医学院,4852,应用心理学,,,,,,426,37259,,,,,,426,37259,,,,,,,,,本科,,,,,
8046630,上海,本科批,物理,,X7F6B13,专业组01,齐齐哈尔医学院,43D9,药物制剂,,,,,,428,36833,,,,,,428,36833,,,,,,,,,本科,,,,,
8046631,上海,本科批,物理,,X7F6B13,专业组04,齐齐哈尔医学院,4BF3,护理学,,,,,,429,36629,,,,,,429,36629,,,,,,,,,本科,,,,,
8046632,上海,本科批,物理,,X7F6B13,专业组01,齐齐哈尔医学院,765E,临床药学,,,,,,434,35570,,,,,,434,35570,,,,,,,,,本科,,,,,
8046633,上海,本科批,物理,,X7F6B13,专业组01,齐齐哈尔医学院,A39E,预防医学,,,,,,435,35341,,,,,,435,35341,,,,,,,,,本科,,,,,
8046634,上海,本科批,物理,,X7F6B13,专业组03,齐齐哈尔医学院,3B42,精神医学,,,,,,442,33781,,,,,,442,33781,,,,,,,,,本科,,,,,
8048212,上海,本科批,物理,,XA0DC7A,专业组02,河北建筑工程学院,FB18,财务管理,,,,,,411,40210,,,,,,411,40210,,,,,,,,,本科,,,,,
8048213,上海,本科批,物理,,XA0DC7A,专业组01,河北建筑工程学院,4ECE,土木工程,,,,,,419,38662,,,,,,419,38662,,,,,,,,,本科,,,,,
8048214,上海,本科批,物理,,XA0DC7A,专业组01,河北建筑工程学院,70D5,能源动力类（含:能源与动力工程、新能源科学与工程、建筑环境与能源应用工程专业）,含:能源与动力工程、新能源科学与工程、建筑环境与能源应用工程专业,,,,,420,38443,,,,,,420,38443,,,,,,,,,本科,,,,,
8048215,上海,本科批,物理,,XA0DC7A,专业组03,河北建筑工程学院,F5F4,建筑学（须具有一定的美术基础）,须具有一定的美术基础,,,,,420,38443,,,,,,420,38443,,,,,,,,,本科,,,,,
8048216,上海,本科批,物理,,XA0DC7A,专业组01,河北建筑工程学院,B9A5,计算机科学与技术,,,,,,428,36833,,,,,,428,36833,,,,,,,,,本科,,,,,
8049287,上海,本科批,物理,,X741095,专业组01,湖南财政经济学院,0FBC,金融学,,,,,,435,35341,,,,,,435,35341,,,,,,,,,本科,,,,,
8049288,上海,本科批,物理,,X741095,专业组01,湖南财政经济学院,FB18,财务管理,,,,,,436,35127,,,,,,436,35127,,,,,,,,,本科,,,,,
8049289,上海,本科批,物理,,X741095,专业组01,湖南财政经济学院,5E19,会计学,,,,,,438,34709,,,,,,438,34709,,,,,,,,,本科,,,,,
8050647,上海,本科批,物理,,X2A8E6F,专业组01,喀什大学,C15F,生物科学（师范类）,师范类,,,,,408,40752,,,,,,408,40752,,,,,,,,,本科,,,,,
8050648,上海,本科批,物理,,X2A8E6F,专业组01,喀什大学,8FA3,化学（师范类）,师范类,,,,,408,40752,,,,,,408,40752,,,,,,,,,本科,,,,,
8050649,上海,本科批,物理,,X2A8E6F,专业组01,喀什大学,B8DA,数学与应用数学（师范类）,师范类,,,,,408,40752,,,,,,408,40752,,,,,,,,,本科,,,,,
8050650,上海,本科批,物理,,X2A8E6F,专业组01,喀什大学,0294,物理学（师范类）,师范类,,,,,410,40401,,,,,,410,40401,,,,,,,,,本科,,,,,
8050651,上海,本科批,物理,,X2A8E6F,专业组02,喀什大学,C17B,思想政治教育（师范类）,师范类,,,,,418,38869,,,,,,418,38869,,,,,,,,,本科,,,,,
8052078,上海,本科批,物理,,XDC9715,专业组02,长春工程学院,04A0,工商管理,,,,,,418,38869,,,,,,418,38869,,,,,,,,,本科,,,,,
8052079,上海,本科批,物理,,XDC9715,专业组02,长春工程学院,FB18,财务管理,,,,,,419,38662,,,,,,419,38662,,,,,,,,,本科,,,,,
8052080,上海,本科批,物理,,XDC9715,专业组01,长春工程学院,3C38,软件工程,,,,,,427,37063,,,,,,427,37063,,,,,,,,,本科,,,,,
8052081,上海,本科批,物理,,XDC9715,专业组01,长春工程学院,B9A5,计算机科学与技术,,,,,,427,37063,,,,,,427,37063,,,,,,,,,本科,,,,,
8052082,上海,本科批,物理,,XDC9715,专业组01,长春工程学院,93E3,电子信息工程,,,,,,431,36222,,,,,,431,36222,,,,,,,,,本科,,,,,
8052083,上海,本科批,物理,,XDC9715,专业组01,长春工程学院,A5B7,电气工程及其自动化,,,,,,440,34239,,,,,,440,34239,,,,,,,,,本科,,,,,
8052961,上海,本科批,物理,,XFE88E6,专业组01,中国民航大学,4B2C,统计学（民航大数据方向）,民航大数据方向,,,,,464,28519,,,,,,464,28519,,,,,,,,,本科,,,,,
8052962,上海,本科批,物理,,XFE88E6,专业组01,中国民航大学,5916,飞行器质量与可靠性（色盲、色弱不宜就读）,色盲、色弱不宜就读,,,,,464,28519,,,,,,464,28519,,,,,,,,,本科,,,,,
8052963,上海,本科批,物理,,XFE88E6,专业组01,中国民航大学,C7AE,交通工程,,,,,,464,28519,,,,,,464,28519,,,,,,,,,本科,,,,,
8052964,上海,本科批,物理,,XFE88E6,专业组01,中国民航大学,DD41,飞行器运维工程（色盲、色弱不宜就读）,色盲、色弱不宜就读,,,,,465,28294,,,,,,465,28294,,,,,,,,,本科,,,,,
8052965,上海,本科批,物理,,XFE88E6,专业组01,中国民航大学,4ECE,土木工程,,,,,,465,28294,,,,,,465,28294,,,,,,,,,本科,,,,,
8052966,上海,本科批,物理,,XFE88E6,专业组01,中国民航大学,548C,信息与计算科学,,,,,,466,28028,,,,,,466,28028,,,,,,,,,本科,,,,,
8052967,上海,本科批,物理,,XFE88E6,专业组02,中国民航大学,D3D3,"交通管理（飞行运行管理方向。原则上只招收男生。单眼裸视未达到E字表4.0及以上,存在语言、发音、听力障碍,色盲、色弱不宜就读）","飞行运行管理方向。原则上只招收男生。单眼裸视未达到E字表4.0及以上,存在语言、发音、听力障碍,色盲、色弱不宜就读",,,,,467,27778,,,,,,467,27778,,,,,,,,,本科,,,,,
8052968,上海,本科批,物理,,XFE88E6,专业组01,中国民航大学,637E,信息安全（色盲、色弱不宜就读）,色盲、色弱不宜就读,,,,,467,27778,,,,,,467,27778,,,,,,,,,本科,,,,,
8052969,上海,本科批,物理,,XFE88E6,专业组01,中国民航大学,F407,油气储运工程（机场供油工程方向。色盲、色弱不宜就读）,机场供油工程方向。色盲、色弱不宜就读,,,,,468,27525,,,,,,468,27525,,,,,,,,,本科,,,,,
8052970,上海,本科批,物理,,XFE88E6,专业组02,中国民航大学,FBFE,物流管理,,,,,,468,27525,,,,,,468,27525,,,,,,,,,本科,,,,,
8052971,上海,本科批,物理,,XFE88E6,专业组01,中国民航大学,09EF,材料物理（无损检测与表面工程方向）,无损检测与表面工程方向,,,,,469,27273,,,,,,469,27273,,,,,,,,,本科,,,,,
8052972,上海,本科批,物理,,XFE88E6,专业组01,中国民航大学,0861,无人驾驶航空器系统工程,,,,,,469,27273,,,,,,469,27273,,,,,,,,,本科,,,,,
8052973,上海,本科批,物理,,XFE88E6,专业组01,中国民航大学,55B7,工科试验班（民航安全与应急类。含:安全工程、应急技术与管理专业。色盲、色弱不宜就读）,民航安全与应急类。含:安全工程、应急技术与管理专业。色盲、色弱不宜就读,,,,,469,27273,,,,,,469,27273,,,,,,,,,本科,,,,,
8052974,上海,本科批,物理,,XFE88E6,专业组04,中国民航大学,B231,英语（民航外语方向）,民航外语方向,,,,,471,26748,,,,,,471,26748,,,,,,,,,本科,,,,,
8052975,上海,本科批,物理,,XFE88E6,专业组01,中国民航大学,8238,应用气象学（航空气象方向。色盲、色弱不宜就读）,航空气象方向。色盲、色弱不宜就读,,,,,472,26492,,,,,,472,26492,,,,,,,,,本科,,,,,
8052976,上海,本科批,物理,,XFE88E6,专业组01,中国民航大学,7D22,材料化学,,,,,,473,26270,,,,,,473,26270,,,,,,,,,本科,,,,,
8052977,上海,本科批,物理,,XFE88E6,专业组04,中国民航大学,1796,工商管理类（航空运输管理方向。含:经济与金融、工商管理、会计学、财务管理专业）,航空运输管理方向。含:经济与金融、工商管理、会计学、财务管理专业,,,,,473,26270,,,,,,473,26270,,,,,,,,,本科,,,,,
8052978,上海,本科批,物理,,XFE88E6,专业组01,中国民航大学,36F5,工科试验班（智能与计算机方向。含:计算机科学与技术、人工智能专业。色盲、色弱不宜就读）,智能与计算机方向。含:计算机科学与技术、人工智能专业。色盲、色弱不宜就读,,,,,473,26270,,,,,,473,26270,,,,,,,,,本科,,,,,
8052979,上海,本科批,物理,,XFE88E6,专业组01,中国民航大学,38A5,工科试验班（电子信息与电气自动化方向。含:电子信息工程（航空电子）、电气工程及其自动化（航空电气）、通信工程、自动化、物联网工程专业。色盲、色弱不宜就读）,电子信息与电气自动化方向。含:电子信息工程（航空电子; 航空电气,,,,,474,26034,,,,,,474,26034,,,,,,,,,本科,,,,,
8052980,上海,本科批,物理,,XFE88E6,专业组04,中国民航大学,22CD,"航空安防管理（原则上只招收男生,建议身高170厘米（含）以上。色盲、色弱不宜就读）","原则上只招收男生,建议身高170厘米（含",,,,,477,25299,,,,,,477,25299,,,,,,,,,本科,,,,,
8053906,上海,本科批,物理,,XE83110,专业组01,中国民用航空飞行学院,4718,数据科学与大数据技术,,,,,,431,36222,,,,,,431,36222,,,,,,,,,本科,,,,,
8053907,上海,本科批,物理,,XE83110,专业组01,中国民用航空飞行学院,4226,大气科学,,,,,,431,36222,,,,,,431,36222,,,,,,,,,本科,,,,,
8053908,上海,本科批,物理,,XE83110,专业组04,中国民用航空飞行学院,09EE,市场营销,,,,,,431,36222,,,,,,431,36222,,,,,,,,,本科,,,,,
8053909,上海,本科批,物理,,XE83110,专业组04,中国民用航空飞行学院,04A0,工商管理,,,,,,432,36033,,,,,,432,36033,,,,,,,,,本科,,,,,
8053910,上海,本科批,物理,,XE83110,专业组01,中国民用航空飞行学院,B9A5,计算机科学与技术,,,,,,432,36033,,,,,,432,36033,,,,,,,,,本科,,,,,
8053911,上海,本科批,物理,,XE83110,专业组01,中国民用航空飞行学院,548C,信息与计算科学,,,,,,432,36033,,,,,,432,36033,,,,,,,,,本科,,,,,
8053912,上海,本科批,物理,,XE83110,专业组01,中国民用航空飞行学院,D583,网络空间安全,,,,,,434,35570,,,,,,434,35570,,,,,,,,,本科,,,,,
8053913,上海,本科批,物理,,XE83110,专业组01,中国民用航空飞行学院,ACCE,应用气象学（含:机场气象预报、航空公司气象分析方向）,含:机场气象预报、航空公司气象分析方向,,,,,434,35570,,,,,,434,35570,,,,,,,,,本科,,,,,
8053914,上海,本科批,物理,,XE83110,专业组02,中国民用航空飞行学院,4852,应用心理学,,,,,,434,35570,,,,,,434,35570,,,,,,,,,本科,,,,,
8053915,上海,本科批,物理,,XE83110,专业组01,中国民用航空飞行学院,29F4,物联网工程,,,,,,434,35570,,,,,,434,35570,,,,,,,,,本科,,,,,
8053916,上海,本科批,物理,,XE83110,专业组01,中国民用航空飞行学院,86D4,"安全工程（原则上只招收男生,女生慎报。无嗅觉障碍）","原则上只招收男生,女生慎报。无嗅觉障碍",,,,,435,35341,,,,,,435,35341,,,,,,,,,本科,,,,,
8053917,上海,本科批,物理,,XE83110,专业组01,中国民用航空飞行学院,5D00,"电子信息工程（航空电子设备维修方向。原则上只招收男生,女生慎报）","航空电子设备维修方向。原则上只招收男生,女生慎报",,,,,436,35127,,,,,,436,35127,,,,,,,,,本科,,,,,
8053918,上海,本科批,物理,,XE83110,专业组01,中国民用航空飞行学院,4245,"航空航天工程（直升机维修工程方向。原则上只招收男生,女生慎报）","直升机维修工程方向。原则上只招收男生,女生慎报",,,,,436,35127,,,,,,436,35127,,,,,,,,,本科,,,,,
8053919,上海,本科批,物理,,XE83110,专业组01,中国民用航空飞行学院,A31D,交通工程（机场管理与工程方向）,机场管理与工程方向,,,,,437,34923,,,,,,437,34923,,,,,,,,,本科,,,,,
8053920,上海,本科批,物理,,XE83110,专业组01,中国民用航空飞行学院,C307,"飞行器适航技术（原则上只招收男生,女生慎报）","原则上只招收男生,女生慎报",,,,,438,34709,,,,,,438,34709,,,,,,,,,本科,,,,,
8053921,上海,本科批,物理,,XE83110,专业组01,中国民用航空飞行学院,9793,飞行器制造工程（飞机结构维修方向）,飞机结构维修方向,,,,,438,34709,,,,,,438,34709,,,,,,,,,本科,,,,,
8053922,上海,本科批,物理,,XE83110,专业组01,中国民用航空飞行学院,DA4B,"电气工程及其自动化（航空电气设备维修方向。原则上只招收男生,女生慎报）","航空电气设备维修方向。原则上只招收男生,女生慎报",,,,,439,34482,,,,,,439,34482,,,,,,,,,本科,,,,,
8053923,上海,本科批,物理,,XE83110,专业组04,中国民用航空飞行学院,090D,公共事业管理,,,,,,439,34482,,,,,,439,34482,,,,,,,,,本科,,,,,
8053924,上海,本科批,物理,,XE83110,专业组04,中国民用航空飞行学院,1BEE,翻译（英语单科成绩不低于110分）,英语单科成绩不低于110分,,,,,440,34239,,,,,,440,34239,,,,,,,,,本科,,,,,
8053925,上海,本科批,物理,,XE83110,专业组02,中国民用航空飞行学院,5EC4,物流工程（航空物流方向。无色盲、色弱）,航空物流方向。无色盲、色弱,,,,,442,33781,,,,,,442,33781,,,,,,,,,本科,,,,,
8055176,上海,本科批,物理,,XA11B10,专业组04,上海政法学院,8B36,翻译,,,,,,491,21744,,,,,,491,21744,,,,,,,,,本科,,,,,
8055177,上海,本科批,物理,,XA11B10,专业组Q7,上海政法学院,0948,广播电视编导（摄影摄像方向。该专业授予艺术学学士学位。上海市一流本科专业）,摄影摄像方向。该专业授予艺术学学士学位。上海市一流本科专业,,,,,492,21473,,,,,,492,21473,,,,,,,,,本科,,,,,
8055178,上海,本科批,物理,,XA11B10,专业组04,上海政法学院,CB6A,广播电视学（卓越新闻传播人才培养试点班）,卓越新闻传播人才培养试点班,,,,,492,21473,,,,,,492,21473,,,,,,,,,本科,,,,,
8055179,上海,本科批,物理,,XA11B10,专业组04,上海政法学院,2234,劳动与社会保障,,,,,,492,21473,,,,,,492,21473,,,,,,,,,本科,,,,,
8055180,上海,本科批,物理,,XA11B10,专业组04,上海政法学院,4145,英语,,,,,,492,21473,,,,,,492,21473,,,,,,,,,本科,,,,,
8055181,上海,本科批,物理,,XA11B10,专业组04,上海政法学院,AC90,行政管理,,,,,,492,21473,,,,,,492,21473,,,,,,,,,本科,,,,,
8055182,上海,本科批,物理,,XA11B10,专业组04,上海政法学院,A615,汉语国际教育,,,,,,492,21473,,,,,,492,21473,,,,,,,,,本科,,,,,
8055183,上海,本科批,物理,,XA11B10,专业组04,上海政法学院,4852,应用心理学,,,,,,493,21226,,,,,,493,21226,,,,,,,,,本科,,,,,
8055184,上海,本科批,物理,,XA11B10,专业组03,上海政法学院,AD5B,电子商务及法律,,,,,,494,20956,,,,,,494,20956,,,,,,,,,本科,,,,,
8055185,上海,本科批,物理,,XA11B10,专业组03,上海政法学院,04A0,工商管理,,,,,,494,20956,,,,,,494,20956,,,,,,,,,本科,,,,,
8055186,上海,本科批,物理,,XA11B10,专业组04,上海政法学院,5D72,网络与新媒体,,,,,,494,20956,,,,,,494,20956,,,,,,,,,本科,,,,,
8055187,上海,本科批,物理,,XA11B10,专业组Q7,上海政法学院,1318,广播电视编导（纪录片方向。该专业授予艺术学学士学位。上海市一流本科专业）,纪录片方向。该专业授予艺术学学士学位。上海市一流本科专业,,,,,494,20956,,,,,,494,20956,,,,,,,,,本科,,,,,
8055188,上海,本科批,物理,,XA11B10,专业组03,上海政法学院,0534,国际经济与贸易（上海市一流本科专业）,上海市一流本科专业,,,,,495,20693,,,,,,495,20693,,,,,,,,,本科,,,,,
8055189,上海,本科批,物理,,XA11B10,专业组03,上海政法学院,BB98,经济与金融（上海市一流本科专业）,上海市一流本科专业,,,,,496,20446,,,,,,496,20446,,,,,,,,,本科,,,,,
8055190,上海,本科批,物理,,XA11B10,专业组04,上海政法学院,7022,社会学,,,,,,498,19960,,,,,,498,19960,,,,,,,,,本科,,,,,
8055191,上海,本科批,物理,,XA11B10,专业组03,上海政法学院,FB18,财务管理,,,,,,498,19960,,,,,,498,19960,,,,,,,,,本科,,,,,
8055192,上海,本科批,物理,,XA11B10,专业组04,上海政法学院,12BA,新闻学（卓越新闻传播人才培养试点班。上海市一流本科专业）,卓越新闻传播人才培养试点班。上海市一流本科专业,,,,,499,19729,,,,,,499,19729,,,,,,,,,本科,,,,,
8055193,上海,本科批,物理,,XA11B10,专业组03,上海政法学院,CCDF,经济学（上海市一流本科专业）,上海市一流本科专业,,,,,499,19729,,,,,,499,19729,,,,,,,,,本科,,,,,
8055194,上海,本科批,物理,,XA11B10,专业组03,上海政法学院,1D5E,税收学,,,,,,500,19486,,,,,,500,19486,,,,,,,,,本科,,,,,
8055195,上海,本科批,物理,,XA11B10,专业组04,上海政法学院,F788,社会工作（卓越社会管理人才培养试点班。上海市一流本科专业）,卓越社会管理人才培养试点班。上海市一流本科专业,,,,,503,18767,,,,,,503,18767,,,,,,,,,本科,,,,,
8055711,上海,本科批,物理,,X99D47B,专业组01,云南警官学院,927B,法学,,,,,,446,32860,,,,,,446,32860,,,,,,,,,本科,,,,,
8055754,上海,本科批,物理,,X8A87FB,专业组01,成都医学院,B3E8,医学检验技术（无色盲、色弱）,无色盲、色弱,,,,,466,28028,,,,,,466,28028,,,,,,,,,本科,,,,,
8056198,上海,本科批,物理,,XFA18CC,专业组01,上饶师范学院,1052,生物科学（师范类。无色盲、色弱）,师范类。无色盲、色弱,,,,,416,39269,,,,,,416,39269,,,,,,,,,本科,,,,,
8056199,上海,本科批,物理,,XFA18CC,专业组02,上饶师范学院,19B0,学前教育（师范类。无色盲、色弱）,师范类。无色盲、色弱,,,,,426,37259,,,,,,426,37259,,,,,,,,,本科,,,,,
8058535,上海,本科批,物理,,X751A7A,专业组03,湖南工学院,04A0,工商管理,,,,,,424,37692,,,,,,424,37692,,,,,,,,,本科,,,,,
8058536,上海,本科批,物理,,X751A7A,专业组03,湖南工学院,25DE,国际经济与贸易,,,,,,425,37468,,,,,,425,37468,,,,,,,,,本科,,,,,
8058537,上海,本科批,物理,,X751A7A,专业组02,湖南工学院,16DF,金融工程,,,,,,426,37259,,,,,,426,37259,,,,,,,,,本科,,,,,
8058538,上海,本科批,物理,,X751A7A,专业组01,湖南工学院,D6ED,化学工程与工艺,,,,,,428,36833,,,,,,428,36833,,,,,,,,,本科,,,,,
8058539,上海,本科批,物理,,X751A7A,专业组01,湖南工学院,7E23,环境工程,,,,,,428,36833,,,,,,428,36833,,,,,,,,,本科,,,,,
8058540,上海,本科批,物理,,X751A7A,专业组01,湖南工学院,F11A,机器人工程,,,,,,429,36629,,,,,,429,36629,,,,,,,,,本科,,,,,
8058541,上海,本科批,物理,,X751A7A,专业组01,湖南工学院,3C38,软件工程,,,,,,432,36033,,,,,,432,36033,,,,,,,,,本科,,,,,
8058542,上海,本科批,物理,,X751A7A,专业组01,湖南工学院,4C65,自动化,,,,,,432,36033,,,,,,432,36033,,,,,,,,,本科,,,,,
8060325,上海,本科批,物理,,X450C6C,专业组01,洛阳理工学院,04A0,工商管理,,,,,,424,37692,,,,,,424,37692,,,,,,,,,本科,,,,,
8060326,上海,本科批,物理,,X450C6C,专业组01,洛阳理工学院,FB18,财务管理,,,,,,425,37468,,,,,,425,37468,,,,,,,,,本科,,,,,
8060761,上海,本科批,物理,,X437AB6,专业组02,攀枝花学院,25DE,国际经济与贸易,,,,,,418,38869,,,,,,418,38869,,,,,,,,,本科,,,,,
8060762,上海,本科批,物理,,X437AB6,专业组01,攀枝花学院,97D0,临床医学,,,,,,462,29014,,,,,,462,29014,,,,,,,,,本科,,,,,
8060972,上海,本科批,物理,,XF27D50,专业组01,厦门理工学院,8684,智能制造工程,,,,,,440,34239,,,,,,440,34239,,,,,,,,,本科,,,,,
8060973,上海,本科批,物理,,XF27D50,专业组01,厦门理工学院,F068,人工智能,,,,,,440,34239,,,,,,440,34239,,,,,,,,,本科,,,,,
8060974,上海,本科批,物理,,XF27D50,专业组01,厦门理工学院,4EA7,新能源材料与器件,,,,,,440,34239,,,,,,440,34239,,,,,,,,,本科,,,,,
8060975,上海,本科批,物理,,XF27D50,专业组02,厦门理工学院,16DF,金融工程,,,,,,442,33781,,,,,,442,33781,,,,,,,,,本科,,,,,
8060976,上海,本科批,物理,,XF27D50,专业组03,厦门理工学院,A7E8,会展经济与管理,,,,,,449,32134,,,,,,449,32134,,,,,,,,,本科,,,,,
8060977,上海,本科批,物理,,XF27D50,专业组03,厦门理工学院,8412,城市管理,,,,,,451,31665,,,,,,451,31665,,,,,,,,,本科,,,,,
8062527,上海,本科批,物理,,X8ACD5B,专业组02,梧州学院,D243,汉语言文学,,,,,,420,38443,,,,,,420,38443,,,,,,,,,本科,,,,,
8062528,上海,本科批,物理,,X8ACD5B,专业组02,梧州学院,927B,法学,,,,,,423,37882,,,,,,423,37882,,,,,,,,,本科,,,,,
8062529,上海,本科批,物理,,X8ACD5B,专业组01,梧州学院,A687,光电信息科学与工程,,,,,,425,37468,,,,,,425,37468,,,,,,,,,本科,,,,,
8062530,上海,本科批,物理,,X8ACD5B,专业组01,梧州学院,4718,数据科学与大数据技术,,,,,,427,37063,,,,,,427,37063,,,,,,,,,本科,,,,,
8062531,上海,本科批,物理,,X8ACD5B,专业组01,梧州学院,93E3,电子信息工程,,,,,,438,34709,,,,,,438,34709,,,,,,,,,本科,,,,,
8062916,上海,本科批,物理,,X1D6CE7,专业组01,新乡学院,7541,增材制造工程（3D打印）,3D打印,,,,,420,38443,,,,,,420,38443,,,,,,,,,本科,,,,,
8062917,上海,本科批,物理,,X1D6CE7,专业组01,新乡学院,F11A,机器人工程,,,,,,427,37063,,,,,,427,37063,,,,,,,,,本科,,,,,
8064053,上海,本科批,物理,,XDDCBCB,专业组01,广东药科大学,A39E,预防医学,,,,,,478,25053,,,,,,478,25053,,,,,,,,,本科,,,,,
8064054,上海,本科批,物理,,XDDCBCB,专业组01,广东药科大学,43D9,药物制剂,,,,,,482,24080,,,,,,482,24080,,,,,,,,,本科,,,,,
8064055,上海,本科批,物理,,XDDCBCB,专业组01,广东药科大学,10A0,药学,,,,,,495,20693,,,,,,495,20693,,,,,,,,,本科,,,,,
8065515,上海,本科批,物理,,X65543C,专业组01,内江师范学院,802A,物理学,,,,,,428,36833,,,,,,428,36833,,,,,,,,,本科,,,,,
8065516,上海,本科批,物理,,X65543C,专业组01,内江师范学院,6954,化学类,,,,,,429,36629,,,,,,429,36629,,,,,,,,,本科,,,,,
8065517,上海,本科批,物理,,X65543C,专业组01,内江师范学院,25FE,数学与应用数学,,,,,,434,35570,,,,,,434,35570,,,,,,,,,本科,,,,,
8070067,上海,本科批,物理,,X8BD986,专业组02,上海电机学院,78D3,计算机类（含:计算机科学与技术（上海市一流本科专业）、软件工程（上海市一流本科专业）、数据科学与大数据技术、物联网工程（上海市一流本科专业）、人工智能专业）,含:计算机科学与技术（上海市一流本科专业; 上海市一流本科专业; 上海市一流本科专业,,,,,441,33999,,,,,,441,33999,,,,,,,,,本科,,,,,
8070068,上海,本科批,物理,,X8BD986,专业组02,上海电机学院,F11A,机器人工程,,,,,,441,33999,,,,,,441,33999,,,,,,,,,本科,,,,,
8070069,上海,本科批,物理,,X8BD986,专业组02,上海电机学院,BF36,"机械电子工程（中外合作办学）（中德合作。外语单科成绩不低于90分,外语教学语种为德语）","中外合作办学; 中德合作。外语单科成绩不低于90分,外语教学语种为德语",,,,,441,33999,,,,,,441,33999,,,,,,,,,本科,,,,,
8070070,上海,本科批,物理,,X8BD986,专业组02,上海电机学院,2D75,通信工程（上海市一流本科专业）,上海市一流本科专业,,,,,441,33999,,,,,,441,33999,,,,,,,,,本科,,,,,
8070071,上海,本科批,物理,,X8BD986,专业组02,上海电机学院,A942,材料科学与工程,,,,,,441,33999,,,,,,441,33999,,,,,,,,,本科,,,,,
8070072,上海,本科批,物理,,X8BD986,专业组02,上海电机学院,8684,智能制造工程,,,,,,441,33999,,,,,,441,33999,,,,,,,,,本科,,,,,
8070073,上海,本科批,物理,,X8BD986,专业组02,上海电机学院,CC85,"电气工程及其自动化（中外合作办学）（中德合作。外语单科成绩不低于90分,外语教学语种为德语）","中外合作办学; 中德合作。外语单科成绩不低于90分,外语教学语种为德语",,,,,441,33999,,,,,,441,33999,,,,,,,,,本科,,,,,
8070074,上海,本科批,物理,,X8BD986,专业组02,上海电机学院,A687,光电信息科学与工程,,,,,,441,33999,,,,,,441,33999,,,,,,,,,本科,,,,,
8070075,上海,本科批,物理,,X8BD986,专业组02,上海电机学院,4969,工业设计（上海市一流本科专业）,上海市一流本科专业,,,,,442,33781,,,,,,442,33781,,,,,,,,,本科,,,,,
8070076,上海,本科批,物理,,X8BD986,专业组02,上海电机学院,D078,新能源汽车工程,,,,,,442,33781,,,,,,442,33781,,,,,,,,,本科,,,,,
8070077,上海,本科批,物理,,X8BD986,专业组02,上海电机学院,F279,"车辆工程（教育部工程教育认证专业,上海市一流本科专业）","教育部工程教育认证专业,上海市一流本科专业",,,,,442,33781,,,,,,442,33781,,,,,,,,,本科,,,,,
8070078,上海,本科批,物理,,X8BD986,专业组02,上海电机学院,5487,电子封装技术,,,,,,442,33781,,,,,,442,33781,,,,,,,,,本科,,,,,
8070079,上海,本科批,物理,,X8BD986,专业组02,上海电机学院,277A,"机械电子工程（教育部工程教育认证专业,上海市一流本科专业）","教育部工程教育认证专业,上海市一流本科专业",,,,,443,33531,,,,,,443,33531,,,,,,,,,本科,,,,,
8070080,上海,本科批,物理,,X8BD986,专业组02,上海电机学院,93E3,电子信息工程,,,,,,443,33531,,,,,,443,33531,,,,,,,,,本科,,,,,
8070081,上海,本科批,物理,,X8BD986,专业组03,上海电机学院,9326,"物流管理（中外合作办学）（中德合作。外语单科成绩不低于90分,外语教学语种为德语）","中外合作办学; 中德合作。外语单科成绩不低于90分,外语教学语种为德语",,,,,445,33071,,,,,,445,33071,,,,,,,,,本科,,,,,
8070082,上海,本科批,物理,,X8BD986,专业组03,上海电机学院,4712,国际经济与贸易（中外合作办学）（中美合作）,中外合作办学; 中美合作,,,,,445,33071,,,,,,445,33071,,,,,,,,,本科,,,,,
8070083,上海,本科批,物理,,X8BD986,专业组02,上海电机学院,DCC7,自动化（上海市一流本科专业）,上海市一流本科专业,,,,,445,33071,,,,,,445,33071,,,,,,,,,本科,,,,,
8070084,上海,本科批,物理,,X8BD986,专业组03,上海电机学院,88F5,德语（外语语种为英语、德语）,外语语种为英语、德语,,,,,445,33071,,,,,,445,33071,,,,,,,,,本科,,,,,
8070085,上海,本科批,物理,,X8BD986,专业组02,上海电机学院,7A06,飞行器制造工程,,,,,,445,33071,,,,,,445,33071,,,,,,,,,本科,,,,,
8070086,上海,本科批,物理,,X8BD986,专业组03,上海电机学院,025A,"工商管理类（含:财务管理、市场营销、物流管理专业,均为上海市一流本科专业）","含:财务管理、市场营销、物流管理专业,均为上海市一流本科专业",,,,,446,32860,,,,,,446,32860,,,,,,,,,本科,,,,,
8071392,上海,本科批,物理,,X1C49D1,专业组03,湘南学院,1049,商务英语,,,,,,423,37882,,,,,,423,37882,,,,,,,,,本科,,,,,
8071393,上海,本科批,物理,,X1C49D1,专业组03,湘南学院,FB18,财务管理,,,,,,424,37692,,,,,,424,37692,,,,,,,,,本科,,,,,
8071394,上海,本科批,物理,,X1C49D1,专业组01,湘南学院,97D0,临床医学,,,,,,427,37063,,,,,,427,37063,,,,,,,,,本科,,,,,
8071395,上海,本科批,物理,,X1C49D1,专业组01,湘南学院,29F4,物联网工程,,,,,,428,36833,,,,,,428,36833,,,,,,,,,本科,,,,,
8071396,上海,本科批,物理,,X1C49D1,专业组01,湘南学院,A5B7,电气工程及其自动化,,,,,,429,36629,,,,,,429,36629,,,,,,,,,本科,,,,,
8071397,上海,本科批,物理,,X1C49D1,专业组01,湘南学院,B8DA,数学与应用数学（师范类）,师范类,,,,,429,36629,,,,,,429,36629,,,,,,,,,本科,,,,,
8071398,上海,本科批,物理,,X1C49D1,专业组03,湘南学院,F338,英语（师范类）,师范类,,,,,430,36436,,,,,,430,36436,,,,,,,,,本科,,,,,
8071399,上海,本科批,物理,,X1C49D1,专业组03,湘南学院,68F4,新闻学,,,,,,430,36436,,,,,,430,36436,,,,,,,,,本科,,,,,
8071400,上海,本科批,物理,,X1C49D1,专业组03,湘南学院,25DE,国际经济与贸易,,,,,,432,36033,,,,,,432,36033,,,,,,,,,本科,,,,,
8071401,上海,本科批,物理,,X1C49D1,专业组02,湘南学院,4BF3,护理学,,,,,,448,32390,,,,,,448,32390,,,,,,,,,本科,,,,,
8072874,上海,本科批,物理,,XBEFCE4,专业组01,山西中医药大学,4C2A,中药学,,,,,,414,39641,,,,,,414,39641,,,,,,,,,本科,,,,,
8072875,上海,本科批,物理,,XBEFCE4,专业组02,山西中医药大学,6246,针灸推拿学,,,,,,460,29525,,,,,,460,29525,,,,,,,,,本科,,,,,
8072876,上海,本科批,物理,,XBEFCE4,专业组02,山西中医药大学,5ED3,中西医临床医学,,,,,,466,28028,,,,,,466,28028,,,,,,,,,本科,,,,,
8072877,上海,本科批,物理,,XBEFCE4,专业组02,山西中医药大学,03FE,中医学,,,,,,468,27525,,,,,,468,27525,,,,,,,,,本科,,,,,
8072878,上海,本科批,物理,,XBEFCE4,专业组01,山西中医药大学,817D,康复治疗学,,,,,,473,26270,,,,,,473,26270,,,,,,,,,本科,,,,,
8074462,上海,本科批,物理,,X1F9198,专业组01,昌吉学院,25FE,数学与应用数学,,,,,,406,41077,,,,,,406,41077,,,,,,,,,本科,,,,,
8074463,上海,本科批,物理,,X1F9198,专业组02,昌吉学院,D243,汉语言文学,,,,,,406,41077,,,,,,406,41077,,,,,,,,,本科,,,,,
8074464,上海,本科批,物理,,X1F9198,专业组01,昌吉学院,F18B,电气工程与智能控制,,,,,,408,40752,,,,,,408,40752,,,,,,,,,本科,,,,,
8075717,上海,本科批,物理,,X58E494,专业组01,南昌师范学院,4154,电子商务,,,,,,423,37882,,,,,,423,37882,,,,,,,,,本科,,,,,
8077755,上海,本科批,物理,,XC5FB98,专业组02,吉林工商学院,6AB9,经济学,,,,,,421,38266,,,,,,421,38266,,,,,,,,,本科,,,,,
8077756,上海,本科批,物理,,XC5FB98,专业组02,吉林工商学院,0FBC,金融学,,,,,,421,38266,,,,,,421,38266,,,,,,,,,本科,,,,,
8077757,上海,本科批,物理,,XC5FB98,专业组01,吉林工商学院,B9A5,计算机科学与技术,,,,,,421,38266,,,,,,421,38266,,,,,,,,,本科,,,,,
8077758,上海,本科批,物理,,XC5FB98,专业组02,吉林工商学院,04A0,工商管理,,,,,,421,38266,,,,,,421,38266,,,,,,,,,本科,,,,,
8077759,上海,本科批,物理,,XC5FB98,专业组02,吉林工商学院,42F1,资产评估,,,,,,425,37468,,,,,,425,37468,,,,,,,,,本科,,,,,
8077760,上海,本科批,物理,,XC5FB98,专业组02,吉林工商学院,F433,"会计学（校企合作试点,与用友集团新道科技股份有限公司共建,双方共同参与人才培养全过程）","校企合作试点,与用友集团新道科技股份有限公司共建,双方共同参与人才培养全过程",,,,,426,37259,,,,,,426,37259,,,,,,,,,本科,,,,,
8079201,上海,本科批,物理,,X192A4A,专业组01,平顶山学院,1049,商务英语,,,,,,412,39998,,,,,,412,39998,,,,,,,,,本科,,,,,
8079202,上海,本科批,物理,,X192A4A,专业组01,平顶山学院,25DE,国际经济与贸易,,,,,,415,39454,,,,,,415,39454,,,,,,,,,本科,,,,,
8079624,上海,本科批,物理,,XE51E45,专业组01,山东工商学院,6AB9,经济学,,,,,,432,36033,,,,,,432,36033,,,,,,,,,本科,,,,,
8079625,上海,本科批,物理,,XE51E45,专业组01,山东工商学院,C19A,人力资源管理,,,,,,432,36033,,,,,,432,36033,,,,,,,,,本科,,,,,
8079626,上海,本科批,物理,,XE51E45,专业组01,山东工商学院,5E19,会计学,,,,,,434,35570,,,,,,434,35570,,,,,,,,,本科,,,,,
8079627,上海,本科批,物理,,XE51E45,专业组01,山东工商学院,04A0,工商管理,,,,,,436,35127,,,,,,436,35127,,,,,,,,,本科,,,,,
8080371,上海,专科批,物理,,X724A51,专业组Z01,上海商学院,48DC,关务与外贸服务（办学点：高等技术学院交通路院区）,办学点：高等技术学院交通路院区,,,,,239,1934,,,,,,239,1934,,,,,,,,,专科,,,,,
8080372,上海,本科批,物理,,X724A51,专业组Q5,上海商学院,3D1C,电子商务（中外合作办学）,中外合作办学,,,,,441,33999,,,,,,441,33999,,,,,,,,,本科,,,,,
8080373,上海,本科批,物理,,X724A51,专业组04,上海商学院,29F4,物联网工程,,,,,,442,33781,,,,,,442,33781,,,,,,,,,本科,,,,,
8080374,上海,本科批,物理,,X724A51,专业组04,上海商学院,98C6,"食品质量与安全（上海市一流本科专业,IFT认证专业）","上海市一流本科专业,IFT认证专业",,,,,442,33781,,,,,,442,33781,,,,,,,,,本科,,,,,
8080375,上海,本科批,物理,,X724A51,专业组Q5,上海商学院,6E8A,酒店管理（中外合作办学）,中外合作办学,,,,,443,33531,,,,,,443,33531,,,,,,,,,本科,,,,,
8080376,上海,本科批,物理,,X724A51,专业组04,上海商学院,2888,计算机科学与技术（上海市一流本科专业）,上海市一流本科专业,,,,,443,33531,,,,,,443,33531,,,,,,,,,本科,,,,,
8080377,上海,本科批,物理,,X724A51,专业组03,上海商学院,28AD,经济统计学,,,,,,445,33071,,,,,,445,33071,,,,,,,,,本科,,,,,
8080378,上海,本科批,物理,,X724A51,专业组03,上海商学院,A385,信息管理与信息系统（上海市一流本科专业）,上海市一流本科专业,,,,,446,32860,,,,,,446,32860,,,,,,,,,本科,,,,,
8080379,上海,本科批,物理,,X724A51,专业组03,上海商学院,62BF,大数据管理与应用,,,,,,446,32860,,,,,,446,32860,,,,,,,,,本科,,,,,
8080380,上海,本科批,物理,,X724A51,专业组02,上海商学院,ADCA,"市场营销（上海市一流本科专业,ACBSP国际认证专业）","上海市一流本科专业,ACBSP国际认证专业",,,,,452,31399,,,,,,452,31399,,,,,,,,,本科,,,,,
8080381,上海,本科批,物理,,X724A51,专业组02,上海商学院,68FE,零售业管理（上海市一流本科建设引领计划建设专业）,上海市一流本科建设引领计划建设专业,,,,,452,31399,,,,,,452,31399,,,,,,,,,本科,,,,,
8080382,上海,本科批,物理,,X724A51,专业组02,上海商学院,AF37,旅游管理（上海市一流本科专业）,上海市一流本科专业,,,,,452,31399,,,,,,452,31399,,,,,,,,,本科,,,,,
8080383,上海,本科批,物理,,X724A51,专业组02,上海商学院,5077,朝鲜语,,,,,,452,31399,,,,,,452,31399,,,,,,,,,本科,,,,,
8080384,上海,本科批,物理,,X724A51,专业组02,上海商学院,671C,日语,,,,,,452,31399,,,,,,452,31399,,,,,,,,,本科,,,,,
8080385,上海,本科批,物理,,X724A51,专业组02,上海商学院,6EC2,"酒店管理（国家级一流本科专业,ACBSP国际认证专业）","国家级一流本科专业,ACBSP国际认证专业",,,,,453,31179,,,,,,453,31179,,,,,,,,,本科,,,,,
8080386,上海,本科批,物理,,X724A51,专业组02,上海商学院,277D,商务经济学（上海市一流本科专业）,上海市一流本科专业,,,,,454,30934,,,,,,454,30934,,,,,,,,,本科,,,,,
8080387,上海,本科批,物理,,X724A51,专业组02,上海商学院,857E,"电子商务（国家级一流本科专业,ACBSP国际认证专业）","国家级一流本科专业,ACBSP国际认证专业",,,,,454,30934,,,,,,454,30934,,,,,,,,,本科,,,,,
8080388,上海,本科批,物理,,X724A51,专业组02,上海商学院,7DF0,商务英语（外语单科成绩不低于105分）,外语单科成绩不低于105分,,,,,454,30934,,,,,,454,30934,,,,,,,,,本科,,,,,
8080389,上海,本科批,物理,,X724A51,专业组02,上海商学院,C9CA,物流管理（国家级一流本科专业）,国家级一流本科专业,,,,,455,30715,,,,,,455,30715,,,,,,,,,本科,,,,,
8080390,上海,本科批,物理,,X724A51,专业组02,上海商学院,E6CB,社会工作,,,,,,455,30715,,,,,,455,30715,,,,,,,,,本科,,,,,
8081442,上海,本科批,物理,,X6DD644,专业组01,中华女子学院,DFD2,学前教育（师范类）,师范类,,,,,434,35570,,,,,,434,35570,,,,,,,,,本科,,,,,
8081443,上海,本科批,物理,,X6DD644,专业组01,中华女子学院,26BB,养老服务管理,,,,,,442,33781,,,,,,442,33781,,,,,,,,,本科,,,,,
8081444,上海,本科批,物理,,X6DD644,专业组01,中华女子学院,CA23,家庭教育,,,,,,444,33286,,,,,,444,33286,,,,,,,,,本科,,,,,
8081445,上海,本科批,物理,,X6DD644,专业组01,中华女子学院,BA83,汉语国际教育（师范类）,师范类,,,,,444,33286,,,,,,444,33286,,,,,,,,,本科,,,,,
8081446,上海,本科批,物理,,X6DD644,专业组01,中华女子学院,4041,应用心理学（师范类）,师范类,,,,,448,32390,,,,,,448,32390,,,,,,,,,本科,,,,,
8083393,上海,本科批,物理,,XE3380A,专业组01,安阳工学院,4154,电子商务,,,,,,416,39269,,,,,,416,39269,,,,,,,,,本科,,,,,
8083394,上海,本科批,物理,,XE3380A,专业组01,安阳工学院,04A0,工商管理,,,,,,417,39079,,,,,,417,39079,,,,,,,,,本科,,,,,
8084420,上海,本科批,物理,,XA661F4,专业组01,衢州学院,F11A,机器人工程,,,,,,433,35806,,,,,,433,35806,,,,,,,,,本科,,,,,
8084421,上海,本科批,物理,,XA661F4,专业组01,衢州学院,5B8B,高分子材料与工程,,,,,,436,35127,,,,,,436,35127,,,,,,,,,本科,,,,,
8084422,上海,本科批,物理,,XA661F4,专业组02,衢州学院,B0CC,互联网金融,,,,,,437,34923,,,,,,437,34923,,,,,,,,,本科,,,,,
8084896,上海,本科批,物理,,X3A48D4,专业组01,山西工程技术学院,4718,数据科学与大数据技术,,,,,,421,38266,,,,,,421,38266,,,,,,,,,本科,,,,,
8084897,上海,本科批,物理,,X3A48D4,专业组01,山西工程技术学院,4ECE,土木工程,,,,,,421,38266,,,,,,421,38266,,,,,,,,,本科,,,,,
8084898,上海,本科批,物理,,X3A48D4,专业组01,山西工程技术学院,F11A,机器人工程,,,,,,423,37882,,,,,,423,37882,,,,,,,,,本科,,,,,
8084899,上海,本科批,物理,,X3A48D4,专业组01,山西工程技术学院,A5B7,电气工程及其自动化,,,,,,425,37468,,,,,,425,37468,,,,,,,,,本科,,,,,
8084900,上海,本科批,物理,,X3A48D4,专业组01,山西工程技术学院,78FF,机械设计制造及其自动化,,,,,,427,37063,,,,,,427,37063,,,,,,,,,本科,,,,,
8085751,上海,本科批,物理,,X53C890,专业组01,上海海关学院,3E25,国际商务,,,,,,510,17049,,,,,,510,17049,,,,,,,,,本科,,,,,
8085752,上海,本科批,物理,,X53C890,专业组01,上海海关学院,FBFE,物流管理,,,,,,510,17049,,,,,,510,17049,,,,,,,,,本科,,,,,
8085753,上海,本科批,物理,,X53C890,专业组01,上海海关学院,927B,法学,,,,,,510,17049,,,,,,510,17049,,,,,,,,,本科,,,,,
8085754,上海,本科批,物理,,X53C890,专业组01,上海海关学院,1D5E,税收学,,,,,,511,16761,,,,,,511,16761,,,,,,,,,本科,,,,,
8085755,上海,本科批,物理,,X53C890,专业组02,上海海关学院,28AD,经济统计学,,,,,,512,16483,,,,,,512,16483,,,,,,,,,本科,,,,,
8087648,上海,本科批,物理,,XB180B7,专业组04,忻州师范学院,DFD2,学前教育（师范类）,师范类,,,,,413,39823,,,,,,413,39823,,,,,,,,,本科,,,,,
8087649,上海,本科批,物理,,XB180B7,专业组03,忻州师范学院,E5C7,地理科学（师范类）,师范类,,,,,438,34709,,,,,,438,34709,,,,,,,,,本科,,,,,
8087650,上海,本科批,物理,,XB180B7,专业组02,忻州师范学院,DBB2,历史学（师范类）,师范类,,,,,442,33781,,,,,,442,33781,,,,,,,,,本科,,,,,
8087651,上海,本科批,物理,,XB180B7,专业组01,忻州师范学院,C17B,思想政治教育（师范类）,师范类,,,,,443,33531,,,,,,443,33531,,,,,,,,,本科,,,,,
8087652,上海,本科批,物理,,XB180B7,专业组02,忻州师范学院,AFF5,汉语言文学（师范类）,师范类,,,,,444,33286,,,,,,444,33286,,,,,,,,,本科,,,,,
8088990,上海,本科批,物理,,X11A2FC,专业组01,哈尔滨金融学院,4154,电子商务,,,,,,416,39269,,,,,,416,39269,,,,,,,,,本科,,,,,
8088991,上海,本科批,物理,,X11A2FC,专业组02,哈尔滨金融学院,7D20,信用管理,,,,,,419,38662,,,,,,419,38662,,,,,,,,,本科,,,,,
8088992,上海,本科批,物理,,X11A2FC,专业组02,哈尔滨金融学院,25DE,国际经济与贸易,,,,,,419,38662,,,,,,419,38662,,,,,,,,,本科,,,,,
8088993,上海,本科批,物理,,X11A2FC,专业组02,哈尔滨金融学院,0FBC,金融学,,,,,,419,38662,,,,,,419,38662,,,,,,,,,本科,,,,,
8088994,上海,本科批,物理,,X11A2FC,专业组02,哈尔滨金融学院,0E54,保险学,,,,,,419,38662,,,,,,419,38662,,,,,,,,,本科,,,,,
8088995,上海,本科批,物理,,X11A2FC,专业组02,哈尔滨金融学院,09EE,市场营销,,,,,,420,38443,,,,,,420,38443,,,,,,,,,本科,,,,,
8088996,上海,本科批,物理,,X11A2FC,专业组02,哈尔滨金融学院,978C,审计学,,,,,,421,38266,,,,,,421,38266,,,,,,,,,本科,,,,,
8088997,上海,本科批,物理,,X11A2FC,专业组02,哈尔滨金融学院,1D5E,税收学,,,,,,421,38266,,,,,,421,38266,,,,,,,,,本科,,,,,
8088998,上海,本科批,物理,,X11A2FC,专业组02,哈尔滨金融学院,5E19,会计学,,,,,,425,37468,,,,,,425,37468,,,,,,,,,本科,,,,,
8089465,上海,本科批,物理,,XE6ECF6,专业组01,河南工程学院,FB18,财务管理,,,,,,424,37692,,,,,,424,37692,,,,,,,,,本科,,,,,
8089466,上海,本科批,物理,,XE6ECF6,专业组01,河南工程学院,4154,电子商务,,,,,,424,37692,,,,,,424,37692,,,,,,,,,本科,,,,,
8090537,上海,专科批,物理,,XE98CC8,专业组Z01,上海第二工业大学,25F9,模具设计与制造（办学点：校本部）（高本贯通。三年后通过入学转段考试转入该校材料成型及控制工程专业）,办学点：校本部; 高本贯通。三年后通过入学转段考试转入该校材料成型及控制工程专业,,,,,263,464,,,,,,263,464,,,,,,,,,专科,,,,,
8090538,上海,本科批,物理,,XE98CC8,专业组03,上海第二工业大学,0F9D,环保设备工程（上海市一流本科专业建设点）,上海市一流本科专业建设点,,,,,442,33781,,,,,,442,33781,,,,,,,,,本科,,,,,
8090539,上海,本科批,物理,,XE98CC8,专业组03,上海第二工业大学,52FD,应用化学,,,,,,443,33531,,,,,,443,33531,,,,,,,,,本科,,,,,
8090540,上海,本科批,物理,,XE98CC8,专业组03,上海第二工业大学,FF95,材料化学（上海市一流本科专业建设点）,上海市一流本科专业建设点,,,,,446,32860,,,,,,446,32860,,,,,,,,,本科,,,,,
8090541,上海,本科批,物理,,XE98CC8,专业组04,上海第二工业大学,1967,电子商务（上海市一流本科专业建设点）,上海市一流本科专业建设点,,,,,447,32641,,,,,,447,32641,,,,,,,,,本科,,,,,
8090542,上海,本科批,物理,,XE98CC8,专业组04,上海第二工业大学,EBA7,标准化工程,,,,,,450,31904,,,,,,450,31904,,,,,,,,,本科,,,,,
8090543,上海,本科批,物理,,XE98CC8,专业组04,上海第二工业大学,0FFE,工业工程（上海市一流本科专业建设点）,上海市一流本科专业建设点,,,,,450,31904,,,,,,450,31904,,,,,,,,,本科,,,,,
8090544,上海,本科批,物理,,XE98CC8,专业组02,上海第二工业大学,3477,应用物理学,,,,,,451,31665,,,,,,451,31665,,,,,,,,,本科,,,,,
8090545,上海,本科批,物理,,XE98CC8,专业组02,上海第二工业大学,548C,信息与计算科学,,,,,,451,31665,,,,,,451,31665,,,,,,,,,本科,,,,,
8090546,上海,本科批,物理,,XE98CC8,专业组02,上海第二工业大学,E347,工业设计,,,,,,451,31665,,,,,,451,31665,,,,,,,,,本科,,,,,
8090547,上海,本科批,物理,,XE98CC8,专业组02,上海第二工业大学,03B1,智能科学与技术,,,,,,452,31399,,,,,,452,31399,,,,,,,,,本科,,,,,
8090548,上海,本科批,物理,,XE98CC8,专业组02,上海第二工业大学,B8D6,复合材料成型工程,,,,,,452,31399,,,,,,452,31399,,,,,,,,,本科,,,,,
8090549,上海,本科批,物理,,XE98CC8,专业组02,上海第二工业大学,4718,数据科学与大数据技术,,,,,,452,31399,,,,,,452,31399,,,,,,,,,本科,,,,,
8090550,上海,本科批,物理,,XE98CC8,专业组02,上海第二工业大学,A8CE,"材料科学与工程（上海市一流本科专业建设点,上海市应用,型本科试点专业）","上海市一流本科专业建设点,上海市应用,型本科试点专业",,,,,452,31399,,,,,,452,31399,,,,,,,,,本科,,,,,
8090551,上海,本科批,物理,,XE98CC8,专业组02,上海第二工业大学,D081,新能源科学与工程,,,,,,452,31399,,,,,,452,31399,,,,,,,,,本科,,,,,
8090552,上海,本科批,物理,,XE98CC8,专业组02,上海第二工业大学,C0DA,应用统计学,,,,,,452,31399,,,,,,452,31399,,,,,,,,,本科,,,,,
8090553,上海,本科批,物理,,XE98CC8,专业组04,上海第二工业大学,9422,信息管理与信息系统（全英语教学）,全英语教学,,,,,453,31179,,,,,,453,31179,,,,,,,,,本科,,,,,
8090554,上海,本科批,物理,,XE98CC8,专业组03,上海第二工业大学,46C1,"环境工程（上海市一流本科专业建设点,上海市应用,型本科试点专业）","上海市一流本科专业建设点,上海市应用,型本科试点专业",,,,,453,31179,,,,,,453,31179,,,,,,,,,本科,,,,,
8090555,上海,本科批,物理,,XE98CC8,专业组05,上海第二工业大学,671C,日语,,,,,,454,30934,,,,,,454,30934,,,,,,,,,本科,,,,,
8090556,上海,本科批,物理,,XE98CC8,专业组05,上海第二工业大学,4869,投资学,,,,,,454,30934,,,,,,454,30934,,,,,,,,,本科,,,,,
8093429,上海,本科批,物理,,XD23D2B,专业组01,河南城建学院,CB22,城乡规划,,,,,,418,38869,,,,,,418,38869,,,,,,,,,本科,,,,,
8093430,上海,本科批,物理,,XD23D2B,专业组02,河南城建学院,FB18,财务管理,,,,,,422,38053,,,,,,422,38053,,,,,,,,,本科,,,,,
8094430,上海,本科批,物理,,X98BB78,专业组02,衡水学院,7E6A,翻译（外语语种为英语、日语。日语方向）,外语语种为英语、日语。日语方向,,,,,416,39269,,,,,,416,39269,,,,,,,,,本科,,,,,
8094431,上海,本科批,物理,,X98BB78,专业组02,衡水学院,DFD2,学前教育（师范类）,师范类,,,,,416,39269,,,,,,416,39269,,,,,,,,,本科,,,,,
8094432,上海,本科批,物理,,X98BB78,专业组02,衡水学院,FB18,财务管理,,,,,,417,39079,,,,,,417,39079,,,,,,,,,本科,,,,,
8094433,上海,本科批,物理,,X98BB78,专业组02,衡水学院,E042,经济与金融,,,,,,420,38443,,,,,,420,38443,,,,,,,,,本科,,,,,
8094434,上海,本科批,物理,,X98BB78,专业组01,衡水学院,552A,智能医学工程,,,,,,420,38443,,,,,,420,38443,,,,,,,,,本科,,,,,
8094625,上海,本科批,物理,,X7A5FC3,专业组01,济宁学院,B694,生物制药,,,,,,417,39079,,,,,,417,39079,,,,,,,,,本科,,,,,
8094626,上海,本科批,物理,,X7A5FC3,专业组02,济宁学院,D243,汉语言文学,,,,,,430,36436,,,,,,430,36436,,,,,,,,,本科,,,,,
8094811,上海,本科批,物理,,X57E962,专业组02,九江学院,5E19,会计学,,,,,,427,37063,,,,,,427,37063,,,,,,,,,本科,,,,,
8094812,上海,本科批,物理,,X57E962,专业组02,九江学院,25DE,国际经济与贸易,,,,,,427,37063,,,,,,427,37063,,,,,,,,,本科,,,,,
8094813,上海,本科批,物理,,X57E962,专业组02,九江学院,978C,审计学,,,,,,428,36833,,,,,,428,36833,,,,,,,,,本科,,,,,
8094814,上海,本科批,物理,,X57E962,专业组01,九江学院,4718,数据科学与大数据技术,,,,,,429,36629,,,,,,429,36629,,,,,,,,,本科,,,,,
8095340,上海,本科批,物理,,XC690AD,专业组01,吕梁学院,40CE,制药工程,,,,,,423,37882,,,,,,423,37882,,,,,,,,,本科,,,,,
8095341,上海,本科批,物理,,XC690AD,专业组02,吕梁学院,68F4,新闻学,,,,,,423,37882,,,,,,423,37882,,,,,,,,,本科,,,,,
8095342,上海,本科批,物理,,XC690AD,专业组01,吕梁学院,B9A5,计算机科学与技术,,,,,,424,37692,,,,,,424,37692,,,,,,,,,本科,,,,,
8095343,上海,本科批,物理,,XC690AD,专业组02,吕梁学院,AFF5,汉语言文学（师范类）,师范类,,,,,426,37259,,,,,,426,37259,,,,,,,,,本科,,,,,
8098396,上海,本科批,物理,,X699E85,专业组01,宿迁学院,A942,材料科学与工程,,,,,,437,34923,,,,,,437,34923,,,,,,,,,本科,,,,,
8098397,上海,本科批,物理,,X699E85,专业组01,宿迁学院,4C65,自动化,,,,,,437,34923,,,,,,437,34923,,,,,,,,,本科,,,,,
8098398,上海,本科批,物理,,X699E85,专业组01,宿迁学院,FEF6,材料成型及控制工程,,,,,,438,34709,,,,,,438,34709,,,,,,,,,本科,,,,,
8098399,上海,本科批,物理,,X699E85,专业组01,宿迁学院,78FF,机械设计制造及其自动化,,,,,,439,34482,,,,,,439,34482,,,,,,,,,本科,,,,,
8098400,上海,本科批,物理,,X699E85,专业组02,宿迁学院,AC90,行政管理,,,,,,444,33286,,,,,,444,33286,,,,,,,,,本科,,,,,
8100257,上海,专科批,物理,,XD4568E,专业组Z01,上海健康医学院,C245,康复工程技术（六大类疾病及色盲、色弱者不取。办学点：校本部）,六大类疾病及色盲、色弱者不取。办学点：校本部,,,,,257,667,,,,,,257,667,,,,,,,,,专科,,,,,
8100258,上海,专科批,物理,,XD4568E,专业组Z01,上海健康医学院,7158,医疗器械维护与管理（中外合作办学）（六大类疾病及色盲、色弱者不取。办学点：校本部）（临床工程技术方向）,中外合作办学; 六大类疾病及色盲、色弱者不取。办学点：校本部; 临床工程技术方向,,,,,257,667,,,,,,257,667,,,,,,,,,专科,,,,,
8100259,上海,专科批,物理,,XD4568E,专业组Z01,上海健康医学院,D09D,眼视光技术（六大类疾病及色盲、色弱者不取。办学点：校本部）,六大类疾病及色盲、色弱者不取。办学点：校本部,,,,,257,667,,,,,,257,667,,,,,,,,,专科,,,,,
8100260,上海,专科批,物理,,XD4568E,专业组Z01,上海健康医学院,6788,药学（六大类疾病及色盲、色弱者不取。办学点：校本部）,六大类疾病及色盲、色弱者不取。办学点：校本部,,,,,258,623,,,,,,258,623,,,,,,,,,专科,,,,,
8100261,上海,专科批,物理,,XD4568E,专业组Z01,上海健康医学院,F908,护理（六大类疾病及色盲、色弱者不取。办学点：校本部）,六大类疾病及色盲、色弱者不取。办学点：校本部,,,,,265,400,,,,,,265,400,,,,,,,,,专科,,,,,
8100262,上海,本科批,物理,,XD4568E,专业组07,上海健康医学院,2440,助产学（用人单位一般只招收女生）,用人单位一般只招收女生,,,,,461,29262,,,,,,461,29262,,,,,,,,,本科,,,,,
8100263,上海,本科批,物理,,XD4568E,专业组06,上海健康医学院,9FD2,健康服务与管理,,,,,,466,28028,,,,,,466,28028,,,,,,,,,本科,,,,,
8100264,上海,本科批,物理,,XD4568E,专业组06,上海健康医学院,F9B9,医疗产品管理,,,,,,466,28028,,,,,,466,28028,,,,,,,,,本科,,,,,
8100265,上海,本科批,物理,,XD4568E,专业组05,上海健康医学院,3317,临床工程技术（上海市一流本科专业建设点。六大类疾病及色盲、色弱者不取）,上海市一流本科专业建设点。六大类疾病及色盲、色弱者不取,,,,,467,27778,,,,,,467,27778,,,,,,,,,本科,,,,,
8100266,上海,本科批,物理,,XD4568E,专业组06,上海健康医学院,090D,公共事业管理,,,,,,467,27778,,,,,,467,27778,,,,,,,,,本科,,,,,
8100267,上海,本科批,物理,,XD4568E,专业组05,上海健康医学院,B9DC,康复工程（六大类疾病及色盲、色弱者不取）,六大类疾病及色盲、色弱者不取,,,,,468,27525,,,,,,468,27525,,,,,,,,,本科,,,,,
8100268,上海,本科批,物理,,XD4568E,专业组08,上海健康医学院,9A52,"护理学（国家级一流本科专业建设点,上海市应用,型本科试点专业）","国家级一流本科专业建设点,上海市应用,型本科试点专业",,,,,469,27273,,,,,,469,27273,,,,,,,,,本科,,,,,
8100269,上海,本科批,物理,,XD4568E,专业组05,上海健康医学院,B40A,"生物医学工程（上海市一流本科专业建设点、上海市应用,型本科试点专业。六大类疾病及色盲、色弱者不取）","上海市一流本科专业建设点、上海市应用,型本科试点专业。六大类疾病及色盲、色弱者不取",,,,,469,27273,,,,,,469,27273,,,,,,,,,本科,,,,,
8100270,上海,本科批,物理,,XD4568E,专业组04,上海健康医学院,F739,药物分析,,,,,,470,26996,,,,,,470,26996,,,,,,,,,本科,,,,,
8100271,上海,本科批,物理,,XD4568E,专业组04,上海健康医学院,7956,"药学（上海市一流本科专业建设点,上海市应用,型本科试点专业）","上海市一流本科专业建设点,上海市应用,型本科试点专业",,,,,471,26748,,,,,,471,26748,,,,,,,,,本科,,,,,
8100272,上海,本科批,物理,,XD4568E,专业组05,上海健康医学院,083B,数据科学与大数据技术（六大类疾病及不能准确识别红、黄、绿、蓝、紫各种颜色中任何一种颜色的导线、按键、信号灯、几何图形者不取）,六大类疾病及不能准确识别红、黄、绿、蓝、紫各种颜色中任何一种颜色的导线、按键、信号灯、几何图形者不取,,,,,472,26492,,,,,,472,26492,,,,,,,,,本科,,,,,
8100273,上海,本科批,物理,,XD4568E,专业组03,上海健康医学院,D7AE,智能影像工程,,,,,,474,26034,,,,,,474,26034,,,,,,,,,本科,,,,,
8100274,上海,本科批,物理,,XD4568E,专业组03,上海健康医学院,4E9C,卫生检验与检疫,,,,,,474,26034,,,,,,474,26034,,,,,,,,,本科,,,,,
8100275,上海,本科批,物理,,XD4568E,专业组03,上海健康医学院,5D85,食品卫生与营养学,,,,,,475,25819,,,,,,475,25819,,,,,,,,,本科,,,,,
8100276,上海,本科批,物理,,XD4568E,专业组03,上海健康医学院,D73E,康复物理治疗（上海市一流本科专业建设点）,上海市一流本科专业建设点,,,,,478,25053,,,,,,478,25053,,,,,,,,,本科,,,,,
8100925,上海,本科批,物理,,X4C8207,专业组02,河北环境工程学院,371D,工程造价,,,,,,415,39454,,,,,,415,39454,,,,,,,,,本科,,,,,
8100926,上海,本科批,物理,,X4C8207,专业组03,河北环境工程学院,68F4,新闻学,,,,,,416,39269,,,,,,416,39269,,,,,,,,,本科,,,,,
8100927,上海,本科批,物理,,X4C8207,专业组03,河北环境工程学院,A7E8,会展经济与管理,,,,,,417,39079,,,,,,417,39079,,,,,,,,,本科,,,,,
8100928,上海,本科批,物理,,X4C8207,专业组03,河北环境工程学院,FBFE,物流管理,,,,,,417,39079,,,,,,417,39079,,,,,,,,,本科,,,,,
8100929,上海,本科批,物理,,X4C8207,专业组01,河北环境工程学院,8189,环境生态工程,,,,,,418,38869,,,,,,418,38869,,,,,,,,,本科,,,,,
8100930,上海,本科批,物理,,X4C8207,专业组01,河北环境工程学院,377E,海洋资源与环境,,,,,,418,38869,,,,,,418,38869,,,,,,,,,本科,,,,,
8100931,上海,本科批,物理,,X4C8207,专业组01,河北环境工程学院,E9A7,环境科学与工程,,,,,,420,38443,,,,,,420,38443,,,,,,,,,本科,,,,,
8101817,上海,本科批,物理,,X37C24B,专业组01,无锡学院,E9A7,环境科学与工程,,,,,,439,34482,,,,,,439,34482,,,,,,,,,本科,,,,,
8101818,上海,本科批,物理,,X37C24B,专业组01,无锡学院,C734,电子科学与技术,,,,,,439,34482,,,,,,439,34482,,,,,,,,,本科,,,,,
8101819,上海,本科批,物理,,X37C24B,专业组01,无锡学院,6995,网络工程,,,,,,440,34239,,,,,,440,34239,,,,,,,,,本科,,,,,
8101820,上海,本科批,物理,,X37C24B,专业组01,无锡学院,A5B7,电气工程及其自动化,,,,,,440,34239,,,,,,440,34239,,,,,,,,,本科,,,,,
8101821,上海,本科批,物理,,X37C24B,专业组01,无锡学院,4226,大气科学,,,,,,440,34239,,,,,,440,34239,,,,,,,,,本科,,,,,
8101822,上海,本科批,物理,,X37C24B,专业组01,无锡学院,29F4,物联网工程,,,,,,440,34239,,,,,,440,34239,,,,,,,,,本科,,,,,
8101823,上海,本科批,物理,,X37C24B,专业组01,无锡学院,B9A5,计算机科学与技术,,,,,,441,33999,,,,,,441,33999,,,,,,,,,本科,,,,,
8101824,上海,本科批,物理,,X37C24B,专业组02,无锡学院,FB18,财务管理,,,,,,456,30473,,,,,,456,30473,,,,,,,,,本科,,,,,
8101825,上海,本科批,物理,,X37C24B,专业组02,无锡学院,5E19,会计学,,,,,,457,30232,,,,,,457,30232,,,,,,,,,本科,,,,,
8101826,上海,本科批,物理,,X37C24B,专业组02,无锡学院,25DE,国际经济与贸易,,,,,,457,30232,,,,,,457,30232,,,,,,,,,本科,,,,,
8101827,上海,本科批,物理,,X37C24B,专业组02,无锡学院,927B,法学,,,,,,459,29755,,,,,,459,29755,,,,,,,,,本科,,,,,
8102387,上海,本科批,物理,,X54598F,专业组01,新疆科技学院,0FBC,金融学,,,,,,407,40915,,,,,,407,40915,,,,,,,,,本科,,,,,
8102388,上海,本科批,物理,,X54598F,专业组01,新疆科技学院,FB18,财务管理,,,,,,407,40915,,,,,,407,40915,,,,,,,,,本科,,,,,
8102389,上海,本科批,物理,,X54598F,专业组01,新疆科技学院,5E19,会计学,,,,,,411,40210,,,,,,411,40210,,,,,,,,,本科,,,,,
8103004,上海,本科批,物理,,XD1A0A6,专业组02,新疆理工学院,6F56,工程管理,,,,,,405,41271,,,,,,405,41271,,,,,,,,,本科,,,,,
8103005,上海,本科批,物理,,XD1A0A6,专业组01,新疆理工学院,004B,医学信息工程,,,,,,411,40210,,,,,,411,40210,,,,,,,,,本科,,,,,
8103006,上海,本科批,物理,,XD1A0A6,专业组01,新疆理工学院,41CF,数字媒体技术,,,,,,411,40210,,,,,,411,40210,,,,,,,,,本科,,,,,
8103007,上海,本科批,物理,,XD1A0A6,专业组01,新疆理工学院,ECA4,通信工程,,,,,,413,39823,,,,,,413,39823,,,,,,,,,本科,,,,,
8103008,上海,本科批,物理,,XD1A0A6,专业组01,新疆理工学院,A5B7,电气工程及其自动化,,,,,,417,39079,,,,,,417,39079,,,,,,,,,本科,,,,,
8104116,上海,本科批,物理,,XB127AC,专业组01,赣东学院,5D72,网络与新媒体,,,,,,428,36833,,,,,,428,36833,,,,,,,,,本科,,,,,
8104117,上海,本科批,物理,,XB127AC,专业组01,赣东学院,25DE,国际经济与贸易,,,,,,428,36833,,,,,,428,36833,,,,,,,,,本科,,,,,
8104118,上海,本科批,物理,,XB127AC,专业组01,赣东学院,FB18,财务管理,,,,,,428,36833,,,,,,428,36833,,,,,,,,,本科,,,,,
8104119,上海,本科批,物理,,XB127AC,专业组01,赣东学院,927B,法学,,,,,,432,36033,,,,,,432,36033,,,,,,,,,本科,,,,,
8104120,上海,本科批,物理,,XB127AC,专业组01,赣东学院,5E19,会计学,,,,,,434,35570,,,,,,434,35570,,,,,,,,,本科,,,,,
8104491,上海,本科批,物理,,X909072,专业组01,赣南科技学院,1C92,数字经济,,,,,,420,38443,,,,,,420,38443,,,,,,,,,本科,,,,,
8104492,上海,本科批,物理,,X909072,专业组02,赣南科技学院,04A0,工商管理,,,,,,422,38053,,,,,,422,38053,,,,,,,,,本科,,,,,
8104493,上海,本科批,物理,,X909072,专业组02,赣南科技学院,4145,英语,,,,,,422,38053,,,,,,422,38053,,,,,,,,,本科,,,,,
8104494,上海,本科批,物理,,X909072,专业组02,赣南科技学院,25DE,国际经济与贸易,,,,,,423,37882,,,,,,423,37882,,,,,,,,,本科,,,,,
8104495,上海,本科批,物理,,X909072,专业组02,赣南科技学院,0FBC,金融学,,,,,,426,37259,,,,,,426,37259,,,,,,,,,本科,,,,,
8104496,上海,本科批,物理,,X909072,专业组02,赣南科技学院,4154,电子商务,,,,,,427,37063,,,,,,427,37063,,,,,,,,,本科,,,,,
8105030,上海,本科批,物理,,XDFE797,专业组01,湖州学院,F78B,旅游管理与服务教育,,,,,,441,33999,,,,,,441,33999,,,,,,,,,本科,,,,,
8105031,上海,本科批,物理,,XDFE797,专业组01,湖州学院,5F0C,跨境电子商务,,,,,,441,33999,,,,,,441,33999,,,,,,,,,本科,,,,,
8105032,上海,本科批,物理,,XDFE797,专业组01,湖州学院,3739,广告学,,,,,,441,33999,,,,,,441,33999,,,,,,,,,本科,,,,,
8105033,上海,本科批,物理,,XDFE797,专业组01,湖州学院,7FA1,供应链管理,,,,,,441,33999,,,,,,441,33999,,,,,,,,,本科,,,,,
8105034,上海,本科批,物理,,XDFE797,专业组01,湖州学院,5D72,网络与新媒体,,,,,,444,33286,,,,,,444,33286,,,,,,,,,本科,,,,,
8105035,上海,本科批,物理,,XDFE797,专业组01,湖州学院,D243,汉语言文学,,,,,,446,32860,,,,,,446,32860,,,,,,,,,本科,,,,,
8105274,上海,本科批,物理,,X1D049F,专业组01,嘉兴南湖学院,E2E1,生物工程,,,,,,438,34709,,,,,,438,34709,,,,,,,,,本科,,,,,
8105275,上海,本科批,物理,,X1D049F,专业组01,嘉兴南湖学院,75BF,纺织工程,,,,,,438,34709,,,,,,438,34709,,,,,,,,,本科,,,,,
8105276,上海,本科批,物理,,X1D049F,专业组01,嘉兴南湖学院,D6ED,化学工程与工艺,,,,,,439,34482,,,,,,439,34482,,,,,,,,,本科,,,,,
8105277,上海,本科批,物理,,X1D049F,专业组01,嘉兴南湖学院,7E23,环境工程,,,,,,439,34482,,,,,,439,34482,,,,,,,,,本科,,,,,
8105278,上海,本科批,物理,,X1D049F,专业组01,嘉兴南湖学院,EAB4,轻化工程,,,,,,439,34482,,,,,,439,34482,,,,,,,,,本科,,,,,
8105279,上海,本科批,物理,,X1D049F,专业组01,嘉兴南湖学院,4C65,自动化,,,,,,439,34482,,,,,,439,34482,,,,,,,,,本科,,,,,
8105280,上海,本科批,物理,,X1D049F,专业组01,嘉兴南湖学院,78FF,机械设计制造及其自动化,,,,,,439,34482,,,,,,439,34482,,,,,,,,,本科,,,,,
8105281,上海,本科批,物理,,X1D049F,专业组01,嘉兴南湖学院,93E3,电子信息工程,,,,,,439,34482,,,,,,439,34482,,,,,,,,,本科,,,,,
8105282,上海,本科批,物理,,X1D049F,专业组01,嘉兴南湖学院,E347,工业设计,,,,,,439,34482,,,,,,439,34482,,,,,,,,,本科,,,,,
8105283,上海,本科批,物理,,X1D049F,专业组01,嘉兴南湖学院,A5B7,电气工程及其自动化,,,,,,440,34239,,,,,,440,34239,,,,,,,,,本科,,,,,
8105284,上海,本科批,物理,,X1D049F,专业组01,嘉兴南湖学院,B9A5,计算机科学与技术,,,,,,440,34239,,,,,,440,34239,,,,,,,,,本科,,,,,
8105285,上海,本科批,物理,,X1D049F,专业组01,嘉兴南湖学院,8684,智能制造工程,,,,,,440,34239,,,,,,440,34239,,,,,,,,,本科,,,,,
8105286,上海,本科批,物理,,X1D049F,专业组03,嘉兴南湖学院,5F0C,跨境电子商务,,,,,,443,33531,,,,,,443,33531,,,,,,,,,本科,,,,,
8105287,上海,本科批,物理,,X1D049F,专业组03,嘉兴南湖学院,671C,日语,,,,,,443,33531,,,,,,443,33531,,,,,,,,,本科,,,,,
8105288,上海,本科批,物理,,X1D049F,专业组03,嘉兴南湖学院,0FBC,金融学,,,,,,444,33286,,,,,,444,33286,,,,,,,,,本科,,,,,
8105289,上海,本科批,物理,,X1D049F,专业组03,嘉兴南湖学院,25DE,国际经济与贸易,,,,,,444,33286,,,,,,444,33286,,,,,,,,,本科,,,,,
8105290,上海,本科批,物理,,X1D049F,专业组02,嘉兴南湖学院,62BF,大数据管理与应用,,,,,,445,33071,,,,,,445,33071,,,,,,,,,本科,,,,,
8105291,上海,本科批,物理,,X1D049F,专业组03,嘉兴南湖学院,04A0,工商管理,,,,,,447,32641,,,,,,447,32641,,,,,,,,,本科,,,,,
8105292,上海,本科批,物理,,X1D049F,专业组03,嘉兴南湖学院,57D1,服装设计与工程,,,,,,447,32641,,,,,,447,32641,,,,,,,,,本科,,,,,
8105293,上海,本科批,物理,,X1D049F,专业组03,嘉兴南湖学院,FB18,财务管理,,,,,,449,32134,,,,,,449,32134,,,,,,,,,本科,,,,,
8105943,上海,本科批,物理,,XE789A3,专业组02,青海理工学院,BD59,金融科技,,,,,,408,40752,,,,,,408,40752,,,,,,,,,本科,,,,,
8105944,上海,本科批,物理,,XE789A3,专业组02,青海理工学院,1C92,数字经济,,,,,,408,40752,,,,,,408,40752,,,,,,,,,本科,,,,,
8105945,上海,本科批,物理,,XE789A3,专业组01,青海理工学院,A86C,遥感科学与技术,,,,,,417,39079,,,,,,417,39079,,,,,,,,,本科,,,,,
8105946,上海,本科批,物理,,XE789A3,专业组02,青海理工学院,6AB9,经济学,,,,,,417,39079,,,,,,417,39079,,,,,,,,,本科,,,,,
8105947,上海,本科批,物理,,XE789A3,专业组01,青海理工学院,A942,材料科学与工程,,,,,,418,38869,,,,,,418,38869,,,,,,,,,本科,,,,,
8106137,上海,本科批,物理,,X57DB4B,专业组01,山东石油化工学院,DFD2,学前教育（师范类）,师范类,,,,,419,38662,,,,,,419,38662,,,,,,,,,本科,,,,,
8106522,上海,本科批,物理,,X8EDAC4,专业组01,山西工学院,09EE,市场营销,,,,,,413,39823,,,,,,413,39823,,,,,,,,,本科,,,,,
8106523,上海,本科批,物理,,X8EDAC4,专业组01,山西工学院,25DE,国际经济与贸易,,,,,,415,39454,,,,,,415,39454,,,,,,,,,本科,,,,,
8106524,上海,本科批,物理,,X8EDAC4,专业组01,山西工学院,FB18,财务管理,,,,,,418,38869,,,,,,418,38869,,,,,,,,,本科,,,,,
8107307,上海,本科批,物理,,X112070,专业组01,苏州城市学院,D06C,机械工程,,,,,,439,34482,,,,,,439,34482,,,,,,,,,本科,,,,,
8107308,上海,本科批,物理,,X112070,专业组01,苏州城市学院,29F4,物联网工程,,,,,,440,34239,,,,,,440,34239,,,,,,,,,本科,,,,,
8107309,上海,本科批,物理,,X112070,专业组02,苏州城市学院,02EF,日语（外语语种为英语、日语）,外语语种为英语、日语,,,,,444,33286,,,,,,444,33286,,,,,,,,,本科,,,,,
8107310,上海,本科批,物理,,X112070,专业组02,苏州城市学院,5E19,会计学,,,,,,445,33071,,,,,,445,33071,,,,,,,,,本科,,,,,
8107311,上海,本科批,物理,,X112070,专业组02,苏州城市学院,927B,法学,,,,,,462,29014,,,,,,462,29014,,,,,,,,,本科,,,,,
8108752,上海,专科批,物理,,X4C6A6B,专业组Z01,天津警察学院,48EB,信息安全技术应用（办学点：校本部）,办学点：校本部,,,,,222,3058,,,,,,222,3058,,,,,,,,,专科,,,,,
8109067,上海,本科批,物理,,X9FE683,专业组01,新疆政法学院,B9A5,计算机科学与技术,,,,,,411,40210,,,,,,411,40210,,,,,,,,,本科,,,,,
8109068,上海,本科批,物理,,X9FE683,专业组02,新疆政法学院,04A0,工商管理,,,,,,423,37882,,,,,,423,37882,,,,,,,,,本科,,,,,
8109069,上海,本科批,物理,,X9FE683,专业组02,新疆政法学院,927B,法学,,,,,,427,37063,,,,,,427,37063,,,,,,,,,本科,,,,,
8109821,上海,专科批,物理,,XE5DC00,专业组Z01,安徽第二医学院,EC44,医学影像技术（办学点：新桥校区）（无色盲、色弱）,办学点：新桥校区; 无色盲、色弱,,,,,238,2002,,,,,,238,2002,,,,,,,,,专科,,,,,
8109822,上海,专科批,物理,,XE5DC00,专业组Z01,安徽第二医学院,EFA0,卫生信息管理（办学点：新桥校区）,办学点：新桥校区,,,,,241,1769,,,,,,241,1769,,,,,,,,,专科,,,,,
8109823,上海,专科批,物理,,XE5DC00,专业组Z01,安徽第二医学院,822B,临床医学（办学点：新桥校区）（无色盲、色弱）,办学点：新桥校区; 无色盲、色弱,,,,,242,1692,,,,,,242,1692,,,,,,,,,专科,,,,,
8109824,上海,专科批,物理,,XE5DC00,专业组Z01,安徽第二医学院,794D,智能医疗装备技术（办学点：新桥校区）,办学点：新桥校区,,,,,244,1530,,,,,,244,1530,,,,,,,,,专科,,,,,
8109825,上海,专科批,物理,,XE5DC00,专业组Z01,安徽第二医学院,466D,口腔医学（办学点：新桥校区）（无色盲、色弱）,办学点：新桥校区; 无色盲、色弱,,,,,254,821,,,,,,254,821,,,,,,,,,专科,,,,,
8110604,上海,本科批,物理,,XE127B4,专业组05,南昌医学院,644A,口腔医学技术,,,,,,424,37692,,,,,,424,37692,,,,,,,,,本科,,,,,
8110605,上海,本科批,物理,,XE127B4,专业组05,南昌医学院,817D,康复治疗学,,,,,,424,37692,,,,,,424,37692,,,,,,,,,本科,,,,,
8110606,上海,本科批,物理,,XE127B4,专业组05,南昌医学院,D7AE,智能影像工程,,,,,,427,37063,,,,,,427,37063,,,,,,,,,本科,,,,,
8110607,上海,本科批,物理,,XE127B4,专业组08,南昌医学院,EE47,市场营销（医药营销方向）,医药营销方向,,,,,427,37063,,,,,,427,37063,,,,,,,,,本科,,,,,
8110608,上海,本科批,物理,,XE127B4,专业组08,南昌医学院,3335,保险学（健康保险方向）,健康保险方向,,,,,428,36833,,,,,,428,36833,,,,,,,,,本科,,,,,
8110609,上海,本科批,物理,,XE127B4,专业组08,南昌医学院,26BB,养老服务管理,,,,,,429,36629,,,,,,429,36629,,,,,,,,,本科,,,,,
8110610,上海,本科批,物理,,XE127B4,专业组04,南昌医学院,4C2A,中药学,,,,,,429,36629,,,,,,429,36629,,,,,,,,,本科,,,,,
8110611,上海,本科批,物理,,XE127B4,专业组04,南昌医学院,10A0,药学,,,,,,431,36222,,,,,,431,36222,,,,,,,,,本科,,,,,
8110612,上海,本科批,物理,,XE127B4,专业组05,南昌医学院,BE91,医学检验技术,,,,,,432,36033,,,,,,432,36033,,,,,,,,,本科,,,,,
8110613,上海,本科批,物理,,XE127B4,专业组07,南昌医学院,A585,助产学,,,,,,435,35341,,,,,,435,35341,,,,,,,,,本科,,,,,
8110614,上海,本科批,物理,,XE127B4,专业组05,南昌医学院,2DDF,医学影像技术,,,,,,438,34709,,,,,,438,34709,,,,,,,,,本科,,,,,
8110615,上海,本科批,物理,,XE127B4,专业组07,南昌医学院,0D1C,"护理学（建议男生身高167厘米（含）以上,女生身高157厘米（含）以上）",建议男生身高167厘米（含; 含,,,,,446,32860,,,,,,446,32860,,,,,,,,,本科,,,,,
8110616,上海,本科批,物理,,XE127B4,专业组06,南昌医学院,6246,针灸推拿学,,,,,,449,32134,,,,,,449,32134,,,,,,,,,本科,,,,,
8110617,上海,本科批,物理,,XE127B4,专业组03,南昌医学院,5ED3,中西医临床医学,,,,,,456,30473,,,,,,456,30473,,,,,,,,,本科,,,,,
8110618,上海,本科批,物理,,XE127B4,专业组06,南昌医学院,03FE,中医学,,,,,,459,29755,,,,,,459,29755,,,,,,,,,本科,,,,,
8110619,上海,本科批,物理,,XE127B4,专业组02,南昌医学院,5DA6,口腔医学,,,,,,487,22781,,,,,,487,22781,,,,,,,,,本科,,,,,
8110620,上海,本科批,物理,,XE127B4,专业组01,南昌医学院,97D0,临床医学,,,,,,492,21473,,,,,,492,21473,,,,,,,,,本科,,,,,
8111096,上海,本科批,物理,,X6C85A4,专业组01,厦门医学院,97D0,临床医学,,,,,,501,19243,,,,,,501,19243,,,,,,,,,本科,,,,,
8111097,上海,本科批,物理,,X6C85A4,专业组01,厦门医学院,5DA6,口腔医学,,,,,,522,14026,,,,,,522,14026,,,,,,,,,本科,,,,,
8114438,上海,本科批,物理,,XE404DF,专业组01,南京特殊教育师范学院,ECEA,听力与言语康复学,,,,,,435,35341,,,,,,435,35341,,,,,,,,,本科,,,,,
8114439,上海,本科批,物理,,XE404DF,专业组01,南京特殊教育师范学院,4718,数据科学与大数据技术,,,,,,435,35341,,,,,,435,35341,,,,,,,,,本科,,,,,
8114440,上海,本科批,物理,,XE404DF,专业组01,南京特殊教育师范学院,3C38,软件工程,,,,,,437,34923,,,,,,437,34923,,,,,,,,,本科,,,,,
8114441,上海,本科批,物理,,XE404DF,专业组01,南京特殊教育师范学院,B8DA,数学与应用数学（师范类）,师范类,,,,,439,34482,,,,,,439,34482,,,,,,,,,本科,,,,,
8114442,上海,本科批,物理,,XE404DF,专业组02,南京特殊教育师范学院,090D,公共事业管理,,,,,,451,31665,,,,,,451,31665,,,,,,,,,本科,,,,,
8114443,上海,本科批,物理,,XE404DF,专业组02,南京特殊教育师范学院,FB18,财务管理,,,,,,452,31399,,,,,,452,31399,,,,,,,,,本科,,,,,
8114444,上海,本科批,物理,,XE404DF,专业组02,南京特殊教育师范学院,DFD2,学前教育（师范类）,师范类,,,,,453,31179,,,,,,453,31179,,,,,,,,,本科,,,,,
8114445,上海,本科批,物理,,XE404DF,专业组02,南京特殊教育师范学院,F338,英语（师范类）,师范类,,,,,453,31179,,,,,,453,31179,,,,,,,,,本科,,,,,
8114446,上海,本科批,物理,,XE404DF,专业组02,南京特殊教育师范学院,CCEE,手语翻译,,,,,,456,30473,,,,,,456,30473,,,,,,,,,本科,,,,,
8114447,上海,本科批,物理,,XE404DF,专业组02,南京特殊教育师范学院,57E2,无障碍管理,,,,,,458,29994,,,,,,458,29994,,,,,,,,,本科,,,,,
8114448,上海,本科批,物理,,XE404DF,专业组02,南京特殊教育师范学院,AFF5,汉语言文学（师范类）,师范类,,,,,458,29994,,,,,,458,29994,,,,,,,,,本科,,,,,
8114449,上海,本科批,物理,,XE404DF,专业组02,南京特殊教育师范学院,ACD9,教育康复学（师范类）,师范类,,,,,459,29755,,,,,,459,29755,,,,,,,,,本科,,,,,
8114450,上海,本科批,物理,,XE404DF,专业组02,南京特殊教育师范学院,6837,孤独症儿童教育（师范类）,师范类,,,,,463,28756,,,,,,463,28756,,,,,,,,,本科,,,,,
8114451,上海,本科批,物理,,XE404DF,专业组02,南京特殊教育师范学院,9569,小学教育（师范类）,师范类,,,,,472,26492,,,,,,472,26492,,,,,,,,,本科,,,,,
8114452,上海,本科批,物理,,XE404DF,专业组02,南京特殊教育师范学院,0A60,特殊教育（师范类）,师范类,,,,,490,22003,,,,,,490,22003,,,,,,,,,本科,,,,,
8115627,上海,本科批,物理,,XB3856C,专业组04,厦门大学,0870,网络空间安全（厦门大学马来西亚分校招生专业。学费为2.9万林吉特/年。入学第一年期间达到录取专业要求的雅思等成绩后开始学位课程学习）,厦门大学马来西亚分校招生专业。学费为2.9万林吉特/年。入学第一年期间达到录取专业要求的雅思等成绩后开始学位课程学习,,,,,549,7975,,,,,,549,7975,,,,,,,,,本科,,,,,
8115628,上海,本科批,物理,,XB3856C,专业组04,厦门大学,4793,软件工程（厦门大学马来西亚分校招生专业。学费为2.8万林吉特/年。入学第一年期间达到录取专业要求的雅思等成绩后开始学位课程学习）,厦门大学马来西亚分校招生专业。学费为2.8万林吉特/年。入学第一年期间达到录取专业要求的雅思等成绩后开始学位课程学习,,,,,556,6631,,,,,,556,6631,,,,,,,,,本科,,,,,
8115629,上海,本科批,物理,,XB3856C,专业组04,厦门大学,22E7,数学与应用数学（厦门大学马来西亚分校招生专业。学费为2.6万林吉特/年。入学第一年期间达到录取专业要求的雅思等成绩后开始学位课程学习）,厦门大学马来西亚分校招生专业。学费为2.6万林吉特/年。入学第一年期间达到录取专业要求的雅思等成绩后开始学位课程学习,,,,,559,6102,,,,,,559,6102,,,,,,,,,本科,,,,,
8115630,上海,本科批,物理,,XB3856C,专业组02,厦门大学,4BA8,外国语言文学类（含:英语、日语、法语、俄语、德语、西班牙语专业）,含:英语、日语、法语、俄语、德语、西班牙语专业,,,,,567,4662,,,,,,567,4662,,,,,,,,,本科,,,,,
8115631,上海,本科批,物理,,XB3856C,专业组02,厦门大学,D8DC,人文科学试验班（含:汉语言文学、汉语言、历史学、考古学、哲学、戏剧影视文学专业。专业分流后到戏剧影视文学专业学费为9360元/年）,含:汉语言文学、汉语言、历史学、考古学、哲学、戏剧影视文学专业。专业分流后到戏剧影视文学专业学费为9360元/年,,,,,568,4499,,,,,,568,4499,,,,,,,,,本科,,,,,
8115632,上海,本科批,物理,,XB3856C,专业组02,厦门大学,6734,"外国语言文学类（外国语言文学类+会计学/财务管理。含:英语（+会计学/财务管理）、日语（+会计学/财务管理）、法语（+会计学/财务管理）、俄语（+会计学/财务管理）、德语（+会计学/财务管理）、西班牙语（+会计学/财务管理）专业。外国语言文学类+会计学/财务管理主辅修项目,主修外国语言文学类专业学费为5460元/年;辅修会计学或财务管理专业课程采用全英文授课,120元/学分,4年总学分以当年度辅修项目招生简章为准）",外国语言文学类+会计学/财务管理。含:英语（+会计学/财务管理; +会计学/财务管理; +会计学/财务管理; +会计学/财务管理; +会计学/财务管理; +会计学/财务管理,,,,,569,4317,,,,,,569,4317,,,,,,,,,本科,,,,,
8115633,上海,本科批,物理,,XB3856C,专业组02,厦门大学,1B55,新闻传播学类（含:新闻学、广告学、传播学、国际新闻与传播专业）,含:新闻学、广告学、传播学、国际新闻与传播专业,,,,,570,4158,,,,,,570,4158,,,,,,,,,本科,,,,,
8115634,上海,本科批,物理,,XB3856C,专业组03,厦门大学,E21F,经济学类（含:金融学、财政学、税收学、国际经济与贸易、经济学专业）,含:金融学、财政学、税收学、国际经济与贸易、经济学专业,,,,,570,4158,,,,,,570,4158,,,,,,,,,本科,,,,,
8115635,上海,本科批,物理,,XB3856C,专业组02,厦门大学,A8E8,法学类（法学专业）,法学专业,,,,,571,3998,,,,,,571,3998,,,,,,,,,本科,,,,,
8115636,上海,本科批,物理,,XB3856C,专业组01,厦门大学,FC19,理科试验班（海洋与生态环境类。含:海洋科学、海洋技术、环境科学、生态学专业）,海洋与生态环境类。含:海洋科学、海洋技术、环境科学、生态学专业,,,,,573,3676,,,,,,573,3676,,,,,,,,,本科,,,,,
8115637,上海,本科批,物理,,XB3856C,专业组01,厦门大学,310A,数据科学与大数据技术（部分专业课程采用全英文授课）,部分专业课程采用全英文授课,,,,,573,3676,,,,,,573,3676,,,,,,,,,本科,,,,,
8115638,上海,本科批,物理,,XB3856C,专业组03,厦门大学,1EB2,会计学（含:会计、财务、审计。含:会计学、财务管理、审计学专业）,含:会计、财务、审计。含:会计学、财务管理、审计学专业,,,,,574,3531,,,,,,574,3531,,,,,,,,,本科,,,,,
8115639,上海,本科批,物理,,XB3856C,专业组01,厦门大学,5EC6,"电子信息类（含:电子信息工程、集成电路设计与集成系统、微电子科学与工程、电子信息科学与技术、通信工程专业。集成电路设计与集成系统专业三、四年级按学分收费（400元/学分,两年不超过80学分））","含:电子信息工程、集成电路设计与集成系统、微电子科学与工程、电子信息科学与技术、通信工程专业。集成电路设计与集成系统专业三、四年级按学分收费（400元/学分,两年不超过80学分",,,,,574,3531,,,,,,574,3531,,,,,,,,,本科,,,,,
8115640,上海,本科批,物理,,XB3856C,专业组01,厦门大学,CCCD,理科试验班（生命科学与药学类。含:生物科学、生物技术、药学专业）,生命科学与药学类。含:生物科学、生物技术、药学专业,,,,,574,3531,,,,,,574,3531,,,,,,,,,本科,,,,,
8115641,上海,本科批,物理,,XB3856C,专业组01,厦门大学,5241,统计学类（含:经济统计学、统计学专业。部分专业课程采用全英文授课）,含:经济统计学、统计学专业。部分专业课程采用全英文授课,,,,,574,3531,,,,,,574,3531,,,,,,,,,本科,,,,,
8115642,上海,本科批,物理,,XB3856C,专业组01,厦门大学,A850,数学类（含:数学与应用数学、信息与计算科学、统计学专业）,含:数学与应用数学、信息与计算科学、统计学专业,,,,,575,3392,,,,,,575,3392,,,,,,,,,本科,,,,,
8115643,上海,本科批,物理,,XB3856C,专业组01,厦门大学,DA2D,"计算机类（含:计算机科学与技术、网络空间安全、人工智能、软件工程专业。软件工程专业三、四年级按学分收费（400元/学分,两年不超过80学分））","含:计算机科学与技术、网络空间安全、人工智能、软件工程专业。软件工程专业三、四年级按学分收费（400元/学分,两年不超过80学分",,,,,577,3098,,,,,,577,3098,,,,,,,,,本科,,,,,
8116553,上海,本科批,物理,,XE4E682,专业组03,四川大学,C700,外国语言文学类（含:日语、西班牙语、法语、俄语、英语专业）,含:日语、西班牙语、法语、俄语、英语专业,,,,,561,5731,,,,,,561,5731,,,,,,,,,本科,,,,,
8116554,上海,本科批,物理,,XE4E682,专业组03,四川大学,2095,公共管理类（含:行政管理、劳动与社会保障、土地资源管理、档案学、信息资源管理、社会工作专业）,含:行政管理、劳动与社会保障、土地资源管理、档案学、信息资源管理、社会工作专业,,,,,561,5731,,,,,,561,5731,,,,,,,,,本科,,,,,
8116555,上海,本科批,物理,,XE4E682,专业组03,四川大学,5800,人文科学试验班（中文与新闻传播方向。含:汉语言文学、汉语国际教育、新闻学、广告学、网络与新媒体专业）,中文与新闻传播方向。含:汉语言文学、汉语国际教育、新闻学、广告学、网络与新媒体专业,,,,,563,5356,,,,,,563,5356,,,,,,,,,本科,,,,,
8116556,上海,本科批,物理,,XE4E682,专业组04,四川大学,EA4B,机械设计制造及其自动化（中外合作办学）,中外合作办学,,,,,566,4841,,,,,,566,4841,,,,,,,,,本科,,,,,
8116557,上海,本科批,物理,,XE4E682,专业组04,四川大学,2ED5,材料科学与工程（中外合作办学）,中外合作办学,,,,,567,4662,,,,,,567,4662,,,,,,,,,本科,,,,,
8116558,上海,本科批,物理,,XE4E682,专业组04,四川大学,9F2D,电子信息工程（中外合作办学）,中外合作办学,,,,,567,4662,,,,,,567,4662,,,,,,,,,本科,,,,,
8116559,上海,本科批,物理,,XE4E682,专业组04,四川大学,4394,计算机科学与技术（中外合作办学）,中外合作办学,,,,,567,4662,,,,,,567,4662,,,,,,,,,本科,,,,,
8116560,上海,本科批,物理,,XE4E682,专业组02,四川大学,DAF3,电气类（含:电气工程及其自动化、自动化专业）,含:电气工程及其自动化、自动化专业,,,,,571,3998,,,,,,571,3998,,,,,,,,,本科,,,,,
8116561,上海,本科批,物理,,XE4E682,专业组02,四川大学,0297,电子信息类（含:电子信息工程、光电信息科学与工程、通信工程专业）,含:电子信息工程、光电信息科学与工程、通信工程专业,,,,,572,3846,,,,,,572,3846,,,,,,,,,本科,,,,,
8116562,上海,本科批,物理,,XE4E682,专业组01,四川大学,97D0,临床医学,,,,,,576,3250,,,,,,576,3250,,,,,,,,,本科,,,,,
8116563,上海,本科批,物理,,XE4E682,专业组01,四川大学,44E9,口腔医学（5+3一体化）,5+3一体化,,,,,577,3098,,,,,,577,3098,,,,,,,,,本科,,,,,
8116564,上海,本科批,物理,,XE4E682,专业组01,四川大学,B2AB,口腔医学（专业代码:2）,专业代码:2,,,,,580,2684,,,,,,580,2684,,,,,,,,,本科,,,,,
8117472,上海,本科批,物理,,X1B0DD0,专业组02,武汉大学,FF34,经济学类（含:经济学（基地班）、国际经济与贸易、金融学（含:国际金融试验班）、保险学（含:精算试验班）、财政学、金融工程专业）,含:经济学（基地班; 含:国际金融试验班; 含:精算试验班,,,,,570,4158,,,,,,570,4158,,,,,,,,,本科,,,,,
8117473,上海,本科批,物理,,X1B0DD0,专业组02,武汉大学,AED3,哲学类（哲学国家拔尖学生培养基地。含:哲学、宗教学专业）,哲学国家拔尖学生培养基地。含:哲学、宗教学专业,,,,,571,3998,,,,,,571,3998,,,,,,,,,本科,,,,,
8117474,上海,本科批,物理,,X1B0DD0,专业组02,武汉大学,57F8,新闻传播学类（卓越新闻传播人才教育培养计划。含:新闻学、广播电视学、广告学、传播学专业）,卓越新闻传播人才教育培养计划。含:新闻学、广播电视学、广告学、传播学专业,,,,,571,3998,,,,,,571,3998,,,,,,,,,本科,,,,,
8117475,上海,本科批,物理,,X1B0DD0,专业组02,武汉大学,E1C6,金融学类（弘毅学堂。含:金融学、经济学、国际经济与贸易专业。含:数字经济试验班、数理经济与数理金融试验班、未来科技试验班、智能制造与集成电路试验班、全球治理试验班、大健康试验班、人文科学试验班、PPE试验班、PLE试验班。学生可任选试验班。未来科技试验班、人文科学试验班部分学生可全校任选专业（医学长学制除外））,弘毅学堂。含:金融学、经济学、国际经济与贸易专业。含:数字经济试验班、数理经济与数理金融试验班、未来科技试验班、智能制造与集成电路试验班、全球治理试验班、大健康试验班、人文科学试验班、PPE试验班、PLE试验班。学生可任选试验班。未来科技试验班、人文科学试验班部分学生可全校任选专业（医学长学制除外,,,,,574,3531,,,,,,574,3531,,,,,,,,,本科,,,,,
8117476,上海,本科批,物理,,X1B0DD0,专业组02,武汉大学,82F8,文科试验班类（弘毅学堂。含:汉语言文学、历史学、哲学、法学、新闻学、心理学、国际经济与贸易、金融学、经济学专业。含:人文科学试验班、PPE试验班、PLE试验班、未来科技试验班、智能制造与集成电路试验班、数字经济试验班、数理经济与数理金融试验班、全球治理试验班、大健康试验班。学生可任选试验班。未来科技试验班、人文科学试验班部分学生可全校任选专业（医学长学制除外））,弘毅学堂。含:汉语言文学、历史学、哲学、法学、新闻学、心理学、国际经济与贸易、金融学、经济学专业。含:人文科学试验班、PPE试验班、PLE试验班、未来科技试验班、智能制造与集成电路试验班、数字经济试验班、数理经济与数理金融试验班、全球治理试验班、大健康试验班。学生可任选试验班。未来科技试验班、人文科学试验班部分学生可全校任选专业（医学长学制除外,,,,,576,3250,,,,,,576,3250,,,,,,,,,本科,,,,,
8117477,上海,本科批,物理,,X1B0DD0,专业组01,武汉大学,6FF8,计算机类（计算机学院。含:计算机科学与技术、人工智能、软件工程专业）,计算机学院。含:计算机科学与技术、人工智能、软件工程专业,,,,,578,2962,,,,,,578,2962,,,,,,,,,本科,,,,,
8117478,上海,本科批,物理,,X1B0DD0,专业组01,武汉大学,8957,"电子信息类（含:电子信息工程（电子信息方向、光电子方向、机器人方向,卓越工程师计划试验班、逐光创新试验班、人工智能试验班）、电波传播与天线（空间科学技术试验班）、通信工程（卓越工程师计划试验班、人工智能试验班）专业）","含:电子信息工程（电子信息方向、光电子方向、机器人方向,卓越工程师计划试验班、逐光创新试验班、人工智能试验班; 空间科学技术试验班; 卓越工程师计划试验班、人工智能试验班",,,,,578,2962,,,,,,578,2962,,,,,,,,,本科,,,,,
8117479,上海,本科批,物理,,X1B0DD0,专业组01,武汉大学,1E42,物理学类（物理学国家拔尖学生培养基地。含:物理学、微电子科学与工程、材料物理专业）,物理学国家拔尖学生培养基地。含:物理学、微电子科学与工程、材料物理专业,,,,,578,2962,,,,,,578,2962,,,,,,,,,本科,,,,,
8117480,上海,本科批,物理,,X1B0DD0,专业组01,武汉大学,F6AF,数学类（数学国家拔尖学生培养基地。含:数学与应用数学、信息与计算科学、统计学、数据科学与大数据技术专业）,数学国家拔尖学生培养基地。含:数学与应用数学、信息与计算科学、统计学、数据科学与大数据技术专业,,,,,578,2962,,,,,,578,2962,,,,,,,,,本科,,,,,
8117481,上海,本科批,物理,,X1B0DD0,专业组01,武汉大学,226D,工科试验班（电气类。含:电气工程及其自动化、自动化、储能科学与工程专业）,电气类。含:电气工程及其自动化、自动化、储能科学与工程专业,,,,,579,2831,,,,,,579,2831,,,,,,,,,本科,,,,,
8117482,上海,本科批,物理,,X1B0DD0,专业组01,武汉大学,DE04,遥感科学与技术（含:遥感科学与技术、空间信息与数字技术）,含:遥感科学与技术、空间信息与数字技术,,,,,579,2831,,,,,,579,2831,,,,,,,,,本科,,,,,
8117483,上海,本科批,物理,,X1B0DD0,专业组01,武汉大学,51A5,理科试验班（弘毅学堂。含:数学与应用数学、物理学、化学、生物科学、计算机科学与技术、人工智能、智能制造工程、微电子科学与工程、电气工程及其自动化、遥感科学与技术专业。含:未来科技试验班、智能制造与集成电路试验班、数字经济试验班、数理经济与数理金融试验班、全球治理试验班、大健康试验班、人文科学试验班、PPE试验班、PLE试验班。学生可任选试验班。未来科技试验班、人文科学试验班部分学生可全校任选专业（医学长学制除外））,弘毅学堂。含:数学与应用数学、物理学、化学、生物科学、计算机科学与技术、人工智能、智能制造工程、微电子科学与工程、电气工程及其自动化、遥感科学与技术专业。含:未来科技试验班、智能制造与集成电路试验班、数字经济试验班、数理经济与数理金融试验班、全球治理试验班、大健康试验班、人文科学试验班、PPE试验班、PLE试验班。学生可任选试验班。未来科技试验班、人文科学试验班部分学生可全校任选专业（医学长学制除外,,,,,580,2684,,,,,,580,2684,,,,,,,,,本科,,,,,
8117484,上海,本科批,物理,,X1B0DD0,专业组02,武汉大学,7C5D,法学（含:法学（含:德语法学、法语法学试验班）、国际法（含:国际法试验班））,含:法学（含:德语法学、法语法学试验班; 含:国际法试验班,,,,,580,2684,,,,,,580,2684,,,,,,,,,本科,,,,,
8117485,上海,本科批,物理,,X1B0DD0,专业组01,武汉大学,77F8,计算机科学与技术（弘毅本博试验班）（雷军班。多元化培养）,弘毅本博试验班; 雷军班。多元化培养,,,,,580,2684,,,,,,580,2684,,,,,,,,,本科,,,,,
8118336,上海,本科批,物理,,X0949A1,专业组02,中山大学,4383,社会学类（含:社会学、人类学、考古学专业）,含:社会学、人类学、考古学专业,,,,,567,4662,,,,,,567,4662,,,,,,,,,本科,,,,,
8118337,上海,本科批,物理,,X0949A1,专业组02,中山大学,29FA,新闻传播学类（含:新闻学、传播学专业）,含:新闻学、传播学专业,,,,,567,4662,,,,,,567,4662,,,,,,,,,本科,,,,,
8118338,上海,本科批,物理,,X0949A1,专业组02,中山大学,D243,汉语言文学,,,,,,568,4499,,,,,,568,4499,,,,,,,,,本科,,,,,
8118339,上海,本科批,物理,,X0949A1,专业组02,中山大学,6AB9,经济学,,,,,,569,4317,,,,,,569,4317,,,,,,,,,本科,,,,,
8118340,上海,本科批,物理,,X0949A1,专业组02,中山大学,927B,法学,,,,,,569,4317,,,,,,569,4317,,,,,,,,,本科,,,,,
8118341,上海,本科批,物理,,X0949A1,专业组01,中山大学,802A,物理学,,,,,,573,3676,,,,,,573,3676,,,,,,,,,本科,,,,,
8118342,上海,本科批,物理,,X0949A1,专业组01,中山大学,A4C2,临床医学（无色盲、色弱）,无色盲、色弱,,,,,574,3531,,,,,,574,3531,,,,,,,,,本科,,,,,
8118343,上海,本科批,物理,,X0949A1,专业组01,中山大学,BD0B,生物医学工程（无色盲、色弱）,无色盲、色弱,,,,,574,3531,,,,,,574,3531,,,,,,,,,本科,,,,,
8118344,上海,本科批,物理,,X0949A1,专业组01,中山大学,D32A,电子信息类（含:通信工程、微电子科学与工程、光电信息科学与工程、电子信息科学与技术专业）,含:通信工程、微电子科学与工程、光电信息科学与工程、电子信息科学与技术专业,,,,,574,3531,,,,,,574,3531,,,,,,,,,本科,,,,,
8118345,上海,本科批,物理,,X0949A1,专业组01,中山大学,4ED3,生态学,,,,,,574,3531,,,,,,574,3531,,,,,,,,,本科,,,,,
8118346,上海,本科批,物理,,X0949A1,专业组01,中山大学,D583,网络空间安全,,,,,,574,3531,,,,,,574,3531,,,,,,,,,本科,,,,,
8118347,上海,本科批,物理,,X0949A1,专业组01,中山大学,E329,数学类（含:数学与应用数学、统计学专业）,含:数学与应用数学、统计学专业,,,,,577,3098,,,,,,577,3098,,,,,,,,,本科,,,,,
8119166,上海,本科批,物理,,X723E13,专业组Q4,南京大学,E594,大气科学（中外合作办学）,中外合作办学,,,,,570,4158,,,,,,570,4158,,,,,,,,,本科,,,,,
8119167,上海,本科批,物理,,X723E13,专业组Q3,南京大学,1664,戏剧影视文学（不得转专业）,不得转专业,,,,,573,3676,,,,,,573,3676,,,,,,,,,本科,,,,,
8119168,上海,本科批,物理,,X723E13,专业组01,南京大学,863B,计算机科学与技术（拔尖学生培养基地）,拔尖学生培养基地,,,,,580,2684,,,,,,580,2684,,,,,,,,,本科,,,,,
8119169,上海,本科批,物理,,X723E13,专业组01,南京大学,A770,理科试验班（匡亚明学院大理科班。含:数学与应用数学、信息与计算科学、物理学、物理学（生物物理学方向）、化学、天文学、生物科学、生物科学（生物化学与分子生物学方向）、计算机科学与技术、计算机科学与技术（脑科学与AI方向）专业。含:拔尖学生培养基地）,匡亚明学院大理科班。含:数学与应用数学、信息与计算科学、物理学、物理学（生物物理学方向; 生物化学与分子生物学方向; 脑科学与AI方向,,,,,580,2684,,,,,,580,2684,,,,,,,,,本科,,,,,
8119170,上海,本科批,物理,,X723E13,专业组01,南京大学,ACD8,理科试验班类（数理科学类。含:数学与应用数学、信息与计算科学、统计学、物理学、应用物理学、声学、天文学、空间科学与技术、大气科学、应用气象学专业。含:拔尖学生培养基地）,数理科学类。含:数学与应用数学、信息与计算科学、统计学、物理学、应用物理学、声学、天文学、空间科学与技术、大气科学、应用气象学专业。含:拔尖学生培养基地,,,,,580,2684,,,,,,580,2684,,,,,,,,,本科,,,,,
8119171,上海,本科批,物理,,X723E13,专业组01,南京大学,DA6D,电子信息类（含:电子信息科学与技术、通信工程、微电子科学与工程、集成电路设计与集成系统专业）,含:电子信息科学与技术、通信工程、微电子科学与工程、集成电路设计与集成系统专业,,,,,580,2684,,,,,,580,2684,,,,,,,,,本科,,,,,
8119172,上海,本科批,物理,,X723E13,专业组01,南京大学,6108,软件工程（国家特色化软件学院实验班。第三、四年学费为16000元/年）,国家特色化软件学院实验班。第三、四年学费为16000元/年,,,,,580,2684,,,,,,580,2684,,,,,,,,,本科,,,,,
8119173,上海,本科批,物理,,X723E13,专业组01,南京大学,BA38,技术科学试验班（含:智能科学与技术、软件工程（智能化软件方向）、集成电路设计与集成系统、数字经济专业。智能化软件方向第三、四年学费为16000元/年）,含:智能科学与技术、软件工程（智能化软件方向,,,,,580,2684,,,,,,580,2684,,,,,,,,,本科,,,,,
8119174,上海,本科批,物理,,X723E13,专业组02,南京大学,5E1F,经济管理试验班（数智经济与管理方向。含:经济学、金融学、保险学、经济学（产业经济学方向）、工商管理类、国际经济与贸易、财政学专业。含:拔尖学生培养基地）,数智经济与管理方向。含:经济学、金融学、保险学、经济学（产业经济学方向,,,,,580,2684,,,,,,580,2684,,,,,,,,,本科,,,,,
8119175,上海,本科批,物理,,X723E13,专业组01,南京大学,F068,人工智能,,,,,,580,2684,,,,,,580,2684,,,,,,,,,本科,,,,,
8119176,上海,本科批,物理,,X723E13,专业组02,南京大学,4145,英语,,,,,,580,2684,,,,,,580,2684,,,,,,,,,本科,,,,,
8119177,上海,本科批,物理,,X723E13,专业组02,南京大学,D243,汉语言文学,,,,,,580,2684,,,,,,580,2684,,,,,,,,,本科,,,,,
8119876,上海,本科批,物理,,XAED60F,专业组02,西南大学,A579,经济学类（含:经济学、金融学专业）,含:经济学、金融学专业,,,,,532,11678,,,,,,532,11678,,,,,,,,,本科,,,,,
8119877,上海,本科批,物理,,XAED60F,专业组02,西南大学,5D87,应用心理学（无色盲）,无色盲,,,,,536,10760,,,,,,536,10760,,,,,,,,,本科,,,,,
8119878,上海,本科批,物理,,XAED60F,专业组01,西南大学,3A03,药学（无色盲）,无色盲,,,,,537,10538,,,,,,537,10538,,,,,,,,,本科,,,,,
8119879,上海,本科批,物理,,XAED60F,专业组01,西南大学,03B1,智能科学与技术,,,,,,538,10306,,,,,,538,10306,,,,,,,,,本科,,,,,
8119880,上海,本科批,物理,,XAED60F,专业组02,西南大学,73A1,工商管理类（含:工商管理、会计学、人力资源管理、旅游管理专业）,含:工商管理、会计学、人力资源管理、旅游管理专业,,,,,538,10306,,,,,,538,10306,,,,,,,,,本科,,,,,
8119881,上海,本科批,物理,,XAED60F,专业组01,西南大学,E4F5,制药工程（无色盲）,无色盲,,,,,538,10306,,,,,,538,10306,,,,,,,,,本科,,,,,
8119882,上海,本科批,物理,,XAED60F,专业组01,西南大学,EB81,软件工程（第三、四学年学费为10500元/年）,第三、四学年学费为10500元/年,,,,,539,10069,,,,,,539,10069,,,,,,,,,本科,,,,,
8119883,上海,本科批,物理,,XAED60F,专业组03,西南大学,DF82,软件工程（中外合作办学）（与澳大利亚迪肯大学合作办学）,中外合作办学; 与澳大利亚迪肯大学合作办学,,,,,541,9624,,,,,,541,9624,,,,,,,,,本科,,,,,
8119884,上海,本科批,物理,,XAED60F,专业组03,西南大学,BFC5,自动化（中外合作办学）（与澳大利亚西澳大学合作办学）,中外合作办学; 与澳大利亚西澳大学合作办学,,,,,541,9624,,,,,,541,9624,,,,,,,,,本科,,,,,
8119885,上海,本科批,物理,,XAED60F,专业组01,西南大学,4B9D,电子信息类（含:电子信息工程、通信工程专业）,含:电子信息工程、通信工程专业,,,,,543,9186,,,,,,543,9186,,,,,,,,,本科,,,,,
8119886,上海,本科批,物理,,XAED60F,专业组03,西南大学,A90B,计算机科学与技术（中外合作办学）（与新西兰奥克兰大学合作办学）,中外合作办学; 与新西兰奥克兰大学合作办学,,,,,547,8372,,,,,,547,8372,,,,,,,,,本科,,,,,
8120858,上海,本科批,物理,,XECF8C2,专业组01,中南大学,9ED6,数学与应用数学（中外合作办学）（中南大学邓迪国际学院）,中外合作办学; 中南大学邓迪国际学院,,,,,565,5019,,,,,,565,5019,,,,,,,,,本科,,,,,
8120859,上海,本科批,物理,,XECF8C2,专业组01,中南大学,B9EC,计算机科学与技术（中外合作办学）（中南大学邓迪国际学院）,中外合作办学; 中南大学邓迪国际学院,,,,,565,5019,,,,,,565,5019,,,,,,,,,本科,,,,,
8120860,上海,本科批,物理,,XECF8C2,专业组02,中南大学,3962,临床医学类（临床及口腔五年制医学类。含:临床医学（五年制）、口腔医学（五年制）、麻醉学、精神医学专业）,临床及口腔五年制医学类。含:临床医学（五年制; 五年制,,,,,571,3998,,,,,,571,3998,,,,,,,,,本科,,,,,
8120861,上海,本科批,物理,,XECF8C2,专业组02,中南大学,97D0,临床医学,,,,,,578,2962,,,,,,578,2962,,,,,,,,,本科,,,,,
8121721,上海,本科批,物理,,X449352,专业组01,电子科技大学,ED65,经济管理试验班（管理与电子工程双学位培养。含:电子信息工程、金融学、工商管理、电子商务专业）,管理与电子工程双学位培养。含:电子信息工程、金融学、工商管理、电子商务专业,,,,,576,3250,,,,,,576,3250,,,,,,,,,本科,,,,,
8121722,上海,本科批,物理,,X449352,专业组01,电子科技大学,1D46,工科试验班（含:机器人、电气信息、智能制造方向。含:机器人工程、电气工程及其自动化、机械设计制造及其自动化、智能电网信息工程、工业工程专业）,含:机器人、电气信息、智能制造方向。含:机器人工程、电气工程及其自动化、机械设计制造及其自动化、智能电网信息工程、工业工程专业,,,,,577,3098,,,,,,577,3098,,,,,,,,,本科,,,,,
8121723,上海,本科批,物理,,X449352,专业组01,电子科技大学,E2A5,电子信息类（光电集成与光网络方向。含:光电信息科学与工程、信息工程专业）,光电集成与光网络方向。含:光电信息科学与工程、信息工程专业,,,,,577,3098,,,,,,577,3098,,,,,,,,,本科,,,,,
8121724,上海,本科批,物理,,X449352,专业组01,电子科技大学,16F3,电子信息类（信息与通信方向。含:通信工程、电子信息工程、网络工程、物联网工程、信息对抗技术专业）,信息与通信方向。含:通信工程、电子信息工程、网络工程、物联网工程、信息对抗技术专业,,,,,578,2962,,,,,,578,2962,,,,,,,,,本科,,,,,
8121725,上海,本科批,物理,,X449352,专业组01,电子科技大学,0407,工科试验班（电子工程类。含:电子科学与技术、电磁场与无线技术专业）,电子工程类。含:电子科学与技术、电磁场与无线技术专业,,,,,578,2962,,,,,,578,2962,,,,,,,,,本科,,,,,
8123144,上海,本科批,物理,,X4AF122,专业组02,山东大学,27B1,考古学（考古+拔尖2.0班（吴金鼎班））,考古+拔尖2.0班（吴金鼎班,,,,,558,6285,,,,,,558,6285,,,,,,,,,本科,,,,,
8123145,上海,本科批,物理,,X4AF122,专业组02,山东大学,D9CF,新闻传播学类（含:新闻学、国际新闻与传播专业）,含:新闻学、国际新闻与传播专业,,,,,561,5731,,,,,,561,5731,,,,,,,,,本科,,,,,
8123146,上海,本科批,物理,,X4AF122,专业组02,山东大学,3670,工商管理类（含:工商管理、会计学专业。含:工商管理创新实验班）,含:工商管理、会计学专业。含:工商管理创新实验班,,,,,561,5731,,,,,,561,5731,,,,,,,,,本科,,,,,
8123147,上海,本科批,物理,,X4AF122,专业组02,山东大学,152F,经济学类（含:经济学、财政学、金融学、国际经济与贸易专业。含:经济学拔尖2.0班（薛暮桥班）、彭实戈班、PPE新文科基地班等）,含:经济学、财政学、金融学、国际经济与贸易专业。含:经济学拔尖2.0班（薛暮桥班,,,,,566,4841,,,,,,566,4841,,,,,,,,,本科,,,,,
8123148,上海,本科批,物理,,X4AF122,专业组02,山东大学,C9B0,中国语言文学类（汉语言文学专业。含:闻一多基地班、中文拔尖2.0班）,汉语言文学专业。含:闻一多基地班、中文拔尖2.0班,,,,,566,4841,,,,,,566,4841,,,,,,,,,本科,,,,,
8123149,上海,本科批,物理,,X4AF122,专业组01,山东大学,64FD,网络空间安全（可向密码科学与技术分流）,可向密码科学与技术分流,,,,,570,4158,,,,,,570,4158,,,,,,,,,本科,,,,,
8123150,上海,本科批,物理,,X4AF122,专业组01,山东大学,992E,电气工程及其自动化（含:卓越工程师培养计划、全球能源互联网新工科特色班）,含:卓越工程师培养计划、全球能源互联网新工科特色班,,,,,570,4158,,,,,,570,4158,,,,,,,,,本科,,,,,
8123151,上海,本科批,物理,,X4AF122,专业组01,山东大学,E47F,物理学类（含:物理学、应用物理学专业。含:王淦昌基地班、物理拔尖2.0班（泰山学堂）、严济慈英才班）,含:物理学、应用物理学专业。含:王淦昌基地班、物理拔尖2.0班（泰山学堂,,,,,570,4158,,,,,,570,4158,,,,,,,,,本科,,,,,
8123152,上海,本科批,物理,,X4AF122,专业组01,山东大学,BFD0,电子信息类（通信电子与光电方向。含:通信工程、电子科学与技术、光电信息科学与工程专业。含:崇新学堂、微纳实验班、光电精英班）,通信电子与光电方向。含:通信工程、电子科学与技术、光电信息科学与工程专业。含:崇新学堂、微纳实验班、光电精英班,,,,,570,4158,,,,,,570,4158,,,,,,,,,本科,,,,,
8123153,上海,本科批,物理,,X4AF122,专业组01,山东大学,F068,人工智能,,,,,,570,4158,,,,,,570,4158,,,,,,,,,本科,,,,,
8123154,上海,本科批,物理,,X4AF122,专业组01,山东大学,B028,计算机类（软件数媒与大数据方向。含:软件工程、数字媒体技术、数据科学与大数据技术专业。含:人工智能国际班、新工科创新实验班、软件菁英班）,软件数媒与大数据方向。含:软件工程、数字媒体技术、数据科学与大数据技术专业。含:人工智能国际班、新工科创新实验班、软件菁英班,,,,,572,3846,,,,,,572,3846,,,,,,,,,本科,,,,,
8123155,上海,本科批,物理,,X4AF122,专业组01,山东大学,FEDF,数学类（含:数学与应用数学、信息与计算科学、统计学专业。含:潘承洞基地班、数学拔尖2.0班（泰山学堂））,含:数学与应用数学、信息与计算科学、统计学专业。含:潘承洞基地班、数学拔尖2.0班（泰山学堂,,,,,576,3250,,,,,,576,3250,,,,,,,,,本科,,,,,
8124101,上海,本科批,物理,,X30BCE2,专业组01,华中科技大学,5C0B,机械类（含:机械设计制造及其自动化、工业工程、测控技术与仪器、机器人工程专业）,含:机械设计制造及其自动化、工业工程、测控技术与仪器、机器人工程专业,,,,,578,2962,,,,,,578,2962,,,,,,,,,本科,,,,,
8124102,上海,本科批,物理,,X30BCE2,专业组01,华中科技大学,4979,数学类（含:数学与应用数学、统计学、信息与计算科学专业）,含:数学与应用数学、统计学、信息与计算科学专业,,,,,578,2962,,,,,,578,2962,,,,,,,,,本科,,,,,
8124103,上海,本科批,物理,,X30BCE2,专业组01,华中科技大学,6419,物理学类（含:物理学、应用物理学专业）,含:物理学、应用物理学专业,,,,,578,2962,,,,,,578,2962,,,,,,,,,本科,,,,,
8124104,上海,本科批,物理,,X30BCE2,专业组01,华中科技大学,1FCF,电子信息类（电信学院。含:电子信息工程、通信工程、电磁场与无线技术专业）,电信学院。含:电子信息工程、通信工程、电磁场与无线技术专业,,,,,578,2962,,,,,,578,2962,,,,,,,,,本科,,,,,
8124105,上海,本科批,物理,,X30BCE2,专业组01,华中科技大学,2D1D,计算机类（网安学院。含:网络空间安全、信息安全、密码科学与技术专业）,网安学院。含:网络空间安全、信息安全、密码科学与技术专业,,,,,578,2962,,,,,,578,2962,,,,,,,,,本科,,,,,
8124106,上海,本科批,物理,,X30BCE2,专业组01,华中科技大学,294C,自动化类（含:人工智能、自动化、智能医学工程专业）,含:人工智能、自动化、智能医学工程专业,,,,,579,2831,,,,,,579,2831,,,,,,,,,本科,,,,,
8124107,上海,本科批,物理,,X30BCE2,专业组02,华中科技大学,FF38,临床医学（专业代码:14）,专业代码:14,,,,,580,2684,,,,,,580,2684,,,,,,,,,本科,,,,,
8124108,上海,本科批,物理,,X30BCE2,专业组01,华中科技大学,7955,电子信息类（集成电路学院。含:集成电路设计与集成系统、微电子科学与工程、电子科学与技术专业）,集成电路学院。含:集成电路设计与集成系统、微电子科学与工程、电子科学与技术专业,,,,,580,2684,,,,,,580,2684,,,,,,,,,本科,,,,,
8124109,上海,本科批,物理,,X30BCE2,专业组01,华中科技大学,3152,数字经济（AI双学位）,AI双学位,,,,,580,2684,,,,,,580,2684,,,,,,,,,本科,,,,,
8124110,上海,本科批,物理,,X30BCE2,专业组01,华中科技大学,43D8,人工智能（未来技术实验班）,未来技术实验班,,,,,580,2684,,,,,,580,2684,,,,,,,,,本科,,,,,
8124111,上海,本科批,物理,,X30BCE2,专业组01,华中科技大学,3046,光电信息科学与工程（启明实验班）,启明实验班,,,,,580,2684,,,,,,580,2684,,,,,,,,,本科,,,,,
8124112,上海,本科批,物理,,X30BCE2,专业组01,华中科技大学,9394,计算机类（计算机学院。含:计算机科学与技术、数据科学与大数据技术、智能科学与技术专业）,计算机学院。含:计算机科学与技术、数据科学与大数据技术、智能科学与技术专业,,,,,580,2684,,,,,,580,2684,,,,,,,,,本科,,,,,
8124113,上海,本科批,物理,,X30BCE2,专业组01,华中科技大学,A687,光电信息科学与工程,,,,,,580,2684,,,,,,580,2684,,,,,,,,,本科,,,,,
8124114,上海,本科批,物理,,X30BCE2,专业组01,华中科技大学,A5B7,电气工程及其自动化,,,,,,580,2684,,,,,,580,2684,,,,,,,,,本科,,,,,
8124873,上海,本科批,物理,,X3DD3D3,专业组Q2,上海交通大学,0B2D,材料科学与工程（徐祖耀荣誉班。含:材料科学与工程-应用物理学双学士学位项目。与哈佛大学、牛津大学、西北大学等近20所海外一流高校以学期交换或3+1+X模式联合人才培养）,徐祖耀荣誉班。含:材料科学与工程-应用物理学双学士学位项目。与哈佛大学、牛津大学、西北大学等近20所海外一流高校以学期交换或3+1+X模式联合人才培养,,,,,580,2684,,,,,,580,2684,,,,,,,,,本科,,,,,
8124874,上海,本科批,物理,,X3DD3D3,专业组Q2,上海交通大学,9790,"工科试验班类（材料学院,材料科学与工程专业。含:材料科学与工程-应用物理学双学士学位项目。与哈佛大学、牛津大学、西北大学等近20所海外一流高校以学期交换或3+1+X模式联合人才培养。8月可自愿申请参加上海交大密西根学院、巴黎卓越工程师学院、健康科学与技术等专业提前分流选拔）","材料学院,材料科学与工程专业。含:材料科学与工程-应用物理学双学士学位项目。与哈佛大学、牛津大学、西北大学等近20所海外一流高校以学期交换或3+1+X模式联合人才培养。8月可自愿申请参加上海交大密西根学院、巴黎卓越工程师学院、健康科学与技术等专业提前分流选拔",,,,,580,2684,,,,,,580,2684,,,,,,,,,本科,,,,,
8124875,上海,本科批,物理,,X3DD3D3,专业组Q3,上海交通大学,FA62,自然科学试验班（含:化学、化学工程与工艺、化学生物学、环境科学与工程、生物技术、生物工程、海洋科学（化学、生物与地质海洋）、药学、临床药学（五年制）专业。含:化学-材料科学与工程双学士学位项目）,含:化学、化学工程与工艺、化学生物学、环境科学与工程、生物技术、生物工程、海洋科学（化学、生物与地质海洋; 五年制,,,,,580,2684,,,,,,580,2684,,,,,,,,,本科,,,,,
8124876,上海,本科批,物理,,X3DD3D3,专业组Q2,上海交通大学,2C7C,"工科试验班类（海洋学院,海洋科学（物理海洋与观测技术）专业。8月可自愿申请参加上海交大密西根学院、巴黎卓越工程师学院、健康科学与技术等专业提前分流选拔）","海洋学院,海洋科学（物理海洋与观测技术",,,,,580,2684,,,,,,580,2684,,,,,,,,,本科,,,,,
8124877,上海,本科批,物理,,X3DD3D3,专业组Q2,上海交通大学,718D,船舶与海洋工程（船舶与海洋工程-数学与应用数学双学士学位班。与挪威科技大学、代尔夫特理工大学、新南威尔士大学、大阪大学、根特大学、巴黎高科等高校开展国际交流合作）,船舶与海洋工程-数学与应用数学双学士学位班。与挪威科技大学、代尔夫特理工大学、新南威尔士大学、大阪大学、根特大学、巴黎高科等高校开展国际交流合作,,,,,580,2684,,,,,,580,2684,,,,,,,,,本科,,,,,
8124878,上海,本科批,物理,,X3DD3D3,专业组01,上海交通大学,56B2,"人工智能（拔尖英才试点班。与上海市、上海人工智能实验室携手共建的特区学院,本科阶段符合条件者全部纳入致远工科荣誉计划与国智计划,实行本研贯通培养）","拔尖英才试点班。与上海市、上海人工智能实验室携手共建的特区学院,本科阶段符合条件者全部纳入致远工科荣誉计划与国智计划,实行本研贯通培养",,,,,580,2684,,,,,,580,2684,,,,,,,,,本科,,,,,
8124879,上海,本科批,物理,,X3DD3D3,专业组Q2,上海交通大学,FA1B,"工科试验班类（船建学院,海洋工程类专业。含:船舶与海洋工程-数学与应用数学双学士学位项目。含:交大-伯明翰2+2双学位项目（土木工程）、交大-巴黎高科4+2.5本硕联合培养项目（土木工程）以及学期交换项目如剑桥大学、帝国理工大学、加州大学、斯坦福大学、密西根大学、约翰斯·霍普金斯大学、挪威科技大学、代尔夫特理工大学、慕尼黑工大、新南威尔士大学、新加坡国立大学等。8月可自愿申请参加上海交大密西根学院、巴黎卓越工程师学院、健康科学与技术等专业提前分流选拔）","船建学院,海洋工程类专业。含:船舶与海洋工程-数学与应用数学双学士学位项目。含:交大-伯明翰2+2双学位项目（土木工程; 土木工程",,,,,580,2684,,,,,,580,2684,,,,,,,,,本科,,,,,
8124880,上海,本科批,物理,,X3DD3D3,专业组01,上海交通大学,4F4D,"电子信息类（IEEE试点班。美国电气和电子工程师协会授权批准的首个试点班,充分利用电子信息与电气工程学院和IEEE协会的教育科研资源开展办学。含:计算机科学与技术、信息工程、信息安全、自动化专业。含:电子信息类（IEEE试点班）-数学与应用数学双学士学位项目）","IEEE试点班。美国电气和电子工程师协会授权批准的首个试点班,充分利用电子信息与电气工程学院和IEEE协会的教育科研资源开展办学。含:计算机科学与技术、信息工程、信息安全、自动化专业。含:电子信息类（IEEE试点班",,,,,580,2684,,,,,,580,2684,,,,,,,,,本科,,,,,
8125877,上海,本科批,物理,,X4B039B,专业组03,苏州大学,4BF3,护理学,,,,,,534,11234,,,,,,534,11234,,,,,,,,,本科,,,,,
8125878,上海,本科批,物理,,X4B039B,专业组02,苏州大学,4574,运动康复,,,,,,542,9417,,,,,,542,9417,,,,,,,,,本科,,,,,
8125879,上海,本科批,物理,,X4B039B,专业组05,苏州大学,21BA,财政学,,,,,,547,8372,,,,,,547,8372,,,,,,,,,本科,,,,,
8125880,上海,本科批,物理,,X4B039B,专业组05,苏州大学,F5F4,建筑学（须具有一定的美术基础）,须具有一定的美术基础,,,,,547,8372,,,,,,547,8372,,,,,,,,,本科,,,,,
8125881,上海,本科批,物理,,X4B039B,专业组05,苏州大学,E6CB,社会工作,,,,,,548,8178,,,,,,548,8178,,,,,,,,,本科,,,,,
8125882,上海,本科批,物理,,X4B039B,专业组05,苏州大学,927B,法学,,,,,,549,7975,,,,,,549,7975,,,,,,,,,本科,,,,,
8125883,上海,本科批,物理,,X4B039B,专业组05,苏州大学,5D72,网络与新媒体,,,,,,550,7798,,,,,,550,7798,,,,,,,,,本科,,,,,
8125884,上海,本科批,物理,,X4B039B,专业组01,苏州大学,57D1,服装设计与工程,,,,,,550,7798,,,,,,550,7798,,,,,,,,,本科,,,,,
8125885,上海,本科批,物理,,X4B039B,专业组01,苏州大学,F89C,生物技术,,,,,,550,7798,,,,,,550,7798,,,,,,,,,本科,,,,,
8125886,上海,本科批,物理,,X4B039B,专业组01,苏州大学,10A0,药学,,,,,,550,7798,,,,,,550,7798,,,,,,,,,本科,,,,,
8125887,上海,本科批,物理,,X4B039B,专业组01,苏州大学,126D,数学类（含:数学与应用数学、数学与应用数学（师范）专业）,含:数学与应用数学、数学与应用数学（师范,,,,,551,7592,,,,,,551,7592,,,,,,,,,本科,,,,,
8125888,上海,本科批,物理,,X4B039B,专业组01,苏州大学,37A8,材料类（含:材料科学与工程、高分子材料与工程专业）,含:材料科学与工程、高分子材料与工程专业,,,,,551,7592,,,,,,551,7592,,,,,,,,,本科,,,,,
8125889,上海,本科批,物理,,X4B039B,专业组01,苏州大学,8684,智能制造工程,,,,,,551,7592,,,,,,551,7592,,,,,,,,,本科,,,,,
8125890,上海,本科批,物理,,X4B039B,专业组01,苏州大学,D06C,机械工程,,,,,,551,7592,,,,,,551,7592,,,,,,,,,本科,,,,,
8125891,上海,本科批,物理,,X4B039B,专业组01,苏州大学,4EA7,新能源材料与器件,,,,,,552,7412,,,,,,552,7412,,,,,,,,,本科,,,,,
8125892,上海,本科批,物理,,X4B039B,专业组04,苏州大学,D243,汉语言文学,,,,,,552,7412,,,,,,552,7412,,,,,,,,,本科,,,,,
8125893,上海,本科批,物理,,X4B039B,专业组04,苏州大学,AFF5,汉语言文学（师范类）,师范类,,,,,553,7218,,,,,,553,7218,,,,,,,,,本科,,,,,
8125894,上海,本科批,物理,,X4B039B,专业组01,苏州大学,A687,光电信息科学与工程,,,,,,554,7021,,,,,,554,7021,,,,,,,,,本科,,,,,
8125895,上海,本科批,物理,,X4B039B,专业组01,苏州大学,4718,数据科学与大数据技术,,,,,,554,7021,,,,,,554,7021,,,,,,,,,本科,,,,,
8125896,上海,本科批,物理,,X4B039B,专业组01,苏州大学,C2C5,智能测控工程,,,,,,554,7021,,,,,,554,7021,,,,,,,,,本科,,,,,
8126733,上海,本科批,物理,,X19375A,专业组Q4,重庆大学,B325,戏剧与影视学类（艺术类专业）（广播电视编导、戏剧影视文学、戏剧影视导演）,艺术类专业; 广播电视编导、戏剧影视文学、戏剧影视导演,,,,,543,9186,,,,,,543,9186,,,,,,,,,本科,,,,,
8126734,上海,本科批,物理,,X19375A,专业组03,重庆大学,A0BA,人文科学试验班（法学新闻类）（法学、新闻学、广播电视学）,法学新闻类; 法学、新闻学、广播电视学,,,,,556,6631,,,,,,556,6631,,,,,,,,,本科,,,,,
8126735,上海,本科批,物理,,X19375A,专业组02,重庆大学,4DFF,汉语言文学（博雅类，含中文、历史、哲学专业）,博雅类，含中文、历史、哲学专业,,,,,557,6458,,,,,,557,6458,,,,,,,,,本科,,,,,
8126736,上海,本科批,物理,,X19375A,专业组01,重庆大学,5721,理科试验班（数学物理类）（数学与应用数学、物理学、信息与计算科学、应用物理学、统计学）,数学物理类; 数学与应用数学、物理学、信息与计算科学、应用物理学、统计学,,,,,568,4499,,,,,,568,4499,,,,,,,,,本科,,,,,
8126737,上海,本科批,物理,,X19375A,专业组01,重庆大学,BA20,工科试验班（新工科类）（机器人工程、碳储科学与工程、储能科学与工程、智能感知工程、智能建造）,新工科类; 机器人工程、碳储科学与工程、储能科学与工程、智能感知工程、智能建造,,,,,569,4317,,,,,,569,4317,,,,,,,,,本科,,,,,
8126738,上海,本科批,物理,,X19375A,专业组01,重庆大学,E8EB,工科试验班（卓越工程师计划）（电气工程及其自动化等普通类四年制理工类专业）,卓越工程师计划; 电气工程及其自动化等普通类四年制理工类专业,,,,,570,4158,,,,,,570,4158,,,,,,,,,本科,,,,,
8126739,上海,本科批,物理,,X19375A,专业组01,重庆大学,5803,工科试验班（电气信息类）（电气工程及其自动化、通信工程、计算机科学与技术、软件工程、测控技术与仪器、自动化、人工智能、数据科学与大数据技术、集成电路设计与集成系统、信息安全、电子信息工程）,电气信息类; 电气工程及其自动化、通信工程、计算机科学与技术、软件工程、测控技术与仪器、自动化、人工智能、数据科学与大数据技术、集成电路设计与集成系统、信息安全、电子信息工程,,,,,570,4158,,,,,,570,4158,,,,,,,,,本科,,,,,
8127513,上海,本科批,物理,,X57341C,专业组02,华南理工大学,EF7C,工商管理类,,,,,,563,5356,,,,,,563,5356,,,,,,,,,本科,,,,,
8127514,上海,本科批,物理,,X57341C,专业组02,华南理工大学,C29F,经济学类,,,,,,565,5019,,,,,,565,5019,,,,,,,,,本科,,,,,
8127515,上海,本科批,物理,,X57341C,专业组01,华南理工大学,0976,工科试验班（智能装备与先进制造）,智能装备与先进制造,,,,,572,3846,,,,,,572,3846,,,,,,,,,本科,,,,,
8127516,上海,本科批,物理,,X57341C,专业组01,华南理工大学,4B2A,信息工程,,,,,,572,3846,,,,,,572,3846,,,,,,,,,本科,,,,,
8127517,上海,本科批,物理,,X57341C,专业组01,华南理工大学,B6D2,能源与动力工程（低碳与智慧能源实验班）,低碳与智慧能源实验班,,,,,573,3676,,,,,,573,3676,,,,,,,,,本科,,,,,
8127518,上海,本科批,物理,,X57341C,专业组01,华南理工大学,82E6,计算机类,,,,,,576,3250,,,,,,576,3250,,,,,,,,,本科,,,,,
8128427,上海,本科批,物理,,X7D745A,专业组02,郑州大学,A9C0,经济学类（含:经济学、金融学、国际经济与贸易专业）,含:经济学、金融学、国际经济与贸易专业,,,,,526,13085,,,,,,526,13085,,,,,,,,,本科,,,,,
8128428,上海,本科批,物理,,X7D745A,专业组03,郑州大学,F5D3,新闻传播学类（含:广告学、新闻学、网络与新媒体专业）,含:广告学、新闻学、网络与新媒体专业,,,,,527,12860,,,,,,527,12860,,,,,,,,,本科,,,,,
8128429,上海,本科批,物理,,X7D745A,专业组03,郑州大学,927B,法学,,,,,,530,12143,,,,,,530,12143,,,,,,,,,本科,,,,,
8128430,上海,本科批,物理,,X7D745A,专业组01,郑州大学,49F7,生物科学类（含:生物技术、生物信息学、植物科学与技术专业。色盲、色弱及单色识别不全者不取）,含:生物技术、生物信息学、植物科学与技术专业。色盲、色弱及单色识别不全者不取,,,,,535,10985,,,,,,535,10985,,,,,,,,,本科,,,,,
8128431,上海,本科批,物理,,X7D745A,专业组01,郑州大学,7F54,自动化类（含:电气工程及其自动化、自动化专业）,含:电气工程及其自动化、自动化专业,,,,,535,10985,,,,,,535,10985,,,,,,,,,本科,,,,,
8129332,上海,本科批,物理,,XAF64C5,专业组04,湖南大学,92AB,会计学（可分流至会计学、财务管理专业。体检要求详见学校招生章程）,可分流至会计学、财务管理专业。体检要求详见学校招生章程,,,,,553,7218,,,,,,553,7218,,,,,,,,,本科,,,,,
8129333,上海,本科批,物理,,XAF64C5,专业组04,湖南大学,5CC8,哲学,,,,,,553,7218,,,,,,553,7218,,,,,,,,,本科,,,,,
8129334,上海,本科批,物理,,XAF64C5,专业组04,湖南大学,C6EC,经济学类（含:经济学、财政学专业。体检要求详见学校招生章程）,含:经济学、财政学专业。体检要求详见学校招生章程,,,,,553,7218,,,,,,553,7218,,,,,,,,,本科,,,,,
8129335,上海,本科批,物理,,XAF64C5,专业组04,湖南大学,7C8A,国际经济与贸易（实验班）,实验班,,,,,554,7021,,,,,,554,7021,,,,,,,,,本科,,,,,
8129336,上海,本科批,物理,,XAF64C5,专业组04,湖南大学,4B0D,金融学（可分流至金融学、金融学（金融工程）专业）,可分流至金融学、金融学（金融工程,,,,,558,6285,,,,,,558,6285,,,,,,,,,本科,,,,,
8129337,上海,本科批,物理,,XAF64C5,专业组03,湖南大学,D243,汉语言文学,,,,,,560,5899,,,,,,560,5899,,,,,,,,,本科,,,,,
8129338,上海,本科批,物理,,XAF64C5,专业组03,湖南大学,4873,历史学,,,,,,561,5731,,,,,,561,5731,,,,,,,,,本科,,,,,
8129339,上海,本科批,物理,,XAF64C5,专业组02,湖南大学,BD59,金融科技,,,,,,563,5356,,,,,,563,5356,,,,,,,,,本科,,,,,
8129340,上海,本科批,物理,,XAF64C5,专业组01,湖南大学,8684,智能制造工程,,,,,,566,4841,,,,,,566,4841,,,,,,,,,本科,,,,,
8129341,上海,本科批,物理,,XAF64C5,专业组01,湖南大学,7049,工程力学（力学实验班）,力学实验班,,,,,567,4662,,,,,,567,4662,,,,,,,,,本科,,,,,
8129342,上海,本科批,物理,,XAF64C5,专业组01,湖南大学,289B,微电子科学与工程,,,,,,567,4662,,,,,,567,4662,,,,,,,,,本科,,,,,
8129343,上海,本科批,物理,,XAF64C5,专业组01,湖南大学,4C65,自动化,,,,,,567,4662,,,,,,567,4662,,,,,,,,,本科,,,,,
8129344,上海,本科批,物理,,XAF64C5,专业组01,湖南大学,F068,人工智能,,,,,,568,4499,,,,,,568,4499,,,,,,,,,本科,,,,,
8130181,上海,本科批,物理,,X2D8094,专业组02,深圳大学,25DE,国际经济与贸易,,,,,,535,10985,,,,,,535,10985,,,,,,,,,本科,,,,,
8130182,上海,本科批,物理,,X2D8094,专业组02,深圳大学,927B,法学,,,,,,536,10760,,,,,,536,10760,,,,,,,,,本科,,,,,
8130183,上海,本科批,物理,,X2D8094,专业组02,深圳大学,3739,广告学,,,,,,539,10069,,,,,,539,10069,,,,,,,,,本科,,,,,
8130184,上海,本科批,物理,,X2D8094,专业组01,深圳大学,93E3,电子信息工程,,,,,,549,7975,,,,,,549,7975,,,,,,,,,本科,,,,,
8130185,上海,本科批,物理,,X2D8094,专业组01,深圳大学,B9A5,计算机科学与技术,,,,,,549,7975,,,,,,549,7975,,,,,,,,,本科,,,,,
8130186,上海,本科批,物理,,X2D8094,专业组02,深圳大学,3908,建筑学（无色盲）,无色盲,,,,,551,7592,,,,,,551,7592,,,,,,,,,本科,,,,,
8131020,上海,本科批,物理,,X75B830,专业组03,西南交通大学,5525,环境工程（中外合作办学）,中外合作办学,,,,,525,13276,,,,,,525,13276,,,,,,,,,本科,,,,,
8131021,上海,本科批,物理,,X75B830,专业组03,西南交通大学,3200,安全工程（中外合作办学）,中外合作办学,,,,,526,13085,,,,,,526,13085,,,,,,,,,本科,,,,,
8131022,上海,本科批,物理,,X75B830,专业组04,西南交通大学,873B,土木工程（中外合作办学）,中外合作办学,,,,,535,10985,,,,,,535,10985,,,,,,,,,本科,,,,,
8131023,上海,本科批,物理,,X75B830,专业组04,西南交通大学,2ED5,材料科学与工程（中外合作办学）,中外合作办学,,,,,536,10760,,,,,,536,10760,,,,,,,,,本科,,,,,
8131024,上海,本科批,物理,,X75B830,专业组04,西南交通大学,EA4B,机械设计制造及其自动化（中外合作办学）,中外合作办学,,,,,536,10760,,,,,,536,10760,,,,,,,,,本科,,,,,
8131025,上海,本科批,物理,,X75B830,专业组02,西南交通大学,37FB,生物工程（中外合作办学）,中外合作办学,,,,,537,10538,,,,,,537,10538,,,,,,,,,本科,,,,,
8131026,上海,本科批,物理,,X75B830,专业组04,西南交通大学,9F2D,电子信息工程（中外合作办学）,中外合作办学,,,,,538,10306,,,,,,538,10306,,,,,,,,,本科,,,,,
8131027,上海,本科批,物理,,X75B830,专业组04,西南交通大学,4394,计算机科学与技术（中外合作办学）,中外合作办学,,,,,549,7975,,,,,,549,7975,,,,,,,,,本科,,,,,
8131028,上海,本科批,物理,,X75B830,专业组01,西南交通大学,82E6,计算机类,,,,,,551,7592,,,,,,551,7592,,,,,,,,,本科,,,,,
8131029,上海,本科批,物理,,X75B830,专业组01,西南交通大学,93E3,电子信息工程,,,,,,554,7021,,,,,,554,7021,,,,,,,,,本科,,,,,
8131944,上海,本科批,物理,,XF4CF3F,专业组03,青岛大学,D43F,西班牙语,,,,,,482,24080,,,,,,482,24080,,,,,,,,,本科,,,,,
8131945,上海,本科批,物理,,XF4CF3F,专业组03,青岛大学,927B,法学,,,,,,483,23814,,,,,,483,23814,,,,,,,,,本科,,,,,
8131946,上海,本科批,物理,,XF4CF3F,专业组03,青岛大学,A9F4,德语,,,,,,486,23040,,,,,,486,23040,,,,,,,,,本科,,,,,
8131947,上海,本科批,物理,,XF4CF3F,专业组02,青岛大学,6AB9,经济学,,,,,,492,21473,,,,,,492,21473,,,,,,,,,本科,,,,,
8131948,上海,本科批,物理,,XF4CF3F,专业组01,青岛大学,A5B7,电气工程及其自动化,,,,,,510,17049,,,,,,510,17049,,,,,,,,,本科,,,,,
8131949,上海,本科批,物理,,XF4CF3F,专业组01,青岛大学,B9A5,计算机科学与技术,,,,,,512,16483,,,,,,512,16483,,,,,,,,,本科,,,,,
8131950,上海,本科批,物理,,XF4CF3F,专业组01,青岛大学,A4C2,临床医学（无色盲、色弱）,无色盲、色弱,,,,,516,15485,,,,,,516,15485,,,,,,,,,本科,,,,,
8132644,上海,本科批,物理,,XB0510E,专业组04,复旦大学,07EB,"工科试验班（新工科微电子班。微电子科学与工程专业。国家级一流本科专业建设点,教育部双一流建设学科）","新工科微电子班。微电子科学与工程专业。国家级一流本科专业建设点,教育部双一流建设学科",,,,,580,2684,,,,,,580,2684,,,,,,,,,本科,,,,,
8132645,上海,本科批,物理,,XB0510E,专业组03,复旦大学,449C,"理科试验班（相辉学堂相辉计划,本博贯通。含:数学与应用数学、物理学、化学、生物科学专业。国家级一流本科专业建设点,教育部双一流建设学科;实施相辉学员荣誉培养制度,提供一人一策一生一导培养方案,自由分流）","相辉学堂相辉计划,本博贯通。含:数学与应用数学、物理学、化学、生物科学专业。国家级一流本科专业建设点,教育部双一流建设学科;实施相辉学员荣誉培养制度,提供一人一策一生一导培养方案,自由分流",,,,,580,2684,,,,,,580,2684,,,,,,,,,本科,,,,,
8132646,上海,本科批,物理,,XB0510E,专业组04,复旦大学,17FF,"工科试验班（智慧医药与芯片领军人才班,本研贯通。生物医学工程专业。国家级一流本科专业建设点。国际院士担任荣誉班主任,对标国际一流大学的课程体系,部分课程全英文授课;本硕（6年）、本博（8年）长学制培养;实施一对一的医院（医）医生和企业（工）导师的医工导师制）","智慧医药与芯片领军人才班,本研贯通。生物医学工程专业。国家级一流本科专业建设点。国际院士担任荣誉班主任,对标国际一流大学的课程体系,部分课程全英文授课;本硕（6年; 8年; 医; 工",,,,,580,2684,,,,,,580,2684,,,,,,,,,本科,,,,,
8132647,上海,本科批,物理,,XB0510E,专业组04,复旦大学,189F,"技术科学试验班（交叉科学类。含:材料物理、材料化学、电子科学与技术、环境科学、高分子材料与工程、心理学、理论与应用力学、飞行器设计与工程、大气科学专业。国家级一流本科专业建设点,教育部双一流建设学科;院系内自由分流）","交叉科学类。含:材料物理、材料化学、电子科学与技术、环境科学、高分子材料与工程、心理学、理论与应用力学、飞行器设计与工程、大气科学专业。国家级一流本科专业建设点,教育部双一流建设学科;院系内自由分流",,,,,580,2684,,,,,,580,2684,,,,,,,,,本科,,,,,
8132648,上海,本科批,物理,,XB0510E,专业组02,复旦大学,8E59,"新闻传播学类（卓越新闻人才计划。含:新闻学、广播电视学、传播学、广告学专业。国家级一流本科专业建设点,A+学科。含:伦敦政治经济学院、巴黎政治大学、密苏里大学、早稻田大学、墨尔本大学双学位项目）","卓越新闻人才计划。含:新闻学、广播电视学、传播学、广告学专业。国家级一流本科专业建设点,A+学科。含:伦敦政治经济学院、巴黎政治大学、密苏里大学、早稻田大学、墨尔本大学双学位项目",,,,,580,2684,,,,,,580,2684,,,,,,,,,本科,,,,,
8132649,上海,本科批,物理,,XB0510E,专业组04,复旦大学,71BA,"工科试验班（光子计划院士班,本研贯通。电子信息科学与技术专业。国家级一流本科专业建设点。10位院士指导团队,院士团队亲自遴选、亲自选题、亲自指导、亲自规划学生培养）","光子计划院士班,本研贯通。电子信息科学与技术专业。国家级一流本科专业建设点。10位院士指导团队,院士团队亲自遴选、亲自选题、亲自指导、亲自规划学生培养",,,,,580,2684,,,,,,580,2684,,,,,,,,,本科,,,,,
8132650,上海,本科批,物理,,XB0510E,专业组02,复旦大学,BFFF,"社会科学试验班（含:政治学与行政学、行政管理、国际政治、社会学、社会工作专业。国家级一流本科专业建设点,A类学科专业,教育部双一流建设学科,国家安全学交叉学科一级学科,上海高校一流学科）","含:政治学与行政学、行政管理、国际政治、社会学、社会工作专业。国家级一流本科专业建设点,A类学科专业,教育部双一流建设学科,国家安全学交叉学科一级学科,上海高校一流学科",,,,,580,2684,,,,,,580,2684,,,,,,,,,本科,,,,,
8132651,上海,本科批,物理,,XB0510E,专业组04,复旦大学,0492,"数学类（拔尖学生培养基地,本博贯通。含:数学与应用数学、信息与计算科学专业。国家级一流本科专业建设点,教育部双一流建设学科,A+学科,首批数学国家高层次人才培养中心。含:加州大学伯克利分校、加州大学洛杉矶分校、加州大学圣地亚哥分校、牛津大学、东京大学、京都大学、新加坡国立大学、香港大学等校交流项目）","拔尖学生培养基地,本博贯通。含:数学与应用数学、信息与计算科学专业。国家级一流本科专业建设点,教育部双一流建设学科,A+学科,首批数学国家高层次人才培养中心。含:加州大学伯克利分校、加州大学洛杉矶分校、加州大学圣地亚哥分校、牛津大学、东京大学、京都大学、新加坡国立大学、香港大学等校交流项目",,,,,580,2684,,,,,,580,2684,,,,,,,,,本科,,,,,
8132652,上海,本科批,物理,,XB0510E,专业组04,复旦大学,8CE0,"工科试验班（新工科本研贯通。含:智能科学与技术、微电子科学与工程、人工智能专业。国家级一流本科专业建设点,教育部双一流建设学科。含:加拿大多伦多大学联合培养本硕项目,瑞典皇家理工学院、布鲁塞尔自由大学联合培养项目。含:澳大利亚国立大学2+2双学位项目,美国芝加哥大学等暑期交流项目;自由分流）","新工科本研贯通。含:智能科学与技术、微电子科学与工程、人工智能专业。国家级一流本科专业建设点,教育部双一流建设学科。含:加拿大多伦多大学联合培养本硕项目,瑞典皇家理工学院、布鲁塞尔自由大学联合培养项目。含:澳大利亚国立大学2+2双学位项目,美国芝加哥大学等暑期交流项目;自由分流",,,,,580,2684,,,,,,580,2684,,,,,,,,,本科,,,,,
8132653,上海,本科批,物理,,XB0510E,专业组02,复旦大学,0E3D,"人文科学试验班（拔尖学生培养基地。含:中国语言文学类、历史学类、哲学类专业。国家级一流本科专业建设点,国家重点学科、教育部双一流建设学科;自由分流）","拔尖学生培养基地。含:中国语言文学类、历史学类、哲学类专业。国家级一流本科专业建设点,国家重点学科、教育部双一流建设学科;自由分流",,,,,580,2684,,,,,,580,2684,,,,,,,,,本科,,,,,
8132654,上海,本科批,物理,,XB0510E,专业组04,复旦大学,887F,"工科试验班（新工科电子信息班。含:智能科学与技术（智能信息与系统方向）、电子信息科学与技术、通信工程、生物医学工程、光电信息科学与工程专业。国家级一流本科专业建设点,电磁波信息科学教育部重点实验室、专用集成电路与系统国家重点实验室、光伏科学与技术全国重点实验室。含:加拿大多伦多大学联合培养本硕项目,瑞典皇家理工学院、布鲁塞尔自由大学联合培养项目;自由分流）",新工科电子信息班。含:智能科学与技术（智能信息与系统方向,,,,,580,2684,,,,,,580,2684,,,,,,,,,本科,,,,,
8132655,上海,本科批,物理,,XB0510E,专业组04,复旦大学,30F2,"工科试验班（新工科大数据班。数据科学与大数据技术专业。国家级一流本科专业建设点,全国高校首个大数据学院。含:普林斯顿大学、芝加哥大学、加州大学伯克利分校、墨尔本大学、新加坡国立大学、香港大学等校交流项目）","新工科大数据班。数据科学与大数据技术专业。国家级一流本科专业建设点,全国高校首个大数据学院。含:普林斯顿大学、芝加哥大学、加州大学伯克利分校、墨尔本大学、新加坡国立大学、香港大学等校交流项目",,,,,580,2684,,,,,,580,2684,,,,,,,,,本科,,,,,
8132656,上海,本科批,物理,,XB0510E,专业组01,复旦大学,5BB1,"经济学类（拔尖学生培养基地。含:经济学、经济学（数理经济方向拔尖项目）、经济学（国际项目UIPE）、金融学、国际经济与贸易（国际经济学）、国际经济与贸易（大数据-国际贸易双学位项目）、财政学、保险学专业。国家级一流本科专业建设点,教育部双一流建设学科。含:国际经济与贸易-数据科学与大数据技术双学士学位项目,含:本博贯通培养项目）",拔尖学生培养基地。含:经济学、经济学（数理经济方向拔尖项目; 国际项目UIPE; 国际经济学; 大数据-国际贸易双学位项目,,,,,580,2684,,,,,,580,2684,,,,,,,,,本科,,,,,
8132657,上海,本科批,物理,,XB0510E,专业组02,复旦大学,6F68,"法学（涉外法治拔尖人才班。国家级一流本科专业建设点,上海市一流学科（上海市重点学科）,教育部涉外法治人才协同培养创新基地。含:法学-经济双学士学位项目、卓越法律人才计划本科项目。含:美国哥伦比亚大学、康奈尔大学,加拿大麦吉尔大学,荷兰阿姆斯特丹大学,比利时鲁汶大学等校交流项目）","涉外法治拔尖人才班。国家级一流本科专业建设点,上海市一流学科（上海市重点学科",,,,,580,2684,,,,,,580,2684,,,,,,,,,本科,,,,,
8132658,上海,本科批,物理,,XB0510E,专业组04,复旦大学,0E18,"经济管理试验班（含:财务管理、工商管理、管理科学、信息管理与信息系统、会计学、市场营销、统计学专业。国家级一流本科专业建设点,设立二次选拔学术精英班;自由分流）","含:财务管理、工商管理、管理科学、信息管理与信息系统、会计学、市场营销、统计学专业。国家级一流本科专业建设点,设立二次选拔学术精英班;自由分流",,,,,580,2684,,,,,,580,2684,,,,,,,,,本科,,,,,
8132659,上海,本科批,物理,,XB0510E,专业组02,复旦大学,405C,"英语（含:英语、翻译专业。国家级一流本科专业建设点,教育部双一流建设学科）","含:英语、翻译专业。国家级一流本科专业建设点,教育部双一流建设学科",,,,,580,2684,,,,,,580,2684,,,,,,,,,本科,,,,,
8132660,上海,本科批,物理,,XB0510E,专业组04,复旦大学,F237,"计算机科学与技术（拔尖人才试验班,本研贯通。国家级一流本科专业建设点。含:澳大利亚国立大学2+2双学位项目,美国芝加哥大学等校暑期交流项目）","拔尖人才试验班,本研贯通。国家级一流本科专业建设点。含:澳大利亚国立大学2+2双学位项目,美国芝加哥大学等校暑期交流项目",,,,,580,2684,,,,,,580,2684,,,,,,,,,本科,,,,,
8132661,上海,本科批,物理,,XB0510E,专业组04,复旦大学,6B61,"自然科学试验班（拔尖学生培养基地,本博贯通。含:物理学、化学、能源化学、生物科学、生物技术、生态学专业。国家级一流本科专业建设点,教育部双一流建设学科;院系内自由分流）","拔尖学生培养基地,本博贯通。含:物理学、化学、能源化学、生物科学、生物技术、生态学专业。国家级一流本科专业建设点,教育部双一流建设学科;院系内自由分流",,,,,580,2684,,,,,,580,2684,,,,,,,,,本科,,,,,
8132662,上海,本科批,物理,,XB0510E,专业组04,复旦大学,8E48,"工科试验班（新工科计算机班。含:计算机科学与技术、信息安全、保密技术（国家保密学院）专业。国家级一流本科专业建设点。含:澳大利亚国立大学2+2双学位项目,美国芝加哥大学等暑期交流项目;自由分流）",新工科计算机班。含:计算机科学与技术、信息安全、保密技术（国家保密学院,,,,,580,2684,,,,,,580,2684,,,,,,,,,本科,,,,,
8132663,上海,本科批,物理,,XB0510E,专业组02,复旦大学,5A59,"法学（卓越法律人才基地。国家级一流本科专业建设点,上海市一流学科（上海市重点学科）。含:法学-经济双学士学位项目、卓越法律人才计划本科项目。含:美国哥伦比亚大学、康奈尔大学,加拿大麦吉尔大学,荷兰阿姆斯特丹大学,比利时鲁汶大学等校交流项目）","卓越法律人才基地。国家级一流本科专业建设点,上海市一流学科（上海市重点学科",,,,,580,2684,,,,,,580,2684,,,,,,,,,本科,,,,,
8133255,上海,本科批,物理,,X29EA39,专业组02,武汉理工大学,26E8,工商管理类（含:市场营销、人力资源管理、工商管理、会计学、创业管理专业）,含:市场营销、人力资源管理、工商管理、会计学、创业管理专业,,,,,533,11462,,,,,,533,11462,,,,,,,,,本科,,,,,
8133256,上海,本科批,物理,,X29EA39,专业组02,武汉理工大学,A9C0,经济学类（含:经济学、金融学、国际经济与贸易专业）,含:经济学、金融学、国际经济与贸易专业,,,,,536,10760,,,,,,536,10760,,,,,,,,,本科,,,,,
8133257,上海,本科批,物理,,X29EA39,专业组01,武汉理工大学,2B6E,材料类（含:材料成型及控制工程、材料科学与工程、材料物理、无机非金属材料工程、高分子材料与工程、复合材料与工程、新能源材料与器件、材料化学专业）,含:材料成型及控制工程、材料科学与工程、材料物理、无机非金属材料工程、高分子材料与工程、复合材料与工程、新能源材料与器件、材料化学专业,,,,,550,7798,,,,,,550,7798,,,,,,,,,本科,,,,,
8133258,上海,本科批,物理,,X29EA39,专业组01,武汉理工大学,7DBB,机械类（车辆方向。含:车辆工程、能源与动力工程（车辆）、汽车服务工程、储能科学与工程专业）,车辆方向。含:车辆工程、能源与动力工程（车辆,,,,,550,7798,,,,,,550,7798,,,,,,,,,本科,,,,,
8133259,上海,本科批,物理,,X29EA39,专业组01,武汉理工大学,9683,管理科学与工程类（大数据管理与安全科学方向。含:安全工程、应急管理、大数据管理与应用专业）,大数据管理与安全科学方向。含:安全工程、应急管理、大数据管理与应用专业,,,,,550,7798,,,,,,550,7798,,,,,,,,,本科,,,,,
8133260,上海,本科批,物理,,X29EA39,专业组01,武汉理工大学,7BC5,自动化类（含:电气工程及其自动化、自动化、机器人工程专业）,含:电气工程及其自动化、自动化、机器人工程专业,,,,,551,7592,,,,,,551,7592,,,,,,,,,本科,,,,,
8133261,上海,本科批,物理,,X29EA39,专业组01,武汉理工大学,7A8B,计算机类（含:计算机科学与技术、软件工程、数据科学与大数据技术、人工智能专业）,含:计算机科学与技术、软件工程、数据科学与大数据技术、人工智能专业,,,,,553,7218,,,,,,553,7218,,,,,,,,,本科,,,,,
8133262,上海,本科批,物理,,X29EA39,专业组01,武汉理工大学,0491,电子信息类（含:电子信息工程、电子科学与技术、通信工程、集成电路设计与集成系统、智能科学与技术专业）,含:电子信息工程、电子科学与技术、通信工程、集成电路设计与集成系统、智能科学与技术专业,,,,,553,7218,,,,,,553,7218,,,,,,,,,本科,,,,,
8133263,上海,本科批,物理,,X29EA39,专业组01,武汉理工大学,6E82,数学类（含:光电信息科学与工程、电子信息科学与技术、信息与计算科学、统计学、工程力学专业）,含:光电信息科学与工程、电子信息科学与技术、信息与计算科学、统计学、工程力学专业,,,,,554,7021,,,,,,554,7021,,,,,,,,,本科,,,,,
8134055,上海,本科批,物理,,X98A6C5,专业组02,天津大学,43A0,建筑类,,,,,,565,5019,,,,,,565,5019,,,,,,,,,本科,,,,,
8134056,上海,本科批,物理,,X98A6C5,专业组01,天津大学,D522,分子科学与工程（与南开大学合作办学）,与南开大学合作办学,,,,,572,3846,,,,,,572,3846,,,,,,,,,本科,,,,,
8134057,上海,本科批,物理,,X98A6C5,专业组01,天津大学,2942,工科试验班（化工能源与生命健康类。含:化学工程与工艺、生物工程、合成生物学、食品科学与工程、精细化工、制药工程、过程装备与控制工程专业）,化工能源与生命健康类。含:化学工程与工艺、生物工程、合成生物学、食品科学与工程、精细化工、制药工程、过程装备与控制工程专业,,,,,572,3846,,,,,,572,3846,,,,,,,,,本科,,,,,
8134058,上海,本科批,物理,,X98A6C5,专业组01,天津大学,E059,工科试验班（电子科学技术类。含:集成电路设计与集成系统、电子科学与技术（微电子）专业）,电子科学技术类。含:集成电路设计与集成系统、电子科学与技术（微电子,,,,,574,3531,,,,,,574,3531,,,,,,,,,本科,,,,,
8134059,上海,本科批,物理,,X98A6C5,专业组01,天津大学,E0CE,工科试验班,,,,,,577,3098,,,,,,577,3098,,,,,,,,,本科,,,,,
8134383,上海,本科批,物理,,X0A26EC,专业组01,东南大学,4F6A,电子信息类（含:信息工程、海洋信息工程、电子科学与技术专业）,含:信息工程、海洋信息工程、电子科学与技术专业,,,,,581,2552,,,,,,581,2552,,,,,,,,,本科,,,,,
8134384,上海,本科批,物理,,X0A26EC,专业组01,东南大学,29C0,计算机类（含:计算机科学与技术、软件工程、人工智能、网络空间安全专业）,含:计算机科学与技术、软件工程、人工智能、网络空间安全专业,,,,,581,2552,,,,,,581,2552,,,,,,,,,本科,,,,,
8134385,上海,本科批,物理,,X0A26EC,专业组01,东南大学,26B9,工科试验班（吴健雄班。含:信息工程等四年制理工科专业）,吴健雄班。含:信息工程等四年制理工科专业,,,,,581,2552,,,,,,581,2552,,,,,,,,,本科,,,,,
8134951,上海,本科批,物理,,X8E6053,专业组04,中国海洋大学,08A2,"法学（中外合作办学）（与美国亚利桑那大学罗杰斯法学院合办,4+02+23+1模式均可,非英语语种考生慎报）","中外合作办学; 与美国亚利桑那大学罗杰斯法学院合办,4+02+23+1模式均可,非英语语种考生慎报",,,,,543,9186,,,,,,543,9186,,,,,,,,,本科,,,,,
8134952,上海,本科批,物理,,X8E6053,专业组02,中国海洋大学,4024,新闻传播学类（含:新闻学、网络与新媒体专业）,含:新闻学、网络与新媒体专业,,,,,547,8372,,,,,,547,8372,,,,,,,,,本科,,,,,
8134953,上海,本科批,物理,,X8E6053,专业组02,中国海洋大学,25DE,国际经济与贸易,,,,,,548,8178,,,,,,548,8178,,,,,,,,,本科,,,,,
8134954,上海,本科批,物理,,X8E6053,专业组01,中国海洋大学,7F99,食品科学与工程类（含:食品科学与工程、食品营养与健康专业）,含:食品科学与工程、食品营养与健康专业,,,,,551,7592,,,,,,551,7592,,,,,,,,,本科,,,,,
8134955,上海,本科批,物理,,X8E6053,专业组01,中国海洋大学,10A0,药学,,,,,,552,7412,,,,,,552,7412,,,,,,,,,本科,,,,,
8134956,上海,本科批,物理,,X8E6053,专业组03,中国海洋大学,273E,"数学与应用数学（中外合作办学）（与澳大利亚阿德莱德大学合办,4+02+23+2模式均可,非英语语种考生慎报）","中外合作办学; 与澳大利亚阿德莱德大学合办,4+02+23+2模式均可,非英语语种考生慎报",,,,,556,6631,,,,,,556,6631,,,,,,,,,本科,,,,,
8134957,上海,本科批,物理,,X8E6053,专业组01,中国海洋大学,D088,生物科学类（含:生态学、生物技术、生物科学专业。设有基础学科拔尖计划2.0基地）,含:生态学、生物技术、生物科学专业。设有基础学科拔尖计划2.0基地,,,,,556,6631,,,,,,556,6631,,,,,,,,,本科,,,,,
8134958,上海,本科批,物理,,X8E6053,专业组01,中国海洋大学,C9F7,计算机类（含:计算机科学与技术、智能科学与技术、数据科学与大数据技术、网络空间安全、软件工程、保密技术专业）,含:计算机科学与技术、智能科学与技术、数据科学与大数据技术、网络空间安全、软件工程、保密技术专业,,,,,558,6285,,,,,,558,6285,,,,,,,,,本科,,,,,
8134959,上海,本科批,物理,,X8E6053,专业组01,中国海洋大学,6799,海洋科学（设有基础学科拔尖计划2.0基地）,设有基础学科拔尖计划2.0基地,,,,,562,5544,,,,,,562,5544,,,,,,,,,本科,,,,,
8135788,上海,本科批,物理,,X648016,专业组Q4,同济大学,C227,护理学（入学后原则上不实行校内转专业政策）,入学后原则上不实行校内转专业政策,,,,,541,9624,,,,,,541,9624,,,,,,,,,本科,,,,,
8135789,上海,本科批,物理,,X648016,专业组Q5,同济大学,3656,康复物理治疗（入学后原则上不实行校内转专业政策）,入学后原则上不实行校内转专业政策,,,,,549,7975,,,,,,549,7975,,,,,,,,,本科,,,,,
8135790,上海,本科批,物理,,X648016,专业组Q3,同济大学,3E9C,广播电视编导（该专业授予艺术学学士学位）,该专业授予艺术学学士学位,,,,,565,5019,,,,,,565,5019,,,,,,,,,本科,,,,,
8135791,上海,本科批,物理,,X648016,专业组02,同济大学,E6D3,人文科学试验班（含:传播学、德语、英语、日语、哲学、文化产业管理、汉语言文学专业。含:双学位培养项目:德语-政治学与行政学、法学-英语、德语-法学）,含:传播学、德语、英语、日语、哲学、文化产业管理、汉语言文学专业。含:双学位培养项目:德语-政治学与行政学、法学-英语、德语-法学,,,,,576,3250,,,,,,576,3250,,,,,,,,,本科,,,,,
8135792,上海,本科批,物理,,X648016,专业组02,同济大学,2B6E,会计学（会计学（智能会计）。含:双学位培养项目:环境科学-会计学）,会计学（智能会计,,,,,576,3250,,,,,,576,3250,,,,,,,,,本科,,,,,
8135793,上海,本科批,物理,,X648016,专业组02,同济大学,2421,物流管理（物流管理（智慧物流与供应链））,物流管理（智慧物流与供应链,,,,,578,2962,,,,,,578,2962,,,,,,,,,本科,,,,,
8135794,上海,本科批,物理,,X648016,专业组02,同济大学,69C4,法学（含:双学位培养项目:法学-英语、德语-法学、土木工程-法学）,含:双学位培养项目:法学-英语、德语-法学、土木工程-法学,,,,,578,2962,,,,,,578,2962,,,,,,,,,本科,,,,,
8135795,上海,本科批,物理,,X648016,专业组01,同济大学,20E4,"理科试验班（含:数学与应用数学、统计学、应用物理学、工程力学、材料科学与工程、海洋科学专业。含:双学位培养项目:金融学-数学、光电信息科学与工程-应用物理学、微电子科学与工程-应用物理学、土木工程-数学、环境工程-数学、交通工程-数学、测绘工程-应用物理学、能源与动力工程-应用化学。含:物理学、数学、力学拔尖学生培养基地,海洋科学、先进材料拔尖班）","含:数学与应用数学、统计学、应用物理学、工程力学、材料科学与工程、海洋科学专业。含:双学位培养项目:金融学-数学、光电信息科学与工程-应用物理学、微电子科学与工程-应用物理学、土木工程-数学、环境工程-数学、交通工程-数学、测绘工程-应用物理学、能源与动力工程-应用化学。含:物理学、数学、力学拔尖学生培养基地,海洋科学、先进材料拔尖班",,,,,580,2684,,,,,,580,2684,,,,,,,,,本科,,,,,
8135796,上海,本科批,物理,,X648016,专业组01,同济大学,25E7,工科试验班（智能化制造与新能源类。含:新能源材料与器件、机械设计制造及其自动化、能源与动力工程、智能制造工程、飞行器制造工程、建筑环境与能源应用工程专业。含:双学位培养项目:能源与动力工程-应用化学）,智能化制造与新能源类。含:新能源材料与器件、机械设计制造及其自动化、能源与动力工程、智能制造工程、飞行器制造工程、建筑环境与能源应用工程专业。含:双学位培养项目:能源与动力工程-应用化学,,,,,580,2684,,,,,,580,2684,,,,,,,,,本科,,,,,
8135797,上海,本科批,物理,,X648016,专业组01,同济大学,946B,工科试验班（信息与智能网联类。含:计算机科学与技术、信息安全、数据科学与大数据技术、电气工程及其自动化、自动化、通信工程、人工智能、微电子科学与工程、软件工程、交通工程、交通运输、车辆工程（汽车）、车辆工程、测绘工程、光电信息科学与工程专业。含:双学位培养项目:光电信息科学与工程-应用物理学、微电子科学与工程-应用物理学、测绘工程-应用物理学、视觉传达设计-人工智能、交通工程-数学与应用数学。含:计算机科学拔尖学生培养基地。分流专业中软件工程专业三、四年级收费标准为16000元/年）,信息与智能网联类。含:计算机科学与技术、信息安全、数据科学与大数据技术、电气工程及其自动化、自动化、通信工程、人工智能、微电子科学与工程、软件工程、交通工程、交通运输、车辆工程（汽车,,,,,580,2684,,,,,,580,2684,,,,,,,,,本科,,,,,
8135798,上海,本科批,物理,,X648016,专业组01,同济大学,A7A7,工科试验班（城市、建筑与创意设计类。含:建筑学（五年制）、历史建筑保护工程、城乡规划（五年制）、风景园林、城市设计、工业设计专业。无色盲、色弱）,城市、建筑与创意设计类。含:建筑学（五年制; 五年制,,,,,580,2684,,,,,,580,2684,,,,,,,,,本科,,,,,
8135799,上海,本科批,物理,,X648016,专业组01,同济大学,7300,经济管理试验班（含:信息管理与信息系统（商务数据分析）、工程管理（数智工程管理、智慧运维与资产管理）、金融学专业。含:双学位培养项目:金融学-数学与应用数学）,含:信息管理与信息系统（商务数据分析; 数智工程管理、智慧运维与资产管理,,,,,580,2684,,,,,,580,2684,,,,,,,,,本科,,,,,
8135800,上海,本科批,物理,,X648016,专业组01,同济大学,5EC5,"工科试验班（国豪精英班。工科拔尖创新人才培养计划,含:未来技术学院（人工智能+领域培养）。所有工科专业任选,本研贯通培养）","国豪精英班。工科拔尖创新人才培养计划,含:未来技术学院（人工智能+领域培养",,,,,580,2684,,,,,,580,2684,,,,,,,,,本科,,,,,
8136422,上海,本科批,物理,,XCF1E4A,专业组02,大连理工大学,E78C,"机械设计制造及其自动化（中外合作办学）（与美国加州大学欧文分校合作办学。部分课程采用英语授课,非英语语种考生慎报）","中外合作办学; 与美国加州大学欧文分校合作办学。部分课程采用英语授课,非英语语种考生慎报",,,,,568,4499,,,,,,568,4499,,,,,,,,,本科,,,,,
8136423,上海,本科批,物理,,XCF1E4A,专业组01,大连理工大学,0672,"人工智能（未来技术班。智能+工程高保研率培养:低年级人工智能通识培养,高年级按学生意愿向人工智能、智能车辆、智能制造工程、精细化工、智能建造、生物工程专业分流。各专业均等设置保研名额,符合条件全员保研）","未来技术班。智能+工程高保研率培养:低年级人工智能通识培养,高年级按学生意愿向人工智能、智能车辆、智能制造工程、精细化工、智能建造、生物工程专业分流。各专业均等设置保研名额,符合条件全员保研",,,,,573,3676,,,,,,573,3676,,,,,,,,,本科,,,,,
8136424,上海,本科批,物理,,XCF1E4A,专业组01,大连理工大学,0CED,"人工智能（新工科大师班。高保研率培养,全校专业任选。专业确认后按专业标准收费。硕博阶段专业可随导师科研方向）","新工科大师班。高保研率培养,全校专业任选。专业确认后按专业标准收费。硕博阶段专业可随导师科研方向",,,,,575,3392,,,,,,575,3392,,,,,,,,,本科,,,,,
8137015,上海,本科批,物理,,X0FFD97,专业组02,西安交通大学,0E92,建筑学（中外合作办学）（与意大利米兰理工合作办学）,中外合作办学; 与意大利米兰理工合作办学,,,,,562,5544,,,,,,562,5544,,,,,,,,,本科,,,,,
8137016,上海,本科批,物理,,X0FFD97,专业组02,西安交通大学,2F48,工业设计（中外合作办学）（与意大利米兰理工合作办学）,中外合作办学; 与意大利米兰理工合作办学,,,,,565,5019,,,,,,565,5019,,,,,,,,,本科,,,,,
8137017,上海,本科批,物理,,X0FFD97,专业组01,西安交通大学,E9A1,工科试验班（航天航空类。含:飞行器设计与工程、飞行器动力工程、工程力学专业）,航天航空类。含:飞行器设计与工程、飞行器动力工程、工程力学专业,,,,,579,2831,,,,,,579,2831,,,,,,,,,本科,,,,,
8137018,上海,本科批,物理,,X0FFD97,专业组01,西安交通大学,45AA,理科试验班（数学类。含:数学与应用数学、信息与计算科学、统计学专业）,数学类。含:数学与应用数学、信息与计算科学、统计学专业,,,,,579,2831,,,,,,579,2831,,,,,,,,,本科,,,,,
8137019,上海,本科批,物理,,X0FFD97,专业组01,西安交通大学,E3D0,工科试验班（电气类。含:电气工程及其自动化、能源互联网工程专业）,电气类。含:电气工程及其自动化、能源互联网工程专业,,,,,579,2831,,,,,,579,2831,,,,,,,,,本科,,,,,
8137020,上海,本科批,物理,,X0FFD97,专业组01,西安交通大学,1D8D,理科试验班（物理类。含:材料物理、光电信息科学与工程、应用物理学专业）,物理类。含:材料物理、光电信息科学与工程、应用物理学专业,,,,,579,2831,,,,,,579,2831,,,,,,,,,本科,,,,,
8137021,上海,本科批,物理,,X0FFD97,专业组01,西安交通大学,FE15,工科试验班（智慧能源类。含:能源与动力工程、能源与动力工程（热流国际班）、新能源科学与工程、核工程与核技术、环境工程专业）,智慧能源类。含:能源与动力工程、能源与动力工程（热流国际班,,,,,579,2831,,,,,,579,2831,,,,,,,,,本科,,,,,
8137022,上海,本科批,物理,,X0FFD97,专业组01,西安交通大学,4C65,自动化,,,,,,579,2831,,,,,,579,2831,,,,,,,,,本科,,,,,
8137023,上海,本科批,物理,,X0FFD97,专业组01,西安交通大学,4B2A,信息工程,,,,,,579,2831,,,,,,579,2831,,,,,,,,,本科,,,,,
8137024,上海,本科批,物理,,X0FFD97,专业组01,西安交通大学,289B,微电子科学与工程,,,,,,579,2831,,,,,,579,2831,,,,,,,,,本科,,,,,
8137025,上海,本科批,物理,,X0FFD97,专业组01,西安交通大学,03F4,工科试验班（计算机科学技术类。含:计算机科学与技术、网络空间安全、物联网工程专业）,计算机科学技术类。含:计算机科学与技术、网络空间安全、物联网工程专业,,,,,580,2684,,,,,,580,2684,,,,,,,,,本科,,,,,
8137833,上海,本科批,物理,,X72DF07,专业组01,北京邮电大学,E451,信息与计算科学（中外合作办学）,中外合作办学,,,,,557,6458,,,,,,557,6458,,,,,,,,,本科,,,,,
8137834,上海,本科批,物理,,X72DF07,专业组01,北京邮电大学,FACC,数字媒体技术（中外合作办学）,中外合作办学,,,,,559,6102,,,,,,559,6102,,,,,,,,,本科,,,,,
8137835,上海,本科批,物理,,X72DF07,专业组02,北京邮电大学,620F,电信工程及管理（中外合作办学）,中外合作办学,,,,,569,4317,,,,,,569,4317,,,,,,,,,本科,,,,,
8137836,上海,本科批,物理,,X72DF07,专业组02,北京邮电大学,A7B5,物联网工程（中外合作办学）,中外合作办学,,,,,570,4158,,,,,,570,4158,,,,,,,,,本科,,,,,
8137837,上海,本科批,物理,,X72DF07,专业组01,北京邮电大学,39A0,理科试验班（信息科学方向。含:数学与应用数学、信息与计算科学、应用物理学专业）,信息科学方向。含:数学与应用数学、信息与计算科学、应用物理学专业,,,,,571,3998,,,,,,571,3998,,,,,,,,,本科,,,,,
8137838,上海,本科批,物理,,X72DF07,专业组01,北京邮电大学,1603,通信工程（大类招生。含:通信工程、电子信息工程、空间信息与数字技术专业）,大类招生。含:通信工程、电子信息工程、空间信息与数字技术专业,,,,,571,3998,,,,,,571,3998,,,,,,,,,本科,,,,,
8137839,上海,本科批,物理,,X72DF07,专业组01,北京邮电大学,67DB,"软件工程（部分课程采用英语授课,建议非英语语种考生慎报。后两年学费为16000元/年）","部分课程采用英语授课,建议非英语语种考生慎报。后两年学费为16000元/年",,,,,571,3998,,,,,,571,3998,,,,,,,,,本科,,,,,
8137840,上海,本科批,物理,,X72DF07,专业组01,北京邮电大学,CB37,人工智能（大类招生。含:信息工程、人工智能、智能医学工程专业）,大类招生。含:信息工程、人工智能、智能医学工程专业,,,,,571,3998,,,,,,571,3998,,,,,,,,,本科,,,,,
8137841,上海,本科批,物理,,X72DF07,专业组01,北京邮电大学,41CF,数字媒体技术,,,,,,571,3998,,,,,,571,3998,,,,,,,,,本科,,,,,
8137842,上海,本科批,物理,,X72DF07,专业组01,北京邮电大学,E362,电子信息类（含:电子信息科学与技术、电子科学与技术、光电信息科学与工程、集成电路设计与集成系统专业）,含:电子信息科学与技术、电子科学与技术、光电信息科学与工程、集成电路设计与集成系统专业,,,,,572,3846,,,,,,572,3846,,,,,,,,,本科,,,,,
8137843,上海,本科批,物理,,X72DF07,专业组01,北京邮电大学,AD2D,计算机类（含:计算机科学与技术、网络工程、数据科学与大数据技术专业）,含:计算机科学与技术、网络工程、数据科学与大数据技术专业,,,,,572,3846,,,,,,572,3846,,,,,,,,,本科,,,,,
8137844,上海,本科批,物理,,X72DF07,专业组02,北京邮电大学,1752,计算机类（元班。未来学院元班实验班。含:计算机科学与技术、网络空间安全专业）,元班。未来学院元班实验班。含:计算机科学与技术、网络空间安全专业,,,,,577,3098,,,,,,577,3098,,,,,,,,,本科,,,,,
8137845,上海,本科批,物理,,X72DF07,专业组02,北京邮电大学,BF81,电子信息类（元班。未来学院元班实验班。含:通信工程、电子科学与技术专业）,元班。未来学院元班实验班。含:通信工程、电子科学与技术专业,,,,,577,3098,,,,,,577,3098,,,,,,,,,本科,,,,,
8138619,上海,本科批,物理,,XC84358,专业组03,暨南大学,8B36,翻译,,,,,,534,11234,,,,,,534,11234,,,,,,,,,本科,,,,,
8138620,上海,本科批,物理,,XC84358,专业组03,暨南大学,D278,会计学（全英语教学）,全英语教学,,,,,535,10985,,,,,,535,10985,,,,,,,,,本科,,,,,
8138621,上海,本科批,物理,,XC84358,专业组03,暨南大学,A615,汉语国际教育,,,,,,535,10985,,,,,,535,10985,,,,,,,,,本科,,,,,
8138622,上海,本科批,物理,,XC84358,专业组03,暨南大学,04A0,工商管理,,,,,,536,10760,,,,,,536,10760,,,,,,,,,本科,,,,,
8138623,上海,本科批,物理,,XC84358,专业组03,暨南大学,A378,国际新闻与传播（全英语教学）,全英语教学,,,,,537,10538,,,,,,537,10538,,,,,,,,,本科,,,,,
8138624,上海,本科批,物理,,XC84358,专业组02,暨南大学,D681,信息管理与信息系统,,,,,,539,10069,,,,,,539,10069,,,,,,,,,本科,,,,,
8138625,上海,本科批,物理,,XC84358,专业组01,暨南大学,52FD,应用化学,,,,,,540,9848,,,,,,540,9848,,,,,,,,,本科,,,,,
8138626,上海,本科批,物理,,XC84358,专业组01,暨南大学,A687,光电信息科学与工程,,,,,,541,9624,,,,,,541,9624,,,,,,,,,本科,,,,,
8138627,上海,本科批,物理,,XC84358,专业组01,暨南大学,A5B7,电气工程及其自动化,,,,,,542,9417,,,,,,542,9417,,,,,,,,,本科,,,,,
8138628,上海,本科批,物理,,XC84358,专业组01,暨南大学,5E49,食品科学与工程,,,,,,545,8758,,,,,,545,8758,,,,,,,,,本科,,,,,
8138629,上海,本科批,物理,,XC84358,专业组01,暨南大学,729F,口腔医学（无色盲、色弱）,无色盲、色弱,,,,,554,7021,,,,,,554,7021,,,,,,,,,本科,,,,,
8139530,上海,本科批,物理,,X14AAB9,专业组02,南昌大学,0FBC,金融学,,,,,,522,14026,,,,,,522,14026,,,,,,,,,本科,,,,,
8139531,上海,本科批,物理,,X14AAB9,专业组01,南昌大学,0541,生物科学,,,,,,534,11234,,,,,,534,11234,,,,,,,,,本科,,,,,
8139532,上海,本科批,物理,,X14AAB9,专业组01,南昌大学,A5B7,电气工程及其自动化,,,,,,535,10985,,,,,,535,10985,,,,,,,,,本科,,,,,
8139533,上海,本科批,物理,,X14AAB9,专业组03,南昌大学,375B,临床医学（中外合作办学）（中英合作双学位）,中外合作办学; 中英合作双学位,,,,,548,8178,,,,,,548,8178,,,,,,,,,本科,,,,,
8140438,上海,本科批,物理,,XC70C34,专业组03,长安大学,1C21,工商管理类（含:工商管理、市场营销、会计学专业）,含:工商管理、市场营销、会计学专业,,,,,520,14532,,,,,,520,14532,,,,,,,,,本科,,,,,
8140439,上海,本科批,物理,,XC70C34,专业组03,长安大学,5AAE,新闻传播学类（含:新闻学、汉语言文学专业）,含:新闻学、汉语言文学专业,,,,,521,14281,,,,,,521,14281,,,,,,,,,本科,,,,,
8140440,上海,本科批,物理,,XC70C34,专业组02,长安大学,FA1A,经济学类（含:经济统计学、国际经济与贸易专业）,含:经济统计学、国际经济与贸易专业,,,,,524,13538,,,,,,524,13538,,,,,,,,,本科,,,,,
8140441,上海,本科批,物理,,XC70C34,专业组01,长安大学,A5B7,电气工程及其自动化,,,,,,539,10069,,,,,,539,10069,,,,,,,,,本科,,,,,
8140442,上海,本科批,物理,,XC70C34,专业组01,长安大学,CEDE,道路桥梁与渡河工程,,,,,,539,10069,,,,,,539,10069,,,,,,,,,本科,,,,,
8140443,上海,本科批,物理,,XC70C34,专业组01,长安大学,3557,能源与动力工程,,,,,,539,10069,,,,,,539,10069,,,,,,,,,本科,,,,,
8140444,上海,本科批,物理,,XC70C34,专业组01,长安大学,2980,智能车辆工程,,,,,,541,9624,,,,,,541,9624,,,,,,,,,本科,,,,,
8140445,上海,本科批,物理,,XC70C34,专业组01,长安大学,7113,计算机类（含:计算机科学与技术、软件工程、物联网工程专业）,含:计算机科学与技术、软件工程、物联网工程专业,,,,,541,9624,,,,,,541,9624,,,,,,,,,本科,,,,,
8141341,上海,本科批,物理,,X33871B,专业组05,江南大学,E87F,"工商管理（中外合作办学）（第四学年赴澳大利亚蒙纳士大学学习,国外学习阶段学费按协议执行）","中外合作办学; 第四学年赴澳大利亚蒙纳士大学学习,国外学习阶段学费按协议执行",,,,,531,11919,,,,,,531,11919,,,,,,,,,本科,,,,,
8141342,上海,本科批,物理,,X33871B,专业组03,江南大学,25DE,国际经济与贸易,,,,,,535,10985,,,,,,535,10985,,,,,,,,,本科,,,,,
8141343,上海,本科批,物理,,X33871B,专业组03,江南大学,88B2,英语（涉外法治人才卓越创新班）,涉外法治人才卓越创新班,,,,,535,10985,,,,,,535,10985,,,,,,,,,本科,,,,,
8141344,上海,本科批,物理,,X33871B,专业组04,江南大学,C566,"食品科学与工程（中外合作办学）（第四学年赴新西兰梅西大学学习,国外学习阶段学费按协议执行）","中外合作办学; 第四学年赴新西兰梅西大学学习,国外学习阶段学费按协议执行",,,,,536,10760,,,,,,536,10760,,,,,,,,,本科,,,,,
8141345,上海,本科批,物理,,X33871B,专业组03,江南大学,4145,英语,,,,,,536,10760,,,,,,536,10760,,,,,,,,,本科,,,,,
8141346,上海,本科批,物理,,X33871B,专业组03,江南大学,79F4,日语（涉外法治人才卓越创新班）,涉外法治人才卓越创新班,,,,,537,10538,,,,,,537,10538,,,,,,,,,本科,,,,,
8141347,上海,本科批,物理,,X33871B,专业组03,江南大学,927B,法学,,,,,,539,10069,,,,,,539,10069,,,,,,,,,本科,,,,,
8141348,上海,本科批,物理,,X33871B,专业组03,江南大学,5E19,会计学,,,,,,539,10069,,,,,,539,10069,,,,,,,,,本科,,,,,
8141349,上海,本科批,物理,,X33871B,专业组02,江南大学,8336,食品营养与健康,,,,,,543,9186,,,,,,543,9186,,,,,,,,,本科,,,,,
8141350,上海,本科批,物理,,X33871B,专业组02,江南大学,53B9,食品质量与安全,,,,,,544,8973,,,,,,544,8973,,,,,,,,,本科,,,,,
8141351,上海,本科批,物理,,X33871B,专业组02,江南大学,5E49,食品科学与工程,,,,,,545,8758,,,,,,545,8758,,,,,,,,,本科,,,,,
8141352,上海,本科批,物理,,X33871B,专业组01,江南大学,29F4,物联网工程,,,,,,545,8758,,,,,,545,8758,,,,,,,,,本科,,,,,
8141353,上海,本科批,物理,,X33871B,专业组01,江南大学,E347,工业设计,,,,,,548,8178,,,,,,548,8178,,,,,,,,,本科,,,,,
8142026,上海,本科批,物理,,X008AE5,专业组02,浙江大学,43FD,社会科学试验班（智能财务荣誉项目班。会计学专业）,智能财务荣誉项目班。会计学专业,,,,,580,2684,,,,,,580,2684,,,,,,,,,本科,,,,,
8142027,上海,本科批,物理,,X008AE5,专业组02,浙江大学,F613,"社会科学试验班（含:数字金融双学士学位项目。含:经济学、财政学、金融学、国际经济与贸易、教育学、会计学、工商管理、社会学、农林经济管理、行政管理、劳动与社会保障、土地资源管理、法学专业,含:金融学-数学与应用数学双学士学位项目）","含:数字金融双学士学位项目。含:经济学、财政学、金融学、国际经济与贸易、教育学、会计学、工商管理、社会学、农林经济管理、行政管理、劳动与社会保障、土地资源管理、法学专业,含:金融学-数学与应用数学双学士学位项目",,,,,580,2684,,,,,,580,2684,,,,,,,,,本科,,,,,
8142028,上海,本科批,物理,,X008AE5,专业组01,浙江大学,569C,人工智能（荣誉项目班）,荣誉项目班,,,,,580,2684,,,,,,580,2684,,,,,,,,,本科,,,,,
8142029,上海,本科批,物理,,X008AE5,专业组01,浙江大学,53D9,工科试验班（信息。含:计算机科学与技术、信息安全、软件工程、工业设计、光电信息科学与工程、电子科学与技术、微电子科学与工程、信息工程、自动化、生物医学工程专业。工业设计专业致力于人工智能与工业设计的融合创新）,信息。含:计算机科学与技术、信息安全、软件工程、工业设计、光电信息科学与工程、电子科学与技术、微电子科学与工程、信息工程、自动化、生物医学工程专业。工业设计专业致力于人工智能与工业设计的融合创新,,,,,580,2684,,,,,,580,2684,,,,,,,,,本科,,,,,
8142030,上海,本科批,物理,,X008AE5,专业组01,浙江大学,3D8F,工科试验班（竺可桢学院图灵班。计算机科学与技术专业）,竺可桢学院图灵班。计算机科学与技术专业,,,,,580,2684,,,,,,580,2684,,,,,,,,,本科,,,,,
8142031,上海,本科批,物理,,X008AE5,专业组01,浙江大学,2AA7,"理科试验班类（含:商务大数据分析双学士学位项目。含:数学与应用数学、信息与计算科学、统计学、物理学、心理学、信息管理与信息系统专业,含:信息管理与信息系统-统计学双学士学位项目）","含:商务大数据分析双学士学位项目。含:数学与应用数学、信息与计算科学、统计学、物理学、心理学、信息管理与信息系统专业,含:信息管理与信息系统-统计学双学士学位项目",,,,,580,2684,,,,,,580,2684,,,,,,,,,本科,,,,,
8142032,上海,本科批,物理,,X008AE5,专业组02,浙江大学,DD2A,社会科学试验班（竺可桢学院人文社科实验班。含:经济学、财政学、金融学、国际经济与贸易、教育学、会计学、工商管理、社会学、农林经济管理、行政管理、劳动与社会保障、土地资源管理、法学专业）,竺可桢学院人文社科实验班。含:经济学、财政学、金融学、国际经济与贸易、教育学、会计学、工商管理、社会学、农林经济管理、行政管理、劳动与社会保障、土地资源管理、法学专业,,,,,580,2684,,,,,,580,2684,,,,,,,,,本科,,,,,
8142530,上海,本科批,物理,,XC4AFB0,专业组03,哈尔滨工业大学,A097,"大数据管理与应用（中外合作办学）（与法国里昂商学院合作。学生入学后不得转专业,4+0培养）","中外合作办学; 与法国里昂商学院合作。学生入学后不得转专业,4+0培养",,,,,567,4662,,,,,,567,4662,,,,,,,,,本科,,,,,
8142531,上海,本科批,物理,,XC4AFB0,专业组02,哈尔滨工业大学,CB0D,"应用物理学（中外合作办学）（与俄罗斯圣彼得堡国立大学合作。学生入学后不得转专业,4+0培养）","中外合作办学; 与俄罗斯圣彼得堡国立大学合作。学生入学后不得转专业,4+0培养",,,,,568,4499,,,,,,568,4499,,,,,,,,,本科,,,,,
8142532,上海,本科批,物理,,XC4AFB0,专业组01,哈尔滨工业大学,FD62,"工科试验班（院士特色班、未来技术拔尖班。含:自动化、集成电路设计与集成系统、智能视觉工程、飞行器设计与工程、智能装备与系统、人工智能、机器人工程、计算机科学与技术、通信工程、电子信息工程、数据科学与大数据技术、大数据管理与应用、智能感知工程、仿生科学与工程、焊接技术与工程、电子封装技术专业。未来技术学院培养、书院制管理,采用一生一策拔尖培养）","院士特色班、未来技术拔尖班。含:自动化、集成电路设计与集成系统、智能视觉工程、飞行器设计与工程、智能装备与系统、人工智能、机器人工程、计算机科学与技术、通信工程、电子信息工程、数据科学与大数据技术、大数据管理与应用、智能感知工程、仿生科学与工程、焊接技术与工程、电子封装技术专业。未来技术学院培养、书院制管理,采用一生一策拔尖培养",,,,,586,1980,,,,,,586,1980,,,,,,,,,本科,,,,,
8143046,上海,本科批,物理,,XD2092B,专业组02,扬州大学,DB75,广播电视学,,,,,,501,19243,,,,,,501,19243,,,,,,,,,本科,,,,,
8143047,上海,本科批,物理,,XD2092B,专业组02,扬州大学,04A0,工商管理,,,,,,501,19243,,,,,,501,19243,,,,,,,,,本科,,,,,
8143048,上海,本科批,物理,,XD2092B,专业组02,扬州大学,A615,汉语国际教育,,,,,,505,18290,,,,,,505,18290,,,,,,,,,本科,,,,,
8143049,上海,本科批,物理,,XD2092B,专业组02,扬州大学,6AB9,经济学,,,,,,507,17795,,,,,,507,17795,,,,,,,,,本科,,,,,
8143050,上海,本科批,物理,,XD2092B,专业组02,扬州大学,927B,法学,,,,,,509,17313,,,,,,509,17313,,,,,,,,,本科,,,,,
8143051,上海,本科批,物理,,XD2092B,专业组01,扬州大学,7E23,环境工程,,,,,,513,16250,,,,,,513,16250,,,,,,,,,本科,,,,,
8143052,上海,本科批,物理,,XD2092B,专业组01,扬州大学,5B8B,高分子材料与工程,,,,,,514,15979,,,,,,514,15979,,,,,,,,,本科,,,,,
8143053,上海,本科批,物理,,XD2092B,专业组01,扬州大学,91CE,水文与水资源工程,,,,,,515,15734,,,,,,515,15734,,,,,,,,,本科,,,,,
8143054,上海,本科批,物理,,XD2092B,专业组01,扬州大学,B8DA,数学与应用数学（师范类）,师范类,,,,,515,15734,,,,,,515,15734,,,,,,,,,本科,,,,,
8143055,上海,本科批,物理,,XD2092B,专业组01,扬州大学,F89C,生物技术,,,,,,515,15734,,,,,,515,15734,,,,,,,,,本科,,,,,
8143056,上海,本科批,物理,,XD2092B,专业组01,扬州大学,93E3,电子信息工程,,,,,,518,15023,,,,,,518,15023,,,,,,,,,本科,,,,,
8143057,上海,本科批,物理,,XD2092B,专业组01,扬州大学,4D44,给排水科学与工程,,,,,,518,15023,,,,,,518,15023,,,,,,,,,本科,,,,,
8143058,上海,本科批,物理,,XD2092B,专业组01,扬州大学,0325,动物医学,,,,,,519,14753,,,,,,519,14753,,,,,,,,,本科,,,,,
8143059,上海,本科批,物理,,XD2092B,专业组02,扬州大学,AFF5,汉语言文学（师范类）,师范类,,,,,522,14026,,,,,,522,14026,,,,,,,,,本科,,,,,
8143060,上海,本科批,物理,,XD2092B,专业组01,扬州大学,B694,生物制药,,,,,,524,13538,,,,,,524,13538,,,,,,,,,本科,,,,,
8143061,上海,本科批,物理,,XD2092B,专业组01,扬州大学,A5B7,电气工程及其自动化,,,,,,524,13538,,,,,,524,13538,,,,,,,,,本科,,,,,
8143923,上海,本科批,物理,,XE1AD8D,专业组02,成都理工大学,8B36,翻译,,,,,,474,26034,,,,,,474,26034,,,,,,,,,本科,,,,,
8143924,上海,本科批,物理,,XE1AD8D,专业组02,成都理工大学,9301,新闻传播学类,,,,,,475,25819,,,,,,475,25819,,,,,,,,,本科,,,,,
8143925,上海,本科批,物理,,XE1AD8D,专业组02,成都理工大学,09EE,市场营销,,,,,,476,25541,,,,,,476,25541,,,,,,,,,本科,,,,,
8143926,上海,本科批,物理,,XE1AD8D,专业组02,成都理工大学,04A0,工商管理,,,,,,480,24562,,,,,,480,24562,,,,,,,,,本科,,,,,
8143927,上海,本科批,物理,,XE1AD8D,专业组02,成都理工大学,5E19,会计学,,,,,,483,23814,,,,,,483,23814,,,,,,,,,本科,,,,,
8143928,上海,本科批,物理,,XE1AD8D,专业组01,成都理工大学,B9A5,计算机科学与技术,,,,,,513,16250,,,,,,513,16250,,,,,,,,,本科,,,,,
8144782,上海,本科批,物理,,XD7DC5B,专业组02,西北工业大学,6CBB,高分子材料与工程（中外合作办学）,中外合作办学,,,,,565,5019,,,,,,565,5019,,,,,,,,,本科,,,,,
8144783,上海,本科批,物理,,XD7DC5B,专业组02,西北工业大学,2ED5,材料科学与工程（中外合作办学）,中外合作办学,,,,,566,4841,,,,,,566,4841,,,,,,,,,本科,,,,,
8144784,上海,本科批,物理,,XD7DC5B,专业组01,西北工业大学,8771,海洋工程类（智慧海洋试验班。含:船舶与海洋工程、水声工程、信息工程、海洋工程与技术专业）,智慧海洋试验班。含:船舶与海洋工程、水声工程、信息工程、海洋工程与技术专业,,,,,573,3676,,,,,,573,3676,,,,,,,,,本科,,,,,
8144785,上海,本科批,物理,,XD7DC5B,专业组01,西北工业大学,1266,电子信息类（含:电子科学与技术、电子信息工程、探测制导与控制技术、通信工程专业）,含:电子科学与技术、电子信息工程、探测制导与控制技术、通信工程专业,,,,,573,3676,,,,,,573,3676,,,,,,,,,本科,,,,,
8144786,上海,本科批,物理,,XD7DC5B,专业组01,西北工业大学,D69D,航空航天类（民用航空方向。含:飞行器设计与工程、飞行器控制与信息工程专业）,民用航空方向。含:飞行器设计与工程、飞行器控制与信息工程专业,,,,,573,3676,,,,,,573,3676,,,,,,,,,本科,,,,,
8144787,上海,本科批,物理,,XD7DC5B,专业组01,西北工业大学,4277,计算机类（含:计算机科学与技术、物联网工程、数据科学与大数据技术、人工智能、智能交互设计专业）,含:计算机科学与技术、物联网工程、数据科学与大数据技术、人工智能、智能交互设计专业,,,,,575,3392,,,,,,575,3392,,,,,,,,,本科,,,,,
8144788,上海,本科批,物理,,XD7DC5B,专业组01,西北工业大学,99C2,航空航天类（航天方向。含:飞行器设计与工程、飞行器动力工程、飞行器控制与信息工程、航空航天工程专业）,航天方向。含:飞行器设计与工程、飞行器动力工程、飞行器控制与信息工程、航空航天工程专业,,,,,575,3392,,,,,,575,3392,,,,,,,,,本科,,,,,
8144789,上海,本科批,物理,,XD7DC5B,专业组01,西北工业大学,A2D9,能源动力类（航空动力与新能源试验班。含:飞行器动力工程、能源与动力工程专业）,航空动力与新能源试验班。含:飞行器动力工程、能源与动力工程专业,,,,,575,3392,,,,,,575,3392,,,,,,,,,本科,,,,,
8144790,上海,本科批,物理,,XD7DC5B,专业组01,西北工业大学,47CD,海洋工程类（黄震中海洋班。含:船舶与海洋工程、水声工程、信息工程专业）,黄震中海洋班。含:船舶与海洋工程、水声工程、信息工程专业,,,,,576,3250,,,,,,576,3250,,,,,,,,,本科,,,,,
8144791,上海,本科批,物理,,XD7DC5B,专业组01,西北工业大学,049B,航空航天类（航空方向。含:飞行器设计与工程、飞行器控制与信息工程、航空航天工程专业）,航空方向。含:飞行器设计与工程、飞行器控制与信息工程、航空航天工程专业,,,,,578,2962,,,,,,578,2962,,,,,,,,,本科,,,,,
8144792,上海,本科批,物理,,XD7DC5B,专业组01,西北工业大学,3462,航空航天类（智慧三航本研衔接班。含:飞行器设计与工程、计算机科学与技术专业）,智慧三航本研衔接班。含:飞行器设计与工程、计算机科学与技术专业,,,,,580,2684,,,,,,580,2684,,,,,,,,,本科,,,,,
8144793,上海,本科批,物理,,XD7DC5B,专业组01,西北工业大学,DD96,航空航天类（黄玉珊航空班。含:飞行器设计与工程专业）,黄玉珊航空班。含:飞行器设计与工程专业,,,,,580,2684,,,,,,580,2684,,,,,,,,,本科,,,,,
8145578,上海,本科批,物理,,XD8D78E,专业组02,哈尔滨工程大学,9A75,土木工程（中外合作办学）（与英国阿伯丁大学合作办学。3+1培养）,中外合作办学; 与英国阿伯丁大学合作办学。3+1培养,,,,,543,9186,,,,,,543,9186,,,,,,,,,本科,,,,,
8145579,上海,本科批,物理,,XD8D78E,专业组02,哈尔滨工程大学,9421,机械设计制造及其自动化（中外合作办学）（与英国斯旺西大学合作办学。3+1培养）,中外合作办学; 与英国斯旺西大学合作办学。3+1培养,,,,,551,7592,,,,,,551,7592,,,,,,,,,本科,,,,,
8145580,上海,本科批,物理,,XD8D78E,专业组01,哈尔滨工程大学,5D88,海洋工程类（含:船舶与海洋工程、港口航道与海岸工程、海洋机器人专业）,含:船舶与海洋工程、港口航道与海岸工程、海洋机器人专业,,,,,556,6631,,,,,,556,6631,,,,,,,,,本科,,,,,
8145581,上海,本科批,物理,,XD8D78E,专业组01,哈尔滨工程大学,8684,智能制造工程,,,,,,556,6631,,,,,,556,6631,,,,,,,,,本科,,,,,
8145582,上海,本科批,物理,,XD8D78E,专业组01,哈尔滨工程大学,9FB3,自动化类（含:自动化、电气工程及其自动化、测控技术与仪器、探测制导与控制技术、机器人工程、人工智能专业）,含:自动化、电气工程及其自动化、测控技术与仪器、探测制导与控制技术、机器人工程、人工智能专业,,,,,559,6102,,,,,,559,6102,,,,,,,,,本科,,,,,
8145583,上海,本科批,物理,,XD8D78E,专业组01,哈尔滨工程大学,2805,计算机类（含:计算机科学与技术、信息安全专业。单色异常者不取）,含:计算机科学与技术、信息安全专业。单色异常者不取,,,,,562,5544,,,,,,562,5544,,,,,,,,,本科,,,,,
8146247,上海,本科批,物理,,X00A4E9,专业组04,河南大学,94A8,工商管理（国家级一流本科专业建设点）,国家级一流本科专业建设点,,,,,482,24080,,,,,,482,24080,,,,,,,,,本科,,,,,
8146248,上海,本科批,物理,,X00A4E9,专业组04,河南大学,120C,翻译（国家级一流本科专业建设点）,国家级一流本科专业建设点,,,,,482,24080,,,,,,482,24080,,,,,,,,,本科,,,,,
8146249,上海,本科批,物理,,X00A4E9,专业组04,河南大学,A410,"公共管理类（含:行政管理、劳动与社会保障专业,均为国家级一流本科专业建设点）","含:行政管理、劳动与社会保障专业,均为国家级一流本科专业建设点",,,,,484,23553,,,,,,484,23553,,,,,,,,,本科,,,,,
8146250,上海,本科批,物理,,X00A4E9,专业组04,河南大学,2EE9,应用心理学（师范类。国家级一流本科专业建设点）,师范类。国家级一流本科专业建设点,,,,,484,23553,,,,,,484,23553,,,,,,,,,本科,,,,,
8146251,上海,本科批,物理,,X00A4E9,专业组01,河南大学,C088,"生物科学（师范类。国家级一流本科专业建设点。入学后,按照学校拔尖创新人才培养实验班建设管理办法及依托专业具体要求,开展生物科学明德计划实验班选拔培养工作）","师范类。国家级一流本科专业建设点。入学后,按照学校拔尖创新人才培养实验班建设管理办法及依托专业具体要求,开展生物科学明德计划实验班选拔培养工作",,,,,486,23040,,,,,,486,23040,,,,,,,,,本科,,,,,
8146252,上海,本科批,物理,,X00A4E9,专业组04,河南大学,E6A1,教育学（国家级一流本科专业建设点）,国家级一流本科专业建设点,,,,,487,22781,,,,,,487,22781,,,,,,,,,本科,,,,,
8146253,上海,本科批,物理,,X00A4E9,专业组05,河南大学,A2A0,软件工程（国家级一流本科专业建设点）,国家级一流本科专业建设点,,,,,488,22514,,,,,,488,22514,,,,,,,,,本科,,,,,
8146254,上海,本科批,物理,,X00A4E9,专业组04,河南大学,A078,"经济学类（含:经济学、金融学、财政学、国际经济与贸易专业。经济学、金融学、财政学均为国家级一流本科专业建设点。入学后,按照学校拔尖创新人才培养实验班建设管理办法及依托专业具体要求,开展经济学明德计划实验班选拔培养工作）","含:经济学、金融学、财政学、国际经济与贸易专业。经济学、金融学、财政学均为国家级一流本科专业建设点。入学后,按照学校拔尖创新人才培养实验班建设管理办法及依托专业具体要求,开展经济学明德计划实验班选拔培养工作",,,,,493,21226,,,,,,493,21226,,,,,,,,,本科,,,,,
8146255,上海,本科批,物理,,X00A4E9,专业组01,河南大学,A252,"数学类（含:数学与应用数学（师范）、统计学、金融数学、信息与计算科学专业。数学与应用数学（师范）、统计学、金融数学均为国家级一流本科专业建设点。入学后,按照学校拔尖创新人才培养实验班建设管理办法及依托专业具体要求,开展数学与应用数学明德计划实验班选拔培养工作）",含:数学与应用数学（师范; 师范,,,,,497,20203,,,,,,497,20203,,,,,,,,,本科,,,,,
8146256,上海,本科批,物理,,X00A4E9,专业组03,河南大学,0A60,"地理科学类（含:地理信息科学、人文地理与城乡规划、地理科学（师范）专业。人文地理与城乡规划、地理科学（师范）专业为国家级一流本科专业建设点。入学后,按照学校拔尖创新人才培养实验班建设管理办法及依托专业具体要求,开展地理科学明德计划实验班选拔培养工作）",含:地理信息科学、人文地理与城乡规划、地理科学（师范; 师范,,,,,499,19729,,,,,,499,19729,,,,,,,,,本科,,,,,
8146257,上海,本科批,物理,,X00A4E9,专业组04,河南大学,9E3B,会计学（国家级一流本科专业建设点）,国家级一流本科专业建设点,,,,,499,19729,,,,,,499,19729,,,,,,,,,本科,,,,,
8146258,上海,本科批,物理,,X00A4E9,专业组04,河南大学,107D,"法学（国家级一流本科专业建设点。入学后,按照学校拔尖创新人才培养实验班建设管理办法及依托专业具体要求,开展法学卓越计划实验班选拔培养工作）","国家级一流本科专业建设点。入学后,按照学校拔尖创新人才培养实验班建设管理办法及依托专业具体要求,开展法学卓越计划实验班选拔培养工作",,,,,499,19729,,,,,,499,19729,,,,,,,,,本科,,,,,
8146259,上海,本科批,物理,,X00A4E9,专业组02,河南大学,6C3F,"中国语言文学类（师范类。含:汉语言文学、汉语国际教育专业,均为国家级一流本科专业建设点。入学后,按照学校拔尖创新人才培养实验班建设管理办法及依托专业具体要求,开展汉语言文学明德计划实验班选拔培养工作）","师范类。含:汉语言文学、汉语国际教育专业,均为国家级一流本科专业建设点。入学后,按照学校拔尖创新人才培养实验班建设管理办法及依托专业具体要求,开展汉语言文学明德计划实验班选拔培养工作",,,,,506,18067,,,,,,506,18067,,,,,,,,,本科,,,,,
8146983,上海,本科批,物理,,X5CD4F8,专业组01,东北大学,7B2E,"计算机类（含:软件工程、信息安全、数字媒体技术专业。入学后部分课程采用英文教材和英语授课,非英语语种考生慎报。原则上只招填报有该专业志愿的考生。学费前两年为5200元/年,后两年为16000元/年）","含:软件工程、信息安全、数字媒体技术专业。入学后部分课程采用英文教材和英语授课,非英语语种考生慎报。原则上只招填报有该专业志愿的考生。学费前两年为5200元/年,后两年为16000元/年",,,,,565,5019,,,,,,565,5019,,,,,,,,,本科,,,,,
8146984,上海,本科批,物理,,X5CD4F8,专业组01,东北大学,8684,智能制造工程,,,,,,565,5019,,,,,,565,5019,,,,,,,,,本科,,,,,
8146985,上海,本科批,物理,,X5CD4F8,专业组01,东北大学,E962,机械类（含:机械工程、过程装备与控制工程、车辆工程、工业设计专业）,含:机械工程、过程装备与控制工程、车辆工程、工业设计专业,,,,,565,5019,,,,,,565,5019,,,,,,,,,本科,,,,,
8147740,上海,本科批,物理,,X7817F5,专业组01,西安电子科技大学,27BA,"计算机类（含:计算机科学与技术、软件工程专业。其中软件工程专业大三、大四按学分计,每学分不超过400元,总学分不高于80学分）","含:计算机科学与技术、软件工程专业。其中软件工程专业大三、大四按学分计,每学分不超过400元,总学分不高于80学分",,,,,571,3998,,,,,,571,3998,,,,,,,,,本科,,,,,
8147741,上海,本科批,物理,,X7817F5,专业组01,西安电子科技大学,8CDE,计算机类（智能方向。含:人工智能、智能科学与技术专业）,智能方向。含:人工智能、智能科学与技术专业,,,,,571,3998,,,,,,571,3998,,,,,,,,,本科,,,,,
8147742,上海,本科批,物理,,X7817F5,专业组01,西安电子科技大学,0339,电子信息类（电子工程方向。含:电子信息工程、信息对抗技术、遥感科学与技术、电磁场与无线技术专业）,电子工程方向。含:电子信息工程、信息对抗技术、遥感科学与技术、电磁场与无线技术专业,,,,,571,3998,,,,,,571,3998,,,,,,,,,本科,,,,,
8147743,上海,本科批,物理,,X7817F5,专业组01,西安电子科技大学,8676,电子信息类（通信方向。含:通信工程、信息工程、空间信息与数字技术专业）,通信方向。含:通信工程、信息工程、空间信息与数字技术专业,,,,,572,3846,,,,,,572,3846,,,,,,,,,本科,,,,,
8147744,上海,本科批,物理,,X7817F5,专业组01,西安电子科技大学,6988,电子信息类（集成电路方向。含:微电子科学与工程、集成电路设计与集成系统专业）,集成电路方向。含:微电子科学与工程、集成电路设计与集成系统专业,,,,,572,3846,,,,,,572,3846,,,,,,,,,本科,,,,,
8148481,上海,本科批,物理,,XA92DCD,专业组04,南华大学,8B36,翻译,,,,,,435,35341,,,,,,435,35341,,,,,,,,,本科,,,,,
8148482,上海,本科批,物理,,XA92DCD,专业组04,南华大学,4154,电子商务,,,,,,436,35127,,,,,,436,35127,,,,,,,,,本科,,,,,
8148483,上海,本科批,物理,,XA92DCD,专业组04,南华大学,25DE,国际经济与贸易,,,,,,437,34923,,,,,,437,34923,,,,,,,,,本科,,,,,
8148484,上海,本科批,物理,,XA92DCD,专业组02,南华大学,4A2C,物流工程,,,,,,440,34239,,,,,,440,34239,,,,,,,,,本科,,,,,
8148485,上海,本科批,物理,,XA92DCD,专业组04,南华大学,6AB9,经济学,,,,,,441,33999,,,,,,441,33999,,,,,,,,,本科,,,,,
8148486,上海,本科批,物理,,XA92DCD,专业组01,南华大学,4ECE,土木工程,,,,,,451,31665,,,,,,451,31665,,,,,,,,,本科,,,,,
8148487,上海,本科批,物理,,XA92DCD,专业组01,南华大学,78FF,机械设计制造及其自动化,,,,,,451,31665,,,,,,451,31665,,,,,,,,,本科,,,,,
8148488,上海,本科批,物理,,XA92DCD,专业组03,南华大学,4BF3,护理学,,,,,,459,29755,,,,,,459,29755,,,,,,,,,本科,,,,,
8148489,上海,本科批,物理,,XA92DCD,专业组01,南华大学,DAD6,核工程类（含:核工程与核技术（含:卓越工程师班）、辐射防护与核安全、核化工与核燃料工程专业）,含:核工程与核技术（含:卓越工程师班,,,,,477,25299,,,,,,477,25299,,,,,,,,,本科,,,,,
8149430,上海,本科批,物理,,X3F0F52,专业组02,南京航空航天大学,5E92,交通运输（中外合作办学）（机场运行与管理方向。填报要求详见学校招生章程）,中外合作办学; 机场运行与管理方向。填报要求详见学校招生章程,,,,,559,6102,,,,,,559,6102,,,,,,,,,本科,,,,,
8149431,上海,本科批,物理,,X3F0F52,专业组01,南京航空航天大学,7DF6,交通运输（空中交通管制与签派方向。填报要求详见学校招生章程）,空中交通管制与签派方向。填报要求详见学校招生章程,,,,,567,4662,,,,,,567,4662,,,,,,,,,本科,,,,,
8149432,上海,本科批,物理,,X3F0F52,专业组01,南京航空航天大学,26A7,车辆工程,,,,,,567,4662,,,,,,567,4662,,,,,,,,,本科,,,,,
8149433,上海,本科批,物理,,X3F0F52,专业组01,南京航空航天大学,D06C,机械工程,,,,,,567,4662,,,,,,567,4662,,,,,,,,,本科,,,,,
8149434,上海,本科批,物理,,X3F0F52,专业组01,南京航空航天大学,0619,飞行器适航技术（填报要求详见学校招生章程）,填报要求详见学校招生章程,,,,,568,4499,,,,,,568,4499,,,,,,,,,本科,,,,,
8149435,上海,本科批,物理,,X3F0F52,专业组01,南京航空航天大学,4C65,自动化,,,,,,568,4499,,,,,,568,4499,,,,,,,,,本科,,,,,
8149436,上海,本科批,物理,,X3F0F52,专业组01,南京航空航天大学,312C,电子信息类（含:电子信息科学与技术、信息工程专业）,含:电子信息科学与技术、信息工程专业,,,,,569,4317,,,,,,569,4317,,,,,,,,,本科,,,,,
8149437,上海,本科批,物理,,X3F0F52,专业组01,南京航空航天大学,9CB3,航空航天类（含:飞行器设计与工程、飞行器环境与生命保障工程、飞行器动力工程、飞行器制造工程、航空航天工程、飞行器控制与信息工程专业）,含:飞行器设计与工程、飞行器环境与生命保障工程、飞行器动力工程、飞行器制造工程、航空航天工程、飞行器控制与信息工程专业,,,,,569,4317,,,,,,569,4317,,,,,,,,,本科,,,,,
8150294,上海,本科批,物理,,X88D82D,专业组03,兰州大学,93D5,工商管理类（含:会计学、人力资源管理、市场营销、信息管理与信息系统、行政管理专业）,含:会计学、人力资源管理、市场营销、信息管理与信息系统、行政管理专业,,,,,539,10069,,,,,,539,10069,,,,,,,,,本科,,,,,
8150295,上海,本科批,物理,,X88D82D,专业组03,兰州大学,1D3A,新闻传播学类（含:新闻学、广告学专业）,含:新闻学、广告学专业,,,,,541,9624,,,,,,541,9624,,,,,,,,,本科,,,,,
8150296,上海,本科批,物理,,X88D82D,专业组03,兰州大学,B41B,经济学类（含:经济学、金融学、国际经济与贸易、金融工程专业）,含:经济学、金融学、国际经济与贸易、金融工程专业,,,,,544,8973,,,,,,544,8973,,,,,,,,,本科,,,,,
8150297,上海,本科批,物理,,X88D82D,专业组02,兰州大学,D243,汉语言文学,,,,,,546,8561,,,,,,546,8561,,,,,,,,,本科,,,,,
8150298,上海,本科批,物理,,X88D82D,专业组01,兰州大学,9BB1,计算机类（含:计算机科学与技术、信息安全、数据科学与大数据技术专业）,含:计算机科学与技术、信息安全、数据科学与大数据技术专业,,,,,555,6832,,,,,,555,6832,,,,,,,,,本科,,,,,
8150299,上海,本科批,物理,,X88D82D,专业组01,兰州大学,33D8,材料类（含:材料物理、材料化学、功能材料、新能源材料与器件专业）,含:材料物理、材料化学、功能材料、新能源材料与器件专业,,,,,557,6458,,,,,,557,6458,,,,,,,,,本科,,,,,
8150300,上海,本科批,物理,,X88D82D,专业组01,兰州大学,97D0,临床医学,,,,,,557,6458,,,,,,557,6458,,,,,,,,,本科,,,,,
8150301,上海,本科批,物理,,X88D82D,专业组01,兰州大学,A640,电子信息类（含:电子信息科学与技术、通信工程、人工智能专业）,含:电子信息科学与技术、通信工程、人工智能专业,,,,,559,6102,,,,,,559,6102,,,,,,,,,本科,,,,,
8150302,上海,本科批,物理,,X88D82D,专业组01,兰州大学,3BA4,数学类（含:数学与应用数学（基地班）、数学与应用数学、信息与计算科学、统计学专业）,含:数学与应用数学（基地班,,,,,559,6102,,,,,,559,6102,,,,,,,,,本科,,,,,
8150303,上海,本科批,物理,,X88D82D,专业组01,兰州大学,21C7,物理学类（含:物理学、微电子科学与工程专业）,含:物理学、微电子科学与工程专业,,,,,561,5731,,,,,,561,5731,,,,,,,,,本科,,,,,
8151104,上海,本科批,物理,,X968B58,专业组02,南开大学,34DE,"金融学类（含:金融学、保险学（保险与精算方向）专业。本专业大类内专业任选。含:数字金融、金融国际学术特色班等培养项目,及金融学、保险学、金融工程和精算学等国家级一流本科专业）",含:金融学、保险学（保险与精算方向,,,,,571,3998,,,,,,571,3998,,,,,,,,,本科,,,,,
8151105,上海,本科批,物理,,X968B58,专业组02,南开大学,398B,"经济学类（含:经济学、国际经济与贸易、财政学、商务经济学专业。本专业大类内专业任选。含:经管法班等特色人才培养项目。大类内均为国家级一流本科专业建设点,并新增数字经济新专业）","含:经济学、国际经济与贸易、财政学、商务经济学专业。本专业大类内专业任选。含:经管法班等特色人才培养项目。大类内均为国家级一流本科专业建设点,并新增数字经济新专业",,,,,571,3998,,,,,,571,3998,,,,,,,,,本科,,,,,
8151106,上海,本科批,物理,,X968B58,专业组01,南开大学,A35B,"理科试验班（数学与大数据方向。含:数学与应用数学、信息与计算科学、数据科学、统计学专业。本专业大类内专业任选。含:加州大学伯克利分校等海外交流项目,以及与威斯康星大学麦迪逊分校、伊利诺伊大学厄巴纳-香槟分校等海外名校的3+2联合培养项目）","数学与大数据方向。含:数学与应用数学、信息与计算科学、数据科学、统计学专业。本专业大类内专业任选。含:加州大学伯克利分校等海外交流项目,以及与威斯康星大学麦迪逊分校、伊利诺伊大学厄巴纳-香槟分校等海外名校的3+2联合培养项目",,,,,580,2684,,,,,,580,2684,,,,,,,,,本科,,,,,
8151107,上海,本科批,物理,,X968B58,专业组01,南开大学,AEA5,"理科试验班（物质科学与可持续发展方向。含:化学、应用化学、化学生物学、新能源科学与工程、分子科学与工程、生物科学、生物技术、环境科学、环境工程、资源循环科学与工程、药学、药物化学、材料物理、材料化学专业。本专业大类内专业任选。开展海外实验室深度体验计划,资助优秀学生去哈佛大学、麻省理工学院、牛津大学、剑桥大学等名校进行科研训练）","物质科学与可持续发展方向。含:化学、应用化学、化学生物学、新能源科学与工程、分子科学与工程、生物科学、生物技术、环境科学、环境工程、资源循环科学与工程、药学、药物化学、材料物理、材料化学专业。本专业大类内专业任选。开展海外实验室深度体验计划,资助优秀学生去哈佛大学、麻省理工学院、牛津大学、剑桥大学等名校进行科研训练",,,,,580,2684,,,,,,580,2684,,,,,,,,,本科,,,,,
8151108,上海,本科批,物理,,X968B58,专业组01,南开大学,A234,"工科试验班（信息科学与技术方向。含:计算机科学与技术、信息安全、物联网工程、密码科学与技术、自动化、智能科学与技术、软件工程专业。本专业大类内专业任选。含:信息安全-法学双学位试点班,人工智能、计算机、新一代智能软件特色培养项目班。含:多所海外知名高校的暑期学校和长短期交流项目）","信息科学与技术方向。含:计算机科学与技术、信息安全、物联网工程、密码科学与技术、自动化、智能科学与技术、软件工程专业。本专业大类内专业任选。含:信息安全-法学双学位试点班,人工智能、计算机、新一代智能软件特色培养项目班。含:多所海外知名高校的暑期学校和长短期交流项目",,,,,580,2684,,,,,,580,2684,,,,,,,,,本科,,,,,
8151109,上海,本科批,物理,,X968B58,专业组01,南开大学,72F5,理科试验班（物理与光电信息技术工程方向。含:物理学、应用物理学、光电信息科学与工程、电子信息科学与技术、微电子科学与工程、电子科学与技术、通信工程专业。本专业大类内专业任选。含:与加州大学洛杉矶分校、慕尼黑工业大学等海外知名高校的国际交流项目）,物理与光电信息技术工程方向。含:物理学、应用物理学、光电信息科学与工程、电子信息科学与技术、微电子科学与工程、电子科学与技术、通信工程专业。本专业大类内专业任选。含:与加州大学洛杉矶分校、慕尼黑工业大学等海外知名高校的国际交流项目,,,,,580,2684,,,,,,580,2684,,,,,,,,,本科,,,,,
8151664,上海,本科批,物理,,XB50A38,专业组01,海南大学,0541,生物科学,,,,,,521,14281,,,,,,521,14281,,,,,,,,,本科,,,,,
8151665,上海,本科批,物理,,XB50A38,专业组01,海南大学,5E49,食品科学与工程,,,,,,522,14026,,,,,,522,14026,,,,,,,,,本科,,,,,
8151666,上海,本科批,物理,,XB50A38,专业组01,海南大学,FFE8,生物医学工程,,,,,,523,13763,,,,,,523,13763,,,,,,,,,本科,,,,,
8151667,上海,本科批,物理,,XB50A38,专业组01,海南大学,B001,信息安全,,,,,,530,12143,,,,,,530,12143,,,,,,,,,本科,,,,,
8152470,上海,本科批,物理,,X9FC7EE,专业组Q2,北京理工大学,E181,理科试验班（理学与材料菁英班。含:化学工程与工艺（含:管理双学位）、新能源材料与器件（含:管理双学位）、应用化学（含:机械双学位）、生物技术（含:AI双学位）、材料化学、材料科学与工程、材料成型及控制工程、生物医学工程、数学与应用数学、应用物理学、统计学、量子信息科学、电子封装技术、制药工程、高分子材料与工程、应用化学、化学工程与工艺、能源化学工程、生物技术、信息与计算科学、新能源材料与器件、化学、生物技术（中国农业大学联培智能生物与精准医疗人才）专业）,理学与材料菁英班。含:化学工程与工艺（含:管理双学位; 含:管理双学位; 含:机械双学位; 含:AI双学位; 中国农业大学联培智能生物与精准医疗人才,,,,,573,3676,,,,,,573,3676,,,,,,,,,本科,,,,,
8152471,上海,本科批,物理,,X9FC7EE,专业组01,北京理工大学,267D,工科试验班（未来精工技术方向。含:智能制造工程、智能感知工程、人工智能、机器人工程、数据科学与大数据技术、计算机科学与技术、网络空间安全专业。全校专业任选、学制任选（3+1+X）、校区任选（大四、研究生可选珠海校区））,未来精工技术方向。含:智能制造工程、智能感知工程、人工智能、机器人工程、数据科学与大数据技术、计算机科学与技术、网络空间安全专业。全校专业任选、学制任选（3+1+X; 大四、研究生可选珠海校区,,,,,580,2684,,,,,,580,2684,,,,,,,,,本科,,,,,
8152472,上海,本科批,物理,,X9FC7EE,专业组01,北京理工大学,1B30,"工科试验班（徐特立英才班。含:计算机科学与技术、人工智能、自动化、智能无人系统技术、智能制造工程、机器人工程、软件工程、数据科学与大数据技术、电子信息工程、网络空间安全、智能感知工程专业。全校专业任选、学制任选（3+1+X）,小班化、导师制、国际化教学）",徐特立英才班。含:计算机科学与技术、人工智能、自动化、智能无人系统技术、智能制造工程、机器人工程、软件工程、数据科学与大数据技术、电子信息工程、网络空间安全、智能感知工程专业。全校专业任选、学制任选（3+1+X,,,,,580,2684,,,,,,580,2684,,,,,,,,,本科,,,,,
8152777,上海,本科批,物理,,X8B01C4,专业组03,上海大学,A238,"经济学类（含:经济学、金融学、国际经济与贸易、工商管理、会计学、财务管理、人力资源管理、档案学、信息资源管理、物流管理、管理科学、信息管理与信息系统、工程管理专业。该专业代表经济管理类。按类招生,第一学年末进行专业分流）","含:经济学、金融学、国际经济与贸易、工商管理、会计学、财务管理、人力资源管理、档案学、信息资源管理、物流管理、管理科学、信息管理与信息系统、工程管理专业。该专业代表经济管理类。按类招生,第一学年末进行专业分流",,,,,537,10538,,,,,,537,10538,,,,,,,,,本科,,,,,
8152778,上海,本科批,物理,,X8B01C4,专业组Q6,上海大学,3E9C,广播电视编导（该专业授予艺术学学士学位）,该专业授予艺术学学士学位,,,,,537,10538,,,,,,537,10538,,,,,,,,,本科,,,,,
8152779,上海,本科批,物理,,X8B01C4,专业组Q6,上海大学,031C,戏剧影视文学（该专业授予艺术学学士学位）,该专业授予艺术学学士学位,,,,,537,10538,,,,,,537,10538,,,,,,,,,本科,,,,,
8152780,上海,本科批,物理,,X8B01C4,专业组02,上海大学,03BE,材料科学与工程（中外合作办学）（中法合作。无色盲）,中外合作办学; 中法合作。无色盲,,,,,538,10306,,,,,,538,10306,,,,,,,,,本科,,,,,
8152781,上海,本科批,物理,,X8B01C4,专业组02,上海大学,D163,机械工程（中外合作办学）（中法合作。无色盲）,中外合作办学; 中法合作。无色盲,,,,,538,10306,,,,,,538,10306,,,,,,,,,本科,,,,,
8152782,上海,本科批,物理,,X8B01C4,专业组02,上海大学,9BB3,电气工程及其自动化（中外合作办学）（中葡合作。无色盲）,中外合作办学; 中葡合作。无色盲,,,,,538,10306,,,,,,538,10306,,,,,,,,,本科,,,,,
8152783,上海,本科批,物理,,X8B01C4,专业组02,上海大学,70B3,"材料类（含:应用化学、冶金工程、金属材料工程、无机非金属材料工程、高分子材料与工程、化学工程与工艺、食品科学与工程、生物工程、生物制药专业。该专业代表理学工学Ⅱ类,其中冶金工程专业含:冶金工程-信息管理与信息系统双学士学位项目。按类招生,第一学年末进行专业分流。无色盲、色弱）","含:应用化学、冶金工程、金属材料工程、无机非金属材料工程、高分子材料与工程、化学工程与工艺、食品科学与工程、生物工程、生物制药专业。该专业代表理学工学Ⅱ类,其中冶金工程专业含:冶金工程-信息管理与信息系统双学士学位项目。按类招生,第一学年末进行专业分流。无色盲、色弱",,,,,538,10306,,,,,,538,10306,,,,,,,,,本科,,,,,
8152784,上海,本科批,物理,,X8B01C4,专业组Q6,上海大学,2027,艺术管理（该专业授予艺术学学士学位）,该专业授予艺术学学士学位,,,,,538,10306,,,,,,538,10306,,,,,,,,,本科,,,,,
8152785,上海,本科批,物理,,X8B01C4,专业组Q5,上海大学,4D81,工商管理（中外合作办学）,中外合作办学,,,,,538,10306,,,,,,538,10306,,,,,,,,,本科,,,,,
8152786,上海,本科批,物理,,X8B01C4,专业组02,上海大学,2754,环境工程（中外合作办学）（中葡合作。无色盲、色弱）,中外合作办学; 中葡合作。无色盲、色弱,,,,,538,10306,,,,,,538,10306,,,,,,,,,本科,,,,,
8152787,上海,本科批,物理,,X8B01C4,专业组Q5,上海大学,C4CA,国际经济与贸易（中外合作办学）,中外合作办学,,,,,539,10069,,,,,,539,10069,,,,,,,,,本科,,,,,
8152788,上海,本科批,物理,,X8B01C4,专业组02,上海大学,1047,信息工程（中外合作办学）（中法合作。无色盲）,中外合作办学; 中法合作。无色盲,,,,,540,9848,,,,,,540,9848,,,,,,,,,本科,,,,,
8152789,上海,本科批,物理,,X8B01C4,专业组Q5,上海大学,F519,金融学（中外合作办学）,中外合作办学,,,,,540,9848,,,,,,540,9848,,,,,,,,,本科,,,,,
8152790,上海,本科批,物理,,X8B01C4,专业组02,上海大学,A8CB,土木工程（中外合作办学）（中葡合作）,中外合作办学; 中葡合作,,,,,540,9848,,,,,,540,9848,,,,,,,,,本科,,,,,
8152791,上海,本科批,物理,,X8B01C4,专业组04,上海大学,CDE4,日语（外语单科成绩不低于110分）,外语单科成绩不低于110分,,,,,540,9848,,,,,,540,9848,,,,,,,,,本科,,,,,
8152792,上海,本科批,物理,,X8B01C4,专业组04,上海大学,4F72,英语（外语单科成绩不低于115分）,外语单科成绩不低于115分,,,,,540,9848,,,,,,540,9848,,,,,,,,,本科,,,,,
8152793,上海,本科批,物理,,X8B01C4,专业组04,上海大学,7231,"社会学类（含:哲学、法学、知识产权、社会学、社会工作、汉语言文学、汉语国际教育、新闻学、广播电视学、广告学、网络与新媒体、会展、历史学、考古学专业。该专业代表人文社科类。按类招生,第一学年末进行专业分流）","含:哲学、法学、知识产权、社会学、社会工作、汉语言文学、汉语国际教育、新闻学、广播电视学、广告学、网络与新媒体、会展、历史学、考古学专业。该专业代表人文社科类。按类招生,第一学年末进行专业分流",,,,,541,9624,,,,,,541,9624,,,,,,,,,本科,,,,,
8152794,上海,本科批,物理,,X8B01C4,专业组02,上海大学,DAEE,"电气类（含:数学与应用数学、信息与计算科学、应用物理学、理论与应用力学、机械设计制造及其自动化、机械电子工程、智能制造工程、测控技术与仪器、新能源材料与器件、电子科学与技术、自动化、机器人工程、生物医学工程、建筑学、城乡规划、城市设计、工业工程专业。该专业代表理学工学Ⅰ类。按类招生,第一学年末进行专业分流。无色盲）","含:数学与应用数学、信息与计算科学、应用物理学、理论与应用力学、机械设计制造及其自动化、机械电子工程、智能制造工程、测控技术与仪器、新能源材料与器件、电子科学与技术、自动化、机器人工程、生物医学工程、建筑学、城乡规划、城市设计、工业工程专业。该专业代表理学工学Ⅰ类。按类招生,第一学年末进行专业分流。无色盲",,,,,542,9417,,,,,,542,9417,,,,,,,,,本科,,,,,
8152795,上海,本科批,物理,,X8B01C4,专业组04,上海大学,614A,法语（外语单科成绩不低于115分）,外语单科成绩不低于115分,,,,,542,9417,,,,,,542,9417,,,,,,,,,本科,,,,,
8152796,上海,本科批,物理,,X8B01C4,专业组03,上海大学,5E19,会计学,,,,,,547,8372,,,,,,547,8372,,,,,,,,,本科,,,,,
8153340,上海,本科批,物理,,X0BE7D9,专业组03,中南财经政法大学,53C4,外国语言文学类（含:英语、英语（翻译方向）、商务英语专业）,含:英语、英语（翻译方向,,,,,540,9848,,,,,,540,9848,,,,,,,,,本科,,,,,
8153341,上海,本科批,物理,,X0BE7D9,专业组03,中南财经政法大学,BF00,法语（外语语种为英语、法语）,外语语种为英语、法语,,,,,541,9624,,,,,,541,9624,,,,,,,,,本科,,,,,
8153342,上海,本科批,物理,,X0BE7D9,专业组01,中南财经政法大学,3293,计算机类（含:计算机科学与技术、信息安全、人工智能（只招双学位班）专业）,含:计算机科学与技术、信息安全、人工智能（只招双学位班,,,,,542,9417,,,,,,542,9417,,,,,,,,,本科,,,,,
8153343,上海,本科批,物理,,X0BE7D9,专业组03,中南财经政法大学,3E25,国际商务,,,,,,542,9417,,,,,,542,9417,,,,,,,,,本科,,,,,
8153344,上海,本科批,物理,,X0BE7D9,专业组03,中南财经政法大学,9DCC,金融学类（含:金融学、投资学专业）,含:金融学、投资学专业,,,,,543,9186,,,,,,543,9186,,,,,,,,,本科,,,,,
8153345,上海,本科批,物理,,X0BE7D9,专业组02,中南财经政法大学,191C,管理科学与工程类（大数据方向。含:信息管理与信息系统、大数据管理与应用（只招双学位班）专业）,大数据方向。含:信息管理与信息系统、大数据管理与应用（只招双学位班,,,,,545,8758,,,,,,545,8758,,,,,,,,,本科,,,,,
8153346,上海,本科批,物理,,X0BE7D9,专业组03,中南财经政法大学,7B6C,工商管理类（会计学方向。含:会计学、会计学（注册会计师方向）、财务管理专业）,会计学方向。含:会计学、会计学（注册会计师方向,,,,,545,8758,,,,,,545,8758,,,,,,,,,本科,,,,,
8153347,上海,本科批,物理,,X0BE7D9,专业组03,中南财经政法大学,2CBD,经济与贸易类（含:国际经济与贸易、贸易经济（数字贸易方向）专业）,含:国际经济与贸易、贸易经济（数字贸易方向,,,,,546,8561,,,,,,546,8561,,,,,,,,,本科,,,,,
8153348,上海,本科批,物理,,X0BE7D9,专业组03,中南财经政法大学,8997,法学类（含:法学、法学（民商法方向）、法学（涉外法治方向）、法学（政府法治方向）、法学（刑事司法方向）、法学（社会治理方向）专业）,含:法学、法学（民商法方向; 涉外法治方向; 政府法治方向; 刑事司法方向; 社会治理方向,,,,,547,8372,,,,,,547,8372,,,,,,,,,本科,,,,,
8153349,上海,本科批,物理,,X0BE7D9,专业组02,中南财经政法大学,0E54,保险学,,,,,,549,7975,,,,,,549,7975,,,,,,,,,本科,,,,,
8154303,上海,本科批,物理,,X3FE75C,专业组03,合肥工业大学,985E,国际经济与贸易（中外合作办学）（入学后不得转专业）,中外合作办学; 入学后不得转专业,,,,,520,14532,,,,,,520,14532,,,,,,,,,本科,,,,,
8154304,上海,本科批,物理,,X3FE75C,专业组02,合肥工业大学,04A0,工商管理,,,,,,522,14026,,,,,,522,14026,,,,,,,,,本科,,,,,
8154305,上海,本科批,物理,,X3FE75C,专业组02,合肥工业大学,16DF,金融工程,,,,,,530,12143,,,,,,530,12143,,,,,,,,,本科,,,,,
8154306,上海,本科批,物理,,X3FE75C,专业组01,合肥工业大学,25FE,数学与应用数学,,,,,,548,8178,,,,,,548,8178,,,,,,,,,本科,,,,,
8154307,上海,本科批,物理,,X3FE75C,专业组01,合肥工业大学,93E3,电子信息工程,,,,,,549,7975,,,,,,549,7975,,,,,,,,,本科,,,,,
8154308,上海,本科批,物理,,X3FE75C,专业组01,合肥工业大学,A5B7,电气工程及其自动化,,,,,,549,7975,,,,,,549,7975,,,,,,,,,本科,,,,,
8154309,上海,本科批,物理,,X3FE75C,专业组01,合肥工业大学,289B,微电子科学与工程,,,,,,554,7021,,,,,,554,7021,,,,,,,,,本科,,,,,
8155135,上海,本科批,物理,,XBEB10F,专业组02,济南大学,CA0F,旅游管理,,,,,,463,28756,,,,,,463,28756,,,,,,,,,本科,,,,,
8155136,上海,本科批,物理,,XBEB10F,专业组02,济南大学,0FBC,金融学,,,,,,465,28294,,,,,,465,28294,,,,,,,,,本科,,,,,
8155137,上海,本科批,物理,,XBEB10F,专业组02,济南大学,4223,新闻传播学类（含:广播电视学、广告学专业）,含:广播电视学、广告学专业,,,,,468,27525,,,,,,468,27525,,,,,,,,,本科,,,,,
8155138,上海,本科批,物理,,XBEB10F,专业组01,济南大学,F068,人工智能,,,,,,488,22514,,,,,,488,22514,,,,,,,,,本科,,,,,
8156024,上海,本科批,物理,,XA1F45F,专业组01,青岛理工大学,735F,环保设备工程,,,,,,440,34239,,,,,,440,34239,,,,,,,,,本科,,,,,
8156025,上海,本科批,物理,,XA1F45F,专业组01,青岛理工大学,D583,网络空间安全,,,,,,441,33999,,,,,,441,33999,,,,,,,,,本科,,,,,
8156026,上海,本科批,物理,,XA1F45F,专业组01,青岛理工大学,4D44,给排水科学与工程,,,,,,442,33781,,,,,,442,33781,,,,,,,,,本科,,,,,
8156027,上海,本科批,物理,,XA1F45F,专业组01,青岛理工大学,5AC6,工程力学,,,,,,443,33531,,,,,,443,33531,,,,,,,,,本科,,,,,
8156028,上海,本科批,物理,,XA1F45F,专业组03,青岛理工大学,5E19,会计学,,,,,,443,33531,,,,,,443,33531,,,,,,,,,本科,,,,,
8156029,上海,本科批,物理,,XA1F45F,专业组03,青岛理工大学,E6CB,社会工作,,,,,,445,33071,,,,,,445,33071,,,,,,,,,本科,,,,,
8156030,上海,本科批,物理,,XA1F45F,专业组03,青岛理工大学,671C,日语,,,,,,447,32641,,,,,,447,32641,,,,,,,,,本科,,,,,
8156031,上海,本科批,物理,,XA1F45F,专业组01,青岛理工大学,B9A5,计算机科学与技术,,,,,,449,32134,,,,,,449,32134,,,,,,,,,本科,,,,,
8156032,上海,本科批,物理,,XA1F45F,专业组02,青岛理工大学,A5C9,建筑学,,,,,,485,23293,,,,,,485,23293,,,,,,,,,本科,,,,,
8156885,上海,本科批,物理,,XCD21FB,专业组Q5,华东师范大学,ECEA,听力与言语康复学,,,,,,562,5544,,,,,,562,5544,,,,,,,,,本科,,,,,
8156886,上海,本科批,物理,,XCD21FB,专业组Q6,华东师范大学,3E9C,广播电视编导（该专业授予艺术学学士学位）,该专业授予艺术学学士学位,,,,,562,5544,,,,,,562,5544,,,,,,,,,本科,,,,,
8156887,上海,本科批,物理,,XCD21FB,专业组04,华东师范大学,0629,环境科学与工程类（含:环境科学、环境生态工程）,含:环境科学、环境生态工程,,,,,567,4662,,,,,,567,4662,,,,,,,,,本科,,,,,
8156888,上海,本科批,物理,,XCD21FB,专业组04,华东师范大学,5661,心理学类（含:心理学、应用心理学）,含:心理学、应用心理学,,,,,568,4499,,,,,,568,4499,,,,,,,,,本科,,,,,
8156889,上海,本科批,物理,,XCD21FB,专业组04,华东师范大学,CAF7,心理学（与计算机科学与技术进行双学士学位培养）,与计算机科学与技术进行双学士学位培养,,,,,568,4499,,,,,,568,4499,,,,,,,,,本科,,,,,
8156890,上海,本科批,物理,,XCD21FB,专业组04,华东师范大学,4ED3,生态学,,,,,,568,4499,,,,,,568,4499,,,,,,,,,本科,,,,,
8156891,上海,本科批,物理,,XCD21FB,专业组04,华东师范大学,B5AE,化学,,,,,,568,4499,,,,,,568,4499,,,,,,,,,本科,,,,,
8156892,上海,本科批,物理,,XCD21FB,专业组02,华东师范大学,D1F1,公共管理类（含:人力资源管理、行政管理）,含:人力资源管理、行政管理,,,,,569,4317,,,,,,569,4317,,,,,,,,,本科,,,,,
8156893,上海,本科批,物理,,XCD21FB,专业组02,华东师范大学,9151,社会学类（含:社会学、社会工作）,含:社会学、社会工作,,,,,569,4317,,,,,,569,4317,,,,,,,,,本科,,,,,
8156894,上海,本科批,物理,,XCD21FB,专业组04,华东师范大学,E149,生物科学类（含:生物科学、生物技术）,含:生物科学、生物技术,,,,,569,4317,,,,,,569,4317,,,,,,,,,本科,,,,,
8156895,上海,本科批,物理,,XCD21FB,专业组02,华东师范大学,AC33,工商管理（智能商业实验班）,智能商业实验班,,,,,569,4317,,,,,,569,4317,,,,,,,,,本科,,,,,
8156896,上海,本科批,物理,,XCD21FB,专业组02,华东师范大学,B724,教育学类（含:学前教育、特殊教育、教育康复学、公共事业管理4个师范专业）,含:学前教育、特殊教育、教育康复学、公共事业管理4个师范专业,,,,,569,4317,,,,,,569,4317,,,,,,,,,本科,,,,,
8156897,上海,本科批,物理,,XCD21FB,专业组04,华东师范大学,FA23,地理信息科学,,,,,,569,4317,,,,,,569,4317,,,,,,,,,本科,,,,,
8156898,上海,本科批,物理,,XCD21FB,专业组04,华东师范大学,FD7E,地理科学,,,,,,569,4317,,,,,,569,4317,,,,,,,,,本科,,,,,
8156899,上海,本科批,物理,,XCD21FB,专业组02,华东师范大学,1A98,工商管理类（含:工商管理、会计学）,含:工商管理、会计学,,,,,570,4158,,,,,,570,4158,,,,,,,,,本科,,,,,
8156900,上海,本科批,物理,,XCD21FB,专业组02,华东师范大学,4090,金融学（与统计学进行双学士学位培养）,与统计学进行双学士学位培养,,,,,571,3998,,,,,,571,3998,,,,,,,,,本科,,,,,
8156901,上海,本科批,物理,,XCD21FB,专业组02,华东师范大学,E2A5,金融学类（含:金融学、经济学）,含:金融学、经济学,,,,,571,3998,,,,,,571,3998,,,,,,,,,本科,,,,,
8156902,上海,本科批,物理,,XCD21FB,专业组01,华东师范大学,A615,汉语国际教育,,,,,,571,3998,,,,,,571,3998,,,,,,,,,本科,,,,,
8156903,上海,本科批,物理,,XCD21FB,专业组04,华东师范大学,0512,地理信息科学（与软件工程进行双学士学位培养）,与软件工程进行双学士学位培养,,,,,572,3846,,,,,,572,3846,,,,,,,,,本科,,,,,
8156904,上海,本科批,物理,,XCD21FB,专业组02,华东师范大学,927B,法学,,,,,,572,3846,,,,,,572,3846,,,,,,,,,本科,,,,,
8157680,上海,本科批,物理,,X110192,专业组02,吉林大学,4A23,考古学（按类招生。含:考古学、文物与博物馆学）,按类招生。含:考古学、文物与博物馆学,,,,,552,7412,,,,,,552,7412,,,,,,,,,本科,,,,,
8157681,上海,本科批,物理,,X110192,专业组02,吉林大学,D243,汉语言文学,,,,,,556,6631,,,,,,556,6631,,,,,,,,,本科,,,,,
8157682,上海,本科批,物理,,X110192,专业组02,吉林大学,BB65,考古学（匡亚明班。拔尖学生培养基地）,匡亚明班。拔尖学生培养基地,,,,,559,6102,,,,,,559,6102,,,,,,,,,本科,,,,,
8157683,上海,本科批,物理,,X110192,专业组01,吉林大学,E370,生物科学类（含:生物科学、生物技术、生物制药专业）,含:生物科学、生物技术、生物制药专业,,,,,566,4841,,,,,,566,4841,,,,,,,,,本科,,,,,
8157684,上海,本科批,物理,,X110192,专业组01,吉林大学,70E9,临床医学（5+3一体化。白求恩第三临床医学院）,5+3一体化。白求恩第三临床医学院,,,,,566,4841,,,,,,566,4841,,,,,,,,,本科,,,,,
8157685,上海,本科批,物理,,X110192,专业组01,吉林大学,6419,物理学类（含:物理学、应用物理学专业）,含:物理学、应用物理学专业,,,,,566,4841,,,,,,566,4841,,,,,,,,,本科,,,,,
8157686,上海,本科批,物理,,X110192,专业组03,吉林大学,927B,法学,,,,,,566,4841,,,,,,566,4841,,,,,,,,,本科,,,,,
8157687,上海,本科批,物理,,X110192,专业组01,吉林大学,D06C,机械工程,,,,,,566,4841,,,,,,566,4841,,,,,,,,,本科,,,,,
8157688,上海,本科批,物理,,X110192,专业组01,吉林大学,3E2A,车辆工程（新能源汽车和智能汽车方向）,新能源汽车和智能汽车方向,,,,,567,4662,,,,,,567,4662,,,,,,,,,本科,,,,,
8157689,上海,本科批,物理,,X110192,专业组01,吉林大学,A850,数学类（含:数学与应用数学、信息与计算科学、统计学专业）,含:数学与应用数学、信息与计算科学、统计学专业,,,,,567,4662,,,,,,567,4662,,,,,,,,,本科,,,,,
8157690,上海,本科批,物理,,X110192,专业组03,吉林大学,5D00,法学（涉外法治人才试验班）,涉外法治人才试验班,,,,,567,4662,,,,,,567,4662,,,,,,,,,本科,,,,,
8157691,上海,本科批,物理,,X110192,专业组01,吉林大学,ECA4,通信工程,,,,,,568,4499,,,,,,568,4499,,,,,,,,,本科,,,,,
8157692,上海,本科批,物理,,X110192,专业组01,吉林大学,B89B,人工智能（非英语语种考生慎报）,非英语语种考生慎报,,,,,569,4317,,,,,,569,4317,,,,,,,,,本科,,,,,
8157693,上海,本科批,物理,,X110192,专业组01,吉林大学,9E6B,计算机科学与技术（非英语语种考生慎报）,非英语语种考生慎报,,,,,570,4158,,,,,,570,4158,,,,,,,,,本科,,,,,
8157694,上海,本科批,物理,,X110192,专业组01,吉林大学,1FDD,车辆工程（饶斌班。新能源汽车与智能网联汽车方向）,饶斌班。新能源汽车与智能网联汽车方向,,,,,570,4158,,,,,,570,4158,,,,,,,,,本科,,,,,
8158564,上海,本科批,物理,,X6FFD17,专业组02,山东科技大学,25DE,国际经济与贸易,,,,,,453,31179,,,,,,453,31179,,,,,,,,,本科,,,,,
8158565,上海,本科批,物理,,X6FFD17,专业组02,山东科技大学,0FBC,金融学,,,,,,462,29014,,,,,,462,29014,,,,,,,,,本科,,,,,
8158566,上海,本科批,物理,,X6FFD17,专业组01,山东科技大学,0C52,船舶与海洋工程,,,,,,480,24562,,,,,,480,24562,,,,,,,,,本科,,,,,
8158567,上海,本科批,物理,,X6FFD17,专业组01,山东科技大学,29F4,物联网工程,,,,,,484,23553,,,,,,484,23553,,,,,,,,,本科,,,,,
8158568,上海,本科批,物理,,X6FFD17,专业组01,山东科技大学,A5B7,电气工程及其自动化,,,,,,485,23293,,,,,,485,23293,,,,,,,,,本科,,,,,
8159211,上海,本科批,物理,,X7F1F81,专业组03,华中师范大学,DA1C,教育学类（含:教育学、学前教育（非公费师范）、融合教育（非公费师范）专业）,含:教育学、学前教育（非公费师范; 非公费师范,,,,,530,12143,,,,,,530,12143,,,,,,,,,本科,,,,,
8159212,上海,本科批,物理,,X7F1F81,专业组03,华中师范大学,BB71,社会学类（含:社会学、社会工作专业）,含:社会学、社会工作专业,,,,,538,10306,,,,,,538,10306,,,,,,,,,本科,,,,,
8159213,上海,本科批,物理,,X7F1F81,专业组01,华中师范大学,76B9,统计学,,,,,,543,9186,,,,,,543,9186,,,,,,,,,本科,,,,,
8159214,上海,本科批,物理,,X7F1F81,专业组01,华中师范大学,579F,化学类（含:化学（非公费师范）、化学（英才班）、应用化学、化学（化学生物交叉班）专业）,含:化学（非公费师范; 英才班; 化学生物交叉班,,,,,544,8973,,,,,,544,8973,,,,,,,,,本科,,,,,
8159215,上海,本科批,物理,,X7F1F81,专业组02,华中师范大学,1124,中国语言文学类（含:汉语言文学（非公费师范）、汉语言文学（非师范）、汉语言文学（国家拔尖学生培养基地班）、汉语言专业）,含:汉语言文学（非公费师范; 非师范; 国家拔尖学生培养基地班,,,,,548,8178,,,,,,548,8178,,,,,,,,,本科,,,,,
8159899,上海,本科批,物理,,XAB0483,专业组01,河南科技大学,25DE,国际经济与贸易,,,,,,438,34709,,,,,,438,34709,,,,,,,,,本科,,,,,
8159900,上海,本科批,物理,,XAB0483,专业组01,河南科技大学,4145,英语,,,,,,438,34709,,,,,,438,34709,,,,,,,,,本科,,,,,
8160603,上海,本科批,物理,,X665B00,专业组01,烟台大学,F068,人工智能,,,,,,447,32641,,,,,,447,32641,,,,,,,,,本科,,,,,
8160604,上海,本科批,物理,,X665B00,专业组02,烟台大学,4869,投资学,,,,,,451,31665,,,,,,451,31665,,,,,,,,,本科,,,,,
8160605,上海,本科批,物理,,X665B00,专业组01,烟台大学,7932,电子信息科学与技术,,,,,,453,31179,,,,,,453,31179,,,,,,,,,本科,,,,,
8160606,上海,本科批,物理,,X665B00,专业组02,烟台大学,25DE,国际经济与贸易,,,,,,455,30715,,,,,,455,30715,,,,,,,,,本科,,,,,
8160607,上海,本科批,物理,,X665B00,专业组02,烟台大学,92DB,知识产权,,,,,,470,26996,,,,,,470,26996,,,,,,,,,本科,,,,,
8161276,上海,本科批,物理,,X7AE34B,专业组02,南京理工大学,39C9,工商管理类（含:会计学、人力资源管理专业）,含:会计学、人力资源管理专业,,,,,536,10760,,,,,,536,10760,,,,,,,,,本科,,,,,
8161277,上海,本科批,物理,,X7AE34B,专业组02,南京理工大学,18BF,经济学类（含:国际经济与贸易、金融学专业）,含:国际经济与贸易、金融学专业,,,,,537,10538,,,,,,537,10538,,,,,,,,,本科,,,,,
8161278,上海,本科批,物理,,X7AE34B,专业组01,南京理工大学,509B,材料类（含:材料科学与工程、材料物理、纳米材料与技术、材料成型及控制工程专业）,含:材料科学与工程、材料物理、纳米材料与技术、材料成型及控制工程专业,,,,,563,5356,,,,,,563,5356,,,,,,,,,本科,,,,,
8161279,上海,本科批,物理,,X7AE34B,专业组01,南京理工大学,846C,能源动力类（含:建筑环境与能源应用工程、能源与动力工程专业）,含:建筑环境与能源应用工程、能源与动力工程专业,,,,,563,5356,,,,,,563,5356,,,,,,,,,本科,,,,,
8161280,上海,本科批,物理,,X7AE34B,专业组01,南京理工大学,99A9,机械类（含:车辆工程、工业工程、机械工程专业）,含:车辆工程、工业工程、机械工程专业,,,,,564,5180,,,,,,564,5180,,,,,,,,,本科,,,,,
8161281,上海,本科批,物理,,X7AE34B,专业组01,南京理工大学,AFD3,机械类（钱学森学院。含:车辆工程、工业工程、机械工程专业）,钱学森学院。含:车辆工程、工业工程、机械工程专业,,,,,564,5180,,,,,,564,5180,,,,,,,,,本科,,,,,
8161282,上海,本科批,物理,,X7AE34B,专业组01,南京理工大学,D6AF,电子信息类（含:电子科学与技术、电子信息工程、光电信息科学与工程、通信工程专业）,含:电子科学与技术、电子信息工程、光电信息科学与工程、通信工程专业,,,,,565,5019,,,,,,565,5019,,,,,,,,,本科,,,,,
8161283,上海,本科批,物理,,X7AE34B,专业组01,南京理工大学,289B,微电子科学与工程,,,,,,565,5019,,,,,,565,5019,,,,,,,,,本科,,,,,
8161284,上海,本科批,物理,,X7AE34B,专业组01,南京理工大学,8B23,计算机类（含:计算机科学与技术、软件工程、智能科学与技术专业）,含:计算机科学与技术、软件工程、智能科学与技术专业,,,,,566,4841,,,,,,566,4841,,,,,,,,,本科,,,,,
8161943,上海,本科批,物理,,XCE66AF,专业组01,广州大学,2B47,智能建造,,,,,,501,19243,,,,,,501,19243,,,,,,,,,本科,,,,,
8161944,上海,本科批,物理,,XCE66AF,专业组01,广州大学,B001,信息安全,,,,,,501,19243,,,,,,501,19243,,,,,,,,,本科,,,,,
8161945,上海,本科批,物理,,XCE66AF,专业组01,广州大学,B694,生物制药,,,,,,506,18067,,,,,,506,18067,,,,,,,,,本科,,,,,
8161946,上海,本科批,物理,,XCE66AF,专业组01,广州大学,F068,人工智能,,,,,,511,16761,,,,,,511,16761,,,,,,,,,本科,,,,,
8162531,上海,本科批,物理,,X763D03,专业组03,华东理工大学,5970,"外国语言文学类（外语语种为英语、日语、德语。含:英语、德语、日语专业。口吃、听力障碍（两耳听力均在3米以内,或一耳听力在5米另一耳全聋）者不取）","外语语种为英语、日语、德语。含:英语、德语、日语专业。口吃、听力障碍（两耳听力均在3米以内,或一耳听力在5米另一耳全聋",,,,,542,9417,,,,,,542,9417,,,,,,,,,本科,,,,,
8162532,上海,本科批,物理,,X763D03,专业组03,华东理工大学,A3BD,风景园林（景观建筑规划方向。无色盲、色弱）,景观建筑规划方向。无色盲、色弱,,,,,542,9417,,,,,,542,9417,,,,,,,,,本科,,,,,
8162533,上海,本科批,物理,,X763D03,专业组03,华东理工大学,9669,公共管理类（含:社会学、社会工作、公共事业管理、行政管理、劳动与社会保障专业）,含:社会学、社会工作、公共事业管理、行政管理、劳动与社会保障专业,,,,,542,9417,,,,,,542,9417,,,,,,,,,本科,,,,,
8162534,上海,本科批,物理,,X763D03,专业组03,华东理工大学,5215,工商管理类（含:工商管理（商务分析方向）、市场营销（大数据营销）、人力资源管理（人力资源数据分析方向）、会计学（大数据会计）、财务管理（智能财务方向）专业）,含:工商管理（商务分析方向; 大数据营销; 人力资源数据分析方向; 大数据会计; 智能财务方向,,,,,543,9186,,,,,,543,9186,,,,,,,,,本科,,,,,
8162535,上海,本科批,物理,,X763D03,专业组03,华东理工大学,927B,法学,,,,,,543,9186,,,,,,543,9186,,,,,,,,,本科,,,,,
8162536,上海,本科批,物理,,X763D03,专业组03,华东理工大学,A579,经济学类（含:经济学、金融学专业）,含:经济学、金融学专业,,,,,546,8561,,,,,,546,8561,,,,,,,,,本科,,,,,
8162537,上海,本科批,物理,,X763D03,专业组03,华东理工大学,25DE,国际经济与贸易,,,,,,550,7798,,,,,,550,7798,,,,,,,,,本科,,,,,
8162538,上海,本科批,物理,,X763D03,专业组01,华东理工大学,15E6,"环境工程（中外合作办学）（精英班。不报不录。实行100%本硕贯通培养。外方学校:FGL联盟学校（法国19所专长于化学化工领域的顶尖高等工程师院校）。色盲、色弱、嗅觉迟钝者不取。学生可在学院内部转专业,转专业不受比例限制）",中外合作办学; 精英班。不报不录。实行100%本硕贯通培养。外方学校:FGL联盟学校（法国19所专长于化学化工领域的顶尖高等工程师院校,,,,,552,7412,,,,,,552,7412,,,,,,,,,本科,,,,,
8162539,上海,本科批,物理,,X763D03,专业组01,华东理工大学,2110,材料类（新材料实验班。含:无机非金属材料工程、高分子材料与工程、复合材料与工程、新能源材料与器件、电子信息材料专业。色盲、色弱、嗅觉迟钝者不取）,新材料实验班。含:无机非金属材料工程、高分子材料与工程、复合材料与工程、新能源材料与器件、电子信息材料专业。色盲、色弱、嗅觉迟钝者不取,,,,,552,7412,,,,,,552,7412,,,,,,,,,本科,,,,,
8162540,上海,本科批,物理,,X763D03,专业组01,华东理工大学,797A,环境工程（环境工程-社会学双学士学位项目。色盲、色弱、嗅觉迟钝者不取）,环境工程-社会学双学士学位项目。色盲、色弱、嗅觉迟钝者不取,,,,,552,7412,,,,,,552,7412,,,,,,,,,本科,,,,,
8162541,上海,本科批,物理,,X763D03,专业组01,华东理工大学,8070,化学类（含:化学、应用化学、材料化学（绿色与能源催化方向）、精细化工（光电信息材料方向）专业。色盲、色弱、嗅觉迟钝者不取）,含:化学、应用化学、材料化学（绿色与能源催化方向; 光电信息材料方向,,,,,552,7412,,,,,,552,7412,,,,,,,,,本科,,,,,
8162542,上海,本科批,物理,,X763D03,专业组01,华东理工大学,2E97,管理科学与工程类（含:信息管理与信息系统、工程管理、物流管理（供应链方向）专业）,含:信息管理与信息系统、工程管理、物流管理（供应链方向,,,,,552,7412,,,,,,552,7412,,,,,,,,,本科,,,,,
8162543,上海,本科批,物理,,X763D03,专业组01,华东理工大学,2CD2,"工科试验班（智慧化工方向。含:化学工程与工艺、油气储运工程、轻化工程、资源循环科学与工程专业。色盲、色弱、嗅觉迟钝者不取。专业分流前学费标准为7000元/学年,分流后按具体专业学费标准收费）","智慧化工方向。含:化学工程与工艺、油气储运工程、轻化工程、资源循环科学与工程专业。色盲、色弱、嗅觉迟钝者不取。专业分流前学费标准为7000元/学年,分流后按具体专业学费标准收费",,,,,552,7412,,,,,,552,7412,,,,,,,,,本科,,,,,
8162544,上海,本科批,物理,,X763D03,专业组01,华东理工大学,D55C,"化学工程与工艺（中外合作办学）（精英班。不报不录。实行100%本硕贯通培养。外方学校:FGL联盟学校（法国19所专长于化学化工领域的顶尖高等工程师院校）。色盲、色弱、嗅觉迟钝者不取。学生可在学院内部转专业,转专业不受比例限制）",中外合作办学; 精英班。不报不录。实行100%本硕贯通培养。外方学校:FGL联盟学校（法国19所专长于化学化工领域的顶尖高等工程师院校,,,,,553,7218,,,,,,553,7218,,,,,,,,,本科,,,,,
8162545,上海,本科批,物理,,X763D03,专业组01,华东理工大学,3BDB,"高分子材料与工程（中外合作办学）（精英班。不报不录。实行100%本硕贯通培养。外方学校:FGL联盟学校（法国19所专长于化学化工领域的顶尖高等工程师院校）。色盲、色弱、嗅觉迟钝者不取。学生可在学院内部转专业,转专业不受比例限制）",中外合作办学; 精英班。不报不录。实行100%本硕贯通培养。外方学校:FGL联盟学校（法国19所专长于化学化工领域的顶尖高等工程师院校,,,,,553,7218,,,,,,553,7218,,,,,,,,,本科,,,,,
8162546,上海,本科批,物理,,X763D03,专业组01,华东理工大学,D5C8,药学（色盲、色弱、嗅觉迟钝者不取）,色盲、色弱、嗅觉迟钝者不取,,,,,554,7021,,,,,,554,7021,,,,,,,,,本科,,,,,
8162547,上海,本科批,物理,,X763D03,专业组01,华东理工大学,D359,生物工程类（含:生物工程、生物科学、生物技术、食品科学与工程、食品质量与安全专业。色盲、色弱、嗅觉迟钝者不取）,含:生物工程、生物科学、生物技术、食品科学与工程、食品质量与安全专业。色盲、色弱、嗅觉迟钝者不取,,,,,555,6832,,,,,,555,6832,,,,,,,,,本科,,,,,
8162548,上海,本科批,物理,,X763D03,专业组01,华东理工大学,8316,"应用化学（中外合作办学）（精英班。不报不录。实行100%本硕贯通培养。外方学校:FGL联盟学校（法国19所专长于化学化工领域的顶尖高等工程师院校）。色盲、色弱、嗅觉迟钝者不取。学生可在学院内部转专业,转专业不受比例限制）",中外合作办学; 精英班。不报不录。实行100%本硕贯通培养。外方学校:FGL联盟学校（法国19所专长于化学化工领域的顶尖高等工程师院校,,,,,555,6832,,,,,,555,6832,,,,,,,,,本科,,,,,
8162549,上海,本科批,物理,,X763D03,专业组01,华东理工大学,A5DB,工科试验班（能源与环境方向。含:能源与动力工程、环境工程、储能科学与工程专业。色盲、色弱、嗅觉迟钝者不取）,能源与环境方向。含:能源与动力工程、环境工程、储能科学与工程专业。色盲、色弱、嗅觉迟钝者不取,,,,,558,6285,,,,,,558,6285,,,,,,,,,本科,,,,,
8162550,上海,本科批,物理,,X763D03,专业组01,华东理工大学,7991,能源与动力工程（能源与经济双学士学位项目。色盲、色弱、嗅觉迟钝者不取）,能源与经济双学士学位项目。色盲、色弱、嗅觉迟钝者不取,,,,,558,6285,,,,,,558,6285,,,,,,,,,本科,,,,,
8163374,上海,本科批,物理,,XE34209,专业组04,云南大学,D0E1,政治学与行政学,,,,,,515,15486,,,,,,515,15486,,,,,,,,,本科,,,,,
8163375,上海,本科批,物理,,XE34209,专业组03,云南大学,D6BD,马克思主义理论,,,,,,519,14533,,,,,,519,14533,,,,,,,,,本科,,,,,
8163376,上海,本科批,物理,,XE34209,专业组03,云南大学,927B,法学,,,,,,522,13764,,,,,,522,13764,,,,,,,,,本科,,,,,
8163377,上海,本科批,物理,,XE34209,专业组01,云南大学,F46B,生物技术（国家生命科学与技术基地班）,国家生命科学与技术基地班,,,,,524,13277,,,,,,524,13277,,,,,,,,,本科,,,,,
8163378,上海,本科批,物理,,XE34209,专业组01,云南大学,A9FE,化学类（化学、高分子材料与工程、化学工程与工艺、制药工程）,化学、高分子材料与工程、化学工程与工艺、制药工程,,,,,525,13086,,,,,,525,13086,,,,,,,,,本科,,,,,
8163379,上海,本科批,物理,,XE34209,专业组01,云南大学,4ED3,生态学,,,,,,525,13086,,,,,,525,13086,,,,,,,,,本科,,,,,
8163380,上海,本科批,物理,,XE34209,专业组02,云南大学,4718,数据科学与大数据技术,,,,,,527,12628,,,,,,527,12628,,,,,,,,,本科,,,,,
8163381,上海,本科批,物理,,XE34209,专业组02,云南大学,1F0F,计算机类（计算机科学与技术、物联网工程、智能科学与技术、软件工程、数字媒体技术、网络空间安全、人工智能）,计算机科学与技术、物联网工程、智能科学与技术、软件工程、数字媒体技术、网络空间安全、人工智能,,,,,529,12144,,,,,,529,12144,,,,,,,,,本科,,,,,
8163382,上海,本科批,物理,,XE34209,专业组01,云南大学,DC7B,生物科学类（生物科学、生物技术）,生物科学、生物技术,,,,,531,11679,,,,,,531,11679,,,,,,,,,本科,,,,,
8163383,上海,本科批,物理,,XE34209,专业组02,云南大学,5D8C,电子信息类（含电子信息工程、通信工程专业）,含电子信息工程、通信工程专业,,,,,531,11679,,,,,,531,11679,,,,,,,,,本科,,,,,
8163384,上海,本科批,物理,,XE34209,专业组02,云南大学,A687,光电信息科学与工程,,,,,,531,11679,,,,,,531,11679,,,,,,,,,本科,,,,,
8164321,上海,本科批,物理,,X50A882,专业组04,西北农林科技大学,E4F0,工商管理类（含:会计学、工商管理、农林经济管理、土地资源管理、市场营销专业）,含:会计学、工商管理、农林经济管理、土地资源管理、市场营销专业,,,,,528,12627,,,,,,528,12627,,,,,,,,,本科,,,,,
8164322,上海,本科批,物理,,X50A882,专业组01,西北农林科技大学,D3AB,动物医学类（含:动物医学（五年制）、动物药学（四年制）专业）,含:动物医学（五年制; 四年制,,,,,530,12143,,,,,,530,12143,,,,,,,,,本科,,,,,
8164323,上海,本科批,物理,,X50A882,专业组03,西北农林科技大学,FB65,风景园林,,,,,,531,11919,,,,,,531,11919,,,,,,,,,本科,,,,,
8164324,上海,本科批,物理,,X50A882,专业组04,西北农林科技大学,A9C0,经济学类（含:经济学、金融学、国际经济与贸易专业）,含:经济学、金融学、国际经济与贸易专业,,,,,532,11678,,,,,,532,11678,,,,,,,,,本科,,,,,
8164325,上海,本科批,物理,,X50A882,专业组04,西北农林科技大学,927B,法学,,,,,,532,11678,,,,,,532,11678,,,,,,,,,本科,,,,,
8164326,上海,本科批,物理,,X50A882,专业组01,西北农林科技大学,3849,食品营养与健康（卓越班）,卓越班,,,,,533,11462,,,,,,533,11462,,,,,,,,,本科,,,,,
8164327,上海,本科批,物理,,X50A882,专业组02,西北农林科技大学,BC62,生物科学类（含:生物科学、生物技术、生物工程专业）,含:生物科学、生物技术、生物工程专业,,,,,541,9624,,,,,,541,9624,,,,,,,,,本科,,,,,
8165267,上海,本科批,物理,,XCAA0F1,专业组03,西南财经大学,7D85,物流管理（中外合作办学）（运营管理与商务分析方向）,中外合作办学; 运营管理与商务分析方向,,,,,531,11919,,,,,,531,11919,,,,,,,,,本科,,,,,
8165268,上海,本科批,物理,,XCAA0F1,专业组04,西南财经大学,9037,市场营销（中外合作办学）（金融服务与营销）,中外合作办学; 金融服务与营销,,,,,534,11234,,,,,,534,11234,,,,,,,,,本科,,,,,
8165269,上海,本科批,物理,,XCAA0F1,专业组03,西南财经大学,7BDD,信息管理与信息系统（中外合作办学）（信息系统与数据管理方向）,中外合作办学; 信息系统与数据管理方向,,,,,535,10985,,,,,,535,10985,,,,,,,,,本科,,,,,
8165270,上海,本科批,物理,,XCAA0F1,专业组04,西南财经大学,4D62,会计学（中外合作办学）,中外合作办学,,,,,536,10760,,,,,,536,10760,,,,,,,,,本科,,,,,
8165271,上海,本科批,物理,,XCAA0F1,专业组03,西南财经大学,4379,金融数学（中外合作办学）（金融服务与量化分析方向）,中外合作办学; 金融服务与量化分析方向,,,,,545,8758,,,,,,545,8758,,,,,,,,,本科,,,,,
8165272,上海,本科批,物理,,XCAA0F1,专业组01,西南财经大学,BD59,金融科技,,,,,,550,7798,,,,,,550,7798,,,,,,,,,本科,,,,,
8165273,上海,本科批,物理,,XCAA0F1,专业组01,西南财经大学,1B86,金融数学,,,,,,550,7798,,,,,,550,7798,,,,,,,,,本科,,,,,
8165274,上海,本科批,物理,,XCAA0F1,专业组01,西南财经大学,C831,精算学,,,,,,551,7592,,,,,,551,7592,,,,,,,,,本科,,,,,
8165275,上海,本科批,物理,,XCAA0F1,专业组01,西南财经大学,16DF,金融工程,,,,,,551,7592,,,,,,551,7592,,,,,,,,,本科,,,,,
8165276,上海,本科批,物理,,XCAA0F1,专业组02,西南财经大学,EF7C,工商管理类,,,,,,552,7412,,,,,,552,7412,,,,,,,,,本科,,,,,
8165277,上海,本科批,物理,,XCAA0F1,专业组02,西南财经大学,C43E,工商管理类（会计学院）,会计学院,,,,,553,7218,,,,,,553,7218,,,,,,,,,本科,,,,,
8165278,上海,本科批,物理,,XCAA0F1,专业组02,西南财经大学,E874,法学（法学与金融学双学位）,法学与金融学双学位,,,,,553,7218,,,,,,553,7218,,,,,,,,,本科,,,,,
8165279,上海,本科批,物理,,XCAA0F1,专业组02,西南财经大学,1356,金融学类,,,,,,554,7021,,,,,,554,7021,,,,,,,,,本科,,,,,
8165280,上海,本科批,物理,,XCAA0F1,专业组02,西南财经大学,7B4E,会计学（双语实验班）,双语实验班,,,,,554,7021,,,,,,554,7021,,,,,,,,,本科,,,,,
8165281,上海,本科批,物理,,XCAA0F1,专业组02,西南财经大学,9837,会计学（注册会计师专门化方向）,注册会计师专门化方向,,,,,554,7021,,,,,,554,7021,,,,,,,,,本科,,,,,
8165282,上海,本科批,物理,,XCAA0F1,专业组02,西南财经大学,ED83,金融学（经管国际化创新实验班）,经管国际化创新实验班,,,,,555,6832,,,,,,555,6832,,,,,,,,,本科,,,,,
8166337,上海,本科批,物理,,X147B5F,专业组04,河海大学,873B,土木工程（中外合作办学）,中外合作办学,,,,,526,13085,,,,,,526,13085,,,,,,,,,本科,,,,,
8166338,上海,本科批,物理,,X147B5F,专业组04,河海大学,3E68,机械工程（中外合作办学）,中外合作办学,,,,,531,11919,,,,,,531,11919,,,,,,,,,本科,,,,,
8166339,上海,本科批,物理,,X147B5F,专业组03,河海大学,4145,英语,,,,,,534,11234,,,,,,534,11234,,,,,,,,,本科,,,,,
8166340,上海,本科批,物理,,X147B5F,专业组03,河海大学,C19A,人力资源管理,,,,,,534,11234,,,,,,534,11234,,,,,,,,,本科,,,,,
8166341,上海,本科批,物理,,X147B5F,专业组02,河海大学,D681,信息管理与信息系统,,,,,,537,10538,,,,,,537,10538,,,,,,,,,本科,,,,,
8166342,上海,本科批,物理,,X147B5F,专业组02,河海大学,16DF,金融工程,,,,,,538,10306,,,,,,538,10306,,,,,,,,,本科,,,,,
8166343,上海,本科批,物理,,X147B5F,专业组01,河海大学,03B1,智能科学与技术,,,,,,544,8973,,,,,,544,8973,,,,,,,,,本科,,,,,
8166344,上海,本科批,物理,,X147B5F,专业组01,河海大学,0C52,船舶与海洋工程,,,,,,544,8973,,,,,,544,8973,,,,,,,,,本科,,,,,
8166345,上海,本科批,物理,,X147B5F,专业组01,河海大学,D06C,机械工程,,,,,,544,8973,,,,,,544,8973,,,,,,,,,本科,,,,,
8166346,上海,本科批,物理,,X147B5F,专业组01,河海大学,91CE,水文与水资源工程,,,,,,544,8973,,,,,,544,8973,,,,,,,,,本科,,,,,
8166347,上海,本科批,物理,,X147B5F,专业组01,河海大学,C1B4,水利水电工程,,,,,,545,8758,,,,,,545,8758,,,,,,,,,本科,,,,,
8166348,上海,本科批,物理,,X147B5F,专业组01,河海大学,557A,港口航道与海岸工程,,,,,,545,8758,,,,,,545,8758,,,,,,,,,本科,,,,,
8166349,上海,本科批,物理,,X147B5F,专业组01,河海大学,F11A,机器人工程,,,,,,546,8561,,,,,,546,8561,,,,,,,,,本科,,,,,
8166350,上海,本科批,物理,,X147B5F,专业组01,河海大学,B9A5,计算机科学与技术,,,,,,546,8561,,,,,,546,8561,,,,,,,,,本科,,,,,
8166351,上海,本科批,物理,,X147B5F,专业组01,河海大学,29F4,物联网工程,,,,,,547,8372,,,,,,547,8372,,,,,,,,,本科,,,,,
8166352,上海,本科批,物理,,X147B5F,专业组01,河海大学,A5B7,电气工程及其自动化,,,,,,554,7021,,,,,,554,7021,,,,,,,,,本科,,,,,
8167275,上海,本科批,物理,,XA4DF0B,专业组03,大连海事大学,EA4B,机械设计制造及其自动化（中外合作办学）,中外合作办学,,,,,524,13538,,,,,,524,13538,,,,,,,,,本科,,,,,
8167276,上海,本科提前批,物理,,XA4DF0B,专业组01,大连海事大学,AAA2,轮机工程（海上专业）,海上专业,,,,,524,13538,,,,,,524,13538,,,,,,,,,本科,,,,,
8167277,上海,本科批,物理,,XA4DF0B,专业组03,大连海事大学,873B,土木工程（中外合作办学）,中外合作办学,,,,,524,13538,,,,,,524,13538,,,,,,,,,本科,,,,,
8167278,上海,本科提前批,物理,,XA4DF0B,专业组01,大连海事大学,B8D1,航海技术,,,,,,525,13276,,,,,,525,13276,,,,,,,,,本科,,,,,
8167279,上海,本科批,物理,,XA4DF0B,专业组03,大连海事大学,9F2D,电子信息工程（中外合作办学）,中外合作办学,,,,,530,12143,,,,,,530,12143,,,,,,,,,本科,,,,,
8167280,上海,本科批,物理,,XA4DF0B,专业组02,大连海事大学,C29F,经济学类,,,,,,531,11919,,,,,,531,11919,,,,,,,,,本科,,,,,
8167281,上海,本科批,物理,,XA4DF0B,专业组02,大连海事大学,22DA,交通管理,,,,,,533,11462,,,,,,533,11462,,,,,,,,,本科,,,,,
8167282,上海,本科批,物理,,XA4DF0B,专业组02,大连海事大学,9FB6,海事管理,,,,,,534,11234,,,,,,534,11234,,,,,,,,,本科,,,,,
8167283,上海,本科批,物理,,XA4DF0B,专业组04,大连海事大学,C682,法学（中外合作办学）,中外合作办学,,,,,534,11234,,,,,,534,11234,,,,,,,,,本科,,,,,
8167284,上海,本科批,物理,,XA4DF0B,专业组01,大连海事大学,852C,交通运输类,,,,,,536,10760,,,,,,536,10760,,,,,,,,,本科,,,,,
8167285,上海,本科批,物理,,XA4DF0B,专业组01,大连海事大学,ABA8,环境科学与工程类,,,,,,536,10760,,,,,,536,10760,,,,,,,,,本科,,,,,
8167286,上海,本科批,物理,,XA4DF0B,专业组01,大连海事大学,3615,机械类,,,,,,536,10760,,,,,,536,10760,,,,,,,,,本科,,,,,
8167287,上海,本科批,物理,,XA4DF0B,专业组01,大连海事大学,5669,数学类,,,,,,537,10538,,,,,,537,10538,,,,,,,,,本科,,,,,
8167288,上海,本科批,物理,,XA4DF0B,专业组01,大连海事大学,0184,自动化类,,,,,,537,10538,,,,,,537,10538,,,,,,,,,本科,,,,,
8167289,上海,本科批,物理,,XA4DF0B,专业组01,大连海事大学,861C,电子信息类,,,,,,537,10538,,,,,,537,10538,,,,,,,,,本科,,,,,
8167290,上海,本科批,物理,,XA4DF0B,专业组02,大连海事大学,927B,法学,,,,,,537,10538,,,,,,537,10538,,,,,,,,,本科,,,,,
8167291,上海,本科批,物理,,XA4DF0B,专业组01,大连海事大学,82E6,计算机类,,,,,,538,10306,,,,,,538,10306,,,,,,,,,本科,,,,,
8168070,上海,本科批,物理,,XFE3A39,专业组03,中国石油大学（华东）,A7EA,工商管理类（含:会计学、市场营销专业）,含:会计学、市场营销专业,,,,,526,13085,,,,,,526,13085,,,,,,,,,本科,,,,,
8168071,上海,本科批,物理,,XFE3A39,专业组02,中国石油大学（华东）,FD19,管理科学与工程类（含:工程管理、信息管理与信息系统专业）,含:工程管理、信息管理与信息系统专业,,,,,534,11234,,,,,,534,11234,,,,,,,,,本科,,,,,
8168072,上海,本科批,物理,,XFE3A39,专业组01,中国石油大学（华东）,A687,光电信息科学与工程,,,,,,540,9848,,,,,,540,9848,,,,,,,,,本科,,,,,
8168073,上海,本科批,物理,,XFE3A39,专业组01,中国石油大学（华东）,03B1,智能科学与技术,,,,,,541,9624,,,,,,541,9624,,,,,,,,,本科,,,,,
8168074,上海,本科批,物理,,XFE3A39,专业组01,中国石油大学（华东）,26EC,机械类（智能装备工程方向。含:机械设计制造及其自动化、车辆工程、智能制造工程专业）,智能装备工程方向。含:机械设计制造及其自动化、车辆工程、智能制造工程专业,,,,,543,9186,,,,,,543,9186,,,,,,,,,本科,,,,,
8168948,上海,本科批,物理,,X6D2916,专业组03,长沙理工大学,C19A,人力资源管理,,,,,,476,25541,,,,,,476,25541,,,,,,,,,本科,,,,,
8168949,上海,本科批,物理,,X6D2916,专业组03,长沙理工大学,5E19,会计学,,,,,,485,23293,,,,,,485,23293,,,,,,,,,本科,,,,,
8168950,上海,本科批,物理,,X6D2916,专业组02,长沙理工大学,1C92,数字经济,,,,,,487,22781,,,,,,487,22781,,,,,,,,,本科,,,,,
8168951,上海,本科批,物理,,X6D2916,专业组01,长沙理工大学,548C,信息与计算科学,,,,,,504,18539,,,,,,504,18539,,,,,,,,,本科,,,,,
8168952,上海,本科批,物理,,X6D2916,专业组01,长沙理工大学,0C52,船舶与海洋工程,,,,,,504,18539,,,,,,504,18539,,,,,,,,,本科,,,,,
8168953,上海,本科批,物理,,X6D2916,专业组01,长沙理工大学,25FE,数学与应用数学,,,,,,504,18539,,,,,,504,18539,,,,,,,,,本科,,,,,
8168954,上海,本科批,物理,,X6D2916,专业组01,长沙理工大学,B9A5,计算机科学与技术,,,,,,504,18539,,,,,,504,18539,,,,,,,,,本科,,,,,
8168955,上海,本科批,物理,,X6D2916,专业组01,长沙理工大学,B9E2,智能电网信息工程,,,,,,505,18290,,,,,,505,18290,,,,,,,,,本科,,,,,
8168956,上海,本科批,物理,,X6D2916,专业组01,长沙理工大学,A5B7,电气工程及其自动化,,,,,,510,17049,,,,,,510,17049,,,,,,,,,本科,,,,,
8169851,上海,本科批,物理,,X09B35C,专业组02,上海财经大学,1049,商务英语,,,,,,561,5731,,,,,,561,5731,,,,,,,,,本科,,,,,
8169852,上海,本科批,物理,,X09B35C,专业组02,上海财经大学,6AB9,经济学,,,,,,562,5544,,,,,,562,5544,,,,,,,,,本科,,,,,
8169853,上海,本科批,物理,,X09B35C,专业组02,上海财经大学,68F4,新闻学,,,,,,562,5544,,,,,,562,5544,,,,,,,,,本科,,,,,
8169854,上海,本科批,物理,,X09B35C,专业组02,上海财经大学,1EAF,社会学（经济社会学方向）,经济社会学方向,,,,,562,5544,,,,,,562,5544,,,,,,,,,本科,,,,,
8169855,上海,本科批,物理,,X09B35C,专业组02,上海财经大学,0FBC,金融学,,,,,,562,5544,,,,,,562,5544,,,,,,,,,本科,,,,,
8169856,上海,本科批,物理,,X09B35C,专业组01,上海财经大学,51B6,工商管理类（含:工商管理（商务分析）、工商管理（战略与创新创业）、人力资源管理、市场营销专业）,含:工商管理（商务分析; 战略与创新创业,,,,,564,5180,,,,,,564,5180,,,,,,,,,本科,,,,,
8169857,上海,本科批,物理,,X09B35C,专业组01,上海财经大学,4D45,投资学（含:投资学、房地产开发与管理方向）,含:投资学、房地产开发与管理方向,,,,,564,5180,,,,,,564,5180,,,,,,,,,本科,,,,,
8169858,上海,本科批,物理,,X09B35C,专业组01,上海财经大学,E1BC,公共管理类（含:行政管理、劳动与社会保障专业）,含:行政管理、劳动与社会保障专业,,,,,564,5180,,,,,,564,5180,,,,,,,,,本科,,,,,
8169859,上海,本科批,物理,,X09B35C,专业组01,上海财经大学,9657,财政学类（含:财政学、税收学专业）,含:财政学、税收学专业,,,,,566,4841,,,,,,566,4841,,,,,,,,,本科,,,,,
8169860,上海,本科批,物理,,X09B35C,专业组01,上海财经大学,F29E,财务管理（智能化方向）,智能化方向,,,,,566,4841,,,,,,566,4841,,,,,,,,,本科,,,,,
8169861,上海,本科批,物理,,X09B35C,专业组02,上海财经大学,6B54,经济学（双学士学位。经济学院和数学学院培养方向）,双学士学位。经济学院和数学学院培养方向,,,,,566,4841,,,,,,566,4841,,,,,,,,,本科,,,,,
8169862,上海,本科批,物理,,X09B35C,专业组01,上海财经大学,25DE,国际经济与贸易,,,,,,566,4841,,,,,,566,4841,,,,,,,,,本科,,,,,
8169863,上海,本科批,物理,,X09B35C,专业组03,上海财经大学,D669,电子商务（商务智能方向）,商务智能方向,,,,,567,4662,,,,,,567,4662,,,,,,,,,本科,,,,,
8169864,上海,本科批,物理,,X09B35C,专业组02,上海财经大学,C294,法学（涉外法治实验班。财经法治卓越班方向）,涉外法治实验班。财经法治卓越班方向,,,,,567,4662,,,,,,567,4662,,,,,,,,,本科,,,,,
8169865,上海,本科批,物理,,X09B35C,专业组03,上海财经大学,D681,信息管理与信息系统,,,,,,567,4662,,,,,,567,4662,,,,,,,,,本科,,,,,
8169866,上海,本科批,物理,,X09B35C,专业组03,上海财经大学,1C92,数字经济,,,,,,568,4499,,,,,,568,4499,,,,,,,,,本科,,,,,
8169867,上海,本科批,物理,,X09B35C,专业组03,上海财经大学,0D64,保险学（精算与大数据方向）,精算与大数据方向,,,,,568,4499,,,,,,568,4499,,,,,,,,,本科,,,,,
8169868,上海,本科批,物理,,X09B35C,专业组01,上海财经大学,A8BA,投资学（双学士学位。公管学院和数学学院培养方向）,双学士学位。公管学院和数学学院培养方向,,,,,568,4499,,,,,,568,4499,,,,,,,,,本科,,,,,
8169869,上海,本科批,物理,,X09B35C,专业组04,上海财经大学,59B9,数据科学与大数据技术（工学方向）,工学方向,,,,,569,4317,,,,,,569,4317,,,,,,,,,本科,,,,,
8169870,上海,本科批,物理,,X09B35C,专业组04,上海财经大学,0E00,统计学类（含:统计学（实验班）、经济统计学（金融统计与风险管理）、数据科学与大数据技术（理学）专业）,含:统计学（实验班; 金融统计与风险管理; 理学,,,,,569,4317,,,,,,569,4317,,,,,,,,,本科,,,,,
8170588,上海,本科批,物理,,X00490B,专业组02,天津理工大学,6F56,工程管理,,,,,,470,26996,,,,,,470,26996,,,,,,,,,本科,,,,,
8170589,上海,本科批,物理,,X00490B,专业组01,天津理工大学,29F4,物联网工程,,,,,,487,22781,,,,,,487,22781,,,,,,,,,本科,,,,,
8170590,上海,本科批,物理,,X00490B,专业组01,天津理工大学,F068,人工智能,,,,,,487,22781,,,,,,487,22781,,,,,,,,,本科,,,,,
8170591,上海,本科批,物理,,X00490B,专业组01,天津理工大学,8684,智能制造工程,,,,,,488,22514,,,,,,488,22514,,,,,,,,,本科,,,,,
8171301,上海,本科批,物理,,XD4956D,专业组01,西北大学,9544,考古学,,,,,,523,13763,,,,,,523,13763,,,,,,,,,本科,,,,,
8171302,上海,本科批,物理,,XD4956D,专业组01,西北大学,F272,外国语言文学类（含:英语、日语、俄语专业）,含:英语、日语、俄语专业,,,,,524,13538,,,,,,524,13538,,,,,,,,,本科,,,,,
8171303,上海,本科批,物理,,XD4956D,专业组02,西北大学,0FBC,金融学,,,,,,530,12143,,,,,,530,12143,,,,,,,,,本科,,,,,
8171978,上海,本科批,物理,,X04B9AD,专业组02,安徽大学,9AED,工商管理类（含:会计学、工商管理、市场营销、人力资源管理专业）,含:会计学、工商管理、市场营销、人力资源管理专业,,,,,525,13276,,,,,,525,13276,,,,,,,,,本科,,,,,
8171979,上海,本科批,物理,,X04B9AD,专业组02,安徽大学,0FBC,金融学,,,,,,525,13276,,,,,,525,13276,,,,,,,,,本科,,,,,
8171980,上海,本科批,物理,,X04B9AD,专业组02,安徽大学,89A2,法学类（含:法学、知识产权专业）,含:法学、知识产权专业,,,,,530,12143,,,,,,530,12143,,,,,,,,,本科,,,,,
8171981,上海,本科批,物理,,X04B9AD,专业组03,安徽大学,9CEC,应用物理学（中外合作办学）,中外合作办学,,,,,533,11462,,,,,,533,11462,,,,,,,,,本科,,,,,
8171982,上海,本科批,物理,,X04B9AD,专业组01,安徽大学,4718,数据科学与大数据技术,,,,,,544,8973,,,,,,544,8973,,,,,,,,,本科,,,,,
8171983,上海,本科批,物理,,X04B9AD,专业组01,安徽大学,A5B7,电气工程及其自动化,,,,,,545,8758,,,,,,545,8758,,,,,,,,,本科,,,,,
8171984,上海,本科批,物理,,X04B9AD,专业组01,安徽大学,93E3,电子信息工程,,,,,,545,8758,,,,,,545,8758,,,,,,,,,本科,,,,,
8172650,上海,本科批,物理,,XFF08FC,专业组03,南京师范大学,C349,学前教育（师范）,师范,,,,,537,10538,,,,,,537,10538,,,,,,,,,本科,,,,,
8172651,上海,本科批,物理,,XFF08FC,专业组03,南京师范大学,0A1A,小学教育（师范）,师范,,,,,539,10069,,,,,,539,10069,,,,,,,,,本科,,,,,
8172652,上海,本科批,物理,,XFF08FC,专业组01,南京师范大学,377E,海洋资源与环境,,,,,,541,9624,,,,,,541,9624,,,,,,,,,本科,,,,,
8172653,上海,本科批,物理,,XFF08FC,专业组01,南京师范大学,060A,化学类（化学（师范、非师范）、应用化学）,化学（师范、非师范,,,,,547,8372,,,,,,547,8372,,,,,,,,,本科,,,,,
8172654,上海,本科批,物理,,XFF08FC,专业组02,南京师范大学,1563,历史学类（历史学（师范、非师范）、考古学）,历史学（师范、非师范,,,,,548,8178,,,,,,548,8178,,,,,,,,,本科,,,,,
8173362,上海,本科批,物理,,X70DD86,专业组03,重庆医科大学,4E9C,卫生检验与检疫,,,,,,488,22514,,,,,,488,22514,,,,,,,,,本科,,,,,
8173363,上海,本科批,物理,,X70DD86,专业组03,重庆医科大学,004B,医学信息工程,,,,,,488,22514,,,,,,488,22514,,,,,,,,,本科,,,,,
8173364,上海,本科批,物理,,X70DD86,专业组03,重庆医科大学,9B17,生物信息学,,,,,,489,22270,,,,,,489,22270,,,,,,,,,本科,,,,,
8173365,上海,本科批,物理,,X70DD86,专业组04,重庆医科大学,4BF3,护理学,,,,,,489,22270,,,,,,489,22270,,,,,,,,,本科,,,,,
8173366,上海,本科批,物理,,X70DD86,专业组02,重庆医科大学,817D,康复治疗学,,,,,,502,19008,,,,,,502,19008,,,,,,,,,本科,,,,,
8173367,上海,本科批,物理,,X70DD86,专业组02,重庆医科大学,BE91,医学检验技术,,,,,,505,18290,,,,,,505,18290,,,,,,,,,本科,,,,,
8173368,上海,本科批,物理,,X70DD86,专业组02,重庆医科大学,A39E,预防医学,,,,,,506,18067,,,,,,506,18067,,,,,,,,,本科,,,,,
8173369,上海,本科批,物理,,X70DD86,专业组02,重庆医科大学,10A0,药学,,,,,,508,17567,,,,,,508,17567,,,,,,,,,本科,,,,,
8173370,上海,本科批,物理,,X70DD86,专业组02,重庆医科大学,FFE8,生物医学工程,,,,,,514,15979,,,,,,514,15979,,,,,,,,,本科,,,,,
8173371,上海,本科批,物理,,X70DD86,专业组05,重庆医科大学,C245,"临床医学（中外合作办学）（课程以英语教学为主,非英语语种考生慎报）","中外合作办学; 课程以英语教学为主,非英语语种考生慎报",,,,,536,10760,,,,,,536,10760,,,,,,,,,本科,,,,,
8173372,上海,本科批,物理,,X70DD86,专业组01,重庆医科大学,57E6,医学影像学,,,,,,542,9417,,,,,,542,9417,,,,,,,,,本科,,,,,
8173373,上海,本科批,物理,,X70DD86,专业组01,重庆医科大学,3B42,精神医学,,,,,,547,8372,,,,,,547,8372,,,,,,,,,本科,,,,,
8173374,上海,本科批,物理,,X70DD86,专业组01,重庆医科大学,A5C6,麻醉学,,,,,,548,8178,,,,,,548,8178,,,,,,,,,本科,,,,,
8173375,上海,本科批,物理,,X70DD86,专业组01,重庆医科大学,9C74,眼视光医学,,,,,,549,7975,,,,,,549,7975,,,,,,,,,本科,,,,,
8173376,上海,本科批,物理,,X70DD86,专业组01,重庆医科大学,CD64,儿科学,,,,,,551,7592,,,,,,551,7592,,,,,,,,,本科,,,,,
8173377,上海,本科批,物理,,X70DD86,专业组01,重庆医科大学,97D0,临床医学,,,,,,557,6458,,,,,,557,6458,,,,,,,,,本科,,,,,
8173378,上海,本科批,物理,,X70DD86,专业组01,重庆医科大学,E8ED,临床医学（5+3一体化。第一年在西南大学就读）,5+3一体化。第一年在西南大学就读,,,,,558,6285,,,,,,558,6285,,,,,,,,,本科,,,,,
8173379,上海,本科批,物理,,X70DD86,专业组01,重庆医科大学,5DA6,口腔医学,,,,,,562,5544,,,,,,562,5544,,,,,,,,,本科,,,,,
8174132,上海,本科批,物理,,XB8555F,专业组02,四川师范大学,DCEF,小学教育,,,,,,442,33781,,,,,,442,33781,,,,,,,,,本科,,,,,
8174133,上海,本科批,物理,,XB8555F,专业组01,四川师范大学,D243,汉语言文学,,,,,,505,18290,,,,,,505,18290,,,,,,,,,本科,,,,,
8174994,上海,本科批,物理,,XC789DB,专业组02,集美大学,4154,电子商务,,,,,,444,33286,,,,,,444,33286,,,,,,,,,本科,,,,,
8174995,上海,本科批,物理,,XC789DB,专业组02,集美大学,BB8A,应急管理,,,,,,447,32641,,,,,,447,32641,,,,,,,,,本科,,,,,
8174996,上海,本科批,物理,,XC789DB,专业组02,集美大学,6F56,工程管理,,,,,,447,32641,,,,,,447,32641,,,,,,,,,本科,,,,,
8174997,上海,本科批,物理,,XC789DB,专业组02,集美大学,1C92,数字经济,,,,,,450,31904,,,,,,450,31904,,,,,,,,,本科,,,,,
8174998,上海,本科批,物理,,XC789DB,专业组01,集美大学,557A,港口航道与海岸工程,,,,,,451,31665,,,,,,451,31665,,,,,,,,,本科,,,,,
8174999,上海,本科批,物理,,XC789DB,专业组01,集美大学,924C,智慧交通,,,,,,453,31179,,,,,,453,31179,,,,,,,,,本科,,,,,
8175000,上海,本科批,物理,,XC789DB,专业组01,集美大学,0C52,船舶与海洋工程,,,,,,453,31179,,,,,,453,31179,,,,,,,,,本科,,,,,
8175001,上海,本科批,物理,,XC789DB,专业组01,集美大学,F55B,交通运输,,,,,,457,30232,,,,,,457,30232,,,,,,,,,本科,,,,,
8175002,上海,本科批,物理,,XC789DB,专业组01,集美大学,F068,人工智能,,,,,,458,29994,,,,,,458,29994,,,,,,,,,本科,,,,,
8175003,上海,本科批,物理,,XC789DB,专业组01,集美大学,ECA4,通信工程,,,,,,458,29994,,,,,,458,29994,,,,,,,,,本科,,,,,
8175004,上海,本科批,物理,,XC789DB,专业组01,集美大学,78FF,机械设计制造及其自动化,,,,,,460,29525,,,,,,460,29525,,,,,,,,,本科,,,,,
8175005,上海,本科批,物理,,XC789DB,专业组01,集美大学,B9A5,计算机科学与技术,,,,,,461,29262,,,,,,461,29262,,,,,,,,,本科,,,,,
8175006,上海,本科批,物理,,XC789DB,专业组01,集美大学,4718,数据科学与大数据技术,,,,,,467,27778,,,,,,467,27778,,,,,,,,,本科,,,,,
8175007,上海,本科批,物理,,XC789DB,专业组03,集美大学,8B36,翻译,,,,,,469,27273,,,,,,469,27273,,,,,,,,,本科,,,,,
8175008,上海,本科批,物理,,XC789DB,专业组03,集美大学,0FBC,金融学,,,,,,469,27273,,,,,,469,27273,,,,,,,,,本科,,,,,
8175009,上海,本科批,物理,,XC789DB,专业组03,集美大学,FBFE,物流管理,,,,,,471,26748,,,,,,471,26748,,,,,,,,,本科,,,,,
8175010,上海,本科批,物理,,XC789DB,专业组03,集美大学,671C,日语,,,,,,475,25819,,,,,,475,25819,,,,,,,,,本科,,,,,
8175011,上海,本科批,物理,,XC789DB,专业组03,集美大学,25DE,国际经济与贸易,,,,,,476,25541,,,,,,476,25541,,,,,,,,,本科,,,,,
8175012,上海,本科批,物理,,XC789DB,专业组03,集美大学,978C,审计学,,,,,,479,24795,,,,,,479,24795,,,,,,,,,本科,,,,,
8175013,上海,本科批,物理,,XC789DB,专业组03,集美大学,5E19,会计学,,,,,,486,23040,,,,,,486,23040,,,,,,,,,本科,,,,,
8176298,上海,本科批,物理,,X0EC453,专业组01,河南师范大学,0294,物理学（师范类）,师范类,,,,,468,27525,,,,,,468,27525,,,,,,,,,本科,,,,,
8176299,上海,本科批,物理,,X0EC453,专业组02,河南师范大学,DBB2,历史学（师范类）,师范类,,,,,477,25299,,,,,,477,25299,,,,,,,,,本科,,,,,
8176705,上海,本科批,物理,,X0BBF4F,专业组01,河南理工大学,EAC6,测绘工程（导航方向）,导航方向,,,,,433,35806,,,,,,433,35806,,,,,,,,,本科,,,,,
8176706,上海,本科批,物理,,X0BBF4F,专业组01,河南理工大学,4ECE,土木工程,,,,,,433,35806,,,,,,433,35806,,,,,,,,,本科,,,,,
8176707,上海,本科批,物理,,X0BBF4F,专业组01,河南理工大学,A942,材料科学与工程,,,,,,434,35570,,,,,,434,35570,,,,,,,,,本科,,,,,
8176708,上海,本科批,物理,,X0BBF4F,专业组01,河南理工大学,78FF,机械设计制造及其自动化,,,,,,436,35127,,,,,,436,35127,,,,,,,,,本科,,,,,
8176709,上海,本科批,物理,,X0BBF4F,专业组01,河南理工大学,ECA4,通信工程,,,,,,437,34923,,,,,,437,34923,,,,,,,,,本科,,,,,
8176710,上海,本科批,物理,,X0BBF4F,专业组02,河南理工大学,5257,工业工程,,,,,,442,33781,,,,,,442,33781,,,,,,,,,本科,,,,,
8176711,上海,本科批,物理,,X0BBF4F,专业组03,河南理工大学,0FBC,金融学,,,,,,444,33286,,,,,,444,33286,,,,,,,,,本科,,,,,
8176712,上海,本科批,物理,,X0BBF4F,专业组03,河南理工大学,5E19,会计学,,,,,,447,32641,,,,,,447,32641,,,,,,,,,本科,,,,,
8177436,上海,本科批,物理,,X36A273,专业组01,西南政法大学,92DB,知识产权,,,,,,543,9186,,,,,,543,9186,,,,,,,,,本科,,,,,
8177437,上海,本科批,物理,,X36A273,专业组01,西南政法大学,5129,法学（联合学士学位方向。（法学+法语）双学士学位复合型人才培养项目）,联合学士学位方向。（法学+法语,,,,,544,8973,,,,,,544,8973,,,,,,,,,本科,,,,,
8177438,上海,本科批,物理,,X36A273,专业组01,西南政法大学,927B,法学,,,,,,544,8973,,,,,,544,8973,,,,,,,,,本科,,,,,
8178072,上海,本科批,物理,,X50BC57,专业组01,中国农业大学,0CEE,化学类（含:化学、应用化学专业）,含:化学、应用化学专业,,,,,558,6285,,,,,,558,6285,,,,,,,,,本科,,,,,
8178073,上海,本科批,物理,,X50BC57,专业组01,中国农业大学,2638,植物保护,,,,,,559,6102,,,,,,559,6102,,,,,,,,,本科,,,,,
8178074,上海,本科批,物理,,X50BC57,专业组01,中国农业大学,C5CB,园艺,,,,,,559,6102,,,,,,559,6102,,,,,,,,,本科,,,,,
8178075,上海,本科批,物理,,X50BC57,专业组01,中国农业大学,37AE,农学（含:农学、种子科学与工程方向）,含:农学、种子科学与工程方向,,,,,562,5544,,,,,,562,5544,,,,,,,,,本科,,,,,
8178076,上海,本科批,物理,,X50BC57,专业组01,中国农业大学,19D3,草业科学,,,,,,562,5544,,,,,,562,5544,,,,,,,,,本科,,,,,
8178077,上海,本科批,物理,,X50BC57,专业组01,中国农业大学,5E04,生物科学类（含:生物科学、生物技术专业）,含:生物科学、生物技术专业,,,,,563,5356,,,,,,563,5356,,,,,,,,,本科,,,,,
8178078,上海,本科批,物理,,X50BC57,专业组01,中国农业大学,B763,食品科学与工程类（含:食品科学与工程、食品质量与安全、葡萄与葡萄酒工程、食品营养与健康专业）,含:食品科学与工程、食品质量与安全、葡萄与葡萄酒工程、食品营养与健康专业,,,,,566,4841,,,,,,566,4841,,,,,,,,,本科,,,,,
8178079,上海,本科批,物理,,X50BC57,专业组01,中国农业大学,AA6F,动物医学类（含:动物医学、中兽医学、兽医公共卫生专业）,含:动物医学、中兽医学、兽医公共卫生专业,,,,,571,3998,,,,,,571,3998,,,,,,,,,本科,,,,,
8178929,上海,本科批,物理,,XD7DF35,专业组02,东华大学,4145,英语,,,,,,539,10069,,,,,,539,10069,,,,,,,,,本科,,,,,
8178930,上海,本科批,物理,,XD7DF35,专业组02,东华大学,12E7,经济与贸易类（含:国际经济与贸易、金融学专业）,含:国际经济与贸易、金融学专业,,,,,539,10069,,,,,,539,10069,,,,,,,,,本科,,,,,
8178931,上海,本科批,物理,,XD7DF35,专业组02,东华大学,946F,新闻传播学类（含:传播学、公共关系学专业）,含:传播学、公共关系学专业,,,,,539,10069,,,,,,539,10069,,,,,,,,,本科,,,,,
8178932,上海,本科批,物理,,XD7DF35,专业组02,东华大学,02EF,日语（外语语种为英语、日语）,外语语种为英语、日语,,,,,539,10069,,,,,,539,10069,,,,,,,,,本科,,,,,
8178933,上海,本科批,物理,,XD7DF35,专业组02,东华大学,3CEC,社会科学试验班（含:法学、行政管理专业）,含:法学、行政管理专业,,,,,540,9848,,,,,,540,9848,,,,,,,,,本科,,,,,
8178934,上海,本科批,物理,,XD7DF35,专业组01,东华大学,3BE2,服装设计与工程（双一流学科）,双一流学科,,,,,543,9186,,,,,,543,9186,,,,,,,,,本科,,,,,
8178935,上海,本科批,物理,,XD7DF35,专业组01,东华大学,BCD4,纺织类（含:纺织工程、非织造材料与工程专业。双一流学科）,含:纺织工程、非织造材料与工程专业。双一流学科,,,,,544,8973,,,,,,544,8973,,,,,,,,,本科,,,,,
8178936,上海,本科批,物理,,XD7DF35,专业组01,东华大学,FAF2,"理科试验班（含:服装设计与工程、纺织工程、轻化工程、生物工程、应用化学、非织造材料与工程、高分子材料与工程、无机非金属材料工程、复合材料与工程专业。隶属于钱宝钧学院,大一结束后按相关规定面向全校进行专业分流（特殊类型招生专业除外））","含:服装设计与工程、纺织工程、轻化工程、生物工程、应用化学、非织造材料与工程、高分子材料与工程、无机非金属材料工程、复合材料与工程专业。隶属于钱宝钧学院,大一结束后按相关规定面向全校进行专业分流（特殊类型招生专业除外",,,,,544,8973,,,,,,544,8973,,,,,,,,,本科,,,,,
8178937,上海,本科批,物理,,XD7DF35,专业组01,东华大学,FB24,化学类（含:轻化工程、应用化学专业）,含:轻化工程、应用化学专业,,,,,544,8973,,,,,,544,8973,,,,,,,,,本科,,,,,
8178938,上海,本科批,物理,,XD7DF35,专业组01,东华大学,46FE,功能材料（双一流学科）,双一流学科,,,,,545,8758,,,,,,545,8758,,,,,,,,,本科,,,,,
8178939,上海,本科批,物理,,XD7DF35,专业组01,东华大学,52E9,生物工程（生物医药方向）,生物医药方向,,,,,545,8758,,,,,,545,8758,,,,,,,,,本科,,,,,
8178940,上海,本科批,物理,,XD7DF35,专业组03,东华大学,0B82,管理科学与工程类（含:信息管理与信息系统、电子商务、供应链管理专业）,含:信息管理与信息系统、电子商务、供应链管理专业,,,,,545,8758,,,,,,545,8758,,,,,,,,,本科,,,,,
8178941,上海,本科批,物理,,XD7DF35,专业组02,东华大学,BF3C,经济管理试验班（含:市场营销、财务管理、会计学、工商管理专业）,含:市场营销、财务管理、会计学、工商管理专业,,,,,545,8758,,,,,,545,8758,,,,,,,,,本科,,,,,
8178942,上海,本科批,物理,,XD7DF35,专业组03,东华大学,6A3A,建筑环境与能源应用工程,,,,,,545,8758,,,,,,545,8758,,,,,,,,,本科,,,,,
8178943,上海,本科批,物理,,XD7DF35,专业组03,东华大学,E347,工业设计,,,,,,545,8758,,,,,,545,8758,,,,,,,,,本科,,,,,
8178944,上海,本科批,物理,,XD7DF35,专业组03,东华大学,5A27,数学类（金融与统计方向。含:数学与应用数学、统计学专业）,金融与统计方向。含:数学与应用数学、统计学专业,,,,,546,8561,,,,,,546,8561,,,,,,,,,本科,,,,,
8178945,上海,本科批,物理,,XD7DF35,专业组01,东华大学,B83E,材料类（含:高分子材料与工程、无机非金属材料工程、复合材料与工程专业。双一流学科）,含:高分子材料与工程、无机非金属材料工程、复合材料与工程专业。双一流学科,,,,,546,8561,,,,,,546,8561,,,,,,,,,本科,,,,,
8178946,上海,本科批,物理,,XD7DF35,专业组01,东华大学,72BC,纺织工程（纺织工程与产品设计双学士学位项目。双一流学科）,纺织工程与产品设计双学士学位项目。双一流学科,,,,,546,8561,,,,,,546,8561,,,,,,,,,本科,,,,,
8178947,上海,本科批,物理,,XD7DF35,专业组03,东华大学,8684,智能制造工程,,,,,,546,8561,,,,,,546,8561,,,,,,,,,本科,,,,,
8178948,上海,本科批,物理,,XD7DF35,专业组03,东华大学,D06C,机械工程,,,,,,546,8561,,,,,,546,8561,,,,,,,,,本科,,,,,
8179657,上海,本科批,物理,,X8F4791,专业组01,重庆邮电大学,4A30,电子信息类（通信与信息类。含:通信工程、电子信息工程专业）,通信与信息类。含:通信工程、电子信息工程专业,,,,,537,10538,,,,,,537,10538,,,,,,,,,本科,,,,,
8179658,上海,本科批,物理,,X8F4791,专业组01,重庆邮电大学,607E,计算机类（计算机与智能科学类。含:计算机科学与技术、智能科学与技术、数据科学与大数据技术、人工智能专业）,计算机与智能科学类。含:计算机科学与技术、智能科学与技术、数据科学与大数据技术、人工智能专业,,,,,537,10538,,,,,,537,10538,,,,,,,,,本科,,,,,
8180448,上海,本科批,物理,,X856A16,专业组01,华北理工大学,38B5,能源化学工程,,,,,,425,37468,,,,,,425,37468,,,,,,,,,本科,,,,,
8180449,上海,本科批,物理,,X856A16,专业组01,华北理工大学,6F5A,碳储科学与工程,,,,,,440,34239,,,,,,440,34239,,,,,,,,,本科,,,,,
8180450,上海,本科批,物理,,X856A16,专业组02,华北理工大学,3B42,精神医学,,,,,,479,24795,,,,,,479,24795,,,,,,,,,本科,,,,,
8180451,上海,本科批,物理,,X856A16,专业组03,华北理工大学,97D0,临床医学,,,,,,488,22514,,,,,,488,22514,,,,,,,,,本科,,,,,
8181171,上海,本科批,物理,,X4F8236,专业组02,中国人民大学,A6F9,"新闻传播学类（含:新闻学、广播电视学、广告学、传播学、国际新闻与传播专业。无时点专业选择。特色培养项目:法学-新闻学（保研率超70%）、传播学-公共管理、新媒体运营-数据管理3个双主学位项目,创意传播实验班。国际交流:与哥伦比亚大学、加州大学戴维斯分校等世界知名大学新闻院系是姊妹院校合作关系,境外交流奖学金资助全员覆盖）",含:新闻学、广播电视学、广告学、传播学、国际新闻与传播专业。无时点专业选择。特色培养项目:法学-新闻学（保研率超70%,,,,,580,2684,,,,,,580,2684,,,,,,,,,本科,,,,,
8181172,上海,本科批,物理,,X4F8236,专业组02,中国人民大学,4515,"金融学类（含:金融学、保险学、信用管理专业。培养专业含:金融工程。特色培养项目:金融学-数据科学与大数据技术（工学）双主学位项目。国际交流:含:剑桥大学本科生访学项目,康奈尔大学暑期学校、伊利诺伊大学香槟分校、明尼苏达双城大学、威斯康星大学麦迪逊分校、新加坡管理大学双硕士学位联合培养项目等）",含:金融学、保险学、信用管理专业。培养专业含:金融工程。特色培养项目:金融学-数据科学与大数据技术（工学,,,,,580,2684,,,,,,580,2684,,,,,,,,,本科,,,,,
8181173,上海,本科批,物理,,X4F8236,专业组01,中国人民大学,40C1,"人工智能（拔尖班。全员拔尖,培养人工智能精英人才。学科实力和师资力量雄厚。高层次培养,高质量中英文课程。实践资源丰富,5个省部级实验室和研究中心,3个校企联合实验室,20+高端实践基地。实行本科生科研领航计划,本科生全员配备学术导师,多位在校本科生发表国际论文）","拔尖班。全员拔尖,培养人工智能精英人才。学科实力和师资力量雄厚。高层次培养,高质量中英文课程。实践资源丰富,5个省部级实验室和研究中心,3个校企联合实验室,20+高端实践基地。实行本科生科研领航计划,本科生全员配备学术导师,多位在校本科生发表国际论文",,,,,580,2684,,,,,,580,2684,,,,,,,,,本科,,,,,
8181174,上海,本科批,物理,,X4F8236,专业组01,中国人民大学,2598,"统计学类（含:经济统计学、应用统计学、统计学、数据科学与大数据技术专业。特色培养项目:统计学（统计与数据科学）拔尖班,应用经济-数据科学（理学、经济学）、统计-公共管理（经济学、管理学）、数据科学-营销管理（理学、管理学）3个双主学位项目。国际交流:含:威斯康星大学统计学升学项目、爱荷华州立大学统计学博士推荐项目等）",含:经济统计学、应用统计学、统计学、数据科学与大数据技术专业。特色培养项目:统计学（统计与数据科学; 理学、经济学; 经济学、管理学; 理学、管理学,,,,,580,2684,,,,,,580,2684,,,,,,,,,本科,,,,,
8181175,上海,本科批,物理,,X4F8236,专业组02,中国人民大学,3BD2,"经济学类（含:经济学、国民经济管理、能源经济、国际经济与贸易专业。无时点专业选择,培养专业含:数字经济。特色培养项目:经济学-数学、应用经济-数据科学、应用经济-农村区域发展管理、经济学-社会学、经济学-历史学5个双主学位项目,经济学（中国特色经济学方向）拔尖班。国际交流:含:威斯康星大学麦迪逊分校等联合培养项目）","含:经济学、国民经济管理、能源经济、国际经济与贸易专业。无时点专业选择,培养专业含:数字经济。特色培养项目:经济学-数学、应用经济-数据科学、应用经济-农村区域发展管理、经济学-社会学、经济学-历史学5个双主学位项目,经济学（中国特色经济学方向",,,,,580,2684,,,,,,580,2684,,,,,,,,,本科,,,,,
8181176,上海,本科批,物理,,X4F8236,专业组02,中国人民大学,3AB4,"人文科学试验班（含:哲学、宗教学、伦理学、汉语言文学、汉语言、历史学、世界史、考古学、中国古典学、艺术管理专业。特色培养项目:古典学实验班,国学-古典学双主学位项目。国际交流:含:日本东京大学互访研学项目、牛津大学赫特福德学院学生交换项目、比利时根特大学和美国夏威夷大学3+1+1联合培养项目等）","含:哲学、宗教学、伦理学、汉语言文学、汉语言、历史学、世界史、考古学、中国古典学、艺术管理专业。特色培养项目:古典学实验班,国学-古典学双主学位项目。国际交流:含:日本东京大学互访研学项目、牛津大学赫特福德学院学生交换项目、比利时根特大学和美国夏威夷大学3+1+1联合培养项目等",,,,,580,2684,,,,,,580,2684,,,,,,,,,本科,,,,,
8181177,上海,本科批,物理,,X4F8236,专业组02,中国人民大学,4CED,"法学（特色培养项目:法学-新闻学、工商管理-法学、涉外法治3个双主学位项目,法学-劳动关系实验班。国际交流:含:哈佛大学、新加坡国立大学等免学费交换项目,亚洲校园+项目（中日韩三国政府奖学金支持）、中欧欧洲法国际组织后备人才培养项目（国家留基委资助）等）","特色培养项目:法学-新闻学、工商管理-法学、涉外法治3个双主学位项目,法学-劳动关系实验班。国际交流:含:哈佛大学、新加坡国立大学等免学费交换项目,亚洲校园+项目（中日韩三国政府奖学金支持; 国家留基委资助",,,,,580,2684,,,,,,580,2684,,,,,,,,,本科,,,,,
8181178,上海,本科批,物理,,X4F8236,专业组02,中国人民大学,98E4,"社会科学试验班（管理学科类。含:资源与环境经济学、农林经济管理、农村区域发展、行政管理、城市管理、土地资源管理、信息资源管理、档案学专业。培养专业含:大数据管理与应用。特色培养项目:经济学-科学实验班,资源环境经济学-公共管理双主学位项目。国际交流:美国华盛顿大学、英国剑桥大学、德国慕尼黑工业大学、荷兰格罗宁根大学、日本一桥大学等院际学生交换项目）","管理学科类。含:资源与环境经济学、农林经济管理、农村区域发展、行政管理、城市管理、土地资源管理、信息资源管理、档案学专业。培养专业含:大数据管理与应用。特色培养项目:经济学-科学实验班,资源环境经济学-公共管理双主学位项目。国际交流:美国华盛顿大学、英国剑桥大学、德国慕尼黑工业大学、荷兰格罗宁根大学、日本一桥大学等院际学生交换项目",,,,,580,2684,,,,,,580,2684,,,,,,,,,本科,,,,,
8181935,上海,本科批,物理,,X431968,专业组01,太原理工大学,25DE,国际经济与贸易,,,,,,520,14532,,,,,,520,14532,,,,,,,,,本科,,,,,
8181936,上海,本科批,物理,,X431968,专业组02,太原理工大学,4718,数据科学与大数据技术,,,,,,534,11234,,,,,,534,11234,,,,,,,,,本科,,,,,
8181937,上海,本科批,物理,,X431968,专业组02,太原理工大学,4C65,自动化,,,,,,535,10985,,,,,,535,10985,,,,,,,,,本科,,,,,
8181938,上海,本科批,物理,,X431968,专业组02,太原理工大学,78FF,机械设计制造及其自动化,,,,,,535,10985,,,,,,535,10985,,,,,,,,,本科,,,,,
8182796,上海,本科批,物理,,X7984E7,专业组01,山东理工大学,0FBC,金融学,,,,,,447,32641,,,,,,447,32641,,,,,,,,,本科,,,,,
8183507,上海,本科批,物理,,X12DC67,专业组02,杭州电子科技大学,A9F4,德语,,,,,,481,24337,,,,,,481,24337,,,,,,,,,本科,,,,,
8183508,上海,本科批,物理,,X12DC67,专业组02,杭州电子科技大学,4145,英语,,,,,,482,24080,,,,,,482,24080,,,,,,,,,本科,,,,,
8183509,上海,本科批,物理,,X12DC67,专业组02,杭州电子科技大学,7022,社会学,,,,,,484,23553,,,,,,484,23553,,,,,,,,,本科,,,,,
8183510,上海,本科批,物理,,X12DC67,专业组02,杭州电子科技大学,A615,汉语国际教育,,,,,,486,23040,,,,,,486,23040,,,,,,,,,本科,,,,,
8183511,上海,本科批,物理,,X12DC67,专业组02,杭州电子科技大学,6652,金融学（可参加学校金融学CFA方向班项目）,可参加学校金融学CFA方向班项目,,,,,490,22003,,,,,,490,22003,,,,,,,,,本科,,,,,
8183512,上海,本科批,物理,,X12DC67,专业组02,杭州电子科技大学,DDF0,经济学类（含:国际经济与贸易、经济学专业）,含:国际经济与贸易、经济学专业,,,,,501,19243,,,,,,501,19243,,,,,,,,,本科,,,,,
8183513,上海,本科批,物理,,X12DC67,专业组01,杭州电子科技大学,E347,工业设计,,,,,,539,10069,,,,,,539,10069,,,,,,,,,本科,,,,,
8183514,上海,本科批,物理,,X12DC67,专业组01,杭州电子科技大学,A942,材料科学与工程,,,,,,540,9848,,,,,,540,9848,,,,,,,,,本科,,,,,
8183515,上海,本科批,物理,,X12DC67,专业组01,杭州电子科技大学,B8A5,电子信息类（通信学院。含:通信工程、信息对抗技术专业）,通信学院。含:通信工程、信息对抗技术专业,,,,,543,9186,,,,,,543,9186,,,,,,,,,本科,,,,,
8183516,上海,本科批,物理,,X12DC67,专业组01,杭州电子科技大学,E2C6,计算机类（含:计算机科学与技术、软件工程专业）,含:计算机科学与技术、软件工程专业,,,,,544,8973,,,,,,544,8973,,,,,,,,,本科,,,,,
8184142,上海,本科批,物理,,XDB2815,专业组05,上海理工大学,A9F4,德语,,,,,,502,19008,,,,,,502,19008,,,,,,,,,本科,,,,,
8184143,上海,本科批,物理,,XDB2815,专业组05,上海理工大学,71EC,会展经济与管理（中外合作办学）（中英合作）,中外合作办学; 中英合作,,,,,502,19008,,,,,,502,19008,,,,,,,,,本科,,,,,
8184144,上海,本科批,物理,,XDB2815,专业组05,上海理工大学,3FB1,工商管理（中外合作办学）（中英合作）,中外合作办学; 中英合作,,,,,502,19008,,,,,,502,19008,,,,,,,,,本科,,,,,
8184145,上海,本科批,物理,,XDB2815,专业组05,上海理工大学,4145,英语,,,,,,502,19008,,,,,,502,19008,,,,,,,,,本科,,,,,
8184146,上海,本科批,物理,,XDB2815,专业组05,上海理工大学,7AE7,工商管理（中外合作办学）（中美合作）,中外合作办学; 中美合作,,,,,503,18767,,,,,,503,18767,,,,,,,,,本科,,,,,
8184147,上海,本科批,物理,,XDB2815,专业组05,上海理工大学,6BAC,新闻传播学类（含:广告学、传播学、编辑出版学专业）,含:广告学、传播学、编辑出版学专业,,,,,504,18539,,,,,,504,18539,,,,,,,,,本科,,,,,
8184148,上海,本科批,物理,,XDB2815,专业组05,上海理工大学,CDA0,国际经济与贸易（中外合作办学）（中德合作）,中外合作办学; 中德合作,,,,,505,18290,,,,,,505,18290,,,,,,,,,本科,,,,,
8184149,上海,本科批,物理,,XDB2815,专业组05,上海理工大学,671C,日语,,,,,,509,17313,,,,,,509,17313,,,,,,,,,本科,,,,,
8184150,上海,本科批,物理,,XDB2815,专业组05,上海理工大学,E90C,经济管理试验班（含:税收学、金融学、国际经济与贸易、会计学、公共事业管理专业）,含:税收学、金融学、国际经济与贸易、会计学、公共事业管理专业,,,,,510,17049,,,,,,510,17049,,,,,,,,,本科,,,,,
8184151,上海,本科批,物理,,XDB2815,专业组02,上海理工大学,0FBC,金融学,,,,,,521,14281,,,,,,521,14281,,,,,,,,,本科,,,,,
8184152,上海,本科批,物理,,XDB2815,专业组02,上海理工大学,5E19,会计学,,,,,,523,13763,,,,,,523,13763,,,,,,,,,本科,,,,,
8184153,上海,本科批,物理,,XDB2815,专业组04,上海理工大学,5257,工业工程,,,,,,524,13538,,,,,,524,13538,,,,,,,,,本科,,,,,
8184154,上海,本科批,物理,,XDB2815,专业组03,上海理工大学,F861,工科试验班（智能化制造类。含:机械设计制造及其自动化、材料成型及控制工程、工业设计、过程装备与控制工程、车辆工程、材料科学与工程、能源与动力工程、新能源科学与工程、储能科学与工程、机器人工程、土木工程、建筑环境与能源应用工程、制药工程、交通工程、环境工程、生物医学工程、康复工程、食品科学与工程、食品质量与安全、应用化学、生物技术专业。专业分流后学费按专业所属学科门类收取）,智能化制造类。含:机械设计制造及其自动化、材料成型及控制工程、工业设计、过程装备与控制工程、车辆工程、材料科学与工程、能源与动力工程、新能源科学与工程、储能科学与工程、机器人工程、土木工程、建筑环境与能源应用工程、制药工程、交通工程、环境工程、生物医学工程、康复工程、食品科学与工程、食品质量与安全、应用化学、生物技术专业。专业分流后学费按专业所属学科门类收取,,,,,525,13276,,,,,,525,13276,,,,,,,,,本科,,,,,
8184155,上海,本科批,物理,,XDB2815,专业组03,上海理工大学,696B,机械设计制造及其自动化（中外合作办学）（合作高校为德国富特旺根应用技术大学）,中外合作办学; 合作高校为德国富特旺根应用技术大学,,,,,525,13276,,,,,,525,13276,,,,,,,,,本科,,,,,
8184156,上海,本科批,物理,,XDB2815,专业组04,上海理工大学,0E6B,管理科学,,,,,,525,13276,,,,,,525,13276,,,,,,,,,本科,,,,,
8184157,上海,本科批,物理,,XDB2815,专业组03,上海理工大学,D5A8,机械设计制造及其自动化（中外合作办学）（中英合作）,中外合作办学; 中英合作,,,,,527,12860,,,,,,527,12860,,,,,,,,,本科,,,,,
8184158,上海,本科批,物理,,XDB2815,专业组03,上海理工大学,2B42,电气工程及其自动化（中外合作办学）（中德合作）,中外合作办学; 中德合作,,,,,529,12388,,,,,,529,12388,,,,,,,,,本科,,,,,
8184159,上海,本科批,物理,,XDB2815,专业组04,上海理工大学,D681,信息管理与信息系统,,,,,,530,12143,,,,,,530,12143,,,,,,,,,本科,,,,,
8184160,上海,本科批,物理,,XDB2815,专业组03,上海理工大学,E224,电子信息科学与技术（中外合作办学）（中英合作）,中外合作办学; 中英合作,,,,,531,11919,,,,,,531,11919,,,,,,,,,本科,,,,,
8184161,上海,本科批,物理,,XDB2815,专业组03,上海理工大学,A1A9,理科试验班（含:数学与应用数学、应用物理学专业）,含:数学与应用数学、应用物理学专业,,,,,533,11462,,,,,,533,11462,,,,,,,,,本科,,,,,
8184510,上海,本科批,物理,,XCF4C46,专业组02,重庆工商大学,4154,电子商务,,,,,,442,33781,,,,,,442,33781,,,,,,,,,本科,,,,,
8184511,上海,本科批,物理,,XCF4C46,专业组01,重庆工商大学,16DF,金融工程,,,,,,443,33531,,,,,,443,33531,,,,,,,,,本科,,,,,
8184512,上海,本科批,物理,,XCF4C46,专业组02,重庆工商大学,6681,金融学类（含:金融学、保险学、投资学专业）,含:金融学、保险学、投资学专业,,,,,444,33286,,,,,,444,33286,,,,,,,,,本科,,,,,
8184513,上海,本科批,物理,,XCF4C46,专业组02,重庆工商大学,E051,经济学（单色识别不全者不取）,单色识别不全者不取,,,,,447,32641,,,,,,447,32641,,,,,,,,,本科,,,,,
8184514,上海,本科批,物理,,XCF4C46,专业组01,重庆工商大学,9E3E,数字经济（单色识别不全者不取）,单色识别不全者不取,,,,,447,32641,,,,,,447,32641,,,,,,,,,本科,,,,,
8184515,上海,本科批,物理,,XCF4C46,专业组02,重庆工商大学,3F47,工商管理类（含:工商管理、人力资源管理、市场营销、国际商务专业。单色识别不全者不取）,含:工商管理、人力资源管理、市场营销、国际商务专业。单色识别不全者不取,,,,,451,31665,,,,,,451,31665,,,,,,,,,本科,,,,,
8185238,上海,本科批,物理,,X0DE5F7,专业组02,重庆理工大学,1C92,数字经济,,,,,,449,32134,,,,,,449,32134,,,,,,,,,本科,,,,,
8185239,上海,本科批,物理,,X0DE5F7,专业组03,重庆理工大学,04A0,工商管理,,,,,,452,31399,,,,,,452,31399,,,,,,,,,本科,,,,,
8185240,上海,本科批,物理,,X0DE5F7,专业组03,重庆理工大学,5E19,会计学,,,,,,457,30232,,,,,,457,30232,,,,,,,,,本科,,,,,
8185241,上海,本科批,物理,,X0DE5F7,专业组01,重庆理工大学,A687,光电信息科学与工程,,,,,,459,29755,,,,,,459,29755,,,,,,,,,本科,,,,,
8185242,上海,本科批,物理,,X0DE5F7,专业组01,重庆理工大学,8684,智能制造工程,,,,,,461,29262,,,,,,461,29262,,,,,,,,,本科,,,,,
8186025,上海,本科批,物理,,X022059,专业组05,山东师范大学,B1EC,中国语言文学类,,,,,,471,26748,,,,,,471,26748,,,,,,,,,本科,,,,,
8186026,上海,本科批,物理,,X022059,专业组05,山东师范大学,1356,金融学类,,,,,,471,26748,,,,,,471,26748,,,,,,,,,本科,,,,,
8186027,上海,本科批,物理,,X022059,专业组05,山东师范大学,EF7C,工商管理类,,,,,,471,26748,,,,,,471,26748,,,,,,,,,本科,,,,,
8186028,上海,本科批,物理,,X022059,专业组06,山东师范大学,2242,广播电视编导,,,,,,475,25819,,,,,,475,25819,,,,,,,,,本科,,,,,
8186029,上海,本科批,物理,,X022059,专业组05,山东师范大学,9301,新闻传播学类,,,,,,476,25541,,,,,,476,25541,,,,,,,,,本科,,,,,
8186030,上海,本科批,物理,,X022059,专业组05,山东师范大学,46AC,公共管理类,,,,,,476,25541,,,,,,476,25541,,,,,,,,,本科,,,,,
8186031,上海,本科批,物理,,X022059,专业组05,山东师范大学,927B,法学,,,,,,476,25541,,,,,,476,25541,,,,,,,,,本科,,,,,
8186032,上海,本科批,物理,,X022059,专业组05,山东师范大学,671C,日语,,,,,,476,25541,,,,,,476,25541,,,,,,,,,本科,,,,,
8186033,上海,本科批,物理,,X022059,专业组05,山东师范大学,4145,英语,,,,,,482,24080,,,,,,482,24080,,,,,,,,,本科,,,,,
8186034,上海,本科批,物理,,X022059,专业组02,山东师范大学,11E3,心理学类,,,,,,483,23814,,,,,,483,23814,,,,,,,,,本科,,,,,
8186035,上海,本科批,物理,,X022059,专业组01,山东师范大学,B5AE,化学,,,,,,483,23814,,,,,,483,23814,,,,,,,,,本科,,,,,
8186036,上海,本科批,物理,,X022059,专业组05,山东师范大学,4873,历史学,,,,,,485,23293,,,,,,485,23293,,,,,,,,,本科,,,,,
8186037,上海,本科批,物理,,X022059,专业组01,山东师范大学,D035,生物科学类,,,,,,486,23040,,,,,,486,23040,,,,,,,,,本科,,,,,
8186038,上海,本科批,物理,,X022059,专业组01,山东师范大学,82E6,计算机类,,,,,,487,22781,,,,,,487,22781,,,,,,,,,本科,,,,,
8186039,上海,本科批,物理,,X022059,专业组02,山东师范大学,D681,信息管理与信息系统,,,,,,487,22781,,,,,,487,22781,,,,,,,,,本科,,,,,
8186040,上海,本科批,物理,,X022059,专业组04,山东师范大学,E118,地理科学类,,,,,,493,21226,,,,,,493,21226,,,,,,,,,本科,,,,,
8186041,上海,本科批,物理,,X022059,专业组05,山东师范大学,5CC8,哲学,,,,,,500,19486,,,,,,500,19486,,,,,,,,,本科,,,,,
8186042,上海,本科批,物理,,X022059,专业组03,山东师范大学,51C8,思想政治教育,,,,,,501,19243,,,,,,501,19243,,,,,,,,,本科,,,,,
8186952,上海,本科批,物理,,XAFC6EE,专业组01,湘潭大学,D43F,西班牙语,,,,,,492,21473,,,,,,492,21473,,,,,,,,,本科,,,,,
8186953,上海,本科批,物理,,XAFC6EE,专业组01,湘潭大学,8607,法语,,,,,,492,21473,,,,,,492,21473,,,,,,,,,本科,,,,,
8186954,上海,本科批,物理,,XAFC6EE,专业组01,湘潭大学,5E19,会计学,,,,,,494,20956,,,,,,494,20956,,,,,,,,,本科,,,,,
8186955,上海,本科批,物理,,XAFC6EE,专业组01,湘潭大学,0FBC,金融学,,,,,,497,20203,,,,,,497,20203,,,,,,,,,本科,,,,,
8186956,上海,本科批,物理,,XAFC6EE,专业组01,湘潭大学,927B,法学,,,,,,500,19486,,,,,,500,19486,,,,,,,,,本科,,,,,
8187863,上海,本科批,物理,,XE69765,专业组02,青岛科技大学,A9F4,德语,,,,,,442,33781,,,,,,442,33781,,,,,,,,,本科,,,,,
8187864,上海,本科批,物理,,XE69765,专业组02,青岛科技大学,3739,广告学,,,,,,442,33781,,,,,,442,33781,,,,,,,,,本科,,,,,
8187865,上海,本科批,物理,,XE69765,专业组01,青岛科技大学,7932,电子信息科学与技术,,,,,,466,28028,,,,,,466,28028,,,,,,,,,本科,,,,,
8187866,上海,本科批,物理,,XE69765,专业组01,青岛科技大学,531F,高分子材料与工程（橡胶工程方向。无色盲、色弱）,橡胶工程方向。无色盲、色弱,,,,,471,26748,,,,,,471,26748,,,,,,,,,本科,,,,,
8188602,上海,本科批,物理,,X7B6DC2,专业组01,陕西师范大学,D035,生物科学类,,,,,,522,14026,,,,,,522,14026,,,,,,,,,本科,,,,,
8188603,上海,本科批,物理,,X7B6DC2,专业组03,陕西师范大学,9301,新闻传播学类,,,,,,524,13538,,,,,,524,13538,,,,,,,,,本科,,,,,
8188604,上海,本科批,物理,,X7B6DC2,专业组01,陕西师范大学,2426,材料类,,,,,,532,11678,,,,,,532,11678,,,,,,,,,本科,,,,,
8188605,上海,本科批,物理,,X7B6DC2,专业组01,陕西师范大学,82E6,计算机类,,,,,,533,11462,,,,,,533,11462,,,,,,,,,本科,,,,,
8188606,上海,本科批,物理,,X7B6DC2,专业组02,陕西师范大学,B1EC,中国语言文学类,,,,,,534,11234,,,,,,534,11234,,,,,,,,,本科,,,,,
8189450,上海,本科批,物理,,X73CAF5,专业组01,西华大学,04A0,工商管理,,,,,,444,33286,,,,,,444,33286,,,,,,,,,本科,,,,,
8189451,上海,本科批,物理,,X73CAF5,专业组01,西华大学,FB18,财务管理,,,,,,445,33071,,,,,,445,33071,,,,,,,,,本科,,,,,
8189452,上海,本科批,物理,,X73CAF5,专业组01,西华大学,927B,法学,,,,,,452,31399,,,,,,452,31399,,,,,,,,,本科,,,,,
8189905,上海,本科批,物理,,X230FF7,专业组02,华南师范大学,9CA5,传播学,,,,,,529,12388,,,,,,529,12388,,,,,,,,,本科,,,,,
8189906,上海,本科批,物理,,X230FF7,专业组01,华南师范大学,052B,心理学（师范类）,师范类,,,,,547,8372,,,,,,547,8372,,,,,,,,,本科,,,,,
8190455,上海,本科批,物理,,X39E232,专业组03,河南工业大学,6223,生物技术（中外合作办学）,中外合作办学,,,,,420,38443,,,,,,420,38443,,,,,,,,,本科,,,,,
8190456,上海,本科批,物理,,X39E232,专业组03,河南工业大学,A7B5,物联网工程（中外合作办学）,中外合作办学,,,,,421,38266,,,,,,421,38266,,,,,,,,,本科,,,,,
8190457,上海,本科批,物理,,X39E232,专业组03,河南工业大学,F14C,食品科学与工程（中外合作办学）,中外合作办学,,,,,425,37468,,,,,,425,37468,,,,,,,,,本科,,,,,
8190458,上海,本科批,物理,,X39E232,专业组02,河南工业大学,68F4,新闻学,,,,,,432,36033,,,,,,432,36033,,,,,,,,,本科,,,,,
8190459,上海,本科批,物理,,X39E232,专业组02,河南工业大学,5D72,网络与新媒体,,,,,,432,36033,,,,,,432,36033,,,,,,,,,本科,,,,,
8190460,上海,本科批,物理,,X39E232,专业组02,河南工业大学,25DE,国际经济与贸易,,,,,,432,36033,,,,,,432,36033,,,,,,,,,本科,,,,,
8190461,上海,本科批,物理,,X39E232,专业组02,河南工业大学,8B36,翻译,,,,,,433,35806,,,,,,433,35806,,,,,,,,,本科,,,,,
8190462,上海,本科批,物理,,X39E232,专业组02,河南工业大学,4145,英语,,,,,,433,35806,,,,,,433,35806,,,,,,,,,本科,,,,,
8190463,上海,本科批,物理,,X39E232,专业组02,河南工业大学,0FBC,金融学,,,,,,433,35806,,,,,,433,35806,,,,,,,,,本科,,,,,
8190464,上海,本科批,物理,,X39E232,专业组02,河南工业大学,21BA,财政学,,,,,,434,35570,,,,,,434,35570,,,,,,,,,本科,,,,,
8190465,上海,本科批,物理,,X39E232,专业组02,河南工业大学,6AB9,经济学,,,,,,434,35570,,,,,,434,35570,,,,,,,,,本科,,,,,
8190466,上海,本科批,物理,,X39E232,专业组01,河南工业大学,3813,空间信息与数字技术,,,,,,435,35341,,,,,,435,35341,,,,,,,,,本科,,,,,
8190467,上海,本科批,物理,,X39E232,专业组02,河南工业大学,5E19,会计学,,,,,,435,35341,,,,,,435,35341,,,,,,,,,本科,,,,,
8190468,上海,本科批,物理,,X39E232,专业组02,河南工业大学,927B,法学,,,,,,436,35127,,,,,,436,35127,,,,,,,,,本科,,,,,
8190469,上海,本科批,物理,,X39E232,专业组01,河南工业大学,ECA4,通信工程,,,,,,436,35127,,,,,,436,35127,,,,,,,,,本科,,,,,
8191395,上海,本科批,物理,,XBE048E,专业组01,昆明理工大学,F0E5,材料科学与工程（绿色钛现代产业学院人才培养）,绿色钛现代产业学院人才培养,,,,,479,24795,,,,,,479,24795,,,,,,,,,本科,,,,,
8191396,上海,本科批,物理,,XBE048E,专业组02,昆明理工大学,4C65,自动化,,,,,,483,23814,,,,,,483,23814,,,,,,,,,本科,,,,,
8191397,上海,本科批,物理,,XBE048E,专业组01,昆明理工大学,A5B7,电气工程及其自动化,,,,,,484,23553,,,,,,484,23553,,,,,,,,,本科,,,,,
8191398,上海,本科批,物理,,XBE048E,专业组01,昆明理工大学,D06C,机械工程,,,,,,486,23040,,,,,,486,23040,,,,,,,,,本科,,,,,
8192330,上海,本科批,物理,,X3A66C7,专业组02,河北工业大学,1644,"材料物理（中外合作办学）（电子信息材料方向。河北工业大学亚利桑那工业学院招生专业。专业教学培养使用的外语语种为英语,培养模式为4+0（四年全部在国内））","中外合作办学; 电子信息材料方向。河北工业大学亚利桑那工业学院招生专业。专业教学培养使用的外语语种为英语,培养模式为4+0（四年全部在国内",,,,,525,13276,,,,,,525,13276,,,,,,,,,本科,,,,,
8192331,上海,本科批,物理,,X3A66C7,专业组01,河北工业大学,2B47,智能建造,,,,,,535,10985,,,,,,535,10985,,,,,,,,,本科,,,,,
8192332,上海,本科批,物理,,X3A66C7,专业组01,河北工业大学,3C38,软件工程,,,,,,535,10985,,,,,,535,10985,,,,,,,,,本科,,,,,
8192333,上海,本科批,物理,,X3A66C7,专业组01,河北工业大学,78FF,机械设计制造及其自动化,,,,,,537,10538,,,,,,537,10538,,,,,,,,,本科,,,,,
8193148,上海,本科批,物理,,X7D9C4B,专业组01,北京交通大学,FC06,工商管理（中外合作办学）（威海校区）,中外合作办学; 威海校区,,,,,531,11919,,,,,,531,11919,,,,,,,,,本科,,,,,
8193149,上海,本科批,物理,,X7D9C4B,专业组04,北京交通大学,9301,新闻传播学类,,,,,,551,7592,,,,,,551,7592,,,,,,,,,本科,,,,,
8193150,上海,本科批,物理,,X7D9C4B,专业组06,北京交通大学,2E61,纳米材料与技术（中外合作办学）,中外合作办学,,,,,554,7021,,,,,,554,7021,,,,,,,,,本科,,,,,
8193151,上海,本科批,物理,,X7D9C4B,专业组04,北京交通大学,C51D,文科试验班类（经管学院工商类）,经管学院工商类,,,,,555,6832,,,,,,555,6832,,,,,,,,,本科,,,,,
8193152,上海,本科批,物理,,X7D9C4B,专业组05,北京交通大学,336D,机械电子工程（中外合作办学）,中外合作办学,,,,,558,6285,,,,,,558,6285,,,,,,,,,本科,,,,,
8193153,上海,本科批,物理,,X7D9C4B,专业组03,北京交通大学,CC64,经济管理试验班（经济类、管科类）,经济类、管科类,,,,,564,5180,,,,,,564,5180,,,,,,,,,本科,,,,,
8193154,上海,本科批,物理,,X7D9C4B,专业组02,北京交通大学,DAC1,理科试验班（数学与统计）,数学与统计,,,,,568,4499,,,,,,568,4499,,,,,,,,,本科,,,,,
8193155,上海,本科批,物理,,X7D9C4B,专业组02,北京交通大学,0184,自动化类,,,,,,569,4317,,,,,,569,4317,,,,,,,,,本科,,,,,
8193156,上海,本科批,物理,,X7D9C4B,专业组02,北京交通大学,861C,电子信息类,,,,,,569,4317,,,,,,569,4317,,,,,,,,,本科,,,,,
8193157,上海,本科批,物理,,X7D9C4B,专业组02,北京交通大学,82E6,计算机类,,,,,,570,4158,,,,,,570,4158,,,,,,,,,本科,,,,,
8193158,上海,本科批,物理,,X7D9C4B,专业组01,北京交通大学,9A8D,理科试验班类（詹天佑试点班信息类）,詹天佑试点班信息类,,,,,571,3998,,,,,,571,3998,,,,,,,,,本科,,,,,
8194018,上海,本科批,物理,,X8026F8,专业组03,南京工业大学,04A0,工商管理,,,,,,486,23040,,,,,,486,23040,,,,,,,,,本科,,,,,
8194019,上海,本科批,物理,,X8026F8,专业组03,南京工业大学,D43F,西班牙语,,,,,,486,23040,,,,,,486,23040,,,,,,,,,本科,,,,,
8194020,上海,本科批,物理,,X8026F8,专业组03,南京工业大学,927B,法学,,,,,,487,22781,,,,,,487,22781,,,,,,,,,本科,,,,,
8194021,上海,本科批,物理,,X8026F8,专业组03,南京工业大学,A615,汉语国际教育,,,,,,487,22781,,,,,,487,22781,,,,,,,,,本科,,,,,
8194022,上海,本科批,物理,,X8026F8,专业组03,南京工业大学,EF55,历史建筑保护工程,,,,,,492,21473,,,,,,492,21473,,,,,,,,,本科,,,,,
8194023,上海,本科批,物理,,X8026F8,专业组03,南京工业大学,0FBC,金融学,,,,,,493,21226,,,,,,493,21226,,,,,,,,,本科,,,,,
8194024,上海,本科批,物理,,X8026F8,专业组03,南京工业大学,5E19,会计学,,,,,,499,19729,,,,,,499,19729,,,,,,,,,本科,,,,,
8194025,上海,本科批,物理,,X8026F8,专业组02,南京工业大学,6F56,工程管理,,,,,,503,18767,,,,,,503,18767,,,,,,,,,本科,,,,,
8194026,上海,本科批,物理,,X8026F8,专业组02,南京工业大学,5257,工业工程,,,,,,511,16761,,,,,,511,16761,,,,,,,,,本科,,,,,
8194027,上海,本科批,物理,,X8026F8,专业组02,南京工业大学,D681,信息管理与信息系统,,,,,,512,16483,,,,,,512,16483,,,,,,,,,本科,,,,,
8194028,上海,本科批,物理,,X8026F8,专业组01,南京工业大学,2B47,智能建造,,,,,,520,14532,,,,,,520,14532,,,,,,,,,本科,,,,,
8194029,上海,本科批,物理,,X8026F8,专业组01,南京工业大学,3228,制药工程（中外合作办学）,中外合作办学,,,,,520,14532,,,,,,520,14532,,,,,,,,,本科,,,,,
8194030,上海,本科批,物理,,X8026F8,专业组01,南京工业大学,B5E9,无机非金属材料工程,,,,,,521,14281,,,,,,521,14281,,,,,,,,,本科,,,,,
8194031,上海,本科批,物理,,X8026F8,专业组01,南京工业大学,A5D2,测控技术与仪器,,,,,,521,14281,,,,,,521,14281,,,,,,,,,本科,,,,,
8194032,上海,本科批,物理,,X8026F8,专业组01,南京工业大学,18D0,建筑电气与智能化,,,,,,521,14281,,,,,,521,14281,,,,,,,,,本科,,,,,
8194033,上海,本科批,物理,,X8026F8,专业组01,南京工业大学,8684,智能制造工程,,,,,,522,14026,,,,,,522,14026,,,,,,,,,本科,,,,,
8194034,上海,本科批,物理,,X8026F8,专业组01,南京工业大学,D6ED,化学工程与工艺,,,,,,522,14026,,,,,,522,14026,,,,,,,,,本科,,,,,
8194035,上海,本科批,物理,,X8026F8,专业组01,南京工业大学,A687,光电信息科学与工程,,,,,,523,13763,,,,,,523,13763,,,,,,,,,本科,,,,,
8194036,上海,本科批,物理,,X8026F8,专业组01,南京工业大学,A5B7,电气工程及其自动化,,,,,,523,13763,,,,,,523,13763,,,,,,,,,本科,,,,,
8194037,上海,本科批,物理,,X8026F8,专业组01,南京工业大学,ECA4,通信工程,,,,,,528,12627,,,,,,528,12627,,,,,,,,,本科,,,,,
8194796,上海,本科批,物理,,XFE7D3F,专业组01,广西大学,04A0,工商管理,,,,,,495,20693,,,,,,495,20693,,,,,,,,,本科,,,,,
8194797,上海,本科批,物理,,XFE7D3F,专业组01,广西大学,0FBC,金融学,,,,,,509,17313,,,,,,509,17313,,,,,,,,,本科,,,,,
8195404,上海,本科批,物理,,X19AF3B,专业组02,成都信息工程大学,16DF,金融工程,,,,,,439,34482,,,,,,439,34482,,,,,,,,,本科,,,,,
8195405,上海,本科批,物理,,X19AF3B,专业组03,成都信息工程大学,7FA1,供应链管理,,,,,,449,32134,,,,,,449,32134,,,,,,,,,本科,,,,,
8195406,上海,本科批,物理,,X19AF3B,专业组03,成都信息工程大学,25DE,国际经济与贸易,,,,,,450,31904,,,,,,450,31904,,,,,,,,,本科,,,,,
8195407,上海,本科批,物理,,X19AF3B,专业组01,成都信息工程大学,1B06,区块链工程,,,,,,462,29014,,,,,,462,29014,,,,,,,,,本科,,,,,
8195408,上海,本科批,物理,,X19AF3B,专业组01,成都信息工程大学,4226,大气科学,,,,,,464,28519,,,,,,464,28519,,,,,,,,,本科,,,,,
8195409,上海,本科批,物理,,X19AF3B,专业组01,成都信息工程大学,B001,信息安全,,,,,,467,27778,,,,,,467,27778,,,,,,,,,本科,,,,,
8195410,上海,本科批,物理,,X19AF3B,专业组01,成都信息工程大学,93E3,电子信息工程,,,,,,469,27273,,,,,,469,27273,,,,,,,,,本科,,,,,
8196143,上海,本科批,物理,,X4AD256,专业组01,北京师范大学,4145,英语,,,,,,568,4499,,,,,,568,4499,,,,,,,,,本科,,,,,
8196144,上海,本科批,物理,,X4AD256,专业组01,北京师范大学,0FBC,金融学,,,,,,570,4158,,,,,,570,4158,,,,,,,,,本科,,,,,
8196145,上海,本科批,物理,,X4AD256,专业组01,北京师范大学,31CB,经济学（励耘实验班）,励耘实验班,,,,,571,3998,,,,,,571,3998,,,,,,,,,本科,,,,,
8196777,上海,本科批,物理,,X78CFD6,专业组02,福州大学,92DB,知识产权,,,,,,523,13763,,,,,,523,13763,,,,,,,,,本科,,,,,
8196778,上海,本科批,物理,,X78CFD6,专业组02,福州大学,090D,公共事业管理,,,,,,525,13276,,,,,,525,13276,,,,,,,,,本科,,,,,
8196779,上海,本科批,物理,,X78CFD6,专业组02,福州大学,5E19,会计学,,,,,,526,13085,,,,,,526,13085,,,,,,,,,本科,,,,,
8196780,上海,本科批,物理,,X78CFD6,专业组01,福州大学,78FF,机械设计制造及其自动化,,,,,,541,9624,,,,,,541,9624,,,,,,,,,本科,,,,,
8196781,上海,本科批,物理,,X78CFD6,专业组01,福州大学,B9E2,智能电网信息工程,,,,,,542,9417,,,,,,542,9417,,,,,,,,,本科,,,,,
8196782,上海,本科批,物理,,X78CFD6,专业组01,福州大学,3C38,软件工程,,,,,,542,9417,,,,,,542,9417,,,,,,,,,本科,,,,,
8196783,上海,本科批,物理,,X78CFD6,专业组01,福州大学,F068,人工智能,,,,,,542,9417,,,,,,542,9417,,,,,,,,,本科,,,,,
8196784,上海,本科批,物理,,X78CFD6,专业组01,福州大学,5D8C,电子信息类（含电子信息工程、通信工程专业）,含电子信息工程、通信工程专业,,,,,545,8758,,,,,,545,8758,,,,,,,,,本科,,,,,
8197953,上海,本科批,物理,,X76B1D3,专业组01,华北水利水电大学,6A3A,建筑环境与能源应用工程,,,,,,431,36222,,,,,,431,36222,,,,,,,,,本科,,,,,
8197954,上海,本科批,物理,,X76B1D3,专业组01,华北水利水电大学,76B9,统计学,,,,,,431,36222,,,,,,431,36222,,,,,,,,,本科,,,,,
8197955,上海,本科批,物理,,X76B1D3,专业组03,华北水利水电大学,6AB9,经济学,,,,,,434,35570,,,,,,434,35570,,,,,,,,,本科,,,,,
8197956,上海,本科批,物理,,X76B1D3,专业组03,华北水利水电大学,25DE,国际经济与贸易,,,,,,434,35570,,,,,,434,35570,,,,,,,,,本科,,,,,
8197957,上海,本科批,物理,,X76B1D3,专业组03,华北水利水电大学,09EE,市场营销,,,,,,435,35341,,,,,,435,35341,,,,,,,,,本科,,,,,
8197958,上海,本科批,物理,,X76B1D3,专业组03,华北水利水电大学,5E19,会计学,,,,,,439,34482,,,,,,439,34482,,,,,,,,,本科,,,,,
8197959,上海,本科批,物理,,X76B1D3,专业组02,华北水利水电大学,62BF,大数据管理与应用,,,,,,440,34239,,,,,,440,34239,,,,,,,,,本科,,,,,
8199420,上海,本科批,物理,,X07A755,专业组03,西南科技大学,671C,日语,,,,,,433,35806,,,,,,433,35806,,,,,,,,,本科,,,,,
8199421,上海,本科批,物理,,X07A755,专业组01,西南科技大学,E2E1,生物工程,,,,,,437,34923,,,,,,437,34923,,,,,,,,,本科,,,,,
8199422,上海,本科批,物理,,X07A755,专业组02,西南科技大学,6F56,工程管理,,,,,,438,34709,,,,,,438,34709,,,,,,,,,本科,,,,,
8199423,上海,本科批,物理,,X07A755,专业组03,西南科技大学,0F5B,中国语言文学类（含:汉语言文学、汉语国际教育专业）,含:汉语言文学、汉语国际教育专业,,,,,440,34239,,,,,,440,34239,,,,,,,,,本科,,,,,
8199424,上海,本科批,物理,,X07A755,专业组01,西南科技大学,292A,计算机类（含:计算机科学与技术、软件工程、信息安全专业）,含:计算机科学与技术、软件工程、信息安全专业,,,,,444,33286,,,,,,444,33286,,,,,,,,,本科,,,,,
8199425,上海,本科批,物理,,X07A755,专业组02,西南科技大学,D681,信息管理与信息系统,,,,,,445,33071,,,,,,445,33071,,,,,,,,,本科,,,,,
8200192,上海,本科批,物理,,XC9F767,专业组04,中国传媒大学,FACC,数字媒体技术（中外合作办学）,中外合作办学,,,,,529,12388,,,,,,529,12388,,,,,,,,,本科,,,,,
8200193,上海,本科批,物理,,XC9F767,专业组04,中国传媒大学,7C73,智能科学与技术（中外合作办学）,中外合作办学,,,,,531,11919,,,,,,531,11919,,,,,,,,,本科,,,,,
8200194,上海,本科批,物理,,XC9F767,专业组05,中国传媒大学,D7D5,广告学（中外合作办学）,中外合作办学,,,,,544,8973,,,,,,544,8973,,,,,,,,,本科,,,,,
8200195,上海,本科批,物理,,XC9F767,专业组05,中国传媒大学,D622,传播学（中外合作办学）,中外合作办学,,,,,545,8758,,,,,,545,8758,,,,,,,,,本科,,,,,
8200196,上海,本科批,物理,,XC9F767,专业组02,中国传媒大学,4EBD,数字出版,,,,,,554,7021,,,,,,554,7021,,,,,,,,,本科,,,,,
8200197,上海,本科批,物理,,XC9F767,专业组02,中国传媒大学,7288,文化产业管理,,,,,,554,7021,,,,,,554,7021,,,,,,,,,本科,,,,,
8200198,上海,本科批,物理,,XC9F767,专业组01,中国传媒大学,F068,人工智能,,,,,,555,6832,,,,,,555,6832,,,,,,,,,本科,,,,,
8200199,上海,本科批,物理,,XC9F767,专业组02,中国传媒大学,50C9,国际新闻与传播,,,,,,555,6832,,,,,,555,6832,,,,,,,,,本科,,,,,
8200200,上海,本科批,物理,,XC9F767,专业组01,中国传媒大学,B9A5,计算机科学与技术,,,,,,556,6631,,,,,,556,6631,,,,,,,,,本科,,,,,
8200201,上海,本科批,物理,,XC9F767,专业组01,中国传媒大学,71D3,广播电视工程（智能视听技术方向）,智能视听技术方向,,,,,558,6285,,,,,,558,6285,,,,,,,,,本科,,,,,
8200202,上海,本科批,物理,,XC9F767,专业组01,中国传媒大学,41CF,数字媒体技术,,,,,,559,6102,,,,,,559,6102,,,,,,,,,本科,,,,,
8200203,上海,本科批,物理,,XC9F767,专业组03,中国传媒大学,ED44,戏剧影视文学（戏剧文学方向）,戏剧文学方向,,,,,560,5899,,,,,,560,5899,,,,,,,,,本科,,,,,
8200204,上海,本科批,物理,,XC9F767,专业组01,中国传媒大学,5769,数字媒体技术（智能交互与游戏技术方向）,智能交互与游戏技术方向,,,,,560,5899,,,,,,560,5899,,,,,,,,,本科,,,,,
8200205,上海,本科批,物理,,XC9F767,专业组02,中国传媒大学,3739,广告学,,,,,,561,5731,,,,,,561,5731,,,,,,,,,本科,,,,,
8200206,上海,本科批,物理,,XC9F767,专业组03,中国传媒大学,7018,广播电视编导（文艺编导方向）,文艺编导方向,,,,,567,4662,,,,,,567,4662,,,,,,,,,本科,,,,,
8200207,上海,本科批,物理,,XC9F767,专业组02,中国传媒大学,8393,新闻学（数据新闻方向）,数据新闻方向,,,,,567,4662,,,,,,567,4662,,,,,,,,,本科,,,,,
8201014,上海,本科批,物理,,XC02FA4,专业组02,江苏大学,02EF,日语（外语语种为英语、日语）,外语语种为英语、日语,,,,,493,21226,,,,,,493,21226,,,,,,,,,本科,,,,,
8201015,上海,本科批,物理,,XC02FA4,专业组02,江苏大学,0FBC,金融学,,,,,,494,20956,,,,,,494,20956,,,,,,,,,本科,,,,,
8201016,上海,本科批,物理,,XC02FA4,专业组02,江苏大学,FBFE,物流管理,,,,,,494,20956,,,,,,494,20956,,,,,,,,,本科,,,,,
8201017,上海,本科批,物理,,XC02FA4,专业组02,江苏大学,C19A,人力资源管理,,,,,,494,20956,,,,,,494,20956,,,,,,,,,本科,,,,,
8201018,上海,本科批,物理,,XC02FA4,专业组02,江苏大学,5E19,会计学,,,,,,497,20203,,,,,,497,20203,,,,,,,,,本科,,,,,
8201019,上海,本科批,物理,,XC02FA4,专业组02,江苏大学,F338,英语（师范类）,师范类,,,,,498,19960,,,,,,498,19960,,,,,,,,,本科,,,,,
8201020,上海,本科批,物理,,XC02FA4,专业组02,江苏大学,927B,法学,,,,,,505,18290,,,,,,505,18290,,,,,,,,,本科,,,,,
8201021,上海,本科批,物理,,XC02FA4,专业组01,江苏大学,8684,智能制造工程,,,,,,527,12860,,,,,,527,12860,,,,,,,,,本科,,,,,
8201022,上海,本科批,物理,,XC02FA4,专业组01,江苏大学,D078,新能源汽车工程,,,,,,527,12860,,,,,,527,12860,,,,,,,,,本科,,,,,
8201023,上海,本科批,物理,,XC02FA4,专业组01,江苏大学,4C65,自动化,,,,,,530,12143,,,,,,530,12143,,,,,,,,,本科,,,,,
8201024,上海,本科批,物理,,XC02FA4,专业组01,江苏大学,26A7,车辆工程,,,,,,530,12143,,,,,,530,12143,,,,,,,,,本科,,,,,
8201025,上海,本科批,物理,,XC02FA4,专业组01,江苏大学,3C38,软件工程,,,,,,532,11678,,,,,,532,11678,,,,,,,,,本科,,,,,
8201026,上海,本科批,物理,,XC02FA4,专业组01,江苏大学,8EA2,机械电子工程,,,,,,532,11678,,,,,,532,11678,,,,,,,,,本科,,,,,
8201027,上海,本科批,物理,,XC02FA4,专业组01,江苏大学,93E3,电子信息工程,,,,,,533,11462,,,,,,533,11462,,,,,,,,,本科,,,,,
8201028,上海,本科批,物理,,XC02FA4,专业组01,江苏大学,B9A5,计算机科学与技术,,,,,,536,10760,,,,,,536,10760,,,,,,,,,本科,,,,,
8202820,上海,本科批,物理,,XF2FE31,专业组04,天津科技大学,42A6,日语（公共外语为日语（零起点））,公共外语为日语（零起点,,,,,450,31904,,,,,,450,31904,,,,,,,,,本科,,,,,
8202821,上海,本科批,物理,,XF2FE31,专业组04,天津科技大学,216A,财务管理（中外合作办学）（与澳大利亚南十字星大学合作办学）,中外合作办学; 与澳大利亚南十字星大学合作办学,,,,,453,31179,,,,,,453,31179,,,,,,,,,本科,,,,,
8202822,上海,本科批,物理,,XF2FE31,专业组04,天津科技大学,A615,汉语国际教育,,,,,,453,31179,,,,,,453,31179,,,,,,,,,本科,,,,,
8202823,上海,本科批,物理,,XF2FE31,专业组04,天津科技大学,8B36,翻译,,,,,,457,30232,,,,,,457,30232,,,,,,,,,本科,,,,,
8202824,上海,本科批,物理,,XF2FE31,专业组02,天津科技大学,7E23,环境工程,,,,,,458,29994,,,,,,458,29994,,,,,,,,,本科,,,,,
8202825,上海,本科批,物理,,XF2FE31,专业组04,天津科技大学,25DE,国际经济与贸易,,,,,,461,29262,,,,,,461,29262,,,,,,,,,本科,,,,,
8202826,上海,本科批,物理,,XF2FE31,专业组01,天津科技大学,4C55,"计算机科学与技术（中外合作办学）（信息处理方向。与日本京都信息大学院大学合作办学,公共外语为日语（零起点））","中外合作办学; 信息处理方向。与日本京都信息大学院大学合作办学,公共外语为日语（零起点",,,,,463,28756,,,,,,463,28756,,,,,,,,,本科,,,,,
8202827,上海,本科批,物理,,XF2FE31,专业组02,天津科技大学,40CE,制药工程,,,,,,463,28756,,,,,,463,28756,,,,,,,,,本科,,,,,
8202828,上海,本科批,物理,,XF2FE31,专业组01,天津科技大学,41CF,数字媒体技术,,,,,,464,28519,,,,,,464,28519,,,,,,,,,本科,,,,,
8202829,上海,本科批,物理,,XF2FE31,专业组01,天津科技大学,6420,过程装备与控制工程,,,,,,464,28519,,,,,,464,28519,,,,,,,,,本科,,,,,
8202830,上海,本科批,物理,,XF2FE31,专业组01,天津科技大学,289B,微电子科学与工程,,,,,,467,27778,,,,,,467,27778,,,,,,,,,本科,,,,,
8202831,上海,本科批,物理,,XF2FE31,专业组01,天津科技大学,4C65,自动化,,,,,,469,27273,,,,,,469,27273,,,,,,,,,本科,,,,,
8202832,上海,本科批,物理,,XF2FE31,专业组01,天津科技大学,29F4,物联网工程,,,,,,471,26748,,,,,,471,26748,,,,,,,,,本科,,,,,
8202833,上海,本科批,物理,,XF2FE31,专业组01,天津科技大学,F068,人工智能,,,,,,471,26748,,,,,,471,26748,,,,,,,,,本科,,,,,
8202834,上海,本科批,物理,,XF2FE31,专业组03,天津科技大学,5257,工业工程,,,,,,472,26492,,,,,,472,26492,,,,,,,,,本科,,,,,
8202835,上海,本科批,物理,,XF2FE31,专业组01,天津科技大学,3C38,软件工程,,,,,,472,26492,,,,,,472,26492,,,,,,,,,本科,,,,,
8202836,上海,本科批,物理,,XF2FE31,专业组03,天津科技大学,16DF,金融工程,,,,,,477,25299,,,,,,477,25299,,,,,,,,,本科,,,,,
8202837,上海,本科批,物理,,XF2FE31,专业组02,天津科技大学,53B9,食品质量与安全,,,,,,477,25299,,,,,,477,25299,,,,,,,,,本科,,,,,
8202838,上海,本科批,物理,,XF2FE31,专业组02,天津科技大学,5E49,食品科学与工程,,,,,,481,24337,,,,,,481,24337,,,,,,,,,本科,,,,,
8203702,上海,本科批,物理,,XEE2AAD,专业组01,南京邮电大学,6995,网络工程,,,,,,550,7593,,,,,,550,7593,,,,,,,,,本科,,,,,
8203703,上海,本科批,物理,,XEE2AAD,专业组01,南京邮电大学,B001,信息安全,,,,,,550,7593,,,,,,550,7593,,,,,,,,,本科,,,,,
8203704,上海,本科批,物理,,XEE2AAD,专业组01,南京邮电大学,A687,光电信息科学与工程,,,,,,552,7219,,,,,,552,7219,,,,,,,,,本科,,,,,
8203705,上海,本科批,物理,,XEE2AAD,专业组01,南京邮电大学,C734,电子科学与技术,,,,,,553,7022,,,,,,553,7022,,,,,,,,,本科,,,,,
8203706,上海,本科批,物理,,XEE2AAD,专业组01,南京邮电大学,93E3,电子信息工程,,,,,,553,7022,,,,,,553,7022,,,,,,,,,本科,,,,,
8203707,上海,本科批,物理,,XEE2AAD,专业组01,南京邮电大学,ECA4,通信工程,,,,,,554,6833,,,,,,554,6833,,,,,,,,,本科,,,,,
8204371,上海,本科批,物理,,XCC7024,专业组04,上海师范大学,13D8,资源环境科学（建议无色弱）,建议无色弱,,,,,494,20956,,,,,,494,20956,,,,,,,,,本科,,,,,
8204372,上海,本科批,物理,,XCC7024,专业组04,上海师范大学,70AD,环境工程（建议无色弱）,建议无色弱,,,,,494,20956,,,,,,494,20956,,,,,,,,,本科,,,,,
8204373,上海,本科批,物理,,XCC7024,专业组04,上海师范大学,245D,园艺（建议无色弱。上海市一流本科专业建设点）,建议无色弱。上海市一流本科专业建设点,,,,,494,20956,,,,,,494,20956,,,,,,,,,本科,,,,,
8204374,上海,本科批,物理,,XCC7024,专业组04,上海师范大学,2684,化学类（含:应用化学、化学工程与工艺专业。建议无色弱）,含:应用化学、化学工程与工艺专业。建议无色弱,,,,,494,20956,,,,,,494,20956,,,,,,,,,本科,,,,,
8204375,上海,本科批,物理,,XCC7024,专业组04,上海师范大学,2434,土木工程（中外合作办学）（中英合作。建议近视不高于800度）,中外合作办学; 中英合作。建议近视不高于800度,,,,,495,20693,,,,,,495,20693,,,,,,,,,本科,,,,,
8204376,上海,本科批,物理,,XCC7024,专业组04,上海师范大学,A559,汽车服务工程（中外合作办学）（中德合作。建议无色盲）,中外合作办学; 中德合作。建议无色盲,,,,,495,20693,,,,,,495,20693,,,,,,,,,本科,,,,,
8204377,上海,本科批,物理,,XCC7024,专业组04,上海师范大学,FA1D,生物科学（建议无色弱。国家级一流本科专业建设点）,建议无色弱。国家级一流本科专业建设点,,,,,499,19729,,,,,,499,19729,,,,,,,,,本科,,,,,
8204378,上海,本科批,物理,,XCC7024,专业组04,上海师范大学,53C8,食品安全与检测（建议无色弱）,建议无色弱,,,,,500,19486,,,,,,500,19486,,,,,,,,,本科,,,,,
8204379,上海,本科批,物理,,XCC7024,专业组Q5,上海师范大学,2027,艺术管理（该专业授予艺术学学士学位）,该专业授予艺术学学士学位,,,,,502,19008,,,,,,502,19008,,,,,,,,,本科,,,,,
8204380,上海,本科批,物理,,XCC7024,专业组Q5,上海师范大学,7488,戏剧影视文学（该专业授予艺术学学士学位。国家级一流本科专业建设点）,该专业授予艺术学学士学位。国家级一流本科专业建设点,,,,,502,19008,,,,,,502,19008,,,,,,,,,本科,,,,,
8204381,上海,本科批,物理,,XCC7024,专业组03,上海师范大学,7CC8,工程管理（建议近视不高于800度）,建议近视不高于800度,,,,,503,18767,,,,,,503,18767,,,,,,,,,本科,,,,,
8204382,上海,本科批,物理,,XCC7024,专业组04,上海师范大学,065B,机械设计制造及其自动化（中外合作办学）（中美合作。建议无色盲）,中外合作办学; 中美合作。建议无色盲,,,,,504,18539,,,,,,504,18539,,,,,,,,,本科,,,,,
8204383,上海,本科批,物理,,XCC7024,专业组Q5,上海师范大学,630C,广播电视编导（该专业授予艺术学学士学位。国家级一流本科专业建设点）,该专业授予艺术学学士学位。国家级一流本科专业建设点,,,,,504,18539,,,,,,504,18539,,,,,,,,,本科,,,,,
8204384,上海,本科批,物理,,XCC7024,专业组04,上海师范大学,F5E2,计算机科学与技术（中外合作办学）（中法合作。建议无色盲）,中外合作办学; 中法合作。建议无色盲,,,,,504,18539,,,,,,504,18539,,,,,,,,,本科,,,,,
8204385,上海,本科批,物理,,XCC7024,专业组03,上海师范大学,7D20,信用管理,,,,,,504,18539,,,,,,504,18539,,,,,,,,,本科,,,,,
8204386,上海,本科批,物理,,XCC7024,专业组01,上海师范大学,625A,经济学（中外合作办学）（中美合作）,中外合作办学; 中美合作,,,,,505,18290,,,,,,505,18290,,,,,,,,,本科,,,,,
8204387,上海,本科批,物理,,XCC7024,专业组01,上海师范大学,AC90,行政管理,,,,,,505,18290,,,,,,505,18290,,,,,,,,,本科,,,,,
8204388,上海,本科批,物理,,XCC7024,专业组03,上海师范大学,FB18,财务管理,,,,,,505,18290,,,,,,505,18290,,,,,,,,,本科,,,,,
8204389,上海,本科批,物理,,XCC7024,专业组04,上海师范大学,B8F0,"电子信息类（含:人工智能、机器人工程、计算机科学与技术、通信工程、电子信息工程专业。建议无色盲。计算机科学与技术专业为国家级一流本科专业建设点,人工智能、通信工程、电子信息工程专业为上海市一流本科专业建设点）","含:人工智能、机器人工程、计算机科学与技术、通信工程、电子信息工程专业。建议无色盲。计算机科学与技术专业为国家级一流本科专业建设点,人工智能、通信工程、电子信息工程专业为上海市一流本科专业建设点",,,,,505,18290,,,,,,505,18290,,,,,,,,,本科,,,,,
8204390,上海,本科批,物理,,XCC7024,专业组01,上海师范大学,C041,"旅游管理类（含:旅游管理、酒店管理、会展经济与管理专业。旅游管理专业为国家级一流本科专业建设点,会展经济与管理专业为上海市一流本科专业建设点）","含:旅游管理、酒店管理、会展经济与管理专业。旅游管理专业为国家级一流本科专业建设点,会展经济与管理专业为上海市一流本科专业建设点",,,,,505,18290,,,,,,505,18290,,,,,,,,,本科,,,,,
8204972,上海,本科批,物理,,X6EE50B,专业组03,湖南师范大学,C606,外国语言文学类（含:英语、俄语、德语、法语、西班牙语、阿拉伯语、日语、朝鲜语、葡萄牙语、翻译专业。含:世承书院锺书班）,含:英语、俄语、德语、法语、西班牙语、阿拉伯语、日语、朝鲜语、葡萄牙语、翻译专业。含:世承书院锺书班,,,,,523,13763,,,,,,523,13763,,,,,,,,,本科,,,,,
8204973,上海,本科批,物理,,X6EE50B,专业组02,湖南师范大学,B58B,历史学（师范类。含:世承书院历史学国家文科基地班）,师范类。含:世承书院历史学国家文科基地班,,,,,525,13276,,,,,,525,13276,,,,,,,,,本科,,,,,
8204974,上海,本科批,物理,,X6EE50B,专业组01,湖南师范大学,3C38,软件工程,,,,,,531,11919,,,,,,531,11919,,,,,,,,,本科,,,,,
8204975,上海,本科批,物理,,X6EE50B,专业组01,湖南师范大学,FDDA,生物科学类（含:生物科学、生物技术专业。含:世承书院国家生命科学与技术人才培养基地班）,含:生物科学、生物技术专业。含:世承书院国家生命科学与技术人才培养基地班,,,,,535,10985,,,,,,535,10985,,,,,,,,,本科,,,,,
8205885,上海,本科批,物理,,XE1310A,专业组02,中国地质大学（武汉）,D929,经济学类（含:经济学、国际经济与贸易专业）,含:经济学、国际经济与贸易专业,,,,,528,12627,,,,,,528,12627,,,,,,,,,本科,,,,,
8205886,上海,本科批,物理,,XE1310A,专业组01,中国地质大学（武汉）,0593,测绘类（测绘与信息类。含:测绘工程、遥感科学与技术、地理空间信息工程专业。无色盲、色弱）,测绘与信息类。含:测绘工程、遥感科学与技术、地理空间信息工程专业。无色盲、色弱,,,,,536,10760,,,,,,536,10760,,,,,,,,,本科,,,,,
8206761,上海,本科批,物理,,X811419,专业组02,中央财经大学,1378,经济学（数理经济与数理金融方向）,数理经济与数理金融方向,,,,,560,5899,,,,,,560,5899,,,,,,,,,本科,,,,,
8206762,上海,本科批,物理,,X811419,专业组02,中央财经大学,E833,财政学类（含:财政学、税收学、资产评估、财政学（财政基础理论基地班）、税收学（全球税收治理菁英班）专业）,含:财政学、税收学、资产评估、财政学（财政基础理论基地班; 全球税收治理菁英班,,,,,561,5731,,,,,,561,5731,,,,,,,,,本科,,,,,
8206763,上海,本科批,物理,,X811419,专业组02,中央财经大学,5183,经济学类（含:经济学、国民经济管理专业）,含:经济学、国民经济管理专业,,,,,561,5731,,,,,,561,5731,,,,,,,,,本科,,,,,
8206764,上海,本科批,物理,,X811419,专业组02,中央财经大学,D011,金融学（国际金融与公司理财方向）,国际金融与公司理财方向,,,,,561,5731,,,,,,561,5731,,,,,,,,,本科,,,,,
8206765,上海,本科批,物理,,X811419,专业组02,中央财经大学,EE2F,金融学（金融学、金融学北京外国语大学英语专业联培）,金融学、金融学北京外国语大学英语专业联培,,,,,563,5356,,,,,,563,5356,,,,,,,,,本科,,,,,
8206766,上海,本科批,物理,,X811419,专业组01,中央财经大学,0E54,保险学,,,,,,563,5356,,,,,,563,5356,,,,,,,,,本科,,,,,
8206767,上海,本科批,物理,,X811419,专业组01,中央财经大学,31C8,大数据管理与应用（许国志大数据英才班）,许国志大数据英才班,,,,,565,5019,,,,,,565,5019,,,,,,,,,本科,,,,,
8206768,上海,本科批,物理,,X811419,专业组02,中央财经大学,8FD6,工商管理类（会计学院。含:会计学、财务管理专业）,会计学院。含:会计学、财务管理专业,,,,,566,4841,,,,,,566,4841,,,,,,,,,本科,,,,,
8206769,上海,本科批,物理,,X811419,专业组01,中央财经大学,7B7E,保险学（北理工智能-保险联培项目）,北理工智能-保险联培项目,,,,,566,4841,,,,,,566,4841,,,,,,,,,本科,,,,,
8206770,上海,本科批,物理,,X811419,专业组01,中央财经大学,2642,金融学类（含:金融工程、金融科技专业）,含:金融工程、金融科技专业,,,,,567,4662,,,,,,567,4662,,,,,,,,,本科,,,,,
8207757,上海,本科批,物理,,XF6A996,专业组02,宁波大学,76D1,"旅游管理（中外合作办学）（中法合作。符合条件者第四学年可选赴法国昂热大学留学,可获中法双文凭。法方不另收学费）","中外合作办学; 中法合作。符合条件者第四学年可选赴法国昂热大学留学,可获中法双文凭。法方不另收学费",,,,,501,19243,,,,,,501,19243,,,,,,,,,本科,,,,,
8207758,上海,本科批,物理,,XF6A996,专业组01,宁波大学,5671,"人文地理与城乡规划（中外合作办学）（中法合作。符合条件者第四学年可选赴法国昂热大学留学,可获中法双文凭。法方不另收学费）","中外合作办学; 中法合作。符合条件者第四学年可选赴法国昂热大学留学,可获中法双文凭。法方不另收学费",,,,,511,16761,,,,,,511,16761,,,,,,,,,本科,,,,,
8208398,上海,本科批,物理,,XDAF228,专业组04,长江大学,4A2C,日语（外语语种为英语、日语。外语单科成绩不低于100分）,外语语种为英语、日语。外语单科成绩不低于100分,,,,,452,31399,,,,,,452,31399,,,,,,,,,本科,,,,,
8208399,上海,本科批,物理,,XDAF228,专业组03,长江大学,6E5A,园林,,,,,,456,30473,,,,,,456,30473,,,,,,,,,本科,,,,,
8208400,上海,本科批,物理,,XDAF228,专业组04,长江大学,C9AE,新闻传播学类（含:广播电视学（含:荆楚卓越人才协同育人计划）、网络与新媒体专业）,含:广播电视学（含:荆楚卓越人才协同育人计划,,,,,460,29525,,,,,,460,29525,,,,,,,,,本科,,,,,
8208401,上海,本科批,物理,,XDAF228,专业组01,长江大学,A39E,预防医学,,,,,,465,28294,,,,,,465,28294,,,,,,,,,本科,,,,,
8208402,上海,本科批,物理,,XDAF228,专业组01,长江大学,618C,计算机类（含:软件工程、计算机科学与技术、网络工程、智能科学与技术专业）,含:软件工程、计算机科学与技术、网络工程、智能科学与技术专业,,,,,473,26270,,,,,,473,26270,,,,,,,,,本科,,,,,
8208403,上海,本科批,物理,,XDAF228,专业组02,长江大学,5ED3,中西医临床医学,,,,,,482,24080,,,,,,482,24080,,,,,,,,,本科,,,,,
8209273,上海,本科批,物理,,X5ECF44,专业组02,石河子大学,1C92,数字经济,,,,,,431,36222,,,,,,431,36222,,,,,,,,,本科,,,,,
8209274,上海,本科批,物理,,X5ECF44,专业组02,石河子大学,4156,经济学类（含:金融学、经济学、国际经济与贸易专业）,含:金融学、经济学、国际经济与贸易专业,,,,,440,34239,,,,,,440,34239,,,,,,,,,本科,,,,,
8209275,上海,本科批,物理,,X5ECF44,专业组03,石河子大学,9B30,工商管理类（含:财务管理、工商管理、人力资源管理、市场营销专业）,含:财务管理、工商管理、人力资源管理、市场营销专业,,,,,453,31179,,,,,,453,31179,,,,,,,,,本科,,,,,
8209276,上海,本科批,物理,,X5ECF44,专业组03,石河子大学,DFD2,学前教育（师范类）,师范类,,,,,453,31179,,,,,,453,31179,,,,,,,,,本科,,,,,
8209277,上海,本科批,物理,,X5ECF44,专业组03,石河子大学,D243,汉语言文学,,,,,,454,30934,,,,,,454,30934,,,,,,,,,本科,,,,,
8209278,上海,本科批,物理,,X5ECF44,专业组04,石河子大学,B6BB,软件工程（NIIT班。详见学校招生章程）,NIIT班。详见学校招生章程,,,,,460,29525,,,,,,460,29525,,,,,,,,,本科,,,,,
8209279,上海,本科批,物理,,X5ECF44,专业组01,石河子大学,7FD8,计算机类（含:计算机科学与技术、软件工程、数据科学与大数据技术、网络空间安全专业）,含:计算机科学与技术、软件工程、数据科学与大数据技术、网络空间安全专业,,,,,471,26748,,,,,,471,26748,,,,,,,,,本科,,,,,
8209280,上海,本科批,物理,,X5ECF44,专业组01,石河子大学,93E3,电子信息工程,,,,,,475,25819,,,,,,475,25819,,,,,,,,,本科,,,,,
8209281,上海,本科批,物理,,X5ECF44,专业组01,石河子大学,97D0,临床医学,,,,,,478,25053,,,,,,478,25053,,,,,,,,,本科,,,,,
8209282,上海,本科批,物理,,X5ECF44,专业组01,石河子大学,5DA6,口腔医学,,,,,,501,19243,,,,,,501,19243,,,,,,,,,本科,,,,,
8210116,上海,本科批,物理,,X0C3988,专业组02,对外经济贸易大学,D088,政治学类（国际政治、政治学与行政学、政治学与行政学（与金融学专业双学士学位项目）、国际政治（与英语专业双学士学位项目））,国际政治、政治学与行政学、政治学与行政学（与金融学专业双学士学位项目; 与英语专业双学士学位项目,,,,,556,6631,,,,,,556,6631,,,,,,,,,本科,,,,,
8210117,上海,本科批,物理,,X0C3988,专业组03,对外经济贸易大学,CCEF,公共管理类（海关管理、行政管理、公共事业管理、文化产业管理）,海关管理、行政管理、公共事业管理、文化产业管理,,,,,558,6285,,,,,,558,6285,,,,,,,,,本科,,,,,
8210118,上海,本科提前批,物理,,X0C3988,专业组01,对外经济贸易大学,FC70,阿拉伯语（可参与国贸-阿拉伯语专业双学士学位项目选拔）,可参与国贸-阿拉伯语专业双学士学位项目选拔,,,,,558,6285,,,,,,558,6285,,,,,,,,,本科,,,,,
8210119,上海,本科批,物理,,X0C3988,专业组03,对外经济贸易大学,86E9,国际经济发展合作,,,,,,559,6102,,,,,,559,6102,,,,,,,,,本科,,,,,
8210120,上海,本科批,物理,,X0C3988,专业组03,对外经济贸易大学,91B5,外国语言文学类（商务英语、翻译、英语，可参与英语类与金融学/法学/会计学双学士学位项目选拔）,商务英语、翻译、英语，可参与英语类与金融学/法学/会计学双学士学位项目选拔,,,,,560,5899,,,,,,560,5899,,,,,,,,,本科,,,,,
8210121,上海,本科批,物理,,X0C3988,专业组03,对外经济贸易大学,AF96,工商管理类（会计学、财务管理、人力资源管理、市场营销、工商管理，可参与会计学与北邮计算机/金融科技联合学士学位项目选拔）,会计学、财务管理、人力资源管理、市场营销、工商管理，可参与会计学与北邮计算机/金融科技联合学士学位项目选拔,,,,,561,5731,,,,,,561,5731,,,,,,,,,本科,,,,,
8210122,上海,本科批,物理,,X0C3988,专业组03,对外经济贸易大学,CF11,金融学类（金融学、金融学（国际金融与市场）、经济与金融、投资学、保险学）,金融学、金融学（国际金融与市场,,,,,562,5544,,,,,,562,5544,,,,,,,,,本科,,,,,
8210123,上海,本科提前批,物理,,X0C3988,专业组01,对外经济贸易大学,FA00,西班牙语（可参与国贸-阿拉伯语专业双学士学位项目选拔）,可参与国贸-阿拉伯语专业双学士学位项目选拔,,,,,562,5544,,,,,,562,5544,,,,,,,,,本科,,,,,
8210124,上海,本科批,物理,,X0C3988,专业组01,对外经济贸易大学,E0C7,数据科学与大数据技术（可参与法学/保险-大数据双学士学位项目选拔）,可参与法学/保险-大数据双学士学位项目选拔,,,,,565,5019,,,,,,565,5019,,,,,,,,,本科,,,,,
8210125,上海,本科批,物理,,X0C3988,专业组01,对外经济贸易大学,76B9,统计学,,,,,,567,4662,,,,,,567,4662,,,,,,,,,本科,,,,,
8210700,上海,本科批,物理,,X24C671,专业组03,南京信息工程大学,903F,"国际经济与贸易（中外合作办学）（可在国内学习四年,也可第四年赴英国雷丁大学学习,学费按英国标准收取）","中外合作办学; 可在国内学习四年,也可第四年赴英国雷丁大学学习,学费按英国标准收取",,,,,516,15485,,,,,,516,15485,,,,,,,,,本科,,,,,
8210701,上海,本科批,物理,,X24C671,专业组02,南京信息工程大学,13FF,"信息工程（中外合作办学）（可在国内学习四年,也可第四年赴爱尔兰东南理工大学学习,学费按爱尔兰标准收取）","中外合作办学; 可在国内学习四年,也可第四年赴爱尔兰东南理工大学学习,学费按爱尔兰标准收取",,,,,526,13085,,,,,,526,13085,,,,,,,,,本科,,,,,
8210702,上海,本科批,物理,,X24C671,专业组02,南京信息工程大学,029E,"数据科学与大数据技术（中外合作办学）（可在国内学习四年,也可第四年赴英国雷丁大学学习,学费按英国标准收取）","中外合作办学; 可在国内学习四年,也可第四年赴英国雷丁大学学习,学费按英国标准收取",,,,,526,13085,,,,,,526,13085,,,,,,,,,本科,,,,,
8210703,上海,本科批,物理,,X24C671,专业组02,南京信息工程大学,E111,"软件工程（中外合作办学）（可在国内学习四年,也可第四年赴爱尔兰东南理工大学学习,学费按爱尔兰标准收取）","中外合作办学; 可在国内学习四年,也可第四年赴爱尔兰东南理工大学学习,学费按爱尔兰标准收取",,,,,526,13085,,,,,,526,13085,,,,,,,,,本科,,,,,
8210704,上海,本科批,物理,,X24C671,专业组02,南京信息工程大学,FA49,"物联网工程（中外合作办学）（可在国内学习四年,也可第四年赴爱尔兰东南理工大学学习,学费按爱尔兰标准收取）","中外合作办学; 可在国内学习四年,也可第四年赴爱尔兰东南理工大学学习,学费按爱尔兰标准收取",,,,,526,13085,,,,,,526,13085,,,,,,,,,本科,,,,,
8210705,上海,本科批,物理,,X24C671,专业组02,南京信息工程大学,3224,"大气科学（中外合作办学）（可在国内学习四年,也可第四年赴英国雷丁大学学习,学费按英国标准收取）","中外合作办学; 可在国内学习四年,也可第四年赴英国雷丁大学学习,学费按英国标准收取",,,,,527,12860,,,,,,527,12860,,,,,,,,,本科,,,,,
8210706,上海,本科批,物理,,X24C671,专业组01,南京信息工程大学,4E40,大气科学类（大气科学专业）,大气科学专业,,,,,545,8758,,,,,,545,8758,,,,,,,,,本科,,,,,
8212052,上海,本科批,物理,,X657927,专业组02,天津工业大学,0FBC,金融学,,,,,,486,23040,,,,,,486,23040,,,,,,,,,本科,,,,,
8212053,上海,本科批,物理,,X657927,专业组01,天津工业大学,8684,智能制造工程,,,,,,520,14532,,,,,,520,14532,,,,,,,,,本科,,,,,
8212054,上海,本科批,物理,,X657927,专业组01,天津工业大学,3C38,软件工程,,,,,,521,14281,,,,,,521,14281,,,,,,,,,本科,,,,,
8212792,上海,本科批,物理,,X5A23D3,专业组01,中国科学技术大学,7681,理科试验班类（含:数学类（华罗庚数学科技英才班）、物理学类（严济慈物理科技英才班）、化学类（卢嘉锡化学科技英才班）、生物科学类（贝时璋生命科技英才班）、空间科学与技术（赵九章现代地球和空间科技英才班）、数学类、物理学类、化学类、材料类、生物科学类、空间科学与技术、行星科学、统计学、金融学、工商管理、管理科学专业）,含:数学类（华罗庚数学科技英才班; 严济慈物理科技英才班; 卢嘉锡化学科技英才班; 贝时璋生命科技英才班; 赵九章现代地球和空间科技英才班,,,,,580,2684,,,,,,580,2684,,,,,,,,,本科,,,,,
8212793,上海,本科批,物理,,X5A23D3,专业组01,中国科学技术大学,6DB4,工科试验班（含:计算机类（华夏计算机科技英才班）、电子信息类（信息科技英才班）、网络空间安全（网络空间科技英才班）、电子信息类（集成电路科技英才班）、人工智能（科技英才班）、力学类（钱学森力学科技英才班）、计算机类、电子信息类、网络空间安全、理论与应用力学、机械设计制造及其自动化、能源与动力工程、安全工程、核工程类专业）,含:计算机类（华夏计算机科技英才班; 信息科技英才班; 网络空间科技英才班; 集成电路科技英才班; 科技英才班; 钱学森力学科技英才班,,,,,580,2684,,,,,,580,2684,,,,,,,,,本科,,,,,
8213188,上海,本科批,物理,,X3B93C5,专业组01,河南财经政法大学,B96F,经济与贸易类（含:国际经济与贸易、贸易经济专业）,含:国际经济与贸易、贸易经济专业,,,,,463,28756,,,,,,463,28756,,,,,,,,,本科,,,,,
8213189,上海,本科批,物理,,X3B93C5,专业组01,河南财经政法大学,FB18,财务管理,,,,,,463,28756,,,,,,463,28756,,,,,,,,,本科,,,,,
8213190,上海,本科批,物理,,X3B93C5,专业组01,河南财经政法大学,6D35,金融学类（含:金融学、投资学、投资学（期货方向）专业）,含:金融学、投资学、投资学（期货方向,,,,,464,28519,,,,,,464,28519,,,,,,,,,本科,,,,,
8213191,上海,本科批,物理,,X3B93C5,专业组01,河南财经政法大学,927B,法学,,,,,,479,24795,,,,,,479,24795,,,,,,,,,本科,,,,,
8213696,上海,本科批,物理,,XE0E77E,专业组03,东北师范大学,4D62,会计学（中外合作办学）,中外合作办学,,,,,518,15023,,,,,,518,15023,,,,,,,,,本科,,,,,
8213697,上海,本科批,物理,,XE0E77E,专业组02,东北师范大学,6C84,经济学类（含:金融学、会计学、人力资源管理、经济学、市场营销专业）,含:金融学、会计学、人力资源管理、经济学、市场营销专业,,,,,521,14281,,,,,,521,14281,,,,,,,,,本科,,,,,
8213698,上海,本科批,物理,,XE0E77E,专业组01,东北师范大学,F3F4,物理学类（含:物理学（师范）、电子信息科学与技术、材料物理专业）,含:物理学（师范,,,,,521,14281,,,,,,521,14281,,,,,,,,,本科,,,,,
8213699,上海,本科批,物理,,XE0E77E,专业组02,东北师范大学,F191,德语（师范类）,师范类,,,,,522,14026,,,,,,522,14026,,,,,,,,,本科,,,,,
8213700,上海,本科批,物理,,XE0E77E,专业组01,东北师范大学,4C3B,生物科学类（含:生物科学（师范）、生物技术专业）,含:生物科学（师范,,,,,528,12627,,,,,,528,12627,,,,,,,,,本科,,,,,
8213701,上海,本科批,物理,,XE0E77E,专业组02,东北师范大学,AFF5,汉语言文学（师范类）,师范类,,,,,528,12627,,,,,,528,12627,,,,,,,,,本科,,,,,
8214336,上海,本科批,物理,,X8DEAE0,专业组01,郑州轻工业大学,53B9,食品质量与安全,,,,,,414,39641,,,,,,414,39641,,,,,,,,,本科,,,,,
8214337,上海,本科批,物理,,X8DEAE0,专业组01,郑州轻工业大学,D6ED,化学工程与工艺,,,,,,418,38869,,,,,,418,38869,,,,,,,,,本科,,,,,
8214338,上海,本科批,物理,,X8DEAE0,专业组02,郑州轻工业大学,4154,电子商务,,,,,,430,36436,,,,,,430,36436,,,,,,,,,本科,,,,,
8214339,上海,本科批,物理,,X8DEAE0,专业组02,郑州轻工业大学,04A0,工商管理,,,,,,431,36222,,,,,,431,36222,,,,,,,,,本科,,,,,
8214340,上海,本科批,物理,,X8DEAE0,专业组02,郑州轻工业大学,5E19,会计学,,,,,,433,35806,,,,,,433,35806,,,,,,,,,本科,,,,,
8214341,上海,本科批,物理,,X8DEAE0,专业组02,郑州轻工业大学,E6CB,社会工作,,,,,,435,35341,,,,,,435,35341,,,,,,,,,本科,,,,,
8215138,上海,本科批,物理,,XBE703B,专业组02,西南石油大学,51C8,思想政治教育,,,,,,481,24337,,,,,,481,24337,,,,,,,,,本科,,,,,
8215139,上海,本科批,物理,,XBE703B,专业组03,西南石油大学,25DE,国际经济与贸易,,,,,,484,23553,,,,,,484,23553,,,,,,,,,本科,,,,,
8215140,上海,本科批,物理,,XBE703B,专业组03,西南石油大学,6AB9,经济学,,,,,,487,22781,,,,,,487,22781,,,,,,,,,本科,,,,,
8215141,上海,本科批,物理,,XBE703B,专业组03,西南石油大学,5E19,会计学,,,,,,488,22514,,,,,,488,22514,,,,,,,,,本科,,,,,
8215142,上海,本科批,物理,,XBE703B,专业组01,西南石油大学,417B,油气储运工程（无色盲）,无色盲,,,,,490,22003,,,,,,490,22003,,,,,,,,,本科,,,,,
8215143,上海,本科批,物理,,XBE703B,专业组01,西南石油大学,4D53,石油工程,,,,,,510,17049,,,,,,510,17049,,,,,,,,,本科,,,,,
8215750,上海,本科批,物理,,X23B28E,专业组01,武汉科技大学,2CAD,机械类（汽车）（智能车辆工程、车辆工程）,汽车; 智能车辆工程、车辆工程,,,,,507,17795,,,,,,507,17795,,,,,,,,,本科,,,,,
8215751,上海,本科批,物理,,X23B28E,专业组01,武汉科技大学,2595,自动化类（自动化、机器人工程）,自动化、机器人工程,,,,,508,17567,,,,,,508,17567,,,,,,,,,本科,,,,,
8215752,上海,本科批,物理,,X23B28E,专业组01,武汉科技大学,2897,计算机类（计算机科学与技术、软件工程、智能科学与技术、信息安全）,计算机科学与技术、软件工程、智能科学与技术、信息安全,,,,,511,16761,,,,,,511,16761,,,,,,,,,本科,,,,,
8216213,上海,本科批,物理,,XEE6D29,专业组01,重庆师范大学,76B9,统计学,,,,,,444,33286,,,,,,444,33286,,,,,,,,,本科,,,,,
8216214,上海,本科批,物理,,XEE6D29,专业组01,重庆师范大学,7932,电子信息科学与技术,,,,,,448,32390,,,,,,448,32390,,,,,,,,,本科,,,,,
8216215,上海,本科批,物理,,XEE6D29,专业组01,重庆师范大学,0B9C,材料类（含:材料化学、高分子材料与工程专业。无色盲、色弱）,含:材料化学、高分子材料与工程专业。无色盲、色弱,,,,,452,31399,,,,,,452,31399,,,,,,,,,本科,,,,,
8216216,上海,本科批,物理,,XEE6D29,专业组01,重庆师范大学,B8DA,数学与应用数学（师范类）,师范类,,,,,461,29262,,,,,,461,29262,,,,,,,,,本科,,,,,
8216217,上海,本科批,物理,,XEE6D29,专业组01,重庆师范大学,CCCD,化学（师范类。无色盲、色弱）,师范类。无色盲、色弱,,,,,461,29262,,,,,,461,29262,,,,,,,,,本科,,,,,
8216218,上海,本科批,物理,,XEE6D29,专业组03,重庆师范大学,6AB9,经济学,,,,,,466,28028,,,,,,466,28028,,,,,,,,,本科,,,,,
8216219,上海,本科批,物理,,XEE6D29,专业组03,重庆师范大学,F338,英语（师范类）,师范类,,,,,473,26270,,,,,,473,26270,,,,,,,,,本科,,,,,
8216220,上海,本科批,物理,,XEE6D29,专业组02,重庆师范大学,0179,中国语言文学类（含:汉语言文学（师范）、汉语国际教育、秘书学专业）,含:汉语言文学（师范,,,,,483,23814,,,,,,483,23814,,,,,,,,,本科,,,,,
8216921,上海,专科批,物理,,X66B0A9,专业组Z01,华东交通大学,298B,道路与桥梁工程技术（办学点：进贤教学点）,办学点：进贤教学点,,,,,238,2002,,,,,,238,2002,,,,,,,,,专科,,,,,
8216922,上海,专科批,物理,,X66B0A9,专业组Z01,华东交通大学,3FDE,铁道工程技术（办学点：进贤教学点）,办学点：进贤教学点,,,,,239,1934,,,,,,239,1934,,,,,,,,,专科,,,,,
8216923,上海,专科批,物理,,X66B0A9,专业组Z01,华东交通大学,9AB0,铁道机车运用与维护（办学点：进贤教学点）,办学点：进贤教学点,,,,,240,1855,,,,,,240,1855,,,,,,,,,专科,,,,,
8216924,上海,专科批,物理,,X66B0A9,专业组Z01,华东交通大学,8A86,铁道车辆技术（办学点：进贤教学点）,办学点：进贤教学点,,,,,254,821,,,,,,254,821,,,,,,,,,专科,,,,,
8216925,上海,本科批,物理,,X66B0A9,专业组01,华东交通大学,4ECE,土木工程,,,,,,452,31399,,,,,,452,31399,,,,,,,,,本科,,,,,
8216926,上海,本科批,物理,,X66B0A9,专业组01,华东交通大学,78FF,机械设计制造及其自动化,,,,,,459,29755,,,,,,459,29755,,,,,,,,,本科,,,,,
8216927,上海,本科批,物理,,X66B0A9,专业组01,华东交通大学,A5B7,电气工程及其自动化,,,,,,460,29525,,,,,,460,29525,,,,,,,,,本科,,,,,
8216928,上海,本科批,物理,,X66B0A9,专业组02,华东交通大学,0FBC,金融学,,,,,,474,26034,,,,,,474,26034,,,,,,,,,本科,,,,,
8216929,上海,本科批,物理,,X66B0A9,专业组02,华东交通大学,5E19,会计学,,,,,,479,24795,,,,,,479,24795,,,,,,,,,本科,,,,,
8217824,上海,本科批,物理,,X67FBA8,专业组02,燕山大学,E042,经济与金融,,,,,,481,24337,,,,,,481,24337,,,,,,,,,本科,,,,,
8217825,上海,本科批,物理,,X67FBA8,专业组01,燕山大学,3C38,软件工程,,,,,,518,15023,,,,,,518,15023,,,,,,,,,本科,,,,,
8217826,上海,本科批,物理,,X67FBA8,专业组01,燕山大学,D746,电气类（含:电气工程及其自动化、自动化、智能科学与技术专业）,含:电气工程及其自动化、自动化、智能科学与技术专业,,,,,519,14753,,,,,,519,14753,,,,,,,,,本科,,,,,
8217827,上海,本科批,物理,,X67FBA8,专业组01,燕山大学,7185,机械类（含:机械设计制造及其自动化、智能制造工程、机器人工程专业）,含:机械设计制造及其自动化、智能制造工程、机器人工程专业,,,,,521,14281,,,,,,521,14281,,,,,,,,,本科,,,,,
8218337,上海,本科批,物理,,X446474,专业组06,上海中医药大学,474C,护理学（上海高校应用型本科建设项目）,上海高校应用型本科建设项目,,,,,504,18539,,,,,,504,18539,,,,,,,,,本科,,,,,
8218338,上海,本科批,物理,,X446474,专业组05,上海中医药大学,1FC6,公共事业管理（卫生管理方向。上海高校应用型本科建设项目）,卫生管理方向。上海高校应用型本科建设项目,,,,,517,15249,,,,,,517,15249,,,,,,,,,本科,,,,,
8218339,上海,本科批,物理,,X446474,专业组04,上海中医药大学,ECEA,听力与言语康复学,,,,,,518,15023,,,,,,518,15023,,,,,,,,,本科,,,,,
8218340,上海,本科批,物理,,X446474,专业组04,上海中医药大学,8778,药学（中外合作办学）（外语单科成绩不低于90分。国家级一流本科专业建设点）,中外合作办学; 外语单科成绩不低于90分。国家级一流本科专业建设点,,,,,518,15023,,,,,,518,15023,,,,,,,,,本科,,,,,
8218341,上海,本科批,物理,,X446474,专业组04,上海中医药大学,552A,智能医学工程,,,,,,524,13538,,,,,,524,13538,,,,,,,,,本科,,,,,
8218342,上海,本科批,物理,,X446474,专业组04,上海中医药大学,B17E,食品卫生与营养学（上海高校应用型本科建设项目）,上海高校应用型本科建设项目,,,,,525,13276,,,,,,525,13276,,,,,,,,,本科,,,,,
8218343,上海,本科批,物理,,X446474,专业组03,上海中医药大学,A39E,预防医学,,,,,,526,13085,,,,,,526,13085,,,,,,,,,本科,,,,,
8218344,上海,本科批,物理,,X446474,专业组04,上海中医药大学,02F4,生物医学工程（中医信息与工程方向。教育部新工科建设项目）,中医信息与工程方向。教育部新工科建设项目,,,,,528,12627,,,,,,528,12627,,,,,,,,,本科,,,,,
8218345,上海,本科批,物理,,X446474,专业组03,上海中医药大学,99DE,"中药学（国家级一流本科专业建设点,教育部新农科建设项目）","国家级一流本科专业建设点,教育部新农科建设项目",,,,,528,12627,,,,,,528,12627,,,,,,,,,本科,,,,,
8218346,上海,本科批,物理,,X446474,专业组03,上海中医药大学,7DA0,针灸推拿学（国家级一流本科专业建设点）,国家级一流本科专业建设点,,,,,531,11919,,,,,,531,11919,,,,,,,,,本科,,,,,
8218347,上海,本科批,物理,,X446474,专业组03,上海中医药大学,0251,中医学（五年制。国家级一流本科专业建设点）,五年制。国家级一流本科专业建设点,,,,,537,10538,,,,,,537,10538,,,,,,,,,本科,,,,,
8218348,上海,本科批,物理,,X446474,专业组02,上海中医药大学,13E9,"中药学（创新班。4+5本博连读专业。国家级一流本科专业建设点,教育部新农科建设项目）","创新班。4+5本博连读专业。国家级一流本科专业建设点,教育部新农科建设项目",,,,,554,7021,,,,,,554,7021,,,,,,,,,本科,,,,,
8218349,上海,本科批,物理,,X446474,专业组01,上海中医药大学,1C64,"中医学（5+3一体化汇聚创新班。国家级一流本科专业建设点,本硕连读与中医住院医师规范化培训结合）","5+3一体化汇聚创新班。国家级一流本科专业建设点,本硕连读与中医住院医师规范化培训结合",,,,,557,6458,,,,,,557,6458,,,,,,,,,本科,,,,,
8218350,上海,本科批,物理,,X446474,专业组01,上海中医药大学,37B6,"中医学（5+3一体化。国家级一流本科专业建设点,本硕连读与中医住院医师规范化培训结合）","5+3一体化。国家级一流本科专业建设点,本硕连读与中医住院医师规范化培训结合",,,,,558,6285,,,,,,558,6285,,,,,,,,,本科,,,,,
8218351,上海,本科批,物理,,X446474,专业组01,上海中医药大学,3E43,"中医学（5+3一体化针灸推拿英语方向。外语单科成绩不低于105分。国家级一流本科专业建设点,本硕连读与中医住院医师规范化培训结合）","5+3一体化针灸推拿英语方向。外语单科成绩不低于105分。国家级一流本科专业建设点,本硕连读与中医住院医师规范化培训结合",,,,,566,4841,,,,,,566,4841,,,,,,,,,本科,,,,,
8218738,上海,本科批,物理,,X02E144,专业组04,贵州大学,4A20,环境科学（中外合作办学）（入校后不得转专业）,中外合作办学; 入校后不得转专业,,,,,479,24795,,,,,,479,24795,,,,,,,,,本科,,,,,
8218739,上海,本科批,物理,,X02E144,专业组05,贵州大学,24BD,"旅游管理（中外合作办学）（入校后不得转专业。五官端正、无醒目疤痕,口齿清楚,无残疾）","中外合作办学; 入校后不得转专业。五官端正、无醒目疤痕,口齿清楚,无残疾",,,,,479,24795,,,,,,479,24795,,,,,,,,,本科,,,,,
8218740,上海,本科批,物理,,X02E144,专业组03,贵州大学,2555,化学工程与工艺（中外合作办学）（入校后不得转专业）,中外合作办学; 入校后不得转专业,,,,,510,17049,,,,,,510,17049,,,,,,,,,本科,,,,,
8218741,上海,本科批,物理,,X02E144,专业组02,贵州大学,6FD3,机械设计制造及其自动化（中外合作办学）（入校后不得转专业）,中外合作办学; 入校后不得转专业,,,,,517,15249,,,,,,517,15249,,,,,,,,,本科,,,,,
8218742,上海,本科批,物理,,X02E144,专业组01,贵州大学,4718,数据科学与大数据技术,,,,,,523,13763,,,,,,523,13763,,,,,,,,,本科,,,,,
8219501,上海,本科批,物理,,X6EB3A5,专业组01,华南农业大学,0325,动物医学,,,,,,504,18539,,,,,,504,18539,,,,,,,,,本科,,,,,
8219502,上海,本科批,物理,,X6EB3A5,专业组01,华南农业大学,2638,植物保护,,,,,,512,16483,,,,,,512,16483,,,,,,,,,本科,,,,,
8220323,上海,本科批,物理,,X4BD2B0,专业组03,中国矿业大学,A146,经济与贸易类（含:金融学、国际经济与贸易专业）,含:金融学、国际经济与贸易专业,,,,,531,11919,,,,,,531,11919,,,,,,,,,本科,,,,,
8220324,上海,本科批,物理,,X4BD2B0,专业组02,中国矿业大学,62BF,大数据管理与应用,,,,,,539,10069,,,,,,539,10069,,,,,,,,,本科,,,,,
8220325,上海,本科批,物理,,X4BD2B0,专业组01,中国矿业大学,F068,人工智能,,,,,,544,8973,,,,,,544,8973,,,,,,,,,本科,,,,,
8220326,上海,本科批,物理,,X4BD2B0,专业组01,中国矿业大学,A5B7,电气工程及其自动化,,,,,,545,8758,,,,,,545,8758,,,,,,,,,本科,,,,,
8221717,上海,本科批,物理,,X89D6AA,专业组02,桂林电子科技大学,4145,英语,,,,,,436,35127,,,,,,436,35127,,,,,,,,,本科,,,,,
8221718,上海,本科批,物理,,X89D6AA,专业组01,桂林电子科技大学,ECA4,通信工程,,,,,,505,18290,,,,,,505,18290,,,,,,,,,本科,,,,,
8221719,上海,本科批,物理,,X89D6AA,专业组01,桂林电子科技大学,3C38,软件工程,,,,,,508,17567,,,,,,508,17567,,,,,,,,,本科,,,,,
8221720,上海,本科批,物理,,X89D6AA,专业组01,桂林电子科技大学,B9A5,计算机科学与技术,,,,,,509,17313,,,,,,509,17313,,,,,,,,,本科,,,,,
8221721,上海,本科批,物理,,X89D6AA,专业组01,桂林电子科技大学,93E3,电子信息工程,,,,,,515,15734,,,,,,515,15734,,,,,,,,,本科,,,,,
8222477,上海,本科批,物理,,XD2D785,专业组01,齐鲁工业大学,0FBC,金融学,,,,,,449,32134,,,,,,449,32134,,,,,,,,,本科,,,,,
8222478,上海,本科批,物理,,XD2D785,专业组01,齐鲁工业大学,927B,法学,,,,,,450,31904,,,,,,450,31904,,,,,,,,,本科,,,,,
8222997,上海,本科批,物理,,XCC79E7,专业组01,西安理工大学,548C,信息与计算科学,,,,,,501,19243,,,,,,501,19243,,,,,,,,,本科,,,,,
8222998,上海,本科批,物理,,XCC79E7,专业组01,西安理工大学,A942,材料科学与工程,,,,,,501,19243,,,,,,501,19243,,,,,,,,,本科,,,,,
8222999,上海,本科批,物理,,XCC79E7,专业组01,西安理工大学,29F4,物联网工程,,,,,,517,15249,,,,,,517,15249,,,,,,,,,本科,,,,,
8223733,上海,本科批,物理,,X3C31B3,专业组01,鲁东大学,FA23,地理信息科学,,,,,,422,38053,,,,,,422,38053,,,,,,,,,本科,,,,,
8223734,上海,本科批,物理,,X3C31B3,专业组01,鲁东大学,E5C7,地理科学（师范类）,师范类,,,,,429,36629,,,,,,429,36629,,,,,,,,,本科,,,,,
8223735,上海,本科批,物理,,X3C31B3,专业组02,鲁东大学,6AB9,经济学,,,,,,437,34923,,,,,,437,34923,,,,,,,,,本科,,,,,
8223736,上海,本科批,物理,,X3C31B3,专业组02,鲁东大学,A615,汉语国际教育,,,,,,438,34709,,,,,,438,34709,,,,,,,,,本科,,,,,
8224306,上海,本科批,物理,,X332ABF,专业组01,四川农业大学,53B9,食品质量与安全,,,,,,514,15979,,,,,,514,15979,,,,,,,,,本科,,,,,
8224307,上海,本科批,物理,,X332ABF,专业组01,四川农业大学,98E9,茶学,,,,,,516,15485,,,,,,516,15485,,,,,,,,,本科,,,,,
8224308,上海,本科批,物理,,X332ABF,专业组01,四川农业大学,0325,动物医学,,,,,,521,14281,,,,,,521,14281,,,,,,,,,本科,,,,,
8225057,上海,本科批,物理,,XF42061,专业组03,南通大学,1049,商务英语,,,,,,465,28294,,,,,,465,28294,,,,,,,,,本科,,,,,
8225058,上海,本科批,物理,,XF42061,专业组03,南通大学,C349,学前教育（师范）,师范,,,,,467,27778,,,,,,467,27778,,,,,,,,,本科,,,,,
8225059,上海,本科批,物理,,XF42061,专业组02,南通大学,BA85,教育技术学（师范）,师范,,,,,485,23293,,,,,,485,23293,,,,,,,,,本科,,,,,
8225060,上海,本科批,物理,,XF42061,专业组03,南通大学,0A1A,小学教育（师范）,师范,,,,,487,22781,,,,,,487,22781,,,,,,,,,本科,,,,,
8225061,上海,本科批,物理,,XF42061,专业组01,南通大学,BE91,医学检验技术,,,,,,508,17567,,,,,,508,17567,,,,,,,,,本科,,,,,
8225062,上海,本科批,物理,,XF42061,专业组01,南通大学,A39E,预防医学,,,,,,514,15979,,,,,,514,15979,,,,,,,,,本科,,,,,
8225063,上海,本科批,物理,,XF42061,专业组01,南通大学,97D0,临床医学,,,,,,520,14532,,,,,,520,14532,,,,,,,,,本科,,,,,
8225755,上海,本科批,物理,,X75AF0D,专业组01,曲阜师范大学,C15F,生物科学（师范类）,师范类,,,,,475,25819,,,,,,475,25819,,,,,,,,,本科,,,,,
8225756,上海,本科批,物理,,X75AF0D,专业组02,曲阜师范大学,AFF5,汉语言文学（师范类）,师范类,,,,,505,18290,,,,,,505,18290,,,,,,,,,本科,,,,,
8226230,上海,本科批,物理,,X0B3E26,专业组02,河南农业大学,8189,环境生态工程,,,,,,429,36629,,,,,,429,36629,,,,,,,,,本科,,,,,
8226231,上海,本科批,物理,,X0B3E26,专业组03,河南农业大学,E042,经济与金融,,,,,,440,34239,,,,,,440,34239,,,,,,,,,本科,,,,,
8226232,上海,本科批,物理,,X0B3E26,专业组03,河南农业大学,6AB9,经济学,,,,,,440,34239,,,,,,440,34239,,,,,,,,,本科,,,,,
8226233,上海,本科批,物理,,X0B3E26,专业组01,河南农业大学,BB9A,轻工类（烟工类。含:食品科学与工程（烟草工程）、香料香精技术与工程专业。无色盲、色弱）,烟工类。含:食品科学与工程（烟草工程,,,,,461,29262,,,,,,461,29262,,,,,,,,,本科,,,,,
8226696,上海,本科批,物理,,X667600,专业组02,北京航空航天大学,779A,社会科学试验班（含:经济学、行政管理、英语、翻译、法学专业）,含:经济学、行政管理、英语、翻译、法学专业,,,,,566,4841,,,,,,566,4841,,,,,,,,,本科,,,,,
8226697,上海,本科批,物理,,X667600,专业组Q4,北京航空航天大学,2E5F,"工科试验班类（中外合作办学）（中法航空试验班。与法国国立民航大学联合培养,本科阶段不可转入北京市各校区设立的学院学习。含:交通运输、飞行器适航技术、测控技术与仪器、电子信息工程专业）","中外合作办学; 中法航空试验班。与法国国立民航大学联合培养,本科阶段不可转入北京市各校区设立的学院学习。含:交通运输、飞行器适航技术、测控技术与仪器、电子信息工程专业",,,,,576,3250,,,,,,576,3250,,,,,,,,,本科,,,,,
8226698,上海,本科批,物理,,X667600,专业组Q3,北京航空航天大学,86D7,工科试验班类（航空航天类。含:智能飞行器技术、空天智能电推进技术、智能制造工程、飞行器设计与工程、飞行器动力工程、飞行器环境与生命保障工程、飞行器控制与信息工程、飞行器制造工程、材料科学与工程、纳米材料与技术、能源与动力工程、工程力学、机械工程、微机电系统工程、工业设计、机器人工程、生物医学工程、车辆工程、智慧交通、飞行器适航技术、飞行器质量与可靠性、安全工程、探测制导与控制技术、无人驾驶航空器系统工程专业）,航空航天类。含:智能飞行器技术、空天智能电推进技术、智能制造工程、飞行器设计与工程、飞行器动力工程、飞行器环境与生命保障工程、飞行器控制与信息工程、飞行器制造工程、材料科学与工程、纳米材料与技术、能源与动力工程、工程力学、机械工程、微机电系统工程、工业设计、机器人工程、生物医学工程、车辆工程、智慧交通、飞行器适航技术、飞行器质量与可靠性、安全工程、探测制导与控制技术、无人驾驶航空器系统工程专业,,,,,580,2684,,,,,,580,2684,,,,,,,,,本科,,,,,
8226699,上海,本科批,物理,,X667600,专业组01,北京航空航天大学,5FBD,工科试验班类（信息类。含:计算机科学与技术、人工智能、虚拟现实技术、电子信息工程、通信工程、电子科学与技术、集成电路设计与集成系统、光电信息科学与工程、电磁场与无线技术、交通运输、软件工程、自动化、电气工程及其自动化、机器人工程、信息对抗技术、信息安全、微电子科学与工程、测控技术与仪器、探测制导与控制技术、遥感科学与技术、智能感知工程专业）,信息类。含:计算机科学与技术、人工智能、虚拟现实技术、电子信息工程、通信工程、电子科学与技术、集成电路设计与集成系统、光电信息科学与工程、电磁场与无线技术、交通运输、软件工程、自动化、电气工程及其自动化、机器人工程、信息对抗技术、信息安全、微电子科学与工程、测控技术与仪器、探测制导与控制技术、遥感科学与技术、智能感知工程专业,,,,,586,1980,,,,,,586,1980,,,,,,,,,本科,,,,,
8226700,上海,本科批,物理,,X667600,专业组01,北京航空航天大学,1A27,数学与应用数学（拔尖学生培养计划。含:数学与应用数学-计算机科学与技术双学士学位项目。只招填报有该专业志愿的考生）,拔尖学生培养计划。含:数学与应用数学-计算机科学与技术双学士学位项目。只招填报有该专业志愿的考生,,,,,586,1980,,,,,,586,1980,,,,,,,,,本科,,,,,
8226701,上海,本科批,物理,,X667600,专业组01,北京航空航天大学,7DCF,人工智能（卓越人才培养试验班）,卓越人才培养试验班,,,,,586,1980,,,,,,586,1980,,,,,,,,,本科,,,,,
8226702,上海,本科批,物理,,X667600,专业组01,北京航空航天大学,0538,理科试验班类（含:数学与应用数学、信息与计算科学、统计学、信息安全、应用物理学、核物理、物理学、化学、应用化学、化学生物学专业）,含:数学与应用数学、信息与计算科学、统计学、信息安全、应用物理学、核物理、物理学、化学、应用化学、化学生物学专业,,,,,586,1980,,,,,,586,1980,,,,,,,,,本科,,,,,
8226703,上海,本科批,物理,,X667600,专业组01,北京航空航天大学,D99F,工科试验班类（未来空天领军计划。含:智能飞行器技术、智能感知工程、智能制造工程、空天智能电推进技术、飞行器设计与工程、飞行器动力工程、材料科学与工程、智慧交通、人工智能、网络空间安全、交通运输、空间科学与技术专业。只招填报有该专业志愿的考生）,未来空天领军计划。含:智能飞行器技术、智能感知工程、智能制造工程、空天智能电推进技术、飞行器设计与工程、飞行器动力工程、材料科学与工程、智慧交通、人工智能、网络空间安全、交通运输、空间科学与技术专业。只招填报有该专业志愿的考生,,,,,586,1980,,,,,,586,1980,,,,,,,,,本科,,,,,
8227711,上海,本科批,物理,,X6EF30C,专业组02,重庆交通大学,92F0,工商管理类（含:工商管理、会计学、市场营销专业）,含:工商管理、会计学、市场营销专业,,,,,470,26996,,,,,,470,26996,,,,,,,,,本科,,,,,
8227712,上海,本科批,物理,,X6EF30C,专业组01,重庆交通大学,4B9D,电子信息类（含:电子信息工程、通信工程专业）,含:电子信息工程、通信工程专业,,,,,497,20203,,,,,,497,20203,,,,,,,,,本科,,,,,
8228621,上海,本科批,物理,,XA0555F,专业组03,北京科技大学,0AB6,工商管理类（数智管理与经济试验班。含:工商管理、会计学、国际经济与贸易专业。入学一年后专业分流）,数智管理与经济试验班。含:工商管理、会计学、国际经济与贸易专业。入学一年后专业分流,,,,,550,7798,,,,,,550,7798,,,,,,,,,本科,,,,,
8228622,上海,本科批,物理,,XA0555F,专业组02,北京科技大学,8877,大数据管理与应用（大数据与金融试验班。入学一年后可分流至信息管理与信息系统、工程管理、大数据管理与应用、金融工程专业）,大数据与金融试验班。入学一年后可分流至信息管理与信息系统、工程管理、大数据管理与应用、金融工程专业,,,,,558,6285,,,,,,558,6285,,,,,,,,,本科,,,,,
8228623,上海,本科批,物理,,XA0555F,专业组01,北京科技大学,D02B,材料科学与工程（入学一年后可分流至材料科学与工程、材料物理、材料化学、无机非金属材料、纳米材料与技术、材料成型及控制工程等专业）,入学一年后可分流至材料科学与工程、材料物理、材料化学、无机非金属材料、纳米材料与技术、材料成型及控制工程等专业,,,,,562,5544,,,,,,562,5544,,,,,,,,,本科,,,,,
8228624,上海,本科批,物理,,XA0555F,专业组01,北京科技大学,812C,机械类（含:机械工程、机器人工程、车辆工程、物流工程、工业设计专业。入学一年后专业分流）,含:机械工程、机器人工程、车辆工程、物流工程、工业设计专业。入学一年后专业分流,,,,,562,5544,,,,,,562,5544,,,,,,,,,本科,,,,,
8228625,上海,本科批,物理,,XA0555F,专业组01,北京科技大学,9FA8,计算机类（含:计算机科学与技术、信息安全、物联网工程专业。入学一年后专业分流）,含:计算机科学与技术、信息安全、物联网工程专业。入学一年后专业分流,,,,,566,4841,,,,,,566,4841,,,,,,,,,本科,,,,,
8228626,上海,本科批,物理,,XA0555F,专业组01,北京科技大学,94C4,材料科学与工程（高精尖班。特殊培养政策详见学校本科招生网）,高精尖班。特殊培养政策详见学校本科招生网,,,,,566,4841,,,,,,566,4841,,,,,,,,,本科,,,,,
8229387,上海,本科批,物理,,XEF35ED,专业组01,中国政法大学,04A0,工商管理,,,,,,556,6631,,,,,,556,6631,,,,,,,,,本科,,,,,
8229388,上海,本科批,物理,,XEF35ED,专业组01,中国政法大学,B29B,德语（法律德语实验班。外语语种为英语、德语。本科阶段综合考核排名前4名（全国招生规模20人）的学生将获得该校免试攻读法学专业研究生推荐资格。详见学校招生章程）,法律德语实验班。外语语种为英语、德语。本科阶段综合考核排名前4名（全国招生规模20人,,,,,558,6285,,,,,,558,6285,,,,,,,,,本科,,,,,
8229389,上海,本科批,物理,,XEF35ED,专业组01,中国政法大学,AC90,行政管理,,,,,,558,6285,,,,,,558,6285,,,,,,,,,本科,,,,,
8229390,上海,本科批,物理,,XEF35ED,专业组01,中国政法大学,51FE,翻译（法律翻译实验班。本科阶段综合考核排名前8名（全国招生规模40人）的学生将获得该校免试攻读法学专业研究生推荐资格。详见学校招生章程）,法律翻译实验班。本科阶段综合考核排名前8名（全国招生规模40人,,,,,559,6102,,,,,,559,6102,,,,,,,,,本科,,,,,
8229391,上海,本科批,物理,,XEF35ED,专业组01,中国政法大学,B058,国际商务（涉外法商人才培养实验班。本科阶段综合考核排名前20名（全国招生规模50人）的学生将获得该校免试攻读法学等专业研究生推荐资格。详见学校招生章程）,涉外法商人才培养实验班。本科阶段综合考核排名前20名（全国招生规模50人,,,,,559,6102,,,,,,559,6102,,,,,,,,,本科,,,,,
8229392,上海,本科批,物理,,XEF35ED,专业组01,中国政法大学,927B,法学,,,,,,559,6102,,,,,,559,6102,,,,,,,,,本科,,,,,
8229393,上海,本科批,物理,,XEF35ED,专业组01,中国政法大学,4190,"法学（法学人才培养模式改革实验班。本科阶段综合考核排名前80%的学生,获得该校免试攻读研究生推荐资格。详见学校招生章程）","法学人才培养模式改革实验班。本科阶段综合考核排名前80%的学生,获得该校免试攻读研究生推荐资格。详见学校招生章程",,,,,575,3392,,,,,,575,3392,,,,,,,,,本科,,,,,
8229394,上海,本科批,物理,,XEF35ED,专业组01,中国政法大学,CB9D,"法学（北京外国语大学联合培养涉外法治人才。由该校和北京外国语大学联合培养。第二学年集中到北外学习,授予联合学士学位。经考核合格的,均可获得该校免试攻读研究生推荐资格。详见学校招生章程）","北京外国语大学联合培养涉外法治人才。由该校和北京外国语大学联合培养。第二学年集中到北外学习,授予联合学士学位。经考核合格的,均可获得该校免试攻读研究生推荐资格。详见学校招生章程",,,,,580,2684,,,,,,580,2684,,,,,,,,,本科,,,,,
8229925,上海,本科批,物理,,XBD221F,专业组01,三峡大学,E2E1,生物工程,,,,,,475,25819,,,,,,475,25819,,,,,,,,,本科,,,,,
8229926,上海,本科批,物理,,XBD221F,专业组01,三峡大学,0541,生物科学,,,,,,479,24795,,,,,,479,24795,,,,,,,,,本科,,,,,
8229927,上海,本科批,物理,,XBD221F,专业组01,三峡大学,C1B4,水利水电工程,,,,,,480,24562,,,,,,480,24562,,,,,,,,,本科,,,,,
8229928,上海,本科批,物理,,XBD221F,专业组02,三峡大学,8091,电气工程及其自动化（中外合作办学）,中外合作办学,,,,,488,22514,,,,,,488,22514,,,,,,,,,本科,,,,,
8229929,上海,本科批,物理,,XBD221F,专业组01,三峡大学,B9E2,智能电网信息工程,,,,,,488,22514,,,,,,488,22514,,,,,,,,,本科,,,,,
8229930,上海,本科批,物理,,XBD221F,专业组01,三峡大学,9AC8,电气工程及其自动化（输电线路工程方向）,输电线路工程方向,,,,,494,20956,,,,,,494,20956,,,,,,,,,本科,,,,,
8229931,上海,本科批,物理,,XBD221F,专业组01,三峡大学,A5B7,电气工程及其自动化,,,,,,500,19486,,,,,,500,19486,,,,,,,,,本科,,,,,
8231107,上海,本科批,物理,,XC50040,专业组02,辽宁大学,EE66,国际商务（中外合作办学）（亚澳商学院）,中外合作办学; 亚澳商学院,,,,,501,19243,,,,,,501,19243,,,,,,,,,本科,,,,,
8231108,上海,本科批,物理,,XC50040,专业组01,辽宁大学,AADD,金融学（中外合作办学）（亚澳商学院）,中外合作办学; 亚澳商学院,,,,,501,19243,,,,,,501,19243,,,,,,,,,本科,,,,,
8231754,上海,本科批,物理,,XC63182,专业组01,南京财经大学,3739,广告学,,,,,,487,22781,,,,,,487,22781,,,,,,,,,本科,,,,,
8231755,上海,本科批,物理,,XC63182,专业组01,南京财经大学,AC90,行政管理,,,,,,487,22781,,,,,,487,22781,,,,,,,,,本科,,,,,
8231756,上海,本科批,物理,,XC63182,专业组01,南京财经大学,8607,法语,,,,,,487,22781,,,,,,487,22781,,,,,,,,,本科,,,,,
8231757,上海,本科批,物理,,XC63182,专业组02,南京财经大学,0E6B,管理科学,,,,,,488,22514,,,,,,488,22514,,,,,,,,,本科,,,,,
8231758,上海,本科批,物理,,XC63182,专业组01,南京财经大学,CA0F,旅游管理,,,,,,489,22270,,,,,,489,22270,,,,,,,,,本科,,,,,
8231759,上海,本科批,物理,,XC63182,专业组01,南京财经大学,2234,劳动与社会保障,,,,,,490,22003,,,,,,490,22003,,,,,,,,,本科,,,,,
8231760,上海,本科批,物理,,XC63182,专业组01,南京财经大学,E6CB,社会工作,,,,,,490,22003,,,,,,490,22003,,,,,,,,,本科,,,,,
8231761,上海,本科批,物理,,XC63182,专业组01,南京财经大学,FBFE,物流管理,,,,,,490,22003,,,,,,490,22003,,,,,,,,,本科,,,,,
8231762,上海,本科批,物理,,XC63182,专业组02,南京财经大学,62BF,大数据管理与应用,,,,,,491,21744,,,,,,491,21744,,,,,,,,,本科,,,,,
8231763,上海,本科批,物理,,XC63182,专业组02,南京财经大学,16DF,金融工程,,,,,,491,21744,,,,,,491,21744,,,,,,,,,本科,,,,,
8231764,上海,本科批,物理,,XC63182,专业组01,南京财经大学,4145,英语,,,,,,492,21473,,,,,,492,21473,,,,,,,,,本科,,,,,
8231765,上海,本科批,物理,,XC63182,专业组01,南京财经大学,9E66,工商管理（中外合作办学）（环境商务）,中外合作办学; 环境商务,,,,,498,19960,,,,,,498,19960,,,,,,,,,本科,,,,,
8231766,上海,本科批,物理,,XC63182,专业组01,南京财经大学,25DE,国际经济与贸易,,,,,,500,19486,,,,,,500,19486,,,,,,,,,本科,,,,,
8231767,上海,本科批,物理,,XC63182,专业组01,南京财经大学,04A0,工商管理,,,,,,506,18067,,,,,,506,18067,,,,,,,,,本科,,,,,
8231768,上海,本科批,物理,,XC63182,专业组01,南京财经大学,EF7C,工商管理类,,,,,,509,17313,,,,,,509,17313,,,,,,,,,本科,,,,,
8231769,上海,本科批,物理,,XC63182,专业组01,南京财经大学,CA9C,财政学类,,,,,,510,17049,,,,,,510,17049,,,,,,,,,本科,,,,,
8231770,上海,本科批,物理,,XC63182,专业组01,南京财经大学,6AB9,经济学,,,,,,512,16483,,,,,,512,16483,,,,,,,,,本科,,,,,
8232450,上海,本科批,物理,,X8F6EDC,专业组01,东北电力大学,B9E2,智能电网信息工程,,,,,,507,17795,,,,,,507,17795,,,,,,,,,本科,,,,,
8232451,上海,本科批,物理,,X8F6EDC,专业组01,东北电力大学,A5B7,电气工程及其自动化,,,,,,516,15485,,,,,,516,15485,,,,,,,,,本科,,,,,
8233053,上海,本科批,物理,,X394562,专业组01,河南中医药大学,1FF0,中药学类,,,,,,445,33071,,,,,,445,33071,,,,,,,,,本科,,,,,
8233054,上海,本科批,物理,,X394562,专业组01,河南中医药大学,5ED3,中西医临床医学,,,,,,483,23814,,,,,,483,23814,,,,,,,,,本科,,,,,
8233851,上海,本科批,物理,,X02DC8B,专业组02,大连交通大学,04A0,工商管理,,,,,,437,34923,,,,,,437,34923,,,,,,,,,本科,,,,,
8233852,上海,本科批,物理,,X02DC8B,专业组01,大连交通大学,D06C,机械工程,,,,,,445,33071,,,,,,445,33071,,,,,,,,,本科,,,,,
8233853,上海,本科批,物理,,X02DC8B,专业组01,大连交通大学,26A7,车辆工程,,,,,,447,32641,,,,,,447,32641,,,,,,,,,本科,,,,,
8233854,上海,本科批,物理,,X02DC8B,专业组01,大连交通大学,4ECE,土木工程,,,,,,449,32134,,,,,,449,32134,,,,,,,,,本科,,,,,
8233855,上海,本科批,物理,,X02DC8B,专业组01,大连交通大学,93E3,电子信息工程,,,,,,452,31399,,,,,,452,31399,,,,,,,,,本科,,,,,
8233856,上海,本科批,物理,,X02DC8B,专业组01,大连交通大学,A5B7,电气工程及其自动化,,,,,,454,30934,,,,,,454,30934,,,,,,,,,本科,,,,,
8234652,上海,本科批,物理,,X22EE14,专业组01,湖南科技大学,40CE,制药工程,,,,,,442,33781,,,,,,442,33781,,,,,,,,,本科,,,,,
8234653,上海,本科批,物理,,X22EE14,专业组01,湖南科技大学,E2E1,生物工程,,,,,,442,33781,,,,,,442,33781,,,,,,,,,本科,,,,,
8234654,上海,本科批,物理,,X22EE14,专业组01,湖南科技大学,A942,材料科学与工程,,,,,,442,33781,,,,,,442,33781,,,,,,,,,本科,,,,,
8234655,上海,本科批,物理,,X22EE14,专业组01,湖南科技大学,8684,智能制造工程,,,,,,443,33531,,,,,,443,33531,,,,,,,,,本科,,,,,
8234656,上海,本科批,物理,,X22EE14,专业组02,湖南科技大学,16DF,金融工程,,,,,,443,33531,,,,,,443,33531,,,,,,,,,本科,,,,,
8234657,上海,本科批,物理,,X22EE14,专业组01,湖南科技大学,D6ED,化学工程与工艺,,,,,,443,33531,,,,,,443,33531,,,,,,,,,本科,,,,,
8234658,上海,本科批,物理,,X22EE14,专业组01,湖南科技大学,C15F,生物科学（师范类）,师范类,,,,,446,32860,,,,,,446,32860,,,,,,,,,本科,,,,,
8234659,上海,本科批,物理,,X22EE14,专业组04,湖南科技大学,25DE,国际经济与贸易,,,,,,447,32641,,,,,,447,32641,,,,,,,,,本科,,,,,
8234660,上海,本科批,物理,,X22EE14,专业组01,湖南科技大学,38B5,能源化学工程,,,,,,448,32390,,,,,,448,32390,,,,,,,,,本科,,,,,
8234661,上海,本科批,物理,,X22EE14,专业组04,湖南科技大学,FB65,风景园林,,,,,,448,32390,,,,,,448,32390,,,,,,,,,本科,,,,,
8234662,上海,本科批,物理,,X22EE14,专业组04,湖南科技大学,4145,英语,,,,,,448,32390,,,,,,448,32390,,,,,,,,,本科,,,,,
8234663,上海,本科批,物理,,X22EE14,专业组01,湖南科技大学,548C,信息与计算科学,,,,,,449,32134,,,,,,449,32134,,,,,,,,,本科,,,,,
8234664,上海,本科批,物理,,X22EE14,专业组01,湖南科技大学,4718,数据科学与大数据技术,,,,,,450,31904,,,,,,450,31904,,,,,,,,,本科,,,,,
8234665,上海,本科批,物理,,X22EE14,专业组01,湖南科技大学,F11A,机器人工程,,,,,,450,31904,,,,,,450,31904,,,,,,,,,本科,,,,,
8234666,上海,本科批,物理,,X22EE14,专业组01,湖南科技大学,4C65,自动化,,,,,,450,31904,,,,,,450,31904,,,,,,,,,本科,,,,,
8234667,上海,本科批,物理,,X22EE14,专业组04,湖南科技大学,AFF5,汉语言文学（师范类）,师范类,,,,,451,31665,,,,,,451,31665,,,,,,,,,本科,,,,,
8234668,上海,本科批,物理,,X22EE14,专业组04,湖南科技大学,6AB9,经济学,,,,,,451,31665,,,,,,451,31665,,,,,,,,,本科,,,,,
8234669,上海,本科批,物理,,X22EE14,专业组04,湖南科技大学,FB18,财务管理,,,,,,453,31179,,,,,,453,31179,,,,,,,,,本科,,,,,
8234670,上海,本科批,物理,,X22EE14,专业组01,湖南科技大学,B9A5,计算机科学与技术,,,,,,453,31179,,,,,,453,31179,,,,,,,,,本科,,,,,
8234671,上海,本科批,物理,,X22EE14,专业组01,湖南科技大学,26A7,车辆工程,,,,,,454,30934,,,,,,454,30934,,,,,,,,,本科,,,,,
8235738,上海,本科批,物理,,X601532,专业组02,江西财经大学,1C92,数字经济,,,,,,486,23040,,,,,,486,23040,,,,,,,,,本科,,,,,
8235739,上海,本科批,物理,,X601532,专业组01,江西财经大学,3C38,软件工程,,,,,,493,21226,,,,,,493,21226,,,,,,,,,本科,,,,,
8235740,上海,本科批,物理,,X601532,专业组06,江西财经大学,D3F0,软件工程（中外合作办学）,中外合作办学,,,,,494,20956,,,,,,494,20956,,,,,,,,,本科,,,,,
8235741,上海,本科批,物理,,X601532,专业组03,江西财经大学,0FBC,金融学,,,,,,494,20956,,,,,,494,20956,,,,,,,,,本科,,,,,
8235742,上海,本科批,物理,,X601532,专业组03,江西财经大学,927B,法学,,,,,,494,20956,,,,,,494,20956,,,,,,,,,本科,,,,,
8235743,上海,本科批,物理,,X601532,专业组03,江西财经大学,9BE1,会计学（注册会计师）,注册会计师,,,,,497,20203,,,,,,497,20203,,,,,,,,,本科,,,,,
8235744,上海,本科批,物理,,X601532,专业组05,江西财经大学,187F,会计学（国际会计）,国际会计,,,,,498,19960,,,,,,498,19960,,,,,,,,,本科,,,,,
8235745,上海,本科批,物理,,X601532,专业组04,江西财经大学,5E19,会计学,,,,,,498,19960,,,,,,498,19960,,,,,,,,,本科,,,,,
8235746,上海,本科批,物理,,X601532,专业组07,江西财经大学,E9F3,数字经济（中外合作办学）,中外合作办学,,,,,499,19729,,,,,,499,19729,,,,,,,,,本科,,,,,
8235747,上海,本科批,物理,,X601532,专业组02,江西财经大学,28AD,经济统计学,,,,,,499,19729,,,,,,499,19729,,,,,,,,,本科,,,,,
8235748,上海,本科批,物理,,X601532,专业组05,江西财经大学,AEFF,金融学（国际投资与金融）,国际投资与金融,,,,,501,19243,,,,,,501,19243,,,,,,,,,本科,,,,,
8235749,上海,本科批,物理,,X601532,专业组01,江西财经大学,098D,数据科学,,,,,,501,19243,,,,,,501,19243,,,,,,,,,本科,,,,,
8235750,上海,本科批,物理,,X601532,专业组01,江西财经大学,018C,软件工程（VR软件开发）,VR软件开发,,,,,502,19008,,,,,,502,19008,,,,,,,,,本科,,,,,
8235751,上海,本科批,物理,,X601532,专业组02,江西财经大学,9D88,信息管理与信息系统（金融智能）,金融智能,,,,,503,18767,,,,,,503,18767,,,,,,,,,本科,,,,,
8235752,上海,本科批,物理,,X601532,专业组05,江西财经大学,2D2A,金融学（FRM方向）,FRM方向,,,,,503,18767,,,,,,503,18767,,,,,,,,,本科,,,,,
8235753,上海,本科批,物理,,X601532,专业组02,江西财经大学,C831,精算学,,,,,,506,18067,,,,,,506,18067,,,,,,,,,本科,,,,,
8235754,上海,本科批,物理,,X601532,专业组04,江西财经大学,5695,经济学（数理经济）,数理经济,,,,,506,18067,,,,,,506,18067,,,,,,,,,本科,,,,,
8235755,上海,本科批,物理,,X601532,专业组04,江西财经大学,6169,财政学（智慧财税）,智慧财税,,,,,508,17567,,,,,,508,17567,,,,,,,,,本科,,,,,
8235756,上海,本科批,物理,,X601532,专业组05,江西财经大学,1E85,金融学（CFA方向）,CFA方向,,,,,510,17049,,,,,,510,17049,,,,,,,,,本科,,,,,
8235757,上海,本科批,物理,,X601532,专业组02,江西财经大学,16DF,金融工程,,,,,,510,17049,,,,,,510,17049,,,,,,,,,本科,,,,,
8236675,上海,本科批,物理,,X5FB0C6,专业组02,南京工程学院,62BF,大数据管理与应用,,,,,,447,32641,,,,,,447,32641,,,,,,,,,本科,,,,,
8236676,上海,本科批,物理,,X5FB0C6,专业组02,南京工程学院,6F56,工程管理,,,,,,447,32641,,,,,,447,32641,,,,,,,,,本科,,,,,
8236677,上海,本科批,物理,,X5FB0C6,专业组01,南京工程学院,F11A,机器人工程,,,,,,454,30934,,,,,,454,30934,,,,,,,,,本科,,,,,
8236678,上海,本科批,物理,,X5FB0C6,专业组01,南京工程学院,F068,人工智能,,,,,,455,30715,,,,,,455,30715,,,,,,,,,本科,,,,,
8236679,上海,本科批,物理,,X5FB0C6,专业组03,南京工程学院,FBFE,物流管理,,,,,,458,29994,,,,,,458,29994,,,,,,,,,本科,,,,,
8236680,上海,本科批,物理,,X5FB0C6,专业组01,南京工程学院,B9A5,计算机科学与技术,,,,,,458,29994,,,,,,458,29994,,,,,,,,,本科,,,,,
8236681,上海,本科批,物理,,X5FB0C6,专业组03,南京工程学院,25DE,国际经济与贸易,,,,,,459,29755,,,,,,459,29755,,,,,,,,,本科,,,,,
8236682,上海,本科批,物理,,X5FB0C6,专业组03,南京工程学院,FB18,财务管理,,,,,,461,29262,,,,,,461,29262,,,,,,,,,本科,,,,,
8236683,上海,本科批,物理,,X5FB0C6,专业组04,南京工程学院,6375,软件工程（中外合作办学）（与芬兰奥卢大学4+0双学位培养模式）,中外合作办学; 与芬兰奥卢大学4+0双学位培养模式,,,,,462,29014,,,,,,462,29014,,,,,,,,,本科,,,,,
8236684,上海,本科批,物理,,X5FB0C6,专业组03,南京工程学院,5E19,会计学,,,,,,463,28756,,,,,,463,28756,,,,,,,,,本科,,,,,
8236685,上海,本科批,物理,,X5FB0C6,专业组01,南京工程学院,93E3,电子信息工程,,,,,,463,28756,,,,,,463,28756,,,,,,,,,本科,,,,,
8237273,上海,本科批,物理,,X5BE74D,专业组03,苏州科技大学,873B,土木工程（中外合作办学）,中外合作办学,,,,,435,35341,,,,,,435,35341,,,,,,,,,本科,,,,,
8237274,上海,本科批,物理,,X5BE74D,专业组04,苏州科技大学,424F,工程管理（中外合作办学）,中外合作办学,,,,,442,33781,,,,,,442,33781,,,,,,,,,本科,,,,,
8237275,上海,本科批,物理,,X5BE74D,专业组03,苏州科技大学,EA4B,机械设计制造及其自动化（中外合作办学）,中外合作办学,,,,,451,31665,,,,,,451,31665,,,,,,,,,本科,,,,,
8237276,上海,本科批,物理,,X5BE74D,专业组05,苏州科技大学,FD54,物流管理（中外合作办学）,中外合作办学,,,,,464,28519,,,,,,464,28519,,,,,,,,,本科,,,,,
8237277,上海,本科批,物理,,X5BE74D,专业组01,苏州科技大学,6A3A,建筑环境与能源应用工程,,,,,,465,28294,,,,,,465,28294,,,,,,,,,本科,,,,,
8237278,上海,本科批,物理,,X5BE74D,专业组01,苏州科技大学,4ECE,土木工程,,,,,,465,28294,,,,,,465,28294,,,,,,,,,本科,,,,,
8237279,上海,本科批,物理,,X5BE74D,专业组01,苏州科技大学,E1BB,功能材料,,,,,,466,28028,,,,,,466,28028,,,,,,,,,本科,,,,,
8237280,上海,本科批,物理,,X5BE74D,专业组01,苏州科技大学,2B47,智能建造,,,,,,474,26034,,,,,,474,26034,,,,,,,,,本科,,,,,
8237281,上海,本科批,物理,,X5BE74D,专业组01,苏州科技大学,7D22,材料化学,,,,,,475,25819,,,,,,475,25819,,,,,,,,,本科,,,,,
8237282,上海,本科批,物理,,X5BE74D,专业组01,苏州科技大学,78FF,机械设计制造及其自动化,,,,,,475,25819,,,,,,475,25819,,,,,,,,,本科,,,,,
8237283,上海,本科批,物理,,X5BE74D,专业组02,苏州科技大学,02EF,日语（外语语种为英语、日语）,外语语种为英语、日语,,,,,478,25053,,,,,,478,25053,,,,,,,,,本科,,,,,
8237284,上海,本科批,物理,,X5BE74D,专业组01,苏州科技大学,8EA2,机械电子工程,,,,,,479,24795,,,,,,479,24795,,,,,,,,,本科,,,,,
8237285,上海,本科批,物理,,X5BE74D,专业组02,苏州科技大学,4145,英语,,,,,,479,24795,,,,,,479,24795,,,,,,,,,本科,,,,,
8237286,上海,本科批,物理,,X5BE74D,专业组01,苏州科技大学,F89C,生物技术,,,,,,481,24337,,,,,,481,24337,,,,,,,,,本科,,,,,
8237287,上海,本科批,物理,,X5BE74D,专业组02,苏州科技大学,A5C9,建筑学,,,,,,492,21473,,,,,,492,21473,,,,,,,,,本科,,,,,
8237989,上海,本科批,物理,,XE5921F,专业组01,西南民族大学,BA9F,环境科学与工程类（含:环境工程、环境科学专业）,含:环境工程、环境科学专业,,,,,438,34709,,,,,,438,34709,,,,,,,,,本科,,,,,
8237990,上海,本科批,物理,,XE5921F,专业组01,西南民族大学,93E3,电子信息工程,,,,,,442,33781,,,,,,442,33781,,,,,,,,,本科,,,,,
8237991,上海,本科批,物理,,XE5921F,专业组01,西南民族大学,3480,计算机类（含:计算机科学与技术、软件工程、网络工程、物联网工程专业）,含:计算机科学与技术、软件工程、网络工程、物联网工程专业,,,,,446,32860,,,,,,446,32860,,,,,,,,,本科,,,,,
8237992,上海,本科批,物理,,XE5921F,专业组02,西南民族大学,0FBC,金融学,,,,,,450,31904,,,,,,450,31904,,,,,,,,,本科,,,,,
8237993,上海,本科批,物理,,XE5921F,专业组02,西南民族大学,4145,英语,,,,,,456,30473,,,,,,456,30473,,,,,,,,,本科,,,,,
8237994,上海,本科批,物理,,XE5921F,专业组02,西南民族大学,4852,应用心理学,,,,,,459,29755,,,,,,459,29755,,,,,,,,,本科,,,,,
8238861,上海,本科批,物理,,XFE5258,专业组02,西安科技大学,1C92,数字经济,,,,,,456,30473,,,,,,456,30473,,,,,,,,,本科,,,,,
8238862,上海,本科批,物理,,XFE5258,专业组01,西安科技大学,B9A5,计算机科学与技术,,,,,,475,25819,,,,,,475,25819,,,,,,,,,本科,,,,,
8238863,上海,本科批,物理,,XFE5258,专业组01,西安科技大学,289B,微电子科学与工程,,,,,,480,24562,,,,,,480,24562,,,,,,,,,本科,,,,,
8239728,上海,本科批,物理,,X51537B,专业组02,南昌航空大学,04A0,工商管理,,,,,,438,34709,,,,,,438,34709,,,,,,,,,本科,,,,,
8239729,上海,本科批,物理,,X51537B,专业组02,南昌航空大学,4154,电子商务,,,,,,438,34709,,,,,,438,34709,,,,,,,,,本科,,,,,
8239730,上海,本科批,物理,,X51537B,专业组02,南昌航空大学,68F4,新闻学,,,,,,439,34482,,,,,,439,34482,,,,,,,,,本科,,,,,
8239731,上海,本科批,物理,,X51537B,专业组02,南昌航空大学,090D,公共事业管理,,,,,,440,34239,,,,,,440,34239,,,,,,,,,本科,,,,,
8239732,上海,本科批,物理,,X51537B,专业组02,南昌航空大学,6AB9,经济学,,,,,,443,33531,,,,,,443,33531,,,,,,,,,本科,,,,,
8239733,上海,本科批,物理,,X51537B,专业组02,南昌航空大学,4145,英语,,,,,,444,33286,,,,,,444,33286,,,,,,,,,本科,,,,,
8239734,上海,本科批,物理,,X51537B,专业组02,南昌航空大学,927B,法学,,,,,,452,31399,,,,,,452,31399,,,,,,,,,本科,,,,,
8239735,上海,本科批,物理,,X51537B,专业组01,南昌航空大学,29F4,物联网工程,,,,,,460,29525,,,,,,460,29525,,,,,,,,,本科,,,,,
8239736,上海,本科批,物理,,X51537B,专业组01,南昌航空大学,A5D2,测控技术与仪器,,,,,,463,28756,,,,,,463,28756,,,,,,,,,本科,,,,,
8239737,上海,本科批,物理,,X51537B,专业组01,南昌航空大学,AF7F,飞行器设计与工程,,,,,,471,26748,,,,,,471,26748,,,,,,,,,本科,,,,,
8240567,上海,本科批,物理,,XBAFD9A,专业组01,桂林理工大学,CA0F,旅游管理,,,,,,421,38266,,,,,,421,38266,,,,,,,,,本科,,,,,
8240568,上海,本科批,物理,,XBAFD9A,专业组01,桂林理工大学,9D85,酒店管理,,,,,,425,37468,,,,,,425,37468,,,,,,,,,本科,,,,,
8240569,上海,本科批,物理,,XBAFD9A,专业组01,桂林理工大学,B57B,工商管理类（含:工商管理、市场营销、人力资源管理专业）,含:工商管理、市场营销、人力资源管理专业,,,,,426,37259,,,,,,426,37259,,,,,,,,,本科,,,,,
8240570,上海,本科批,物理,,XBAFD9A,专业组01,桂林理工大学,3739,广告学,,,,,,426,37259,,,,,,426,37259,,,,,,,,,本科,,,,,
8241487,上海,本科批,物理,,XC77C51,专业组01,哈尔滨理工大学,9A06,储能科学与工程,,,,,,440,34239,,,,,,440,34239,,,,,,,,,本科,,,,,
8241488,上海,本科批,物理,,XC77C51,专业组01,哈尔滨理工大学,7D22,材料化学,,,,,,440,34239,,,,,,440,34239,,,,,,,,,本科,,,,,
8241489,上海,本科批,物理,,XC77C51,专业组01,哈尔滨理工大学,F620,安全工程,,,,,,440,34239,,,,,,440,34239,,,,,,,,,本科,,,,,
8241490,上海,本科批,物理,,XC77C51,专业组01,哈尔滨理工大学,4ECE,土木工程,,,,,,440,34239,,,,,,440,34239,,,,,,,,,本科,,,,,
8241491,上海,本科批,物理,,XC77C51,专业组01,哈尔滨理工大学,D6ED,化学工程与工艺,,,,,,440,34239,,,,,,440,34239,,,,,,,,,本科,,,,,
8241492,上海,本科批,物理,,XC77C51,专业组01,哈尔滨理工大学,3477,应用物理学,,,,,,442,33781,,,,,,442,33781,,,,,,,,,本科,,,,,
8241493,上海,本科批,物理,,XC77C51,专业组01,哈尔滨理工大学,5B8B,高分子材料与工程,,,,,,442,33781,,,,,,442,33781,,,,,,,,,本科,,,,,
8241494,上海,本科批,物理,,XC77C51,专业组01,哈尔滨理工大学,A5D2,测控技术与仪器,,,,,,443,33531,,,,,,443,33531,,,,,,,,,本科,,,,,
8241495,上海,本科批,物理,,XC77C51,专业组01,哈尔滨理工大学,61B5,工业设计（一般应具有美术基础）,一般应具有美术基础,,,,,444,33286,,,,,,444,33286,,,,,,,,,本科,,,,,
8241496,上海,本科批,物理,,XC77C51,专业组01,哈尔滨理工大学,F11A,机器人工程,,,,,,446,32860,,,,,,446,32860,,,,,,,,,本科,,,,,
8241497,上海,本科批,物理,,XC77C51,专业组01,哈尔滨理工大学,D583,网络空间安全,,,,,,446,32860,,,,,,446,32860,,,,,,,,,本科,,,,,
8241498,上海,本科批,物理,,XC77C51,专业组01,哈尔滨理工大学,5AC6,工程力学,,,,,,446,32860,,,,,,446,32860,,,,,,,,,本科,,,,,
8241499,上海,本科批,物理,,XC77C51,专业组01,哈尔滨理工大学,4C65,自动化,,,,,,450,31904,,,,,,450,31904,,,,,,,,,本科,,,,,
8241500,上海,本科批,物理,,XC77C51,专业组01,哈尔滨理工大学,ECA4,通信工程,,,,,,451,31665,,,,,,451,31665,,,,,,,,,本科,,,,,
8241501,上海,本科批,物理,,XC77C51,专业组01,哈尔滨理工大学,4718,数据科学与大数据技术,,,,,,454,30934,,,,,,454,30934,,,,,,,,,本科,,,,,
8241502,上海,本科批,物理,,XC77C51,专业组01,哈尔滨理工大学,8EA2,机械电子工程,,,,,,458,29994,,,,,,458,29994,,,,,,,,,本科,,,,,
8241503,上海,本科批,物理,,XC77C51,专业组01,哈尔滨理工大学,3C38,软件工程,,,,,,459,29755,,,,,,459,29755,,,,,,,,,本科,,,,,
8241504,上海,本科批,物理,,XC77C51,专业组01,哈尔滨理工大学,3557,能源与动力工程,,,,,,462,29014,,,,,,462,29014,,,,,,,,,本科,,,,,
8241505,上海,本科批,物理,,XC77C51,专业组01,哈尔滨理工大学,A5B7,电气工程及其自动化,,,,,,464,28519,,,,,,464,28519,,,,,,,,,本科,,,,,
8241506,上海,本科批,物理,,XC77C51,专业组01,哈尔滨理工大学,78FF,机械设计制造及其自动化,,,,,,466,28028,,,,,,466,28028,,,,,,,,,本科,,,,,
8242295,上海,本科批,物理,,X1586F7,专业组02,东北财经大学,94FC,"金融学（中外合作办学）（与英国奥斯特大学合作办学。只招填报有该专业志愿的考生。录取后首年强化英语学习,升入大二时要求英语水平必须能够适应全英语授课环境）","中外合作办学; 与英国奥斯特大学合作办学。只招填报有该专业志愿的考生。录取后首年强化英语学习,升入大二时要求英语水平必须能够适应全英语授课环境",,,,,518,15023,,,,,,518,15023,,,,,,,,,本科,,,,,
8242296,上海,本科批,物理,,X1586F7,专业组01,东北财经大学,D5F3,金融学类（含:金融学、投资学专业。大二依据个人意愿、学习成绩、综合表现和学校相关规定在所录取专业类内确定专业）,含:金融学、投资学专业。大二依据个人意愿、学习成绩、综合表现和学校相关规定在所录取专业类内确定专业,,,,,518,15023,,,,,,518,15023,,,,,,,,,本科,,,,,
8242297,上海,本科批,物理,,X1586F7,专业组01,东北财经大学,0E54,保险学,,,,,,518,15023,,,,,,518,15023,,,,,,,,,本科,,,,,
8242298,上海,本科批,物理,,X1586F7,专业组02,东北财经大学,0E9B,"会计学（中外合作办学）（与英国奥斯特大学合作办学。只招填报有该专业志愿的考生。录取后首年强化英语学习,升入大二时要求英语水平必须能够适应全英语授课环境）","中外合作办学; 与英国奥斯特大学合作办学。只招填报有该专业志愿的考生。录取后首年强化英语学习,升入大二时要求英语水平必须能够适应全英语授课环境",,,,,525,13276,,,,,,525,13276,,,,,,,,,本科,,,,,
8242299,上海,本科批,物理,,X1586F7,专业组01,东北财经大学,B8C1,财政学类（含:财政学、税收学专业。大二依据个人意愿、学习成绩、综合表现和学校相关规定在所录取专业类内确定专业）,含:财政学、税收学专业。大二依据个人意愿、学习成绩、综合表现和学校相关规定在所录取专业类内确定专业,,,,,526,13085,,,,,,526,13085,,,,,,,,,本科,,,,,
8242300,上海,本科批,物理,,X1586F7,专业组01,东北财经大学,BE64,会计学（注册会计师方向）,注册会计师方向,,,,,527,12860,,,,,,527,12860,,,,,,,,,本科,,,,,
8242301,上海,本科批,物理,,X1586F7,专业组01,东北财经大学,9F6C,会计学（国际会计方向）,国际会计方向,,,,,529,12388,,,,,,529,12388,,,,,,,,,本科,,,,,
8243001,上海,本科批,物理,,XEE96A5,专业组03,浙江理工大学,AC90,行政管理,,,,,,485,23293,,,,,,485,23293,,,,,,,,,本科,,,,,
8243002,上海,本科批,物理,,XEE96A5,专业组03,浙江理工大学,D1E8,经济与贸易类（含:经济学、金融学、国际经济与贸易专业）,含:经济学、金融学、国际经济与贸易专业,,,,,487,22781,,,,,,487,22781,,,,,,,,,本科,,,,,
8243003,上海,本科批,物理,,XEE96A5,专业组03,浙江理工大学,6DAF,工商管理类（含:工商管理、会计学、人力资源管理专业）,含:工商管理、会计学、人力资源管理专业,,,,,488,22514,,,,,,488,22514,,,,,,,,,本科,,,,,
8243004,上海,本科批,物理,,XEE96A5,专业组01,浙江理工大学,D7BC,纺织类（含:纺织工程、非织造材料与工程专业）,含:纺织工程、非织造材料与工程专业,,,,,492,21473,,,,,,492,21473,,,,,,,,,本科,,,,,
8243005,上海,本科批,物理,,XEE96A5,专业组01,浙江理工大学,37A8,材料类（含:材料科学与工程、高分子材料与工程专业）,含:材料科学与工程、高分子材料与工程专业,,,,,493,21226,,,,,,493,21226,,,,,,,,,本科,,,,,
8243006,上海,本科批,物理,,XEE96A5,专业组01,浙江理工大学,2CF1,生物科学类（含:生物技术、生物制药专业）,含:生物技术、生物制药专业,,,,,498,19960,,,,,,498,19960,,,,,,,,,本科,,,,,
8243007,上海,本科批,物理,,XEE96A5,专业组02,浙江理工大学,57D1,服装设计与工程,,,,,,505,18290,,,,,,505,18290,,,,,,,,,本科,,,,,
8243569,上海,本科批,物理,,XD45BF3,专业组02,南京审计大学,1EBD,信息管理与信息系统（中外合作办学）,中外合作办学,,,,,497,20203,,,,,,497,20203,,,,,,,,,本科,,,,,
8243570,上海,本科批,物理,,XD45BF3,专业组01,南京审计大学,4145,英语,,,,,,499,19729,,,,,,499,19729,,,,,,,,,本科,,,,,
8243571,上海,本科批,物理,,XD45BF3,专业组01,南京审计大学,C19A,人力资源管理,,,,,,499,19729,,,,,,499,19729,,,,,,,,,本科,,,,,
8243572,上海,本科批,物理,,XD45BF3,专业组01,南京审计大学,25DE,国际经济与贸易,,,,,,499,19729,,,,,,499,19729,,,,,,,,,本科,,,,,
8243573,上海,本科批,物理,,XD45BF3,专业组01,南京审计大学,4869,投资学,,,,,,500,19486,,,,,,500,19486,,,,,,,,,本科,,,,,
8243574,上海,本科批,物理,,XD45BF3,专业组01,南京审计大学,21BA,财政学,,,,,,500,19486,,,,,,500,19486,,,,,,,,,本科,,,,,
8243575,上海,本科批,物理,,XD45BF3,专业组01,南京审计大学,1D5E,税收学,,,,,,501,19243,,,,,,501,19243,,,,,,,,,本科,,,,,
8243576,上海,本科批,物理,,XD45BF3,专业组01,南京审计大学,A615,汉语国际教育,,,,,,501,19243,,,,,,501,19243,,,,,,,,,本科,,,,,
8243577,上海,本科批,物理,,XD45BF3,专业组01,南京审计大学,359A,法学（法务金融方向）,法务金融方向,,,,,502,19008,,,,,,502,19008,,,,,,,,,本科,,,,,
8243578,上海,本科批,物理,,XD45BF3,专业组02,南京审计大学,C2FB,金融工程（中外合作办学）,中外合作办学,,,,,503,18767,,,,,,503,18767,,,,,,,,,本科,,,,,
8243579,上海,本科批,物理,,XD45BF3,专业组01,南京审计大学,927B,法学,,,,,,506,18067,,,,,,506,18067,,,,,,,,,本科,,,,,
8243580,上海,本科批,物理,,XD45BF3,专业组01,南京审计大学,4024,法学（法务会计方向）,法务会计方向,,,,,507,17795,,,,,,507,17795,,,,,,,,,本科,,,,,
8243581,上海,本科批,物理,,XD45BF3,专业组01,南京审计大学,FB18,财务管理,,,,,,510,17049,,,,,,510,17049,,,,,,,,,本科,,,,,
8243582,上海,本科批,物理,,XD45BF3,专业组01,南京审计大学,5E19,会计学,,,,,,510,17049,,,,,,510,17049,,,,,,,,,本科,,,,,
8243583,上海,本科批,物理,,XD45BF3,专业组01,南京审计大学,0A13,金融审计,,,,,,517,15249,,,,,,517,15249,,,,,,,,,本科,,,,,
8243584,上海,本科批,物理,,XD45BF3,专业组03,南京审计大学,BBF1,审计学（中外合作办学）,中外合作办学,,,,,520,14532,,,,,,520,14532,,,,,,,,,本科,,,,,
8243585,上海,本科批,物理,,XD45BF3,专业组01,南京审计大学,978C,审计学,,,,,,522,14026,,,,,,522,14026,,,,,,,,,本科,,,,,
8244204,上海,本科批,物理,,X1056FF,专业组01,武汉工程大学,1C2C,工商管理（数智化人才管理方向）,数智化人才管理方向,,,,,445,33071,,,,,,445,33071,,,,,,,,,本科,,,,,
8244205,上海,本科批,物理,,X1056FF,专业组01,武汉工程大学,080B,英语（含:文化传播、英语教育、商务、涉外法务方向）,含:文化传播、英语教育、商务、涉外法务方向,,,,,445,33071,,,,,,445,33071,,,,,,,,,本科,,,,,
8244206,上海,本科批,物理,,X1056FF,专业组01,武汉工程大学,99C2,经济学（大数据金融方向）,大数据金融方向,,,,,448,32390,,,,,,448,32390,,,,,,,,,本科,,,,,
8244904,上海,本科批,物理,,X0A953D,专业组02,山东建筑大学,CB22,城乡规划,,,,,,432,36033,,,,,,432,36033,,,,,,,,,本科,,,,,
8244905,上海,本科批,物理,,X0A953D,专业组02,山东建筑大学,E8BA,建筑学（中外合作办学）,中外合作办学,,,,,434,35570,,,,,,434,35570,,,,,,,,,本科,,,,,
8244906,上海,本科批,物理,,X0A953D,专业组01,山东建筑大学,371D,工程造价,,,,,,434,35570,,,,,,434,35570,,,,,,,,,本科,,,,,
8244907,上海,本科批,物理,,X0A953D,专业组02,山东建筑大学,5E19,会计学,,,,,,440,34239,,,,,,440,34239,,,,,,,,,本科,,,,,
8245638,上海,本科批,物理,,X5BB582,专业组01,大连大学,E2E1,生物工程,,,,,,434,35570,,,,,,434,35570,,,,,,,,,本科,,,,,
8245639,上海,本科批,物理,,X5BB582,专业组01,大连大学,E347,工业设计,,,,,,438,34709,,,,,,438,34709,,,,,,,,,本科,,,,,
8245640,上海,本科批,物理,,X5BB582,专业组02,大连大学,5E19,会计学,,,,,,456,30473,,,,,,456,30473,,,,,,,,,本科,,,,,
8246351,上海,本科批,物理,,XBAC107,专业组02,中国药科大学,7D4B,"临床药学（中外合作办学）（第三、四学年赴英国学习,第五学年在国内学习,国外学费另算。无色盲、色弱）","中外合作办学; 第三、四学年赴英国学习,第五学年在国内学习,国外学费另算。无色盲、色弱",,,,,545,8758,,,,,,545,8758,,,,,,,,,本科,,,,,
8246352,上海,本科批,物理,,XBAC107,专业组01,中国药科大学,6D82,药事管理,,,,,,551,7592,,,,,,551,7592,,,,,,,,,本科,,,,,
8246353,上海,本科批,物理,,XBAC107,专业组01,中国药科大学,4F95,生物统计学,,,,,,552,7412,,,,,,552,7412,,,,,,,,,本科,,,,,
8246354,上海,本科批,物理,,XBAC107,专业组01,中国药科大学,5156,生物医药数据科学,,,,,,555,6832,,,,,,555,6832,,,,,,,,,本科,,,,,
8246355,上海,本科批,物理,,XBAC107,专业组01,中国药科大学,7F89,中药学类（含:中药学、中药资源与开发、中药制药专业。无色盲、色弱）,含:中药学、中药资源与开发、中药制药专业。无色盲、色弱,,,,,556,6631,,,,,,556,6631,,,,,,,,,本科,,,,,
8246356,上海,本科批,物理,,XBAC107,专业组01,中国药科大学,2219,化工与制药类（含:制药工程、食品营养与健康、环境科学专业。无色盲、色弱）,含:制药工程、食品营养与健康、环境科学专业。无色盲、色弱,,,,,556,6631,,,,,,556,6631,,,,,,,,,本科,,,,,
8246357,上海,本科批,物理,,XBAC107,专业组01,中国药科大学,D2DE,药学类（含:药学、药物制剂、药物分析、药物化学专业。无色盲、色弱）,含:药学、药物制剂、药物分析、药物化学专业。无色盲、色弱,,,,,557,6458,,,,,,557,6458,,,,,,,,,本科,,,,,
8246358,上海,本科批,物理,,XBAC107,专业组01,中国药科大学,E082,海洋药学（无色盲、色弱）,无色盲、色弱,,,,,557,6458,,,,,,557,6458,,,,,,,,,本科,,,,,
8246359,上海,本科批,物理,,XBAC107,专业组01,中国药科大学,35FB,生物制药（无色盲、色弱）,无色盲、色弱,,,,,568,4499,,,,,,568,4499,,,,,,,,,本科,,,,,
8246360,上海,本科批,物理,,XBAC107,专业组01,中国药科大学,9B9E,生物制药（拔尖创新班。无色盲、色弱）,拔尖创新班。无色盲、色弱,,,,,569,4317,,,,,,569,4317,,,,,,,,,本科,,,,,
8246972,上海,本科批,物理,,X4FA810,专业组Q5,华东政法大学,7C33,日语（涉外法商方向。外语语种为英语、日语）,涉外法商方向。外语语种为英语、日语,,,,,521,14281,,,,,,521,14281,,,,,,,,,本科,,,,,
8246973,上海,本科批,物理,,X4FA810,专业组Q5,华东政法大学,0E2C,德语（涉外法商方向。外语语种为英语、德语）,涉外法商方向。外语语种为英语、德语,,,,,522,14026,,,,,,522,14026,,,,,,,,,本科,,,,,
8246974,上海,本科批,物理,,X4FA810,专业组03,华东政法大学,A6F8,翻译（涉外法商方向）,涉外法商方向,,,,,524,13538,,,,,,524,13538,,,,,,,,,本科,,,,,
8246975,上海,本科批,物理,,X4FA810,专业组03,华东政法大学,00D4,社会学类（含:社会学、社会工作、社会政策专业）,含:社会学、社会工作、社会政策专业,,,,,524,13538,,,,,,524,13538,,,,,,,,,本科,,,,,
8246976,上海,本科批,物理,,X4FA810,专业组03,华东政法大学,E1BC,公共管理类（含:行政管理、劳动与社会保障专业）,含:行政管理、劳动与社会保障专业,,,,,524,13538,,,,,,524,13538,,,,,,,,,本科,,,,,
8246977,上海,本科批,物理,,X4FA810,专业组03,华东政法大学,3520,英语（涉外法商方向）,涉外法商方向,,,,,524,13538,,,,,,524,13538,,,,,,,,,本科,,,,,
8246978,上海,本科批,物理,,X4FA810,专业组03,华东政法大学,95B4,经济学类（含:经济学、金融学、国际经济与贸易、会计学、金融学（数量金融）专业）,含:经济学、金融学、国际经济与贸易、会计学、金融学（数量金融,,,,,527,12860,,,,,,527,12860,,,,,,,,,本科,,,,,
8246979,上海,本科批,物理,,X4FA810,专业组03,华东政法大学,090D,公共事业管理,,,,,,529,12388,,,,,,529,12388,,,,,,,,,本科,,,,,
8246980,上海,本科批,物理,,X4FA810,专业组03,华东政法大学,5D72,网络与新媒体,,,,,,530,12143,,,,,,530,12143,,,,,,,,,本科,,,,,
8246981,上海,本科批,物理,,X4FA810,专业组03,华东政法大学,68F4,新闻学,,,,,,531,11919,,,,,,531,11919,,,,,,,,,本科,,,,,
8246982,上海,本科批,物理,,X4FA810,专业组03,华东政法大学,7288,文化产业管理,,,,,,533,11462,,,,,,533,11462,,,,,,,,,本科,,,,,
8246983,上海,本科批,物理,,X4FA810,专业组03,华东政法大学,472E,新闻学（卓越人才实验班）,卓越人才实验班,,,,,534,11234,,,,,,534,11234,,,,,,,,,本科,,,,,
8246984,上海,本科批,物理,,X4FA810,专业组03,华东政法大学,D243,汉语言文学,,,,,,537,10538,,,,,,537,10538,,,,,,,,,本科,,,,,
8246985,上海,本科批,物理,,X4FA810,专业组04,华东政法大学,8020,计算机科学与技术（网信安全方向）,网信安全方向,,,,,537,10538,,,,,,537,10538,,,,,,,,,本科,,,,,
8246986,上海,本科批,物理,,X4FA810,专业组02,华东政法大学,BD0D,法学（国际经济法方向）,国际经济法方向,,,,,544,8973,,,,,,544,8973,,,,,,,,,本科,,,,,
8246987,上海,本科批,物理,,X4FA810,专业组02,华东政法大学,AA68,司法鉴定学,,,,,,546,8561,,,,,,546,8561,,,,,,,,,本科,,,,,
8246988,上海,本科批,物理,,X4FA810,专业组02,华东政法大学,71DA,知识产权（卓越人才实验班）,卓越人才实验班,,,,,546,8561,,,,,,546,8561,,,,,,,,,本科,,,,,
8246989,上海,本科批,物理,,X4FA810,专业组02,华东政法大学,51AF,法学（刑事司法方向）,刑事司法方向,,,,,548,8178,,,,,,548,8178,,,,,,,,,本科,,,,,
8246990,上海,本科批,物理,,X4FA810,专业组02,华东政法大学,8810,法学（网络与信息法方向）,网络与信息法方向,,,,,548,8178,,,,,,548,8178,,,,,,,,,本科,,,,,
8246991,上海,本科批,物理,,X4FA810,专业组02,华东政法大学,600D,法学（刑事法律方向）,刑事法律方向,,,,,549,7975,,,,,,549,7975,,,,,,,,,本科,,,,,
8247708,上海,本科批,物理,,XE2F623,专业组02,天津财经大学,6AB9,经济学,,,,,,491,21744,,,,,,491,21744,,,,,,,,,本科,,,,,
8247709,上海,本科批,物理,,XE2F623,专业组01,天津财经大学,1C92,数字经济,,,,,,491,21744,,,,,,491,21744,,,,,,,,,本科,,,,,
8247710,上海,本科批,物理,,XE2F623,专业组01,天津财经大学,E2CC,经济统计学（杨曾武班）,杨曾武班,,,,,491,21744,,,,,,491,21744,,,,,,,,,本科,,,,,
8247711,上海,本科批,物理,,XE2F623,专业组02,天津财经大学,C581,金融学类（含:金融学、保险学、投资学、信用管理专业）,含:金融学、保险学、投资学、信用管理专业,,,,,491,21744,,,,,,491,21744,,,,,,,,,本科,,,,,
8247712,上海,本科批,物理,,XE2F623,专业组02,天津财经大学,9657,财政学类（含:财政学、税收学专业）,含:财政学、税收学专业,,,,,496,20446,,,,,,496,20446,,,,,,,,,本科,,,,,
8247713,上海,本科批,物理,,XE2F623,专业组02,天津财经大学,5E19,会计学,,,,,,507,17795,,,,,,507,17795,,,,,,,,,本科,,,,,
8247714,上海,本科批,物理,,XE2F623,专业组02,天津财经大学,BE64,会计学（注册会计师方向）,注册会计师方向,,,,,508,17567,,,,,,508,17567,,,,,,,,,本科,,,,,
8248548,上海,本科批,物理,,X8B0794,专业组02,延边大学,04A0,工商管理,,,,,,485,23293,,,,,,485,23293,,,,,,,,,本科,,,,,
8248549,上海,本科批,物理,,X8B0794,专业组01,延边大学,78FF,机械设计制造及其自动化,,,,,,488,22514,,,,,,488,22514,,,,,,,,,本科,,,,,
8248550,上海,本科批,物理,,X8B0794,专业组01,延边大学,93E3,电子信息工程,,,,,,489,22270,,,,,,489,22270,,,,,,,,,本科,,,,,
8248551,上海,本科批,物理,,X8B0794,专业组01,延边大学,A5C6,麻醉学,,,,,,493,21226,,,,,,493,21226,,,,,,,,,本科,,,,,
8248552,上海,本科批,物理,,X8B0794,专业组01,延边大学,97D0,临床医学,,,,,,498,19960,,,,,,498,19960,,,,,,,,,本科,,,,,
8249145,上海,本科批,物理,,X4F2BF2,专业组01,南方医科大学,817D,康复治疗学,,,,,,522,14026,,,,,,522,14026,,,,,,,,,本科,,,,,
8249146,上海,本科批,物理,,X4F2BF2,专业组01,南方医科大学,5ED3,中西医临床医学,,,,,,524,13538,,,,,,524,13538,,,,,,,,,本科,,,,,
8249147,上海,本科批,物理,,X4F2BF2,专业组01,南方医科大学,BE91,医学检验技术,,,,,,524,13538,,,,,,524,13538,,,,,,,,,本科,,,,,
8249148,上海,本科批,物理,,X4F2BF2,专业组01,南方医科大学,FFE8,生物医学工程,,,,,,525,13276,,,,,,525,13276,,,,,,,,,本科,,,,,
8249149,上海,本科批,物理,,X4F2BF2,专业组01,南方医科大学,10A0,药学,,,,,,525,13276,,,,,,525,13276,,,,,,,,,本科,,,,,
8249150,上海,本科批,物理,,X4F2BF2,专业组01,南方医科大学,F89C,生物技术,,,,,,527,12860,,,,,,527,12860,,,,,,,,,本科,,,,,
8249151,上海,本科批,物理,,X4F2BF2,专业组01,南方医科大学,A39E,预防医学,,,,,,528,12627,,,,,,528,12627,,,,,,,,,本科,,,,,
8249152,上海,本科批,物理,,X4F2BF2,专业组01,南方医科大学,97D0,临床医学,,,,,,538,10306,,,,,,538,10306,,,,,,,,,本科,,,,,
8249153,上海,本科批,物理,,X4F2BF2,专业组01,南方医科大学,5DA6,口腔医学,,,,,,540,9848,,,,,,540,9848,,,,,,,,,本科,,,,,
8249154,上海,本科批,物理,,X4F2BF2,专业组01,南方医科大学,7FA4,临床医学（本博连读）,本博连读,,,,,543,9186,,,,,,543,9186,,,,,,,,,本科,,,,,
8249831,上海,本科批,物理,,XFFCDB8,专业组02,浙江工业大学,927B,法学,,,,,,511,16761,,,,,,511,16761,,,,,,,,,本科,,,,,
8249832,上海,本科批,物理,,XFFCDB8,专业组03,浙江工业大学,43C5,建筑类（含:建筑学、城乡规划专业）,含:建筑学、城乡规划专业,,,,,512,16483,,,,,,512,16483,,,,,,,,,本科,,,,,
8249833,上海,本科批,物理,,XFFCDB8,专业组02,浙江工业大学,25DE,国际经济与贸易,,,,,,516,15485,,,,,,516,15485,,,,,,,,,本科,,,,,
8249834,上海,本科批,物理,,XFFCDB8,专业组02,浙江工业大学,0FBC,金融学,,,,,,517,15249,,,,,,517,15249,,,,,,,,,本科,,,,,
8249835,上海,本科批,物理,,XFFCDB8,专业组04,浙江工业大学,398E,软件工程（中外合作办学）（外语单科成绩不低于100分）,中外合作办学; 外语单科成绩不低于100分,,,,,527,12860,,,,,,527,12860,,,,,,,,,本科,,,,,
8249836,上海,本科批,物理,,XFFCDB8,专业组01,浙江工业大学,E347,工业设计,,,,,,534,11234,,,,,,534,11234,,,,,,,,,本科,,,,,
8249837,上海,本科批,物理,,XFFCDB8,专业组01,浙江工业大学,443C,计算机类（含:计算机科学与技术、软件工程、网络工程、数字媒体技术专业）,含:计算机科学与技术、软件工程、网络工程、数字媒体技术专业,,,,,536,10760,,,,,,536,10760,,,,,,,,,本科,,,,,
8251028,上海,本科批,物理,,X903385,专业组02,上海海事大学,04A0,工商管理,,,,,,493,21226,,,,,,493,21226,,,,,,,,,本科,,,,,
8251029,上海,本科批,物理,,X903385,专业组02,上海海事大学,8607,法语,,,,,,493,21226,,,,,,493,21226,,,,,,,,,本科,,,,,
8251030,上海,本科批,物理,,X903385,专业组02,上海海事大学,671C,日语,,,,,,493,21226,,,,,,493,21226,,,,,,,,,本科,,,,,
8251031,上海,本科批,物理,,X903385,专业组02,上海海事大学,6228,外国语言文学类（含:翻译、商务英语、英语专业）,含:翻译、商务英语、英语专业,,,,,493,21226,,,,,,493,21226,,,,,,,,,本科,,,,,
8251032,上海,本科批,物理,,X903385,专业组05,上海海事大学,557A,港口航道与海岸工程,,,,,,493,21226,,,,,,493,21226,,,,,,,,,本科,,,,,
8251033,上海,本科批,物理,,X903385,专业组05,上海海事大学,7E23,环境工程,,,,,,493,21226,,,,,,493,21226,,,,,,,,,本科,,,,,
8251034,上海,本科批,物理,,X903385,专业组05,上海海事大学,F620,安全工程,,,,,,493,21226,,,,,,493,21226,,,,,,,,,本科,,,,,
8251035,上海,本科批,物理,,X903385,专业组05,上海海事大学,0C52,船舶与海洋工程,,,,,,494,20956,,,,,,494,20956,,,,,,,,,本科,,,,,
8251036,上海,本科批,物理,,X903385,专业组02,上海海事大学,25DE,国际经济与贸易,,,,,,495,20693,,,,,,495,20693,,,,,,,,,本科,,,,,
8251037,上海,本科批,物理,,X903385,专业组05,上海海事大学,A942,材料科学与工程,,,,,,495,20693,,,,,,495,20693,,,,,,,,,本科,,,,,
8251038,上海,本科批,物理,,X903385,专业组02,上海海事大学,9B3D,经济学类（含:经济学（海运与物流经济）、金融学（海运金融）专业）,含:经济学（海运与物流经济; 海运金融,,,,,496,20446,,,,,,496,20446,,,,,,,,,本科,,,,,
8251039,上海,本科批,物理,,X903385,专业组02,上海海事大学,FB18,财务管理,,,,,,497,20203,,,,,,497,20203,,,,,,,,,本科,,,,,
8251040,上海,本科批,物理,,X903385,专业组05,上海海事大学,C7AE,交通工程,,,,,,499,19729,,,,,,499,19729,,,,,,,,,本科,,,,,
8251041,上海,本科批,物理,,X903385,专业组05,上海海事大学,3557,能源与动力工程,,,,,,500,19486,,,,,,500,19486,,,,,,,,,本科,,,,,
8251042,上海,本科批,物理,,X903385,专业组02,上海海事大学,5E19,会计学,,,,,,500,19486,,,,,,500,19486,,,,,,,,,本科,,,,,
8251043,上海,本科批,物理,,X903385,专业组02,上海海事大学,FBFE,物流管理,,,,,,500,19486,,,,,,500,19486,,,,,,,,,本科,,,,,
8251044,上海,本科批,物理,,X903385,专业组02,上海海事大学,7FA1,供应链管理,,,,,,502,19008,,,,,,502,19008,,,,,,,,,本科,,,,,
8251045,上海,本科批,物理,,X903385,专业组05,上海海事大学,F55B,交通运输,,,,,,503,18767,,,,,,503,18767,,,,,,,,,本科,,,,,
8251046,上海,本科批,物理,,X903385,专业组04,上海海事大学,E347,工业设计,,,,,,506,18067,,,,,,506,18067,,,,,,,,,本科,,,,,
8251047,上海,本科批,物理,,X903385,专业组04,上海海事大学,A5D2,测控技术与仪器,,,,,,506,18067,,,,,,506,18067,,,,,,,,,本科,,,,,
8251601,上海,本科批,物理,,X8EC9CC,专业组01,河南医药大学,97D0,临床医学,,,,,,495,20693,,,,,,495,20693,,,,,,,,,本科,,,,,
8251831,上海,本科批,物理,,XAC787B,专业组02,青岛农业大学,BCFA,"物流管理（中外合作办学）（与英国皇家农业大学合作办学。因专业采用英语教学,学科培养对英语有较高要求（建议英语单科成绩不低于100分））","中外合作办学; 与英国皇家农业大学合作办学。因专业采用英语教学,学科培养对英语有较高要求（建议英语单科成绩不低于100分",,,,,406,41077,,,,,,406,41077,,,,,,,,,本科,,,,,
8251832,上海,本科批,物理,,XAC787B,专业组01,青岛农业大学,454E,土地科学与技术,,,,,,410,40401,,,,,,410,40401,,,,,,,,,本科,,,,,
8251833,上海,本科批,物理,,XAC787B,专业组01,青岛农业大学,7A1F,水产养殖学,,,,,,410,40401,,,,,,410,40401,,,,,,,,,本科,,,,,
8251834,上海,本科批,物理,,XAC787B,专业组01,青岛农业大学,3AA0,马业科学,,,,,,420,38443,,,,,,420,38443,,,,,,,,,本科,,,,,
8251835,上海,本科批,物理,,XAC787B,专业组01,青岛农业大学,1F5A,生物育种科学,,,,,,422,38053,,,,,,422,38053,,,,,,,,,本科,,,,,
8251836,上海,本科批,物理,,XAC787B,专业组01,青岛农业大学,03B1,智能科学与技术,,,,,,431,36222,,,,,,431,36222,,,,,,,,,本科,,,,,
8251837,上海,本科批,物理,,XAC787B,专业组01,青岛农业大学,89AC,水生动物医学,,,,,,440,34239,,,,,,440,34239,,,,,,,,,本科,,,,,
8252377,上海,本科批,物理,,X7F4568,专业组02,浙江师范大学,DF6F,工商管理类（含:财务管理、电子商务、会计学、工商管理专业）,含:财务管理、电子商务、会计学、工商管理专业,,,,,483,23814,,,,,,483,23814,,,,,,,,,本科,,,,,
8252378,上海,本科批,物理,,X7F4568,专业组03,浙江师范大学,97A8,小学教育（中外合作办学）（师范类）,中外合作办学; 师范类,,,,,483,23814,,,,,,483,23814,,,,,,,,,本科,,,,,
8252379,上海,本科批,物理,,X7F4568,专业组01,浙江师范大学,E9A7,环境科学与工程,,,,,,485,23293,,,,,,485,23293,,,,,,,,,本科,,,,,
8252380,上海,本科批,物理,,X7F4568,专业组01,浙江师范大学,E347,工业设计,,,,,,486,23040,,,,,,486,23040,,,,,,,,,本科,,,,,
8252381,上海,本科批,物理,,X7F4568,专业组01,浙江师范大学,F55B,交通运输,,,,,,486,23040,,,,,,486,23040,,,,,,,,,本科,,,,,
8252382,上海,本科批,物理,,X7F4568,专业组01,浙江师范大学,A687,光电信息科学与工程,,,,,,487,22781,,,,,,487,22781,,,,,,,,,本科,,,,,
8252383,上海,本科批,物理,,X7F4568,专业组01,浙江师范大学,8F87,科学教育（师范类）,师范类,,,,,489,22270,,,,,,489,22270,,,,,,,,,本科,,,,,
8252384,上海,本科批,物理,,X7F4568,专业组01,浙江师范大学,8684,智能制造工程,,,,,,489,22270,,,,,,489,22270,,,,,,,,,本科,,,,,
8252385,上海,本科批,物理,,X7F4568,专业组01,浙江师范大学,10A0,药学,,,,,,491,21744,,,,,,491,21744,,,,,,,,,本科,,,,,
8252386,上海,本科批,物理,,X7F4568,专业组02,浙江师范大学,995A,日语（外语单科成绩不低于115分）,外语单科成绩不低于115分,,,,,494,20956,,,,,,494,20956,,,,,,,,,本科,,,,,
8252387,上海,本科批,物理,,X7F4568,专业组01,浙江师范大学,F11A,机器人工程,,,,,,497,20203,,,,,,497,20203,,,,,,,,,本科,,,,,
8252388,上海,本科批,物理,,X7F4568,专业组01,浙江师范大学,B8DA,数学与应用数学（师范类）,师范类,,,,,498,19960,,,,,,498,19960,,,,,,,,,本科,,,,,
8252389,上海,本科批,物理,,X7F4568,专业组01,浙江师范大学,3CBE,计算机类（含:计算机科学与技术（师范）、计算机科学与技术（非师范）、软件工程、智能科学与技术专业）,含:计算机科学与技术（师范; 非师范,,,,,507,17795,,,,,,507,17795,,,,,,,,,本科,,,,,
8253009,上海,本科批,物理,,XC0672E,专业组01,安徽理工大学,4154,电子商务,,,,,,438,34709,,,,,,438,34709,,,,,,,,,本科,,,,,
8253010,上海,本科批,物理,,XC0672E,专业组02,安徽理工大学,0FBC,金融学,,,,,,444,33286,,,,,,444,33286,,,,,,,,,本科,,,,,
8253011,上海,本科批,物理,,XC0672E,专业组02,安徽理工大学,4145,英语,,,,,,444,33286,,,,,,444,33286,,,,,,,,,本科,,,,,
8253012,上海,本科批,物理,,XC0672E,专业组02,安徽理工大学,5D72,网络与新媒体,,,,,,448,32390,,,,,,448,32390,,,,,,,,,本科,,,,,
8253013,上海,本科批,物理,,XC0672E,专业组02,安徽理工大学,C19A,人力资源管理,,,,,,448,32390,,,,,,448,32390,,,,,,,,,本科,,,,,
8253014,上海,本科批,物理,,XC0672E,专业组02,安徽理工大学,5E19,会计学,,,,,,453,31179,,,,,,453,31179,,,,,,,,,本科,,,,,
8254625,上海,本科批,物理,,X84783C,专业组05,江西理工大学,671C,日语,,,,,,429,36629,,,,,,429,36629,,,,,,,,,本科,,,,,
8254626,上海,本科批,物理,,X84783C,专业组05,江西理工大学,C19A,人力资源管理,,,,,,431,36222,,,,,,431,36222,,,,,,,,,本科,,,,,
8254627,上海,本科批,物理,,X84783C,专业组03,江西理工大学,BB8A,应急管理,,,,,,434,35570,,,,,,434,35570,,,,,,,,,本科,,,,,
8254628,上海,本科批,物理,,X84783C,专业组01,江西理工大学,2B47,智能建造,,,,,,436,35127,,,,,,436,35127,,,,,,,,,本科,,,,,
8254629,上海,本科批,物理,,X84783C,专业组01,江西理工大学,4ECE,土木工程,,,,,,436,35127,,,,,,436,35127,,,,,,,,,本科,,,,,
8254630,上海,本科批,物理,,X84783C,专业组01,江西理工大学,F068,人工智能,,,,,,437,34923,,,,,,437,34923,,,,,,,,,本科,,,,,
8254631,上海,本科批,物理,,X84783C,专业组04,江西理工大学,A615,汉语国际教育,,,,,,439,34482,,,,,,439,34482,,,,,,,,,本科,,,,,
8254632,上海,本科批,物理,,X84783C,专业组03,江西理工大学,371D,工程造价,,,,,,439,34482,,,,,,439,34482,,,,,,,,,本科,,,,,
8254633,上海,本科批,物理,,X84783C,专业组03,江西理工大学,1C92,数字经济,,,,,,440,34239,,,,,,440,34239,,,,,,,,,本科,,,,,
8254634,上海,本科批,物理,,X84783C,专业组05,江西理工大学,25DE,国际经济与贸易,,,,,,442,33781,,,,,,442,33781,,,,,,,,,本科,,,,,
8254635,上海,本科批,物理,,X84783C,专业组05,江西理工大学,CB22,城乡规划,,,,,,442,33781,,,,,,442,33781,,,,,,,,,本科,,,,,
8254636,上海,本科批,物理,,X84783C,专业组06,江西理工大学,B139,电子科学与技术（中外合作办学）,中外合作办学,,,,,443,33531,,,,,,443,33531,,,,,,,,,本科,,,,,
8254637,上海,本科批,物理,,X84783C,专业组02,江西理工大学,C2CB,软件工程（软件开发方向）,软件开发方向,,,,,455,30715,,,,,,455,30715,,,,,,,,,本科,,,,,
8255423,上海,本科批,物理,,XE9E1EE,专业组04,江西师范大学,F338,英语（师范类）,师范类,,,,,485,23293,,,,,,485,23293,,,,,,,,,本科,,,,,
8255424,上海,本科批,物理,,XE9E1EE,专业组01,江西师范大学,0294,物理学（师范类）,师范类,,,,,485,23293,,,,,,485,23293,,,,,,,,,本科,,,,,
8255425,上海,本科批,物理,,XE9E1EE,专业组01,江西师范大学,B8DA,数学与应用数学（师范类）,师范类,,,,,487,22781,,,,,,487,22781,,,,,,,,,本科,,,,,
8255426,上海,本科批,物理,,XE9E1EE,专业组04,江西师范大学,9FAC,新闻传播学类（含:广告学、新闻学、广播电视学专业）,含:广告学、新闻学、广播电视学专业,,,,,488,22514,,,,,,488,22514,,,,,,,,,本科,,,,,
8255427,上海,本科批,物理,,XE9E1EE,专业组01,江西师范大学,C15F,生物科学（师范类）,师范类,,,,,489,22270,,,,,,489,22270,,,,,,,,,本科,,,,,
8255428,上海,本科批,物理,,XE9E1EE,专业组04,江西师范大学,0A69,心理学类（含:心理学（师范）、应用心理学专业）,含:心理学（师范,,,,,496,20446,,,,,,496,20446,,,,,,,,,本科,,,,,
8255429,上海,本科批,物理,,XE9E1EE,专业组02,江西师范大学,C17B,思想政治教育（师范类）,师范类,,,,,504,18539,,,,,,504,18539,,,,,,,,,本科,,,,,
8255430,上海,本科批,物理,,XE9E1EE,专业组04,江西师范大学,AFF5,汉语言文学（师范类）,师范类,,,,,506,18067,,,,,,506,18067,,,,,,,,,本科,,,,,
8255431,上海,本科批,物理,,XE9E1EE,专业组03,江西师范大学,2412,地理科学类（含:地理科学（师范）、地理信息科学专业）,含:地理科学（师范,,,,,515,15734,,,,,,515,15734,,,,,,,,,本科,,,,,
8255432,上海,本科批,物理,,XE9E1EE,专业组01,江西师范大学,E172,化学类（含:化学（师范）、应用化学专业）,含:化学（师范,,,,,521,14281,,,,,,521,14281,,,,,,,,,本科,,,,,
8256331,上海,本科批,物理,,X0587AD,专业组01,北京联合大学,E347,工业设计,,,,,,449,32134,,,,,,449,32134,,,,,,,,,本科,,,,,
8256332,上海,本科批,物理,,X0587AD,专业组02,北京联合大学,4A2C,物流工程,,,,,,449,32134,,,,,,449,32134,,,,,,,,,本科,,,,,
8256333,上海,本科批,物理,,X0587AD,专业组04,北京联合大学,C19A,人力资源管理,,,,,,450,31904,,,,,,450,31904,,,,,,,,,本科,,,,,
8256334,上海,本科批,物理,,X0587AD,专业组04,北京联合大学,A7E8,会展经济与管理,,,,,,452,31399,,,,,,452,31399,,,,,,,,,本科,,,,,
8256335,上海,本科批,物理,,X0587AD,专业组01,北京联合大学,3C38,软件工程,,,,,,453,31179,,,,,,453,31179,,,,,,,,,本科,,,,,
8256336,上海,本科批,物理,,X0587AD,专业组03,北京联合大学,FA23,地理信息科学,,,,,,461,29262,,,,,,461,29262,,,,,,,,,本科,,,,,
8256337,上海,本科批,物理,,X0587AD,专业组03,北京联合大学,BFDA,人文地理与城乡规划,,,,,,463,28756,,,,,,463,28756,,,,,,,,,本科,,,,,
8256338,上海,本科批,物理,,X0587AD,专业组01,北京联合大学,F068,人工智能,,,,,,466,28028,,,,,,466,28028,,,,,,,,,本科,,,,,
8256891,上海,本科批,物理,,XCE1D99,专业组01,南京农业大学,C5CB,园艺,,,,,,527,12860,,,,,,527,12860,,,,,,,,,本科,,,,,
8256892,上海,本科批,物理,,XCE1D99,专业组01,南京农业大学,99EA,动物科学,,,,,,527,12860,,,,,,527,12860,,,,,,,,,本科,,,,,
8256893,上海,本科批,物理,,XCE1D99,专业组02,南京农业大学,EF7C,工商管理类,,,,,,529,12388,,,,,,529,12388,,,,,,,,,本科,,,,,
8256894,上海,本科批,物理,,XCE1D99,专业组01,南京农业大学,ABA8,环境科学与工程类,,,,,,529,12388,,,,,,529,12388,,,,,,,,,本科,,,,,
8256895,上海,本科批,物理,,XCE1D99,专业组02,南京农业大学,25DE,国际经济与贸易,,,,,,529,12388,,,,,,529,12388,,,,,,,,,本科,,,,,
8256896,上海,本科批,物理,,XCE1D99,专业组02,南京农业大学,4145,英语,,,,,,529,12388,,,,,,529,12388,,,,,,,,,本科,,,,,
8256897,上海,本科批,物理,,XCE1D99,专业组02,南京农业大学,4869,投资学,,,,,,530,12143,,,,,,530,12143,,,,,,,,,本科,,,,,
8256898,上海,本科批,物理,,XCE1D99,专业组02,南京农业大学,46AC,公共管理类,,,,,,531,11919,,,,,,531,11919,,,,,,,,,本科,,,,,
8256899,上海,本科批,物理,,XCE1D99,专业组01,南京农业大学,6BB2,动物医学类,,,,,,531,11919,,,,,,531,11919,,,,,,,,,本科,,,,,
8256900,上海,本科批,物理,,XCE1D99,专业组01,南京农业大学,EF96,食品科学与工程类,,,,,,531,11919,,,,,,531,11919,,,,,,,,,本科,,,,,
8256901,上海,本科批,物理,,XCE1D99,专业组02,南京农业大学,0FBC,金融学,,,,,,533,11462,,,,,,533,11462,,,,,,,,,本科,,,,,
8256902,上海,本科批,物理,,XCE1D99,专业组01,南京农业大学,2638,植物保护,,,,,,533,11462,,,,,,533,11462,,,,,,,,,本科,,,,,
8256903,上海,本科批,物理,,XCE1D99,专业组02,南京农业大学,9C84,社会学类,,,,,,534,11234,,,,,,534,11234,,,,,,,,,本科,,,,,
8256904,上海,本科批,物理,,XCE1D99,专业组02,南京农业大学,5E19,会计学,,,,,,534,11234,,,,,,534,11234,,,,,,,,,本科,,,,,
8257932,上海,本科批,物理,,X055D31,专业组02,山西大学,D243,汉语言文学,,,,,,501,19243,,,,,,501,19243,,,,,,,,,本科,,,,,
8257933,上海,本科批,物理,,X055D31,专业组02,山西大学,4873,历史学,,,,,,510,17049,,,,,,510,17049,,,,,,,,,本科,,,,,
8257934,上海,本科批,物理,,X055D31,专业组01,山西大学,A5B7,电气工程及其自动化,,,,,,524,13538,,,,,,524,13538,,,,,,,,,本科,,,,,
8257935,上海,本科批,物理,,X055D31,专业组01,山西大学,B9A5,计算机科学与技术,,,,,,530,12143,,,,,,530,12143,,,,,,,,,本科,,,,,
8259073,上海,本科批,物理,,XB2C25C,专业组01,哈尔滨师范大学,7932,电子信息科学与技术,,,,,,432,36033,,,,,,432,36033,,,,,,,,,本科,,,,,
8259074,上海,本科批,物理,,XB2C25C,专业组01,哈尔滨师范大学,B8DA,数学与应用数学（师范类）,师范类,,,,,436,35127,,,,,,436,35127,,,,,,,,,本科,,,,,
8259075,上海,本科批,物理,,XB2C25C,专业组03,哈尔滨师范大学,F338,英语（师范类）,师范类,,,,,469,27273,,,,,,469,27273,,,,,,,,,本科,,,,,
8259076,上海,本科批,物理,,XB2C25C,专业组02,哈尔滨师范大学,AFF5,汉语言文学（师范类）,师范类,,,,,498,19960,,,,,,498,19960,,,,,,,,,本科,,,,,
8259603,上海,本科批,物理,,XD8396A,专业组01,湖南工业大学,5915,生物医学工程（智能医疗实验班）,智能医疗实验班,,,,,435,35341,,,,,,435,35341,,,,,,,,,本科,,,,,
8259604,上海,本科批,物理,,XD8396A,专业组02,湖南工业大学,16DF,金融工程,,,,,,435,35341,,,,,,435,35341,,,,,,,,,本科,,,,,
8259605,上海,本科批,物理,,XD8396A,专业组01,湖南工业大学,B9E2,智能电网信息工程,,,,,,437,34923,,,,,,437,34923,,,,,,,,,本科,,,,,
8259606,上海,本科批,物理,,XD8396A,专业组03,湖南工业大学,5E19,会计学,,,,,,439,34482,,,,,,439,34482,,,,,,,,,本科,,,,,
8259607,上海,本科批,物理,,XD8396A,专业组03,湖南工业大学,4145,英语,,,,,,440,34239,,,,,,440,34239,,,,,,,,,本科,,,,,
8260587,上海,本科批,物理,,XA7B599,专业组01,河北工程大学,4ECE,土木工程,,,,,,429,36629,,,,,,429,36629,,,,,,,,,本科,,,,,
8260588,上海,本科批,物理,,XA7B599,专业组01,河北工程大学,D081,新能源科学与工程,,,,,,430,36436,,,,,,430,36436,,,,,,,,,本科,,,,,
8260589,上海,本科批,物理,,XA7B599,专业组01,河北工程大学,26A7,车辆工程,,,,,,434,35570,,,,,,434,35570,,,,,,,,,本科,,,,,
8260590,上海,本科批,物理,,XA7B599,专业组02,河北工程大学,04A0,工商管理,,,,,,436,35127,,,,,,436,35127,,,,,,,,,本科,,,,,
8260591,上海,本科批,物理,,XA7B599,专业组02,河北工程大学,5E19,会计学,,,,,,438,34709,,,,,,438,34709,,,,,,,,,本科,,,,,
8261963,上海,本科批,物理,,X4CD37F,专业组01,北京中医药大学,917A,中医学（卓越5+3一体化）,卓越5+3一体化,,,,,562,5357,,,,,,562,5357,,,,,,,,,本科,,,,,
8261964,上海,本科批,物理,,X4CD37F,专业组01,北京中医药大学,A3AA,中西医临床医学（华佗班）,华佗班,,,,,563,5181,,,,,,563,5181,,,,,,,,,本科,,,,,
8261965,上海,本科批,物理,,X4CD37F,专业组01,北京中医药大学,0F77,中医学（领军人才培养计划）,领军人才培养计划,,,,,581,2425,,,,,,581,2425,,,,,,,,,本科,,,,,
8262670,上海,本科批,物理,,X52EB8C,专业组01,海南师范大学,B8DA,数学与应用数学（师范类）,师范类,,,,,475,25819,,,,,,475,25819,,,,,,,,,本科,,,,,
8263520,上海,本科批,物理,,X2F01AE,专业组03,中央民族大学,8288,数据科学与大数据技术（中外合作办学）,中外合作办学,,,,,535,10985,,,,,,535,10985,,,,,,,,,本科,,,,,
8263521,上海,本科批,物理,,X2F01AE,专业组02,中央民族大学,6C69,工商管理类（含:工商管理、会计学、财务管理、人力资源管理专业）,含:工商管理、会计学、财务管理、人力资源管理专业,,,,,545,8758,,,,,,545,8758,,,,,,,,,本科,,,,,
8263522,上海,本科批,物理,,X2F01AE,专业组02,中央民族大学,671C,日语,,,,,,545,8758,,,,,,545,8758,,,,,,,,,本科,,,,,
8263523,上海,本科批,物理,,X2F01AE,专业组02,中央民族大学,8D94,经济学类（含:经济学、财政学、金融学、国际经济与贸易专业）,含:经济学、财政学、金融学、国际经济与贸易专业,,,,,546,8561,,,,,,546,8561,,,,,,,,,本科,,,,,
8263524,上海,本科批,物理,,X2F01AE,专业组02,中央民族大学,31DA,法学类（含:法学、法学（涉外法治）专业）,含:法学、法学（涉外法治,,,,,546,8561,,,,,,546,8561,,,,,,,,,本科,,,,,
8263525,上海,本科批,物理,,X2F01AE,专业组02,中央民族大学,A615,汉语国际教育,,,,,,549,7975,,,,,,549,7975,,,,,,,,,本科,,,,,
8263526,上海,本科批,物理,,X2F01AE,专业组02,中央民族大学,BB71,社会学类（含:社会学、社会工作专业）,含:社会学、社会工作专业,,,,,551,7592,,,,,,551,7592,,,,,,,,,本科,,,,,
8263527,上海,本科批,物理,,X2F01AE,专业组02,中央民族大学,D243,汉语言文学,,,,,,553,7218,,,,,,553,7218,,,,,,,,,本科,,,,,
8263528,上海,本科批,物理,,X2F01AE,专业组01,中央民族大学,4873,历史学,,,,,,557,6458,,,,,,557,6458,,,,,,,,,本科,,,,,
8264410,上海,本科批,物理,,XF89B5B,专业组01,华侨大学,5B1A,行政管理（含:数字政府治理、社会福利、公共危机管理方向。国家级一流本科专业）,含:数字政府治理、社会福利、公共危机管理方向。国家级一流本科专业,,,,,470,26996,,,,,,470,26996,,,,,,,,,本科,,,,,
8264411,上海,本科批,物理,,XF89B5B,专业组01,华侨大学,99C1,"经济学类（中美121双学位班,可接轨CFA金融分析师方向。金融学（全英文教学）专业。只招收填报有该专业志愿的考生）","中美121双学位班,可接轨CFA金融分析师方向。金融学（全英文教学",,,,,472,26492,,,,,,472,26492,,,,,,,,,本科,,,,,
8264412,上海,本科批,物理,,XF89B5B,专业组01,华侨大学,D362,法学（国家级一流本科专业）,国家级一流本科专业,,,,,482,24080,,,,,,482,24080,,,,,,,,,本科,,,,,
8265235,上海,本科批,物理,,X9A8D3A,专业组02,西安工业大学,32F5,工商管理类（含:市场营销、物流管理、人力资源管理、会计学专业）,含:市场营销、物流管理、人力资源管理、会计学专业,,,,,459,29755,,,,,,459,29755,,,,,,,,,本科,,,,,
8265236,上海,本科批,物理,,X9A8D3A,专业组01,西安工业大学,A5B7,电气工程及其自动化,,,,,,466,28028,,,,,,466,28028,,,,,,,,,本科,,,,,
8265990,上海,本科批,物理,,XE49210,专业组01,华中农业大学,0BEF,机械类（含:机械设计制造及其自动化、机械电子工程、自动化、机器人工程专业）,含:机械设计制造及其自动化、机械电子工程、自动化、机器人工程专业,,,,,532,11678,,,,,,532,11678,,,,,,,,,本科,,,,,
8265991,上海,本科批,物理,,XE49210,专业组01,华中农业大学,4D36,植物生产类（含:农学（国家卓越农林人才计划）、植物科学与技术、种子科学与工程、植物保护（国家卓越农林人才计划）、应用生物科学专业）,含:农学（国家卓越农林人才计划; 国家卓越农林人才计划,,,,,534,11234,,,,,,534,11234,,,,,,,,,本科,,,,,
8265992,上海,本科批,物理,,XE49210,专业组01,华中农业大学,E2E1,生物工程,,,,,,534,11234,,,,,,534,11234,,,,,,,,,本科,,,,,
8265993,上海,本科批,物理,,XE49210,专业组02,华中农业大学,62BF,大数据管理与应用,,,,,,535,10985,,,,,,535,10985,,,,,,,,,本科,,,,,
8265994,上海,本科批,物理,,XE49210,专业组01,华中农业大学,1C32,动物科学（国家卓越农林人才计划）,国家卓越农林人才计划,,,,,536,10760,,,,,,536,10760,,,,,,,,,本科,,,,,
8265995,上海,本科批,物理,,XE49210,专业组01,华中农业大学,1E63,园艺（国家卓越农林人才计划）,国家卓越农林人才计划,,,,,538,10306,,,,,,538,10306,,,,,,,,,本科,,,,,
8266756,上海,本科批,物理,,X47C35F,专业组05,西安建筑科技大学,CF67,工程管理（中外合作办学）（非英语语种考生慎报）,中外合作办学; 非英语语种考生慎报,,,,,449,32134,,,,,,449,32134,,,,,,,,,本科,,,,,
8266757,上海,本科批,物理,,X47C35F,专业组03,西安建筑科技大学,1C0F,公共管理类（含:文化产业管理、国际经济与贸易、公共事业管理、城市管理专业）,含:文化产业管理、国际经济与贸易、公共事业管理、城市管理专业,,,,,452,31399,,,,,,452,31399,,,,,,,,,本科,,,,,
8266758,上海,本科批,物理,,X47C35F,专业组04,西安建筑科技大学,AAFC,建筑电气与智能化（中外合作办学）（非英语语种考生慎报）,中外合作办学; 非英语语种考生慎报,,,,,468,27525,,,,,,468,27525,,,,,,,,,本科,,,,,
8266759,上海,本科批,物理,,X47C35F,专业组01,西安建筑科技大学,CE33,环境工程（卓越班）,卓越班,,,,,470,26996,,,,,,470,26996,,,,,,,,,本科,,,,,
8266760,上海,本科批,物理,,X47C35F,专业组01,西安建筑科技大学,F11A,机器人工程,,,,,,474,26034,,,,,,474,26034,,,,,,,,,本科,,,,,
8266761,上海,本科批,物理,,X47C35F,专业组01,西安建筑科技大学,6E4E,建筑环境与能源应用工程（分流培养）,分流培养,,,,,475,25819,,,,,,475,25819,,,,,,,,,本科,,,,,
8266762,上海,本科批,物理,,X47C35F,专业组01,西安建筑科技大学,A5B7,电气工程及其自动化,,,,,,477,25299,,,,,,477,25299,,,,,,,,,本科,,,,,
8266763,上海,本科批,物理,,X47C35F,专业组01,西安建筑科技大学,4ECE,土木工程,,,,,,478,25053,,,,,,478,25053,,,,,,,,,本科,,,,,
8266764,上海,本科批,物理,,X47C35F,专业组01,西安建筑科技大学,87BD,计算机科学与技术（分流培养）,分流培养,,,,,482,24080,,,,,,482,24080,,,,,,,,,本科,,,,,
8266765,上海,本科批,物理,,X47C35F,专业组02,西安建筑科技大学,D573,建筑类（含:建筑学、城乡规划、历史建筑保护工程、城市设计专业）,含:建筑学、城乡规划、历史建筑保护工程、城市设计专业,,,,,511,16761,,,,,,511,16761,,,,,,,,,本科,,,,,
8267369,上海,本科批,物理,,X6BDDCF,专业组02,浙江工商大学,B142,阿拉伯语,,,,,,476,25541,,,,,,476,25541,,,,,,,,,本科,,,,,
8267370,上海,本科批,物理,,X6BDDCF,专业组02,浙江工商大学,0676,旅游管理类（含:旅游管理、酒店管理专业）,含:旅游管理、酒店管理专业,,,,,478,25053,,,,,,478,25053,,,,,,,,,本科,,,,,
8267371,上海,本科批,物理,,X6BDDCF,专业组02,浙江工商大学,8607,法语,,,,,,480,24562,,,,,,480,24562,,,,,,,,,本科,,,,,
8267372,上海,本科批,物理,,X6BDDCF,专业组02,浙江工商大学,F5D3,新闻传播学类（含:广告学、新闻学、网络与新媒体专业）,含:广告学、新闻学、网络与新媒体专业,,,,,486,23040,,,,,,486,23040,,,,,,,,,本科,,,,,
8267373,上海,本科批,物理,,X6BDDCF,专业组02,浙江工商大学,D243,汉语言文学,,,,,,489,22270,,,,,,489,22270,,,,,,,,,本科,,,,,
8267374,上海,本科批,物理,,X6BDDCF,专业组02,浙江工商大学,89A2,法学类（含:法学、知识产权专业）,含:法学、知识产权专业,,,,,492,21473,,,,,,492,21473,,,,,,,,,本科,,,,,
8267375,上海,本科批,物理,,X6BDDCF,专业组01,浙江工商大学,05E8,食品科学与工程类（含:食品科学与工程、食品质量与安全专业）,含:食品科学与工程、食品质量与安全专业,,,,,493,21226,,,,,,493,21226,,,,,,,,,本科,,,,,
8267376,上海,本科批,物理,,X6BDDCF,专业组01,浙江工商大学,292A,计算机类（含:计算机科学与技术、软件工程、信息安全专业）,含:计算机科学与技术、软件工程、信息安全专业,,,,,497,20203,,,,,,497,20203,,,,,,,,,本科,,,,,
8267377,上海,本科批,物理,,X6BDDCF,专业组01,浙江工商大学,F7D7,电子信息类（含:人工智能、电子信息工程、通信工程专业）,含:人工智能、电子信息工程、通信工程专业,,,,,499,19729,,,,,,499,19729,,,,,,,,,本科,,,,,
8268031,上海,本科批,物理,,XAA54E8,专业组01,黑龙江大学,5FC4,环境科学,,,,,,431,36222,,,,,,431,36222,,,,,,,,,本科,,,,,
8268032,上海,本科批,物理,,XAA54E8,专业组01,黑龙江大学,E2E1,生物工程,,,,,,432,36033,,,,,,432,36033,,,,,,,,,本科,,,,,
8268033,上海,本科批,物理,,XAA54E8,专业组01,黑龙江大学,6995,网络工程,,,,,,435,35341,,,,,,435,35341,,,,,,,,,本科,,,,,
8268034,上海,本科批,物理,,XAA54E8,专业组03,黑龙江大学,CA0F,旅游管理,,,,,,438,34709,,,,,,438,34709,,,,,,,,,本科,,,,,
8268035,上海,本科批,物理,,XAA54E8,专业组03,黑龙江大学,4154,电子商务,,,,,,441,33999,,,,,,441,33999,,,,,,,,,本科,,,,,
8268036,上海,本科批,物理,,XAA54E8,专业组02,黑龙江大学,D681,信息管理与信息系统,,,,,,443,33531,,,,,,443,33531,,,,,,,,,本科,,,,,
8268037,上海,本科批,物理,,XAA54E8,专业组03,黑龙江大学,7022,社会学,,,,,,443,33531,,,,,,443,33531,,,,,,,,,本科,,,,,
8268038,上海,本科批,物理,,XAA54E8,专业组03,黑龙江大学,4852,应用心理学,,,,,,453,31179,,,,,,453,31179,,,,,,,,,本科,,,,,
8268039,上海,本科批,物理,,XAA54E8,专业组03,黑龙江大学,AC90,行政管理,,,,,,459,29755,,,,,,459,29755,,,,,,,,,本科,,,,,
8268686,上海,本科批,物理,,XABF16B,专业组01,中南民族大学,14BF,生物医学工程类（含:生物医学工程、医学信息工程专业）,含:生物医学工程、医学信息工程专业,,,,,452,31399,,,,,,452,31399,,,,,,,,,本科,,,,,
8268687,上海,本科批,物理,,XABF16B,专业组02,中南民族大学,6E59,外国语言文学类（含:英语、商务英语专业）,含:英语、商务英语专业,,,,,462,29014,,,,,,462,29014,,,,,,,,,本科,,,,,
8268688,上海,本科批,物理,,XABF16B,专业组02,中南民族大学,6758,教育学,,,,,,462,29014,,,,,,462,29014,,,,,,,,,本科,,,,,
8269406,上海,本科批,物理,,X55FA9C,专业组01,西安邮电大学,548C,信息与计算科学,,,,,,519,14753,,,,,,519,14753,,,,,,,,,本科,,,,,
8269407,上海,本科批,物理,,X55FA9C,专业组01,西安邮电大学,3298,智能感知工程,,,,,,521,14281,,,,,,521,14281,,,,,,,,,本科,,,,,
8269408,上海,本科批,物理,,X55FA9C,专业组01,西安邮电大学,B001,信息安全,,,,,,521,14281,,,,,,521,14281,,,,,,,,,本科,,,,,
8269409,上海,本科批,物理,,X55FA9C,专业组01,西安邮电大学,ECA4,通信工程,,,,,,522,14026,,,,,,522,14026,,,,,,,,,本科,,,,,
8270167,上海,本科批,物理,,X486623,专业组01,郑州航空工业管理学院,D867,工商管理类（含:会计学、会计学（注册会计师方向）、审计学、财务管理、工商管理、人力资源管理、市场营销专业）,含:会计学、会计学（注册会计师方向,,,,,422,38053,,,,,,422,38053,,,,,,,,,本科,,,,,
8270168,上海,本科批,物理,,X486623,专业组01,郑州航空工业管理学院,2D36,金融学类（含:金融学、金融工程、金融科技专业）,含:金融学、金融工程、金融科技专业,,,,,426,37259,,,,,,426,37259,,,,,,,,,本科,,,,,
8270169,上海,本科批,物理,,X486623,专业组02,郑州航空工业管理学院,927B,法学,,,,,,428,36833,,,,,,428,36833,,,,,,,,,本科,,,,,
8270170,上海,本科批,物理,,X486623,专业组02,郑州航空工业管理学院,9A15,外国语言文学类（含:英语、翻译专业）,含:英语、翻译专业,,,,,429,36629,,,,,,429,36629,,,,,,,,,本科,,,,,
8270171,上海,本科批,物理,,X486623,专业组02,郑州航空工业管理学院,4CA7,经济与贸易类（含:贸易经济、国际经济与贸易专业）,含:贸易经济、国际经济与贸易专业,,,,,430,36436,,,,,,430,36436,,,,,,,,,本科,,,,,
8270172,上海,本科批,物理,,X486623,专业组01,郑州航空工业管理学院,3766,经济学类（含:经济学、经济统计学专业）,含:经济学、经济统计学专业,,,,,431,36222,,,,,,431,36222,,,,,,,,,本科,,,,,
8270964,上海,专科批,物理,,XC662C9,专业组Z01,上海立信会计金融学院,DEEE,大数据技术（中外合作办学）（办学点：上川路校区）（中日合作）,中外合作办学; 办学点：上川路校区; 中日合作,,,,,237,2075,,,,,,237,2075,,,,,,,,,专科,,,,,
8270965,上海,本科批,物理,,XC662C9,专业组04,上海立信会计金融学院,03B1,智能科学与技术,,,,,,448,32390,,,,,,448,32390,,,,,,,,,本科,,,,,
8270966,上海,本科批,物理,,XC662C9,专业组04,上海立信会计金融学院,4718,数据科学与大数据技术,,,,,,449,32134,,,,,,449,32134,,,,,,,,,本科,,,,,
8270967,上海,本科批,物理,,XC662C9,专业组04,上海立信会计金融学院,CA95,计算机科学与技术（上海市一流本科专业建设点）,上海市一流本科专业建设点,,,,,450,31904,,,,,,450,31904,,,,,,,,,本科,,,,,
8270968,上海,本科批,物理,,XC662C9,专业组04,上海立信会计金融学院,E0ED,应用统计学（国家级一流本科专业建设点）,国家级一流本科专业建设点,,,,,451,31665,,,,,,451,31665,,,,,,,,,本科,,,,,
8270969,上海,本科批,物理,,XC662C9,专业组03,上海立信会计金融学院,1B14,电子商务（上海市属高校应用型本科试点专业）,上海市属高校应用型本科试点专业,,,,,454,30934,,,,,,454,30934,,,,,,,,,本科,,,,,
8270970,上海,本科批,物理,,XC662C9,专业组03,上海立信会计金融学院,C831,精算学,,,,,,454,30934,,,,,,454,30934,,,,,,,,,本科,,,,,
8270971,上海,本科批,物理,,XC662C9,专业组03,上海立信会计金融学院,AFFF,金融科技（上海市属高校应用型本科试点专业）,上海市属高校应用型本科试点专业,,,,,455,30715,,,,,,455,30715,,,,,,,,,本科,,,,,
8270972,上海,本科批,物理,,XC662C9,专业组03,上海立信会计金融学院,1B86,金融数学,,,,,,458,29994,,,,,,458,29994,,,,,,,,,本科,,,,,
8270973,上海,本科批,物理,,XC662C9,专业组03,上海立信会计金融学院,4869,投资学,,,,,,460,29525,,,,,,460,29525,,,,,,,,,本科,,,,,
8270974,上海,本科批,物理,,XC662C9,专业组03,上海立信会计金融学院,1C92,数字经济,,,,,,462,29014,,,,,,462,29014,,,,,,,,,本科,,,,,
8270975,上海,本科批,物理,,XC662C9,专业组04,上海立信会计金融学院,00A8,数学与应用数学（上海市一流本科专业建设点）,上海市一流本科专业建设点,,,,,462,29014,,,,,,462,29014,,,,,,,,,本科,,,,,
8270976,上海,本科批,物理,,XC662C9,专业组03,上海立信会计金融学院,C478,"经济统计学（上海市一流本科专业建设点,上海市属高校应用型本科试点专业）","上海市一流本科专业建设点,上海市属高校应用型本科试点专业",,,,,467,27778,,,,,,467,27778,,,,,,,,,本科,,,,,
8270977,上海,本科批,物理,,XC662C9,专业组03,上海立信会计金融学院,0CD8,金融工程（国家级一流本科专业建设点）,国家级一流本科专业建设点,,,,,468,27525,,,,,,468,27525,,,,,,,,,本科,,,,,
8270978,上海,本科批,物理,,XC662C9,专业组01,上海立信会计金融学院,02EF,日语（外语语种为英语、日语）,外语语种为英语、日语,,,,,470,26996,,,,,,470,26996,,,,,,,,,本科,,,,,
8270979,上海,本科批,物理,,XC662C9,专业组01,上海立信会计金融学院,4145,英语,,,,,,470,26996,,,,,,470,26996,,,,,,,,,本科,,,,,
8270980,上海,本科批,物理,,XC662C9,专业组01,上海立信会计金融学院,D18D,商务英语（上海市属高校应用型本科试点专业）,上海市属高校应用型本科试点专业,,,,,470,26996,,,,,,470,26996,,,,,,,,,本科,,,,,
8270981,上海,本科批,物理,,XC662C9,专业组01,上海立信会计金融学院,AAEB,"保险学（国家级一流本科专业建设点,上海市属高校应用型本科试点专业）","国家级一流本科专业建设点,上海市属高校应用型本科试点专业",,,,,471,26748,,,,,,471,26748,,,,,,,,,本科,,,,,
8270982,上海,本科批,物理,,XC662C9,专业组01,上海立信会计金融学院,6BB2,"国际经济与贸易（国家级一流本科专业建设点,上海市属高校应用型本科试点专业）","国家级一流本科专业建设点,上海市属高校应用型本科试点专业",,,,,471,26748,,,,,,471,26748,,,,,,,,,本科,,,,,
8270983,上海,本科批,物理,,XC662C9,专业组01,上海立信会计金融学院,EB5D,经济学（上海市一流本科专业建设点）,上海市一流本科专业建设点,,,,,473,26270,,,,,,473,26270,,,,,,,,,本科,,,,,
8271745,上海,本科批,物理,,X095608,专业组01,湖北大学,5525,环境工程（中外合作办学）,中外合作办学,,,,,404,41433,,,,,,404,41433,,,,,,,,,本科,,,,,
8271746,上海,本科批,物理,,X095608,专业组03,湖北大学,49E7,经济学类（含:金融学、国际经济与贸易专业）,含:金融学、国际经济与贸易专业,,,,,482,24080,,,,,,482,24080,,,,,,,,,本科,,,,,
8271747,上海,本科批,物理,,X095608,专业组03,湖北大学,FC5A,工商管理类（含:市场营销、人力资源管理专业）,含:市场营销、人力资源管理专业,,,,,482,24080,,,,,,482,24080,,,,,,,,,本科,,,,,
8271748,上海,本科批,物理,,X095608,专业组02,湖北大学,62BF,大数据管理与应用,,,,,,486,23040,,,,,,486,23040,,,,,,,,,本科,,,,,
8272464,上海,专科批,物理,,XA573E5,专业组Z01,上海工程技术大学,2F11,国际商务（中外合作办学）（办学点：虹口校区）（旅游及商务管理方向。中瑞合作）,中外合作办学; 办学点：虹口校区; 旅游及商务管理方向。中瑞合作,,,,,244,1530,,,,,,244,1530,,,,,,,,,专科,,,,,
8272465,上海,专科批,物理,,XA573E5,专业组Z01,上海工程技术大学,6463,连锁经营与管理（办学点：虹口校区）,办学点：虹口校区,,,,,247,1294,,,,,,247,1294,,,,,,,,,专科,,,,,
8272466,上海,专科批,物理,,XA573E5,专业组Z01,上海工程技术大学,5671,模具设计与制造（办学点：虹口校区）,办学点：虹口校区,,,,,252,950,,,,,,252,950,,,,,,,,,专科,,,,,
8272467,上海,专科批,物理,,XA573E5,专业组Z01,上海工程技术大学,1FE3,机电一体化技术（办学点：虹口校区）,办学点：虹口校区,,,,,254,821,,,,,,254,821,,,,,,,,,专科,,,,,
8272468,上海,本科批,物理,,XA573E5,专业组03,上海工程技术大学,6934,涂料工程,,,,,,461,29262,,,,,,461,29262,,,,,,,,,本科,,,,,
8272469,上海,本科批,物理,,XA573E5,专业组03,上海工程技术大学,1FA3,"材料类（含:材料科学与工程、焊接技术与工程专业。分流情况详见学校网站。材料科学与工程专业通过工程教育专业认证,上海市一流本科专业建设点）","含:材料科学与工程、焊接技术与工程专业。分流情况详见学校网站。材料科学与工程专业通过工程教育专业认证,上海市一流本科专业建设点",,,,,461,29262,,,,,,461,29262,,,,,,,,,本科,,,,,
8272470,上海,本科批,物理,,XA573E5,专业组03,上海工程技术大学,6365,"环境工程（通过工程教育专业认证,国家级一流本科专业建设点）","通过工程教育专业认证,国家级一流本科专业建设点",,,,,461,29262,,,,,,461,29262,,,,,,,,,本科,,,,,
8272471,上海,本科批,物理,,XA573E5,专业组03,上海工程技术大学,E522,非织造材料与工程,,,,,,461,29262,,,,,,461,29262,,,,,,,,,本科,,,,,
8272472,上海,本科批,物理,,XA573E5,专业组03,上海工程技术大学,1407,纺织工程（上海市一流本科专业建设点）,上海市一流本科专业建设点,,,,,461,29262,,,,,,461,29262,,,,,,,,,本科,,,,,
8272473,上海,本科批,物理,,XA573E5,专业组03,上海工程技术大学,E7CB,"交通运输（卓越工程师教育培养计划试点专业,通过工程教育专业认证,国家级一流本科专业建设点）","卓越工程师教育培养计划试点专业,通过工程教育专业认证,国家级一流本科专业建设点",,,,,461,29262,,,,,,461,29262,,,,,,,,,本科,,,,,
8272474,上海,本科批,物理,,XA573E5,专业组03,上海工程技术大学,E347,工业设计,,,,,,461,29262,,,,,,461,29262,,,,,,,,,本科,,,,,
8272475,上海,本科批,物理,,XA573E5,专业组03,上海工程技术大学,EC16,汽车服务工程（上海市一流本科专业建设点）,上海市一流本科专业建设点,,,,,462,29014,,,,,,462,29014,,,,,,,,,本科,,,,,
8272476,上海,本科批,物理,,XA573E5,专业组03,上海工程技术大学,3E26,"铁道工程（通过德国ASIIN认证,上海市一流本科专业建设点）","通过德国ASIIN认证,上海市一流本科专业建设点",,,,,463,28756,,,,,,463,28756,,,,,,,,,本科,,,,,
8272477,上海,本科批,物理,,XA573E5,专业组03,上海工程技术大学,AA7E,材料成型及控制工程（上海市一流本科专业建设点）,上海市一流本科专业建设点,,,,,464,28519,,,,,,464,28519,,,,,,,,,本科,,,,,
8272478,上海,本科批,物理,,XA573E5,专业组05,上海工程技术大学,0FBC,金融学,,,,,,465,28294,,,,,,465,28294,,,,,,,,,本科,,,,,
8272479,上海,本科批,物理,,XA573E5,专业组05,上海工程技术大学,25DE,国际经济与贸易,,,,,,465,28294,,,,,,465,28294,,,,,,,,,本科,,,,,
8272480,上海,本科批,物理,,XA573E5,专业组05,上海工程技术大学,8B36,翻译,,,,,,465,28294,,,,,,465,28294,,,,,,,,,本科,,,,,
8272481,上海,本科批,物理,,XA573E5,专业组03,上海工程技术大学,D627,"化学工程与工艺（通过工程教育专业认证,国家级一流本科专业建设点）","通过工程教育专业认证,国家级一流本科专业建设点",,,,,466,28028,,,,,,466,28028,,,,,,,,,本科,,,,,
8272482,上海,本科批,物理,,XA573E5,专业组05,上海工程技术大学,B126,工商管理类（含:工商管理、市场营销、人力资源管理专业。分流情况详见学校网站。工商管理、市场营销专业为国家级一流本科专业建设点）,含:工商管理、市场营销、人力资源管理专业。分流情况详见学校网站。工商管理、市场营销专业为国家级一流本科专业建设点,,,,,466,28028,,,,,,466,28028,,,,,,,,,本科,,,,,
8272483,上海,本科批,物理,,XA573E5,专业组05,上海工程技术大学,FBFE,物流管理,,,,,,466,28028,,,,,,466,28028,,,,,,,,,本科,,,,,
8273137,上海,本科批,物理,,X8752C1,专业组01,安徽工业大学,4D44,给排水科学与工程,,,,,,441,33999,,,,,,441,33999,,,,,,,,,本科,,,,,
8273138,上海,本科批,物理,,X8752C1,专业组01,安徽工业大学,3170,冶金工程,,,,,,441,33999,,,,,,441,33999,,,,,,,,,本科,,,,,
8273139,上海,本科批,物理,,X8752C1,专业组01,安徽工业大学,2B47,智能建造,,,,,,442,33781,,,,,,442,33781,,,,,,,,,本科,,,,,
8273140,上海,本科批,物理,,X8752C1,专业组01,安徽工业大学,D6ED,化学工程与工艺,,,,,,442,33781,,,,,,442,33781,,,,,,,,,本科,,,,,
8273141,上海,本科批,物理,,X8752C1,专业组02,安徽工业大学,0FBC,金融学,,,,,,444,33286,,,,,,444,33286,,,,,,,,,本科,,,,,
8273142,上海,本科批,物理,,X8752C1,专业组02,安徽工业大学,4145,英语,,,,,,444,33286,,,,,,444,33286,,,,,,,,,本科,,,,,
8273143,上海,本科批,物理,,X8752C1,专业组02,安徽工业大学,25DE,国际经济与贸易,,,,,,446,32860,,,,,,446,32860,,,,,,,,,本科,,,,,
8273144,上海,本科批,物理,,X8752C1,专业组01,安徽工业大学,6A3A,建筑环境与能源应用工程,,,,,,446,32860,,,,,,446,32860,,,,,,,,,本科,,,,,
8273145,上海,本科批,物理,,X8752C1,专业组02,安徽工业大学,6AB9,经济学,,,,,,448,32390,,,,,,448,32390,,,,,,,,,本科,,,,,
8273146,上海,本科批,物理,,X8752C1,专业组01,安徽工业大学,4718,数据科学与大数据技术,,,,,,449,32134,,,,,,449,32134,,,,,,,,,本科,,,,,
8273147,上海,本科批,物理,,X8752C1,专业组01,安徽工业大学,F068,人工智能,,,,,,450,31904,,,,,,450,31904,,,,,,,,,本科,,,,,
8273148,上海,本科批,物理,,X8752C1,专业组01,安徽工业大学,3C38,软件工程,,,,,,450,31904,,,,,,450,31904,,,,,,,,,本科,,,,,
8273149,上海,本科批,物理,,X8752C1,专业组01,安徽工业大学,A942,材料科学与工程,,,,,,450,31904,,,,,,450,31904,,,,,,,,,本科,,,,,
8273150,上海,本科批,物理,,X8752C1,专业组01,安徽工业大学,D078,新能源汽车工程,,,,,,451,31665,,,,,,451,31665,,,,,,,,,本科,,,,,
8273151,上海,本科批,物理,,X8752C1,专业组02,安徽工业大学,5E19,会计学,,,,,,452,31399,,,,,,452,31399,,,,,,,,,本科,,,,,
8273152,上海,本科批,物理,,X8752C1,专业组02,安徽工业大学,927B,法学,,,,,,454,30934,,,,,,454,30934,,,,,,,,,本科,,,,,
8273153,上海,本科批,物理,,X8752C1,专业组01,安徽工业大学,B9A5,计算机科学与技术,,,,,,471,26748,,,,,,471,26748,,,,,,,,,本科,,,,,
8273807,上海,本科批,物理,,X3C5E14,专业组01,东华理工大学,A86C,遥感科学与技术,,,,,,439,34482,,,,,,439,34482,,,,,,,,,本科,,,,,
8273808,上海,本科批,物理,,X3C5E14,专业组01,东华理工大学,A2E0,测绘工程,,,,,,439,34482,,,,,,439,34482,,,,,,,,,本科,,,,,
8273809,上海,本科批,物理,,X3C5E14,专业组02,东华理工大学,09EE,市场营销,,,,,,439,34482,,,,,,439,34482,,,,,,,,,本科,,,,,
8273810,上海,本科批,物理,,X3C5E14,专业组02,东华理工大学,25DE,国际经济与贸易,,,,,,440,34239,,,,,,440,34239,,,,,,,,,本科,,,,,
8273811,上海,本科批,物理,,X3C5E14,专业组01,东华理工大学,D583,网络空间安全,,,,,,440,34239,,,,,,440,34239,,,,,,,,,本科,,,,,
8273812,上海,本科批,物理,,X3C5E14,专业组02,东华理工大学,FB18,财务管理,,,,,,441,33999,,,,,,441,33999,,,,,,,,,本科,,,,,
8273813,上海,本科批,物理,,X3C5E14,专业组01,东华理工大学,4718,数据科学与大数据技术,,,,,,444,33286,,,,,,444,33286,,,,,,,,,本科,,,,,
8273814,上海,本科批,物理,,X3C5E14,专业组02,东华理工大学,5E19,会计学,,,,,,444,33286,,,,,,444,33286,,,,,,,,,本科,,,,,
8273815,上海,本科批,物理,,X3C5E14,专业组01,东华理工大学,B9A5,计算机科学与技术,,,,,,447,32641,,,,,,447,32641,,,,,,,,,本科,,,,,
8274564,上海,本科批,物理,,XF34853,专业组01,中国计量大学,E2E1,生物工程,,,,,,489,22270,,,,,,489,22270,,,,,,,,,本科,,,,,
8274565,上海,本科批,物理,,XF34853,专业组01,中国计量大学,ECA4,通信工程,,,,,,490,22003,,,,,,490,22003,,,,,,,,,本科,,,,,
8274566,上海,本科批,物理,,XF34853,专业组01,中国计量大学,8EA2,机械电子工程,,,,,,490,22003,,,,,,490,22003,,,,,,,,,本科,,,,,
8274567,上海,本科批,物理,,XF34853,专业组01,中国计量大学,4E9C,卫生检验与检疫,,,,,,490,22003,,,,,,490,22003,,,,,,,,,本科,,,,,
8274568,上海,本科批,物理,,XF34853,专业组01,中国计量大学,E347,工业设计,,,,,,490,22003,,,,,,490,22003,,,,,,,,,本科,,,,,
8274569,上海,本科批,物理,,XF34853,专业组01,中国计量大学,10A0,药学,,,,,,491,21744,,,,,,491,21744,,,,,,,,,本科,,,,,
8274570,上海,本科批,物理,,XF34853,专业组01,中国计量大学,F068,人工智能,,,,,,491,21744,,,,,,491,21744,,,,,,,,,本科,,,,,
8274571,上海,本科批,物理,,XF34853,专业组01,中国计量大学,4718,数据科学与大数据技术,,,,,,491,21744,,,,,,491,21744,,,,,,,,,本科,,,,,
8274572,上海,本科批,物理,,XF34853,专业组01,中国计量大学,289B,微电子科学与工程,,,,,,491,21744,,,,,,491,21744,,,,,,,,,本科,,,,,
8274573,上海,本科批,物理,,XF34853,专业组01,中国计量大学,A5B7,电气工程及其自动化,,,,,,491,21744,,,,,,491,21744,,,,,,,,,本科,,,,,
8274574,上海,本科批,物理,,XF34853,专业组01,中国计量大学,53B9,食品质量与安全,,,,,,491,21744,,,,,,491,21744,,,,,,,,,本科,,,,,
8274575,上海,本科批,物理,,XF34853,专业组02,中国计量大学,D681,信息管理与信息系统,,,,,,492,21473,,,,,,492,21473,,,,,,,,,本科,,,,,
8274576,上海,本科批,物理,,XF34853,专业组01,中国计量大学,3557,能源与动力工程,,,,,,492,21473,,,,,,492,21473,,,,,,,,,本科,,,,,
8274577,上海,本科批,物理,,XF34853,专业组01,中国计量大学,25FE,数学与应用数学,,,,,,492,21473,,,,,,492,21473,,,,,,,,,本科,,,,,
8274578,上海,本科批,物理,,XF34853,专业组01,中国计量大学,3477,应用物理学,,,,,,493,21226,,,,,,493,21226,,,,,,,,,本科,,,,,
8274579,上海,本科批,物理,,XF34853,专业组01,中国计量大学,3298,智能感知工程,,,,,,493,21226,,,,,,493,21226,,,,,,,,,本科,,,,,
8274580,上海,本科批,物理,,XF34853,专业组01,中国计量大学,78FF,机械设计制造及其自动化,,,,,,493,21226,,,,,,493,21226,,,,,,,,,本科,,,,,
8274581,上海,本科批,物理,,XF34853,专业组02,中国计量大学,5936,质量管理工程,,,,,,493,21226,,,,,,493,21226,,,,,,,,,本科,,,,,
8274582,上海,本科批,物理,,XF34853,专业组01,中国计量大学,C734,电子科学与技术,,,,,,494,20956,,,,,,494,20956,,,,,,,,,本科,,,,,
8274583,上海,本科批,物理,,XF34853,专业组02,中国计量大学,EBA7,标准化工程,,,,,,494,20956,,,,,,494,20956,,,,,,,,,本科,,,,,
8275430,上海,本科批,物理,,XE8F1F1,专业组01,石家庄铁道大学,6A3A,建筑环境与能源应用工程,,,,,,436,35127,,,,,,436,35127,,,,,,,,,本科,,,,,
8275431,上海,本科批,物理,,XE8F1F1,专业组02,石家庄铁道大学,6F56,工程管理,,,,,,458,29994,,,,,,458,29994,,,,,,,,,本科,,,,,
8275432,上海,本科批,物理,,XE8F1F1,专业组03,石家庄铁道大学,FBFE,物流管理,,,,,,489,22270,,,,,,489,22270,,,,,,,,,本科,,,,,
8276125,上海,本科批,物理,,XF5A5F0,专业组02,哈尔滨医科大学,4C2A,中药学,,,,,,427,37063,,,,,,427,37063,,,,,,,,,本科,,,,,
8276126,上海,本科批,物理,,XF5A5F0,专业组02,哈尔滨医科大学,817D,康复治疗学,,,,,,433,35806,,,,,,433,35806,,,,,,,,,本科,,,,,
8276127,上海,本科批,物理,,XF5A5F0,专业组02,哈尔滨医科大学,BE91,医学检验技术,,,,,,450,31904,,,,,,450,31904,,,,,,,,,本科,,,,,
8276128,上海,本科批,物理,,XF5A5F0,专业组02,哈尔滨医科大学,2DDF,医学影像技术,,,,,,468,27525,,,,,,468,27525,,,,,,,,,本科,,,,,
8276129,上海,本科批,物理,,XF5A5F0,专业组02,哈尔滨医科大学,43D9,药物制剂,,,,,,473,26270,,,,,,473,26270,,,,,,,,,本科,,,,,
8276130,上海,本科批,物理,,XF5A5F0,专业组05,哈尔滨医科大学,4BF3,护理学,,,,,,487,22781,,,,,,487,22781,,,,,,,,,本科,,,,,
8276131,上海,本科批,物理,,XF5A5F0,专业组04,哈尔滨医科大学,53C9,护理学（护理学与公共事业管理双学位）,护理学与公共事业管理双学位,,,,,502,19008,,,,,,502,19008,,,,,,,,,本科,,,,,
8276132,上海,本科批,物理,,XF5A5F0,专业组01,哈尔滨医科大学,3B42,精神医学,,,,,,523,13763,,,,,,523,13763,,,,,,,,,本科,,,,,
8276133,上海,本科批,物理,,XF5A5F0,专业组03,哈尔滨医科大学,57E6,医学影像学,,,,,,546,8561,,,,,,546,8561,,,,,,,,,本科,,,,,
8276134,上海,本科批,物理,,XF5A5F0,专业组03,哈尔滨医科大学,97D0,临床医学,,,,,,547,8372,,,,,,547,8372,,,,,,,,,本科,,,,,
8276135,上海,本科批,物理,,XF5A5F0,专业组03,哈尔滨医科大学,5DA6,口腔医学,,,,,,555,6832,,,,,,555,6832,,,,,,,,,本科,,,,,
8276136,上海,本科批,物理,,XF5A5F0,专业组03,哈尔滨医科大学,A4EA,临床医学（5+3一体化）,5+3一体化,,,,,557,6458,,,,,,557,6458,,,,,,,,,本科,,,,,
8276923,上海,本科批,物理,,X7CB09D,专业组02,沈阳工业大学,5E19,会计学,,,,,,438,34709,,,,,,438,34709,,,,,,,,,本科,,,,,
8276924,上海,本科批,物理,,X7CB09D,专业组03,沈阳工业大学,0FBC,金融学,,,,,,442,33781,,,,,,442,33781,,,,,,,,,本科,,,,,
8276925,上海,本科批,物理,,X7CB09D,专业组01,沈阳工业大学,78FF,机械设计制造及其自动化,,,,,,469,27273,,,,,,469,27273,,,,,,,,,本科,,,,,
8276926,上海,本科批,物理,,X7CB09D,专业组01,沈阳工业大学,A5B7,电气工程及其自动化,,,,,,483,23814,,,,,,483,23814,,,,,,,,,本科,,,,,
8277714,上海,本科批,物理,,XB88582,专业组02,江苏科技大学,CA0F,旅游管理,,,,,,466,28028,,,,,,466,28028,,,,,,,,,本科,,,,,
8277715,上海,本科批,物理,,XB88582,专业组02,江苏科技大学,090D,公共事业管理,,,,,,469,27273,,,,,,469,27273,,,,,,,,,本科,,,,,
8277716,上海,本科批,物理,,XB88582,专业组04,江苏科技大学,8DA6,工商管理（中澳合作办学）,中澳合作办学,,,,,470,26996,,,,,,470,26996,,,,,,,,,本科,,,,,
8277717,上海,本科批,物理,,XB88582,专业组03,江苏科技大学,3E67,船舶与海洋工程（中乌合作办学）,中乌合作办学,,,,,480,24562,,,,,,480,24562,,,,,,,,,本科,,,,,
8277718,上海,本科批,物理,,XB88582,专业组01,江苏科技大学,557A,港口航道与海岸工程,,,,,,481,24337,,,,,,481,24337,,,,,,,,,本科,,,,,
8277719,上海,本科批,物理,,XB88582,专业组01,江苏科技大学,375C,海洋工程类,,,,,,482,24080,,,,,,482,24080,,,,,,,,,本科,,,,,
8277720,上海,本科批,物理,,XB88582,专业组01,江苏科技大学,E2E1,生物工程,,,,,,482,24080,,,,,,482,24080,,,,,,,,,本科,,,,,
8277721,上海,本科批,物理,,XB88582,专业组01,江苏科技大学,82E6,计算机类,,,,,,483,23814,,,,,,483,23814,,,,,,,,,本科,,,,,
8277722,上海,本科批,物理,,XB88582,专业组01,江苏科技大学,C0DA,应用统计学,,,,,,486,23040,,,,,,486,23040,,,,,,,,,本科,,,,,
8278513,上海,本科批,物理,,XF13F19,专业组02,中国医科大学,5504,药物制剂（中外合作办学）,中外合作办学,,,,,495,20693,,,,,,495,20693,,,,,,,,,本科,,,,,
8278514,上海,本科批,物理,,XF13F19,专业组01,中国医科大学,57E6,医学影像学,,,,,,547,8372,,,,,,547,8372,,,,,,,,,本科,,,,,
8278515,上海,本科批,物理,,XF13F19,专业组01,中国医科大学,97D0,临床医学,,,,,,552,7412,,,,,,552,7412,,,,,,,,,本科,,,,,
8278837,上海,本科批,物理,,XA2BA21,专业组06,上海海洋大学,B484,市场营销（中外合作办学）,中外合作办学,,,,,481,24337,,,,,,481,24337,,,,,,,,,本科,,,,,
8278838,上海,本科批,物理,,XA2BA21,专业组04,上海海洋大学,671C,日语,,,,,,486,23040,,,,,,486,23040,,,,,,,,,本科,,,,,
8278839,上海,本科批,物理,,XA2BA21,专业组04,上海海洋大学,4145,英语,,,,,,486,23040,,,,,,486,23040,,,,,,,,,本科,,,,,
8278840,上海,本科批,物理,,XA2BA21,专业组04,上海海洋大学,AC90,行政管理,,,,,,486,23040,,,,,,486,23040,,,,,,,,,本科,,,,,
8278841,上海,本科批,物理,,XA2BA21,专业组04,上海海洋大学,FBFE,物流管理,,,,,,487,22781,,,,,,487,22781,,,,,,,,,本科,,,,,
8278842,上海,本科批,物理,,XA2BA21,专业组05,上海海洋大学,1EBD,信息管理与信息系统（中外合作办学）,中外合作办学,,,,,488,22514,,,,,,488,22514,,,,,,,,,本科,,,,,
8278843,上海,本科批,物理,,XA2BA21,专业组04,上海海洋大学,D326,工商管理（食品经济管理方向）,食品经济管理方向,,,,,488,22514,,,,,,488,22514,,,,,,,,,本科,,,,,
8278844,上海,本科批,物理,,XA2BA21,专业组04,上海海洋大学,E6CB,社会工作,,,,,,489,22270,,,,,,489,22270,,,,,,,,,本科,,,,,
8278845,上海,本科批,物理,,XA2BA21,专业组04,上海海洋大学,4C13,农林经济管理,,,,,,490,22003,,,,,,490,22003,,,,,,,,,本科,,,,,
8278846,上海,本科批,物理,,XA2BA21,专业组04,上海海洋大学,25DE,国际经济与贸易,,,,,,491,21744,,,,,,491,21744,,,,,,,,,本科,,,,,
8278847,上海,本科批,物理,,XA2BA21,专业组04,上海海洋大学,0FBC,金融学,,,,,,491,21744,,,,,,491,21744,,,,,,,,,本科,,,,,
8278848,上海,本科批,物理,,XA2BA21,专业组01,上海海洋大学,E9A7,环境科学与工程,,,,,,492,21473,,,,,,492,21473,,,,,,,,,本科,,,,,
8278849,上海,本科批,物理,,XA2BA21,专业组01,上海海洋大学,F6B3,海洋科学类（含:海洋科学、海洋技术专业。色盲、色弱、单色识别不准者不取）,含:海洋科学、海洋技术专业。色盲、色弱、单色识别不准者不取,,,,,493,21226,,,,,,493,21226,,,,,,,,,本科,,,,,
8278850,上海,本科批,物理,,XA2BA21,专业组01,上海海洋大学,377E,海洋资源与环境,,,,,,493,21226,,,,,,493,21226,,,,,,,,,本科,,,,,
8278851,上海,本科批,物理,,XA2BA21,专业组02,上海海洋大学,6A3A,建筑环境与能源应用工程,,,,,,494,20956,,,,,,494,20956,,,,,,,,,本科,,,,,
8278852,上海,本科批,物理,,XA2BA21,专业组01,上海海洋大学,CB8C,生态学（色盲、色弱、单色识别不准者不取）,色盲、色弱、单色识别不准者不取,,,,,495,20693,,,,,,495,20693,,,,,,,,,本科,,,,,
8278853,上海,本科批,物理,,XA2BA21,专业组02,上海海洋大学,C168,包装工程,,,,,,496,20446,,,,,,496,20446,,,,,,,,,本科,,,,,
8278854,上海,本科批,物理,,XA2BA21,专业组02,上海海洋大学,B694,生物制药,,,,,,497,20203,,,,,,497,20203,,,,,,,,,本科,,,,,
8278855,上海,本科批,物理,,XA2BA21,专业组02,上海海洋大学,E553,食品科学与工程类（含:食品科学与工程、食��质量与安全专业。色盲、色弱、单色识别不准者不取）,含:食品科学与工程、食��质量与安全专业。色盲、色弱、单色识别不准者不取,,,,,498,19960,,,,,,498,19960,,,,,,,,,本科,,,,,
8278856,上海,本科批,物理,,XA2BA21,专业组02,上海海洋大学,3557,能源与动力工程,,,,,,500,19486,,,,,,500,19486,,,,,,,,,本科,,,,,
8279350,上海,本科批,物理,,XFDFA6C,专业组01,成都中医药大学,6246,针灸推拿学,,,,,,527,12860,,,,,,527,12860,,,,,,,,,本科,,,,,
8279351,上海,本科批,物理,,XFDFA6C,专业组01,成都中医药大学,3097,中医学（九年制）（李斯炽班）,九年制; 李斯炽班,,,,,544,8973,,,,,,544,8973,,,,,,,,,本科,,,,,
8279903,上海,本科批,物理,,XA10288,专业组01,安徽财经大学,B96F,经济与贸易类（含:国际经济与贸易、贸易经济专业）,含:国际经济与贸易、贸易经济专业,,,,,474,26034,,,,,,474,26034,,,,,,,,,本科,,,,,
8279904,上海,本科批,物理,,XA10288,专业组01,安徽财经大学,0FBC,金融学,,,,,,474,26034,,,,,,474,26034,,,,,,,,,本科,,,,,
8279905,上海,本科批,物理,,XA10288,专业组01,安徽财经大学,7FA1,供应链管理,,,,,,475,25819,,,,,,475,25819,,,,,,,,,本科,,,,,
8279906,上海,本科批,物理,,XA10288,专业组01,安徽财经大学,5E19,会计学,,,,,,480,24562,,,,,,480,24562,,,,,,,,,本科,,,,,
8280894,上海,本科批,物理,,XCFEFE8,专业组04,南京林业大学,671C,日语,,,,,,495,20693,,,,,,495,20693,,,,,,,,,本科,,,,,
8280895,上海,本科批,物理,,XCFEFE8,专业组04,南京林业大学,A615,汉语国际教育,,,,,,496,20446,,,,,,496,20446,,,,,,,,,本科,,,,,
8280896,上海,本科批,物理,,XCFEFE8,专业组04,南京林业大学,D243,汉语言文学,,,,,,500,19486,,,,,,500,19486,,,,,,,,,本科,,,,,
8280897,上海,本科批,物理,,XCFEFE8,专业组02,南京林业大学,1C92,数字经济,,,,,,509,17313,,,,,,509,17313,,,,,,,,,本科,,,,,
8280898,上海,本科批,物理,,XCFEFE8,专业组04,南京林业大学,927B,法学,,,,,,509,17313,,,,,,509,17313,,,,,,,,,本科,,,,,
8280899,上海,本科批,物理,,XCFEFE8,专业组01,南京林业大学,C430,环境工程（无色盲、色弱）,无色盲、色弱,,,,,511,16761,,,,,,511,16761,,,,,,,,,本科,,,,,
8280900,上海,本科批,物理,,XCFEFE8,专业组01,南京林业大学,E347,工业设计,,,,,,512,16483,,,,,,512,16483,,,,,,,,,本科,,,,,
8280901,上海,本科批,物理,,XCFEFE8,专业组01,南京林业大学,DF1A,生物技术（无色盲、色弱）,无色盲、色弱,,,,,515,15734,,,,,,515,15734,,,,,,,,,本科,,,,,
8280902,上海,本科批,物理,,XCFEFE8,专业组01,南京林业大学,B9A5,计算机科学与技术,,,,,,515,15734,,,,,,515,15734,,,,,,,,,本科,,,,,
8280903,上海,本科批,物理,,XCFEFE8,专业组03,南京林业大学,7E81,园林（无色盲、色弱）,无色盲、色弱,,,,,523,13763,,,,,,523,13763,,,,,,,,,本科,,,,,
8281650,上海,本科批,物理,,X2411C8,专业组03,安徽师范大学,7FA1,供应链管理,,,,,,474,26034,,,,,,474,26034,,,,,,,,,本科,,,,,
8281651,上海,本科批,物理,,X2411C8,专业组03,安徽师范大学,68F4,新闻学,,,,,,474,26034,,,,,,474,26034,,,,,,,,,本科,,,,,
8281652,上海,本科批,物理,,X2411C8,专业组03,安徽师范大学,6AB9,经济学,,,,,,475,25819,,,,,,475,25819,,,,,,,,,本科,,,,,
8281653,上海,本科批,物理,,X2411C8,专业组03,安徽师范大学,FB18,财务管理,,,,,,476,25541,,,,,,476,25541,,,,,,,,,本科,,,,,
8281654,上海,本科批,物理,,X2411C8,专业组03,安徽师范大学,DFD2,学前教育（师范类）,师范类,,,,,477,25299,,,,,,477,25299,,,,,,,,,本科,,,,,
8281655,上海,本科批,物理,,X2411C8,专业组03,安徽师范大学,5E19,会计学,,,,,,481,24337,,,,,,481,24337,,,,,,,,,本科,,,,,
8281656,上海,本科批,物理,,X2411C8,专业组03,安徽师范大学,927B,法学,,,,,,482,24080,,,,,,482,24080,,,,,,,,,本科,,,,,
8281657,上海,本科批,物理,,X2411C8,专业组02,安徽师范大学,16DF,金融工程,,,,,,484,23553,,,,,,484,23553,,,,,,,,,本科,,,,,
8281658,上海,本科批,物理,,X2411C8,专业组01,安徽师范大学,B9A5,计算机科学与技术,,,,,,486,23040,,,,,,486,23040,,,,,,,,,本科,,,,,
8281659,上海,本科批,物理,,X2411C8,专业组01,安徽师范大学,93E3,电子信息工程,,,,,,489,22270,,,,,,489,22270,,,,,,,,,本科,,,,,
8281660,上海,本科批,物理,,X2411C8,专业组03,安徽师范大学,A615,汉语国际教育,,,,,,495,20693,,,,,,495,20693,,,,,,,,,本科,,,,,
8281661,上海,本科批,物理,,X2411C8,专业组03,安徽师范大学,AFF5,汉语言文学（师范类）,师范类,,,,,513,16250,,,,,,513,16250,,,,,,,,,本科,,,,,
8282290,上海,本科批,物理,,X076D9E,专业组03,长春理工大学,3739,广告学,,,,,,429,36629,,,,,,429,36629,,,,,,,,,本科,,,,,
8282291,上海,本科批,物理,,X076D9E,专业组03,长春理工大学,4145,英语,,,,,,430,36436,,,,,,430,36436,,,,,,,,,本科,,,,,
8282292,上海,本科批,物理,,X076D9E,专业组03,长春理工大学,671C,日语,,,,,,432,36033,,,,,,432,36033,,,,,,,,,本科,,,,,
8282293,上海,本科批,物理,,X076D9E,专业组03,长春理工大学,D243,汉语言文学,,,,,,435,35341,,,,,,435,35341,,,,,,,,,本科,,,,,
8282294,上海,本科批,物理,,X076D9E,专业组03,长春理工大学,A0A9,"汉语国际教育（因教学特点和要求,非英语语种考生慎报）","因教学特点和要求,非英语语种考生慎报",,,,,436,35127,,,,,,436,35127,,,,,,,,,本科,,,,,
8282295,上海,本科批,物理,,X076D9E,专业组03,长春理工大学,4544,工商管理类（含:工商管理、会计学专业）,含:工商管理、会计学专业,,,,,438,34709,,,,,,438,34709,,,,,,,,,本科,,,,,
8282296,上海,本科批,物理,,X076D9E,专业组03,长春理工大学,927B,法学,,,,,,440,34239,,,,,,440,34239,,,,,,,,,本科,,,,,
8282297,上海,本科批,物理,,X076D9E,专业组02,长春理工大学,16DF,金融工程,,,,,,441,33999,,,,,,441,33999,,,,,,,,,本科,,,,,
8282298,上海,本科批,物理,,X076D9E,专业组03,长春理工大学,B74B,"国际经济与贸易（因教学特点和要求,非英语语种考生慎报）","因教学特点和要求,非英语语种考生慎报",,,,,448,32390,,,,,,448,32390,,,,,,,,,本科,,,,,
8282299,上海,本科批,物理,,X076D9E,专业组01,长春理工大学,A5B7,电气工程及其自动化,,,,,,490,22003,,,,,,490,22003,,,,,,,,,本科,,,,,
8282300,上海,本科批,物理,,X076D9E,专业组01,长春理工大学,4EA7,新能源材料与器件,,,,,,491,21744,,,,,,491,21744,,,,,,,,,本科,,,,,
8282301,上海,本科批,物理,,X076D9E,专业组01,长春理工大学,8F8B,"计算机科学与技术（因教学特点和要求,非英语语种考生慎报）","因教学特点和要求,非英语语种考生慎报",,,,,497,20203,,,,,,497,20203,,,,,,,,,本科,,,,,
8282302,上海,本科批,物理,,X076D9E,专业组01,长春理工大学,6420,过程装备与控制工程,,,,,,497,20203,,,,,,497,20203,,,,,,,,,本科,,,,,
8282303,上海,本科批,物理,,X076D9E,专业组01,长春理工大学,ECA4,通信工程,,,,,,497,20203,,,,,,497,20203,,,,,,,,,本科,,,,,
8282304,上海,本科批,物理,,X076D9E,专业组01,长春理工大学,93E3,电子信息工程,,,,,,498,19960,,,,,,498,19960,,,,,,,,,本科,,,,,
8282305,上海,本科批,物理,,X076D9E,专业组01,长春理工大学,3477,应用物理学,,,,,,500,19486,,,,,,500,19486,,,,,,,,,本科,,,,,
8282306,上海,本科批,物理,,X076D9E,专业组01,长春理工大学,21D4,数学类（含:数学与应用数学、信息与计算科学专业）,含:数学与应用数学、信息与计算科学专业,,,,,506,18067,,,,,,506,18067,,,,,,,,,本科,,,,,
8282307,上海,本科批,物理,,X076D9E,专业组01,长春理工大学,6E9D,探测制导与控制技术,,,,,,511,16761,,,,,,511,16761,,,,,,,,,本科,,,,,
8282308,上海,本科批,物理,,X076D9E,专业组01,长春理工大学,78FF,机械设计制造及其自动化,,,,,,511,16761,,,,,,511,16761,,,,,,,,,本科,,,,,
8282309,上海,本科批,物理,,X076D9E,专业组01,长春理工大学,A5D2,测控技术与仪器,,,,,,513,16250,,,,,,513,16250,,,,,,,,,本科,,,,,
8283101,上海,本科批,物理,,XDE0EB8,专业组01,广西师范大学,B8DA,数学与应用数学（师范类）,师范类,,,,,417,39079,,,,,,417,39079,,,,,,,,,本科,,,,,
8283102,上海,本科批,物理,,XDE0EB8,专业组01,广西师范大学,5FC4,环境科学,,,,,,417,39079,,,,,,417,39079,,,,,,,,,本科,,,,,
8283103,上海,本科批,物理,,XDE0EB8,专业组03,广西师范大学,671C,日语,,,,,,447,32641,,,,,,447,32641,,,,,,,,,本科,,,,,
8283104,上海,本科批,物理,,XDE0EB8,专业组03,广西师范大学,927B,法学,,,,,,466,28028,,,,,,466,28028,,,,,,,,,本科,,,,,
8283105,上海,本科批,物理,,XDE0EB8,专业组02,广西师范大学,68F4,新闻学,,,,,,470,26996,,,,,,470,26996,,,,,,,,,本科,,,,,
8283106,上海,本科批,物理,,XDE0EB8,专业组02,广西师范大学,DBB2,历史学（师范类）,师范类,,,,,473,26270,,,,,,473,26270,,,,,,,,,本科,,,,,
8283107,上海,本科批,物理,,XDE0EB8,专业组02,广西师范大学,AFF5,汉语言文学（师范类）,师范类,,,,,494,20956,,,,,,494,20956,,,,,,,,,本科,,,,,
8284857,上海,本科批,物理,,X3395B0,专业组02,海南医科大学,BE91,医学检验技术,,,,,,480,24562,,,,,,480,24562,,,,,,,,,本科,,,,,
8284858,上海,本科批,物理,,X3395B0,专业组01,海南医科大学,97D0,临床医学,,,,,,512,16483,,,,,,512,16483,,,,,,,,,本科,,,,,
8285687,上海,本科批,物理,,X0E72B5,专业组01,东北林业大学,5E49,食品科学与工程,,,,,,514,15979,,,,,,514,15979,,,,,,,,,本科,,,,,
8285688,上海,本科批,物理,,X0E72B5,专业组01,东北林业大学,7790,林学类,,,,,,519,14753,,,,,,519,14753,,,,,,,,,本科,,,,,
8285689,上海,本科批,物理,,X0E72B5,专业组02,东北林业大学,6223,生物技术（中外合作办学）,中外合作办学,,,,,523,13763,,,,,,523,13763,,,,,,,,,本科,,,,,
8285690,上海,本科批,物理,,X0E72B5,专业组02,东北林业大学,88DE,化学（中外合作办学）,中外合作办学,,,,,524,13538,,,,,,524,13538,,,,,,,,,本科,,,,,
8285691,上海,本科批,物理,,X0E72B5,专业组01,东北林业大学,D035,生物科学类,,,,,,526,13085,,,,,,526,13085,,,,,,,,,本科,,,,,
8286557,上海,本科批,物理,,X3450BE,专业组01,云南财经大学,0FBC,金融学,,,,,,447,32641,,,,,,447,32641,,,,,,,,,本科,,,,,
8286558,上海,本科批,物理,,X3450BE,专业组01,云南财经大学,5E19,会计学,,,,,,463,28756,,,,,,463,28756,,,,,,,,,本科,,,,,
8287358,上海,本科批,物理,,X0EB23A,专业组02,北华大学,5D72,网络与新媒体,,,,,,430,36436,,,,,,430,36436,,,,,,,,,本科,,,,,
8287359,上海,本科批,物理,,X0EB23A,专业组02,北华大学,DCEF,小学教育,,,,,,432,36033,,,,,,432,36033,,,,,,,,,本科,,,,,
8287360,上海,本科批,物理,,X0EB23A,专业组01,北华大学,A5B7,电气工程及其自动化,,,,,,439,34482,,,,,,439,34482,,,,,,,,,本科,,,,,
8288230,上海,本科批,物理,,XA594C7,专业组02,中北大学,4145,英语,,,,,,431,36222,,,,,,431,36222,,,,,,,,,本科,,,,,
8288231,上海,本科批,物理,,XA594C7,专业组02,中北大学,DB75,广播电视学,,,,,,435,35341,,,,,,435,35341,,,,,,,,,本科,,,,,
8288232,上海,本科批,物理,,XA594C7,专业组02,中北大学,25DE,国际经济与贸易,,,,,,435,35341,,,,,,435,35341,,,,,,,,,本科,,,,,
8288233,上海,本科批,物理,,XA594C7,专业组01,中北大学,7E23,环境工程,,,,,,458,29994,,,,,,458,29994,,,,,,,,,本科,,,,,
8288234,上海,本科批,物理,,XA594C7,专业组01,中北大学,D078,新能源汽车工程,,,,,,459,29755,,,,,,459,29755,,,,,,,,,本科,,,,,
8288235,上海,本科批,物理,,XA594C7,专业组01,中北大学,F11A,机器人工程,,,,,,461,29262,,,,,,461,29262,,,,,,,,,本科,,,,,
8288236,上海,本科批,物理,,XA594C7,专业组01,中北大学,52F8,轨道交通信号与控制,,,,,,462,29014,,,,,,462,29014,,,,,,,,,本科,,,,,
8288237,上海,本科批,物理,,XA594C7,专业组01,中北大学,4718,数据科学与大数据技术,,,,,,465,28294,,,,,,465,28294,,,,,,,,,本科,,,,,
8288238,上海,本科批,物理,,XA594C7,专业组01,中北大学,8684,智能制造工程,,,,,,465,28294,,,,,,465,28294,,,,,,,,,本科,,,,,
8288239,上海,本科批,物理,,XA594C7,专业组01,中北大学,25BA,集成电路设计与集成系统,,,,,,468,27525,,,,,,468,27525,,,,,,,,,本科,,,,,
8288240,上海,本科批,物理,,XA594C7,专业组01,中北大学,29F4,物联网工程,,,,,,470,26996,,,,,,470,26996,,,,,,,,,本科,,,,,
8288241,上海,本科批,物理,,XA594C7,专业组01,中北大学,4C65,自动化,,,,,,470,26996,,,,,,470,26996,,,,,,,,,本科,,,,,
8288242,上海,本科批,物理,,XA594C7,专业组01,中北大学,F068,人工智能,,,,,,474,26034,,,,,,474,26034,,,,,,,,,本科,,,,,
8288243,上海,本科批,物理,,XA594C7,专业组01,中北大学,C734,电子科学与技术,,,,,,482,24080,,,,,,482,24080,,,,,,,,,本科,,,,,
8288244,上海,本科批,物理,,XA594C7,专业组01,中北大学,AF7F,飞行器设计与工程,,,,,,484,23553,,,,,,484,23553,,,,,,,,,本科,,,,,
8288245,上海,本科批,物理,,XA594C7,专业组01,中北大学,7A06,飞行器制造工程,,,,,,486,23040,,,,,,486,23040,,,,,,,,,本科,,,,,
8288246,上海,本科批,物理,,XA594C7,专业组01,中北大学,A5D2,测控技术与仪器,,,,,,489,22270,,,,,,489,22270,,,,,,,,,本科,,,,,
8289423,上海,本科批,物理,,X7E175F,专业组01,重庆科技大学,0D09,机械类（含:机械设计制造及其自动化、机械电子工程专业）,含:机械设计制造及其自动化、机械电子工程专业,,,,,446,32860,,,,,,446,32860,,,,,,,,,本科,,,,,
8289424,上海,本科批,物理,,X7E175F,专业组02,重庆科技大学,5E19,会计学,,,,,,447,32641,,,,,,447,32641,,,,,,,,,本科,,,,,
8290155,上海,本科批,物理,,X22DCC2,专业组01,内蒙古大学,D06C,机械工程,,,,,,492,21473,,,,,,492,21473,,,,,,,,,本科,,,,,
8290156,上海,本科批,物理,,X22DCC2,专业组01,内蒙古大学,52FD,应用化学,,,,,,502,19008,,,,,,502,19008,,,,,,,,,本科,,,,,
8290157,上海,本科批,物理,,X22DCC2,专业组02,内蒙古大学,6E21,汉语言文学（国家级一流本科专业建设点）,国家级一流本科专业建设点,,,,,502,19008,,,,,,502,19008,,,,,,,,,本科,,,,,
8290158,上海,本科批,物理,,X22DCC2,专业组01,内蒙古大学,9B52,物理学类（含:应用物理学、物理学专业）,含:应用物理学、物理学专业,,,,,508,17567,,,,,,508,17567,,,,,,,,,本科,,,,,
8290159,上海,本科批,物理,,X22DCC2,专业组03,内蒙古大学,FD42,纪检监察,,,,,,510,17049,,,,,,510,17049,,,,,,,,,本科,,,,,
8290160,上海,本科批,物理,,X22DCC2,专业组01,内蒙古大学,641B,生物技术（国家级一流本科专业建设点）,国家级一流本科专业建设点,,,,,511,16761,,,,,,511,16761,,,,,,,,,本科,,,,,
8290161,上海,本科批,物理,,X22DCC2,专业组01,内蒙古大学,AB2F,电子信息类（含:通信工程、电子信息科学与技术、自动化专业）,含:通信工程、电子信息科学与技术、自动化专业,,,,,516,15485,,,,,,516,15485,,,,,,,,,本科,,,,,
8290162,上海,本科批,物理,,X22DCC2,专业组01,内蒙古大学,1F58,"化学（基地,国家���一流本科专业建设点）","基地,国家���一流本科专业建设点",,,,,521,14281,,,,,,521,14281,,,,,,,,,本科,,,,,
8290163,上海,本科批,物理,,X22DCC2,专业组01,内蒙古大学,A2A0,软件工程（国家级一流本科专业建设点）,国家级一流本科专业建设点,,,,,522,14026,,,,,,522,14026,,,,,,,,,本科,,,,,
8291291,上海,本科批,物理,,XF8F8A8,专业组01,西安财经大学,04A0,工商管理,,,,,,462,29014,,,,,,462,29014,,,,,,,,,本科,,,,,
8291292,上海,本科批,物理,,XF8F8A8,专业组01,西安财经大学,21BA,财政学,,,,,,463,28756,,,,,,463,28756,,,,,,,,,本科,,,,,
8291293,上海,本科批,物理,,XF8F8A8,专业组01,西安财经大学,D243,汉语言文学,,,,,,464,28519,,,,,,464,28519,,,,,,,,,本科,,,,,
8291294,上海,本科批,物理,,XF8F8A8,专业组01,西安财经大学,6AB9,经济学,,,,,,464,28519,,,,,,464,28519,,,,,,,,,本科,,,,,
8291295,上海,本科批,物理,,XF8F8A8,专业组01,西安财经大学,978C,审计学,,,,,,470,26996,,,,,,470,26996,,,,,,,,,本科,,,,,
8291751,上海,本科批,物理,,XE9D198,专业组01,西安外国语大学,4F4A,葡萄牙语,,,,,,476,25541,,,,,,476,25541,,,,,,,,,本科,,,,,
8291752,上海,本科批,物理,,XE9D198,专业组01,西安外国语大学,671C,日语,,,,,,476,25541,,,,,,476,25541,,,,,,,,,本科,,,,,
8291753,上海,本科批,物理,,XE9D198,专业组01,西安外国语大学,A9F4,德语,,,,,,480,24562,,,,,,480,24562,,,,,,,,,本科,,,,,
8291754,上海,本科批,物理,,XE9D198,专业组01,西安外国语大学,4145,英语,,,,,,481,24337,,,,,,481,24337,,,,,,,,,本科,,,,,
8291755,上海,本科批,物理,,XE9D198,专业组01,西安外国语大学,0FBC,金融学,,,,,,482,24080,,,,,,482,24080,,,,,,,,,本科,,,,,
8291756,上海,本科批,物理,,XE9D198,专业组01,西安外国语大学,1049,商务英语,,,,,,482,24080,,,,,,482,24080,,,,,,,,,本科,,,,,
8291757,上海,本科批,物理,,XE9D198,专业组01,西安外国语大学,B142,阿拉伯语,,,,,,482,24080,,,,,,482,24080,,,,,,,,,本科,,,,,
8291758,上海,本科批,物理,,XE9D198,专业组01,西安外国语大学,D43F,西班牙语,,,,,,482,24080,,,,,,482,24080,,,,,,,,,本科,,,,,
8292583,上海,本科批,物理,,X6503A1,专业组01,西华师范大学,93E3,电子信息工程,,,,,,428,36833,,,,,,428,36833,,,,,,,,,本科,,,,,
8293053,上海,本科批,物理,,XA03EEF,专业组01,西安石油大学,A5B7,电气工程及其自动化,,,,,,440,34239,,,,,,440,34239,,,,,,,,,本科,,,,,
8293054,上海,本科批,物理,,XA03EEF,专业组01,西安石油大学,443C,计算机类（含:计算机科学与技术、软件工程、网络工程、数字媒体技术专业）,含:计算机科学与技术、软件工程、网络工程、数字媒体技术专业,,,,,441,33999,,,,,,441,33999,,,,,,,,,本科,,,,,
8293055,上海,本科批,物理,,XA03EEF,专业组02,西安石油大学,4145,英语,,,,,,442,33781,,,,,,442,33781,,,,,,,,,本科,,,,,
8293056,上海,本科批,物理,,XA03EEF,专业组02,西安石油大学,E9FC,工商管理类（含:市场营销、会计学、财务管理、人力资源管理专业）,含:市场营销、会计学、财务管理、人力资源管理专业,,,,,447,32641,,,,,,447,32641,,,,,,,,,本科,,,,,
8293057,上海,本科批,物理,,XA03EEF,专业组01,西安石油大学,D6ED,化学工程与工艺,,,,,,447,32641,,,,,,447,32641,,,,,,,,,本科,,,,,
8293783,上海,本科批,物理,,XEAEF5E,专业组01,常州大学,F620,安全工程,,,,,,463,28756,,,,,,463,28756,,,,,,,,,本科,,,,,
8293784,上海,本科批,物理,,XEAEF5E,专业组01,常州大学,D6ED,化学工程与工艺,,,,,,464,28519,,,,,,464,28519,,,,,,,,,本科,,,,,
8293785,上海,本科批,物理,,XEAEF5E,专业组02,常州大学,09EE,市场营销,,,,,,465,28294,,,,,,465,28294,,,,,,,,,本科,,,,,
8293786,上海,本科批,物理,,XEAEF5E,专业组02,常州大学,C19A,人力资源管理,,,,,,469,27273,,,,,,469,27273,,,,,,,,,本科,,,,,
8293787,上海,本科批,物理,,XEAEF5E,专业组01,常州大学,5B8B,高分子材料与工程,,,,,,474,26034,,,,,,474,26034,,,,,,,,,本科,,,,,
8294440,上海,本科批,物理,,X75261F,专业组02,杭州师范大学,26DF,电子商务（数字商务创新实验班）,数字商务创新实验班,,,,,485,23293,,,,,,485,23293,,,,,,,,,本科,,,,,
8294441,上海,本科批,物理,,X75261F,专业组02,杭州师范大学,16DF,金融工程,,,,,,485,23293,,,,,,485,23293,,,,,,,,,本科,,,,,
8294442,上海,本科批,物理,,X75261F,专业组03,杭州师范大学,AC90,行政管理,,,,,,485,23293,,,,,,485,23293,,,,,,,,,本科,,,,,
8294443,上海,本科批,物理,,X75261F,专业组02,杭州师范大学,9BBE,教育技术学（师范类）,师范类,,,,,485,23293,,,,,,485,23293,,,,,,,,,本科,,,,,
8294444,上海,本科批,物理,,X75261F,专业组02,杭州师范大学,1C92,数字经济,,,,,,485,23293,,,,,,485,23293,,,,,,,,,本科,,,,,
8294445,上海,本科批,物理,,X75261F,专业组03,杭州师范大学,3E25,国际商务,,,,,,485,23293,,,,,,485,23293,,,,,,,,,本科,,,,,
8294446,上海,本科批,物理,,X75261F,专业组03,杭州师范大学,671C,日语,,,,,,485,23293,,,,,,485,23293,,,,,,,,,本科,,,,,
8294447,上海,本科批,物理,,X75261F,专业组03,杭州师范大学,9FD2,健康服务与管理,,,,,,487,22781,,,,,,487,22781,,,,,,,,,本科,,,,,
8294448,上海,本科批,物理,,X75261F,专业组03,杭州师范大学,2528,公共事业管理（卫生事业管理方向）,卫生事业管理方向,,,,,487,22781,,,,,,487,22781,,,,,,,,,本科,,,,,
8294449,上海,本科批,物理,,X75261F,专业组03,杭州师范大学,E6CB,社会工作,,,,,,488,22514,,,,,,488,22514,,,,,,,,,本科,,,,,
8294450,上海,本科批,物理,,X75261F,专业组02,杭州师范大学,62BF,大数据管理与应用,,,,,,489,22270,,,,,,489,22270,,,,,,,,,本科,,,,,
8294451,上海,本科批,物理,,X75261F,专业组03,杭州师范大学,6AB9,经济学,,,,,,492,21473,,,,,,492,21473,,,,,,,,,本科,,,,,
8294452,上海,本科批,物理,,X75261F,专业组01,杭州师范大学,4718,数据科学与大数据技术,,,,,,493,21226,,,,,,493,21226,,,,,,,,,本科,,,,,
8294453,上海,本科批,物理,,X75261F,专业组01,杭州师范大学,76B9,统计学,,,,,,498,19960,,,,,,498,19960,,,,,,,,,本科,,,,,
8294454,上海,本科批,物理,,X75261F,专业组03,杭州师范大学,92DB,知识产权,,,,,,500,19486,,,,,,500,19486,,,,,,,,,本科,,,,,
8294455,上海,本科批,物理,,X75261F,专业组03,杭州师范大学,927B,法学,,,,,,507,17795,,,,,,507,17795,,,,,,,,,本科,,,,,
8295085,上海,本科批,物理,,X8B0236,专业组01,河北医科大学,4C2A,中药学,,,,,,430,36436,,,,,,430,36436,,,,,,,,,本科,,,,,
8295086,上海,本科批,物理,,X8B0236,专业组01,河北医科大学,4BDF,公共卫生与预防医学类（含:预防医学、妇幼保健医学专业）,含:预防医学、妇幼保健医学专业,,,,,434,35570,,,,,,434,35570,,,,,,,,,本科,,,,,
8295087,上海,本科批,物理,,X8B0236,专业组01,河北医科大学,9BE6,药学类（含:药学、药物制剂、药物分析、药物化学专业）,含:药学、药物制剂、药物分析、药物化学专业,,,,,463,28756,,,,,,463,28756,,,,,,,,,本科,,,,,
8295088,上海,本科批,物理,,X8B0236,专业组02,河北医科大学,BE91,医学检验技术,,,,,,491,21744,,,,,,491,21744,,,,,,,,,本科,,,,,
8295089,上海,本科批,物理,,X8B0236,专业组02,河北医科大学,97D0,临床医学,,,,,,517,15249,,,,,,517,15249,,,,,,,,,本科,,,,,
8295572,上海,本科批,物理,,X8E9349,专业组03,北京林业大学,4145,英语,,,,,,524,13538,,,,,,524,13538,,,,,,,,,本科,,,,,
8295573,上海,本科批,物理,,X8E9349,专业组03,北京林业大学,FB65,风景园林,,,,,,526,13085,,,,,,526,13085,,,,,,,,,本科,,,,,
8295574,上海,本科批,物理,,X8E9349,专业组03,北京林业大学,25DE,国际经济与贸易,,,,,,529,12388,,,,,,529,12388,,,,,,,,,本科,,,,,
8295575,上海,本科批,物理,,X8E9349,专业组03,北京林业大学,4852,应用心理学,,,,,,530,12143,,,,,,530,12143,,,,,,,,,本科,,,,,
8295576,上海,本科批,物理,,X8E9349,专业组04,北京林业大学,7296,"木材科学与工程（中外合作办学）（和加拿大不列颠哥伦比亚大学（UBC）合办。学费:前三学年为40000元/年,后两学年为5500元/年;UBC按学分收取学费,此部分学费标准每年略有调整,以入学UBC当年的标准执行,目前标准为1620.34加元/学分,约70学分）",中外合作办学; 和加拿大不列颠哥伦比亚大学（UBC,,,,,530,12143,,,,,,530,12143,,,,,,,,,本科,,,,,
8295577,上海,本科批,物理,,X8E9349,专业组01,北京林业大学,327D,林学类（含:林学、林学（城市林业方向）、森林保护、经济林专业）,含:林学、林学（城市林业方向,,,,,531,11919,,,,,,531,11919,,,,,,,,,本科,,,,,
8295578,上海,本科批,物理,,X8E9349,专业组03,北京林业大学,DEF5,工商管理类（含:会计学、工商管理、市场营销、人力资源管理、物业管理专业）,含:会计学、工商管理、市场营销、人力资源管理、物业管理专业,,,,,532,11678,,,,,,532,11678,,,,,,,,,本科,,,,,
8295579,上海,本科批,物理,,X8E9349,专业组01,北京林业大学,C5CB,园艺,,,,,,533,11462,,,,,,533,11462,,,,,,,,,本科,,,,,
8295580,上海,本科批,物理,,X8E9349,专业组04,北京林业大学,508B,"生物技术（中外合作办学）（和加拿大不列颠哥伦比亚大学（UBC）合办。学费:前三学年为40000元/年,后两学年为5500元/年;UBC按学分收取学费,此部分学费标准每年略有调整,以入学UBC当年的标准执行,目前标准为1620.34加元/学分,约60学分）",中外合作办学; 和加拿大不列颠哥伦比亚大学（UBC,,,,,534,11234,,,,,,534,11234,,,,,,,,,本科,,,,,
8295581,上海,本科批,物理,,X8E9349,专业组01,北京林业大学,F7EB,林学类（梁希实验班。含:林学、森林保护专业）,梁希实验班。含:林学、森林保护专业,,,,,535,10985,,,,,,535,10985,,,,,,,,,本科,,,,,
8295582,上海,本科批,物理,,X8E9349,专业组02,北京林业大学,6E5A,园林,,,,,,535,10985,,,,,,535,10985,,,,,,,,,本科,,,,,
8295583,上海,本科批,物理,,X8E9349,专业组01,北京林业大学,76B9,统计学,,,,,,536,10760,,,,,,536,10760,,,,,,,,,本科,,,,,
8295584,上海,本科批,物理,,X8E9349,专业组01,北京林业大学,A5B7,电气工程及其自动化,,,,,,537,10538,,,,,,537,10538,,,,,,,,,本科,,,,,
8295585,上海,本科批,物理,,X8E9349,专业组01,北京林业大学,CEE5,生物技术（与园艺专业双学士学位项目）,与园艺专业双学士学位项目,,,,,540,9848,,,,,,540,9848,,,,,,,,,本科,,,,,
8295586,上海,本科批,物理,,X8E9349,专业组01,北京林业大学,87EF,计算机类（含:计算机科学与技术、数字媒体技术、网络工程、物联网工程、数据科学与大数据技术专业）,含:计算机科学与技术、数字媒体技术、网络工程、物联网工程、数据科学与大数据技术专业,,,,,541,9624,,,,,,541,9624,,,,,,,,,本科,,,,,
8295587,上海,本科批,物理,,X8E9349,专业组01,北京林业大学,7932,电子信息科学与技术,,,,,,547,8372,,,,,,547,8372,,,,,,,,,本科,,,,,
8297879,上海,本科批,物理,,XD7DA21,专业组01,兰州交通大学,09EE,市场营销,,,,,,431,36222,,,,,,431,36222,,,,,,,,,本科,,,,,
8297880,上海,本科批,物理,,XD7DA21,专业组01,兰州交通大学,25DE,国际经济与贸易,,,,,,432,36033,,,,,,432,36033,,,,,,,,,本科,,,,,
8297881,上海,本科批,物理,,XD7DA21,专业组01,兰州交通大学,04A0,工商管理,,,,,,433,35806,,,,,,433,35806,,,,,,,,,本科,,,,,
8297882,上海,本科批,物理,,XD7DA21,专业组01,兰州交通大学,FB18,财务管理,,,,,,436,35127,,,,,,436,35127,,,,,,,,,本科,,,,,
8297883,上海,本科批,物理,,XD7DA21,专业组01,兰州交通大学,5E19,会计学,,,,,,440,34239,,,,,,440,34239,,,,,,,,,本科,,,,,
8299127,上海,本科批,物理,,X6BD648,专业组01,天津商业大学,A2B3,经济学类（含:经济学、财政学、金融学、信用管理、国际经济与贸易专业）,含:经济学、财政学、金融学、信用管理、国际经济与贸易专业,,,,,447,32641,,,,,,447,32641,,,,,,,,,本科,,,,,
8299128,上海,本科批,物理,,X6BD648,专业组02,天津商业大学,AE36,财务管理（中外合作办学）,中外合作办学,,,,,453,31179,,,,,,453,31179,,,,,,,,,本科,,,,,
8299803,上海,本科批,物理,,XAEE6FC,专业组02,陕西科技大学,2242,广播电视编导,,,,,,456,30473,,,,,,456,30473,,,,,,,,,本科,,,,,
8299804,上海,本科批,物理,,XAEE6FC,专业组03,陕西科技大学,2500,工业设计（中外合作办学）（中英双学位）,中外合作办学; 中英双学位,,,,,457,30232,,,,,,457,30232,,,,,,,,,本科,,,,,
8299805,上海,本科批,物理,,XAEE6FC,专业组01,陕西科技大学,D8CF,材料类（含:材料物理、材料化学、无机非金属材料工程、材料科学与工程专业）,含:材料物理、材料化学、无机非金属材料工程、材料科学与工程专业,,,,,475,25819,,,,,,475,25819,,,,,,,,,本科,,,,,
8299806,上海,本科批,物理,,XAEE6FC,专业组01,陕西科技大学,B505,计算机类（含:计算机科学与技术、网络工程专业）,含:计算机科学与技术、网络工程专业,,,,,477,25299,,,,,,477,25299,,,,,,,,,本科,,,,,
8299807,上海,本科批,物理,,XAEE6FC,专业组01,陕西科技大学,93E3,电子信息工程,,,,,,486,23040,,,,,,486,23040,,,,,,,,,本科,,,,,
8300738,上海,本科批,物理,,X1EF8E8,专业组01,山西医科大学,7BEF,法医学,,,,,,517,15249,,,,,,517,15249,,,,,,,,,本科,,,,,
8300739,上海,本科批,物理,,X1EF8E8,专业组01,山西医科大学,FE60,基础医学,,,,,,518,15023,,,,,,518,15023,,,,,,,,,本科,,,,,
8300740,上海,本科批,物理,,X1EF8E8,专业组01,山西医科大学,A39E,预防医学,,,,,,527,12860,,,,,,527,12860,,,,,,,,,本科,,,,,
8300741,上海,本科批,物理,,X1EF8E8,专业组01,山西医科大学,97D0,临床医学,,,,,,532,11678,,,,,,532,11678,,,,,,,,,本科,,,,,
8300742,上海,本科批,物理,,X1EF8E8,专业组01,山西医科大学,5DA6,口腔医学,,,,,,533,11462,,,,,,533,11462,,,,,,,,,本科,,,,,
8301537,上海,本科批,物理,,X3B49EF,专业组02,山西财经大学,4154,电子商务,,,,,,432,36033,,,,,,432,36033,,,,,,,,,本科,,,,,
8301538,上海,本科批,物理,,X3B49EF,专业组02,山西财经大学,1B86,金融数学,,,,,,434,35570,,,,,,434,35570,,,,,,,,,本科,,,,,
8301539,上海,本科批,物理,,X3B49EF,专业组01,山西财经大学,098D,数据科学,,,,,,435,35341,,,,,,435,35341,,,,,,,,,本科,,,,,
8301540,上海,本科批,物理,,X3B49EF,专业组02,山西财经大学,D254,能源经济,,,,,,435,35341,,,,,,435,35341,,,,,,,,,本科,,,,,
8301541,上海,本科批,物理,,X3B49EF,专业组01,山西财经大学,548C,信息与计算科学,,,,,,436,35127,,,,,,436,35127,,,,,,,,,本科,,,,,
8301542,上海,本科批,物理,,X3B49EF,专业组03,山西财经大学,7288,文化产业管理,,,,,,444,33286,,,,,,444,33286,,,,,,,,,本科,,,,,
8301543,上海,本科批,物理,,X3B49EF,专业组03,山西财经大学,68F4,新闻学,,,,,,445,33071,,,,,,445,33071,,,,,,,,,本科,,,,,
8301544,上海,本科批,物理,,X3B49EF,专业组03,山西财经大学,1049,商务英语,,,,,,445,33071,,,,,,445,33071,,,,,,,,,本科,,,,,
8301545,上海,本科批,物理,,X3B49EF,专业组03,山西财经大学,09EE,市场营销,,,,,,447,32641,,,,,,447,32641,,,,,,,,,本科,,,,,
8301546,上海,本科批,物理,,X3B49EF,专业组03,山西财经大学,0FBC,金融学,,,,,,447,32641,,,,,,447,32641,,,,,,,,,本科,,,,,
8301547,上海,本科批,物理,,X3B49EF,专业组03,山西财经大学,FB18,财务管理,,,,,,455,30715,,,,,,455,30715,,,,,,,,,本科,,,,,
8301548,上海,本科批,物理,,X3B49EF,专业组03,山西财经大学,21BA,财政学,,,,,,458,29994,,,,,,458,29994,,,,,,,,,本科,,,,,
8302825,上海,本科批,物理,,X19FF53,专业组01,首都经济贸易大学,04A0,工商管理,,,,,,518,15023,,,,,,518,15023,,,,,,,,,本科,,,,,
8302826,上海,本科批,物理,,X19FF53,专业组01,首都经济贸易大学,0544,金融学（数据与计量分析方向。英文授课）,数据与计量分析方向。英文授课,,,,,520,14532,,,,,,520,14532,,,,,,,,,本科,,,,,
8303127,上海,本科批,物理,,X452384,专业组03,四川外国语大学,DB3F,物流管理（中外合作办学）（与法国斯特拉斯堡大学合作办学。双学位。详见学校招生章程）,中外合作办学; 与法国斯特拉斯堡大学合作办学。双学位。详见学校招生章程,,,,,473,26270,,,,,,473,26270,,,,,,,,,本科,,,,,
8303128,上海,本科批,物理,,X452384,专业组02,四川外国语大学,9DB6,商务英语（中外合作办学）（与澳大利亚纽卡斯尔大学合作办学。3+1模式。详见学校招生章程）,中外合作办学; 与澳大利亚纽卡斯尔大学合作办学。3+1模式。详见学校招生章程,,,,,480,24562,,,,,,480,24562,,,,,,,,,本科,,,,,
8303129,上海,本科批,物理,,X452384,专业组01,四川外国语大学,AF64,商务英语（商务英语+国际经济与贸易双学位专业）,商务英语+国际经济与贸易双学位专业,,,,,484,23553,,,,,,484,23553,,,,,,,,,本科,,,,,
8303130,上海,本科批,物理,,X452384,专业组01,四川外国语大学,8E3A,英语（英语+法学双学位专业。详见学校招生章程）,英语+法学双学位专业。详见学校招生章程,,,,,484,23553,,,,,,484,23553,,,,,,,,,本科,,,,,
8303946,上海,本科批,物理,,XFA0D62,专业组01,沈阳航空航天大学,06F3,"交通运输（外语课程只安排英语教学,非英语语种考生慎报）","外语课程只安排英语教学,非英语语种考生慎报",,,,,487,22781,,,,,,487,22781,,,,,,,,,本科,,,,,
8303947,上海,本科批,物理,,XFA0D62,专业组01,沈阳航空航天大学,4AE3,"飞行器质量与可靠性（外语课程只安排英语教学,非英语语种考生慎报）","外语课程只安排英语教学,非英语语种考生慎报",,,,,491,21744,,,,,,491,21744,,,,,,,,,本科,,,,,
8303948,上海,本科批,物理,,XFA0D62,专业组01,沈阳航空航天大学,78FF,机械设计制造及其自动化,,,,,,504,18539,,,,,,504,18539,,,,,,,,,本科,,,,,
8303949,上海,本科批,物理,,XFA0D62,专业组01,沈阳航空航天大学,7A06,飞行器制造工程,,,,,,534,11234,,,,,,534,11234,,,,,,,,,本科,,,,,
8304593,上海,本科批,物理,,X10F74B,专业组01,北京化工大学,7138,工科试验班（先进材料方向。含:高分子材料与工程、材料科学与工程、功能材料专业）,先进材料方向。含:高分子材料与工程、材料科学与工程、功能材料专业,,,,,539,10069,,,,,,539,10069,,,,,,,,,本科,,,,,
8304594,上海,本科批,物理,,X10F74B,专业组01,北京化工大学,E362,理科试验班（绿色化学方向。含:应用化学、能源化学、资源化学专业）,绿色化学方向。含:应用化学、能源化学、资源化学专业,,,,,539,10069,,,,,,539,10069,,,,,,,,,本科,,,,,
8304595,上海,本科批,物理,,X10F74B,专业组01,北京化工大学,4475,工科试验班（绿色化工与生物医药方向。含:化学工程与工艺、能源化学工程、环境工程、生物工程、生物医学工程、制药工程、氢能科学与工程专业）,绿色化工与生物医药方向。含:化学工程与工艺、能源化学工程、环境工程、生物工程、生物医学工程、制药工程、氢能科学与工程专业,,,,,541,9624,,,,,,541,9624,,,,,,,,,本科,,,,,
8304596,上海,本科批,物理,,X10F74B,专业组02,北京化工大学,CE32,理科试验班（数学、物理电子与管理方向。含:电子科学与技术、数学与应用数学、信息与计算科学、金融数学、信息管理与信息系统、物流管理、大数据管理与应用、应用物理学专业）,数学、物理电子与管理方向。含:电子科学与技术、数学与应用数学、信息与计算科学、金融数学、信息管理与信息系统、物流管理、大数据管理与应用、应用物理学专业,,,,,543,9186,,,,,,543,9186,,,,,,,,,本科,,,,,
8304597,上海,本科批,物理,,X10F74B,专业组02,北京化工大学,BA07,自动化类（高端装备与智能制造方向。含:测控技术与仪器、自动化、机械设计制造及其自动化、过程装备与控制工程、安全工程、机器人工程专业）,高端装备与智能制造方向。含:测控技术与仪器、自动化、机械设计制造及其自动化、过程装备与控制工程、安全工程、机器人工程专业,,,,,544,8973,,,,,,544,8973,,,,,,,,,本科,,,,,
8304598,上海,本科批,物理,,X10F74B,专业组02,北京化工大学,8C39,计算机类（含:电子信息工程��人工智能、计算机科学与技术、数据科学与大数据技术专业）,含:电子信息工程��人工智能、计算机科学与技术、数据科学与大数据技术专业,,,,,545,8758,,,,,,545,8758,,,,,,,,,本科,,,,,
8305551,上海,本科批,物理,,XE02E24,专业组01,上海外国语大学,79B6,"法语（外语语种为英语、法语。副修英语。国家级一流本科专业,含:法语-企业管理方向班,法国格勒诺布尔-阿尔卑斯大学企业管理学院3+2本硕连读项目）","外语语种为英语、法语。副修英语。国家级一流本科专业,含:法语-企业管理方向班,法国格勒诺布尔-阿尔卑斯大学企业管理学院3+2本硕连读项目",,,,,554,7021,,,,,,554,7021,,,,,,,,,本科,,,,,
8305552,上海,本科批,物理,,XE02E24,专业组01,上海外国语大学,F387,工��管理类（卓越管理人才计划。含:工商管理（企业数智化管理）、市场营销（大数据与智能营销）、财务管理（智能会计与智慧财务）、公共关系学（新技术与融媒体管理）专业。含:新西兰怀卡托大学怀卡托管理学院3.5+1本硕连读项目。工商管理专业（企业数智化管理）入选国家级一流本科专业;公共关系学（新技术与融媒体管理）专业入选上海市级一流本科专业）,卓越管理人才计划。含:工商管理（企业数智化管理; 大数据与智能营销; 智能会计与智慧财务; 新技术与融媒体管理; 企业数智化管理; 新技术与融媒体管理,,,,,554,7021,,,,,,554,7021,,,,,,,,,本科,,,,,
8305553,上海,本科批,物理,,XE02E24,专业组01,上海外国语大学,1105,商务英语（国家级一流本科专业）,国家级一流本科专业,,,,,554,7021,,,,,,554,7021,,,,,,,,,本科,,,,,
8305554,上海,本科批,物理,,XE02E24,专业组01,上海外国语大学,49E3,新闻传播学类（卓越国际新闻传播人才计划。含:新闻学（国际新闻）、广播电视学、广告学、网络与新媒体、国际新闻与传播专业。含:美国佐治亚大学、美国肯特州立大学3+2本硕连读项目。新闻学（国际新闻）、网络与新媒体专业入选国家级一流本科专业;广播电视学专业入选上海市级一流本科专业）,卓越国际新闻传播人才计划。含:新闻学（国际新闻; 国际新闻,,,,,554,7021,,,,,,554,7021,,,,,,,,,本科,,,,,
8305555,上海,本科批,物理,,XE02E24,专业组01,上海外国语大学,4A26,"德语（外语语种为英语、德语。多元方向。国家级一流本科专业,含:德语、德语（中外合作办学）（经济学）、德语（工商管理双学位）。德语,副修英语;德语（中外合作办学）（经济学）,经济学方向,与德国拜罗伊特大学中外合作办学专业,中德双本科;德语（工商管理双学位）获文学和管理学学士学位）","外语语种为英语、德语。多元方向。国家级一流本科专业,含:德语、德语（中外合作办学; 经济学; 工商管理双学位; 中外合作办学; 经济学; 工商管理双学位",,,,,554,7021,,,,,,554,7021,,,,,,,,,本科,,,,,
8305556,上海,本科批,物理,,XE02E24,专业组01,上海外国语大学,6A2B,"会计学（国家级一流本科专业,含:ACCA项目（非学历）、含:美国西雅图大学、澳大利亚麦考瑞大学3+2本硕连读项目）","国家级一流本科专业,含:ACCA项目（非学历",,,,,555,6832,,,,,,555,6832,,,,,,,,,本科,,,,,
8305557,上海,本科批,物理,,XE02E24,专业组01,上海外国语大学,DCF7,"金融学（上海市级一流本科专业,含:美国西雅图大学、澳大利亚麦考瑞大学3+2本硕连读项目）","上海市级一流本科专业,含:美国西雅图大学、澳大利亚麦考瑞大学3+2本硕连读项目",,,,,555,6832,,,,,,555,6832,,,,,,,,,本科,,,,,
8305558,上海,本科批,物理,,XE02E24,专业组01,上海外国语大学,6440,"汉语国际教育（国家级一流本科专业,含:英国利兹大学2+2双学士学位项目）","国家级一流本科专业,含:英国利兹大学2+2双学士学位项目",,,,,555,6832,,,,,,555,6832,,,,,,,,,本科,,,,,
8305559,上海,本科批,物理,,XE02E24,专业组01,上海外国语大学,22E1,"国际经济与贸易（日语方向。国家级一流本科专业,含:日本创价大学2+2双学士学位项目）","日语方向。国家级一流本科专业,含:日本创价大学2+2双学士学位项目",,,,,555,6832,,,,,,555,6832,,,,,,,,,本科,,,,,
8305560,上海,本科批,物理,,XE02E24,专业组01,上海外国语大学,DA8E,"法学（国家级一流本科专业,含:涉外卓越法律人才实验班,含:美国圣路易斯华盛顿大学、新西兰怀卡托大学3.5+1本硕连读项目等）","国家级一流本科专业,含:涉外卓越法律人才实验班,含:美国圣路易斯华盛顿大学、新西兰怀卡托大学3.5+1本硕连读项目等",,,,,555,6832,,,,,,555,6832,,,,,,,,,本科,,,,,
8305561,上海,本科批,物理,,XE02E24,专业组01,上海外国语大学,A076,"国际经济与贸易（国家级一流本科专业,含:美国西雅图大学、澳大利亚麦考瑞大学3+2本硕连读项目）","国家级一流本科专业,含:美国西雅图大学、澳大利亚麦考瑞大学3+2本硕连读项目",,,,,555,6832,,,,,,555,6832,,,,,,,,,本科,,,,,
8305562,上海,本科批,物理,,XE02E24,专业组01,上海外国语大学,0503,"英语（教育方向。国家级一流本科专业,含:英国利兹大学2+2双学士学位项目）","教育方向。国家级一流本科专业,含:英国利兹大学2+2双学士学位项目",,,,,555,6832,,,,,,555,6832,,,,,,,,,本科,,,,,
8305563,上海,本科批,物理,,XE02E24,专业组01,上海外国语大学,0EB2,"英语（多元方向。国家级一流本科专业,含:英语、英语（国际政治双学位）。英语（国际政治双学位）获文学和法学学士学位。含:人文社科研究型人才培养实验班,含:英国布里斯托大学、英国莱斯特大学2+2双学士学位项目）","多元方向。国家级一流本科专业,含:英语、英语（国际政治双学位; 国际政治双学位",,,,,556,6631,,,,,,556,6631,,,,,,,,,本科,,,,,
8305564,上海,本科批,物理,,XE02E24,专业组02,上海外国语大学,7223,外交学,,,,,,557,6458,,,,,,557,6458,,,,,,,,,本科,,,,,
8305565,上海,本科批,物理,,XE02E24,专业组01,上海外国语大学,8BE5,西班牙语（外语语种为英语、西班牙语。副修英语。国家级一流本科专业）,外语语种为英语、西班牙语。副修英语。国家级一流本科专业,,,,,558,6285,,,,,,558,6285,,,,,,,,,本科,,,,,
8305566,上海,本科批,物理,,XE02E24,专业组03,上海外国语大学,C831,精算学,,,,,,559,6102,,,,,,559,6102,,,,,,,,,本科,,,,,
8305567,上海,本科批,物理,,XE02E24,专业组03,上海外国语大学,9FAC,管理科学与工程类（卓越管理人才计划。含:信息管理与信息系统（数据与商务分析）、大数据管理与应用（数字金融与量化投资）专业。含:新西兰怀卡托大学怀卡托管理学院3.5+1本硕连读项目。信息管理与信息系统（数据与商务分析）入选国家级一流本科专业）,卓越管理人才计划。含:信息管理与信息系统（数据与商务分析; 数字金融与量化投资; 数据与商务分析,,,,,559,6102,,,,,,559,6102,,,,,,,,,本科,,,,,
8305568,上海,本科批,物理,,XE02E24,专业组01,上海外国语大学,E868,"翻译（多元方向。国家级一流本科专业,含:翻译、翻译（工商管理双学位）。翻译（工商管理双学位）获文学和管理学学士学位。含:人文社科研究型人才培养实验班,含:英国布里斯托大学、英国莱斯特大学2+2双学士学位项目）","多元方向。国家级一流本科专业,含:翻译、翻译（工商管理双学位; 工商管理双学位",,,,,559,6102,,,,,,559,6102,,,,,,,,,本科,,,,,
8305569,上海,本科批,物理,,XE02E24,专业组02,上海外国语大学,1692,"外交学（法语双学位,获法学、文学学士学位。学费按该校双学士学位培养方案预收）","法语双学位,获法学、文学学士学位。学费按该校双学士学位培养方案预收",,,,,560,5899,,,,,,560,5899,,,,,,,,,本科,,,,,
8305570,上海,本科批,物理,,XE02E24,专业组04,上海外国语大学,AEB1,数据科学与大数据技术（自然语言处理与金融大数据方向）,自然语言处理与金融大数据方向,,,,,565,5019,,,,,,565,5019,,,,,,,,,本科,,,,,
8305895,上海,本科批,物理,,X2DE359,专业组01,山东中医药大学,10A0,药学,,,,,,495,20693,,,,,,495,20693,,,,,,,,,本科,,,,,
8305896,上海,本科批,物理,,X2DE359,专业组01,山东中医药大学,4C2A,中药学,,,,,,498,19960,,,,,,498,19960,,,,,,,,,本科,,,,,
8305897,上海,本科批,物理,,X2DE359,专业组01,山东中医药大学,5ED3,中西医临床医学,,,,,,506,18067,,,,,,506,18067,,,,,,,,,本科,,,,,
8305898,上海,本科批,物理,,X2DE359,专业组01,山东中医药大学,6246,针灸推拿学,,,,,,506,18067,,,,,,506,18067,,,,,,,,,本科,,,,,
8305899,上海,本科批,物理,,X2DE359,专业组01,山东中医药大学,03FE,中医学,,,,,,508,17567,,,,,,508,17567,,,,,,,,,本科,,,,,
8306354,上海,本科批,物理,,X9AAEFF,专业组01,广州中医药大学,03FE,中医学,,,,,,510,17049,,,,,,510,17049,,,,,,,,,本科,,,,,
8306355,上海,本科批,物理,,X9AAEFF,专业组01,广州中医药大学,EA3D,中医学（5+3一体化）,5+3一体化,,,,,511,16761,,,,,,511,16761,,,,,,,,,本科,,,,,
8306356,上海,本科批,物理,,X9AAEFF,专业组01,广州中医药大学,10A0,药学,,,,,,511,16761,,,,,,511,16761,,,,,,,,,本科,,,,,
8306357,上海,本科批,物理,,X9AAEFF,专业组01,广州中医药大学,FED6,中药学类（含:中药学、中药资源与开发专业）,含:中药学、中药资源与开发专业,,,,,513,16250,,,,,,513,16250,,,,,,,,,本科,,,,,
8306358,上海,本科批,物理,,X9AAEFF,专业组01,广州中医药大学,6246,针灸推拿学,,,,,,518,15023,,,,,,518,15023,,,,,,,,,本科,,,,,
8307015,上海,本科批,物理,,X22C440,专业组03,东北农业大学,9C61,"工商管理（中美121双学位项目。与美国北卡罗来纳大学彭布洛克分校合作,只招收具有出国留学意愿考生。国内学费5000元/年,国外学费、食宿费和医疗保险等预交款大约23000美元/年。入学后第3-6学期出国学习。填报条件及出国手续费用等详见学校招生章程）","中美121双学位项目。与美国北卡罗来纳大学彭布洛克分校合作,只招收具有出国留学意愿考生。国内学费5000元/年,国外学费、食宿费和医疗保险等预交款大约23000美元/年。入学后第3-6学期出国学习。填报条件及出国手续费用等详见学校招生章程",,,,,502,19008,,,,,,502,19008,,,,,,,,,本科,,,,,
8307016,上海,本科批,物理,,X22C440,专业组02,东北农业大学,B79A,金融学类（含:金融学、保险学、国际经济与贸易专业）,含:金融学、保险学、国际经济与贸易专业,,,,,510,17049,,,,,,510,17049,,,,,,,,,本科,,,,,
8307017,上海,本科批,物理,,X22C440,专业组01,东北农业大学,7304,食品科学与工程类（含:食品科学与工程、食品质量与安全、粮食工程、乳品工程、食品营养与健康专业）,含:食品科学与工程、食品质量与安全、粮食工程、乳品工程、食品营养与健康专业,,,,,512,16483,,,,,,512,16483,,,,,,,,,本科,,,,,
8307663,上海,本科批,物理,,X72B814,专业组02,山东大学（威海）,6EB9,工商管理类（含:工商管理（数字化运营管理方向）、工商管理（数字营销方向）、工商管理（数智人力方向）、工商管理（数字文旅方向）、工商管理（商务智能方向）、会计学（数智会计方向）、供应链管理专业）,含:工商管理（数字化运营管理方向; 数字营销方向; 数智人力方向; 数字文旅方向; 商务智能方向; 数智会计方向,,,,,553,7218,,,,,,553,7218,,,,,,,,,本科,,,,,
8307664,上海,本科批,物理,,X72B814,专业组02,山东大学（威海）,123A,经济学类（含:金融学（数智金融方向）、金融学（保险科技方向）、国际经济与贸易（数字贸易方向）专业）,含:金融学（数智金融方向; 保险科技方向; 数字贸易方向,,,,,557,6458,,,,,,557,6458,,,,,,,,,本科,,,,,
8307665,上海,本科批,物理,,X72B814,专业组01,山东大学（威海）,66B5,自动化类（含:自动化、机器人工程专业）,含:自动化、机器人工程专业,,,,,569,4317,,,,,,569,4317,,,,,,,,,本科,,,,,
8307666,上海,本科批,物理,,X72B814,专业组01,山东大学（威海）,BE35,电子信息类（含:电子科学与技术、通信工程专业）,含:电子科学与技术、通信工程专业,,,,,570,4158,,,,,,570,4158,,,,,,,,,本科,,,,,
8308174,上海,本科批,物理,,XF85C1D,专业组01,武汉轻工大学,E1BB,功能材料,,,,,,436,35127,,,,,,436,35127,,,,,,,,,本科,,,,,
8308175,上海,本科批,物理,,XF85C1D,专业组01,武汉轻工大学,847B,食品科学与工程类（含:食品科学与工程、食品质量与安全、粮食工程（营养与大健康方向）、食品营养与健康专业）,含:食品科学与工程、食品质量与安全、粮食工程（营养与大健康方向,,,,,436,35127,,,,,,436,35127,,,,,,,,,本科,,,,,
8308176,上海,本科批,物理,,XF85C1D,专业组01,武汉轻工大学,EED8,机械类（含:机械设计制造及其自动化、智能制造工程、材料成型及控制工程（新型材料设计与制造方向）专业）,含:机械设计制造及其自动化、智能制造工程、材料成型及控制工程（新型材料设计与制造方向,,,,,438,34709,,,,,,438,34709,,,,,,,,,本科,,,,,
8308177,上海,本科批,物理,,XF85C1D,专业组01,武汉轻工大学,8D94,生物技术（酶学及基因检测方向）,酶学及基因检测方向,,,,,438,34709,,,,,,438,34709,,,,,,,,,本科,,,,,
8308782,上海,本科批,物理,,X62C694,专业组01,北京外国语大学,E606,西班牙语（商务）,商务,,,,,553,7218,,,,,,553,7218,,,,,,,,,本科,,,,,
8308783,上海,本科批,物理,,X62C694,专业组01,北京外国语大学,310E,外国语言与外国历史,,,,,,553,7218,,,,,,553,7218,,,,,,,,,本科,,,,,
8308784,上海,本科批,物理,,X62C694,专业组01,北京外国语大学,D347,法语（国际关系）,国际关系,,,,,555,6832,,,,,,555,6832,,,,,,,,,本科,,,,,
8308785,上海,本科批,物理,,X62C694,专业组01,北京外国语大学,DEB9,翻译（外交外事高级翻译）,外交外事高级翻译,,,,,557,6458,,,,,,557,6458,,,,,,,,,本科,,,,,
8308786,上海,本科批,物理,,X62C694,专业组01,北京外国语大学,4145,英语,,,,,,559,6102,,,,,,559,6102,,,,,,,,,本科,,,,,
8308787,上海,本科批,物理,,X62C694,专业组01,北京外国语大学,A9F4,德语,,,,,,564,5180,,,,,,564,5180,,,,,,,,,本科,,,,,
8308788,上海,本科批,物理,,X62C694,专业组01,北京外国语大学,AD9B,英语（中国政法大学联合培养涉外法治人才）,中国政法大学联合培养涉外法治人才,,,,,569,4317,,,,,,569,4317,,,,,,,,,本科,,,,,
8309381,上海,本科批,物理,,X11AF37,专业组01,太原科技大学,93E3,电子信息工程,,,,,,438,34709,,,,,,438,34709,,,,,,,,,本科,,,,,
8309382,上海,本科批,物理,,X11AF37,专业组01,太原科技大学,A5B7,电气工程及其自动化,,,,,,439,34482,,,,,,439,34482,,,,,,,,,本科,,,,,
8309383,上海,本科批,物理,,X11AF37,专业组01,太原科技大学,78FF,机械设计制造及其自动化,,,,,,440,34239,,,,,,440,34239,,,,,,,,,本科,,,,,
8309384,上海,本科批,物理,,X11AF37,专业组01,太原科技大学,B9A5,计算机科学与技术,,,,,,442,33781,,,,,,442,33781,,,,,,,,,本科,,,,,
8310672,上海,本科批,物理,,XE4360E,专业组04,浙江财经大学,B484,市场营销（中外合作办学）,中外合作办学,,,,,482,24080,,,,,,482,24080,,,,,,,,,本科,,,,,
8310673,上海,本科批,物理,,XE4360E,专业组04,浙江财经大学,F519,金融学（中外合作办学）,中外合作办学,,,,,488,22514,,,,,,488,22514,,,,,,,,,本科,,,,,
8310674,上海,本科批,物理,,XE4360E,专业组02,浙江财经大学,6F56,工程管理,,,,,,490,22003,,,,,,490,22003,,,,,,,,,本科,,,,,
8310675,上海,本科批,物理,,XE4360E,专业组01,浙江财经大学,937F,计算机类（含:人工智能、软件工程、计算机科学与技术专业）,含:人工智能、软件工程、计算机科学与技术专业,,,,,490,22003,,,,,,490,22003,,,,,,,,,本科,,,,,
8310676,上海,本科批,物理,,XE4360E,专业组02,浙江财经大学,1C92,数字经济,,,,,,491,21744,,,,,,491,21744,,,,,,,,,本科,,,,,
8310677,上海,本科批,物理,,XE4360E,专业组03,浙江财经大学,4154,电子商务,,,,,,496,20446,,,,,,496,20446,,,,,,,,,本科,,,,,
8310678,上海,本科批,物理,,XE4360E,专业组03,浙江财经大学,0EF6,外国语言文学类（含:英语、商务英语、日语专业）,含:英语、商务英语、日语专业,,,,,497,20203,,,,,,497,20203,,,,,,,,,本科,,,,,
8310679,上海,本科批,物理,,XE4360E,专业组02,浙江财经大学,1B86,金融数学,,,,,,497,20203,,,,,,497,20203,,,,,,,,,本科,,,,,
8310680,上海,本科批,物理,,XE4360E,专业组03,浙江财经大学,FDB4,财政学类（含:财政学、税收学、国际税收专业）,含:财政学、税收学、国际税收专业,,,,,498,19960,,,,,,498,19960,,,,,,,,,本科,,,,,
8310681,上海,本科批,物理,,XE4360E,专业组04,浙江财经大学,4D62,会计学（中外合作办学）,中外合作办学,,,,,499,19729,,,,,,499,19729,,,,,,,,,本科,,,,,
8310682,上海,本科批,物理,,XE4360E,专业组03,浙江财经大学,960A,工商管理类（含:工商管理、人力资源管理、市场营销、供应链管理专业）,含:工商管理、人力资源管理、市场营销、供应链管理专业,,,,,499,19729,,,,,,499,19729,,,,,,,,,本科,,,,,
8310683,上海,本科批,物理,,XE4360E,专业组03,浙江财经大学,6AB9,经济学,,,,,,499,19729,,,,,,499,19729,,,,,,,,,本科,,,,,
8310684,上海,本科批,物理,,XE4360E,专业组03,浙江财经大学,CB22,城乡规划,,,,,,500,19486,,,,,,500,19486,,,,,,,,,本科,,,,,
8310685,上海,本科批,物理,,XE4360E,专业组03,浙江财经大学,BFD3,公共管理类（含:劳动与社会保障、土地资源管理、行政管理、城市管理专业）,含:劳动与社会保障、土地资源管理、行政管理、城市管理专业,,,,,502,19008,,,,,,502,19008,,,,,,,,,本科,,,,,
8310686,上海,本科批,物理,,XE4360E,专业组03,浙江财经大学,E6CB,社会工作,,,,,,505,18290,,,,,,505,18290,,,,,,,,,本科,,,,,
8310687,上海,本科批,物理,,XE4360E,专业组03,浙江财经大学,4692,金融学（智能金融强基班）,智能金融强基班,,,,,506,18067,,,,,,506,18067,,,,,,,,,本科,,,,,
8310688,上海,本科批,物理,,XE4360E,专业组03,浙江财经大学,4A01,国际经济与贸易（数字贸易方向）,数字贸易方向,,,,,507,17795,,,,,,507,17795,,,,,,,,,本科,,,,,
8310689,上海,本科批,物理,,XE4360E,专业组01,浙江财经大学,C0DA,应用统计学,,,,,,508,17567,,,,,,508,17567,,,,,,,,,本科,,,,,
8310690,上海,本科批,物理,,XE4360E,专业组03,浙江财经大学,FB18,财务管理,,,,,,509,17313,,,,,,509,17313,,,,,,,,,本科,,,,,
8310691,上海,本科批,物理,,XE4360E,专业组03,浙江财经大学,E9FC,法学（数智法学拔尖班）,数智法学拔尖班,,,,,510,17049,,,,,,510,17049,,,,,,,,,本科,,,,,
8311392,上海,本科批,物理,,XE9E552,专业组01,福建农林大学,CB22,城乡规划,,,,,,449,32134,,,,,,449,32134,,,,,,,,,本科,,,,,
8311393,上海,本科批,物理,,XE9E552,专业组01,福建农林大学,C8F7,公共管理类（含:行政管理、公共事业管理、劳动与社会保障专业。专业体检受限要求详见学校招生章程）,含:行政管理、公共事业管理、劳动与社会保障专业。专业体检受限要求详见学校招生章程,,,,,449,32134,,,,,,449,32134,,,,,,,,,本科,,,,,
8312071,上海,本科批,物理,,XD05052,专业组01,赣南医科大学,5465,假肢矫形工程,,,,,,417,39079,,,,,,417,39079,,,,,,,,,本科,,,,,
8312072,上海,本科批,物理,,XD05052,专业组02,赣南医科大学,9FD2,健康服务与管理,,,,,,435,35341,,,,,,435,35341,,,,,,,,,本科,,,,,
8312073,上海,本科批,物理,,XD05052,专业组02,赣南医科大学,4852,应用心理学,,,,,,437,34923,,,,,,437,34923,,,,,,,,,本科,,,,,
8312074,上海,本科批,物理,,XD05052,专业组02,赣南医科大学,927B,法学,,,,,,439,34482,,,,,,439,34482,,,,,,,,,本科,,,,,
8312075,上海,本科批,物理,,XD05052,专业组01,赣南医科大学,5D85,食品卫生与营养学,,,,,,444,33286,,,,,,444,33286,,,,,,,,,本科,,,,,
8312076,上海,本科批,物理,,XD05052,专业组01,赣南医科大学,F89C,生物技术,,,,,,445,33071,,,,,,445,33071,,,,,,,,,本科,,,,,
8312077,上海,本科批,物理,,XD05052,专业组01,赣南医科大学,82A3,生物医学工程（医学电子方向）,医学电子方向,,,,,447,32641,,,,,,447,32641,,,,,,,,,本科,,,,,
8312078,上海,本科批,物理,,XD05052,专业组01,赣南医科大学,2DDF,医学影像技术,,,,,,451,31665,,,,,,451,31665,,,,,,,,,本科,,,,,
8312079,上海,本科批,物理,,XD05052,专业组01,赣南医科大学,A5C6,麻醉学,,,,,,462,29014,,,,,,462,29014,,,,,,,,,本科,,,,,
8312080,上海,本科批,物理,,XD05052,专业组01,赣南医科大学,97D0,临床医学,,,,,,462,29014,,,,,,462,29014,,,,,,,,,本科,,,,,
8312081,上海,本科批,物理,,XD05052,专业组01,赣南医科大学,7BEF,法医学,,,,,,469,27273,,,,,,469,27273,,,,,,,,,本科,,,,,
8312542,上海,本科批,物理,,X7C09F1,专业组03,南京中医药大学,4852,应用心理学,,,,,,504,18539,,,,,,504,18539,,,,,,,,,本科,,,,,
8312543,上海,本科批,物理,,X7C09F1,专业组02,南京中医药大学,817D,康复治疗学,,,,,,513,16250,,,,,,513,16250,,,,,,,,,本科,,,,,
8312544,上海,本科批,物理,,X7C09F1,专业组02,南京中医药大学,FED6,中药学类（含:中药学、中药资源与开发专业）,含:中药学、中药资源与开发专业,,,,,519,14753,,,,,,519,14753,,,,,,,,,本科,,,,,
8312545,上海,本科批,物理,,X7C09F1,专业组01,南京中医药大学,03FE,中医学,,,,,,546,8561,,,,,,546,8561,,,,,,,,,本科,,,,,
8312546,上海,本科批,物理,,X7C09F1,专业组01,南京中医药大学,73EF,中医学（5+3一体化。拔尖创新人才培养模式改革）,5+3一体化。拔尖创新人才培养模式改革,,,,,553,7218,,,,,,553,7218,,,,,,,,,本科,,,,,
8313400,上海,本科批,物理,,X15F498,专业组01,汕头大学,88EE,泰语,,,,,,469,27273,,,,,,469,27273,,,,,,,,,本科,,,,,
8313401,上海,本科批,物理,,X15F498,专业组01,汕头大学,4145,英语,,,,,,469,27273,,,,,,469,27273,,,,,,,,,本科,,,,,
8313402,上海,本科批,物理,,X15F498,专业组01,汕头大学,D243,汉语言文学,,,,,,469,27273,,,,,,469,27273,,,,,,,,,本科,,,,,
8313403,上海,本科批,物理,,X15F498,专业组01,汕头大学,193C,行政管理（智慧城市特色班）,智慧城市特色班,,,,,470,26996,,,,,,470,26996,,,,,,,,,本科,,,,,
8313404,上海,本科批,物理,,X15F498,专业组01,汕头大学,3E2D,金融学（国际金融、数字金融）,国际金融、数字金融,,,,,473,26270,,,,,,473,26270,,,,,,,,,本科,,,,,
8313405,上海,本科批,物理,,X15F498,专业组01,汕头大学,5274,工商管理（大数据与商务智能）,大数据与商务智能,,,,,477,25299,,,,,,477,25299,,,,,,,,,本科,,,,,
8313406,上海,本科批,物理,,X15F498,专业组01,汕头大学,927B,法学,,,,,,486,23040,,,,,,486,23040,,,,,,,,,本科,,,,,
8313967,上海,本科批,物理,,X75E6E2,专业组04,天津中医药大学,62A8,工商管理类（含:市场营销、市场营销（国际营销班）专业）,含:市场营销、市场营销（国际营销班,,,,,473,26270,,,,,,473,26270,,,,,,,,,本科,,,,,
8313968,上海,本科批,物理,,X75E6E2,专业组04,天津中医药大学,4852,应用心理学,,,,,,478,25053,,,,,,478,25053,,,,,,,,,本科,,,,,
8313969,上海,本科批,物理,,X75E6E2,专业组01,天津中医药大学,C0DA,应用统计学,,,,,,492,21473,,,,,,492,21473,,,,,,,,,本科,,,,,
8313970,上海,本科批,物理,,X75E6E2,专业组03,天津中医药大学,765E,临床药学,,,,,,500,19486,,,,,,500,19486,,,,,,,,,本科,,,,,
8313971,上海,本科批,物理,,X75E6E2,专业组03,天津中医药大学,B25D,药学类（含:药学、药物制剂专业）,含:药学、药物制剂专业,,,,,501,19243,,,,,,501,19243,,,,,,,,,本科,,,,,
8313972,上海,本科批,物理,,X75E6E2,专业组01,天津中医药大学,A39E,预防医学,,,,,,502,19008,,,,,,502,19008,,,,,,,,,本科,,,,,
8313973,上海,本科批,物理,,X75E6E2,专业组03,天津中医药大学,FC83,中药学类（含:中药学、中药资源与开发、中药制药专业）,含:中药学、中药资源与开发、中药制药专业,,,,,506,18067,,,,,,506,18067,,,,,,,,,本科,,,,,
8313974,上海,本科批,物理,,X75E6E2,专业组05,天津中医药大学,64E2,"临床药学（中外合作办学）（学费国内为28000元/年,在英国就读期间约为2.7万英镑/年（由诺丁汉大学依据其当年的学费标准收取））","中外合作办学; 学费国内为28000元/年,在英国就读期间约为2.7万英镑/年（由诺丁汉大学依据其当年的学费标准收取",,,,,517,15249,,,,,,517,15249,,,,,,,,,本科,,,,,
8313975,上海,本科批,物理,,X75E6E2,专业组02,天津中医药大学,9025,中医学类（含:中医学、针灸推拿学、中医康复学、中医养生学、中医骨伤科学专业）,含:中医学、针灸推拿学、中医康复学、中医养生学、中医骨伤科学专业,,,,,521,14281,,,,,,521,14281,,,,,,,,,本科,,,,,
8313976,上海,本科批,物理,,X75E6E2,专业组02,天津中医药大学,EA3D,中医学（5+3一体化）,5+3一体化,,,,,529,12388,,,,,,529,12388,,,,,,,,,本科,,,,,
8315069,上海,本科批,物理,,X023860,专业组02,辽宁师范大学,B3DE,英语（中外合作办学）（英语单科成绩不低于90分）,中外合作办学; 英语单科成绩不低于90分,,,,,407,40915,,,,,,407,40915,,,,,,,,,本科,,,,,
8315070,上海,本科批,物理,,X023860,专业组03,辽宁师范大学,B8B1,"国际商务（中外合作办学）（全英文授课,非英语语种考生慎报）","中外合作办学; 全英文授课,非英语语种考生慎报",,,,,424,37692,,,,,,424,37692,,,,,,,,,本科,,,,,
8315071,上海,本科批,物理,,X023860,专业组01,辽宁师范大学,7E7B,计算机科学与技术（师范类）,师范类,,,,,439,34482,,,,,,439,34482,,,,,,,,,本科,,,,,
8315597,上海,本科批,物理,,X9CC6D5,专业组01,安徽医科大学,A4C2,临床医学（无色盲、色弱）,无色盲、色弱,,,,,544,8973,,,,,,544,8973,,,,,,,,,本科,,,,,
8315979,上海,本科批,物理,,X85B1D2,专业组02,东北石油大学,04A0,工商管理,,,,,,427,37063,,,,,,427,37063,,,,,,,,,本科,,,,,
8315980,上海,本科批,物理,,X85B1D2,专业组02,东北石油大学,AC90,行政管理,,,,,,428,36833,,,,,,428,36833,,,,,,,,,本科,,,,,
8315981,上海,本科批,物理,,X85B1D2,专业组02,东北石油大学,5E19,会计学,,,,,,428,36833,,,,,,428,36833,,,,,,,,,本科,,,,,
8315982,上海,本科批,物理,,X85B1D2,专业组02,东北石油大学,25DE,国际经济与贸易,,,,,,430,36436,,,,,,430,36436,,,,,,,,,本科,,,,,
8315983,上海,本科批,物理,,X85B1D2,专业组01,东北石油大学,5140,环境工程（国家工程教育专业认证通过专业）,国家工程教育专业认证通过专业,,,,,431,36222,,,,,,431,36222,,,,,,,,,本科,,,,,
8315984,上海,本科批,物理,,X85B1D2,专业组01,东北石油大学,AADF,能源与动力工程（国家级一流专业建设点）,国家级一流专业建设点,,,,,432,36033,,,,,,432,36033,,,,,,,,,本科,,,,,
8315985,上海,本科批,物理,,X85B1D2,专业组02,东北石油大学,4145,英语,,,,,,433,35806,,,,,,433,35806,,,,,,,,,本科,,,,,
8315986,上海,本科批,物理,,X85B1D2,专业组01,东北石油大学,D583,网络空间安全,,,,,,434,35570,,,,,,434,35570,,,,,,,,,本科,,,,,
8315987,上海,本科批,物理,,X85B1D2,专业组01,东北石油大学,B5AE,化学,,,,,,436,35127,,,,,,436,35127,,,,,,,,,本科,,,,,
8315988,上海,本科批,物理,,X85B1D2,专业组01,东北石油大学,D8DC,"化学工程与工艺（国家级一流专业建设点,国家级特色专业,国家工程教育专业认证通过专业,省级重点专业）","国家级一流专业建设点,国家级特色专业,国家工程教育专业认证通过专业,省级重点专业",,,,,445,33071,,,,,,445,33071,,,,,,,,,本科,,,,,
8316825,上海,本科批,物理,,X23E469,专业组02,中国石油大学（北京）,F7E3,工商管理类（含:会计学、财务管理、市场营销专业）,含:会计学、财务管理、市场营销专业,,,,,529,12388,,,,,,529,12388,,,,,,,,,本科,,,,,
8316826,上海,本科批,物理,,X23E469,专业组02,中国石油大学（北京）,00E4,经济学类（含:能源经济、金融学专业）,含:能源经济、金融学专业,,,,,535,10985,,,,,,535,10985,,,,,,,,,本科,,,,,
8316827,上海,本科批,物理,,X23E469,专业组01,中国石油大学（北京）,BA9F,环境科学与工程类（含:环境工程、环境科学专业）,含:环境工程、环境科学专业,,,,,537,10538,,,,,,537,10538,,,,,,,,,本科,,,,,
8316828,上海,本科批,物理,,X23E469,专业组01,中国石油大学（北京）,E7B1,化工与制药类（含:化学工程与工艺、能源化学工程专业）,含:化学工程与工艺、能源化学工程专业,,,,,540,9848,,,,,,540,9848,,,,,,,,,本科,,,,,
8316829,上海,本科批,物理,,X23E469,专业组01,中国石油大学（北京）,12CD,油气储运工程,,,,,,548,8178,,,,,,548,8178,,,,,,,,,本科,,,,,
8317631,上海,本科批,物理,,XF7B228,专业组02,新疆大学,6FDD,工商管理类（含:工商管理（省级一流本科专业）、市场营销专业）,含:工商管理（省级一流本科专业,,,,,482,24080,,,,,,482,24080,,,,,,,,,本科,,,,,
8317632,上海,本科批,物理,,XF7B228,专业组02,新疆大学,DDFE,国际经济与贸易（省级一流本科专业）,省级一流本科专业,,,,,483,23814,,,,,,483,23814,,,,,,,,,本科,,,,,
8317633,上海,本科批,物理,,XF7B228,专业组01,新疆大学,10FC,"机械工程（国家级一流本科专业,已通过全国工程教育专业认证）","国家级一流本科专业,已通过全国工程教育专业认证",,,,,491,21744,,,,,,491,21744,,,,,,,,,本科,,,,,
8317634,上海,本科批,物理,,XF7B228,专业组01,新疆大学,D196,数据科学与大数据技术（数学单科成绩不低于90分）,数学单科成绩不低于90分,,,,,492,21473,,,,,,492,21473,,,,,,,,,本科,,,,,
8317635,上海,本科批,物理,,XF7B228,专业组01,新疆大学,702E,软件工程（国家级一流本科专业。含:1个俄语言特色班。数学单科成绩不低于70分）,国家级一流本科专业。含:1个俄语言特色班。数学单科成绩不低于70分,,,,,492,21473,,,,,,492,21473,,,,,,,,,本科,,,,,
8317636,上海,本科批,物理,,XF7B228,专业组01,新疆大学,F27C,信息与计算科学（省级一流本科专业。数学单科成绩不低于90分）,省级一流本科专业。数学单科成绩不低于90分,,,,,496,20446,,,,,,496,20446,,,,,,,,,本科,,,,,
8317637,上海,本科批,物理,,XF7B228,专业组01,新疆大学,105D,"机械工程（与西安交通大学机械工程专业联合培养,实行淘汰制管理,授联合学士学位。国家级一流本科专业,已通过全国工程教育专业认证。数学单科成绩不低于80分）","与西安交通大学机械工程专业联合培养,实行淘汰制管理,授联合学士学位。国家级一流本科专业,已通过全国工程教育专业认证。数学单科成绩不低于80分",,,,,503,18767,,,,,,503,18767,,,,,,,,,本科,,,,,
8317638,上海,本科批,物理,,XF7B228,专业组01,新疆大学,85C8,数学与应用数学（理科基地班。国家级一流本科专业。数学单科成绩不低于90分。择优选拔进入理科基地班）,理科基地班。国家级一流本科专业。数学单科成绩不低于90分。择优选拔进入理科基地班,,,,,510,17049,,,,,,510,17049,,,,,,,,,本科,,,,,
8317639,上海,本科批,物理,,XF7B228,专业组01,新疆大学,F6C3,计算机科学与技术（国家级一流本科专业。择优选拔进入计算机卓越工程师班）,国家级一流本科专业。择优选拔进入计算机卓越工程师班,,,,,512,16483,,,,,,512,16483,,,,,,,,,本科,,,,,
8318436,上海,本科批,物理,,X65EFCD,专业组01,温州医科大学,F6A7,"临床医学（5+3一体化,儿科学方向）","5+3一体化,儿科学方向",,,,,532,11678,,,,,,532,11678,,,,,,,,,本科,,,,,
8318437,上海,本科批,物理,,X65EFCD,专业组01,温州医科大学,CD64,儿科学,,,,,,535,10985,,,,,,535,10985,,,,,,,,,本科,,,,,
8318438,上海,本科批,物理,,X65EFCD,专业组01,温州医科大学,EF91,临床医学（检验医师培养试验班）,检验医师培养试验班,,,,,536,10760,,,,,,536,10760,,,,,,,,,本科,,,,,
8318439,上海,本科批,物理,,X65EFCD,专业组01,温州医科大学,06C1,基础医学（周健创新班）,周健创新班,,,,,537,10538,,,,,,537,10538,,,,,,,,,本科,,,,,
8318440,上海,本科批,物理,,X65EFCD,专业组01,温州医科大学,3B42,精神医学,,,,,,538,10306,,,,,,538,10306,,,,,,,,,本科,,,,,
8318441,上海,本科批,物理,,X65EFCD,专业组01,温州医科大学,97D0,临床医学,,,,,,543,9186,,,,,,543,9186,,,,,,,,,本科,,,,,
8318442,上海,本科批,物理,,X65EFCD,专业组01,温州医科大学,9C74,眼视光医学,,,,,,544,8973,,,,,,544,8973,,,,,,,,,本科,,,,,
8318443,上海,本科批,物理,,X65EFCD,专业组01,温州医科大学,5DA6,口腔医学,,,,,,545,8758,,,,,,545,8758,,,,,,,,,本科,,,,,
8318444,上海,本科批,物理,,X65EFCD,专业组01,温州医科大学,128E,眼视光医学（5+3一体化）,5+3一体化,,,,,553,7218,,,,,,553,7218,,,,,,,,,本科,,,,,
8318445,上海,本科批,物理,,X65EFCD,专业组01,温州医科大学,1014,临床医学（新医科交大医学班）,新医科交大医学班,,,,,555,6832,,,,,,555,6832,,,,,,,,,本科,,,,,
8318446,上海,本科批,物理,,X65EFCD,专业组02,温州医科大学,00B4,临床医学（中外合作办学）（外语单科成绩不低于120分。英语教学）,中外合作办学; 外语单科成绩不低于120分。英语教学,,,,,556,6631,,,,,,556,6631,,,,,,,,,本科,,,,,
8318447,上海,本科批,物理,,X65EFCD,专业组01,温州医科大学,A4EA,临床医学（5+3一体化）,5+3一体化,,,,,561,5731,,,,,,561,5731,,,,,,,,,本科,,,,,
8319057,上海,本科批,物理,,XCF0BEC,专业组01,大连海洋大学,78FF,机械设计制造及其自动化,,,,,,436,35127,,,,,,436,35127,,,,,,,,,本科,,,,,
8319058,上海,本科批,物理,,XCF0BEC,专业组01,大连海洋大学,3557,能源与动力工程,,,,,,436,35127,,,,,,436,35127,,,,,,,,,本科,,,,,
8319059,上海,本科批,物理,,XCF0BEC,专业组01,大连海洋大学,0C52,船舶与海洋工程,,,,,,438,34709,,,,,,438,34709,,,,,,,,,本科,,,,,
8319060,上海,本科批,物理,,XCF0BEC,专业组03,大连海洋大学,D0F6,人力资源管理（不能准确识别红、黄、绿、蓝、紫各种颜色中任何一种颜色者不予录取）,不能准确识别红、黄、绿、蓝、紫各种颜色中任何一种颜色者不予录取,,,,,439,34482,,,,,,439,34482,,,,,,,,,本科,,,,,
8319061,上海,本科批,物理,,XCF0BEC,专业组02,大连海洋大学,E042,经济与金融,,,,,,441,33999,,,,,,441,33999,,,,,,,,,本科,,,,,
8319516,上海,本科批,物理,,X5393FF,专业组01,云南师范大学,AFF5,汉语言文学（师范类）,师范类,,,,,492,21473,,,,,,492,21473,,,,,,,,,本科,,,,,
8319517,上海,本科批,物理,,X5393FF,专业组02,云南师范大学,4569,数学与应用数学（师范类。数学单科成绩不低于100分）,师范类。数学单科成绩不低于100分,,,,,499,19729,,,,,,499,19729,,,,,,,,,本科,,,,,
8319986,上海,本科批,物理,,X550BC8,专业组02,湖南农业大学,DBDD,公共管理类（含:行政管理、公共事业管理、劳动与社会保障专业）,含:行政管理、公共事业管理、劳动与社会保障专业,,,,,443,33531,,,,,,443,33531,,,,,,,,,本科,,,,,
8319987,上海,本科批,物理,,X550BC8,专业组01,湖南农业大学,F89C,生物技术,,,,,,451,31665,,,,,,451,31665,,,,,,,,,本科,,,,,
8319988,上海,本科批,物理,,X550BC8,专业组02,湖南农业大学,927B,法学,,,,,,453,31179,,,,,,453,31179,,,,,,,,,本科,,,,,
8320880,上海,本科批,物理,,X6EE46E,专业组02,浙江传媒学院,1B89,电影制作,,,,,,475,25819,,,,,,475,25819,,,,,,,,,本科,,,,,
8320881,上海,本科批,物理,,X6EE46E,专业组01,浙江传媒学院,E9AB,电子科学与技术（演艺工程与舞台技术方向）,演艺工程与舞台技术方向,,,,,494,20956,,,,,,494,20956,,,,,,,,,本科,,,,,
8320882,上海,本科批,物理,,X6EE46E,专业组01,浙江传媒学院,4338,广播电视工程,,,,,,494,20956,,,,,,494,20956,,,,,,,,,本科,,,,,
8320883,上海,本科批,物理,,X6EE46E,专业组03,浙江传媒学院,1EAF,汉语言文学（网络文学与创意写作方向）,网络文学与创意写作方向,,,,,496,20446,,,,,,496,20446,,,,,,,,,本科,,,,,
8320884,上海,本科批,物理,,X6EE46E,专业组03,浙江传媒学院,2251,公共关系学,,,,,,496,20446,,,,,,496,20446,,,,,,,,,本科,,,,,
8320885,上海,本科批,物理,,X6EE46E,专业组01,浙江传媒学院,0EF2,虚拟现实技术,,,,,,496,20446,,,,,,496,20446,,,,,,,,,本科,,,,,
8320886,上海,本科批,物理,,X6EE46E,专业组05,浙江传媒学院,D622,传播学（中外合作办学）,中外合作办学,,,,,496,20446,,,,,,496,20446,,,,,,,,,本科,,,,,
8320887,上海,本科批,物理,,X6EE46E,专业组03,浙江传媒学院,7288,文化产业管理,,,,,,496,20446,,,,,,496,20446,,,,,,,,,本科,,,,,
8320888,上海,本科批,物理,,X6EE46E,专业组03,浙江传媒学院,A7E8,会展经济与管理,,,,,,501,19243,,,,,,501,19243,,,,,,,,,本科,,,,,
8320889,上海,本科批,物理,,X6EE46E,专业组03,浙江传媒学院,FBCC,英语（英语单科成绩不低于115分）,英语单科成绩不低于115分,,,,,503,18767,,,,,,503,18767,,,,,,,,,本科,,,,,
8320890,上海,本科批,物理,,X6EE46E,专业组03,浙江传媒学院,D243,汉语言文学,,,,,,503,18767,,,,,,503,18767,,,,,,,,,本科,,,,,
8320891,上海,本科批,物理,,X6EE46E,专业组01,浙江传媒学院,6995,网络工程,,,,,,503,18767,,,,,,503,18767,,,,,,,,,本科,,,,,
8320892,上海,本科批,物理,,X6EE46E,专业组01,浙江传媒学院,267B,软件工程（传媒大数据方向）,传媒大数据方向,,,,,504,18539,,,,,,504,18539,,,,,,,,,本科,,,,,
8320893,上海,本科批,物理,,X6EE46E,专业组03,浙江传媒学院,0E3B,编辑出版学,,,,,,505,18290,,,,,,505,18290,,,,,,,,,本科,,,,,
8320894,上海,本科批,物理,,X6EE46E,专业组03,浙江传媒学院,DB75,广播电视学,,,,,,505,18290,,,,,,505,18290,,,,,,,,,本科,,,,,
8320895,上海,本科批,物理,,X6EE46E,专业组04,浙江传媒学院,5A5A,戏剧影视文学,,,,,,505,18290,,,,,,505,18290,,,,,,,,,本科,,,,,
8320896,上海,本科批,物理,,X6EE46E,专业组03,浙江传媒学院,3739,广告学,,,,,,508,17567,,,,,,508,17567,,,,,,,,,本科,,,,,
8320897,上海,本科批,物理,,X6EE46E,专业组04,浙江传媒学院,2242,广播电视编导,,,,,,508,17567,,,,,,508,17567,,,,,,,,,本科,,,,,
8320898,上海,本科批,物理,,X6EE46E,专业组01,浙江传媒学院,F068,人工智能,,,,,,511,16761,,,,,,511,16761,,,,,,,,,本科,,,,,
8320899,上海,本科批,物理,,X6EE46E,专业组01,浙江传媒学院,41CF,数字媒体技术,,,,,,511,16761,,,,,,511,16761,,,,,,,,,本科,,,,,
8322189,上海,本科批,物理,,X0192F8,专业组01,福建理工大学,5E19,会计学,,,,,,446,32860,,,,,,446,32860,,,,,,,,,本科,,,,,
8322190,上海,本科批,物理,,X0192F8,专业组01,福建理工大学,927B,法学,,,,,,451,31665,,,,,,451,31665,,,,,,,,,本科,,,,,
8322191,上海,本科批,物理,,X0192F8,专业组01,福建理工大学,D243,汉语言文学,,,,,,451,31665,,,,,,451,31665,,,,,,,,,本科,,,,,
8322933,上海,本科批,物理,,X5070E1,专业组02,兰州理工大学,62BF,大数据管理与应用,,,,,,436,35127,,,,,,436,35127,,,,,,,,,本科,,,,,
8322934,上海,本科批,物理,,X5070E1,专业组03,兰州理工大学,5E19,会计学,,,,,,438,34709,,,,,,438,34709,,,,,,,,,本科,,,,,
8322935,上海,本科批,物理,,X5070E1,专业组01,兰州理工大学,FEF6,材料成型及控制工程,,,,,,438,34709,,,,,,438,34709,,,,,,,,,本科,,,,,
8322936,上海,本科批,物理,,X5070E1,专业组01,兰州理工大学,78FF,机械设计制造及其自动化,,,,,,439,34482,,,,,,439,34482,,,,,,,,,本科,,,,,
8322937,上海,本科批,物理,,X5070E1,专业组01,兰州理工大学,3557,能源与动力工程,,,,,,439,34482,,,,,,439,34482,,,,,,,,,本科,,,,,
8322938,上海,本科批,物理,,X5070E1,专业组01,兰州理工大学,A5B7,电气工程及其自动化,,,,,,447,32641,,,,,,447,32641,,,,,,,,,本科,,,,,
8324510,上海,本科批,物理,,XD9F381,专业组01,中国人民公安大学,927B,法学,,,,,,537,10538,,,,,,537,10538,,,,,,,,,本科,,,,,
8325720,上海,本科批,物理,,X84BF09,专业组01,天津城建大学,1231,城市地下空间工程,,,,,,433,35806,,,,,,433,35806,,,,,,,,,本科,,,,,
8325721,上海,本科批,物理,,X84BF09,专业组01,天津城建大学,A86C,遥感科学与技术,,,,,,434,35570,,,,,,434,35570,,,,,,,,,本科,,,,,
8325722,上海,本科批,物理,,X84BF09,专业组01,天津城建大学,4D44,给排水科学与工程,,,,,,434,35570,,,,,,434,35570,,,,,,,,,本科,,,,,
8325723,上海,本科批,物理,,X84BF09,专业组01,天津城建大学,18D0,建筑电气与智能化,,,,,,435,35341,,,,,,435,35341,,,,,,,,,本科,,,,,
8325724,上海,本科批,物理,,X84BF09,专业组02,天津城建大学,FB65,风景园林,,,,,,436,35127,,,,,,436,35127,,,,,,,,,本科,,,,,
8325725,上海,本科批,物理,,X84BF09,专业组01,天津城建大学,8684,智能制造工程,,,,,,437,34923,,,,,,437,34923,,,,,,,,,本科,,,,,
8325726,上海,本科批,物理,,X84BF09,专业组01,天津城建大学,557A,港口航道与海岸工程,,,,,,437,34923,,,,,,437,34923,,,,,,,,,本科,,,,,
8325727,上海,本科批,物理,,X84BF09,专业组02,天津城建大学,A5C9,建筑学,,,,,,437,34923,,,,,,437,34923,,,,,,,,,本科,,,,,
8325728,上海,本科批,物理,,X84BF09,专业组01,天津城建大学,4ECE,土木工程,,,,,,437,34923,,,,,,437,34923,,,,,,,,,本科,,,,,
8325729,上海,本科批,物理,,X84BF09,专业组02,天津城建大学,4869,投资学,,,,,,439,34482,,,,,,439,34482,,,,,,,,,本科,,,,,
8325730,上海,本科批,物理,,X84BF09,专业组01,天津城建大学,F068,人工智能,,,,,,445,33071,,,,,,445,33071,,,,,,,,,本科,,,,,
8327762,上海,本科批,物理,,X36EF4F,专业组01,江西科技师范大学,4EA7,新能源材料与器件,,,,,,405,41271,,,,,,405,41271,,,,,,,,,本科,,,,,
8327763,上海,本科批,物理,,X36EF4F,专业组02,江西科技师范大学,1C92,数字经济,,,,,,415,39454,,,,,,415,39454,,,,,,,,,本科,,,,,
8327764,上海,本科批,物理,,X36EF4F,专业组01,江西科技师范大学,B8DA,数学与应用数学（师范类）,师范类,,,,,417,39079,,,,,,417,39079,,,,,,,,,本科,,,,,
8327765,上海,本科批,物理,,X36EF4F,专业组01,江西科技师范大学,7D22,材料化学,,,,,,427,37063,,,,,,427,37063,,,,,,,,,本科,,,,,
8327766,上海,本科批,物理,,X36EF4F,专业组01,江西科技师范大学,40CE,制药工程,,,,,,428,36833,,,,,,428,36833,,,,,,,,,本科,,,,,
8327767,上海,本科批,物理,,X36EF4F,专业组03,江西科技师范大学,AFF5,汉语言文学（师范类）,师范类,,,,,469,27273,,,,,,469,27273,,,,,,,,,本科,,,,,
8327768,上海,本科批,物理,,X36EF4F,专业组03,江西科技师范大学,DBB2,历史学（师范类）,师范类,,,,,478,25053,,,,,,478,25053,,,,,,,,,本科,,,,,
8328468,上海,本科批,物理,,XDF08CA,专业组01,安徽农业大学,30B8,智慧农业,,,,,,425,37468,,,,,,425,37468,,,,,,,,,本科,,,,,
8328469,上海,本科批,物理,,XDF08CA,专业组01,安徽农业大学,1F5A,生物育种科学,,,,,,434,35570,,,,,,434,35570,,,,,,,,,本科,,,,,
8328470,上海,本科批,物理,,XDF08CA,专业组01,安徽农业大学,C5CB,园艺,,,,,,434,35570,,,,,,434,35570,,,,,,,,,本科,,,,,
8328471,上海,本科批,物理,,XDF08CA,专业组01,安徽农业大学,2638,植物保护,,,,,,437,34923,,,,,,437,34923,,,,,,,,,本科,,,,,
8328472,上海,本科批,物理,,XDF08CA,专业组01,安徽农业大学,67E2,林学,,,,,,445,33071,,,,,,445,33071,,,,,,,,,本科,,,,,
8328473,上海,本科批,物理,,XDF08CA,专业组01,安徽农业大学,C49D,环境科学与工程类（含:环境科学、环境工程专业）,含:环境科学、环境工程专业,,,,,447,32641,,,,,,447,32641,,,,,,,,,本科,,,,,
8328474,上海,本科批,物理,,XDF08CA,专业组01,安徽农业大学,5D85,食品卫生与营养学,,,,,,448,32390,,,,,,448,32390,,,,,,,,,本科,,,,,
8328475,上海,本科批,物理,,XDF08CA,专业组01,安徽农业大学,98E9,茶学,,,,,,453,31179,,,,,,453,31179,,,,,,,,,本科,,,,,
8328476,上海,本科批,物理,,XDF08CA,专业组01,安徽农业大学,5E04,生物科学类（含:生物科学、生物技术专业）,含:生物科学、生物技术专业,,,,,456,30473,,,,,,456,30473,,,,,,,,,本科,,,,,
8328477,上海,本科批,物理,,XDF08CA,专业组01,安徽农业大学,C325,农学,,,,,,460,29525,,,,,,460,29525,,,,,,,,,本科,,,,,
8328478,上海,本科批,物理,,XDF08CA,专业组01,安徽农业大学,99EA,动物科学,,,,,,463,28756,,,,,,463,28756,,,,,,,,,本科,,,,,
8328479,上海,本科批,物理,,XDF08CA,专业组02,安徽农业大学,6AB9,经济学,,,,,,470,26996,,,,,,470,26996,,,,,,,,,本科,,,,,
8329264,上海,本科批,物理,,X7BCD34,专业组01,湖南中医药大学,4C2A,中药学,,,,,,466,28028,,,,,,466,28028,,,,,,,,,本科,,,,,
8329265,上海,本科批,物理,,X7BCD34,专业组02,湖南中医药大学,4BF3,护理学,,,,,,468,27525,,,,,,468,27525,,,,,,,,,本科,,,,,
8329266,上海,本科批,物理,,X7BCD34,专业组01,湖南中医药大学,10A0,药学,,,,,,484,23553,,,,,,484,23553,,,,,,,,,本科,,,,,
8329267,上海,本科批,物理,,X7BCD34,专业组01,湖南中医药大学,817D,康复治疗学,,,,,,492,21473,,,,,,492,21473,,,,,,,,,本科,,,,,
8329268,上海,本科批,物理,,X7BCD34,专业组01,湖南中医药大学,5ED3,中西医临床医学,,,,,,493,21226,,,,,,493,21226,,,,,,,,,本科,,,,,
8329269,上海,本科批,物理,,X7BCD34,专业组01,湖南中医药大学,6246,针灸推拿学,,,,,,496,20446,,,,,,496,20446,,,,,,,,,本科,,,,,
8329270,上海,本科批,物理,,X7BCD34,专业组01,湖南中医药大学,97D0,临床医学,,,,,,498,19960,,,,,,498,19960,,,,,,,,,本科,,,,,
8329271,上海,本科批,物理,,X7BCD34,专业组01,湖南中医药大学,03FE,中医学,,,,,,509,17313,,,,,,509,17313,,,,,,,,,本科,,,,,
8329272,上海,本科批,物理,,X7BCD34,专业组01,湖南中医药大学,5DA6,口腔医学,,,,,,514,15979,,,,,,514,15979,,,,,,,,,本科,,,,,
8329273,上海,本科批,物理,,X7BCD34,专业组01,湖南中医药大学,3AA7,中医学（卓越1班、5+3一体化）,卓越1班、5+3一体化,,,,,524,13538,,,,,,524,13538,,,,,,,,,本科,,,,,
8329933,上海,本科批,物理,,X9E2FD0,专业组02,南京医科大学,4BF3,护理学,,,,,,517,15249,,,,,,517,15249,,,,,,,,,本科,,,,,
8329934,上海,本科批,物理,,X9E2FD0,专业组02,南京医科大学,817D,康复治疗学,,,,,,518,15023,,,,,,518,15023,,,,,,,,,本科,,,,,
8329935,上海,本科批,物理,,X9E2FD0,专业组02,南京医科大学,4F95,生物统计学,,,,,,521,14281,,,,,,521,14281,,,,,,,,,本科,,,,,
8329936,上海,本科批,物理,,X9E2FD0,专业组02,南京医科大学,4E9C,卫生检验与检疫,,,,,,521,14281,,,,,,521,14281,,,,,,,,,本科,,,,,
8329937,上海,本科批,物理,,X9E2FD0,专业组03,南京医科大学,2528,公共事业管理（卫生事业管理方向）,卫生事业管理方向,,,,,528,12627,,,,,,528,12627,,,,,,,,,本科,,,,,
8329938,上海,本科批,物理,,X9E2FD0,专业组02,南京医科大学,552A,智能医学工程,,,,,,529,12388,,,,,,529,12388,,,,,,,,,本科,,,,,
8329939,上海,本科批,物理,,X9E2FD0,专业组01,南京医科大学,765E,临床药学,,,,,,565,5019,,,,,,565,5019,,,,,,,,,本科,,,,,
8329940,上海,本科批,物理,,X9E2FD0,专业组01,南京医科大学,EE7C,临床医学（5+3一体化。儿科学方向）,5+3一体化。儿科学方向,,,,,566,4841,,,,,,566,4841,,,,,,,,,本科,,,,,
8329941,上海,本科批,物理,,X9E2FD0,专业组01,南京医科大学,A39E,预防医学,,,,,,566,4841,,,,,,566,4841,,,,,,,,,本科,,,,,
8329942,上海,本科批,物理,,X9E2FD0,专业组01,南京医科大学,5DA6,口腔医学,,,,,,567,4662,,,,,,567,4662,,,,,,,,,本科,,,,,
8329943,上海,本科批,物理,,X9E2FD0,专业组01,南京医科大学,97D0,临床医学,,,,,,569,4317,,,,,,569,4317,,,,,,,,,本科,,,,,
8330357,上海,本科批,物理,,X5EF1D0,专业组01,山东第二医科大学,A5C6,麻醉学,,,,,,511,16761,,,,,,511,16761,,,,,,,,,本科,,,,,
8330358,上海,本科批,物理,,X5EF1D0,专业组01,山东第二医科大学,97D0,临床医学,,,,,,514,15979,,,,,,514,15979,,,,,,,,,本科,,,,,
8330942,上海,本科批,物理,,X43CB67,专业组01,哈尔滨商业大学,76B9,统计学,,,,,,423,37882,,,,,,423,37882,,,,,,,,,本科,,,,,
8330943,上海,本科批,物理,,X43CB67,专业组01,哈尔滨商业大学,4718,数据科学与大数据技术,,,,,,427,37063,,,,,,427,37063,,,,,,,,,本科,,,,,
8330944,上海,本科批,物理,,X43CB67,专业组02,哈尔滨商业大学,04A0,工商管理,,,,,,427,37063,,,,,,427,37063,,,,,,,,,本科,,,,,
8330945,上海,本科批,物理,,X43CB67,专业组01,哈尔滨商业大学,B9A5,计算机科学与技术,,,,,,428,36833,,,,,,428,36833,,,,,,,,,本科,,,,,
8330946,上海,本科批,物理,,X43CB67,专业组02,哈尔滨商业大学,25DE,国际经济与贸易,,,,,,428,36833,,,,,,428,36833,,,,,,,,,本科,,,,,
8330947,上海,本科批,物理,,X43CB67,专业组02,哈尔滨商业大学,21BA,财政学,,,,,,429,36629,,,,,,429,36629,,,,,,,,,本科,,,,,
8330948,上海,本科批,物理,,X43CB67,专业组01,哈尔滨商业大学,40CE,制药工程,,,,,,429,36629,,,,,,429,36629,,,,,,,,,本科,,,,,
8330949,上海,本科批,物理,,X43CB67,专业组01,哈尔滨商业大学,5E49,食品科学与工程,,,,,,429,36629,,,,,,429,36629,,,,,,,,,本科,,,,,
8330950,上海,本科批,物理,,X43CB67,专业组02,哈尔滨商业大学,4869,投资学,,,,,,430,36436,,,,,,430,36436,,,,,,,,,本科,,,,,
8330951,上海,本科批,物理,,X43CB67,专业组02,哈尔滨商业大学,1D5E,税收学,,,,,,431,36222,,,,,,431,36222,,,,,,,,,本科,,,,,
8330952,上海,本科批,物理,,X43CB67,专业组02,哈尔滨商业大学,0FBC,金融学,,,,,,436,35127,,,,,,436,35127,,,,,,,,,本科,,,,,
8330953,上海,本科批,物理,,X43CB67,专业组02,哈尔滨商业大学,5E19,会计学,,,,,,437,34923,,,,,,437,34923,,,,,,,,,本科,,,,,
8331763,上海,本科批,物理,,XD18C53,专业组02,河北地质大学,7E23,环境工程,,,,,,425,37468,,,,,,425,37468,,,,,,,,,本科,,,,,
8331764,上海,本科批,物理,,XD18C53,专业组02,河北地质大学,F133,土木类（含:土木工程、城市地下空间工程专业）,含:土木工程、城市地下空间工程专业,,,,,426,37259,,,,,,426,37259,,,,,,,,,本科,,,,,
8331765,上海,本科批,物理,,XD18C53,专业组02,河北地质大学,1E3F,计算机科学与技术（校企深度合作办学）,校企深度合作办学,,,,,428,36833,,,,,,428,36833,,,,,,,,,本科,,,,,
8331766,上海,本科批,物理,,XD18C53,专业组01,河北地质大学,23EE,工商管理类（财会方向。含:会计学、财务管理、审计学专业）,财会方向。含:会计学、财务管理、审计学专业,,,,,428,36833,,,,,,428,36833,,,,,,,,,本科,,,,,
8331767,上海,本科批,物理,,XD18C53,专业组01,河北地质大学,3739,广告学,,,,,,430,36436,,,,,,430,36436,,,,,,,,,本科,,,,,
8331768,上海,本科批,物理,,XD18C53,专业组01,河北地质大学,E1BC,公共管理类（含:行政管理、劳动与社会保障专业）,含:行政管理、劳动与社会保障专业,,,,,432,36033,,,,,,432,36033,,,,,,,,,本科,,,,,
8331769,上海,本科批,物理,,XD18C53,专业组01,河北地质大学,8607,法语,,,,,,433,35806,,,,,,433,35806,,,,,,,,,本科,,,,,
8332496,上海,本科批,物理,,X5B5787,专业组02,中国地质大学（北京）,8B36,翻译,,,,,,524,13538,,,,,,524,13538,,,,,,,,,本科,,,,,
8332497,上海,本科批,物理,,X5B5787,专业组02,中国地质大学（北京）,63BE,工商管理类（含:工商管理、会计学专业。单色识别不全者不取）,含:工商管理、会计学专业。单色识别不全者不取,,,,,525,13276,,,,,,525,13276,,,,,,,,,本科,,,,,
8332498,上海,本科批,物理,,X5B5787,专业组01,中国地质大学（北京）,F453,海洋工程与技术,,,,,,531,11919,,,,,,531,11919,,,,,,,,,本科,,,,,
8332499,上海,本科批,物理,,X5B5787,专业组02,中国地质大学（北京）,910C,土地资源管理（单色识别不全者不取）,单色识别不全者不取,,,,,535,10985,,,,,,535,10985,,,,,,,,,本科,,,,,
8332500,上海,本科批,物理,,X5B5787,专业组01,中国地质大学（北京）,6183,宝石及材料工艺学,,,,,,536,10760,,,,,,536,10760,,,,,,,,,本科,,,,,
8333364,上海,本科批,物理,,X1AA737,专业组01,大连民族大学,04A0,工商管理,,,,,,425,37468,,,,,,425,37468,,,,,,,,,本科,,,,,
8333365,上海,本科批,物理,,X1AA737,专业组01,大连民族大学,09EE,市场营销,,,,,,425,37468,,,,,,425,37468,,,,,,,,,本科,,,,,
8334140,上海,本科批,物理,,X66567A,专业组03,温州大学,8B36,翻译,,,,,,470,26996,,,,,,470,26996,,,,,,,,,本科,,,,,
8334141,上海,本科批,物理,,X66567A,专业组03,温州大学,671C,日语,,,,,,471,26748,,,,,,471,26748,,,,,,,,,本科,,,,,
8334142,上海,本科批,物理,,X66567A,专业组03,温州大学,3739,广告学,,,,,,472,26492,,,,,,472,26492,,,,,,,,,本科,,,,,
8334143,上海,本科批,物理,,X66567A,专业组03,温州大学,A5C9,建筑学,,,,,,474,26034,,,,,,474,26034,,,,,,,,,本科,,,,,
8334144,上海,本科批,物理,,X66567A,专业组03,温州大学,DFD2,学前教育（师范类）,师范类,,,,,474,26034,,,,,,474,26034,,,,,,,,,本科,,,,,
8334145,上海,本科批,物理,,X66567A,专业组03,温州大学,04A0,工商管理,,,,,,475,25819,,,,,,475,25819,,,,,,,,,本科,,,,,
8334146,上海,本科批,物理,,X66567A,专业组03,温州大学,FB18,财务管理,,,,,,477,25299,,,,,,477,25299,,,,,,,,,本科,,,,,
8334147,上海,本科批,物理,,X66567A,专业组01,温州大学,16DF,金融工程,,,,,,477,25299,,,,,,477,25299,,,,,,,,,本科,,,,,
8334148,上海,本科批,物理,,X66567A,专业组03,温州大学,25DE,国际经济与贸易,,,,,,479,24795,,,,,,479,24795,,,,,,,,,本科,,,,,
8334149,上海,本科批,物理,,X66567A,专业组03,温州大学,927B,法学,,,,,,480,24562,,,,,,480,24562,,,,,,,,,本科,,,,,
8334150,上海,本科批,物理,,X66567A,专业组03,温州大学,AFF5,汉语言文学（师范类）,师范类,,,,,481,24337,,,,,,481,24337,,,,,,,,,本科,,,,,
8334151,上海,本科批,物理,,X66567A,专业组02,温州大学,C17B,思想政治教育（师范类）,师范类,,,,,500,19486,,,,,,500,19486,,,,,,,,,本科,,,,,
8334809,上海,本科批,物理,,X7B3A3E,专业组03,东北大学秦皇岛分校,16FE,外国语言文学类（外语语种为英语、日语。含:英语、日语专业）,外语语种为英语、日语。含:英语、日语专业,,,,,527,12860,,,,,,527,12860,,,,,,,,,本科,,,,,
8334810,上海,本科批,物理,,X7B3A3E,专业组03,东北大学秦皇岛分校,A9C0,经济学类（含:经济学、金融学、国际经济与贸易专业）,含:经济学、金融学、国际经济与贸易专业,,,,,530,12143,,,,,,530,12143,,,,,,,,,本科,,,,,
8334811,上海,本科批,物理,,X7B3A3E,专业组03,东北大学秦皇岛分校,5CEC,工商管理类（含:工商管理、会计学、健康服务与管理专业）,含:工商管理、会计学、健康服务与管理专业,,,,,533,11462,,,,,,533,11462,,,,,,,,,本科,,,,,
8334812,上海,本科批,物理,,X7B3A3E,专业组02,东北大学秦皇岛分校,D681,信息管理与信息系统,,,,,,544,8973,,,,,,544,8973,,,,,,,,,本科,,,,,
8334813,上海,本科批,物理,,X7B3A3E,专业组01,东北大学秦皇岛分校,606C,材料类（含:材料成型及控制工程、材料科学与工程、冶金工程、资源勘查工程、环境工程专业）,含:材料成型及控制工程、材料科学与工程、冶金工程、资源勘查工程、环境工程专业,,,,,550,7798,,,,,,550,7798,,,,,,,,,本科,,,,,
8334814,上海,本科批,物理,,X7B3A3E,专业组01,东北大学秦皇岛分校,1480,仪器类（智能光电感知方向。含:测控技术与仪器、光电信息科学与工程专业）,智能光电感知方向。含:测控技术与仪器、光电信息科学与工程专业,,,,,550,7798,,,,,,550,7798,,,,,,,,,本科,,,,,
8334815,上海,本科批,物理,,X7B3A3E,专业组04,东北大学秦皇岛分校,750B,"数学与应用数学（中外合作办学）（与新西兰奥克兰大学合作办学,3+1中新双学位培养模式）","中外合作办学; 与新西兰奥克兰大学合作办学,3+1中新双学位培养模式",,,,,551,7592,,,,,,551,7592,,,,,,,,,本科,,,,,
8334816,上海,本科批,物理,,X7B3A3E,专业组01,东北大学秦皇岛分校,93E3,电子信息工程,,,,,,551,7592,,,,,,551,7592,,,,,,,,,本科,,,,,
8334817,上海,本科批,物理,,X7B3A3E,专业组01,东北大学秦皇岛分校,3EEE,数学类（含:数学与应用数学、应用统计学、数据科学与大数据技术专业）,含:数学与应用数学、应用统计学、数据科学与大数据技术专业,,,,,552,7412,,,,,,552,7412,,,,,,,,,本科,,,,,
8334818,上海,本科批,物理,,X7B3A3E,专业组01,东北大学秦皇岛分校,B9A5,计算机科学与技术,,,,,,552,7412,,,,,,552,7412,,,,,,,,,本科,,,,,
8334819,上海,本科批,物理,,X7B3A3E,专业组01,东北大学秦皇岛分校,ECA4,通信工程,,,,,,553,7218,,,,,,553,7218,,,,,,,,,本科,,,,,
8334820,上海,本科批,物理,,X7B3A3E,专业组01,东北大学秦皇岛分校,AEBF,机械类（含:机械工程、车辆工程专业）,含:机械工程、车辆工程专业,,,,,554,7021,,,,,,554,7021,,,,,,,,,本科,,,,,
8334821,上海,本科批,物理,,X7B3A3E,专业组01,东北大学秦皇岛分校,7F54,自动化类（含:电气工程及其自动化、自动化专业）,含:电气工程及其自动化、自动化专业,,,,,559,6102,,,,,,559,6102,,,,,,,,,本科,,,,,
8334822,上海,本科批,物理,,X7B3A3E,专业组04,东北大学秦皇岛分校,B35C,计算机科学与技术（中外合作办学）（与澳大利亚悉尼科技大学合作办学）,中外合作办学; 与澳大利亚悉尼科技大学合作办学,,,,,562,5544,,,,,,562,5544,,,,,,,,,本科,,,,,
8334823,上海,本科批,物理,,X7B3A3E,专业组04,东北大学秦皇岛分校,3D16,通信工程（中外合作办学）（与澳大利亚悉尼科技大学合作办学）,中外合作办学; 与澳大利亚悉尼科技大学合作办学,,,,,562,5544,,,,,,562,5544,,,,,,,,,本科,,,,,
8335569,上海,本科批,物理,,X3138AA,专业组01,吉林财经大学,76B9,统计学,,,,,,431,36222,,,,,,431,36222,,,,,,,,,本科,,,,,
8335570,上海,本科批,物理,,X3138AA,专业组01,吉林财经大学,B9A5,计算机科学与技术,,,,,,433,35806,,,,,,433,35806,,,,,,,,,本科,,,,,
8335571,上海,本科批,物理,,X3138AA,专业组03,吉林财经大学,5F0C,跨境电子商务,,,,,,444,33286,,,,,,444,33286,,,,,,,,,本科,,,,,
8335572,上海,本科批,物理,,X3138AA,专业组02,吉林财经大学,1B86,金融数学,,,,,,445,33071,,,,,,445,33071,,,,,,,,,本科,,,,,
8335573,上海,本科批,物理,,X3138AA,专业组03,吉林财经大学,BE92,国际税收,,,,,,446,32860,,,,,,446,32860,,,,,,,,,本科,,,,,
8335574,上海,本科批,物理,,X3138AA,专业组03,吉林财经大学,21BA,财政学,,,,,,447,32641,,,,,,447,32641,,,,,,,,,本科,,,,,
8335575,上海,本科批,物理,,X3138AA,专业组03,吉林财经大学,0FBC,金融学,,,,,,447,32641,,,,,,447,32641,,,,,,,,,本科,,,,,
8335576,上海,本科批,物理,,X3138AA,专业组03,吉林财经大学,6AB9,经济学,,,,,,451,31665,,,,,,451,31665,,,,,,,,,本科,,,,,
8335577,上海,本科批,物理,,X3138AA,专业组03,吉林财经大学,927B,法学,,,,,,453,31179,,,,,,453,31179,,,,,,,,,本科,,,,,
8335578,上海,本科批,物理,,X3138AA,专业组03,吉林财经大学,5E19,会计学,,,,,,467,27778,,,,,,467,27778,,,,,,,,,本科,,,,,
8336170,上海,本科批,物理,,XBD58AE,专业组02,安徽工程大学,FBFE,物流管理,,,,,,439,34482,,,,,,439,34482,,,,,,,,,本科,,,,,
8336171,上海,本科批,物理,,XBD58AE,专业组01,安徽工程大学,FEF6,材料成型及控制工程,,,,,,439,34482,,,,,,439,34482,,,,,,,,,本科,,,,,
8336172,上海,本科批,物理,,XBD58AE,专业组02,安徽工程大学,04A0,工商管理,,,,,,443,33531,,,,,,443,33531,,,,,,,,,本科,,,,,
8336598,上海,本科批,物理,,X327F6A,专业组01,安徽建筑大学,52FD,应用化学,,,,,,414,39641,,,,,,414,39641,,,,,,,,,本科,,,,,
8336599,上海,本科批,物理,,X327F6A,专业组01,安徽建筑大学,5B8B,高分子材料与工程,,,,,,422,38053,,,,,,422,38053,,,,,,,,,本科,,,,,
8336600,上海,本科批,物理,,X327F6A,专业组03,安徽建筑大学,41FB,房地产开发与管理,,,,,,434,35570,,,,,,434,35570,,,,,,,,,本科,,,,,
8336601,上海,本科批,物理,,X327F6A,专业组03,安徽建筑大学,371D,工程造价,,,,,,436,35127,,,,,,436,35127,,,,,,,,,本科,,,,,
8336602,上海,本科批,物理,,X327F6A,专业组03,安徽建筑大学,FB65,风景园林,,,,,,436,35127,,,,,,436,35127,,,,,,,,,本科,,,,,
8336603,上海,本科批,物理,,X327F6A,专业组03,安徽建筑大学,A5C9,建筑学,,,,,,439,34482,,,,,,439,34482,,,,,,,,,本科,,,,,
8336604,上海,本科批,物理,,X327F6A,专业组03,安徽建筑大学,16DF,金融工程,,,,,,442,33781,,,,,,442,33781,,,,,,,,,本科,,,,,
8336605,上海,本科批,物理,,X327F6A,专业组04,安徽建筑大学,8412,城市管理,,,,,,442,33781,,,,,,442,33781,,,,,,,,,本科,,,,,
8336606,上海,本科批,物理,,X327F6A,专业组04,安徽建筑大学,CCE9,土地资源管理,,,,,,442,33781,,,,,,442,33781,,,,,,,,,本科,,,,,
8336607,上海,本科批,物理,,X327F6A,专业组04,安徽建筑大学,6AB9,经济学,,,,,,443,33531,,,,,,443,33531,,,,,,,,,本科,,,,,
8336608,上海,本科批,物理,,X327F6A,专业组04,安徽建筑大学,FB18,财务管理,,,,,,443,33531,,,,,,443,33531,,,,,,,,,本科,,,,,
8336609,上海,本科批,物理,,X327F6A,专业组04,安徽建筑大学,C19A,人力资源管理,,,,,,443,33531,,,,,,443,33531,,,,,,,,,本科,,,,,
8336610,上海,本科批,物理,,X327F6A,专业组04,安徽建筑大学,927B,法学,,,,,,444,33286,,,,,,444,33286,,,,,,,,,本科,,,,,
8336611,上海,本科批,物理,,X327F6A,专业组04,安徽建筑大学,5E19,会计学,,,,,,445,33071,,,,,,445,33071,,,,,,,,,本科,,,,,
8336612,上海,本科批,物理,,X327F6A,专业组04,安徽建筑大学,2234,劳动与社会保障,,,,,,449,32134,,,,,,449,32134,,,,,,,,,本科,,,,,
8336613,上海,本科批,物理,,X327F6A,专业组02,安徽建筑大学,FA23,地理信息科学,,,,,,456,30473,,,,,,456,30473,,,,,,,,,本科,,,,,
8337318,上海,本科批,物理,,XF3C7F8,专业组03,大连医科大学,E883,中西医临床医学（岐黄班）,岐黄班,,,,,520,14532,,,,,,520,14532,,,,,,,,,本科,,,,,
8337319,上海,本科批,物理,,XF3C7F8,专业组02,大连医科大学,97D0,临床医学,,,,,,541,9624,,,,,,541,9624,,,,,,,,,本科,,,,,
8337320,上海,本科批,物理,,XF3C7F8,专业组01,大连医科大学,4F9C,"临床医学（5+3一体化。学费前五年为5500元/年,后三年为12000元/年）","5+3一体化。学费前五年为5500元/年,后三年为12000元/年",,,,,548,8178,,,,,,548,8178,,,,,,,,,本科,,,,,
8338617,上海,本科批,物理,,X57CB45,专业组01,江西农业大学,4154,电子商务,,,,,,428,36833,,,,,,428,36833,,,,,,,,,本科,,,,,
8338618,上海,本科批,物理,,X57CB45,专业组01,江西农业大学,D335,种子科学与工程,,,,,,429,36629,,,,,,429,36629,,,,,,,,,本科,,,,,
8338619,上海,本科批,物理,,X57CB45,专业组01,江西农业大学,7A1F,水产养殖学,,,,,,430,36436,,,,,,430,36436,,,,,,,,,本科,,,,,
8338620,上海,本科批,物理,,X57CB45,专业组01,江西农业大学,52FD,应用化学,,,,,,430,36436,,,,,,430,36436,,,,,,,,,本科,,,,,
8338621,上海,本科批,物理,,X57CB45,专业组01,江西农业大学,53B9,食品质量与安全,,,,,,431,36222,,,,,,431,36222,,,,,,,,,本科,,,,,
8338622,上海,本科批,物理,,X57CB45,专业组01,江西农业大学,7D22,材料化学,,,,,,432,36033,,,,,,432,36033,,,,,,,,,本科,,,,,
8338623,上海,本科批,物理,,X57CB45,专业组01,江西农业大学,2638,植物保护,,,,,,432,36033,,,,,,432,36033,,,,,,,,,本科,,,,,
8338624,上海,本科批,物理,,X57CB45,专业组01,江西农业大学,7212,动植物检疫,,,,,,434,35570,,,,,,434,35570,,,,,,,,,本科,,,,,
8338625,上海,本科批,物理,,X57CB45,专业组01,江西农业大学,D3E3,动物药学,,,,,,435,35341,,,,,,435,35341,,,,,,,,,本科,,,,,
8338626,上海,本科批,物理,,X57CB45,专业组01,江西农业大学,F89C,生物技术,,,,,,435,35341,,,,,,435,35341,,,,,,,,,本科,,,,,
8338627,上海,本科批,物理,,X57CB45,专业组03,江西农业大学,CCE9,土地资源管理,,,,,,440,34239,,,,,,440,34239,,,,,,,,,本科,,,,,
8338628,上海,本科批,物理,,X57CB45,专业组03,江西农业大学,FB65,风景园林,,,,,,443,33531,,,,,,443,33531,,,,,,,,,本科,,,,,
8338629,上海,本科批,物理,,X57CB45,专业组02,江西农业大学,6E5A,园林,,,,,,448,32390,,,,,,448,32390,,,,,,,,,本科,,,,,
8339318,上海,本科批,物理,,X9389DD,专业组01,南宁师范大学,1B86,金融数学,,,,,,417,39079,,,,,,417,39079,,,,,,,,,本科,,,,,
8339848,上海,本科批,物理,,X6FC3F0,专业组01,湖北中医药大学,29F4,物联网工程,,,,,,435,35341,,,,,,435,35341,,,,,,,,,本科,,,,,
8339849,上海,本科批,物理,,X6FC3F0,专业组01,湖北中医药大学,5FB0,中药资源与开发,,,,,,436,35127,,,,,,436,35127,,,,,,,,,本科,,,,,
8339850,上海,本科批,物理,,X6FC3F0,专业组01,湖北中医药大学,4E9C,卫生检验与检疫,,,,,,438,34709,,,,,,438,34709,,,,,,,,,本科,,,,,
8339851,上海,本科批,物理,,X6FC3F0,专业组03,湖北中医药大学,09EE,市场营销,,,,,,439,34482,,,,,,439,34482,,,,,,,,,本科,,,,,
8339852,上海,本科批,物理,,X6FC3F0,专业组03,湖北中医药大学,1049,商务英语,,,,,,441,33999,,,,,,441,33999,,,,,,,,,本科,,,,,
8339853,上海,本科批,物理,,X6FC3F0,专业组01,湖北中医药大学,10A0,药学,,,,,,443,33531,,,,,,443,33531,,,,,,,,,本科,,,,,
8339854,上海,本科批,物理,,X6FC3F0,专业组03,湖北中医药大学,4145,英语,,,,,,443,33531,,,,,,443,33531,,,,,,,,,本科,,,,,
8339855,上海,本科批,物理,,X6FC3F0,专业组01,湖北中医药大学,5ED3,中西医临床医学,,,,,,448,32390,,,,,,448,32390,,,,,,,,,本科,,,,,
8339856,上海,本科批,物理,,X6FC3F0,专业组03,湖北中医药大学,3E25,国际商务,,,,,,449,32134,,,,,,449,32134,,,,,,,,,本科,,,,,
8339857,上海,本科批,物理,,X6FC3F0,专业组01,湖北中医药大学,03FE,中医学,,,,,,453,31179,,,,,,453,31179,,,,,,,,,本科,,,,,
8339858,上海,本科批,物理,,X6FC3F0,专业组02,湖北中医药大学,4BF3,护理学,,,,,,468,27525,,,,,,468,27525,,,,,,,,,本科,,,,,
8340549,上海,本科批,物理,,XA0FD73,专业组01,北京工商大学,2B6C,财政学（数字财税方向）,数字财税方向,,,,,494,20956,,,,,,494,20956,,,,,,,,,本科,,,,,
8340550,上海,本科批,物理,,XA0FD73,专业组02,北京工商大学,BE64,会计学（注册会计师方向）,注册会计师方向,,,,,509,17313,,,,,,509,17313,,,,,,,,,本科,,,,,
8340979,上海,本科批,物理,,XD382BD,专业组02,辽宁工程技术大学,0FBC,金融学,,,,,,427,37063,,,,,,427,37063,,,,,,,,,本科,,,,,
8340980,上海,本科批,物理,,XD382BD,专业组02,辽宁工程技术大学,2234,劳动与社会保障,,,,,,428,36833,,,,,,428,36833,,,,,,,,,本科,,,,,
8340981,上海,本科批,物理,,XD382BD,专业组01,辽宁工程技术大学,26A7,车辆工程,,,,,,431,36222,,,,,,431,36222,,,,,,,,,本科,,,,,
8340982,上海,本科批,物理,,XD382BD,专业组01,辽宁工程技术大学,7E23,环境工程,,,,,,431,36222,,,,,,431,36222,,,,,,,,,本科,,,,,
8340983,上海,本科批,物理,,XD382BD,专业组01,辽宁工程技术大学,93E3,电子信息工程,,,,,,433,35806,,,,,,433,35806,,,,,,,,,本科,,,,,
8340984,上海,本科批,物理,,XD382BD,专业组02,辽宁工程技术大学,927B,法学,,,,,,436,35127,,,,,,436,35127,,,,,,,,,本科,,,,,
8341667,上海,本科批,物理,,X27CD53,专业组01,辽宁科技大学,D6ED,化学工程与工艺,,,,,,428,36833,,,,,,428,36833,,,,,,,,,本科,,,,,
8341668,上海,本科批,物理,,X27CD53,专业组01,辽宁科技大学,3557,能源与动力工程,,,,,,430,36436,,,,,,430,36436,,,,,,,,,本科,,,,,
8341669,上海,本科批,物理,,X27CD53,专业组01,辽宁科技大学,29F4,物联网工程,,,,,,431,36222,,,,,,431,36222,,,,,,,,,本科,,,,,
8341670,上海,本科批,物理,,X27CD53,专业组01,辽宁科技大学,A8BB,数据计算及应用,,,,,,431,36222,,,,,,431,36222,,,,,,,,,本科,,,,,
8341671,上海,本科批,物理,,X27CD53,专业组01,辽宁科技大学,44E0,软件工程（学费后两年为12700元/年）,学费后两年为12700元/年,,,,,433,35806,,,,,,433,35806,,,,,,,,,本科,,,,,
8341672,上海,本科批,物理,,X27CD53,专业组01,辽宁科技大学,3170,冶金工程,,,,,,435,35341,,,,,,435,35341,,,,,,,,,本科,,,,,
8341673,上海,本科批,物理,,X27CD53,专业组01,辽宁科技大学,8EA2,机械电子工程,,,,,,436,35127,,,,,,436,35127,,,,,,,,,本科,,,,,
8342461,上海,本科批,物理,,X339D5B,专业组01,黑龙江科技大学,04A0,工商管理,,,,,,421,38266,,,,,,421,38266,,,,,,,,,本科,,,,,
8342462,上海,本科批,物理,,X339D5B,专业组01,黑龙江科技大学,25DE,国际经济与贸易,,,,,,422,38053,,,,,,422,38053,,,,,,,,,本科,,,,,
8342463,上海,本科批,物理,,X339D5B,专业组01,黑龙江科技大学,0FBC,金融学,,,,,,422,38053,,,,,,422,38053,,,,,,,,,本科,,,,,
8342464,上海,本科批,物理,,X339D5B,专业组01,黑龙江科技大学,FB18,财务管理,,,,,,424,37692,,,,,,424,37692,,,,,,,,,本科,,,,,
8342465,上海,本科批,物理,,X339D5B,专业组01,黑龙江科技大学,4145,英语,,,,,,425,37468,,,,,,425,37468,,,,,,,,,本科,,,,,
8342466,上海,本科批,物理,,X339D5B,专业组01,黑龙江科技大学,09EE,市场营销,,,,,,425,37468,,,,,,425,37468,,,,,,,,,本科,,,,,
8342467,上海,本科批,物理,,X339D5B,专业组01,黑龙江科技大学,6AB9,经济学,,,,,,426,37259,,,,,,426,37259,,,,,,,,,本科,,,,,
8342468,上海,本科批,物理,,X339D5B,专业组01,黑龙江科技大学,D243,汉语言文学,,,,,,430,36436,,,,,,430,36436,,,,,,,,,本科,,,,,
8342469,上海,本科批,物理,,X339D5B,专业组01,黑龙江科技大学,5E19,会计学,,,,,,431,36222,,,,,,431,36222,,,,,,,,,本科,,,,,
8343248,上海,本科批,物理,,X3C888C,专业组01,天津外国语大学,077B,蒙古语,,,,,,467,27778,,,,,,467,27778,,,,,,,,,本科,,,,,
8343249,上海,本科批,物理,,X3C888C,专业组01,天津外国语大学,5917,罗马尼亚语,,,,,,468,27525,,,,,,468,27525,,,,,,,,,本科,,,,,
8343250,上海,本科批,物理,,X3C888C,专业组01,天津外国语大学,D8BB,缅甸语,,,,,,483,23814,,,,,,483,23814,,,,,,,,,本科,,,,,
8344098,上海,本科批,物理,,X094F94,专业组02,北方民族大学,4154,电子商务,,,,,,425,37468,,,,,,425,37468,,,,,,,,,本科,,,,,
8344099,上海,本科批,物理,,X094F94,专业组02,北方民族大学,927B,法学,,,,,,428,36833,,,,,,428,36833,,,,,,,,,本科,,,,,
8344100,上海,本科批,物理,,X094F94,专业组02,北方民族大学,CF2E,经济学类（含:经济学、税收学、国际经济与贸易、金融学专业）,含:经济学、税收学、国际经济与贸易、金融学专业,,,,,432,36033,,,,,,432,36033,,,,,,,,,本科,,,,,
8344101,上海,本科批,物理,,X094F94,专业组01,北方民族大学,D243,汉语言文学,,,,,,453,31179,,,,,,453,31179,,,,,,,,,本科,,,,,
8344804,上海,本科批,物理,,XE468A2,专业组01,福建医科大学,BE91,医学检验技术,,,,,,503,18767,,,,,,503,18767,,,,,,,,,本科,,,,,
8344805,上海,本科批,物理,,XE468A2,专业组01,福建医科大学,97D0,临床医学,,,,,,507,17795,,,,,,507,17795,,,,,,,,,本科,,,,,
8346191,上海,本科批,物理,,XD07024,专业组01,广州医科大学,FE60,基础医学,,,,,,539,10069,,,,,,539,10069,,,,,,,,,本科,,,,,
8346192,上海,本科批,物理,,XD07024,专业组01,广州医科大学,5DA6,口腔医学,,,,,,541,9624,,,,,,541,9624,,,,,,,,,本科,,,,,
8346193,上海,本科批,物理,,XD07024,专业组01,广州医科大学,97D0,临床医学,,,,,,545,8758,,,,,,545,8758,,,,,,,,,本科,,,,,
8346435,上海,本科批,物理,,X4FC522,专业组01,徐州医科大学,10A0,药学,,,,,,531,11919,,,,,,531,11919,,,,,,,,,本科,,,,,
8346436,上海,本科批,物理,,X4FC522,专业组01,徐州医科大学,97D0,临床医学,,,,,,532,11678,,,,,,532,11678,,,,,,,,,本科,,,,,
8346437,上海,本科批,物理,,X4FC522,专业组01,徐州医科大学,A5C6,麻醉学,,,,,,543,9186,,,,,,543,9186,,,,,,,,,本科,,,,,
8346821,上海,本科批,物理,,XC563E7,专业组02,山西农业大学,097F,园艺（含:园艺、设施农业科学与工程）,含:园艺、设施农业科学与工程,,,,,426,37259,,,,,,426,37259,,,,,,,,,本科,,,,,
8346822,上海,本科批,物理,,XC563E7,专业组03,山西农业大学,AC90,行政管理,,,,,,427,37063,,,,,,427,37063,,,,,,,,,本科,,,,,
8346823,上海,本科批,物理,,XC563E7,专业组04,山西农业大学,25DE,国际经济与贸易,,,,,,427,37063,,,,,,427,37063,,,,,,,,,本科,,,,,
8346824,上海,本科批,物理,,XC563E7,专业组01,山西农业大学,9DBD,生物科学类（含:生物科学、生物技术、生物信息学专业）,含:生物科学、生物技术、生物信息学专业,,,,,431,36222,,,,,,431,36222,,,,,,,,,本科,,,,,
8346825,上海,本科批,物理,,XC563E7,专业组02,山西农业大学,A7D7,农学（含:农学、农学（功能农业方向））,含:农学、农学（功能农业方向,,,,,438,34709,,,,,,438,34709,,,,,,,,,本科,,,,,
8346826,上海,本科批,物理,,XC563E7,专业组02,山西农业大学,0325,动物医学,,,,,,455,30715,,,,,,455,30715,,,,,,,,,本科,,,,,
8347439,上海,本科批,物理,,X232D01,专业组01,西北政法大学,8444,法学（经济法方向）,经济法方向,,,,,533,11462,,,,,,533,11462,,,,,,,,,本科,,,,,
8347440,上海,本科批,物理,,X232D01,专业组01,西北政法大学,47BF,法学（反恐怖主义法方向）,反恐怖主义法方向,,,,,533,11462,,,,,,533,11462,,,,,,,,,本科,,,,,
8347441,上海,本科批,物理,,X232D01,专业组01,西北政法大学,1CB8,法学（民商法方向）,民商法方向,,,,,536,10760,,,,,,536,10760,,,,,,,,,本科,,,,,
8347442,上海,本科批,物理,,X232D01,专业组01,西北政法大学,AE9A,法学（涉外法治方向）,涉外法治方向,,,,,537,10538,,,,,,537,10538,,,,,,,,,本科,,,,,
8348305,上海,本科批,物理,,X0DAE3A,专业组02,湖南工程学院,3739,广告学,,,,,,421,38266,,,,,,421,38266,,,,,,,,,本科,,,,,
8348306,上海,本科批,物理,,X0DAE3A,专业组01,湖南工程学院,B9A5,计算机科学与技术,,,,,,437,34923,,,,,,437,34923,,,,,,,,,本科,,,,,
8349844,上海,本科批,物理,,XBE0B56,专业组01,济宁医学院,5ED3,中西医临床医学,,,,,,477,25299,,,,,,477,25299,,,,,,,,,本科,,,,,
8349845,上海,本科批,物理,,XBE0B56,专业组01,济宁医学院,3B42,精神医学,,,,,,482,24080,,,,,,482,24080,,,,,,,,,本科,,,,,
8349846,上海,本科批,物理,,XBE0B56,专业组01,济宁医学院,57E6,医学影像学,,,,,,484,23553,,,,,,484,23553,,,,,,,,,本科,,,,,
8349847,上海,本科批,物理,,XBE0B56,专业组01,济宁医学院,97D0,临床医学,,,,,,484,23553,,,,,,484,23553,,,,,,,,,本科,,,,,
8350364,上海,本科批,物理,,X5D2203,专业组01,湖南工商大学,192D,人工智能（智慧城市建设与智慧社会治理院士卓越班）,智慧城市建设与智慧社会治理院士卓越班,,,,,437,34923,,,,,,437,34923,,,,,,,,,本科,,,,,
8350365,上海,本科批,物理,,X5D2203,专业组02,湖南工商大学,5F0C,跨境电子商务,,,,,,441,33999,,,,,,441,33999,,,,,,,,,本科,,,,,
8350366,上海,本科批,物理,,X5D2203,专业组02,湖南工商大学,0B84,国际经济与贸易（数智贸易卓越班）,数智贸易卓越班,,,,,442,33781,,,,,,442,33781,,,,,,,,,本科,,,,,
8350367,上海,本科批,物理,,X5D2203,专业组02,湖南工商大学,27C9,英语（语言数智卓越班）,语言数智卓越班,,,,,442,33781,,,,,,442,33781,,,,,,,,,本科,,,,,
8350368,上海,本科批,物理,,X5D2203,专业组02,湖南工商大学,B674,金融学类（含:金融学、保险学专业）,含:金融学、保险学专业,,,,,443,33531,,,,,,443,33531,,,,,,,,,本科,,,,,
8350369,上海,本科批,物理,,X5D2203,专业组02,湖南工商大学,65FD,法学（数智法治卓越班）,数智法治卓越班,,,,,446,32860,,,,,,446,32860,,,,,,,,,本科,,,,,
8350370,上海,本科批,物理,,X5D2203,专业组02,湖南工商大学,B597,工商管理（智慧运营院士卓越班）,智慧运营院士卓越班,,,,,448,32390,,,,,,448,32390,,,,,,,,,本科,,,,,
8350371,上海,本科批,物理,,X5D2203,专业组02,湖南工商大学,A822,会计学（智慧会计卓越班）,智慧会计卓越班,,,,,453,31179,,,,,,453,31179,,,,,,,,,本科,,,,,
8351531,上海,本科批,物理,,XBC3952,专业组01,贵州财经大学,B484,市场营销（中外合作办学）,中外合作办学,,,,,412,39998,,,,,,412,39998,,,,,,,,,本科,,,,,
8351532,上海,本科批,物理,,XBC3952,专业组01,贵州财经大学,AE36,财务管理（中外合作办学）,中外合作办学,,,,,416,39269,,,,,,416,39269,,,,,,,,,本科,,,,,
8351533,上海,本科批,物理,,XBC3952,专业组02,贵州财经大学,3D1C,电子商务（中外合作办学）,中外合作办学,,,,,422,38053,,,,,,422,38053,,,,,,,,,本科,,,,,
8351534,上海,本科批,物理,,XBC3952,专业组01,贵州财经大学,4D62,会计学（中外合作办学）,中外合作办学,,,,,424,37692,,,,,,424,37692,,,,,,,,,本科,,,,,
8351535,上海,本科批,物理,,XBC3952,专业组02,贵州财经大学,F519,金融学（中外合作办学）,中外合作办学,,,,,426,37259,,,,,,426,37259,,,,,,,,,本科,,,,,
8352055,上海,本科批,物理,,X109881,专业组03,齐齐哈尔大学,671C,日语,,,,,,419,38662,,,,,,419,38662,,,,,,,,,本科,,,,,
8352056,上海,本科批,物理,,X109881,专业组01,齐齐哈尔大学,8479,化工与制药类（含:化学工程与工艺、制药工程、能源化学工程专业）,含:化学工程与工艺、制药工程、能源化学工程专业,,,,,420,38443,,,,,,420,38443,,,,,,,,,本科,,,,,
8352057,上海,本科批,物理,,X109881,专业组03,齐齐哈尔大学,E4E3,工商管理类（含:工商管理、市场营销、财务管理专业）,含:工商管理、市场营销、财务管理专业,,,,,420,38443,,,,,,420,38443,,,,,,,,,本科,,,,,
8352058,上海,本科批,物理,,X109881,专业组01,齐齐哈尔大学,ACB3,轻工类（含:轻化工程、包装工程专业）,含:轻化工程、包装工程专业,,,,,420,38443,,,,,,420,38443,,,,,,,,,本科,,,,,
8352059,上海,本科批,物理,,X109881,专业组01,齐齐哈尔大学,5E49,食品科学与工程,,,,,,420,38443,,,,,,420,38443,,,,,,,,,本科,,,,,
8352060,上海,本科批,物理,,X109881,专业组03,齐齐哈尔大学,25DE,国际经济与贸易,,,,,,422,38053,,,,,,422,38053,,,,,,,,,本科,,,,,
8352061,上海,本科批,物理,,X109881,专业组01,齐齐哈尔大学,42BC,材料类（含:材料化学、无机非金属材料工程、高分子材料与工程专业）,含:材料化学、无机非金属材料工程、高分子材料与工程专业,,,,,422,38053,,,,,,422,38053,,,,,,,,,本科,,,,,
8352062,上海,本科批,物理,,X109881,专业组01,齐齐哈尔大学,E2C6,计算机类（含:计算机科学与技术、软件工程专业）,含:计算机科学与技术、软件工程专业,,,,,423,37882,,,,,,423,37882,,,,,,,,,本科,,,,,
8352063,上海,本科批,物理,,X109881,专业组01,齐齐哈尔大学,4B9D,电子信息类（含:电子信息工程、通信工程专业）,含:电子信息工程、通信工程专业,,,,,423,37882,,,,,,423,37882,,,,,,,,,本科,,,,,
8352064,上海,本科批,物理,,X109881,专业组01,齐齐哈尔大学,A5B7,电气工程及其自动化,,,,,,424,37692,,,,,,424,37692,,,,,,,,,本科,,,,,
8352065,上海,本科批,物理,,X109881,专业组02,齐齐哈尔大学,D243,汉语言文学,,,,,,427,37063,,,,,,427,37063,,,,,,,,,本科,,,,,
8352702,上海,本科批,物理,,XD36EAF,专业组02,西北师范大学,BA83,汉语国际教育（师范类）,师范类,,,,,406,41077,,,,,,406,41077,,,,,,,,,本科,,,,,
8352703,上海,本科批,物理,,XD36EAF,专业组01,西北师范大学,D6ED,化学工程与工艺,,,,,,406,41077,,,,,,406,41077,,,,,,,,,本科,,,,,
8352704,上海,本科批,物理,,XD36EAF,专业组02,西北师范大学,68F4,新闻学,,,,,,411,40210,,,,,,411,40210,,,,,,,,,本科,,,,,
8352705,上海,本科批,物理,,XD36EAF,专业组02,西北师范大学,8B36,翻译,,,,,,413,39823,,,,,,413,39823,,,,,,,,,本科,,,,,
8352706,上海,本科批,物理,,XD36EAF,专业组02,西北师范大学,0FBC,金融学,,,,,,431,36222,,,,,,431,36222,,,,,,,,,本科,,,,,
8353752,上海,本科批,物理,,X5638ED,专业组05,赣南师范大学,2242,广播电视编导,,,,,,430,36436,,,,,,430,36436,,,,,,,,,本科,,,,,
8353753,上海,本科批,物理,,X5638ED,专业组01,赣南师范大学,BA85,教育技术学（师范）,师范,,,,,439,34482,,,,,,439,34482,,,,,,,,,本科,,,,,
8353754,上海,本科批,物理,,X5638ED,专业组04,赣南师范大学,0FBC,金融学,,,,,,440,34239,,,,,,440,34239,,,,,,,,,本科,,,,,
8353755,上海,本科批,物理,,X5638ED,专业组04,赣南师范大学,671C,日语,,,,,,441,33999,,,,,,441,33999,,,,,,,,,本科,,,,,
8353756,上海,本科批,物理,,X5638ED,专业组04,赣南师范大学,927B,法学,,,,,,445,33071,,,,,,445,33071,,,,,,,,,本科,,,,,
8353757,上海,本科批,物理,,X5638ED,专业组04,赣南师范大学,5E19,会计学,,,,,,448,32390,,,,,,448,32390,,,,,,,,,本科,,,,,
8353758,上海,本科批,物理,,X5638ED,专业组04,赣南师范大学,6243,应用心理学（师范）,师范,,,,,449,32134,,,,,,449,32134,,,,,,,,,本科,,,,,
8353759,上海,本科批,物理,,X5638ED,专业组04,赣南师范大学,0A1A,小学教育（师范）,师范,,,,,450,31904,,,,,,450,31904,,,,,,,,,本科,,,,,
8353760,上海,本科批,物理,,X5638ED,专业组02,赣南师范大学,4EFA,汉语国际教育（师范）,师范,,,,,468,27525,,,,,,468,27525,,,,,,,,,本科,,,,,
8353761,上海,本科批,物理,,X5638ED,专业组03,赣南师范大学,BFDA,人文地理与城乡规划,,,,,,468,27525,,,,,,468,27525,,,,,,,,,本科,,,,,
8353762,上海,本科批,物理,,X5638ED,专业组03,赣南师范大学,FA23,地理信息科学,,,,,,469,27273,,,,,,469,27273,,,,,,,,,本科,,,,,
8353763,上海,本科批,物理,,X5638ED,专业组02,赣南师范大学,B53C,汉语言文学（师范）,师范,,,,,471,26748,,,,,,471,26748,,,,,,,,,本科,,,,,
8353764,上海,本科批,物理,,X5638ED,专业组03,赣南师范大学,D4CC,地理科学（师范）,师范,,,,,486,23040,,,,,,486,23040,,,,,,,,,本科,,,,,
8354390,上海,本科批,物理,,X9AFC09,专业组02,浙江农林大学,CB22,城乡规划,,,,,,482,24080,,,,,,482,24080,,,,,,,,,本科,,,,,
8354391,上海,本科批,物理,,X9AFC09,专业组02,浙江农林大学,2635,文化产业管理（茶文化方向）,茶文化方向,,,,,482,24080,,,,,,482,24080,,,,,,,,,本科,,,,,
8354392,上海,本科批,物理,,X9AFC09,专业组01,浙江农林大学,C0DA,应用统计学,,,,,,482,24080,,,,,,482,24080,,,,,,,,,本科,,,,,
8354393,上海,本科批,物理,,X9AFC09,专业组02,浙江农林大学,25DE,国际经济与贸易,,,,,,483,23814,,,,,,483,23814,,,,,,,,,本科,,,,,
8354394,上海,本科批,物理,,X9AFC09,专业组02,浙江农林大学,FB65,风景园林,,,,,,483,23814,,,,,,483,23814,,,,,,,,,本科,,,,,
8354395,上海,本科批,物理,,X9AFC09,专业组01,浙江农林大学,5B8B,高分子材料与工程,,,,,,484,23553,,,,,,484,23553,,,,,,,,,本科,,,,,
8354396,上海,本科批,物理,,X9AFC09,专业组01,浙江农林大学,52FD,应用化学,,,,,,484,23553,,,,,,484,23553,,,,,,,,,本科,,,,,
8354397,上海,本科批,物理,,X9AFC09,专业组01,浙江农林大学,5E49,食品科学与工程,,,,,,486,23040,,,,,,486,23040,,,,,,,,,本科,,,,,
8354398,上海,本科批,物理,,X9AFC09,专业组01,浙江农林大学,B694,生物制药,,,,,,486,23040,,,,,,486,23040,,,,,,,,,本科,,,,,
8354399,上海,本科批,物理,,X9AFC09,专业组01,浙江农林大学,E9A7,环境科学与工程,,,,,,486,23040,,,,,,486,23040,,,,,,,,,本科,,,,,
8354400,上海,本科批,物理,,X9AFC09,专业组01,浙江农林大学,53B9,食品质量与安全,,,,,,489,22270,,,,,,489,22270,,,,,,,,,本科,,,,,
8354401,上海,本科批,物理,,X9AFC09,专业组01,浙江农林大学,99EA,动物科学,,,,,,492,21473,,,,,,492,21473,,,,,,,,,本科,,,,,
8354402,上海,本科批,物理,,X9AFC09,专业组01,浙江农林大学,0325,动物医学,,,,,,495,20693,,,,,,495,20693,,,,,,,,,本科,,,,,
8355898,上海,本科提前批,物理,,XD08A8D,专业组02,中国刑事警察学院,1B53,警犬技术（男）,男,,,,,455,30715,,,,,,455,30715,,,,,,,,,本科,,,,,
8355899,上海,本科提前批,物理,,XD08A8D,专业组02,中国刑事警察学院,A87D,禁毒学（男）,男,,,,,455,30715,,,,,,455,30715,,,,,,,,,本科,,,,,
8355900,上海,本科提前批,物理,,XD08A8D,专业组02,中国刑事警察学院,B6E9,治安学（男）,男,,,,,468,27525,,,,,,468,27525,,,,,,,,,本科,,,,,
8355901,上海,本科提前批,物理,,XD08A8D,专业组02,中国刑事警察学院,3E85,公安情报学（男）,男,,,,,481,24337,,,,,,481,24337,,,,,,,,,本科,,,,,
8355902,上海,本科提前批,物理,,XD08A8D,专业组02,中国刑事警察学院,1406,经济犯罪侦查（男）,男,,,,,487,22781,,,,,,487,22781,,,,,,,,,本科,,,,,
8355903,上海,本科提前批,物理,,XD08A8D,专业组01,中国刑事警察学院,77B6,数据警务技术（男）,男,,,,,489,22270,,,,,,489,22270,,,,,,,,,本科,,,,,
8355904,上海,本科提前批,物理,,XD08A8D,专业组01,中国刑事警察学院,8DE3,公安视听技术（男）,男,,,,,490,22003,,,,,,490,22003,,,,,,,,,本科,,,,,
8355905,上海,本科提前批,物理,,XD08A8D,专业组01,中国刑事警察学院,AC0E,网络安全与执法（男）,男,,,,,498,19960,,,,,,498,19960,,,,,,,,,本科,,,,,
8355906,上海,本科提前批,物理,,XD08A8D,专业组01,中国刑事警察学院,521B,刑事科学技术（男）,男,,,,,501,19243,,,,,,501,19243,,,,,,,,,本科,,,,,
8355907,上海,本科提前批,物理,,XD08A8D,专业组01,中国刑事警察学院,E5DF,网络安全与执法（女）,女,,,,,501,19243,,,,,,501,19243,,,,,,,,,本科,,,,,
8355908,上海,本科提前批,物理,,XD08A8D,专业组02,中国刑事警察学院,A2F9,侦查学（男）,男,,,,,503,18767,,,,,,503,18767,,,,,,,,,本科,,,,,
8355909,上海,本科提前批,物理,,XD08A8D,专业组02,中国刑事警察学院,A1F1,涉外警务（男）,男,,,,,524,13538,,,,,,524,13538,,,,,,,,,本科,,,,,
8355910,上海,本科提前批,物理,,XD08A8D,专业组02,中国刑事警察学院,ABF6,公安情报学（女）,女,,,,,532,11678,,,,,,532,11678,,,,,,,,,本科,,,,,
8355911,上海,本科提前批,物理,,XD08A8D,专业组02,中国刑事警察学院,265B,警犬技术（女）,女,,,,,532,11678,,,,,,532,11678,,,,,,,,,本科,,,,,
8355912,上海,本科提前批,物理,,XD08A8D,专业组02,中国刑事警察学院,73EB,涉外警务（女）,女,,,,,545,8758,,,,,,545,8758,,,,,,,,,本科,,,,,
8355913,上海,本科提前批,物理,,XD08A8D,专业组02,中国刑事警察学院,284B,经济犯罪侦查（女）,女,,,,,552,7412,,,,,,552,7412,,,,,,,,,本科,,,,,
8355914,上海,本科提前批,物理,,XD08A8D,专业组02,中国刑事警察学院,EEE0,侦查学（女）,女,,,,,565,5019,,,,,,565,5019,,,,,,,,,本科,,,,,
8356955,上海,本科批,物理,,XBE0B64,专业组01,云南农业大学,53B9,食品质量与安全,,,,,,422,38053,,,,,,422,38053,,,,,,,,,本科,,,,,
8356956,上海,本科批,物理,,XBE0B64,专业组01,云南农业大学,387D,动植物检疫（植物检疫方向）,植物检疫方向,,,,,429,36629,,,,,,429,36629,,,,,,,,,本科,,,,,
8356957,上海,本科批,物理,,XBE0B64,专业组01,云南农业大学,C325,农学,,,,,,452,31399,,,,,,452,31399,,,,,,,,,本科,,,,,
8356958,上海,本科批,物理,,XBE0B64,专业组01,云南农业大学,F89C,生物技术,,,,,,463,28756,,,,,,463,28756,,,,,,,,,本科,,,,,
8356959,上海,本科批,物理,,XBE0B64,专业组01,云南农业大学,0325,动物医学,,,,,,465,28294,,,,,,465,28294,,,,,,,,,本科,,,,,
8358064,上海,本科批,物理,,XAB53E4,专业组02,沈阳建筑大学,41FB,房地产开发与管理,,,,,,428,36833,,,,,,428,36833,,,,,,,,,本科,,,,,
8358065,上海,本科批,物理,,XAB53E4,专业组01,沈阳建筑大学,8684,智能制造工程,,,,,,432,36033,,,,,,432,36033,,,,,,,,,本科,,,,,
8358066,上海,本科批,物理,,XAB53E4,专业组02,沈阳建筑大学,6F56,工程管理,,,,,,432,36033,,,,,,432,36033,,,,,,,,,本科,,,,,
8358067,上海,本科批,物理,,XAB53E4,专业组01,沈阳建筑大学,4D44,给排水科学与工程,,,,,,433,35806,,,,,,433,35806,,,,,,,,,本科,,,,,
8358068,上海,本科批,物理,,XAB53E4,专业组01,沈阳建筑大学,B9A5,计算机科学与技术,,,,,,434,35570,,,,,,434,35570,,,,,,,,,本科,,,,,
8358069,上海,本科批,物理,,XAB53E4,专业组01,沈阳建筑大学,F068,人工智能,,,,,,435,35341,,,,,,435,35341,,,,,,,,,本科,,,,,
8358070,上海,本科批,物理,,XAB53E4,专业组01,沈阳建筑大学,4ECE,土木工程,,,,,,435,35341,,,,,,435,35341,,,,,,,,,本科,,,,,
8358071,上海,本科批,物理,,XAB53E4,专业组01,沈阳建筑大学,A5B7,电气工程及其自动化,,,,,,437,34923,,,,,,437,34923,,,,,,,,,本科,,,,,
8358072,上海,本科批,物理,,XAB53E4,专业组03,沈阳建筑大学,5001,城乡规划（须具有一定的美术基础）,须具有一定的美术基础,,,,,479,24795,,,,,,479,24795,,,,,,,,,本科,,,,,
8358073,上海,本科批,物理,,XAB53E4,专业组03,沈阳建筑大学,F5F4,建筑学（须具有一定的美术基础）,须具有一定的美术基础,,,,,492,21473,,,,,,492,21473,,,,,,,,,本科,,,,,
8358763,上海,本科批,物理,,X835F78,专业组01,江西中医药大学,A784,中药制药,,,,,,439,34482,,,,,,439,34482,,,,,,,,,本科,,,,,
8358764,上海,本科批,物理,,X835F78,专业组01,江西中医药大学,10A0,药学,,,,,,450,31904,,,,,,450,31904,,,,,,,,,本科,,,,,
8358765,上海,本科批,物理,,X835F78,专业组02,江西中医药大学,5ED3,中西医临床医学,,,,,,483,23814,,,,,,483,23814,,,,,,,,,本科,,,,,
8358766,上海,本科批,物理,,X835F78,专业组02,江西中医药大学,2A03,中医骨伤科学,,,,,,486,23040,,,,,,486,23040,,,,,,,,,本科,,,,,
8358767,上海,本科批,物理,,X835F78,专业组02,江西中医药大学,6246,针灸推拿学,,,,,,503,18767,,,,,,503,18767,,,,,,,,,本科,,,,,
8358768,上海,本科批,物理,,X835F78,专业组02,江西中医药大学,03FE,中医学,,,,,,508,17567,,,,,,508,17567,,,,,,,,,本科,,,,,
8359263,上海,本科批,物理,,XFA8785,专业组03,海军军医大学,BA1A,护理学（护师方向）,护师方向,,,,,531,11919,,,,,,531,11919,,,,,,,,,本科,,,,,
8359264,上海,本科批,物理,,XFA8785,专业组02,海军军医大学,F89C,生物技术,,,,,,548,8178,,,,,,548,8178,,,,,,,,,本科,,,,,
8359265,上海,本科批,物理,,XFA8785,专业组02,海军军医大学,52B5,药学（药剂师方向）,药剂师方向,,,,,549,7975,,,,,,549,7975,,,,,,,,,本科,,,,,
8359266,上海,本科批,物理,,XFA8785,专业组01,海军军医大学,D97E,中医学（中医临床医师方向）,中医临床医师方向,,,,,562,5544,,,,,,562,5544,,,,,,,,,本科,,,,,
8359267,上海,本科批,物理,,XFA8785,专业组01,海军军医大学,C909,临床医学（临床医师方向）,临床医师方向,,,,,563,5356,,,,,,563,5356,,,,,,,,,本科,,,,,
8359268,上海,本科批,物理,,XFA8785,专业组01,海军军医大学,79FD,医学影像学（临床影像医师方向）,临床影像医师方向,,,,,565,5019,,,,,,565,5019,,,,,,,,,本科,,,,,
8359269,上海,本科批,物理,,XFA8785,专业组01,海军军医大学,30D2,麻醉学（临床麻醉医师方向）,临床麻醉医师方向,,,,,566,4841,,,,,,566,4841,,,,,,,,,本科,,,,,
8359270,上海,本科批,物理,,XFA8785,专业组01,海军军医大学,4834,临床医学（高级临床医师方向）,高级临床医师方向,,,,,578,2962,,,,,,578,2962,,,,,,,,,本科,,,,,
8359494,上海,本科批,物理,,XB94805,专业组01,佳木斯大学,97D0,临床医学,,,,,,444,33286,,,,,,444,33286,,,,,,,,,本科,,,,,
8359992,上海,本科批,物理,,X851871,专业组04,北京语言大学,5E19,会计学,,,,,,512,16483,,,,,,512,16483,,,,,,,,,本科,,,,,
8359993,上海,本科批,物理,,X851871,专业组04,北京语言大学,78EC,翻译（本地化方向。外语语种为英语、法语）,本地化方向。外语语种为英语、法语,,,,,513,16250,,,,,,513,16250,,,,,,,,,本科,,,,,
8359994,上海,本科批,物理,,X851871,专业组04,北京语言大学,2342,经济学（经济金融统计与分析方向）,经济金融统计与分析方向,,,,,513,16250,,,,,,513,16250,,,,,,,,,本科,,,,,
8359995,上海,本科批,物理,,X851871,专业组04,北京语言大学,C416,翻译（英语方向）,英语方向,,,,,514,15979,,,,,,514,15979,,,,,,,,,本科,,,,,
8359996,上海,本科批,物理,,X851871,专业组04,北京语言大学,25DE,国际经济与贸易,,,,,,514,15979,,,,,,514,15979,,,,,,,,,本科,,,,,
8359997,上海,本科批,物理,,X851871,专业组04,北京语言大学,88E0,翻译（汉英法方向。外语语种为英语、法语）,汉英法方向。外语语种为英语、法语,,,,,515,15734,,,,,,515,15734,,,,,,,,,本科,,,,,
8359998,上海,本科批,物理,,X851871,专业组02,北京语言大学,1103,心理学,,,,,,516,15485,,,,,,516,15485,,,,,,,,,本科,,,,,
8359999,上海,本科批,物理,,X851871,专业组04,北京语言大学,7FC0,外国语言文学类（含:英语、英语（英西复语）、商务英语专业）,含:英语、英语（英西复语,,,,,517,15249,,,,,,517,15249,,,,,,,,,本科,,,,,
8360000,上海,本科批,物理,,X851871,专业组04,北京语言大学,056E,新闻学（国际新闻方向）,国际新闻方向,,,,,518,15023,,,,,,518,15023,,,,,,,,,本科,,,,,
8360001,上海,本科批,物理,,X851871,专业组04,北京语言大学,0FBC,金融学,,,,,,518,15023,,,,,,518,15023,,,,,,,,,本科,,,,,
8360002,上海,本科批,物理,,X851871,专业组03,北京语言大学,57FC,国际组织与全球治理,,,,,,519,14753,,,,,,519,14753,,,,,,,,,本科,,,,,
8360003,上海,本科批,物理,,X851871,专业组03,北京语言大学,13A6,国际事务与国际关系,,,,,,519,14753,,,,,,519,14753,,,,,,,,,本科,,,,,
8360004,上海,本科批,物理,,X851871,专业组04,北京语言大学,A615,汉语国际教育,,,,,,519,14753,,,,,,519,14753,,,,,,,,,本科,,,,,
8360005,上海,本科批,物理,,X851871,专业组04,北京语言大学,D243,汉语言文学,,,,,,519,14753,,,,,,519,14753,,,,,,,,,本科,,,,,
8360006,上海,本科批,物理,,X851871,专业组04,北京语言大学,B21C,新闻学（国际出版方向）,国际出版方向,,,,,520,14532,,,,,,520,14532,,,,,,,,,本科,,,,,
8360007,上海,本科批,物理,,X851871,专业组04,北京语言大学,EC9C,网络与新媒体（智能媒体方向）,智能媒体方向,,,,,521,14281,,,,,,521,14281,,,,,,,,,本科,,,,,
8360008,上海,本科批,物理,,X851871,专业组03,北京语言大学,73E7,国际政治,,,,,,521,14281,,,,,,521,14281,,,,,,,,,本科,,,,,
8360009,上海,本科批,物理,,X851871,专业组02,北京语言大学,C240,语言学,,,,,,522,14026,,,,,,522,14026,,,,,,,,,本科,,,,,
8360010,上海,本科批,物理,,X851871,专业组01,北京语言大学,E01D,计算机类（含:人工智能、计算机科学与技术、数字媒体技术、数据科学与大数据技术专业）,含:人工智能、计算机科学与技术、数字媒体技术、数据科学与大数据技术专业,,,,,527,12860,,,,,,527,12860,,,,,,,,,本科,,,,,
8360011,上海,本科批,物理,,X851871,专业组04,北京语言大学,B4B4,传播学（梧桐计划人才实验班）,梧桐计划人才实验班,,,,,535,10985,,,,,,535,10985,,,,,,,,,本科,,,,,
8360692,上海,本科批,物理,,X95E62A,专业组01,辽宁石油化工大学,7E23,环境工程,,,,,,423,37882,,,,,,423,37882,,,,,,,,,本科,,,,,
8360693,上海,本科批,物理,,X95E62A,专业组01,辽宁石油化工大学,5B8B,高分子材料与工程,,,,,,424,37692,,,,,,424,37692,,,,,,,,,本科,,,,,
8360694,上海,本科批,物理,,X95E62A,专业组01,辽宁石油化工大学,12CD,油气储运工程,,,,,,424,37692,,,,,,424,37692,,,,,,,,,本科,,,,,
8360695,上海,本科批,物理,,X95E62A,专业组01,辽宁石油化工大学,25FE,数学与应用数学,,,,,,426,37259,,,,,,426,37259,,,,,,,,,本科,,,,,
8361211,上海,本科批,物理,,X6DD3FC,专业组02,延安大学,04A0,工商管理,,,,,,426,37259,,,,,,426,37259,,,,,,,,,本科,,,,,
8361212,上海,本科批,物理,,X6DD3FC,专业组02,延安大学,E6CB,社会工作,,,,,,427,37063,,,,,,427,37063,,,,,,,,,本科,,,,,
8361213,上海,本科批,物理,,X6DD3FC,专业组01,延安大学,4574,运动康复,,,,,,431,36222,,,,,,431,36222,,,,,,,,,本科,,,,,
8361214,上海,本科批,物理,,X6DD3FC,专业组02,延安大学,927B,法学,,,,,,440,34239,,,,,,440,34239,,,,,,,,,本科,,,,,
8361939,上海,本科批,物理,,X329CED,专业组01,长沙学院,1C92,数字经济,,,,,,430,36436,,,,,,430,36436,,,,,,,,,本科,,,,,
8361940,上海,本科批,物理,,X329CED,专业组03,长沙学院,FB18,财务管理,,,,,,437,34923,,,,,,437,34923,,,,,,,,,本科,,,,,
8361941,上海,本科批,物理,,X329CED,专业组03,长沙学院,927B,法学,,,,,,437,34923,,,,,,437,34923,,,,,,,,,本科,,,,,
8361942,上海,本科批,物理,,X329CED,专业组02,长沙学院,5D72,网络与新媒体,,,,,,437,34923,,,,,,437,34923,,,,,,,,,本科,,,,,
8362460,上海,本科批,物理,,X15AD11,专业组03,青海大学,0FBC,金融学,,,,,,493,21226,,,,,,493,21226,,,,,,,,,本科,,,,,
8362461,上海,本科批,物理,,X15AD11,专业组03,青海大学,6AB9,经济学,,,,,,501,19243,,,,,,501,19243,,,,,,,,,本科,,,,,
8362462,上海,本科批,物理,,X15AD11,专业组02,青海大学,97D0,临床医学,,,,,,504,18539,,,,,,504,18539,,,,,,,,,本科,,,,,
8362463,上海,本科批,物理,,X15AD11,专业组01,青海大学,A5B7,电气工程及其自动化,,,,,,508,17567,,,,,,508,17567,,,,,,,,,本科,,,,,
8362464,上海,本科批,物理,,X15AD11,专业组01,青海大学,5DA8,计算机科学与技术（绿色算力创新班）,绿色算力创新班,,,,,509,17313,,,,,,509,17313,,,,,,,,,本科,,,,,
8362465,上海,本科批,物理,,X15AD11,专业组02,青海大学,5DA6,口腔医学,,,,,,513,16250,,,,,,513,16250,,,,,,,,,本科,,,,,
8363723,上海,本科批,物理,,X9A96A3,专业组05,浙江中医药大学,B9A5,计算机科学与技术,,,,,,490,22003,,,,,,490,22003,,,,,,,,,本科,,,,,
8363724,上海,本科批,物理,,X9A96A3,专业组04,浙江中医药大学,10A0,药学,,,,,,491,21744,,,,,,491,21744,,,,,,,,,本科,,,,,
8363725,上海,本科批,物理,,X9A96A3,专业组04,浙江中医药大学,5D85,食品卫生与营养学,,,,,,492,21473,,,,,,492,21473,,,,,,,,,本科,,,,,
8363726,上海,本科批,物理,,X9A96A3,专业组08,浙江中医药大学,9FD2,健康服务与管理,,,,,,492,21473,,,,,,492,21473,,,,,,,,,本科,,,,,
8363727,上海,本科批,物理,,X9A96A3,专业组06,浙江中医药大学,68ED,医学实验技术,,,,,,497,20203,,,,,,497,20203,,,,,,,,,本科,,,,,
8363728,上海,本科批,物理,,X9A96A3,专业组07,浙江中医药大学,7472,"护理学（为适应专业工作的需要,建议身高158厘米（含）以上）","为适应专业工作的需要,建议身高158厘米（含",,,,,500,19486,,,,,,500,19486,,,,,,,,,本科,,,,,
8363729,上海,本科批,物理,,X9A96A3,专业组06,浙江中医药大学,0541,生物科学,,,,,,504,18539,,,,,,504,18539,,,,,,,,,本科,,,,,
8363730,上海,本科批,物理,,X9A96A3,专业组03,浙江中医药大学,ECEA,听力与言语康复学,,,,,,504,18539,,,,,,504,18539,,,,,,,,,本科,,,,,
8363731,上海,本科批,物理,,X9A96A3,专业组04,浙江中医药大学,4C2A,中药学,,,,,,509,17313,,,,,,509,17313,,,,,,,,,本科,,,,,
8363732,上海,本科批,物理,,X9A96A3,专业组03,浙江中医药大学,817D,康复治疗学,,,,,,511,16761,,,,,,511,16761,,,,,,,,,本科,,,,,
8363733,上海,本科批,物理,,X9A96A3,专业组02,浙江中医药大学,97D0,临床医学,,,,,,534,11234,,,,,,534,11234,,,,,,,,,本科,,,,,
8363734,上海,本科批,物理,,X9A96A3,专业组01,浙江中医药大学,5ED3,中西医临床医学,,,,,,535,10985,,,,,,535,10985,,,,,,,,,本科,,,,,
8363735,上海,本科批,物理,,X9A96A3,专业组01,浙江中医药大学,03FE,中医学,,,,,,538,10306,,,,,,538,10306,,,,,,,,,本科,,,,,
8363736,上海,本科批,物理,,X9A96A3,专业组01,浙江中医药大学,EA3D,中医学（5+3一体化）,5+3一体化,,,,,540,9848,,,,,,540,9848,,,,,,,,,本科,,,,,
8364333,上海,本科批,物理,,X5AAEE3,专业组01,淮北师范大学,4931,材料物理,,,,,,406,41077,,,,,,406,41077,,,,,,,,,本科,,,,,
8364334,上海,本科批,物理,,X5AAEE3,专业组01,淮北师范大学,A687,光电信息科学与工程,,,,,,412,39998,,,,,,412,39998,,,,,,,,,本科,,,,,
8364335,上海,本科批,物理,,X5AAEE3,专业组01,淮北师范大学,B001,信息安全,,,,,,413,39823,,,,,,413,39823,,,,,,,,,本科,,,,,
8364336,上海,本科批,物理,,X5AAEE3,专业组01,淮北师范大学,4718,数据科学与大数据技术,,,,,,413,39823,,,,,,413,39823,,,,,,,,,本科,,,,,
8364337,上海,本科批,物理,,X5AAEE3,专业组01,淮北师范大学,ECA4,通信工程,,,,,,415,39454,,,,,,415,39454,,,,,,,,,本科,,,,,
8364338,上海,本科批,物理,,X5AAEE3,专业组01,淮北师范大学,8FA3,化学（师范类）,师范类,,,,,422,38053,,,,,,422,38053,,,,,,,,,本科,,,,,
8364339,上海,本科批,物理,,X5AAEE3,专业组01,淮北师范大学,6995,网络工程,,,,,,423,37882,,,,,,423,37882,,,,,,,,,本科,,,,,
8364340,上海,本科批,物理,,X5AAEE3,专业组01,淮北师范大学,4041,应用心理学（师范类）,师范类,,,,,426,37259,,,,,,426,37259,,,,,,,,,本科,,,,,
8364341,上海,本科批,物理,,X5AAEE3,专业组01,淮北师范大学,E2E1,生物工程,,,,,,426,37259,,,,,,426,37259,,,,,,,,,本科,,,,,
8364342,上海,本科批,物理,,X5AAEE3,专业组02,淮北师范大学,02EF,日语（外语语种为英语、日语）,外语语种为英语、日语,,,,,436,35127,,,,,,436,35127,,,,,,,,,本科,,,,,
8364343,上海,本科批,物理,,X5AAEE3,专业组02,淮北师范大学,1049,商务英语,,,,,,437,34923,,,,,,437,34923,,,,,,,,,本科,,,,,
8364344,上海,本科批,物理,,X5AAEE3,专业组02,淮北师范大学,5E19,会计学,,,,,,438,34709,,,,,,438,34709,,,,,,,,,本科,,,,,
8364345,上海,本科批,物理,,X5AAEE3,专业组02,淮北师范大学,C19A,人力资源管理,,,,,,438,34709,,,,,,438,34709,,,,,,,,,本科,,,,,
8364346,上海,本科批,物理,,X5AAEE3,专业组02,淮北师范大学,6AB9,经济学,,,,,,438,34709,,,,,,438,34709,,,,,,,,,本科,,,,,
8364347,上海,本科批,物理,,X5AAEE3,专业组02,淮北师范大学,F338,英语（师范类）,师范类,,,,,439,34482,,,,,,439,34482,,,,,,,,,本科,,,,,
8364348,上海,本科批,物理,,X5AAEE3,专业组01,淮北师范大学,C15F,生物科学（师范类）,师范类,,,,,442,33781,,,,,,442,33781,,,,,,,,,本科,,,,,
8364349,上海,本科批,物理,,X5AAEE3,专业组02,淮北师范大学,0A60,特殊教育（师范类）,师范类,,,,,446,32860,,,,,,446,32860,,,,,,,,,本科,,,,,
8364881,上海,本科批,物理,,XE815CF,专业组02,宁夏大学,04A0,工商管理,,,,,,479,24795,,,,,,479,24795,,,,,,,,,本科,,,,,
8364882,上海,本科批,物理,,XE815CF,专业组02,宁夏大学,0FBC,金融学,,,,,,483,23814,,,,,,483,23814,,,,,,,,,本科,,,,,
8364883,上海,本科批,物理,,XE815CF,专业组01,宁夏大学,B9A5,计算机科学与技术,,,,,,512,16483,,,,,,512,16483,,,,,,,,,本科,,,,,
8364884,上海,本科批,物理,,XE815CF,专业组01,宁夏大学,93E3,电子信息工程,,,,,,518,15023,,,,,,518,15023,,,,,,,,,本科,,,,,
8366101,上海,本科批,物理,,X96B6D5,专业组01,泉州师范学院,5FC4,环境科学,,,,,,430,36436,,,,,,430,36436,,,,,,,,,本科,,,,,
8366102,上海,本科批,物理,,X96B6D5,专业组02,泉州师范学院,B2FE,英语（英语单科成绩不低于100分）,英语单科成绩不低于100分,,,,,432,36033,,,,,,432,36033,,,,,,,,,本科,,,,,
8366103,上海,本科批,物理,,X96B6D5,专业组01,泉州师范学院,5E49,食品科学与工程,,,,,,433,35806,,,,,,433,35806,,,,,,,,,本科,,,,,
8366104,上海,本科批,物理,,X96B6D5,专业组01,泉州师范学院,29F4,物联网工程,,,,,,434,35570,,,,,,434,35570,,,,,,,,,本科,,,,,
8366105,上海,本科批,物理,,X96B6D5,专业组01,泉州师范学院,B9A5,计算机科学与技术,,,,,,436,35127,,,,,,436,35127,,,,,,,,,本科,,,,,
8366690,上海,本科批,物理,,XB80FDB,专业组01,天津职业技术师范大学,523F,汽车服务工程（师范类）,师范类,,,,,429,36629,,,,,,429,36629,,,,,,,,,本科,,,,,
8366691,上海,本科批,物理,,XB80FDB,专业组01,天津职业技术师范大学,26A7,车辆工程,,,,,,430,36436,,,,,,430,36436,,,,,,,,,本科,,,,,
8366692,上海,本科批,物理,,XB80FDB,专业组01,天津职业技术师范大学,17B9,自动化（师范类）,师范类,,,,,430,36436,,,,,,430,36436,,,,,,,,,本科,,,,,
8366693,上海,本科批,物理,,XB80FDB,专业组01,天津职业技术师范大学,FEF6,材料成型及控制工程,,,,,,430,36436,,,,,,430,36436,,,,,,,,,本科,,,,,
8366694,上海,本科批,物理,,XB80FDB,专业组01,天津职业技术师范大学,78FF,机械设计制造及其自动化,,,,,,431,36222,,,,,,431,36222,,,,,,,,,本科,,,,,
8366695,上海,本科批,物理,,XB80FDB,专业组01,天津职业技术师范大学,A5D2,测控技术与仪器,,,,,,433,35806,,,,,,433,35806,,,,,,,,,本科,,,,,
8366696,上海,本科批,物理,,XB80FDB,专业组02,天津职业技术师范大学,9BBE,教育技术学（师范类）,师范类,,,,,435,35341,,,,,,435,35341,,,,,,,,,本科,,,,,
8366697,上海,本科批,物理,,XB80FDB,专业组03,天津职业技术师范大学,652E,财务会计教育（师范类）,师范类,,,,,440,34239,,,,,,440,34239,,,,,,,,,本科,,,,,
8367406,上海,本科批,物理,,XAE50AD,专业组03,西北民族大学,04A0,工商管理,,,,,,421,38266,,,,,,421,38266,,,,,,,,,本科,,,,,
8367407,上海,本科批,物理,,XAE50AD,专业组01,西北民族大学,83CD,文物保护技术,,,,,,434,35570,,,,,,434,35570,,,,,,,,,本科,,,,,
8367408,上海,本科批,物理,,XAE50AD,专业组02,西北民族大学,487F,民族学,,,,,,438,34709,,,,,,438,34709,,,,,,,,,本科,,,,,
8367409,上海,本科批,物理,,XAE50AD,专业组04,西北民族大学,61FC,阿拉伯语（英语单科成绩不低于90分）,英语单科成绩不低于90分,,,,,480,24562,,,,,,480,24562,,,,,,,,,本科,,,,,
8368125,上海,本科批,物理,,X42643A,专业组03,景德镇陶瓷大学,59D2,工商管理类（含:工商管理、市场营销、会计学、财务管理专业）,含:工商管理、市场营销、会计学、财务管理专业,,,,,436,35127,,,,,,436,35127,,,,,,,,,本科,,,,,
8368126,上海,本科批,物理,,X42643A,专业组03,景德镇陶瓷大学,4145,英语,,,,,,437,34923,,,,,,437,34923,,,,,,,,,本科,,,,,
8368127,上海,本科批,物理,,X42643A,专业组03,景德镇陶瓷大学,671C,日语,,,,,,437,34923,,,,,,437,34923,,,,,,,,,本科,,,,,
8368128,上海,本科批,物理,,X42643A,专业组03,景德镇陶瓷大学,927B,法学,,,,,,439,34482,,,,,,439,34482,,,,,,,,,本科,,,,,
8368129,上海,本科批,物理,,X42643A,专业组03,景德镇陶瓷大学,067C,艺术教育,,,,,,446,32860,,,,,,446,32860,,,,,,,,,本科,,,,,
8368130,上海,本科批,物理,,X42643A,专业组02,景德镇陶瓷大学,9544,考古学,,,,,,456,30473,,,,,,456,30473,,,,,,,,,本科,,,,,
8368131,上海,本科批,物理,,X42643A,专业组02,景德镇陶瓷大学,9AA3,文化遗产,,,,,,463,28756,,,,,,463,28756,,,,,,,,,本科,,,,,
8368132,上海,本科批,物理,,X42643A,专业组02,景德镇陶瓷大学,32F0,文物与博物馆学,,,,,,475,25819,,,,,,475,25819,,,,,,,,,本科,,,,,
8368133,上海,本科批,物理,,X42643A,专业组01,景德镇陶瓷大学,83CD,文物保护技术,,,,,,500,19486,,,,,,500,19486,,,,,,,,,本科,,,,,
8368882,上海,本科批,物理,,XC93CEC,专业组03,吉林师范大学,A9F4,德语,,,,,,420,38443,,,,,,420,38443,,,,,,,,,本科,,,,,
8368883,上海,本科批,物理,,XC93CEC,专业组01,吉林师范大学,D583,网络空间安全,,,,,,436,35127,,,,,,436,35127,,,,,,,,,本科,,,,,
8368884,上海,本科批,物理,,XC93CEC,专业组02,吉林师范大学,0E3B,编辑出版学,,,,,,440,34239,,,,,,440,34239,,,,,,,,,本科,,,,,
8368885,上海,本科批,物理,,XC93CEC,专业组02,吉林师范大学,68F4,新闻学,,,,,,443,33531,,,,,,443,33531,,,,,,,,,本科,,,,,
8368886,上海,本科批,物理,,XC93CEC,专业组02,吉林师范大学,25DE,国际经济与贸易,,,,,,455,30715,,,,,,455,30715,,,,,,,,,本科,,,,,
8368887,上海,本科批,物理,,XC93CEC,专业组02,吉林师范大学,098E,教育学（师范类）,师范类,,,,,457,30232,,,,,,457,30232,,,,,,,,,本科,,,,,
8368888,上海,本科批,物理,,XC93CEC,专业组02,吉林师范大学,9569,小学教育（师范类）,师范类,,,,,466,28028,,,,,,466,28028,,,,,,,,,本科,,,,,
8369426,上海,本科批,物理,,X6457E7,专业组02,新疆农业大学,FA75,工商管理类（含:会计学、人力资源管理、市场营销专业）,含:会计学、人力资源管理、市场营销专业,,,,,393,41594,,,,,,393,41594,,,,,,,,,本科,,,,,
8369427,上海,本科批,物理,,X6457E7,专业组02,新疆农业大学,8691,经济与贸易类（国际经济与贸易专业）,国际经济与贸易专业,,,,,397,41594,,,,,,397,41594,,,,,,,,,本科,,,,,
8369428,上海,本科批,物理,,X6457E7,专业组01,新疆农业大学,C1B4,水利水电工程,,,,,,417,39079,,,,,,417,39079,,,,,,,,,本科,,,,,
8369429,上海,本科批,物理,,X6457E7,专业组01,新疆农业大学,D310,电子信息科学与技术（数学单科成绩不低于40分）,数学单科成绩不低于40分,,,,,418,38869,,,,,,418,38869,,,,,,,,,本科,,,,,
8371473,上海,本科批,物理,,X1A6AF3,专业组01,昆明医科大学,2D90,康复物理治疗,,,,,,471,26748,,,,,,471,26748,,,,,,,,,本科,,,,,
8371474,上海,本科批,物理,,X1A6AF3,专业组01,昆明医科大学,765E,临床药学,,,,,,474,26034,,,,,,474,26034,,,,,,,,,本科,,,,,
8371475,上海,本科批,物理,,X1A6AF3,专业组01,昆明医科大学,57E6,医学影像学,,,,,,477,25299,,,,,,477,25299,,,,,,,,,本科,,,,,
8371476,上海,本科批,物理,,X1A6AF3,专业组01,昆明医科大学,97D0,临床医学,,,,,,494,20956,,,,,,494,20956,,,,,,,,,本科,,,,,
8371477,上海,本科批,物理,,X1A6AF3,专业组01,昆明医科大学,A5C6,麻醉学,,,,,,504,18539,,,,,,504,18539,,,,,,,,,本科,,,,,
8371478,上海,本科批,物理,,X1A6AF3,专业组01,昆明医科大学,5DA6,口腔医学,,,,,,539,10069,,,,,,539,10069,,,,,,,,,本科,,,,,
8372998,上海,本科批,物理,,XF8A7C2,专业组01,塔里木大学,FBFE,物流管理,,,,,,411,40210,,,,,,411,40210,,,,,,,,,本科,,,,,
8372999,上海,本科批,物理,,XF8A7C2,专业组01,塔里木大学,7CCB,工商管理类（含:人力资源管理、工商管理、财务管理、会计学专业）,含:人力资源管理、工商管理、财务管理、会计学专业,,,,,414,39641,,,,,,414,39641,,,,,,,,,本科,,,,,
8373573,上海,本科批,物理,,X6F79E5,专业组01,哈尔滨工业大学（威海）,A3D0,"工科试验班（机器人与智能装备类拔尖班。含:机器人工程、机械设计制造及其自动化、精密仪器、飞行器制造工程、飞行器动力工程、智能感知工程、测控技术与仪器、智能制造工程、机械电子工程、仿生科学与工程、工业工程、能源与动力工程、核工程与核技术、新能源科学与工程、储能科学与工程专业。本专业类内任选专业。后两年校本部（哈尔滨）培养,转专业范围仅限工科试验班（机器人与智能装备类拔尖班）、工科试验班（先进材料与智能制造类拔尖班）、工科试验班（智能土木类拔尖班）、工科试验班（生态环境类拔尖班）专业）",机器人与智能装备类拔尖班。含:机器人工程、机械设计制造及其自动化、精密仪器、飞行器制造工程、飞行器动力工程、智能感知工程、测控技术与仪器、智能制造工程、机械电子工程、仿生科学与工程、工业工程、能源与动力工程、核工程与核技术、新能源科学与工程、储能科学与工程专业。本专业类内任选专业。后两年校本部（哈尔滨; 机器人与智能装备类拔尖班; 先进材料与智能制造类拔尖班; 智能土木类拔尖班; 生态环境类拔尖班,,,,,573,3676,,,,,,573,3676,,,,,,,,,本科,,,,,
8373574,上海,本科批,物理,,X6F79E5,专业组01,哈尔滨工业大学（威海）,4ACC,工科试验班（计算机与电子通信方向。含:计算机科学与技术、人工智能、网络空间安全、通信工程、海洋信息工程、电子信息工程、微电子科学与工程、光电信息科学与工程专业。该专业类内任选专业）,计算机与电子通信方向。含:计算机科学与技术、人工智能、网络空间安全、通信工程、海洋信息工程、电子信息工程、微电子科学与工程、光电信息科学与工程专业。该专业类内任选专业,,,,,573,3676,,,,,,573,3676,,,,,,,,,本科,,,,,
8373575,上海,本科批,物理,,X6F79E5,专业组01,哈尔滨工业大学（威海）,D160,工科试验班（电气与自动化方向。含:自动化、电气工程及其自动化、智能材料与结构专业。该专业类内任选专业）,电气与自动化方向。含:自动化、电气工程及其自动化、智能材料与结构专业。该专业类内任选专业,,,,,574,3531,,,,,,574,3531,,,,,,,,,本科,,,,,
8373891,上海,本科批,物理,,X6402F6,专业组01,哈尔滨工业大学（深圳）,52CC,工科试验班（计算机与电子通信方向。含:计算机科学与技术、数据科学与大数据技术、通信工程、光电信息科学与工程、电子封装技术、集成电路设计与集成系统专业。本专业类内任选专业）,计算机与电子通信方向。含:计算机科学与技术、数据科学与大数据技术、通信工程、光电信息科学与工程、电子封装技术、集成电路设计与集成系统专业。本专业类内任选专业,,,,,581,2552,,,,,,581,2552,,,,,,,,,本科,,,,,
8374263,上海,本科批,物理,,XA2AD51,专业组01,沈阳化工大学,52FD,应用化学,,,,,,427,37063,,,,,,427,37063,,,,,,,,,本科,,,,,
8374264,上海,本科批,物理,,XA2AD51,专业组01,沈阳化工大学,5B8B,高分子材料与工程,,,,,,428,36833,,,,,,428,36833,,,,,,,,,本科,,,,,
8374265,上海,本科批,物理,,XA2AD51,专业组01,沈阳化工大学,6995,网络工程,,,,,,429,36629,,,,,,429,36629,,,,,,,,,本科,,,,,
8374266,上海,本科批,物理,,XA2AD51,专业组01,沈阳化工大学,D6ED,化学工程与工艺,,,,,,429,36629,,,,,,429,36629,,,,,,,,,本科,,,,,
8374267,上海,本科批,物理,,XA2AD51,专业组01,沈阳化工大学,B9A5,计算机科学与技术,,,,,,430,36436,,,,,,430,36436,,,,,,,,,本科,,,,,
8375292,上海,本科批,物理,,XC72069,专业组02,西藏大学,C15F,生物科学（师范类）,师范类,,,,,440,34239,,,,,,440,34239,,,,,,,,,本科,,,,,
8375293,上海,本科批,物理,,XC72069,专业组05,西藏大学,FB18,财务管理,,,,,,440,34239,,,,,,440,34239,,,,,,,,,本科,,,,,
8375294,上海,本科批,物理,,XC72069,专业组01,西藏大学,4BF3,护理学,,,,,,442,33781,,,,,,442,33781,,,,,,,,,本科,,,,,
8375295,上海,本科批,物理,,XC72069,专业组05,西藏大学,0FBC,金融学,,,,,,444,33286,,,,,,444,33286,,,,,,,,,本科,,,,,
8375296,上海,本科批,物理,,XC72069,专业组04,西藏大学,927B,法学,,,,,,447,32641,,,,,,447,32641,,,,,,,,,本科,,,,,
8375297,上海,本科批,物理,,XC72069,专业组03,西藏大学,CE50,汉语言文学（语文单科成绩不低于100分）,语文单科成绩不低于100分,,,,,450,31904,,,,,,450,31904,,,,,,,,,本科,,,,,
8375298,上海,本科批,物理,,XC72069,专业组04,西藏大学,C17B,思想政治教育（师范类）,师范类,,,,,470,26996,,,,,,470,26996,,,,,,,,,本科,,,,,
8375901,上海,本科批,物理,,X41AF31,专业组02,中国矿业大学（北京）,EF7C,工商管理类,,,,,,525,13276,,,,,,525,13276,,,,,,,,,本科,,,,,
8375902,上海,本科批,物理,,X41AF31,专业组01,中国矿业大学（北京）,D081,新能源科学与工程,,,,,,540,9848,,,,,,540,9848,,,,,,,,,本科,,,,,
8375903,上海,本科批,物理,,X41AF31,专业组01,中国矿业大学（北京）,F068,人工智能,,,,,,542,9417,,,,,,542,9417,,,,,,,,,本科,,,,,
8375904,上海,本科批,物理,,X41AF31,专业组01,中国矿业大学（北京）,8684,智能制造工程,,,,,,542,9417,,,,,,542,9417,,,,,,,,,本科,,,,,
8375905,上海,本科批,物理,,X41AF31,专业组01,中国矿业大学（北京）,A5B7,电气工程及其自动化,,,,,,542,9417,,,,,,542,9417,,,,,,,,,本科,,,,,
8376513,上海,本科批,物理,,X707423,专业组01,云南民族大学,0405,数据科学与大数据技术（不能准确识别颜色者不取）,不能准确识别颜色者不取,,,,,432,36033,,,,,,432,36033,,,,,,,,,本科,,,,,
8376514,上海,本科批,物理,,X707423,专业组01,云南民族大学,A5B7,电气工程及其自动化,,,,,,436,35127,,,,,,436,35127,,,,,,,,,本科,,,,,
8376515,上海,本科批,物理,,X707423,专业组02,云南民族大学,487F,民族学,,,,,,448,32390,,,,,,448,32390,,,,,,,,,本科,,,,,
8376516,上海,本科批,物理,,X707423,专业组03,云南民族大学,D243,汉语言文学,,,,,,457,30232,,,,,,457,30232,,,,,,,,,本科,,,,,
8377682,上海,本科批,物理,,XD36A47,专业组01,湖南文理学院,5E49,食品科学与工程,,,,,,424,37692,,,,,,424,37692,,,,,,,,,本科,,,,,
8377683,上海,本科批,物理,,XD36A47,专业组01,湖南文理学院,4ECE,土木工程,,,,,,425,37468,,,,,,425,37468,,,,,,,,,本科,,,,,
8377684,上海,本科批,物理,,XD36A47,专业组01,湖南文理学院,78FF,机械设计制造及其自动化,,,,,,425,37468,,,,,,425,37468,,,,,,,,,本科,,,,,
8377685,上海,本科批,物理,,XD36A47,专业组01,湖南文理学院,BE91,医学检验技术,,,,,,427,37063,,,,,,427,37063,,,,,,,,,本科,,,,,
8377686,上海,本科批,物理,,XD36A47,专业组03,湖南文理学院,25DE,国际经济与贸易,,,,,,428,36833,,,,,,428,36833,,,,,,,,,本科,,,,,
8377687,上海,本科批,物理,,XD36A47,专业组03,湖南文理学院,AD5B,电子商务及法律,,,,,,429,36629,,,,,,429,36629,,,,,,,,,本科,,,,,
8377688,上海,本科批,物理,,XD36A47,专业组03,湖南文理学院,5E19,会计学,,,,,,429,36629,,,,,,429,36629,,,,,,,,,本科,,,,,
8377689,上海,本科批,物理,,XD36A47,专业组03,湖南文理学院,DFD2,学前教育（师范类）,师范类,,,,,429,36629,,,,,,429,36629,,,,,,,,,本科,,,,,
8377690,上海,本科批,物理,,XD36A47,专业组03,湖南文理学院,AFF5,汉语言文学（师范类）,师范类,,,,,432,36033,,,,,,432,36033,,,,,,,,,本科,,,,,
8377691,上海,本科批,物理,,XD36A47,专业组02,湖南文理学院,C17B,思想政治教育（师范类）,师范类,,,,,436,35127,,,,,,436,35127,,,,,,,,,本科,,,,,
8378414,上海,本科批,物理,,X9C0E4B,专业组02,华北电力大学保定校区,371D,工程造价,,,,,,536,10760,,,,,,536,10760,,,,,,,,,本科,,,,,
8378415,上海,本科批,物理,,X9C0E4B,专业组01,华北电力大学保定校区,03B1,智能科学与技术,,,,,,550,7798,,,,,,550,7798,,,,,,,,,本科,,,,,
8378416,上海,本科批,物理,,X9C0E4B,专业组01,华北电力大学保定校区,ECA4,通信工程,,,,,,550,7798,,,,,,550,7798,,,,,,,,,本科,,,,,
8378417,上海,本科批,物理,,X9C0E4B,专业组01,华北电力大学保定校区,D583,网络空间安全,,,,,,551,7592,,,,,,551,7592,,,,,,,,,本科,,,,,
8378418,上海,本科批,物理,,X9C0E4B,专业组01,华北电力大学保定校区,B9A5,计算机科学与技术,,,,,,551,7592,,,,,,551,7592,,,,,,,,,本科,,,,,
8378419,上海,本科批,物理,,X9C0E4B,专业组01,华北电力大学保定校区,3557,能源与动力工程,,,,,,552,7412,,,,,,552,7412,,,,,,,,,本科,,,,,
8378420,上海,本科批,物理,,X9C0E4B,专业组01,华北电力大学保定校区,4C65,自动化,,,,,,554,7021,,,,,,554,7021,,,,,,,,,本科,,,,,
8378421,上海,本科批,物理,,X9C0E4B,专业组01,华北电力大学保定校区,A5D2,测控技术与仪器,,,,,,557,6458,,,,,,557,6458,,,,,,,,,本科,,,,,
8378422,上海,本科批,物理,,X9C0E4B,专业组01,华北电力大学保定校区,A5B7,电气工程及其自动化,,,,,,558,6285,,,,,,558,6285,,,,,,,,,本科,,,,,
8379392,上海,本科批,物理,,XD6D113,专业组01,兰州财经大学,CA0F,旅游管理,,,,,,425,37468,,,,,,425,37468,,,,,,,,,本科,,,,,
8379393,上海,本科批,物理,,XD6D113,专业组02,兰州财经大学,38C7,会计学（中外合作办学）（121中美实验班）,中外合作办学; 121中美实验班,,,,,425,37468,,,,,,425,37468,,,,,,,,,本科,,,,,
8379394,上海,本科批,物理,,XD6D113,专业组01,兰州财经大学,1D5E,税收学,,,,,,426,37259,,,,,,426,37259,,,,,,,,,本科,,,,,
8379395,上海,本科批,物理,,XD6D113,专业组01,兰州财经大学,42F1,资产评估,,,,,,426,37259,,,,,,426,37259,,,,,,,,,本科,,,,,
8379396,上海,本科批,物理,,XD6D113,专业组01,兰州财经大学,D243,汉语言文学,,,,,,428,36833,,,,,,428,36833,,,,,,,,,本科,,,,,
8379397,上海,本科批,物理,,XD6D113,专业组01,兰州财经大学,25DE,国际经济与贸易,,,,,,429,36629,,,,,,429,36629,,,,,,,,,本科,,,,,
8379398,上海,本科批,物理,,XD6D113,专业组01,兰州财经大学,0FBC,金融学,,,,,,429,36629,,,,,,429,36629,,,,,,,,,本科,,,,,
8379399,上海,本科批,物理,,XD6D113,专业组01,兰州财经大学,5E19,会计学,,,,,,430,36436,,,,,,430,36436,,,,,,,,,本科,,,,,
8380876,上海,本科批,物理,,XEC4EEE,专业组01,湖北医药学院,3B42,精神医学,,,,,,475,25819,,,,,,475,25819,,,,,,,,,本科,,,,,
8380877,上海,本科批,物理,,XEC4EEE,专业组01,湖北医药学院,BE91,医学检验技术,,,,,,478,25053,,,,,,478,25053,,,,,,,,,本科,,,,,
8380878,上海,本科批,物理,,XEC4EEE,专业组01,湖北医药学院,57E6,医学影像学,,,,,,482,24080,,,,,,482,24080,,,,,,,,,本科,,,,,
8380879,上海,本科批,物理,,XEC4EEE,专业组01,湖北医药学院,A5C6,麻醉学,,,,,,483,23814,,,,,,483,23814,,,,,,,,,本科,,,,,
8380880,上海,本科批,物理,,XEC4EEE,专业组01,湖北医药学院,97D0,临床医学,,,,,,484,23553,,,,,,484,23553,,,,,,,,,本科,,,,,
8381538,上海,本科批,物理,,X1053DD,专业组02,锦州医科大学,D46A,运动康复（中外合作办学）（只招身体健康考生）,中外合作办学; 只招身体健康考生,,,,,433,35806,,,,,,433,35806,,,,,,,,,本科,,,,,
8381539,上海,本科批,物理,,X1053DD,专业组01,锦州医科大学,57E6,医学影像学,,,,,,485,23293,,,,,,485,23293,,,,,,,,,本科,,,,,
8381540,上海,本科批,物理,,X1053DD,专业组01,锦州医科大学,97D0,临床医学,,,,,,486,23040,,,,,,486,23040,,,,,,,,,本科,,,,,
8381541,上海,本科批,物理,,X1053DD,专业组01,锦州医科大学,A5C6,麻醉学,,,,,,493,21226,,,,,,493,21226,,,,,,,,,本科,,,,,
8381542,上海,本科批,物理,,X1053DD,专业组01,锦州医科大学,5DA6,口腔医学,,,,,,498,19960,,,,,,498,19960,,,,,,,,,本科,,,,,
8382712,上海,本科批,物理,,X27D448,专业组01,辽宁中医药大学,7746,中医学（5+3一体化。非英语语种考生慎报）,5+3一体化。非英语语种考生慎报,,,,,498,19960,,,,,,498,19960,,,,,,,,,本科,,,,,
8383212,上海,本科批,物理,,X4DB855,专业组01,安徽中医药大学,6246,针灸推拿学,,,,,,521,14281,,,,,,521,14281,,,,,,,,,本科,,,,,
8383213,上海,本科批,物理,,X4DB855,专业组01,安徽中医药大学,03FE,中医学,,,,,,527,12860,,,,,,527,12860,,,,,,,,,本科,,,,,
8385036,上海,本科批,物理,,X961AAD,专业组01,沈阳药科大学,10A0,药学,,,,,,519,14753,,,,,,519,14753,,,,,,,,,本科,,,,,
8385037,上海,本科批,物理,,X961AAD,专业组01,沈阳药科大学,B694,生物制药,,,,,,530,12143,,,,,,530,12143,,,,,,,,,本科,,,,,
8386319,上海,本科批,物理,,X26BD73,专业组01,沈阳农业大学,5FC4,环境科学,,,,,,426,37259,,,,,,426,37259,,,,,,,,,本科,,,,,
8386320,上海,本科批,物理,,X26BD73,专业组01,沈阳农业大学,6836,设施农业科学与工程,,,,,,427,37063,,,,,,427,37063,,,,,,,,,本科,,,,,
8386321,上海,本科批,物理,,X26BD73,专业组01,沈阳农业大学,C5CB,园艺,,,,,,428,36833,,,,,,428,36833,,,,,,,,,本科,,,,,
8386322,上海,本科批,物理,,X26BD73,专业组01,沈阳农业大学,4226,大气科学,,,,,,430,36436,,,,,,430,36436,,,,,,,,,本科,,,,,
8386323,上海,本科批,物理,,X26BD73,专业组01,沈阳农业大学,5E49,食品科学与工程,,,,,,430,36436,,,,,,430,36436,,,,,,,,,本科,,,,,
8386324,上海,本科批,物理,,X26BD73,专业组01,沈阳农业大学,93E3,电子信息工程,,,,,,431,36222,,,,,,431,36222,,,,,,,,,本科,,,,,
8386325,上海,本科批,物理,,X26BD73,专业组01,沈阳农业大学,78FF,机械设计制造及其自动化,,,,,,434,35570,,,,,,434,35570,,,,,,,,,本科,,,,,
8386326,上海,本科批,物理,,X26BD73,专业组01,沈阳农业大学,0325,动物医学,,,,,,435,35341,,,,,,435,35341,,,,,,,,,本科,,,,,
8387445,上海,本科批,物理,,XE94639,专业组01,北京第二外国语学院,89E1,"阿拉伯语（含:人文交流、中译阿翻译2个方向。大一不分方向,第三学期初,选拔15人左右进入中译阿翻译方向（中阿翻译拔尖人才班）,其他人分为两个自然班级,按照阿拉伯语（人文交流）方向培养）","含:人文交流、中译阿翻译2个方向。大一不分方向,第三学期初,选拔15人左右进入中译阿翻译方向（中阿翻译拔尖人才班; 人文交流",,,,,487,22781,,,,,,487,22781,,,,,,,,,本科,,,,,
8387446,上海,本科批,物理,,XE94639,专业组01,北京第二外国语学院,189E,财务管理（智能财务方向）,智能财务方向,,,,,491,21744,,,,,,491,21744,,,,,,,,,本科,,,,,
8387447,上海,本科批,物理,,XE94639,专业组01,北京第二外国语学院,0A8F,金融学（跨境金融方向）,跨境金融方向,,,,,492,21473,,,,,,492,21473,,,,,,,,,本科,,,,,
8387448,上海,本科批,物理,,XE94639,专业组01,北京第二外国语学院,47A4,匈牙利语,,,,,,493,21226,,,,,,493,21226,,,,,,,,,本科,,,,,
8387449,上海,本科批,物理,,XE94639,专业组01,北京第二外国语学院,1E11,财务管理（资本量化分析方向）,资本量化分析方向,,,,,497,20203,,,,,,497,20203,,,,,,,,,本科,,,,,
8387450,上海,本科批,物理,,XE94639,专业组01,北京第二外国语学院,CA96,会展经济与管理（国际会展活动策划与运营方向）,国际会展活动策划与运营方向,,,,,499,19729,,,,,,499,19729,,,,,,,,,本科,,,,,
8387451,上海,本科批,物理,,XE94639,专业组01,北京第二外国语学院,85DD,日语（漫画文创方向）,漫画文创方向,,,,,500,19486,,,,,,500,19486,,,,,,,,,本科,,,,,
8387452,上海,本科批,物理,,XE94639,专业组01,北京第二外国语学院,812C,"旅游管理（含:4个方向,大一不分方向,通开培养。大一期末根据学生一年级学业成绩从高到低排序,依次选择方向。其中旅游经济战略与管理方向接收55人左右,文化旅游与遗产管理、数字文旅和旅游规划与开发3个方向各接收27人左右）","含:4个方向,大一不分方向,通开培养。大一期末根据学生一年级学业成绩从高到低排序,依次选择方向。其中旅游经济战略与管理方向接收55人左右,文化旅游与遗产管理、数字文旅和旅游规划与开发3个方向各接收27人左右",,,,,501,19243,,,,,,501,19243,,,,,,,,,本科,,,,,
8387453,上海,本科批,物理,,XE94639,专业组01,北京第二外国语学院,89AE,"法语（含:人文、国情2个方向。大一、大二统一培养,不分方向,第四学期末学生自主选择方向;如一个方向选择人数不足12人,则该方向不再开设,选择该方向的学生须转入另一个方向）","含:人文、国情2个方向。大一、大二统一培养,不分方向,第四学期末学生自主选择方向;如一个方向选择人数不足12人,则该方向不再开设,选择该方向的学生须转入另一个方向",,,,,503,18767,,,,,,503,18767,,,,,,,,,本科,,,,,
8387454,上海,本科批,物理,,XE94639,专业组01,北京第二外国语学院,CB32,商务英语（国际商业管理方向）,国际商业管理方向,,,,,523,13763,,,,,,523,13763,,,,,,,,,本科,,,,,
8387792,上海,专科批,物理,,X3E572B,专业组Z01,四川工程职业技术大学,DC5F,新能源汽车技术（办学点：校本部）,办学点：校本部,,,,,115,5062,,,,,,115,5062,,,,,,,,,专科,,,,,
8387793,上海,专科批,物理,,X3E572B,专业组Z01,四川工程职业技术大学,E97F,电子商务（办学点：校本部）,办学点：校本部,,,,,134,4903,,,,,,134,4903,,,,,,,,,专科,,,,,
8387794,上海,专科批,物理,,X3E572B,专业组Z01,四川工程职业技术大学,D81C,物联网应用技术（办学点：校本部）,办学点：校本部,,,,,204,3694,,,,,,204,3694,,,,,,,,,专科,,,,,
8387795,上海,专科批,物理,,X3E572B,专业组Z01,四川工程职业技术大学,2631,机械制造及自动化（办学点：校本部）,办学点：校本部,,,,,230,2614,,,,,,230,2614,,,,,,,,,专科,,,,,
8389168,上海,专科批,物理,,X336FE5,专业组Z01,成都航空职业技术大学,525C,飞行器数字化制造技术（办学点：校本部）,办学点：校本部,,,,,205,3668,,,,,,205,3668,,,,,,,,,专科,,,,,
8389169,上海,专科批,物理,,X336FE5,专业组Z01,成都航空职业技术大学,F329,飞机机电设备维修（办学点：校本部）（只招男生）,办学点：校本部; 只招男生,,,,,208,3585,,,,,,208,3585,,,,,,,,,专科,,,,,
8389170,上海,专科批,物理,,X336FE5,专业组Z01,成都航空职业技术大学,0BA2,航空发动机维修技术（办学点：校本部）（只招男生）,办学点：校本部; 只招男生,,,,,223,2996,,,,,,223,2996,,,,,,,,,专科,,,,,
8390090,上海,本科批,物理,,XBDFA18,专业组01,北京体育大学,D9BF,"旅游管理（中外合作办学）（外语单科成绩不低于105分。英语授课,须达到英语考试标准方可毕业,非英语语种考生慎报）","中外合作办学; 外语单科成绩不低于105分。英语授课,须达到英语考试标准方可毕业,非英语语种考生慎报",,,,,498,19960,,,,,,498,19960,,,,,,,,,本科,,,,,
8390500,上海,本科批,物理,,X3EB7D9,专业组01,淮阴师范学院,DFD2,学前教育（师范类）,师范类,,,,,437,34923,,,,,,437,34923,,,,,,,,,本科,,,,,
8390501,上海,本科批,物理,,X3EB7D9,专业组01,淮阴师范学院,92DB,知识产权,,,,,,437,34923,,,,,,437,34923,,,,,,,,,本科,,,,,
8390502,上海,本科批,物理,,X3EB7D9,专业组01,淮阴师范学院,3739,广告学,,,,,,437,34923,,,,,,437,34923,,,,,,,,,本科,,,,,
8390503,上海,本科批,物理,,X3EB7D9,专业组01,淮阴师范学院,A615,汉语国际教育,,,,,,437,34923,,,,,,437,34923,,,,,,,,,本科,,,,,
8391493,上海,本科批,物理,,XD6EA12,专业组01,盐城师范学院,4852,应用心理学,,,,,,444,33286,,,,,,444,33286,,,,,,,,,本科,,,,,
8392309,上海,本科批,物理,,X565BD2,专业组01,北京协和医学院,4BF3,护理学,,,,,,522,14026,,,,,,522,14026,,,,,,,,,本科,,,,,
8392844,上海,本科批,物理,,X42A4C7,专业组01,贵州中医药大学,4C2A,中药学,,,,,,431,36222,,,,,,431,36222,,,,,,,,,本科,,,,,
8392845,上海,本科批,物理,,X42A4C7,专业组01,贵州中医药大学,03FE,中医学,,,,,,465,28294,,,,,,465,28294,,,,,,,,,本科,,,,,
8393312,上海,本科提前批,物理,,X44024C,专业组01,陆军工程大学,6A3A,建筑环境与能源应用工程,,,,,,437,34923,,,,,,437,34923,,,,,,,,,本科,,,,,
8393313,上海,本科提前批,物理,,X44024C,专业组02,陆军工程大学,6F56,工程管理,,,,,,447,32641,,,,,,447,32641,,,,,,,,,本科,,,,,
8393314,上海,本科提前批,物理,,X44024C,专业组01,陆军工程大学,4ECE,土木工程,,,,,,458,29994,,,,,,458,29994,,,,,,,,,本科,,,,,
8393315,上海,本科提前批,物理,,X44024C,专业组01,陆军工程大学,ECA4,通信工程,,,,,,460,29525,,,,,,460,29525,,,,,,,,,本科,,,,,
8393316,上海,本科提前批,物理,,X44024C,专业组01,陆军工程大学,A5B7,电气工程及其自动化,,,,,,478,25053,,,,,,478,25053,,,,,,,,,本科,,,,,
8393317,上海,本科提前批,物理,,X44024C,专业组02,陆军工程大学,A5C9,建筑学,,,,,,490,22003,,,,,,490,22003,,,,,,,,,本科,,,,,
8394037,上海,本科批,物理,,X5E9B9B,专业组01,中国人民警察大学,B6C4,核生化消防（女生慎报）,女生慎报,,,,,423,37882,,,,,,423,37882,,,,,,,,,本科,,,,,
8394038,上海,本科批,物理,,X5E9B9B,专业组01,中国人民警察大学,CB53,抢险救援指挥与技术（女生慎报）,女生慎报,,,,,425,37468,,,,,,425,37468,,,,,,,,,本科,,,,,
8394039,上海,本科批,物理,,X5E9B9B,专业组01,中国人民警察大学,418D,火灾勘查,,,,,,426,37259,,,,,,426,37259,,,,,,,,,本科,,,,,
8394040,上海,本科批,物理,,X5E9B9B,专业组01,中国人民警察大学,0A76,消防工程,,,,,,426,37259,,,,,,426,37259,,,,,,,,,本科,,,,,
8394041,上海,本科批,物理,,X5E9B9B,专业组02,中国人民警察大学,598C,消防指挥（女生慎报）,女生慎报,,,,,463,28756,,,,,,463,28756,,,,,,,,,本科,,,,,
8394042,上海,本科批,物理,,X5E9B9B,专业组03,中国人民警察大学,88A3,海外安全管理,,,,,,476,25541,,,,,,476,25541,,,,,,,,,本科,,,,,
8395609,上海,本科批,物理,,X07A35B,专业组04,上海体育大学,8E7F,工商管理类（含:市场营销、体育经济与管理专业）,含:市场营销、体育经济与管理专业,,,,,485,23293,,,,,,485,23293,,,,,,,,,本科,,,,,
8395610,上海,本科批,物理,,X07A35B,专业组06,上海体育大学,4718,数据科学与大数据技术,,,,,,486,23040,,,,,,486,23040,,,,,,,,,本科,,,,,
8395611,上海,本科批,物理,,X07A35B,专业组05,上海体育大学,3E32,医学技术类（运动健康方向。含:运动人体科学、运动康复、运动与公共健康、运动能力开发、康复治疗学、应用心理学专业）,运动健康方向。含:运动人体科学、运动康复、运动与公共健康、运动能力开发、康复治疗学、应用心理学专业,,,,,487,22781,,,,,,487,22781,,,,,,,,,本科,,,,,
8395612,上海,本科批,物理,,X07A35B,专业组02,上海体育大学,39BE,英语（英语单科成绩不低于110分）,英语单科成绩不低于110分,,,,,491,21744,,,,,,491,21744,,,,,,,,,本科,,,,,
8395613,上海,本科批,物理,,X07A35B,专业组03,上海体育大学,A615,汉语国际教育,,,,,,492,21473,,,,,,492,21473,,,,,,,,,本科,,,,,
8395614,上海,本科批,物理,,X07A35B,专业组01,上海体育大学,68F4,新闻学,,,,,,511,16761,,,,,,511,16761,,,,,,,,,本科,,,,,
8397845,上海,本科批,物理,,XD7F07A,专业组01,江苏海洋大学,4ECE,土木工程,,,,,,440,34239,,,,,,440,34239,,,,,,,,,本科,,,,,
8397846,上海,本科批,物理,,XD7F07A,专业组01,江苏海洋大学,F620,安全工程,,,,,,440,34239,,,,,,440,34239,,,,,,,,,本科,,,,,
8397847,上海,本科批,物理,,XD7F07A,专业组01,江苏海洋大学,93E3,电子信息工程,,,,,,441,33999,,,,,,441,33999,,,,,,,,,本科,,,,,
8397848,上海,本科批,物理,,XD7F07A,专业组01,江苏海洋大学,25FE,数学与应用数学,,,,,,441,33999,,,,,,441,33999,,,,,,,,,本科,,,,,
8397849,上海,本科批,物理,,XD7F07A,专业组01,江苏海洋大学,4C65,自动化,,,,,,441,33999,,,,,,441,33999,,,,,,,,,本科,,,,,
8397850,上海,本科批,物理,,XD7F07A,专业组02,江苏海洋大学,02EF,日语（外语语种为英语、日语）,外语语种为英语、日语,,,,,451,31665,,,,,,451,31665,,,,,,,,,本科,,,,,
8397851,上海,本科批,物理,,XD7F07A,专业组02,江苏海洋大学,68F4,新闻学,,,,,,451,31665,,,,,,451,31665,,,,,,,,,本科,,,,,
8397852,上海,本科批,物理,,XD7F07A,专业组02,江苏海洋大学,5E19,会计学,,,,,,451,31665,,,,,,451,31665,,,,,,,,,本科,,,,,
8397853,上海,本科批,物理,,XD7F07A,专业组02,江苏海洋大学,04A0,工商管理,,,,,,452,31399,,,,,,452,31399,,,,,,,,,本科,,,,,
8397854,上海,本科批,物理,,XD7F07A,专业组02,江苏海洋大学,D243,汉语言文学,,,,,,461,29262,,,,,,461,29262,,,,,,,,,本科,,,,,
8400024,上海,本科批,物理,,XE5F9F1,专业组01,北京电影学院,7288,文化产业管理,,,,,,524,13538,,,,,,524,13538,,,,,,,,,本科,,,,,
8400025,上海,本科批,物理,,XE5F9F1,专业组05,北京电影学院,A5DA,影视技术,,,,,,530,12143,,,,,,530,12143,,,,,,,,,本科,,,,,
8400026,上海,本科批,物理,,XE5F9F1,专业组02,北京电影学院,0B16,电影学（制片与市场方向）,制片与市场方向,,,,,531,11919,,,,,,531,11919,,,,,,,,,本科,,,,,
8400027,上海,本科批,物理,,XE5F9F1,专业组03,北京电影学院,E0AD,戏剧影视文学（剧作方向）,剧作方向,,,,,538,10306,,,,,,538,10306,,,,,,,,,本科,,,,,
8400028,上海,本科批,物理,,XE5F9F1,专业组04,北京电影学院,AA9E,戏剧影视文学（动漫策划方向）,动漫策划方向,,,,,543,9186,,,,,,543,9186,,,,,,,,,本科,,,,,
8400476,上海,本科批,物理,,X8AB0C4,专业组01,中国石油大学（北京）克拉玛依校区,76B9,统计学,,,,,,498,19960,,,,,,498,19960,,,,,,,,,本科,,,,,
8401691,上海,本科批,物理,,XF5C873,专业组01,上海戏剧学院,6F0C,艺术管理,,,,,,526,13085,,,,,,526,13085,,,,,,,,,本科,,,,,
8401692,上海,本科批,物理,,XF5C873,专业组01,上海戏剧学院,59DD,戏剧学,,,,,,528,12627,,,,,,528,12627,,,,,,,,,本科,,,,,
8401693,上海,本科批,物理,,XF5C873,专业组01,上海戏剧学院,6358,影视摄影与制作,,,,,,529,12388,,,,,,529,12388,,,,,,,,,本科,,,,,
8401694,上海,本科批,物理,,XF5C873,专业组01,上海戏剧学院,2242,广播电视编导,,,,,,530,12143,,,,,,530,12143,,,,,,,,,本科,,,,,
8401695,上海,本科批,物理,,XF5C873,专业组01,上海戏剧学院,3765,戏剧教育,,,,,,533,11462,,,,,,533,11462,,,,,,,,,本科,,,,,
8401696,上海,本科批,物理,,XF5C873,专业组01,上海戏剧学院,5A5A,戏剧影视文学,,,,,,548,8178,,,,,,548,8178,,,,,,,,,本科,,,,,
8401919,上海,本科批,物理,,X60F053,专业组01,北京印刷学院,7288,文化产业管理,,,,,,465,28294,,,,,,465,28294,,,,,,,,,本科,,,,,
8401920,上海,本科批,物理,,X60F053,专业组01,北京印刷学院,9CA5,传播学,,,,,,470,26996,,,,,,470,26996,,,,,,,,,本科,,,,,
8401921,上海,本科批,物理,,X60F053,专业组01,北京印刷学院,5D72,网络与新媒体,,,,,,472,26492,,,,,,472,26492,,,,,,,,,本科,,,,,
8402763,上海,本科批,物理,,X207325,专业组01,南京艺术学院,7C28,智能交互设计,,,,,,488,22514,,,,,,488,22514,,,,,,,,,本科,,,,,
8402764,上海,本科批,物理,,X207325,专业组02,南京艺术学院,6F0C,艺术管理,,,,,,493,21226,,,,,,493,21226,,,,,,,,,本科,,,,,
8402765,上海,本科批,物理,,X207325,专业组02,南京艺术学院,7288,文化产业管理,,,,,,495,20693,,,,,,495,20693,,,,,,,,,本科,,,,,
8402766,上海,本科批,物理,,X207325,专业组02,南京艺术学院,5A5A,戏剧影视文学,,,,,,504,18539,,,,,,504,18539,,,,,,,,,本科,,,,,
8402767,上海,本科批,物理,,X207325,专业组02,南京艺术学院,6358,影视摄影与制作,,,,,,509,17313,,,,,,509,17313,,,,,,,,,本科,,,,,
8402768,上海,本科批,物理,,X207325,专业组02,南京艺术学院,EFA9,艺术设计学,,,,,,519,14753,,,,,,519,14753,,,,,,,,,本科,,,,,
8402906,上海,本科批,物理,,XF97FBD,专业组Q3,上海交通大学医学院,F196,"护理学（4+1本硕项目。国家一流本科,本科毕业前达到新加坡国立大学的硕士录取标准,可进入硕士阶段培养）","4+1本硕项目。国家一流本科,本科毕业前达到新加坡国立大学的硕士录取标准,可进入硕士阶段培养",,,,,567,4662,,,,,,567,4662,,,,,,,,,本科,,,,,
8402907,上海,本科批,物理,,XF97FBD,专业组Q2,上海交通大学医学院,9BDF,医学技术类（含:医学检验技术、食品卫生与营养学、医学影像技术、听力与言语康复学专业。含:食品卫生与营养学-行政管理双学士学位项目。听力与言语康复学专业含:澳大利亚麦考瑞大学交流项目）,含:医学检验技术、食品卫生与营养学、医学影像技术、听力与言语康复学专业。含:食品卫生与营养学-行政管理双学士学位项目。听力与言语康复学专业含:澳大利亚麦考瑞大学交流项目,,,,,573,3676,,,,,,573,3676,,,,,,,,,本科,,,,,
8402908,上海,本科批,物理,,XF97FBD,专业组Q2,上海交通大学医学院,6F56,"医学检验技术（法语班。中法4+1本硕连读项目,第一年全体赴法语言培训2个月）","法语班。中法4+1本硕连读项目,第一年全体赴法语言培训2个月",,,,,580,2684,,,,,,580,2684,,,,,,,,,本科,,,,,
8402909,上海,本科批,物理,,XF97FBD,专业组01,上海交通大学医学院,D501,"临床医学（八年制本博连读,口腔方向。国家一流本科、卓越医学创新人才计划。含:卡罗林斯卡大学等交流项目）","八年制本博连读,口腔方向。国家一流本科、卓越医学创新人才计划。含:卡罗林斯卡大学等交流项目",,,,,609,267,,,,,,609,267,,,,,,,,,本科,,,,,
8402910,上海,本科批,物理,,XF97FBD,专业组01,上海交通大学医学院,02E6,临床医学（八年制本博连读方向。国家一流本科、卓越医学创新人才计划。含:美国等国家临床实践交流项目）,八年制本博连读方向。国家一流本科、卓越医学创新人才计划。含:美国等国家临床实践交流项目,,,,,609,267,,,,,,609,267,,,,,,,,,本科,,,,,
8402911,上海,本科批,物理,,XF97FBD,专业组01,上海交通大学医学院,9ED1,"临床医学（八年制本博连读,法语班。国家一流本科、卓越医学创新人才计划。第一年全体赴法语言培训2个月,第七年选拔优秀学生赴法进行为期一年的法国外籍住院医师培训或科研培训）","八年制本博连读,法语班。国家一流本科、卓越医学创新人才计划。第一年全体赴法语言培训2个月,第七年选拔优秀学生赴法进行为期一年的法国外籍住院医师培训或科研培训",,,,,609,267,,,,,,609,267,,,,,,,,,本科,,,,,
8404522,上海,本科批,物理,,X5D7179,专业组01,宁夏医科大学,CD64,儿科学,,,,,,496,20446,,,,,,496,20446,,,,,,,,,本科,,,,,
8404523,上海,本科批,物理,,X5D7179,专业组01,宁夏医科大学,9C74,眼视光医学,,,,,,506,18067,,,,,,506,18067,,,,,,,,,本科,,,,,
8404524,上海,本科批,物理,,X5D7179,专业组01,宁夏医科大学,15CD,口腔医学（创新人才培养班）,创新人才培养班,,,,,506,18067,,,,,,506,18067,,,,,,,,,本科,,,,,
8404525,上海,本科批,物理,,X5D7179,专业组01,宁夏医科大学,57E6,医学影像学,,,,,,507,17795,,,,,,507,17795,,,,,,,,,本科,,,,,
8404526,上海,本科批,物理,,X5D7179,专业组01,宁夏医科大学,97D0,临床医学,,,,,,508,17567,,,,,,508,17567,,,,,,,,,本科,,,,,
8404527,上海,本科批,物理,,X5D7179,专业组01,宁夏医科大学,5DA6,口腔医学,,,,,,511,16761,,,,,,511,16761,,,,,,,,,本科,,,,,
8404528,上海,本科批,物理,,X5D7179,专业组01,宁夏医科大学,7AAA,临床医学（创新人才培养班）,创新人才培养班,,,,,531,11919,,,,,,531,11919,,,,,,,,,本科,,,,,
8407209,上海,本科批,物理,,XDCF549,专业组01,中央戏剧学院,8E8E,戏剧教育（按师范类专业进行人才培养）,按师范类专业进行人才培养,,,,,515,15734,,,,,,515,15734,,,,,,,,,本科,,,,,
8407210,上海,本科批,物理,,XDCF549,专业组01,中央戏剧学院,87CA,艺术管理（剧院管理方向）,剧院管理方向,,,,,518,15023,,,,,,518,15023,,,,,,,,,本科,,,,,
8407211,上海,本科批,物理,,XDCF549,专业组01,中央戏剧学院,C279,戏剧学（戏剧史论与批评方向）,戏剧史论与批评方向,,,,,520,14532,,,,,,520,14532,,,,,,,,,本科,,,,,
8407212,上海,本科批,物理,,XDCF549,专业组01,中央戏剧学院,555C,艺术管理（演出制作方向）,演出制作方向,,,,,521,14281,,,,,,521,14281,,,,,,,,,本科,,,,,
8407213,上海,本科批,物理,,XDCF549,专业组01,中央戏剧学院,E93D,艺术管理（影视制片方向）,影视制片方向,,,,,525,13276,,,,,,525,13276,,,,,,,,,本科,,,,,
8407214,上海,本科批,物理,,XDCF549,专业组01,中央戏剧学院,23E9,戏剧影视文学（戏剧创作方向）,戏剧创作方向,,,,,530,12143,,,,,,530,12143,,,,,,,,,本科,,,,,
8407215,上海,本科批,物理,,XDCF549,专业组01,中央戏剧学院,1768,戏剧影视文学（电视剧创作方向）,电视剧创作方向,,,,,535,10985,,,,,,535,10985,,,,,,,,,本科,,,,,
8407320,上海,本科批,物理,,X930B74,专业组02,四川美术学院,B5C6,艺术史论,,,,,,466,28028,,,,,,466,28028,,,,,,,,,本科,,,,,
8407321,上海,本科批,物理,,X930B74,专业组02,四川美术学院,A5C9,建筑学,,,,,,482,24080,,,,,,482,24080,,,,,,,,,本科,,,,,
8407322,上海,本科批,物理,,X930B74,专业组02,四川美术学院,EFA9,艺术设计学,,,,,,498,19960,,,,,,498,19960,,,,,,,,,本科,,,,,
8407323,上海,本科批,物理,,X930B74,专业组01,四川美术学院,E347,工业设计,,,,,,514,15979,,,,,,514,15979,,,,,,,,,本科,,,,,
8407324,上海,本科批,物理,,X930B74,专业组02,四川美术学院,8717,美术学,,,,,,535,10985,,,,,,535,10985,,,,,,,,,本科,,,,,
8407472,上海,本科批,物理,,X25D88A,专业组02,中国美术学院,52F1,艺术学理论类（含:艺术史论、艺术管理专业）,含:艺术史论、艺术管理专业,,,,,530,12143,,,,,,530,12143,,,,,,,,,本科,,,,,
8407473,上海,本科批,物理,,X25D88A,专业组02,中国美术学院,EFA9,艺术设计学,,,,,,530,12143,,,,,,530,12143,,,,,,,,,本科,,,,,
8407474,上海,本科批,物理,,X25D88A,专业组01,中国美术学院,E347,工业设计,,,,,,532,11678,,,,,,532,11678,,,,,,,,,本科,,,,,
8407475,上海,本科批,物理,,X25D88A,专业组02,中国美术学院,FB65,风景园林,,,,,,539,10069,,,,,,539,10069,,,,,,,,,本科,,,,,
8407533,上海,本科批,物理,,XDAA43F,专业组01,上海音乐学院,6F0C,艺术管理,,,,,,497,20203,,,,,,497,20203,,,,,,,,,本科,,,,,
8407534,上海,本科批,物理,,XDAA43F,专业组02,上海音乐学院,CFF7,艺术与科技（音乐科技与艺术方向）,音乐科技与艺术方向,,,,,499,19729,,,,,,499,19729,,,,,,,,,本科,,,,,
8407566,上海,本科批,物理,,XDD805A,专业组03,中央美术学院,3433,艺术史论（中外合作办学）,中外合作办学,,,,,520,14532,,,,,,520,14532,,,,,,,,,本科,,,,,
8407567,上海,本科批,物理,,XDD805A,专业组03,中央美术学院,CF89,艺术管理（中外合作办学）,中外合作办学,,,,,523,13763,,,,,,523,13763,,,,,,,,,本科,,,,,
8407568,上海,本科批,物理,,XDD805A,专业组01,中央美术学院,1B52,城市设计,,,,,,525,13276,,,,,,525,13276,,,,,,,,,本科,,,,,
8407569,上海,本科批,物理,,XDD805A,专业组02,中央美术学院,6F0C,艺术管理,,,,,,532,11678,,,,,,532,11678,,,,,,,,,本科,,,,,
8409016,上海,本科批,物理,,X008628,专业组02,中国人民大学（苏州校区）,F847,传播学（中外合作办学）（国际传播拔尖创新班。与法国保罗-瓦莱里大学合作办学。毕业时可获中法双学位并可赴该校攻读硕士）,中外合作办学; 国际传播拔尖创新班。与法国保罗-瓦莱里大学合作办学。毕业时可获中法双学位并可赴该校攻读硕士,,,,,570,4158,,,,,,570,4158,,,,,,,,,本科,,,,,
8409017,上海,本科批,物理,,X008628,专业组02,中国人民大学（苏州校区）,4A13,国民经济管理（中外合作办学）（与法国保罗-瓦莱里大学合作办学。毕业时可获中法双学位并可赴该校攻读硕士）,中外合作办学; 与法国保罗-瓦莱里大学合作办学。毕业时可获中法双学位并可赴该校攻读硕士,,,,,572,3846,,,,,,572,3846,,,,,,,,,本科,,,,,
8409018,上海,本科批,物理,,X008628,专业组02,中国人民大学（苏州校区）,9230,金融学（中外合作办学）（与法国KEDGE商学院合作办学。毕业时可获中法双学位并可赴该校攻读硕士）,中外合作办学; 与法国KEDGE商学院合作办学。毕业时可获中法双学位并可赴该校攻读硕士,,,,,572,3846,,,,,,572,3846,,,,,,,,,本科,,,,,
8409019,上海,本科批,物理,,X008628,专业组01,中国人民大学（苏州校区）,77AB,数学与应用数学（中外合作办学）（人大索邦数学拔尖实验班。与法国索邦大学合作办学。毕业时可获中法双学位并可赴该校攻读硕士）,中外合作办学; 人大索邦数学拔尖实验班。与法国索邦大学合作办学。毕业时可获中法双学位并可赴该校攻读硕士,,,,,576,3250,,,,,,576,3250,,,,,,,,,本科,,,,,
8410285,上海,本科批,物理,,X731F7F,专业组Q2,复旦大学上海医学院,2F92,"护理学（国家级一流本科专业建设点。含:美国杜克大学、匹兹堡大学、纽约大学,加拿大多伦多大学,澳大利亚纽卡斯尔大学、弗林德斯大学,芬兰图尔库大学,泰国清迈大学,日本庆应大学,韩国延世大学等校交流项目）","国家级一流本科专业建设点。含:美国杜克大学、匹兹堡大学、纽约大学,加拿大多伦多大学,澳大利亚纽卡斯尔大学、弗林德斯大学,芬兰图尔库大学,泰国清迈大学,日本庆应大学,韩国延世大学等校交流项目",,,,,565,5019,,,,,,565,5019,,,,,,,,,本科,,,,,
8410286,上海,本科批,物理,,X731F7F,专业组01,复旦大学上海医学院,BDAA,"临床医学（八年制本博连读,卓越医生计划。国家级一流本科专业建设点,教育部双一流建设学科,18家附属医院,国家临床医学研究中心,国家首个综合类国家医学中心。含:哥伦比亚大学、牛津大学、悉尼大学、京都大学、科隆大学、维也纳医科大学、杜伊斯堡-埃森大学、香港中文大学等校交流项目）","八年制本博连读,卓越医生计划。国家级一流本科专业建设点,教育部双一流建设学科,18家附属医院,国家临床医学研究中心,国家首个综合类国家医学中心。含:哥伦比亚大学、牛津大学、悉尼大学、京都大学、科隆大学、维也纳医科大学、杜伊斯堡-埃森大学、香港中文大学等校交流项目",,,,,580,2684,,,,,,580,2684,,,,,,,,,本科,,,,,
8410688,上海,本科批,物理,,XEFC3C9,专业组01,首都体育学院,8056,运动人体科学,,,,,,473,26270,,,,,,473,26270,,,,,,,,,本科,,,,,
8410689,上海,本科批,物理,,XEFC3C9,专业组01,首都体育学院,4574,运动康复,,,,,,476,25541,,,,,,476,25541,,,,,,,,,本科,,,,,
8410690,上海,本科批,物理,,XEFC3C9,专业组02,首都体育学院,8360,新闻学（体育新闻方向）,体育新闻方向,,,,,485,23293,,,,,,485,23293,,,,,,,,,本科,,,,,
8411346,上海,本科批,物理,,X050732,专业组01,浙江大学医学院,4DC1,临床医学（5+3一体化培养）,5+3一体化培养,,,,,580,2684,,,,,,580,2684,,,,,,,,,本科,,,,,
8411642,上海,本科批,物理,,X4FB251,专业组01,中国戏曲学院,D602,戏剧影视文学（戏曲文学方向）,戏曲文学方向,,,,,510,17049,,,,,,510,17049,,,,,,,,,本科,,,,,
8411691,上海,本科批,物理,,X6C35CD,专业组01,中国音乐学院,23BA,艺术管理（音乐管理方向）,音乐管理方向,,,,,495,20693,,,,,,495,20693,,,,,,,,,本科,,,,,
