id,生源地,批次,科类,选科限制,院校代码,专业组代码,院校名称,专业代码,专业名称,专业备注,学制,学费,计划数,新增专业,录取最低分,录取最低位次,专业组最低分,专业组最低位次,专业组最低分.1,专业组最低位次.1,计划数.1,最低分,最低位次,计划数.2,最低分.1,最低位次.1,计划数.3,最低分.2,最低位次.2,所在省,城市,本科/专科,隶属单位,院校标签,类型,公私性质,院校水平
8000842,宁夏,本科批,物理,,XE3E6F6,,湖北汽车工业学院,78FF,机械设计制造及其自动化,,,,,,425,15604,,,,,,425,15604,,,,,,,,,本科,,,,,
8001422,宁夏,本科批,物理,,X4B1FD0,,井冈山大学,10A0,药学,,,,,,415,17693,,,,,,415,17693,,,,,,,,,本科,,,,,
8001423,宁夏,本科批,物理,,X4B1FD0,,井冈山大学,03FE,中医学,,,,,,426,15424,,,,,,426,15424,,,,,,,,,本科,,,,,
8001766,宁夏,本科批,历史,,XDA307D,,中原工学院,09EE,市场营销,,,,,,471,5275,,,,,,471,5275,,,,,,,,,本科,,,,,
8001767,宁夏,本科批,历史,,XDA307D,,中原工学院,A7E8,会展经济与管理,,,,,,473,5131,,,,,,473,5131,,,,,,,,,本科,,,,,
8001768,宁夏,本科批,物理,,XDA307D,,中原工学院,371D,工程造价,,,,,,376,26031,,,,,,376,26031,,,,,,,,,本科,,,,,
8001769,宁夏,本科批,物理,,XDA307D,,中原工学院,75BF,纺织工程,,,,,,376,26031,,,,,,376,26031,,,,,,,,,本科,,,,,
8001770,宁夏,本科批,物理,,XDA307D,,中原工学院,5257,工业工程,,,,,,380,25172,,,,,,380,25172,,,,,,,,,本科,,,,,
8001771,宁夏,本科批,物理,,XDA307D,,中原工学院,EAB4,轻化工程,,,,,,390,22976,,,,,,390,22976,,,,,,,,,本科,,,,,
8001772,宁夏,本科批,物理,,XDA307D,,中原工学院,E347,工业设计,,,,,,408,19137,,,,,,408,19137,,,,,,,,,本科,,,,,
8002406,宁夏,本科批,历史,,X7F825D,,衡阳师范学院,8B36,翻译,,,,,,480,4593,,,,,,480,4593,,,,,,,,,本科,,,,,
8002407,宁夏,本科批,历史,,X7F825D,,衡阳师范学院,CA0F,旅游管理,,,,,,480,4593,,,,,,480,4593,,,,,,,,,本科,,,,,
8002408,宁夏,本科批,历史,,X7F825D,,衡阳师范学院,3739,广告学,,,,,,481,4503,,,,,,481,4503,,,,,,,,,本科,,,,,
8002409,宁夏,本科批,历史,,X7F825D,,衡阳师范学院,108F,学前教育,,,,,,482,4429,,,,,,482,4429,,,,,,,,,本科,,,,,
8002410,宁夏,本科批,历史,,X7F825D,,衡阳师范学院,68F4,新闻学,,,,,,484,4295,,,,,,484,4295,,,,,,,,,本科,,,,,
8002411,宁夏,本科批,历史,,X7F825D,,衡阳师范学院,4873,历史学,,,,,,491,3781,,,,,,491,3781,,,,,,,,,本科,,,,,
8002412,宁夏,本科批,历史,,X7F825D,,衡阳师范学院,FD7E,地理科学,,,,,,491,3781,,,,,,491,3781,,,,,,,,,本科,,,,,
8002413,宁夏,本科批,历史,,X7F825D,,衡阳师范学院,D243,汉语言文学,,,,,,495,3504,,,,,,495,3504,,,,,,,,,本科,,,,,
8002414,宁夏,本科批,物理,,X7F825D,,衡阳师范学院,4154,电子商务,,,,,,401,20625,,,,,,401,20625,,,,,,,,,本科,,,,,
8002415,宁夏,本科批,物理,,X7F825D,,衡阳师范学院,BFDA,人文地理与城乡规划,,,,,,402,20405,,,,,,402,20405,,,,,,,,,本科,,,,,
8002416,宁夏,本科批,物理,,X7F825D,,衡阳师范学院,29F4,物联网工程,,,,,,412,18298,,,,,,412,18298,,,,,,,,,本科,,,,,
8002417,宁夏,本科批,物理,,X7F825D,,衡阳师范学院,93E3,电子信息工程,,,,,,414,17904,,,,,,414,17904,,,,,,,,,本科,,,,,
8002418,宁夏,本科批,物理,,X7F825D,,衡阳师范学院,5B8B,高分子材料与工程,,,,,,414,17904,,,,,,414,17904,,,,,,,,,本科,,,,,
8002419,宁夏,本科批,物理,,X7F825D,,衡阳师范学院,3C38,软件工程,,,,,,416,17483,,,,,,416,17483,,,,,,,,,本科,,,,,
8002420,宁夏,本科批,物理,,X7F825D,,衡阳师范学院,548C,信息与计算科学,,,,,,416,17483,,,,,,416,17483,,,,,,,,,本科,,,,,
8002940,宁夏,本科批,历史,,X8645C5,,南阳师范学院,51C8,思想政治教育,,,,,,487,4059,,,,,,487,4059,,,,,,,,,本科,,,,,
8002941,宁夏,本科批,物理,,X8645C5,,南阳师范学院,4ECE,土木工程,,,,,,414,17904,,,,,,414,17904,,,,,,,,,本科,,,,,
8002942,宁夏,本科批,物理,,X8645C5,,南阳师范学院,32F1,水质科学与技术,,,,,,415,17693,,,,,,415,17693,,,,,,,,,本科,,,,,
8002943,宁夏,本科批,物理,,X8645C5,,南阳师范学院,52FD,应用化学,,,,,,416,17483,,,,,,416,17483,,,,,,,,,本科,,,,,
8002944,宁夏,本科批,物理,,X8645C5,,南阳师范学院,A5B7,电气工程及其自动化,,,,,,432,14269,,,,,,432,14269,,,,,,,,,本科,,,,,
8003054,宁夏,本科批,历史,,X6BDCE0,,宁夏师范大学,D40C,少数民族预科班,,,,,,466,5708,,,,,,466,5708,,,,,,,,,本科,,,,,
8003055,宁夏,本科批,历史,,X6BDCE0,,宁夏师范大学,28C4,学前教育（专业代码:21）,专业代码:21,,,,,478,4752,,,,,,478,4752,,,,,,,,,本科,,,,,
8003056,宁夏,本科批,历史,,X6BDCE0,,宁夏师范大学,662E,汉语国际教育（专业代码:24）,专业代码:24,,,,,478,4752,,,,,,478,4752,,,,,,,,,本科,,,,,
8003057,宁夏,本科批,历史,,X6BDCE0,,宁夏师范大学,BECE,英语（专业代码:25）,专业代码:25,,,,,479,4671,,,,,,479,4671,,,,,,,,,本科,,,,,
8003058,宁夏,本科批,历史,,X6BDCE0,,宁夏师范大学,5982,历史学（专业代码:26）,专业代码:26,,,,,480,4593,,,,,,480,4593,,,,,,,,,本科,,,,,
8003059,宁夏,本科批,历史,,X6BDCE0,,宁夏师范大学,A80C,小学教育（专业代码:22）,专业代码:22,,,,,482,4429,,,,,,482,4429,,,,,,,,,本科,,,,,
8003060,宁夏,本科批,历史,,X6BDCE0,,宁夏师范大学,4536,思想政治教育（专业代码:20）,专业代码:20,,,,,485,4225,,,,,,485,4225,,,,,,,,,本科,,,,,
8003061,宁夏,本科批,历史,,X6BDCE0,,宁夏师范大学,104B,汉语言文学（专业代码:23）,专业代码:23,,,,,486,4147,,,,,,486,4147,,,,,,,,,本科,,,,,
8003062,宁夏,本科批,历史,,X6BDCE0,,宁夏师范大学,090D,公共事业管理,,,,,,488,3998,,,,,,488,3998,,,,,,,,,本科,,,,,
8003063,宁夏,本科批,历史,,X6BDCE0,,宁夏师范大学,8B36,翻译,,,,,,488,3998,,,,,,488,3998,,,,,,,,,本科,,,,,
8003064,宁夏,本科批,历史,,X6BDCE0,,宁夏师范大学,52B6,秘书学,,,,,,488,3998,,,,,,488,3998,,,,,,,,,本科,,,,,
8003065,宁夏,本科批,历史,,X6BDCE0,,宁夏师范大学,D0E1,政治学与行政学,,,,,,492,3719,,,,,,492,3719,,,,,,,,,本科,,,,,
8003066,宁夏,本科批,历史,,X6BDCE0,,宁夏师范大学,FD7E,地理科学,,,,,,512,2492,,,,,,512,2492,,,,,,,,,本科,,,,,
8003067,宁夏,本科批,物理,,X6BDCE0,,宁夏师范大学,D40C,少数民族预科班,,,,,,407,19365,,,,,,407,19365,,,,,,,,,本科,,,,,
8003068,宁夏,本科批,物理,,X6BDCE0,,宁夏师范大学,45CC,物理学（专业代码:36）,专业代码:36,,,,,417,17270,,,,,,417,17270,,,,,,,,,本科,,,,,
8003069,宁夏,本科批,物理,,X6BDCE0,,宁夏师范大学,5BB9,教育技术学（专业代码:32）,专业代码:32,,,,,418,17058,,,,,,418,17058,,,,,,,,,本科,,,,,
8003070,宁夏,本科批,物理,,X6BDCE0,,宁夏师范大学,4AC5,学前教育（专业代码:33）,专业代码:33,,,,,418,17058,,,,,,418,17058,,,,,,,,,本科,,,,,
8003071,宁夏,本科批,物理,,X6BDCE0,,宁夏师范大学,A81E,数学与应用数学（专业代码:35）,专业代码:35,,,,,419,16846,,,,,,419,16846,,,,,,,,,本科,,,,,
8003072,宁夏,本科批,物理,,X6BDCE0,,宁夏师范大学,D6ED,化学工程与工艺,,,,,,420,16610,,,,,,420,16610,,,,,,,,,本科,,,,,
8003073,宁夏,本科批,物理,,X6BDCE0,,宁夏师范大学,8B36,翻译,,,,,,421,16413,,,,,,421,16413,,,,,,,,,本科,,,,,
8003074,宁夏,本科批,物理,,X6BDCE0,,宁夏师范大学,F068,人工智能,,,,,,421,16413,,,,,,421,16413,,,,,,,,,本科,,,,,
8003075,宁夏,本科批,物理,,X6BDCE0,,宁夏师范大学,4EA7,新能源材料与器件,,,,,,421,16413,,,,,,421,16413,,,,,,,,,本科,,,,,
8003076,宁夏,本科批,物理,,X6BDCE0,,宁夏师范大学,3932,小学教育（专业代码:34）,专业代码:34,,,,,422,16199,,,,,,422,16199,,,,,,,,,本科,,,,,
8003077,宁夏,本科批,物理,,X6BDCE0,,宁夏师范大学,52FD,应用化学,,,,,,422,16199,,,,,,422,16199,,,,,,,,,本科,,,,,
8003078,宁夏,本科批,物理,,X6BDCE0,,宁夏师范大学,6995,网络工程,,,,,,422,16199,,,,,,422,16199,,,,,,,,,本科,,,,,
8003079,宁夏,本科批,物理,,X6BDCE0,,宁夏师范大学,4718,数据科学与大数据技术,,,,,,423,15998,,,,,,423,15998,,,,,,,,,本科,,,,,
8003080,宁夏,本科批,物理,,X6BDCE0,,宁夏师范大学,76B9,统计学,,,,,,425,15604,,,,,,425,15604,,,,,,,,,本科,,,,,
8003081,宁夏,本科批,物理,,X6BDCE0,,宁夏师范大学,93E3,电子信息工程,,,,,,426,15424,,,,,,426,15424,,,,,,,,,本科,,,,,
8003082,宁夏,本科批,物理,,X6BDCE0,,宁夏师范大学,FD7E,地理科学,,,,,,428,15065,,,,,,428,15065,,,,,,,,,本科,,,,,
8003083,宁夏,本科批,物理,,X6BDCE0,,宁夏师范大学,4852,应用心理学,,,,,,428,15065,,,,,,428,15065,,,,,,,,,本科,,,,,
8003084,宁夏,本科批,物理,,X6BDCE0,,宁夏师范大学,A5B7,电气工程及其自动化,,,,,,429,14886,,,,,,429,14886,,,,,,,,,本科,,,,,
8003085,宁夏,本科批,物理,,X6BDCE0,,宁夏师范大学,436B,科学教育,,,,,,429,14886,,,,,,429,14886,,,,,,,,,本科,,,,,
8003086,宁夏,本科批,物理,,X6BDCE0,,宁夏师范大学,ECB7,计算机科学与技术（专业代码:28）,专业代码:28,,,,,430,14690,,,,,,430,14690,,,,,,,,,本科,,,,,
8003991,宁夏,本科批,历史,,X336DBD,,四川轻化工大学,2234,劳动与社会保障,,,,,,492,3719,,,,,,492,3719,,,,,,,,,本科,,,,,
8003992,宁夏,本科批,历史,,X336DBD,,四川轻化工大学,CA0F,旅游管理,,,,,,493,3637,,,,,,493,3637,,,,,,,,,本科,,,,,
8003993,宁夏,本科批,历史,,X336DBD,,四川轻化工大学,927B,法学,,,,,,494,3571,,,,,,494,3571,,,,,,,,,本科,,,,,
8003994,宁夏,本科批,历史,,X336DBD,,四川轻化工大学,0929,农村区域发展,,,,,,494,3571,,,,,,494,3571,,,,,,,,,本科,,,,,
8003995,宁夏,本科批,历史,,X336DBD,,四川轻化工大学,D243,汉语言文学,,,,,,495,3504,,,,,,495,3504,,,,,,,,,本科,,,,,
8003996,宁夏,本科批,物理,,X336DBD,,四川轻化工大学,4ECE,土木工程,,,,,,412,18298,,,,,,412,18298,,,,,,,,,本科,,,,,
8003997,宁夏,本科批,物理,,X336DBD,,四川轻化工大学,B5E9,无机非金属材料工程,,,,,,422,16199,,,,,,422,16199,,,,,,,,,本科,,,,,
8003998,宁夏,本科批,物理,,X336DBD,,四川轻化工大学,B5AE,化学,,,,,,423,15998,,,,,,423,15998,,,,,,,,,本科,,,,,
8003999,宁夏,本科批,物理,,X336DBD,,四川轻化工大学,53B9,食品质量与安全,,,,,,424,15793,,,,,,424,15793,,,,,,,,,本科,,,,,
8004000,宁夏,本科批,物理,,X336DBD,,四川轻化工大学,2B47,智能建造,,,,,,425,15604,,,,,,425,15604,,,,,,,,,本科,,,,,
8004001,宁夏,本科批,物理,,X336DBD,,四川轻化工大学,0A76,消防工程,,,,,,432,14269,,,,,,432,14269,,,,,,,,,本科,,,,,
8004002,宁夏,本科批,物理,,X336DBD,,四川轻化工大学,29F4,物联网工程,,,,,,439,12985,,,,,,439,12985,,,,,,,,,本科,,,,,
8004003,宁夏,本科批,物理,,X336DBD,,四川轻化工大学,FFE8,生物医学工程,,,,,,441,12659,,,,,,441,12659,,,,,,,,,本科,,,,,
8004685,宁夏,本科批,物理,,XAEE2F7,,沈阳医学院,10A0,药学,,,,,,433,14069,,,,,,433,14069,,,,,,,,,本科,,,,,
8004686,宁夏,本科批,物理,,XAEE2F7,,沈阳医学院,4BF3,护理学,,,,,,433,14069,,,,,,433,14069,,,,,,,,,本科,,,,,
8004687,宁夏,本科批,物理,,XAEE2F7,,沈阳医学院,817D,康复治疗学,,,,,,435,13689,,,,,,435,13689,,,,,,,,,本科,,,,,
8004688,宁夏,本科批,物理,,XAEE2F7,,沈阳医学院,BE91,医学检验技术,,,,,,438,13162,,,,,,438,13162,,,,,,,,,本科,,,,,
8004689,宁夏,本科批,物理,,XAEE2F7,,沈阳医学院,57E6,医学影像学,,,,,,438,13162,,,,,,438,13162,,,,,,,,,本科,,,,,
8004690,宁夏,本科批,物理,,XAEE2F7,,沈阳医学院,4C2A,中药学,,,,,,438,13162,,,,,,438,13162,,,,,,,,,本科,,,,,
8004691,宁夏,本科批,物理,,XAEE2F7,,沈阳医学院,4E9C,卫生检验与检疫,,,,,,439,12985,,,,,,439,12985,,,,,,,,,本科,,,,,
8004692,宁夏,本科批,物理,,XAEE2F7,,沈阳医学院,A39E,预防医学,,,,,,442,12470,,,,,,442,12470,,,,,,,,,本科,,,,,
8004693,宁夏,本科批,物理,,XAEE2F7,,沈阳医学院,A5C6,麻醉学,,,,,,443,12278,,,,,,443,12278,,,,,,,,,本科,,,,,
8004694,宁夏,本科批,物理,,XAEE2F7,,沈阳医学院,5DA6,口腔医学,,,,,,445,11992,,,,,,445,11992,,,,,,,,,本科,,,,,
8004695,宁夏,本科批,物理,,XAEE2F7,,沈阳医学院,97D0,临床医学,,,,,,453,10598,,,,,,453,10598,,,,,,,,,本科,,,,,
8004999,宁夏,本科批,历史,,XB1ED15,,南京晓庄学院,A615,汉语国际教育,,,,,,494,3571,,,,,,494,3571,,,,,,,,,本科,,,,,
8005000,宁夏,本科批,历史,,XB1ED15,,南京晓庄学院,6243,应用心理学（师范）,师范,,,,,496,3451,,,,,,496,3451,,,,,,,,,本科,,,,,
8005001,宁夏,本科批,历史,,XB1ED15,,南京晓庄学院,F9EA,思想政治教育（师范）,师范,,,,,497,3383,,,,,,497,3383,,,,,,,,,本科,,,,,
8005002,宁夏,本科批,历史,,XB1ED15,,南京晓庄学院,B53C,汉语言文学（师范）,师范,,,,,505,2906,,,,,,505,2906,,,,,,,,,本科,,,,,
8005398,宁夏,本科批,历史,,XFF89EF,,长江师范学院,D243,汉语言文学,,,,,,506,2854,,,,,,506,2854,,,,,,,,,本科,,,,,
8005399,宁夏,本科批,物理,,XFF89EF,,长江师范学院,4ECE,土木工程,,,,,,409,18935,,,,,,409,18935,,,,,,,,,本科,,,,,
8005400,宁夏,本科批,物理,,XFF89EF,,长江师范学院,371D,工程造价,,,,,,409,18935,,,,,,409,18935,,,,,,,,,本科,,,,,
8005401,宁夏,本科批,物理,,XFF89EF,,长江师范学院,ABA8,环境科学与工程类,,,,,,411,18509,,,,,,411,18509,,,,,,,,,本科,,,,,
8005402,宁夏,本科批,物理,,XFF89EF,,长江师范学院,3615,机械类,,,,,,412,18298,,,,,,412,18298,,,,,,,,,本科,,,,,
8005403,宁夏,本科批,物理,,XFF89EF,,长江师范学院,D6ED,化学工程与工艺,,,,,,412,18298,,,,,,412,18298,,,,,,,,,本科,,,,,
8005823,宁夏,本科批,历史,,X13D123,,成都工业学院,FBFE,物流管理,,,,,,467,5617,,,,,,467,5617,,,,,,,,,本科,,,,,
8005824,宁夏,本科批,物理,,X13D123,,成都工业学院,E9A7,环境科学与工程,,,,,,422,16199,,,,,,422,16199,,,,,,,,,本科,,,,,
8005825,宁夏,本科批,物理,,X13D123,,成都工业学院,BD59,金融科技,,,,,,429,14886,,,,,,429,14886,,,,,,,,,本科,,,,,
8005826,宁夏,本科批,物理,,X13D123,,成都工业学院,E347,工业设计,,,,,,430,14690,,,,,,430,14690,,,,,,,,,本科,,,,,
8005827,宁夏,本科批,物理,,X13D123,,成都工业学院,F11A,机器人工程,,,,,,431,14482,,,,,,431,14482,,,,,,,,,本科,,,,,
8005828,宁夏,本科批,物理,,X13D123,,成都工业学院,4718,数据科学与大数据技术,,,,,,432,14269,,,,,,432,14269,,,,,,,,,本科,,,,,
8005829,宁夏,本科批,物理,,X13D123,,成都工业学院,A5D2,测控技术与仪器,,,,,,432,14269,,,,,,432,14269,,,,,,,,,本科,,,,,
8005830,宁夏,本科批,物理,,X13D123,,成都工业学院,861C,电子信息类,,,,,,433,14069,,,,,,433,14069,,,,,,,,,本科,,,,,
8005831,宁夏,本科批,物理,,X13D123,,成都工业学院,41CF,数字媒体技术,,,,,,434,13883,,,,,,434,13883,,,,,,,,,本科,,,,,
8005832,宁夏,本科批,物理,,X13D123,,成都工业学院,ECA4,通信工程,,,,,,437,13337,,,,,,437,13337,,,,,,,,,本科,,,,,
8005833,宁夏,本科批,物理,,X13D123,,成都工业学院,8EA2,机械电子工程,,,,,,438,13162,,,,,,438,13162,,,,,,,,,本科,,,,,
8005834,宁夏,本科批,物理,,X13D123,,成都工业学院,82E6,计算机类,,,,,,442,12470,,,,,,442,12470,,,,,,,,,本科,,,,,
8005835,宁夏,本科批,物理,,X13D123,,成都工业学院,A5B7,电气工程及其自动化,,,,,,443,12278,,,,,,443,12278,,,,,,,,,本科,,,,,
8006362,宁夏,本科批,历史,,X6B63D2,,大理大学,D243,汉语言文学,,,,,,510,2612,,,,,,510,2612,,,,,,,,,本科,,,,,
8006363,宁夏,本科批,物理,,X6B63D2,,大理大学,DCEF,小学教育,,,,,,432,14269,,,,,,432,14269,,,,,,,,,本科,,,,,
8006364,宁夏,本科批,物理,,X6B63D2,,大理大学,A39E,预防医学,,,,,,435,13689,,,,,,435,13689,,,,,,,,,本科,,,,,
8006365,宁夏,本科批,物理,,X6B63D2,,大理大学,9A06,储能科学与工程,,,,,,439,12985,,,,,,439,12985,,,,,,,,,本科,,,,,
8006366,宁夏,本科批,物理,,X6B63D2,,大理大学,97D0,临床医学,,,,,,444,12141,,,,,,444,12141,,,,,,,,,本科,,,,,
8007064,宁夏,本科批,历史,,XADD574,,金陵科技学院,FBFE,物流管理,,,,,,468,5522,,,,,,468,5522,,,,,,,,,本科,,,,,
8007065,宁夏,本科批,历史,,XADD574,,金陵科技学院,CA0F,旅游管理,,,,,,478,4752,,,,,,478,4752,,,,,,,,,本科,,,,,
8007066,宁夏,本科批,物理,,XADD574,,金陵科技学院,C5CB,园艺,,,,,,426,15424,,,,,,426,15424,,,,,,,,,本科,,,,,
8007067,宁夏,本科批,物理,,XADD574,,金陵科技学院,3C38,软件工程,,,,,,426,15424,,,,,,426,15424,,,,,,,,,本科,,,,,
8007068,宁夏,本科批,物理,,XADD574,,金陵科技学院,4EBD,数字出版,,,,,,428,15065,,,,,,428,15065,,,,,,,,,本科,,,,,
8007069,宁夏,本科批,物理,,XADD574,,金陵科技学院,6F56,工程管理,,,,,,428,15065,,,,,,428,15065,,,,,,,,,本科,,,,,
8007070,宁夏,本科批,物理,,XADD574,,金陵科技学院,16DF,金融工程,,,,,,431,14482,,,,,,431,14482,,,,,,,,,本科,,,,,
8007071,宁夏,本科批,物理,,XADD574,,金陵科技学院,5E49,食品科学与工程,,,,,,433,14069,,,,,,433,14069,,,,,,,,,本科,,,,,
8007072,宁夏,本科批,物理,,XADD574,,金陵科技学院,93E3,电子信息工程,,,,,,435,13689,,,,,,435,13689,,,,,,,,,本科,,,,,
8007073,宁夏,本科批,物理,,XADD574,,金陵科技学院,78FF,机械设计制造及其自动化,,,,,,435,13689,,,,,,435,13689,,,,,,,,,本科,,,,,
8007074,宁夏,本科批,物理,,XADD574,,金陵科技学院,29F4,物联网工程,,,,,,438,13162,,,,,,438,13162,,,,,,,,,本科,,,,,
8007075,宁夏,本科批,物理,,XADD574,,金陵科技学院,B9A5,计算机科学与技术,,,,,,447,11628,,,,,,447,11628,,,,,,,,,本科,,,,,
8007908,宁夏,本科批,历史,,XB9DF45,,新疆财经大学,0E54,保险学,,,,,,478,4752,,,,,,478,4752,,,,,,,,,本科,,,,,
8007909,宁夏,本科批,历史,,XB9DF45,,新疆财经大学,09EE,市场营销,,,,,,478,4752,,,,,,478,4752,,,,,,,,,本科,,,,,
8007910,宁夏,本科批,历史,,XB9DF45,,新疆财经大学,A615,汉语国际教育,,,,,,481,4503,,,,,,481,4503,,,,,,,,,本科,,,,,
8007911,宁夏,本科批,历史,,XB9DF45,,新疆财经大学,3E25,国际商务,,,,,,481,4503,,,,,,481,4503,,,,,,,,,本科,,,,,
8007912,宁夏,本科批,历史,,XB9DF45,,新疆财经大学,C19A,人力资源管理,,,,,,482,4429,,,,,,482,4429,,,,,,,,,本科,,,,,
8007913,宁夏,本科批,历史,,XB9DF45,,新疆财经大学,AC90,行政管理,,,,,,482,4429,,,,,,482,4429,,,,,,,,,本科,,,,,
8007914,宁夏,本科批,历史,,XB9DF45,,新疆财经大学,CA0F,旅游管理,,,,,,482,4429,,,,,,482,4429,,,,,,,,,本科,,,,,
8007915,宁夏,本科批,历史,,XB9DF45,,新疆财经大学,1049,商务英语,,,,,,483,4360,,,,,,483,4360,,,,,,,,,本科,,,,,
8007916,宁夏,本科批,历史,,XB9DF45,,新疆财经大学,25DE,国际经济与贸易,,,,,,483,4360,,,,,,483,4360,,,,,,,,,本科,,,,,
8007917,宁夏,本科批,历史,,XB9DF45,,新疆财经大学,21BA,财政学,,,,,,483,4360,,,,,,483,4360,,,,,,,,,本科,,,,,
8007918,宁夏,本科批,历史,,XB9DF45,,新疆财经大学,FB18,财务管理,,,,,,486,4147,,,,,,486,4147,,,,,,,,,本科,,,,,
8007919,宁夏,本科批,历史,,XB9DF45,,新疆财经大学,68F4,新闻学,,,,,,487,4059,,,,,,487,4059,,,,,,,,,本科,,,,,
8007920,宁夏,本科批,历史,,XB9DF45,,新疆财经大学,927B,法学,,,,,,488,3998,,,,,,488,3998,,,,,,,,,本科,,,,,
8007921,宁夏,本科批,历史,,XB9DF45,,新疆财经大学,5E19,会计学,,,,,,490,3859,,,,,,490,3859,,,,,,,,,本科,,,,,
8007922,宁夏,本科批,历史,,XB9DF45,,新疆财经大学,D243,汉语言文学,,,,,,494,3571,,,,,,494,3571,,,,,,,,,本科,,,,,
8007923,宁夏,本科批,物理,,XB9DF45,,新疆财经大学,BD59,金融科技,,,,,,415,17693,,,,,,415,17693,,,,,,,,,本科,,,,,
8007924,宁夏,本科批,物理,,XB9DF45,,新疆财经大学,FBFE,物流管理,,,,,,415,17693,,,,,,415,17693,,,,,,,,,本科,,,,,
8007925,宁夏,本科批,物理,,XB9DF45,,新疆财经大学,371D,工程造价,,,,,,416,17483,,,,,,416,17483,,,,,,,,,本科,,,,,
8007926,宁夏,本科批,物理,,XB9DF45,,新疆财经大学,1C92,数字经济,,,,,,416,17483,,,,,,416,17483,,,,,,,,,本科,,,,,
8007927,宁夏,本科批,物理,,XB9DF45,,新疆财经大学,1B86,金融数学,,,,,,416,17483,,,,,,416,17483,,,,,,,,,本科,,,,,
8007928,宁夏,本科批,物理,,XB9DF45,,新疆财经大学,D254,能源经济,,,,,,417,17270,,,,,,417,17270,,,,,,,,,本科,,,,,
8007929,宁夏,本科批,物理,,XB9DF45,,新疆财经大学,16DF,金融工程,,,,,,417,17270,,,,,,417,17270,,,,,,,,,本科,,,,,
8007930,宁夏,本科批,物理,,XB9DF45,,新疆财经大学,4154,电子商务,,,,,,417,17270,,,,,,417,17270,,,,,,,,,本科,,,,,
8007931,宁夏,本科批,物理,,XB9DF45,,新疆财经大学,6AB9,经济学,,,,,,417,17270,,,,,,417,17270,,,,,,,,,本科,,,,,
8007932,宁夏,本科批,物理,,XB9DF45,,新疆财经大学,D681,信息管理与信息系统,,,,,,418,17058,,,,,,418,17058,,,,,,,,,本科,,,,,
8007933,宁夏,本科批,物理,,XB9DF45,,新疆财经大学,AC90,行政管理,,,,,,418,17058,,,,,,418,17058,,,,,,,,,本科,,,,,
8007934,宁夏,本科批,物理,,XB9DF45,,新疆财经大学,76B9,统计学,,,,,,418,17058,,,,,,418,17058,,,,,,,,,本科,,,,,
8007935,宁夏,本科批,物理,,XB9DF45,,新疆财经大学,28AD,经济统计学,,,,,,419,16846,,,,,,419,16846,,,,,,,,,本科,,,,,
8007936,宁夏,本科批,物理,,XB9DF45,,新疆财经大学,04A0,工商管理,,,,,,419,16846,,,,,,419,16846,,,,,,,,,本科,,,,,
8007937,宁夏,本科批,物理,,XB9DF45,,新疆财经大学,1D5E,税收学,,,,,,420,16610,,,,,,420,16610,,,,,,,,,本科,,,,,
8007938,宁夏,本科批,物理,,XB9DF45,,新疆财经大学,B9A5,计算机科学与技术,,,,,,420,16610,,,,,,420,16610,,,,,,,,,本科,,,,,
8007939,宁夏,本科批,物理,,XB9DF45,,新疆财经大学,4718,数据科学与大数据技术,,,,,,420,16610,,,,,,420,16610,,,,,,,,,本科,,,,,
8007940,宁夏,本科批,物理,,XB9DF45,,新疆财经大学,D583,网络空间安全,,,,,,420,16610,,,,,,420,16610,,,,,,,,,本科,,,,,
8007941,宁夏,本科批,物理,,XB9DF45,,新疆财经大学,0FBC,金融学,,,,,,420,16610,,,,,,420,16610,,,,,,,,,本科,,,,,
8007942,宁夏,本科批,物理,,XB9DF45,,新疆财经大学,21BA,财政学,,,,,,423,15998,,,,,,423,15998,,,,,,,,,本科,,,,,
8008243,宁夏,本科批,历史,,X97927B,,盐城工学院,D40C,少数民族预科班,,,,,,458,6460,,,,,,458,6460,,,,,,,,,本科,,,,,
8008244,宁夏,本科批,物理,,X97927B,,盐城工学院,D40C,少数民族预科班,,,,,,402,20405,,,,,,402,20405,,,,,,,,,本科,,,,,
8008245,宁夏,本科批,物理,,X97927B,,盐城工学院,997C,能源化学,,,,,,411,18509,,,,,,411,18509,,,,,,,,,本科,,,,,
8008246,宁夏,本科批,物理,,X97927B,,盐城工学院,7D22,材料化学,,,,,,413,18103,,,,,,413,18103,,,,,,,,,本科,,,,,
8008607,宁夏,本科批,历史,,XAB470F,,甘肃政法大学,09EE,市场营销,,,,,,498,3307,,,,,,498,3307,,,,,,,,,本科,,,,,
8008608,宁夏,本科批,历史,,XAB470F,,甘肃政法大学,68F4,新闻学,,,,,,520,2090,,,,,,520,2090,,,,,,,,,本科,,,,,
8008609,宁夏,本科批,历史,,XAB470F,,甘肃政法大学,E6CB,社会工作,,,,,,520,2090,,,,,,520,2090,,,,,,,,,本科,,,,,
8008610,宁夏,本科批,历史,,XAB470F,,甘肃政法大学,FB18,财务管理,,,,,,521,2051,,,,,,521,2051,,,,,,,,,本科,,,,,
8008611,宁夏,本科批,历史,,XAB470F,,甘肃政法大学,D0E1,政治学与行政学,,,,,,525,1867,,,,,,525,1867,,,,,,,,,本科,,,,,
8008612,宁夏,本科批,历史,,XAB470F,,甘肃政法大学,0FBC,金融学,,,,,,526,1831,,,,,,526,1831,,,,,,,,,本科,,,,,
8008613,宁夏,本科批,历史,,XAB470F,,甘肃政法大学,927B,法学,,,,,,528,1752,,,,,,528,1752,,,,,,,,,本科,,,,,
8008614,宁夏,本科批,物理,,XAB470F,,甘肃政法大学,09EE,市场营销,,,,,,459,9681,,,,,,459,9681,,,,,,,,,本科,,,,,
8008615,宁夏,本科批,物理,,XAB470F,,甘肃政法大学,E6CB,社会工作,,,,,,464,8960,,,,,,464,8960,,,,,,,,,本科,,,,,
8008616,宁夏,本科批,物理,,XAB470F,,甘肃政法大学,92DB,知识产权,,,,,,473,7812,,,,,,473,7812,,,,,,,,,本科,,,,,
8008617,宁夏,本科批,物理,,XAB470F,,甘肃政法大学,5E19,会计学,,,,,,478,7235,,,,,,478,7235,,,,,,,,,本科,,,,,
8008618,宁夏,本科批,物理,,XAB470F,,甘肃政法大学,927B,法学,,,,,,494,5525,,,,,,494,5525,,,,,,,,,本科,,,,,
8009292,宁夏,本科批,历史,,XFB5838,,岭南师范学院,AC90,行政管理,,,,,,478,4752,,,,,,478,4752,,,,,,,,,本科,,,,,
8009293,宁夏,本科批,历史,,XFB5838,,岭南师范学院,25DE,国际经济与贸易,,,,,,479,4671,,,,,,479,4671,,,,,,,,,本科,,,,,
8009294,宁夏,本科批,历史,,XFB5838,,岭南师范学院,D4CC,地理科学（师范）,师范,,,,,480,4593,,,,,,480,4593,,,,,,,,,本科,,,,,
8009295,宁夏,本科批,历史,,XFB5838,,岭南师范学院,927B,法学,,,,,,484,4295,,,,,,484,4295,,,,,,,,,本科,,,,,
8009296,宁夏,本科批,物理,,XFB5838,,岭南师范学院,4154,电子商务,,,,,,379,25402,,,,,,379,25402,,,,,,,,,本科,,,,,
8009297,宁夏,本科批,物理,,XFB5838,,岭南师范学院,93E3,电子信息工程,,,,,,387,23607,,,,,,387,23607,,,,,,,,,本科,,,,,
8009298,宁夏,本科批,物理,,XFB5838,,岭南师范学院,AD20,心理学（师范）,师范,,,,,394,22151,,,,,,394,22151,,,,,,,,,本科,,,,,
8010465,宁夏,本科批,物理,,X8CF907,,黑龙江工程学院,A5B7,电气工程及其自动化,,,,,,438,13162,,,,,,438,13162,,,,,,,,,本科,,,,,
8011484,宁夏,本科批,历史,,X376C8E,,江西水利电力大学,4145,英语,,,,,,474,5045,,,,,,474,5045,,,,,,,,,本科,,,,,
8011485,宁夏,本科批,历史,,X376C8E,,江西水利电力大学,9301,新闻传播学类,,,,,,479,4671,,,,,,479,4671,,,,,,,,,本科,,,,,
8011486,宁夏,本科批,物理,,X376C8E,,江西水利电力大学,38C2,地质工程,,,,,,413,18103,,,,,,413,18103,,,,,,,,,本科,,,,,
8011487,宁夏,本科批,物理,,X376C8E,,江西水利电力大学,CEDE,道路桥梁与渡河工程,,,,,,414,17904,,,,,,414,17904,,,,,,,,,本科,,,,,
8011488,宁夏,本科批,物理,,X376C8E,,江西水利电力大学,C1B4,水利水电工程,,,,,,419,16846,,,,,,419,16846,,,,,,,,,本科,,,,,
8011656,宁夏,本科批,历史,,XE61AE3,,山西大同大学,83CD,文物保护技术,,,,,,477,4821,,,,,,477,4821,,,,,,,,,本科,,,,,
8011657,宁夏,本科批,物理,,XE61AE3,,山西大同大学,25FE,数学与应用数学,,,,,,423,15998,,,,,,423,15998,,,,,,,,,本科,,,,,
8012058,宁夏,本科批,历史,,X32EA65,,陕西理工大学,D40C,少数民族预科班,,,,,,470,5350,,,,,,470,5350,,,,,,,,,本科,,,,,
8012059,宁夏,本科批,历史,,X32EA65,,陕西理工大学,4873,历史学,,,,,,506,2854,,,,,,506,2854,,,,,,,,,本科,,,,,
8012060,宁夏,本科批,历史,,X32EA65,,陕西理工大学,D243,汉语言文学,,,,,,506,2854,,,,,,506,2854,,,,,,,,,本科,,,,,
8012061,宁夏,本科批,历史,,X32EA65,,陕西理工大学,927B,法学,,,,,,510,2612,,,,,,510,2612,,,,,,,,,本科,,,,,
8012062,宁夏,本科批,物理,,X32EA65,,陕西理工大学,D40C,少数民族预科班,,,,,,414,17904,,,,,,414,17904,,,,,,,,,本科,,,,,
8012063,宁夏,本科批,物理,,X32EA65,,陕西理工大学,802A,物理学,,,,,,432,14269,,,,,,432,14269,,,,,,,,,本科,,,,,
8012064,宁夏,本科批,物理,,X32EA65,,陕西理工大学,3557,能源与动力工程,,,,,,434,13883,,,,,,434,13883,,,,,,,,,本科,,,,,
8012710,宁夏,本科批,历史,,XB9675A,,邵阳学院,1049,商务英语,,,,,,449,7328,,,,,,449,7328,,,,,,,,,本科,,,,,
8012711,宁夏,本科批,物理,,XB9675A,,邵阳学院,5E49,食品科学与工程,,,,,,411,18509,,,,,,411,18509,,,,,,,,,本科,,,,,
8012712,宁夏,本科批,物理,,XB9675A,,邵阳学院,53B9,食品质量与安全,,,,,,412,18298,,,,,,412,18298,,,,,,,,,本科,,,,,
8012713,宁夏,本科批,物理,,XB9675A,,邵阳学院,A585,助产学,,,,,,413,18103,,,,,,413,18103,,,,,,,,,本科,,,,,
8012714,宁夏,本科批,物理,,XB9675A,,邵阳学院,62BF,大数据管理与应用,,,,,,414,17904,,,,,,414,17904,,,,,,,,,本科,,,,,
8012715,宁夏,本科批,物理,,XB9675A,,邵阳学院,D6ED,化学工程与工艺,,,,,,414,17904,,,,,,414,17904,,,,,,,,,本科,,,,,
8012716,宁夏,本科批,物理,,XB9675A,,邵阳学院,29F4,物联网工程,,,,,,414,17904,,,,,,414,17904,,,,,,,,,本科,,,,,
8012717,宁夏,本科批,物理,,XB9675A,,邵阳学院,548C,信息与计算科学,,,,,,415,17693,,,,,,415,17693,,,,,,,,,本科,,,,,
8012718,宁夏,本科批,物理,,XB9675A,,邵阳学院,4BF3,护理学,,,,,,415,17693,,,,,,415,17693,,,,,,,,,本科,,,,,
8012719,宁夏,本科批,物理,,XB9675A,,邵阳学院,BE91,医学检验技术,,,,,,416,17483,,,,,,416,17483,,,,,,,,,本科,,,,,
8012720,宁夏,本科批,物理,,XB9675A,,邵阳学院,78FF,机械设计制造及其自动化,,,,,,416,17483,,,,,,416,17483,,,,,,,,,本科,,,,,
8014716,宁夏,本科批,物理,,XA0B435,,西南林业大学,49DE,湿地保护与恢复,,,,,,413,18103,,,,,,413,18103,,,,,,,,,本科,,,,,
8014717,宁夏,本科批,物理,,XA0B435,,西南林业大学,CB22,城乡规划,,,,,,413,18103,,,,,,413,18103,,,,,,,,,本科,,,,,
8014718,宁夏,本科批,物理,,XA0B435,,西南林业大学,8189,环境生态工程,,,,,,414,17904,,,,,,414,17904,,,,,,,,,本科,,,,,
8014719,宁夏,本科批,物理,,XA0B435,,西南林业大学,D901,木材科学与工程,,,,,,416,17483,,,,,,416,17483,,,,,,,,,本科,,,,,
8014720,宁夏,本科批,物理,,XA0B435,,西南林业大学,6E5A,园林,,,,,,417,17270,,,,,,417,17270,,,,,,,,,本科,,,,,
8014721,宁夏,本科批,物理,,XA0B435,,西南林业大学,67E2,林学,,,,,,421,16413,,,,,,421,16413,,,,,,,,,本科,,,,,
8014722,宁夏,本科批,物理,,XA0B435,,西南林业大学,5E19,会计学,,,,,,430,14690,,,,,,430,14690,,,,,,,,,本科,,,,,
8015826,宁夏,本科批,历史,,X308BDD,,西安医学院,090D,公共事业管理,,,,,,480,4593,,,,,,480,4593,,,,,,,,,本科,,,,,
8015827,宁夏,本科批,历史,,X308BDD,,西安医学院,4145,英语,,,,,,481,4503,,,,,,481,4503,,,,,,,,,本科,,,,,
8015828,宁夏,本科批,历史,,X308BDD,,西安医学院,4BF3,护理学,,,,,,485,4225,,,,,,485,4225,,,,,,,,,本科,,,,,
8015829,宁夏,本科批,物理,,X308BDD,,西安医学院,4BF3,护理学,,,,,,428,15065,,,,,,428,15065,,,,,,,,,本科,,,,,
8015830,宁夏,本科批,物理,,X308BDD,,西安医学院,A39E,预防医学,,,,,,461,9388,,,,,,461,9388,,,,,,,,,本科,,,,,
8015831,宁夏,本科批,物理,,X308BDD,,西安医学院,6D6C,眼视光学,,,,,,472,7933,,,,,,472,7933,,,,,,,,,本科,,,,,
8015832,宁夏,本科批,物理,,X308BDD,,西安医学院,57E6,医学影像学,,,,,,476,7457,,,,,,476,7457,,,,,,,,,本科,,,,,
8015833,宁夏,本科批,物理,,X308BDD,,西安医学院,3B42,精神医学,,,,,,478,7235,,,,,,478,7235,,,,,,,,,本科,,,,,
8015834,宁夏,本科批,物理,,X308BDD,,西安医学院,A5C6,麻醉学,,,,,,479,7107,,,,,,479,7107,,,,,,,,,本科,,,,,
8015835,宁夏,本科批,物理,,X308BDD,,西安医学院,97D0,临床医学,,,,,,488,6101,,,,,,488,6101,,,,,,,,,本科,,,,,
8016246,宁夏,本科批,历史,,XC4A7EF,,西南医科大学,09EE,市场营销,,,,,,470,5350,,,,,,470,5350,,,,,,,,,本科,,,,,
8016247,宁夏,本科批,历史,,XC4A7EF,,西南医科大学,4BF3,护理学,,,,,,476,4903,,,,,,476,4903,,,,,,,,,本科,,,,,
8016248,宁夏,本科批,物理,,XC4A7EF,,西南医科大学,09EE,市场营销,,,,,,419,16846,,,,,,419,16846,,,,,,,,,本科,,,,,
8016249,宁夏,本科批,物理,,XC4A7EF,,西南医科大学,4BF3,护理学,,,,,,419,16846,,,,,,419,16846,,,,,,,,,本科,,,,,
8016250,宁夏,本科批,物理,,XC4A7EF,,西南医科大学,BE91,医学检验技术,,,,,,461,9388,,,,,,461,9388,,,,,,,,,本科,,,,,
8016251,宁夏,本科批,物理,,XC4A7EF,,西南医科大学,5ED3,中西医临床医学,,,,,,467,8565,,,,,,467,8565,,,,,,,,,本科,,,,,
8016252,宁夏,本科批,物理,,XC4A7EF,,西南医科大学,CD64,儿科学,,,,,,479,7107,,,,,,479,7107,,,,,,,,,本科,,,,,
8016253,宁夏,本科批,物理,,XC4A7EF,,西南医科大学,97D0,临床医学,,,,,,481,6851,,,,,,481,6851,,,,,,,,,本科,,,,,
8016254,宁夏,本科批,物理,,XC4A7EF,,西南医科大学,A5C6,麻醉学,,,,,,486,6312,,,,,,486,6312,,,,,,,,,本科,,,,,
8016255,宁夏,本科批,物理,,XC4A7EF,,西南医科大学,5DA6,口腔医学,,,,,,502,4806,,,,,,502,4806,,,,,,,,,本科,,,,,
8016858,宁夏,本科批,历史,,X5B7EFA,,太原师范学院,7D20,信用管理,,,,,,479,4671,,,,,,479,4671,,,,,,,,,本科,,,,,
8016859,宁夏,本科批,历史,,X5B7EFA,,太原师范学院,BFDA,人文地理与城乡规划,,,,,,479,4671,,,,,,479,4671,,,,,,,,,本科,,,,,
8016860,宁夏,本科批,历史,,X5B7EFA,,太原师范学院,CCE9,土地资源管理,,,,,,480,4593,,,,,,480,4593,,,,,,,,,本科,,,,,
8016861,宁夏,本科批,历史,,X5B7EFA,,太原师范学院,32F0,文物与博物馆学,,,,,,481,4503,,,,,,481,4503,,,,,,,,,本科,,,,,
8016862,宁夏,本科批,历史,,X5B7EFA,,太原师范学院,FD7E,地理科学,,,,,,483,4360,,,,,,483,4360,,,,,,,,,本科,,,,,
8016863,宁夏,本科批,历史,,X5B7EFA,,太原师范学院,4873,历史学,,,,,,484,4295,,,,,,484,4295,,,,,,,,,本科,,,,,
8016864,宁夏,本科批,历史,,X5B7EFA,,太原师范学院,51C8,思想政治教育,,,,,,486,4147,,,,,,486,4147,,,,,,,,,本科,,,,,
8016865,宁夏,本科批,历史,,X5B7EFA,,太原师范学院,D243,汉语言文学,,,,,,488,3998,,,,,,488,3998,,,,,,,,,本科,,,,,
8016866,宁夏,本科批,物理,,X5B7EFA,,太原师范学院,FA23,地理信息科学,,,,,,419,16846,,,,,,419,16846,,,,,,,,,本科,,,,,
8016867,宁夏,本科批,物理,,X5B7EFA,,太原师范学院,436B,科学教育,,,,,,419,16846,,,,,,419,16846,,,,,,,,,本科,,,,,
8016868,宁夏,本科批,物理,,X5B7EFA,,太原师范学院,52FD,应用化学,,,,,,419,16846,,,,,,419,16846,,,,,,,,,本科,,,,,
8016869,宁夏,本科批,物理,,X5B7EFA,,太原师范学院,548C,信息与计算科学,,,,,,419,16846,,,,,,419,16846,,,,,,,,,本科,,,,,
8016870,宁夏,本科批,物理,,X5B7EFA,,太原师范学院,802A,物理学,,,,,,420,16610,,,,,,420,16610,,,,,,,,,本科,,,,,
8016871,宁夏,本科批,物理,,X5B7EFA,,太原师范学院,FD7E,地理科学,,,,,,420,16610,,,,,,420,16610,,,,,,,,,本科,,,,,
8016872,宁夏,本科批,物理,,X5B7EFA,,太原师范学院,0541,生物科学,,,,,,422,16199,,,,,,422,16199,,,,,,,,,本科,,,,,
8016873,宁夏,本科批,物理,,X5B7EFA,,太原师范学院,B5AE,化学,,,,,,423,15998,,,,,,423,15998,,,,,,,,,本科,,,,,
8016874,宁夏,本科批,物理,,X5B7EFA,,太原师范学院,25FE,数学与应用数学,,,,,,426,15424,,,,,,426,15424,,,,,,,,,本科,,,,,
8018757,宁夏,本科批,物理,,X108985,,长春中医药大学,6D82,药事管理,,,,,,416,17483,,,,,,416,17483,,,,,,,,,本科,,,,,
8018758,宁夏,本科批,物理,,X108985,,长春中医药大学,004B,医学信息工程,,,,,,417,17270,,,,,,417,17270,,,,,,,,,本科,,,,,
8018759,宁夏,本科批,物理,,X108985,,长春中医药大学,43D9,药物制剂,,,,,,418,17058,,,,,,418,17058,,,,,,,,,本科,,,,,
8018760,宁夏,本科批,物理,,X108985,,长春中医药大学,10A0,药学,,,,,,423,15998,,,,,,423,15998,,,,,,,,,本科,,,,,
8018761,宁夏,本科批,物理,,X108985,,长春中医药大学,4BF3,护理学,,,,,,426,15424,,,,,,426,15424,,,,,,,,,本科,,,,,
8019331,宁夏,本科批,物理,,X420706,,长治医学院,D681,信息管理与信息系统,,,,,,419,16846,,,,,,419,16846,,,,,,,,,本科,,,,,
8019332,宁夏,本科批,物理,,X420706,,长治医学院,FFE8,生物医学工程,,,,,,420,16610,,,,,,420,16610,,,,,,,,,本科,,,,,
8019333,宁夏,本科批,物理,,X420706,,长治医学院,A585,助产学,,,,,,420,16610,,,,,,420,16610,,,,,,,,,本科,,,,,
8019334,宁夏,本科批,物理,,X420706,,长治医学院,2DDF,医学影像技术,,,,,,421,16413,,,,,,421,16413,,,,,,,,,本科,,,,,
8019335,宁夏,本科批,物理,,X420706,,长治医学院,4852,应用心理学,,,,,,421,16413,,,,,,421,16413,,,,,,,,,本科,,,,,
8019336,宁夏,本科批,物理,,X420706,,长治医学院,4BF3,护理学,,,,,,422,16199,,,,,,422,16199,,,,,,,,,本科,,,,,
8019337,宁夏,本科批,物理,,X420706,,长治医学院,A39E,预防医学,,,,,,423,15998,,,,,,423,15998,,,,,,,,,本科,,,,,
8019338,宁夏,本科批,物理,,X420706,,长治医学院,BE91,医学检验技术,,,,,,423,15998,,,,,,423,15998,,,,,,,,,本科,,,,,
8019339,宁夏,本科批,物理,,X420706,,长治医学院,97D0,临床医学,,,,,,423,15998,,,,,,423,15998,,,,,,,,,本科,,,,,
8019340,宁夏,本科批,物理,,X420706,,长治医学院,03FE,中医学,,,,,,424,15793,,,,,,424,15793,,,,,,,,,本科,,,,,
8019341,宁夏,本科批,物理,,X420706,,长治医学院,68ED,医学实验技术,,,,,,424,15793,,,,,,424,15793,,,,,,,,,本科,,,,,
8019342,宁夏,本科批,物理,,X420706,,长治医学院,57E6,医学影像学,,,,,,428,15065,,,,,,428,15065,,,,,,,,,本科,,,,,
8019343,宁夏,本科批,物理,,X420706,,长治医学院,10A0,药学,,,,,,428,15065,,,,,,428,15065,,,,,,,,,本科,,,,,
8019344,宁夏,本科批,物理,,X420706,,长治医学院,A5C6,麻醉学,,,,,,429,14886,,,,,,429,14886,,,,,,,,,本科,,,,,
8019345,宁夏,本科批,物理,,X420706,,长治医学院,5DA6,口腔医学,,,,,,431,14482,,,,,,431,14482,,,,,,,,,本科,,,,,
8019346,宁夏,本科批,物理,,X420706,,长治医学院,817D,康复治疗学,,,,,,441,12659,,,,,,441,12659,,,,,,,,,本科,,,,,
8019547,宁夏,本科批,历史,,XB68D1C,,天水师范大学,4873,历史学,,,,,,492,3719,,,,,,492,3719,,,,,,,,,本科,,,,,
8019548,宁夏,本科批,历史,,XB68D1C,,天水师范大学,51C8,思想政治教育,,,,,,493,3637,,,,,,493,3637,,,,,,,,,本科,,,,,
8019549,宁夏,本科批,历史,,XB68D1C,,天水师范大学,D243,汉语言文学,,,,,,493,3637,,,,,,493,3637,,,,,,,,,本科,,,,,
8019550,宁夏,本科批,物理,,XB68D1C,,天水师范大学,802A,物理学,,,,,,421,16413,,,,,,421,16413,,,,,,,,,本科,,,,,
8019551,宁夏,本科批,物理,,XB68D1C,,天水师范大学,FD7E,地理科学,,,,,,422,16199,,,,,,422,16199,,,,,,,,,本科,,,,,
8019552,宁夏,本科批,物理,,XB68D1C,,天水师范大学,0541,生物科学,,,,,,422,16199,,,,,,422,16199,,,,,,,,,本科,,,,,
8019999,宁夏,本科批,物理,,X40A61C,,周口师范学院,C0DA,应用统计学,,,,,,414,17904,,,,,,414,17904,,,,,,,,,本科,,,,,
8020000,宁夏,本科批,物理,,X40A61C,,周口师范学院,1C92,数字经济,,,,,,414,17904,,,,,,414,17904,,,,,,,,,本科,,,,,
8020001,宁夏,本科批,物理,,X40A61C,,周口师范学院,25FE,数学与应用数学,,,,,,416,17483,,,,,,416,17483,,,,,,,,,本科,,,,,
8020932,宁夏,本科批,物理,,XC84625,,贵州理工学院,D081,新能源科学与工程,,,,,,413,18103,,,,,,413,18103,,,,,,,,,本科,,,,,
8020933,宁夏,本科批,物理,,XC84625,,贵州理工学院,40CE,制药工程,,,,,,415,17693,,,,,,415,17693,,,,,,,,,本科,,,,,
8020934,宁夏,本科批,物理,,XC84625,,贵州理工学院,B694,生物制药,,,,,,416,17483,,,,,,416,17483,,,,,,,,,本科,,,,,
8021478,宁夏,本科批,历史,,XD089C8,,湖北文理学院,4145,英语,,,,,,489,3940,,,,,,489,3940,,,,,,,,,本科,,,,,
8021479,宁夏,本科批,历史,,XD089C8,,湖北文理学院,927B,法学,,,,,,493,3637,,,,,,493,3637,,,,,,,,,本科,,,,,
8021480,宁夏,本科批,物理,,XD089C8,,湖北文理学院,5E49,食品科学与工程,,,,,,408,19137,,,,,,408,19137,,,,,,,,,本科,,,,,
8021481,宁夏,本科批,物理,,XD089C8,,湖北文理学院,F068,人工智能,,,,,,411,18509,,,,,,411,18509,,,,,,,,,本科,,,,,
8022656,宁夏,本科批,历史,,X6CE24E,,徐州工程学院,09EE,市场营销,,,,,,465,5786,,,,,,465,5786,,,,,,,,,本科,,,,,
8022657,宁夏,本科批,历史,,X6CE24E,,徐州工程学院,CA0F,旅游管理,,,,,,467,5617,,,,,,467,5617,,,,,,,,,本科,,,,,
8022658,宁夏,本科批,历史,,X6CE24E,,徐州工程学院,25DE,国际经济与贸易,,,,,,472,5208,,,,,,472,5208,,,,,,,,,本科,,,,,
8022659,宁夏,本科批,历史,,X6CE24E,,徐州工程学院,FB18,财务管理,,,,,,474,5045,,,,,,474,5045,,,,,,,,,本科,,,,,
8022660,宁夏,本科批,历史,,X6CE24E,,徐州工程学院,D243,汉语言文学,,,,,,475,4975,,,,,,475,4975,,,,,,,,,本科,,,,,
8022661,宁夏,本科批,物理,,X6CE24E,,徐州工程学院,D681,信息管理与信息系统,,,,,,412,18298,,,,,,412,18298,,,,,,,,,本科,,,,,
8022662,宁夏,本科批,物理,,X6CE24E,,徐州工程学院,4A2C,物流工程,,,,,,415,17693,,,,,,415,17693,,,,,,,,,本科,,,,,
8024399,宁夏,本科批,历史,,XB5B30E,,中国劳动关系学院,76FB,工会学（国家专项）,国家专项,,,,,494,3571,,,,,,494,3571,,,,,,,,,本科,,,,,
8024400,宁夏,本科批,历史,,XB5B30E,,中国劳动关系学院,E69A,劳动与社会保障（国家专项）,国家专项,,,,,497,3383,,,,,,497,3383,,,,,,,,,本科,,,,,
8024401,宁夏,本科批,历史,,XB5B30E,,中国劳动关系学院,51C8,思想政治教育,,,,,,499,3256,,,,,,499,3256,,,,,,,,,本科,,,,,
8024402,宁夏,本科批,历史,,XB5B30E,,中国劳动关系学院,C19A,人力资源管理,,,,,,499,3256,,,,,,499,3256,,,,,,,,,本科,,,,,
8024403,宁夏,本科批,历史,,XB5B30E,,中国劳动关系学院,FB18,财务管理,,,,,,503,3027,,,,,,503,3027,,,,,,,,,本科,,,,,
8024404,宁夏,本科批,历史,,XB5B30E,,中国劳动关系学院,BBC8,劳动经济学,,,,,,504,2973,,,,,,504,2973,,,,,,,,,本科,,,,,
8024405,宁夏,本科批,历史,,XB5B30E,,中国劳动关系学院,D0E1,政治学与行政学,,,,,,504,2973,,,,,,504,2973,,,,,,,,,本科,,,,,
8024406,宁夏,本科批,历史,,XB5B30E,,中国劳动关系学院,927B,法学,,,,,,510,2612,,,,,,510,2612,,,,,,,,,本科,,,,,
8024407,宁夏,本科批,物理,,XB5B30E,,中国劳动关系学院,88B8,安全工程（国家专项）,国家专项,,,,,423,15998,,,,,,423,15998,,,,,,,,,本科,,,,,
8024408,宁夏,本科批,物理,,XB5B30E,,中国劳动关系学院,D0E1,政治学与行政学,,,,,,427,15234,,,,,,427,15234,,,,,,,,,本科,,,,,
8024409,宁夏,本科批,物理,,XB5B30E,,中国劳动关系学院,51C8,思想政治教育,,,,,,428,15065,,,,,,428,15065,,,,,,,,,本科,,,,,
8024410,宁夏,本科批,物理,,XB5B30E,,中国劳动关系学院,2234,劳动与社会保障,,,,,,428,15065,,,,,,428,15065,,,,,,,,,本科,,,,,
8024411,宁夏,本科批,物理,,XB5B30E,,中国劳动关系学院,FB18,财务管理,,,,,,429,14886,,,,,,429,14886,,,,,,,,,本科,,,,,
8024412,宁夏,本科批,物理,,XB5B30E,,中国劳动关系学院,C19A,人力资源管理,,,,,,429,14886,,,,,,429,14886,,,,,,,,,本科,,,,,
8024413,宁夏,本科批,物理,,XB5B30E,,中国劳动关系学院,BBC8,劳动经济学,,,,,,432,14269,,,,,,432,14269,,,,,,,,,本科,,,,,
8024414,宁夏,本科批,物理,,XB5B30E,,中国劳动关系学院,927B,法学,,,,,,432,14269,,,,,,432,14269,,,,,,,,,本科,,,,,
8024797,宁夏,本科批,物理,,XA69784,,广东医科大学,CD64,儿科学,,,,,,488,6101,,,,,,488,6101,,,,,,,,,本科,,,,,
8024798,宁夏,本科批,物理,,XA69784,,广东医科大学,A5C6,麻醉学,,,,,,490,5885,,,,,,490,5885,,,,,,,,,本科,,,,,
8024799,宁夏,本科批,物理,,XA69784,,广东医科大学,57E6,医学影像学,,,,,,492,5700,,,,,,492,5700,,,,,,,,,本科,,,,,
8024800,宁夏,本科批,物理,,XA69784,,广东医科大学,DBEE,临床医学（湛江）,湛江,,,,,523,3221,,,,,,523,3221,,,,,,,,,本科,,,,,
8025287,宁夏,本科批,物理,,XE5A4E5,,淮南师范学院,5B8B,高分子材料与工程,,,,,,411,18509,,,,,,411,18509,,,,,,,,,本科,,,,,
8025288,宁夏,本科批,物理,,XE5A4E5,,淮南师范学院,53B9,食品质量与安全,,,,,,412,18298,,,,,,412,18298,,,,,,,,,本科,,,,,
8025289,宁夏,本科批,物理,,XE5A4E5,,淮南师范学院,1C92,数字经济,,,,,,412,18298,,,,,,412,18298,,,,,,,,,本科,,,,,
8025290,宁夏,本科批,物理,,XE5A4E5,,淮南师范学院,16DF,金融工程,,,,,,412,18298,,,,,,412,18298,,,,,,,,,本科,,,,,
8025291,宁夏,本科批,物理,,XE5A4E5,,淮南师范学院,E6CB,社会工作,,,,,,412,18298,,,,,,412,18298,,,,,,,,,本科,,,,,
8025292,宁夏,本科批,物理,,XE5A4E5,,淮南师范学院,25DE,国际经济与贸易,,,,,,412,18298,,,,,,412,18298,,,,,,,,,本科,,,,,
8025293,宁夏,本科批,物理,,XE5A4E5,,淮南师范学院,4C65,自动化,,,,,,412,18298,,,,,,412,18298,,,,,,,,,本科,,,,,
8025294,宁夏,本科批,物理,,XE5A4E5,,淮南师范学院,D6ED,化学工程与工艺,,,,,,413,18103,,,,,,413,18103,,,,,,,,,本科,,,,,
8025295,宁夏,本科批,物理,,XE5A4E5,,淮南师范学院,3739,广告学,,,,,,413,18103,,,,,,413,18103,,,,,,,,,本科,,,,,
8025296,宁夏,本科批,物理,,XE5A4E5,,淮南师范学院,B694,生物制药,,,,,,413,18103,,,,,,413,18103,,,,,,,,,本科,,,,,
8025297,宁夏,本科批,物理,,XE5A4E5,,淮南师范学院,4EA7,新能源材料与器件,,,,,,414,17904,,,,,,414,17904,,,,,,,,,本科,,,,,
8025298,宁夏,本科批,物理,,XE5A4E5,,淮南师范学院,62BF,大数据管理与应用,,,,,,414,17904,,,,,,414,17904,,,,,,,,,本科,,,,,
8025299,宁夏,本科批,物理,,XE5A4E5,,淮南师范学院,ECA4,通信工程,,,,,,415,17693,,,,,,415,17693,,,,,,,,,本科,,,,,
8025300,宁夏,本科批,物理,,XE5A4E5,,淮南师范学院,5E19,会计学,,,,,,415,17693,,,,,,415,17693,,,,,,,,,本科,,,,,
8025301,宁夏,本科批,物理,,XE5A4E5,,淮南师范学院,4145,英语,,,,,,415,17693,,,,,,415,17693,,,,,,,,,本科,,,,,
8025302,宁夏,本科批,物理,,XE5A4E5,,淮南师范学院,927B,法学,,,,,,416,17483,,,,,,416,17483,,,,,,,,,本科,,,,,
8025784,宁夏,本科批,历史,,XC09B85,,伊犁师范大学,6B5D,中国少数民族语言文学（维吾尔语言）,维吾尔语言,,,,,474,5045,,,,,,474,5045,,,,,,,,,本科,,,,,
8025785,宁夏,本科批,历史,,XC09B85,,伊犁师范大学,FEC7,中国少数民族语言文学,,,,,,474,5045,,,,,,474,5045,,,,,,,,,本科,,,,,
8025786,宁夏,本科批,物理,,XC09B85,,伊犁师范大学,6B5D,中国少数民族语言文学（维吾尔语言）,维吾尔语言,,,,,410,18711,,,,,,410,18711,,,,,,,,,本科,,,,,
8025787,宁夏,本科批,物理,,XC09B85,,伊犁师范大学,29F4,物联网工程,,,,,,412,18298,,,,,,412,18298,,,,,,,,,本科,,,,,
8025788,宁夏,本科批,物理,,XC09B85,,伊犁师范大学,FEC7,中国少数民族语言文学,,,,,,412,18298,,,,,,412,18298,,,,,,,,,本科,,,,,
8025789,宁夏,本科批,物理,,XC09B85,,伊犁师范大学,B9A5,计算机科学与技术,,,,,,413,18103,,,,,,413,18103,,,,,,,,,本科,,,,,
8025790,宁夏,本科批,物理,,XC09B85,,伊犁师范大学,0541,生物科学,,,,,,413,18103,,,,,,413,18103,,,,,,,,,本科,,,,,
8025791,宁夏,本科批,物理,,XC09B85,,伊犁师范大学,7932,电子信息科学与技术,,,,,,414,17904,,,,,,414,17904,,,,,,,,,本科,,,,,
8025792,宁夏,本科批,物理,,XC09B85,,伊犁师范大学,A5B7,电气工程及其自动化,,,,,,415,17693,,,,,,415,17693,,,,,,,,,本科,,,,,
8025938,宁夏,本科批,历史,,X879DEA,,郑州师范学院,5D72,网络与新媒体,,,,,,474,5045,,,,,,474,5045,,,,,,,,,本科,,,,,
8025939,宁夏,本科批,物理,,X879DEA,,郑州师范学院,2C65,生物科学（师范）,师范,,,,,417,17270,,,,,,417,17270,,,,,,,,,本科,,,,,
8026498,宁夏,本科批,历史,,X3B0170,,北部湾大学,25DE,国际经济与贸易,,,,,,465,5786,,,,,,465,5786,,,,,,,,,本科,,,,,
8026499,宁夏,本科批,历史,,X3B0170,,北部湾大学,16DF,金融工程,,,,,,468,5522,,,,,,468,5522,,,,,,,,,本科,,,,,
8026500,宁夏,本科批,历史,,X3B0170,,北部湾大学,CA0F,旅游管理,,,,,,468,5522,,,,,,468,5522,,,,,,,,,本科,,,,,
8026501,宁夏,本科批,历史,,X3B0170,,北部湾大学,FB18,财务管理,,,,,,472,5208,,,,,,472,5208,,,,,,,,,本科,,,,,
8026502,宁夏,本科批,物理,,X3B0170,,北部湾大学,EA4B,机械设计制造及其自动化（中外合作办学）,中外合作办学,,,,,392,,,,,,,392,,,,,,,,,,本科,,,,,
8026503,宁夏,本科批,物理,,X3B0170,,北部湾大学,FB18,财务管理,,,,,,414,17904,,,,,,414,17904,,,,,,,,,本科,,,,,
8026504,宁夏,本科批,物理,,X3B0170,,北部湾大学,12CD,油气储运工程,,,,,,414,17904,,,,,,414,17904,,,,,,,,,本科,,,,,
8026505,宁夏,本科批,物理,,X3B0170,,北部湾大学,25DE,国际经济与贸易,,,,,,414,17904,,,,,,414,17904,,,,,,,,,本科,,,,,
8026506,宁夏,本科批,物理,,X3B0170,,北部湾大学,5E49,食品科学与工程,,,,,,414,17904,,,,,,414,17904,,,,,,,,,本科,,,,,
8026507,宁夏,本科批,物理,,X3B0170,,北部湾大学,78FF,机械设计制造及其自动化,,,,,,415,17693,,,,,,415,17693,,,,,,,,,本科,,,,,
8026508,宁夏,本科批,物理,,X3B0170,,北部湾大学,16DF,金融工程,,,,,,417,17270,,,,,,417,17270,,,,,,,,,本科,,,,,
8026509,宁夏,本科批,物理,,X3B0170,,北部湾大学,B9A5,计算机科学与技术,,,,,,418,17058,,,,,,418,17058,,,,,,,,,本科,,,,,
8026510,宁夏,本科批,物理,,X3B0170,,北部湾大学,25FE,数学与应用数学,,,,,,419,16846,,,,,,419,16846,,,,,,,,,本科,,,,,
8027223,宁夏,本科批,历史,,XFCE83D,,成都大学,108F,学前教育,,,,,,495,3504,,,,,,495,3504,,,,,,,,,本科,,,,,
8027224,宁夏,本科批,历史,,XFCE83D,,成都大学,CA0F,旅游管理,,,,,,497,3383,,,,,,497,3383,,,,,,,,,本科,,,,,
8027225,宁夏,本科批,历史,,XFCE83D,,成都大学,25DE,国际经济与贸易,,,,,,501,3138,,,,,,501,3138,,,,,,,,,本科,,,,,
8027226,宁夏,本科批,历史,,XFCE83D,,成都大学,D243,汉语言文学,,,,,,501,3138,,,,,,501,3138,,,,,,,,,本科,,,,,
8027227,宁夏,本科批,物理,,XFCE83D,,成都大学,53B9,食品质量与安全,,,,,,442,12470,,,,,,442,12470,,,,,,,,,本科,,,,,
8027228,宁夏,本科批,物理,,XFCE83D,,成都大学,43D9,药物制剂,,,,,,442,12470,,,,,,442,12470,,,,,,,,,本科,,,,,
8027229,宁夏,本科批,物理,,XFCE83D,,成都大学,BD59,金融科技,,,,,,442,12470,,,,,,442,12470,,,,,,,,,本科,,,,,
8027230,宁夏,本科批,物理,,XFCE83D,,成都大学,33A1,应急技术与管理,,,,,,443,12278,,,,,,443,12278,,,,,,,,,本科,,,,,
8027231,宁夏,本科批,物理,,XFCE83D,,成都大学,F620,安全工程,,,,,,446,11823,,,,,,446,11823,,,,,,,,,本科,,,,,
8027232,宁夏,本科批,物理,,XFCE83D,,成都大学,FB18,财务管理,,,,,,447,11628,,,,,,447,11628,,,,,,,,,本科,,,,,
8027233,宁夏,本科批,物理,,XFCE83D,,成都大学,26A7,车辆工程,,,,,,447,11628,,,,,,447,11628,,,,,,,,,本科,,,,,
8027234,宁夏,本科批,物理,,XFCE83D,,成都大学,F068,人工智能,,,,,,451,10913,,,,,,451,10913,,,,,,,,,本科,,,,,
8027235,宁夏,本科批,物理,,XFCE83D,,成都大学,78FF,机械设计制造及其自动化,,,,,,451,10913,,,,,,451,10913,,,,,,,,,本科,,,,,
8027236,宁夏,本科批,物理,,XFCE83D,,成都大学,3C38,软件工程,,,,,,453,10598,,,,,,453,10598,,,,,,,,,本科,,,,,
8027237,宁夏,本科批,物理,,XFCE83D,,成都大学,A5B7,电气工程及其自动化,,,,,,454,10448,,,,,,454,10448,,,,,,,,,本科,,,,,
8028024,宁夏,本科批,历史,,X398F60,,湖南城市学院,A615,汉语国际教育,,,,,,480,4593,,,,,,480,4593,,,,,,,,,本科,,,,,
8028025,宁夏,本科批,历史,,X398F60,,湖南城市学院,8412,城市管理,,,,,,480,4593,,,,,,480,4593,,,,,,,,,本科,,,,,
8028026,宁夏,本科批,历史,,X398F60,,湖南城市学院,04A0,工商管理,,,,,,480,4593,,,,,,480,4593,,,,,,,,,本科,,,,,
8028027,宁夏,本科批,历史,,X398F60,,湖南城市学院,FB18,财务管理,,,,,,481,4503,,,,,,481,4503,,,,,,,,,本科,,,,,
8028028,宁夏,本科批,历史,,X398F60,,湖南城市学院,5D72,网络与新媒体,,,,,,482,4429,,,,,,482,4429,,,,,,,,,本科,,,,,
8028029,宁夏,本科批,历史,,X398F60,,湖南城市学院,D243,汉语言文学,,,,,,484,4295,,,,,,484,4295,,,,,,,,,本科,,,,,
8028030,宁夏,本科批,物理,,X398F60,,湖南城市学院,41FB,房地产开发与管理,,,,,,410,18711,,,,,,410,18711,,,,,,,,,本科,,,,,
8028031,宁夏,本科批,物理,,X398F60,,湖南城市学院,7E23,环境工程,,,,,,411,18509,,,,,,411,18509,,,,,,,,,本科,,,,,
8028032,宁夏,本科批,物理,,X398F60,,湖南城市学院,FA23,地理信息科学,,,,,,411,18509,,,,,,411,18509,,,,,,,,,本科,,,,,
8028033,宁夏,本科批,物理,,X398F60,,湖南城市学院,4ECE,土木工程,,,,,,411,18509,,,,,,411,18509,,,,,,,,,本科,,,,,
8028034,宁夏,本科批,物理,,X398F60,,湖南城市学院,5B8B,高分子材料与工程,,,,,,412,18298,,,,,,412,18298,,,,,,,,,本科,,,,,
8028035,宁夏,本科批,物理,,X398F60,,湖南城市学院,4D44,给排水科学与工程,,,,,,412,18298,,,,,,412,18298,,,,,,,,,本科,,,,,
8028036,宁夏,本科批,物理,,X398F60,,湖南城市学院,6995,网络工程,,,,,,412,18298,,,,,,412,18298,,,,,,,,,本科,,,,,
8028037,宁夏,本科批,物理,,X398F60,,湖南城市学院,802A,物理学,,,,,,412,18298,,,,,,412,18298,,,,,,,,,本科,,,,,
8028038,宁夏,本科批,物理,,X398F60,,湖南城市学院,25FE,数学与应用数学,,,,,,413,18103,,,,,,413,18103,,,,,,,,,本科,,,,,
8028039,宁夏,本科批,物理,,X398F60,,湖南城市学院,371D,工程造价,,,,,,413,18103,,,,,,413,18103,,,,,,,,,本科,,,,,
8028040,宁夏,本科批,物理,,X398F60,,湖南城市学院,F068,人工智能,,,,,,415,17693,,,,,,415,17693,,,,,,,,,本科,,,,,
8028041,宁夏,本科批,物理,,X398F60,,湖南城市学院,78FF,机械设计制造及其自动化,,,,,,416,17483,,,,,,416,17483,,,,,,,,,本科,,,,,
8028042,宁夏,本科批,物理,,X398F60,,湖南城市学院,93E3,电子信息工程,,,,,,416,17483,,,,,,416,17483,,,,,,,,,本科,,,,,
8028968,宁夏,本科批,物理,,XCD2115,,嘉兴大学,6F56,工程管理,,,,,,414,17904,,,,,,414,17904,,,,,,,,,本科,,,,,
8028969,宁夏,本科批,物理,,XCD2115,,嘉兴大学,4ECE,土木工程,,,,,,426,15424,,,,,,426,15424,,,,,,,,,本科,,,,,
8028970,宁夏,本科批,物理,,XCD2115,,嘉兴大学,52FD,应用化学,,,,,,426,15424,,,,,,426,15424,,,,,,,,,本科,,,,,
8028971,宁夏,本科批,物理,,XCD2115,,嘉兴大学,4BF3,护理学,,,,,,426,15424,,,,,,426,15424,,,,,,,,,本科,,,,,
8028972,宁夏,本科批,物理,,XCD2115,,嘉兴大学,6A3A,建筑环境与能源应用工程,,,,,,427,15234,,,,,,427,15234,,,,,,,,,本科,,,,,
8028973,宁夏,本科批,物理,,XCD2115,,嘉兴大学,75BF,纺织工程,,,,,,429,14886,,,,,,429,14886,,,,,,,,,本科,,,,,
8028974,宁夏,本科批,物理,,XCD2115,,嘉兴大学,E347,工业设计,,,,,,430,14690,,,,,,430,14690,,,,,,,,,本科,,,,,
8028975,宁夏,本科批,物理,,XCD2115,,嘉兴大学,97D0,临床医学,,,,,,434,13883,,,,,,434,13883,,,,,,,,,本科,,,,,
8028976,宁夏,本科批,物理,,XCD2115,,嘉兴大学,93E3,电子信息工程,,,,,,434,13883,,,,,,434,13883,,,,,,,,,本科,,,,,
8028977,宁夏,本科批,物理,,XCD2115,,嘉兴大学,A5B7,电气工程及其自动化,,,,,,440,12830,,,,,,440,12830,,,,,,,,,本科,,,,,
8030138,宁夏,本科批,历史,,X00C1C1,,山东交通学院,4154,电子商务,,,,,,477,4821,,,,,,477,4821,,,,,,,,,本科,,,,,
8030139,宁夏,本科批,历史,,X00C1C1,,山东交通学院,62BF,大数据管理与应用,,,,,,478,4752,,,,,,478,4752,,,,,,,,,本科,,,,,
8030140,宁夏,本科批,物理,,X00C1C1,,山东交通学院,1C92,数字经济,,,,,,413,18103,,,,,,413,18103,,,,,,,,,本科,,,,,
8030141,宁夏,本科批,物理,,X00C1C1,,山东交通学院,F11A,机器人工程,,,,,,421,16413,,,,,,421,16413,,,,,,,,,本科,,,,,
8030142,宁夏,本科批,物理,,X00C1C1,,山东交通学院,A942,材料科学与工程,,,,,,422,16199,,,,,,422,16199,,,,,,,,,本科,,,,,
8030143,宁夏,本科批,物理,,X00C1C1,,山东交通学院,8EA2,机械电子工程,,,,,,422,16199,,,,,,422,16199,,,,,,,,,本科,,,,,
8030144,宁夏,本科批,物理,,X00C1C1,,山东交通学院,A86C,遥感科学与技术,,,,,,422,16199,,,,,,422,16199,,,,,,,,,本科,,,,,
8030145,宁夏,本科批,物理,,X00C1C1,,山东交通学院,4ECE,土木工程,,,,,,422,16199,,,,,,422,16199,,,,,,,,,本科,,,,,
8030146,宁夏,本科批,物理,,X00C1C1,,山东交通学院,6F56,工程管理,,,,,,423,15998,,,,,,423,15998,,,,,,,,,本科,,,,,
8030147,宁夏,本科批,物理,,X00C1C1,,山东交通学院,D06C,机械工程,,,,,,423,15998,,,,,,423,15998,,,,,,,,,本科,,,,,
8030148,宁夏,本科批,物理,,X00C1C1,,山东交通学院,35A0,交通运输（轨道交通运营与管理方向）,轨道交通运营与管理方向,,,,,423,15998,,,,,,423,15998,,,,,,,,,本科,,,,,
8030149,宁夏,本科批,物理,,X00C1C1,,山东交通学院,8684,智能制造工程,,,,,,423,15998,,,,,,423,15998,,,,,,,,,本科,,,,,
8030150,宁夏,本科批,物理,,X00C1C1,,山东交通学院,3557,能源与动力工程,,,,,,423,15998,,,,,,423,15998,,,,,,,,,本科,,,,,
8030151,宁夏,本科批,物理,,X00C1C1,,山东交通学院,4A2C,物流工程,,,,,,423,15998,,,,,,423,15998,,,,,,,,,本科,,,,,
8030152,宁夏,本科批,物理,,X00C1C1,,山东交通学院,1231,城市地下空间工程,,,,,,424,15793,,,,,,424,15793,,,,,,,,,本科,,,,,
8030153,宁夏,本科批,物理,,X00C1C1,,山东交通学院,7A06,飞行器制造工程,,,,,,426,15424,,,,,,426,15424,,,,,,,,,本科,,,,,
8030154,宁夏,本科批,物理,,X00C1C1,,山东交通学院,C7AE,交通工程,,,,,,426,15424,,,,,,426,15424,,,,,,,,,本科,,,,,
8030155,宁夏,本科批,物理,,X00C1C1,,山东交通学院,8328,机械类（车辆）,车辆,,,,,428,15065,,,,,,428,15065,,,,,,,,,本科,,,,,
8030156,宁夏,本科批,物理,,X00C1C1,,山东交通学院,78FF,机械设计制造及其自动化,,,,,,430,14690,,,,,,430,14690,,,,,,,,,本科,,,,,
8030157,宁夏,本科批,物理,,X00C1C1,,山东交通学院,A5B7,电气工程及其自动化,,,,,,435,13689,,,,,,435,13689,,,,,,,,,本科,,,,,
8030861,宁夏,本科批,物理,,XBF5F26,,上海应用技术大学,4ECE,土木工程,,,,,,423,15998,,,,,,423,15998,,,,,,,,,本科,,,,,
8030862,宁夏,本科批,物理,,XBF5F26,,上海应用技术大学,25FE,数学与应用数学,,,,,,424,15793,,,,,,424,15793,,,,,,,,,本科,,,,,
8030863,宁夏,本科批,物理,,XBF5F26,,上海应用技术大学,3615,机械类,,,,,,424,15793,,,,,,424,15793,,,,,,,,,本科,,,,,
8030864,宁夏,本科批,物理,,XBF5F26,,上海应用技术大学,E2E1,生物工程,,,,,,424,15793,,,,,,424,15793,,,,,,,,,本科,,,,,
8030865,宁夏,本科批,物理,,XBF5F26,,上海应用技术大学,5E49,食品科学与工程,,,,,,424,15793,,,,,,424,15793,,,,,,,,,本科,,,,,
8030866,宁夏,本科批,物理,,XBF5F26,,上海应用技术大学,D681,信息管理与信息系统,,,,,,425,15604,,,,,,425,15604,,,,,,,,,本科,,,,,
8030867,宁夏,本科批,物理,,XBF5F26,,上海应用技术大学,52FD,应用化学,,,,,,447,11628,,,,,,447,11628,,,,,,,,,本科,,,,,
8030868,宁夏,本科批,物理,,XBF5F26,,上海应用技术大学,EF7C,工商管理类,,,,,,451,10913,,,,,,451,10913,,,,,,,,,本科,,,,,
8030869,宁夏,本科批,物理,,XBF5F26,,上海应用技术大学,A942,材料科学与工程,,,,,,451,10913,,,,,,451,10913,,,,,,,,,本科,,,,,
8030870,宁夏,本科批,物理,,XBF5F26,,上海应用技术大学,40CE,制药工程,,,,,,454,10448,,,,,,454,10448,,,,,,,,,本科,,,,,
8030871,宁夏,本科批,物理,,XBF5F26,,上海应用技术大学,F068,人工智能,,,,,,459,9681,,,,,,459,9681,,,,,,,,,本科,,,,,
8030872,宁夏,本科批,物理,,XBF5F26,,上海应用技术大学,62BF,大数据管理与应用,,,,,,461,9388,,,,,,461,9388,,,,,,,,,本科,,,,,
8030873,宁夏,本科批,物理,,XBF5F26,,上海应用技术大学,25BA,集成电路设计与集成系统,,,,,,464,8960,,,,,,464,8960,,,,,,,,,本科,,,,,
8030874,宁夏,本科批,物理,,XBF5F26,,上海应用技术大学,B9A5,计算机科学与技术,,,,,,467,8565,,,,,,467,8565,,,,,,,,,本科,,,,,
8030875,宁夏,本科批,物理,,XBF5F26,,上海应用技术大学,C4B9,化学工程与工艺（卓越工程师计划试点班）,卓越工程师计划试点班,,,,,467,8565,,,,,,467,8565,,,,,,,,,本科,,,,,
8030876,宁夏,本科批,物理,,XBF5F26,,上海应用技术大学,0ADB,软件工程（卓越工程师计划试点班）,卓越工程师计划试点班,,,,,472,7933,,,,,,472,7933,,,,,,,,,本科,,,,,
8030877,宁夏,本科批,物理,,XBF5F26,,上海应用技术大学,D7FD,香料香精技术与工程,,,,,,472,7933,,,,,,472,7933,,,,,,,,,本科,,,,,
8030878,宁夏,本科批,物理,,XBF5F26,,上海应用技术大学,C94B,电气工程及其自动化（卓越工程师计划试点班）,卓越工程师计划试点班,,,,,480,6986,,,,,,480,6986,,,,,,,,,本科,,,,,
8032205,宁夏,本科批,历史,,XAC06BD,,陕西中医药大学,6246,针灸推拿学,,,,,,540,1318,,,,,,540,1318,,,,,,,,,本科,,,,,
8032206,宁夏,本科批,历史,,XAC06BD,,陕西中医药大学,03FE,中医学,,,,,,548,1058,,,,,,548,1058,,,,,,,,,本科,,,,,
8032207,宁夏,本科批,物理,,XAC06BD,,陕西中医药大学,57E6,医学影像学,,,,,,479,7107,,,,,,479,7107,,,,,,,,,本科,,,,,
8032208,宁夏,本科批,物理,,XAC06BD,,陕西中医药大学,6246,针灸推拿学,,,,,,479,7107,,,,,,479,7107,,,,,,,,,本科,,,,,
8032209,宁夏,本科批,物理,,XAC06BD,,陕西中医药大学,5ED3,中西医临床医学,,,,,,487,6218,,,,,,487,6218,,,,,,,,,本科,,,,,
8032210,宁夏,本科批,物理,,XAC06BD,,陕西中医药大学,97D0,临床医学,,,,,,490,5885,,,,,,490,5885,,,,,,,,,本科,,,,,
8032211,宁夏,本科批,物理,,XAC06BD,,陕西中医药大学,03FE,中医学,,,,,,492,5700,,,,,,492,5700,,,,,,,,,本科,,,,,
8033183,宁夏,本科批,物理,,X61A005,,牡丹江医科大学,40CE,制药工程,,,,,,418,17058,,,,,,418,17058,,,,,,,,,本科,,,,,
8033184,宁夏,本科批,物理,,X61A005,,牡丹江医科大学,43D9,药物制剂,,,,,,418,17058,,,,,,418,17058,,,,,,,,,本科,,,,,
8033185,宁夏,本科批,物理,,X61A005,,牡丹江医科大学,F89C,生物技术,,,,,,419,16846,,,,,,419,16846,,,,,,,,,本科,,,,,
8033186,宁夏,本科批,物理,,X61A005,,牡丹江医科大学,817D,康复治疗学,,,,,,420,16610,,,,,,420,16610,,,,,,,,,本科,,,,,
8033187,宁夏,本科批,物理,,X61A005,,牡丹江医科大学,A39E,预防医学,,,,,,421,16413,,,,,,421,16413,,,,,,,,,本科,,,,,
8033188,宁夏,本科批,物理,,X61A005,,牡丹江医科大学,4E9C,卫生检验与检疫,,,,,,422,16199,,,,,,422,16199,,,,,,,,,本科,,,,,
8033189,宁夏,本科批,物理,,X61A005,,牡丹江医科大学,BE91,医学检验技术,,,,,,423,15998,,,,,,423,15998,,,,,,,,,本科,,,,,
8033190,宁夏,本科批,物理,,X61A005,,牡丹江医科大学,57E6,医学影像学,,,,,,425,15604,,,,,,425,15604,,,,,,,,,本科,,,,,
8033191,宁夏,本科批,物理,,X61A005,,牡丹江医科大学,97D0,临床医学,,,,,,426,15424,,,,,,426,15424,,,,,,,,,本科,,,,,
8033192,宁夏,本科批,物理,,X61A005,,牡丹江医科大学,A5C6,麻醉学,,,,,,428,15065,,,,,,428,15065,,,,,,,,,本科,,,,,
8033549,宁夏,本科批,历史,,XBD9758,,广东金融学院,5D72,网络与新媒体,,,,,,486,4147,,,,,,486,4147,,,,,,,,,本科,,,,,
8033550,宁夏,本科批,历史,,XBD9758,,广东金融学院,C19A,人力资源管理,,,,,,487,4059,,,,,,487,4059,,,,,,,,,本科,,,,,
8033551,宁夏,本科批,历史,,XBD9758,,广东金融学院,04A0,工商管理,,,,,,488,3998,,,,,,488,3998,,,,,,,,,本科,,,,,
8033552,宁夏,本科批,历史,,XBD9758,,广东金融学院,AC90,行政管理,,,,,,492,3719,,,,,,492,3719,,,,,,,,,本科,,,,,
8033553,宁夏,本科批,历史,,XBD9758,,广东金融学院,4869,投资学,,,,,,493,3637,,,,,,493,3637,,,,,,,,,本科,,,,,
8033554,宁夏,本科批,历史,,XBD9758,,广东金融学院,978C,审计学,,,,,,494,3571,,,,,,494,3571,,,,,,,,,本科,,,,,
8033555,宁夏,本科批,历史,,XBD9758,,广东金融学院,0FBC,金融学,,,,,,494,3571,,,,,,494,3571,,,,,,,,,本科,,,,,
8033556,宁夏,本科批,历史,,XBD9758,,广东金融学院,D243,汉语言文学,,,,,,495,3504,,,,,,495,3504,,,,,,,,,本科,,,,,
8033557,宁夏,本科批,历史,,XBD9758,,广东金融学院,927B,法学,,,,,,497,3383,,,,,,497,3383,,,,,,,,,本科,,,,,
8033558,宁夏,本科批,历史,,XBD9758,,广东金融学院,5E19,会计学,,,,,,499,3256,,,,,,499,3256,,,,,,,,,本科,,,,,
8033559,宁夏,本科批,历史,,XBD9758,,广东金融学院,21BA,财政学,,,,,,503,3027,,,,,,503,3027,,,,,,,,,本科,,,,,
8033560,宁夏,本科批,物理,,XBD9758,,广东金融学院,BD59,金融科技,,,,,,418,17058,,,,,,418,17058,,,,,,,,,本科,,,,,
8033561,宁夏,本科批,物理,,XBD9758,,广东金融学院,E042,经济与金融,,,,,,420,16610,,,,,,420,16610,,,,,,,,,本科,,,,,
8033562,宁夏,本科批,物理,,XBD9758,,广东金融学院,1C92,数字经济,,,,,,420,16610,,,,,,420,16610,,,,,,,,,本科,,,,,
8033563,宁夏,本科批,物理,,XBD9758,,广东金融学院,C0DA,应用统计学,,,,,,420,16610,,,,,,420,16610,,,,,,,,,本科,,,,,
8033564,宁夏,本科批,物理,,XBD9758,,广东金融学院,B9A5,计算机科学与技术,,,,,,421,16413,,,,,,421,16413,,,,,,,,,本科,,,,,
8033565,宁夏,本科批,物理,,XBD9758,,广东金融学院,16DF,金融工程,,,,,,421,16413,,,,,,421,16413,,,,,,,,,本科,,,,,
8033566,宁夏,本科批,物理,,XBD9758,,广东金融学院,3C38,软件工程,,,,,,422,16199,,,,,,422,16199,,,,,,,,,本科,,,,,
8033567,宁夏,本科批,物理,,XBD9758,,广东金融学院,C831,精算学,,,,,,424,15793,,,,,,424,15793,,,,,,,,,本科,,,,,
8033568,宁夏,本科批,物理,,XBD9758,,广东金融学院,5E19,会计学,,,,,,424,15793,,,,,,424,15793,,,,,,,,,本科,,,,,
8033569,宁夏,本科批,物理,,XBD9758,,广东金融学院,0FBC,金融学,,,,,,424,15793,,,,,,424,15793,,,,,,,,,本科,,,,,
8033570,宁夏,本科批,物理,,XBD9758,,广东金融学院,25DE,国际经济与贸易,,,,,,440,12830,,,,,,440,12830,,,,,,,,,本科,,,,,
8033933,宁夏,本科批,历史,,X74ABF7,,河北金融学院,04A0,工商管理,,,,,,475,4975,,,,,,475,4975,,,,,,,,,本科,,,,,
8033934,宁夏,本科批,物理,,X74ABF7,,河北金融学院,7FA1,供应链管理,,,,,,409,18935,,,,,,409,18935,,,,,,,,,本科,,,,,
8033935,宁夏,本科批,物理,,X74ABF7,,河北金融学院,0E54,保险学,,,,,,409,18935,,,,,,409,18935,,,,,,,,,本科,,,,,
8033936,宁夏,本科批,物理,,X74ABF7,,河北金融学院,B001,信息安全,,,,,,410,18711,,,,,,410,18711,,,,,,,,,本科,,,,,
8033937,宁夏,本科批,物理,,X74ABF7,,河北金融学院,C831,精算学,,,,,,412,18298,,,,,,412,18298,,,,,,,,,本科,,,,,
8034240,宁夏,本科批,历史,,X57F52E,,河西学院,4154,电子商务,,,,,,477,4821,,,,,,477,4821,,,,,,,,,本科,,,,,
8034241,宁夏,本科批,历史,,X57F52E,,河西学院,04A0,工商管理,,,,,,480,4593,,,,,,480,4593,,,,,,,,,本科,,,,,
8034242,宁夏,本科批,历史,,X57F52E,,河西学院,D243,汉语言文学,,,,,,483,4360,,,,,,483,4360,,,,,,,,,本科,,,,,
8034243,宁夏,本科批,物理,,X57F52E,,河西学院,802A,物理学,,,,,,416,17483,,,,,,416,17483,,,,,,,,,本科,,,,,
8034244,宁夏,本科批,物理,,X57F52E,,河西学院,4BF3,护理学,,,,,,416,17483,,,,,,416,17483,,,,,,,,,本科,,,,,
8034245,宁夏,本科批,物理,,X57F52E,,河西学院,0541,生物科学,,,,,,419,16846,,,,,,419,16846,,,,,,,,,本科,,,,,
8035416,宁夏,本科批,历史,,X763237,,三明学院,F78B,旅游管理与服务教育,,,,,,474,5045,,,,,,474,5045,,,,,,,,,本科,,,,,
8035417,宁夏,本科批,历史,,X763237,,三明学院,FB18,财务管理,,,,,,475,4975,,,,,,475,4975,,,,,,,,,本科,,,,,
8035418,宁夏,本科批,物理,,X763237,,三明学院,FB65,风景园林,,,,,,396,21705,,,,,,396,21705,,,,,,,,,本科,,,,,
8035419,宁夏,本科批,物理,,X763237,,三明学院,7FA1,供应链管理,,,,,,398,21279,,,,,,398,21279,,,,,,,,,本科,,,,,
8035420,宁夏,本科批,物理,,X763237,,三明学院,F89C,生物技术,,,,,,401,20625,,,,,,401,20625,,,,,,,,,本科,,,,,
8035421,宁夏,本科批,物理,,X763237,,三明学院,78FF,机械设计制造及其自动化,,,,,,402,20405,,,,,,402,20405,,,,,,,,,本科,,,,,
8035422,宁夏,本科批,物理,,X763237,,三明学院,D583,网络空间安全,,,,,,407,19365,,,,,,407,19365,,,,,,,,,本科,,,,,
8035423,宁夏,本科批,物理,,X763237,,三明学院,4ECE,土木工程,,,,,,408,19137,,,,,,408,19137,,,,,,,,,本科,,,,,
8035949,宁夏,本科批,历史,,XAAD6CA,,乐山师范学院,4873,历史学,,,,,,482,4429,,,,,,482,4429,,,,,,,,,本科,,,,,
8035950,宁夏,本科批,历史,,XAAD6CA,,乐山师范学院,BFDA,人文地理与城乡规划,,,,,,485,4225,,,,,,485,4225,,,,,,,,,本科,,,,,
8035951,宁夏,本科批,历史,,XAAD6CA,,乐山师范学院,D243,汉语言文学,,,,,,488,3998,,,,,,488,3998,,,,,,,,,本科,,,,,
8035952,宁夏,本科批,物理,,XAAD6CA,,乐山师范学院,741E,计算机科学与��术,,,,,,416,17483,,,,,,416,17483,,,,,,,,,本科,,,,,
8035953,宁夏,本科批,物理,,XAAD6CA,,乐山师范学院,0541,生物科学,,,,,,416,17483,,,,,,416,17483,,,,,,,,,本科,,,,,
8035954,宁夏,本科批,物理,,XAAD6CA,,乐山师范学院,802A,物理学,,,,,,420,16610,,,,,,420,16610,,,,,,,,,本科,,,,,
8036602,宁夏,本科批,历史,,XF96173,,渭南师范学院,108F,学前教育,,,,,,481,4503,,,,,,481,4503,,,,,,,,,本科,,,,,
8036603,宁夏,本科批,历史,,XF96173,,渭南师范学院,4873,历史学,,,,,,485,4225,,,,,,485,4225,,,,,,,,,本科,,,,,
8036604,宁夏,本科批,历史,,XF96173,,渭南师范学院,DCEF,小学教育,,,,,,486,4147,,,,,,486,4147,,,,,,,,,本科,,,,,
8036605,宁夏,本科批,物理,,XF96173,,渭南师范学院,B694,生物制药,,,,,,406,19573,,,,,,406,19573,,,,,,,,,本科,,,,,
8036827,宁夏,本科批,历史,,XC0269A,,咸阳师范学院,4873,历史学,,,,,,491,3781,,,,,,491,3781,,,,,,,,,本科,,,,,
8036828,宁夏,本科批,历史,,XC0269A,,咸阳师范学院,FB18,财务管理,,,,,,492,3719,,,,,,492,3719,,,,,,,,,本科,,,,,
8036829,宁夏,本科批,历史,,XC0269A,,咸阳师范学院,4145,英语,,,,,,492,3719,,,,,,492,3719,,,,,,,,,本科,,,,,
8036830,宁夏,本科批,历史,,XC0269A,,咸阳师范学院,D243,汉语言文学,,,,,,497,3383,,,,,,497,3383,,,,,,,,,本科,,,,,
8036831,宁夏,本科批,物理,,XC0269A,,咸阳师范学院,74E7,教育技术学,,,,,,425,15604,,,,,,425,15604,,,,,,,,,本科,,,,,
8036832,宁夏,本科批,物理,,XC0269A,,咸阳师范学院,802A,物理学,,,,,,426,15424,,,,,,426,15424,,,,,,,,,本科,,,,,
8036833,宁夏,本科批,物理,,XC0269A,,咸阳师范学院,DCEF,小学教育,,,,,,427,15234,,,,,,427,15234,,,,,,,,,本科,,,,,
8036834,宁夏,本科批,物理,,XC0269A,,咸阳师范学院,25FE,数学与应用数学,,,,,,428,15065,,,,,,428,15065,,,,,,,,,本科,,,,,
8036835,宁夏,本科批,物理,,XC0269A,,咸阳师范学院,B5AE,化学,,,,,,429,14886,,,,,,429,14886,,,,,,,,,本科,,,,,
8037736,宁夏,本科批,历史,,X8C2D30,,北京物资学院,FB18,财务管理,,,,,,507,2792,,,,,,507,2792,,,,,,,,,本科,,,,,
8037737,宁夏,本科批,历史,,X8C2D30,,北京物资学院,10DA,市场营销（数字化营销）,数字化营销,,,,,513,2442,,,,,,513,2442,,,,,,,,,本科,,,,,
8037738,宁夏,本科批,历史,,X8C2D30,,北京物资学院,9961,采购管理,,,,,,518,2196,,,,,,518,2196,,,,,,,,,本科,,,,,
8037739,宁夏,本科批,物理,,X8C2D30,,北京物资学院,B9A5,计算机科学与技术,,,,,,432,14269,,,,,,432,14269,,,,,,,,,本科,,,,,
8037740,宁夏,本科批,物理,,X8C2D30,,北京物资学院,9403,经济学（实验班）,实验班,,,,,434,13883,,,,,,434,13883,,,,,,,,,本科,,,,,
8037741,宁夏,本科批,物理,,X8C2D30,,北京物资学院,A252,计算机科学与技术（实验班）,实验班,,,,,442,12470,,,,,,442,12470,,,,,,,,,本科,,,,,
8037742,宁夏,本科批,物理,,X8C2D30,,北京物资学院,C0DA,应用统计学,,,,,,452,10754,,,,,,452,10754,,,,,,,,,本科,,,,,
8037743,宁夏,本科批,物理,,X8C2D30,,北京物资学院,D9EC,物流工程（京东科技实验班）,京东科技实验班,,,,,453,10598,,,,,,453,10598,,,,,,,,,本科,,,,,
8037744,宁夏,本科批,物理,,X8C2D30,,北京物资学院,2679,商务英语（实验班）,实验班,,,,,464,8960,,,,,,464,8960,,,,,,,,,本科,,,,,
8037745,宁夏,本科批,物理,,X8C2D30,,北京物资学院,0C2B,金融学（期货与证券实验班）,期货与证券实验班,,,,,473,7812,,,,,,473,7812,,,,,,,,,本科,,,,,
8037847,宁夏,本科批,历史,,X138ABE,,德州学院,927B,法学,,,,,,489,3940,,,,,,489,3940,,,,,,,,,本科,,,,,
8037848,宁夏,本科批,物理,,X138ABE,,德州学院,6995,网络工程,,,,,,415,17693,,,,,,415,17693,,,,,,,,,本科,,,,,
8039339,宁夏,本科批,物理,,X1839E5,,上海电力大学,D681,信息管理与信息系统,,,,,,515,3775,,,,,,515,3775,,,,,,,,,本科,,,,,
8039340,宁夏,本科批,物理,,X1839E5,,上海电力大学,6F56,工程管理,,,,,,515,3775,,,,,,515,3775,,,,,,,,,本科,,,,,
8039341,宁夏,本科批,物理,,X1839E5,,上海电力大学,D081,新能源科学与工程,,,,,,517,3626,,,,,,517,3626,,,,,,,,,本科,,,,,
8039342,宁夏,本科批,物理,,X1839E5,,上海电力大学,D6ED,化学工程与工艺,,,,,,522,3293,,,,,,522,3293,,,,,,,,,本科,,,,,
8039343,宁夏,本科批,物理,,X1839E5,,上海电力大学,3557,能源与动力工程,,,,,,524,3165,,,,,,524,3165,,,,,,,,,本科,,,,,
8039344,宁夏,本科批,物理,,X1839E5,,上海电力大学,B9A5,计算机科学与技术,,,,,,529,2869,,,,,,529,2869,,,,,,,,,本科,,,,,
8039345,宁夏,本科批,物理,,X1839E5,,上海电力大学,93E3,电子信息工程,,,,,,532,2696,,,,,,532,2696,,,,,,,,,本科,,,,,
8039346,宁夏,本科批,物理,,X1839E5,,上海电力大学,3C38,软件工程,,,,,,533,2634,,,,,,533,2634,,,,,,,,,本科,,,,,
8039347,宁夏,本科批,物理,,X1839E5,,上海电力大学,4C65,自动化,,,,,,538,2382,,,,,,538,2382,,,,,,,,,本科,,,,,
8039348,宁夏,本科批,物理,,X1839E5,,上海电力大学,A5B7,电气工程及其自动化,,,,,,547,1979,,,,,,547,1979,,,,,,,,,本科,,,,,
8040423,宁夏,本科批,历史,,XDD0D4C,,潍坊学院,32F0,文物与博物馆学,,,,,,473,5131,,,,,,473,5131,,,,,,,,,本科,,,,,
8040424,宁夏,本科批,历史,,XDD0D4C,,潍坊学院,DCEF,小学教育,,,,,,481,4503,,,,,,481,4503,,,,,,,,,本科,,,,,
8040425,宁夏,本科批,历史,,XDD0D4C,,潍坊学院,927B,法学,,,,,,490,3859,,,,,,490,3859,,,,,,,,,本科,,,,,
8040426,宁夏,本科批,历史,,XDD0D4C,,潍坊学院,D243,汉语言文学,,,,,,494,3571,,,,,,494,3571,,,,,,,,,本科,,,,,
8040427,宁夏,本科批,物理,,XDD0D4C,,潍坊学院,6836,设施农业科学与工程,,,,,,415,17693,,,,,,415,17693,,,,,,,,,本科,,,,,
8040428,宁夏,本科批,物理,,XDD0D4C,,潍坊学院,F11A,机器人工程,,,,,,417,17270,,,,,,417,17270,,,,,,,,,本科,,,,,
8040429,宁夏,本科批,物理,,XDD0D4C,,潍坊学院,C0DA,应用统计学,,,,,,417,17270,,,,,,417,17270,,,,,,,,,本科,,,,,
8040430,宁夏,本科批,物理,,XDD0D4C,,潍坊学院,0541,生物科学,,,,,,418,17058,,,,,,418,17058,,,,,,,,,本科,,,,,
8040431,宁夏,本科批,物理,,XDD0D4C,,潍坊学院,B5AE,化学,,,,,,419,16846,,,,,,419,16846,,,,,,,,,本科,,,,,
8040432,宁夏,本科批,物理,,XDD0D4C,,潍坊学院,8684,智能制造工程,,,,,,419,16846,,,,,,419,16846,,,,,,,,,本科,,,,,
8040433,宁夏,本科批,物理,,XDD0D4C,,潍坊学院,A4E1,机械设计制造及其自动化（潍柴产业学院）,潍柴产业学院,,,,,419,16846,,,,,,419,16846,,,,,,,,,本科,,,,,
8040434,宁夏,本科批,物理,,XDD0D4C,,潍坊学院,5E19,会计学,,,,,,421,16413,,,,,,421,16413,,,,,,,,,本科,,,,,
8040435,宁夏,本科批,物理,,XDD0D4C,,潍坊学院,4C65,自动化,,,,,,422,16199,,,,,,422,16199,,,,,,,,,本科,,,,,
8040436,宁夏,本科批,物理,,XDD0D4C,,潍坊学院,C734,电子科学与技术,,,,,,422,16199,,,,,,422,16199,,,,,,,,,本科,,,,,
8040437,宁夏,本科批,物理,,XDD0D4C,,潍坊学院,B9A5,计算机科学与技术,,,,,,423,15998,,,,,,423,15998,,,,,,,,,本科,,,,,
8041070,宁夏,本科批,历史,,XD85B49,,武夷学院,CA0F,旅游管理,,,,,,469,5428,,,,,,469,5428,,,,,,,,,本科,,,,,
8041071,宁夏,本科批,历史,,XD85B49,,武夷学院,7288,文化产业管理,,,,,,471,5275,,,,,,471,5275,,,,,,,,,本科,,,,,
8041072,宁夏,本科批,历史,,XD85B49,,武夷学院,25DE,国际经济与贸易,,,,,,471,5275,,,,,,471,5275,,,,,,,,,本科,,,,,
8041073,宁夏,本科批,历史,,XD85B49,,武夷学院,5D72,网络与新媒体,,,,,,475,4975,,,,,,475,4975,,,,,,,,,本科,,,,,
8041074,宁夏,本科批,物理,,XD85B49,,武夷学院,7E23,环境工程,,,,,,407,19365,,,,,,407,19365,,,,,,,,,本科,,,,,
8041075,宁夏,本科批,物理,,XD85B49,,武夷学院,4ECE,土木工程,,,,,,408,19137,,,,,,408,19137,,,,,,,,,本科,,,,,
8041076,宁夏,本科批,物理,,XD85B49,,武夷学院,B9A5,计算机科学与技术,,,,,,409,18935,,,,,,409,18935,,,,,,,,,本科,,,,,
8041077,宁夏,本科批,物理,,XD85B49,,武夷学院,93E3,电子信息工程,,,,,,412,18298,,,,,,412,18298,,,,,,,,,本科,,,,,
8041574,宁夏,本科批,物理,,X584EDD,,河北科技师范学院,09EE,市场营销,,,,,,402,20405,,,,,,402,20405,,,,,,,,,本科,,,,,
8041575,宁夏,本科批,物理,,X584EDD,,河北科技师范学院,0D0C,酿酒工程,,,,,,404,19977,,,,,,404,19977,,,,,,,,,本科,,,,,
8041576,宁夏,本科批,物理,,X584EDD,,河北科技师范学院,53B9,食品质量与安全,,,,,,408,19137,,,,,,408,19137,,,,,,,,,本科,,,,,
8041814,宁夏,本科批,历史,,X1F929E,,绵阳师范学院,DB75,广播电视学,,,,,,455,6737,,,,,,455,6737,,,,,,,,,本科,,,,,
8041815,宁夏,本科批,历史,,X1F929E,,绵阳师范学院,CA0F,旅游管理,,,,,,464,5892,,,,,,464,5892,,,,,,,,,本科,,,,,
8041816,宁夏,本科批,历史,,X1F929E,,绵阳师范学院,51C8,思想政治教育,,,,,,470,5350,,,,,,470,5350,,,,,,,,,本科,,,,,
8041817,宁夏,本科批,历史,,X1F929E,,绵阳师范学院,D243,汉语言文学,,,,,,479,4671,,,,,,479,4671,,,,,,,,,本科,,,,,
8041818,宁夏,本科批,物理,,X1F929E,,绵阳师范学院,29F4,物联网工程,,,,,,415,17693,,,,,,415,17693,,,,,,,,,本科,,,,,
8041819,宁夏,本科批,物理,,X1F929E,,绵阳师范学院,0541,生物科学,,,,,,415,17693,,,,,,415,17693,,,,,,,,,本科,,,,,
8041820,宁夏,本科批,物理,,X1F929E,,绵阳师范学院,8EA2,机械电子工程,,,,,,417,17270,,,,,,417,17270,,,,,,,,,本科,,,,,
8041821,宁夏,本科批,物理,,X1F929E,,绵阳师范学院,8684,智能制造工程,,,,,,418,17058,,,,,,418,17058,,,,,,,,,本科,,,,,
8041822,宁夏,本科批,物理,,X1F929E,,绵阳师范学院,F068,人工智能,,,,,,418,17058,,,,,,418,17058,,,,,,,,,本科,,,,,
8041823,宁夏,本科批,物理,,X1F929E,,绵阳师范学院,A5B7,电气工程及其自动化,,,,,,422,16199,,,,,,422,16199,,,,,,,,,本科,,,,,
8044725,宁夏,本科批,历史,,X205914,,陇东学院,4BF3,护理学,,,,,,480,4593,,,,,,480,4593,,,,,,,,,本科,,,,,
8044726,宁夏,本科批,历史,,X205914,,陇东学院,5E19,会计学,,,,,,483,4360,,,,,,483,4360,,,,,,,,,本科,,,,,
8044727,宁夏,本科批,物理,,X205914,,陇东学院,F620,安全工程,,,,,,418,17058,,,,,,418,17058,,,,,,,,,本科,,,,,
8044728,宁夏,本科批,物理,,X205914,,陇东学院,5E19,会计学,,,,,,418,17058,,,,,,418,17058,,,,,,,,,本科,,,,,
8044729,宁夏,本科批,物理,,X205914,,陇东学院,5E49,食品科学与工程,,,,,,418,17058,,,,,,418,17058,,,,,,,,,本科,,,,,
8044730,宁夏,本科批,物理,,X205914,,陇东学院,29F4,物联网工程,,,,,,418,17058,,,,,,418,17058,,,,,,,,,本科,,,,,
8044731,宁夏,本科批,物理,,X205914,,陇东学院,C325,农学,,,,,,418,17058,,,,,,418,17058,,,,,,,,,本科,,,,,
8044732,宁夏,本科批,物理,,X205914,,陇东学院,B9A5,计算机科学与技术,,,,,,419,16846,,,,,,419,16846,,,,,,,,,本科,,,,,
8044733,宁夏,本科批,物理,,X205914,,陇东学院,25FE,数学与应用数学,,,,,,419,16846,,,,,,419,16846,,,,,,,,,本科,,,,,
8044734,宁夏,本科批,物理,,X205914,,陇东学院,4BF3,护理学,,,,,,420,16610,,,,,,420,16610,,,,,,,,,本科,,,,,
8044947,宁夏,本科批,历史,,X4878CC,,山东航空学院,9569,小学教育（师范类）,师范类,,,,,478,4752,,,,,,478,4752,,,,,,,,,本科,,,,,
8044948,宁夏,本科批,历史,,X4878CC,,山东航空学院,DBB2,历史学（师范类）,师范类,,,,,481,4503,,,,,,481,4503,,,,,,,,,本科,,,,,
8044949,宁夏,本科批,物理,,X4878CC,,山东航空学院,F620,安全工程,,,,,,417,17270,,,,,,417,17270,,,,,,,,,本科,,,,,
8044950,宁夏,本科批,物理,,X4878CC,,山东航空学院,F11A,机器人工程,,,,,,418,17058,,,,,,418,17058,,,,,,,,,本科,,,,,
8045543,宁夏,本科批,物理,,X289391,,沈阳工程学院,4C65,自动化,,,,,,450,11095,,,,,,450,11095,,,,,,,,,本科,,,,,
8045544,宁夏,本科批,物理,,X289391,,沈阳工程学院,3557,能源与动力工程,,,,,,451,10913,,,,,,451,10913,,,,,,,,,本科,,,,,
8045545,宁夏,本科批,物理,,X289391,,沈阳工程学院,A5B7,电气工程及其自动化,,,,,,462,9236,,,,,,462,9236,,,,,,,,,本科,,,,,
8046272,宁夏,本科批,历史,,XA216C7,,长春大学,CA0F,旅游管理,,,,,,474,5045,,,,,,474,5045,,,,,,,,,本科,,,,,
8046273,宁夏,本科批,历史,,XA216C7,,长春大学,D243,汉语言文学,,,,,,483,4360,,,,,,483,4360,,,,,,,,,本科,,,,,
8046274,宁夏,本科批,物理,,XA216C7,,长春大学,26A7,车辆工程,,,,,,430,14690,,,,,,430,14690,,,,,,,,,本科,,,,,
8046275,宁夏,本科批,物理,,XA216C7,,长春大学,6995,网络工程,,,,,,430,14690,,,,,,430,14690,,,,,,,,,本科,,,,,
8046276,宁夏,本科批,物理,,XA216C7,,长春大学,3C38,软件工程,,,,,,431,14482,,,,,,431,14482,,,,,,,,,本科,,,,,
8046277,宁夏,本科批,物理,,XA216C7,,长春大学,ECA4,通信工程,,,,,,431,14482,,,,,,431,14482,,,,,,,,,本科,,,,,
8046278,宁夏,本科批,物理,,XA216C7,,长春大学,D06C,机械工程,,,,,,431,14482,,,,,,431,14482,,,,,,,,,本科,,,,,
8046969,宁夏,本科批,物理,,X7F6B13,,齐齐哈尔医学院,BE91,医学检验技术,,,,,,431,14482,,,,,,431,14482,,,,,,,,,本科,,,,,
8046970,宁夏,本科批,物理,,X7F6B13,,齐齐哈尔医学院,57E6,医学影像学,,,,,,431,14482,,,,,,431,14482,,,,,,,,,本科,,,,,
8046971,宁夏,本科批,物理,,X7F6B13,,齐齐哈尔医学院,97D0,临床医学,,,,,,438,13162,,,,,,438,13162,,,,,,,,,本科,,,,,
8048079,宁夏,本科批,历史,,X65D279,,桂林航天工业学院,09EE,市场营销,,,,,,468,5522,,,,,,468,5522,,,,,,,,,本科,,,,,
8048080,宁夏,本科批,历史,,X65D279,,桂林航天工业学院,3E25,国际商务,,,,,,469,5428,,,,,,469,5428,,,,,,,,,本科,,,,,
8048081,宁夏,本科批,历史,,X65D279,,桂林航天工业学院,F78B,旅游管理与服务教育,,,,,,469,5428,,,,,,469,5428,,,,,,,,,本科,,,,,
8049208,宁夏,本科批,历史,,XBDC3B3,,湖北理工学院,DAFB,小学教育（卓越教师班）,卓越教师班,,,,,478,4752,,,,,,478,4752,,,,,,,,,本科,,,,,
8049209,宁夏,本科批,历史,,XBDC3B3,,湖北理工学院,4BF3,护理学,,,,,,478,4752,,,,,,478,4752,,,,,,,,,本科,,,,,
8049210,宁夏,本科批,物理,,XBDC3B3,,湖北理工学院,10A0,药学,,,,,,414,17904,,,,,,414,17904,,,,,,,,,本科,,,,,
8049211,宁夏,本科批,物理,,XBDC3B3,,湖北理工学院,DB23,复合材料与工程,,,,,,414,17904,,,,,,414,17904,,,,,,,,,本科,,,,,
8049212,宁夏,本科批,物理,,XBDC3B3,,湖北理工学院,BFBD,能源与环境系统工程,,,,,,416,17483,,,,,,416,17483,,,,,,,,,本科,,,,,
8049213,宁夏,本科批,物理,,XBDC3B3,,湖北理工学院,031F,化学工程与工艺（产业人才计划、数智化工、能源化工方向）,产业人才计划、数智化工、能源化工方向,,,,,416,17483,,,,,,416,17483,,,,,,,,,本科,,,,,
8049581,宁夏,本科批,历史,,X741095,,湖南财政经济学院,09EE,市场营销,,,,,,476,4903,,,,,,476,4903,,,,,,,,,本科,,,,,
8049582,宁夏,本科批,历史,,X741095,,湖南财政经济学院,0FBC,金融学,,,,,,479,4671,,,,,,479,4671,,,,,,,,,本科,,,,,
8049583,宁夏,本科批,历史,,X741095,,湖南财政经济学院,CA9C,财政学类,,,,,,482,4429,,,,,,482,4429,,,,,,,,,本科,,,,,
8049584,宁夏,本科批,历史,,X741095,,湖南财政经济学院,FB18,财务管理,,,,,,483,4360,,,,,,483,4360,,,,,,,,,本科,,,,,
8049585,宁夏,本科批,历史,,X741095,,湖南财政经济学院,5E19,会计学,,,,,,494,3571,,,,,,494,3571,,,,,,,,,本科,,,,,
8049586,宁夏,本科批,物理,,X741095,,湖南财政经济学院,0FBC,金融学,,,,,,423,15998,,,,,,423,15998,,,,,,,,,本科,,,,,
8049587,宁夏,本科批,物理,,X741095,,湖南财政经济学院,B9A5,计算机科学与技术,,,,,,427,15234,,,,,,427,15234,,,,,,,,,本科,,,,,
8049588,宁夏,本科批,物理,,X741095,,湖南财政经济学院,CA9C,财政学类,,,,,,431,14482,,,,,,431,14482,,,,,,,,,本科,,,,,
8049589,宁夏,本科批,物理,,X741095,,湖南财政经济学院,FB18,财务管理,,,,,,431,14482,,,,,,431,14482,,,,,,,,,本科,,,,,
8049590,宁夏,本科批,物理,,X741095,,湖南财政经济学院,5E19,会计学,,,,,,435,13689,,,,,,435,13689,,,,,,,,,本科,,,,,
8049842,宁夏,本科批,历史,,XF1ADEC,,湖南人文科技学院,FB18,财务管理,,,,,,481,4503,,,,,,481,4503,,,,,,,,,本科,,,,,
8049843,宁夏,本科批,物理,,XF1ADEC,,湖南人文科技学院,ECA4,通信工程,,,,,,414,17904,,,,,,414,17904,,,,,,,,,本科,,,,,
8049844,宁夏,本科批,物理,,XF1ADEC,,湖南人文科技学院,FB18,财务管理,,,,,,418,17058,,,,,,418,17058,,,,,,,,,本科,,,,,
8050245,宁夏,本科批,历史,,X0331E5,,黄淮学院,4BF3,护理学,,,,,,469,5428,,,,,,469,5428,,,,,,,,,本科,,,,,
8050246,宁夏,本科批,历史,,X0331E5,,黄淮学院,1049,商务英语,,,,,,471,5275,,,,,,471,5275,,,,,,,,,本科,,,,,
8050247,宁夏,本科批,历史,,X0331E5,,黄淮学院,A585,助产学,,,,,,471,5275,,,,,,471,5275,,,,,,,,,本科,,,,,
8050248,宁夏,本科批,历史,,X0331E5,,黄淮学院,4145,英语,,,,,,475,4975,,,,,,475,4975,,,,,,,,,本科,,,,,
8050249,宁夏,本科批,历史,,X0331E5,,黄淮学院,51C8,思想政治教育,,,,,,476,4903,,,,,,476,4903,,,,,,,,,本科,,,,,
8050250,宁夏,本科批,物理,,X0331E5,,黄淮学院,10A0,药学,,,,,,410,18711,,,,,,410,18711,,,,,,,,,本科,,,,,
8050251,宁夏,本科批,物理,,X0331E5,,黄淮学院,16DF,金融工程,,,,,,411,18509,,,,,,411,18509,,,,,,,,,本科,,,,,
8050252,宁夏,本科批,物理,,X0331E5,,黄淮学院,25FE,数学与应用数学,,,,,,411,18509,,,,,,411,18509,,,,,,,,,本科,,,,,
8050253,宁夏,本科批,物理,,X0331E5,,黄淮学院,F068,人工智能,,,,,,413,18103,,,,,,413,18103,,,,,,,,,本科,,,,,
8051170,宁夏,本科批,历史,,X2A8E6F,,喀什大学,CA0F,旅游管理,,,,,,482,4429,,,,,,482,4429,,,,,,,,,本科,,,,,
8051171,宁夏,本科批,历史,,X2A8E6F,,喀什大学,4873,历史学,,,,,,482,4429,,,,,,482,4429,,,,,,,,,本科,,,,,
8051172,宁夏,本科批,历史,,X2A8E6F,,喀什大学,25DE,国际经济与贸易,,,,,,482,4429,,,,,,482,4429,,,,,,,,,本科,,,,,
8051173,宁夏,本科批,历史,,X2A8E6F,,喀什大学,51C8,思想政治教育,,,,,,483,4360,,,,,,483,4360,,,,,,,,,本科,,,,,
8051174,宁夏,本科批,历史,,X2A8E6F,,喀什大学,D243,汉语言文学,,,,,,483,4360,,,,,,483,4360,,,,,,,,,本科,,,,,
8051175,宁夏,本科批,历史,,X2A8E6F,,喀什大学,927B,法学,,,,,,485,4225,,,,,,485,4225,,,,,,,,,本科,,,,,
8051176,宁夏,本科批,物理,,X2A8E6F,,喀什大学,4D44,给排水科学与工程,,,,,,411,18509,,,,,,411,18509,,,,,,,,,本科,,,,,
8051177,宁夏,本科批,物理,,X2A8E6F,,喀什大学,28AD,经济统计学,,,,,,411,18509,,,,,,411,18509,,,,,,,,,本科,,,,,
8051178,宁夏,本科批,物理,,X2A8E6F,,喀什大学,41CF,数字媒体技术,,,,,,411,18509,,,,,,411,18509,,,,,,,,,本科,,,,,
8051179,宁夏,本科批,物理,,X2A8E6F,,喀什大学,4ECE,土木工程,,,,,,413,18103,,,,,,413,18103,,,,,,,,,本科,,,,,
8051180,宁夏,本科批,物理,,X2A8E6F,,喀什大学,CA0F,旅游管理,,,,,,413,18103,,,,,,413,18103,,,,,,,,,本科,,,,,
8051181,宁夏,本科批,物理,,X2A8E6F,,喀什大学,25DE,国际经济与贸易,,,,,,414,17904,,,,,,414,17904,,,,,,,,,本科,,,,,
8051182,宁夏,本科批,物理,,X2A8E6F,,喀什大学,76B9,统计学,,,,,,414,17904,,,,,,414,17904,,,,,,,,,本科,,,,,
8051183,宁夏,本科批,物理,,X2A8E6F,,喀什大学,FD7E,地理科学,,,,,,415,17693,,,,,,415,17693,,,,,,,,,本科,,,,,
8051184,宁夏,本科批,物理,,X2A8E6F,,喀什大学,52FD,应用化学,,,,,,415,17693,,,,,,415,17693,,,,,,,,,本科,,,,,
8051185,宁夏,本科批,物理,,X2A8E6F,,喀什大学,B5AE,化学,,,,,,418,17058,,,,,,418,17058,,,,,,,,,本科,,,,,
8051458,宁夏,本科批,历史,,X2860DA,,兰州文理学院,4869,投资学,,,,,,451,7134,,,,,,451,7134,,,,,,,,,本科,,,,,
8051459,宁夏,本科批,物理,,X2860DA,,兰州文理学院,F18B,电气工程与智能控制,,,,,,425,15604,,,,,,425,15604,,,,,,,,,本科,,,,,
8051839,宁夏,本科批,历史,,X6D10A1,,许昌学院,CA0F,旅游管理,,,,,,481,4503,,,,,,481,4503,,,,,,,,,本科,,,,,
8051840,宁夏,本科批,历史,,X6D10A1,,许昌学院,927B,法学,,,,,,485,4225,,,,,,485,4225,,,,,,,,,本科,,,,,
8051841,宁夏,本科批,物理,,X6D10A1,,许昌学院,40CE,制药工程,,,,,,421,16413,,,,,,421,16413,,,,,,,,,本科,,,,,
8051842,宁夏,本科批,物理,,X6D10A1,,许昌学院,4EA7,新能源材料与器件,,,,,,421,16413,,,,,,421,16413,,,,,,,,,本科,,,,,
8051843,宁夏,本科批,物理,,X6D10A1,,许昌学院,A5B7,电气工程及其自动化,,,,,,439,12985,,,,,,439,12985,,,,,,,,,本科,,,,,
8052673,宁夏,本科批,历史,,XDC9715,,长春工程学院,7CB6,边防军人子女预科班,,,,,,392,13238,,,,,,392,13238,,,,,,,,,本科,,,,,
8052674,宁夏,本科批,物理,,XDC9715,,长春工程学院,7CB6,边防军人子女预科班,,,,,,367,27948,,,,,,367,27948,,,,,,,,,本科,,,,,
8052675,宁夏,本科批,物理,,XDC9715,,长春工程学院,2B47,智能建造,,,,,,414,17904,,,,,,414,17904,,,,,,,,,本科,,,,,
8052676,宁夏,本科批,物理,,XDC9715,,长春工程学院,CB22,城乡规划,,,,,,415,17693,,,,,,415,17693,,,,,,,,,本科,,,,,
8052677,宁夏,本科批,物理,,XDC9715,,长春工程学院,CEDE,道路桥梁与渡河工程,,,,,,415,17693,,,,,,415,17693,,,,,,,,,本科,,,,,
8052678,宁夏,本科批,物理,,XDC9715,,长春工程学院,0DD8,资源勘查工程,,,,,,415,17693,,,,,,415,17693,,,,,,,,,本科,,,,,
8052679,宁夏,本科批,物理,,XDC9715,,长春工程学院,4ECE,土木工程,,,,,,415,17693,,,,,,415,17693,,,,,,,,,本科,,,,,
8052680,宁夏,本科批,物理,,XDC9715,,长春工程学院,A2E0,测绘工程,,,,,,415,17693,,,,,,415,17693,,,,,,,,,本科,,,,,
8052681,宁夏,本科批,物理,,XDC9715,,长春工程学院,F620,安全工程,,,,,,416,17483,,,,,,416,17483,,,,,,,,,本科,,,,,
8052682,宁夏,本科批,物理,,XDC9715,,长春工程学院,6183,宝石及材料工艺学,,,,,,416,17483,,,,,,416,17483,,,,,,,,,本科,,,,,
8052683,宁夏,本科批,物理,,XDC9715,,长春工程学院,7E23,环境工程,,,,,,416,17483,,,,,,416,17483,,,,,,,,,本科,,,,,
8052684,宁夏,本科批,物理,,XDC9715,,长春工程学院,6F56,工程管理,,,,,,416,17483,,,,,,416,17483,,,,,,,,,本科,,,,,
8052685,宁夏,本科批,物理,,XDC9715,,长春工程学院,33A1,应急技术与管理,,,,,,416,17483,,,,,,416,17483,,,,,,,,,本科,,,,,
8052686,宁夏,本科批,物理,,XDC9715,,长春工程学院,41FB,房地产开发与管理,,,,,,416,17483,,,,,,416,17483,,,,,,,,,本科,,,,,
8052687,宁夏,本科批,物理,,XDC9715,,长春工程学院,6A3A,建筑环境与能源应用工程,,,,,,416,17483,,,,,,416,17483,,,,,,,,,本科,,,,,
8052688,宁夏,本科批,物理,,XDC9715,,长春工程学院,4D44,给排水科学与工程,,,,,,417,17270,,,,,,417,17270,,,,,,,,,本科,,,,,
8052689,宁夏,本科批,物理,,XDC9715,,长春工程学院,52FD,应用化学,,,,,,418,17058,,,,,,418,17058,,,,,,,,,本科,,,,,
8052690,宁夏,本科批,物理,,XDC9715,,长春工程学院,4BF2,农业水利工程,,,,,,418,17058,,,,,,418,17058,,,,,,,,,本科,,,,,
8052691,宁夏,本科批,物理,,XDC9715,,长春工程学院,38C2,地质工程,,,,,,418,17058,,,,,,418,17058,,,,,,,,,本科,,,,,
8052692,宁夏,本科批,物理,,XDC9715,,长春工程学院,2980,智能车辆工程,,,,,,419,16846,,,,,,419,16846,,,,,,,,,本科,,,,,
8052693,宁夏,本科批,物理,,XDC9715,,长春工程学院,371D,工程造价,,,,,,419,16846,,,,,,419,16846,,,,,,,,,本科,,,,,
8053602,宁夏,本科批,历史,,XFE88E6,,中国民航大学,4852,应用心理学,,,,,,522,2009,,,,,,522,2009,,,,,,,,,本科,,,,,
8053603,宁夏,本科批,历史,,XFE88E6,,中国民航大学,95C8,航空安防管理,,,,,,524,1911,,,,,,524,1911,,,,,,,,,本科,,,,,
8053604,宁夏,本科批,历史,,XFE88E6,,中国民航大学,51C8,思想政治教育,,,,,,528,1752,,,,,,528,1752,,,,,,,,,本科,,,,,
8053605,宁夏,本科批,历史,,XFE88E6,,中国民航大学,12C3,工商管理类（航空运输管理）,航空运输管理,,,,,532,1598,,,,,,532,1598,,,,,,,,,本科,,,,,
8053606,宁夏,本科批,历史,,XFE88E6,,中国民航大学,DF2D,英语（民航外语）,民航外语,,,,,533,1564,,,,,,533,1564,,,,,,,,,本科,,,,,
8053607,宁夏,本科批,历史,,XFE88E6,,中国民航大学,F190,法学（航空法）,航空法,,,,,556,854,,,,,,556,854,,,,,,,,,本科,,,,,
8053608,宁夏,本科批,物理,,XFE88E6,,中国民航大学,732B,飞行器质量与可靠性,,,,,,499,5046,,,,,,499,5046,,,,,,,,,本科,,,,,
8053609,宁夏,本科批,物理,,XFE88E6,,中国民航大学,C7AE,交通工程,,,,,,499,5046,,,,,,499,5046,,,,,,,,,本科,,,,,
8053610,宁夏,本科批,物理,,XFE88E6,,中国民航大学,B914,飞行器运维工程,,,,,,500,4966,,,,,,500,4966,,,,,,,,,本科,,,,,
8053611,宁夏,本科批,物理,,XFE88E6,,中国民航大学,7D22,材料化学,,,,,,500,4966,,,,,,500,4966,,,,,,,,,本科,,,,,
8053612,宁夏,本科批,物理,,XFE88E6,,中国民航大学,EE5B,油气储运工程（机场供油工程）,机场供油工程,,,,,500,4966,,,,,,500,4966,,,,,,,,,本科,,,,,
8053613,宁夏,本科批,物理,,XFE88E6,,中国民航大学,4ECE,土木工程,,,,,,501,4879,,,,,,501,4879,,,,,,,,,本科,,,,,
8053614,宁夏,本科批,物理,,XFE88E6,,中国民航大学,548C,信息与计算科学,,,,,,502,4806,,,,,,502,4806,,,,,,,,,本科,,,,,
8053615,宁夏,本科批,物理,,XFE88E6,,中国民航大学,F8E2,统计学（民航大数据）,民航大数据,,,,,504,4626,,,,,,504,4626,,,,,,,,,本科,,,,,
8053616,宁夏,本科批,物理,,XFE88E6,,中国民航大学,CD18,工科试验班（智能与计算机）,智能与计算机,,,,,506,4475,,,,,,506,4475,,,,,,,,,本科,,,,,
8053617,宁夏,本科批,物理,,XFE88E6,,中国民航大学,BB59,工科试验班（民航安全与应急类）,民航安全与应急类,,,,,506,4475,,,,,,506,4475,,,,,,,,,本科,,,,,
8053618,宁夏,本科批,物理,,XFE88E6,,中国民航大学,9D2E,工科试验班（电子信息与电气自动化）,电子信息与电气自动化,,,,,507,4402,,,,,,507,4402,,,,,,,,,本科,,,,,
8053619,宁夏,本科批,物理,,XFE88E6,,中国民航大学,C220,飞行器适航技术,,,,,,507,4402,,,,,,507,4402,,,,,,,,,本科,,,,,
8053620,宁夏,本科批,物理,,XFE88E6,,中国民航大学,468E,工科试验班（航空航天）,航空航天,,,,,508,4318,,,,,,508,4318,,,,,,,,,本科,,,,,
8053621,宁夏,本科批,物理,,XFE88E6,,中国民航大学,741D,交通管理（飞行运行管理）,飞行运行管理,,,,,518,3555,,,,,,518,3555,,,,,,,,,本科,,,,,
8053622,宁夏,本科批,物理,,XFE88E6,,中国民航大学,E28D,工科试验班（智慧空中交通管制）,智慧空中交通管制,,,,,519,3472,,,,,,519,3472,,,,,,,,,本科,,,,,
8053623,宁夏,本科批,物理,,XFE88E6,,中国民航大学,54E0,应用气象学（航空气象）,航空气象,,,,,520,3413,,,,,,520,3413,,,,,,,,,本科,,,,,
8054582,宁夏,本科批,历史,,XE83110,,中国民用航空飞行学院,09EE,市场营销,,,,,,475,4975,,,,,,475,4975,,,,,,,,,本科,,,,,
8054583,宁夏,本科批,历史,,XE83110,,中国民用航空飞行学院,090D,公共事业管理,,,,,,476,4903,,,,,,476,4903,,,,,,,,,本科,,,,,
8054584,宁夏,本科批,历史,,XE83110,,中国民用航空飞行学院,04A0,工商管理,,,,,,487,4059,,,,,,487,4059,,,,,,,,,本科,,,,,
8054585,宁夏,本科批,物理,,XE83110,,中国民用航空飞行学院,09EE,市场营销,,,,,,433,14069,,,,,,433,14069,,,,,,,,,本科,,,,,
8054586,宁夏,本科批,物理,,XE83110,,中国民用航空飞行学院,F620,安全工程,,,,,,434,13883,,,,,,434,13883,,,,,,,,,本科,,,,,
8054587,宁夏,本科批,物理,,XE83110,,中国民用航空飞行学院,090D,公共事业管理,,,,,,434,13883,,,,,,434,13883,,,,,,,,,本科,,,,,
8054588,宁夏,本科批,物理,,XE83110,,中国民用航空飞行学院,04A0,工商管理,,,,,,434,13883,,,,,,434,13883,,,,,,,,,本科,,,,,
8054589,宁夏,本科批,物理,,XE83110,,中国民用航空飞行学院,4A2C,物流工程,,,,,,436,13513,,,,,,436,13513,,,,,,,,,本科,,,,,
8054590,宁夏,本科批,物理,,XE83110,,中国民用航空飞行学院,2723,航空航天工程,,,,,,437,13337,,,,,,437,13337,,,,,,,,,本科,,,,,
8054591,宁夏,本科批,物理,,XE83110,,中国民用航空飞行学院,B9A5,计算机科学与技术,,,,,,437,13337,,,,,,437,13337,,,,,,,,,本科,,,,,
8054592,宁夏,本科批,物理,,XE83110,,中国民用航空飞行学院,0A76,消防工程,,,,,,439,12985,,,,,,439,12985,,,,,,,,,本科,,,,,
8054593,宁夏,本科批,物理,,XE83110,,中国民用航空飞行学院,22DA,交通管理,,,,,,439,12985,,,,,,439,12985,,,,,,,,,本科,,,,,
8054594,宁夏,本科批,物理,,XE83110,,中国民用航空飞行学院,548C,信息与计算科学,,,,,,440,12830,,,,,,440,12830,,,,,,,,,本科,,,,,
8054595,宁夏,本科批,物理,,XE83110,,中国民用航空飞行学院,C220,飞行器适航技术,,,,,,441,12659,,,,,,441,12659,,,,,,,,,本科,,,,,
8054596,宁夏,本科批,物理,,XE83110,,中国民用航空飞行学院,7A06,飞行器制造工程,,,,,,441,12659,,,,,,441,12659,,,,,,,,,本科,,,,,
8054597,宁夏,本科批,物理,,XE83110,,中国民用航空飞行学院,C2DF,应用气象学,,,,,,441,12659,,,,,,441,12659,,,,,,,,,本科,,,,,
8054598,宁夏,本科批,物理,,XE83110,,中国民用航空飞行学院,B5CD,飞行器动力工程,,,,,,443,12278,,,,,,443,12278,,,,,,,,,本科,,,,,
8054599,宁夏,本科批,物理,,XE83110,,中国民用航空飞行学院,93E3,电子信息工程,,,,,,444,12141,,,,,,444,12141,,,,,,,,,本科,,,,,
8054600,宁夏,本科批,物理,,XE83110,,中国民用航空飞行学院,A5B7,电气工程及其自动化,,,,,,446,11823,,,,,,446,11823,,,,,,,,,本科,,,,,
8054601,宁夏,本科批,物理,,XE83110,,中国民用航空飞行学院,F55B,交通运输,,,,,,447,11628,,,,,,447,11628,,,,,,,,,本科,,,,,
8054602,宁夏,本科批,物理,,XE83110,,中国民用航空飞行学院,12C3,导航工程,,,,,,449,11257,,,,,,449,11257,,,,,,,,,本科,,,,,
8054603,宁夏,本科批,物理,,XE83110,,中国民用航空飞行学院,F6ED,电子信息工程（国家专项）,国家专项,,,,,457,9966,,,,,,457,9966,,,,,,,,,本科,,,,,
8054604,宁夏,本科批,物理,,XE83110,,中国民用航空飞行学院,EEE7,交通运输（国家专项）,国家专项,,,,,466,8687,,,,,,466,8687,,,,,,,,,本科,,,,,
8055846,宁夏,本科批,物理,,X8A87FB,,成都医学院,4BF3,护理学,,,,,,421,16413,,,,,,421,16413,,,,,,,,,本科,,,,,
8055847,宁夏,本科批,物理,,X8A87FB,,成都医学院,4E9C,卫生检验与检疫,,,,,,423,15998,,,,,,423,15998,,,,,,,,,本科,,,,,
8055848,宁夏,本科批,物理,,X8A87FB,,成都医学院,4C2A,中药学,,,,,,427,15234,,,,,,427,15234,,,,,,,,,本科,,,,,
8056043,宁夏,本科批,历史,,XD913B9,,川北医学院,090D,公共事业管理,,,,,,467,5617,,,,,,467,5617,,,,,,,,,本科,,,,,
8056044,宁夏,本科批,物理,,XD913B9,,川北医学院,BE91,医学检验技术,,,,,,431,14482,,,,,,431,14482,,,,,,,,,本科,,,,,
8056445,宁夏,本科批,历史,,XFA18CC,,上饶师范学院,AC90,行政管理,,,,,,476,4903,,,,,,476,4903,,,,,,,,,本科,,,,,
8056446,宁夏,本科批,历史,,XFA18CC,,上饶师范学院,68F4,新闻学,,,,,,476,4903,,,,,,476,4903,,,,,,,,,本科,,,,,
8056447,宁夏,本科批,历史,,XFA18CC,,上饶师范学院,4873,历史学,,,,,,481,4503,,,,,,481,4503,,,,,,,,,本科,,,,,
8056448,宁夏,本科批,历史,,XFA18CC,,上饶师范学院,DCEF,小学教育,,,,,,482,4429,,,,,,482,4429,,,,,,,,,本科,,,,,
8056449,宁夏,本科批,历史,,XFA18CC,,上饶师范学院,4145,英语,,,,,,483,4360,,,,,,483,4360,,,,,,,,,本科,,,,,
8056450,宁夏,本科批,历史,,XFA18CC,,上饶师范学院,D243,汉语言文学,,,,,,486,4147,,,,,,486,4147,,,,,,,,,本科,,,,,
8056451,宁夏,本科批,物理,,XFA18CC,,上饶师范学院,FD7E,地理科学,,,,,,413,18103,,,,,,413,18103,,,,,,,,,本科,,,,,
8056452,宁夏,本科批,物理,,XFA18CC,,上饶师范学院,0541,生物科学,,,,,,416,17483,,,,,,416,17483,,,,,,,,,本科,,,,,
8056453,宁夏,本科批,物理,,XFA18CC,,上饶师范学院,B5AE,化学,,,,,,416,17483,,,,,,416,17483,,,,,,,,,本科,,,,,
8056454,宁夏,本科批,物理,,XFA18CC,,上饶师范学院,25FE,数学与应用数学,,,,,,425,15604,,,,,,425,15604,,,,,,,,,本科,,,,,
8056845,宁夏,本科批,历史,,X5A8484,,通化师范学院,4873,历史学,,,,,,482,4429,,,,,,482,4429,,,,,,,,,本科,,,,,
8056846,宁夏,本科批,物理,,X5A8484,,通化师范学院,CA0F,旅游管理,,,,,,410,18711,,,,,,410,18711,,,,,,,,,本科,,,,,
8056847,宁夏,本科批,物理,,X5A8484,,通化师范学院,52FD,应用化学,,,,,,411,18509,,,,,,411,18509,,,,,,,,,本科,,,,,
8056848,宁夏,本科批,物理,,X5A8484,,通化师范学院,B5AE,化学,,,,,,412,18298,,,,,,412,18298,,,,,,,,,本科,,,,,
8057831,宁夏,本科批,历史,,XFA3938,,福建江夏学院,4154,电子商务,,,,,,471,5275,,,,,,471,5275,,,,,,,,,本科,,,,,
8057832,宁夏,本科批,历史,,XFA3938,,福建江夏学院,0FBC,金融学,,,,,,473,5131,,,,,,473,5131,,,,,,,,,本科,,,,,
8057833,宁夏,本科批,物理,,XFA3938,,福建江夏学院,0FBC,金融学,,,,,,404,19977,,,,,,404,19977,,,,,,,,,本科,,,,,
8057834,宁夏,本科批,物理,,XFA3938,,福建江夏学院,4154,电子商务,,,,,,408,19137,,,,,,408,19137,,,,,,,,,本科,,,,,
8058407,宁夏,本科批,历史,,XC3FF89,,呼伦贝尔学院,68F4,新闻学,,,,,,467,5617,,,,,,467,5617,,,,,,,,,本科,,,,,
8059035,宁夏,本科批,物理,,X751A7A,,湖南工学院,D40C,少数民族预科班,,,,,,403,20186,,,,,,403,20186,,,,,,,,,本科,,,,,
8059036,宁夏,本科批,物理,,X751A7A,,湖南工学院,5B8B,高分子材料与工程,,,,,,411,18509,,,,,,411,18509,,,,,,,,,本科,,,,,
8059037,宁夏,本科批,物理,,X751A7A,,湖南工学院,4145,英语,,,,,,411,18509,,,,,,411,18509,,,,,,,,,本科,,,,,
8059038,宁夏,本科批,物理,,X751A7A,,湖南工学院,A5C9,建筑学,,,,,,411,18509,,,,,,411,18509,,,,,,,,,本科,,,,,
8059039,宁夏,本科批,物理,,X751A7A,,湖南工学院,04A0,工商管理,,,,,,411,18509,,,,,,411,18509,,,,,,,,,本科,,,,,
8059040,宁夏,本科批,物理,,X751A7A,,湖南工学院,7E23,环境工程,,,,,,412,18298,,,,,,412,18298,,,,,,,,,本科,,,,,
8059041,宁夏,本科批,物理,,X751A7A,,湖南工学院,C0DA,应用统计学,,,,,,414,17904,,,,,,414,17904,,,,,,,,,本科,,,,,
8059042,宁夏,本科批,物理,,X751A7A,,湖南工学院,FBFE,物流管理,,,,,,414,17904,,,,,,414,17904,,,,,,,,,本科,,,,,
8059043,宁夏,本科批,物理,,X751A7A,,湖南工学院,F620,安全工程,,,,,,414,17904,,,,,,414,17904,,,,,,,,,本科,,,,,
8059044,宁夏,本科批,物理,,X751A7A,,湖南工学院,5257,工业工程,,,,,,415,17693,,,,,,415,17693,,,,,,,,,本科,,,,,
8059045,宁夏,本科批,物理,,X751A7A,,湖南工学院,4C65,自动化,,,,,,417,17270,,,,,,417,17270,,,,,,,,,本科,,,,,
8059046,宁夏,本科批,物理,,X751A7A,,湖南工学院,D6ED,化学工程与工艺,,,,,,417,17270,,,,,,417,17270,,,,,,,,,本科,,,,,
8059047,宁夏,本科批,物理,,X751A7A,,湖南工学院,ECA4,通信工程,,,,,,418,17058,,,,,,418,17058,,,,,,,,,本科,,,,,
8059048,宁夏,本科批,物理,,X751A7A,,湖南工学院,78FF,机械设计制造及其自动化,,,,,,418,17058,,,,,,418,17058,,,,,,,,,本科,,,,,
8059049,宁夏,本科批,物理,,X751A7A,,湖南工学院,3C38,软件工程,,,,,,420,16610,,,,,,420,16610,,,,,,,,,本科,,,,,
8059050,宁夏,本科批,物理,,X751A7A,,湖南工学院,A5B7,电气工程及其自动化,,,,,,429,14886,,,,,,429,14886,,,,,,,,,本科,,,,,
8059802,宁夏,本科批,历史,,X405394,,吉林建筑大学,E6CB,社会工作,,,,,,478,4752,,,,,,478,4752,,,,,,,,,本科,,,,,
8059803,宁夏,本科批,历史,,X405394,,吉林建筑大学,FB18,财务管理,,,,,,482,4429,,,,,,482,4429,,,,,,,,,本科,,,,,
8059804,宁夏,本科批,物理,,X405394,,吉林建筑大学,38C2,地质工程,,,,,,378,25599,,,,,,378,25599,,,,,,,,,本科,,,,,
8059805,宁夏,本科批,物理,,X405394,,吉林建筑大学,CB22,城乡规划,,,,,,380,25172,,,,,,380,25172,,,,,,,,,本科,,,,,
8059806,宁夏,本科批,物理,,X405394,,吉林建筑大学,CEDE,道路桥梁与渡河工程,,,,,,381,24947,,,,,,381,24947,,,,,,,,,本科,,,,,
8059807,宁夏,本科批,物理,,X405394,,吉林建筑大学,4D44,给排水科学与工程,,,,,,382,24722,,,,,,382,24722,,,,,,,,,本科,,,,,
8059808,宁夏,本科批,物理,,X405394,,吉林建筑大学,D06C,机械工程,,,,,,401,20625,,,,,,401,20625,,,,,,,,,本科,,,,,
8059809,宁夏,本科批,物理,,X405394,,吉林建筑大学,6F56,工程管理,,,,,,407,19365,,,,,,407,19365,,,,,,,,,本科,,,,,
8059810,宁夏,本科批,物理,,X405394,,吉林建筑大学,371D,工程造价,,,,,,412,18298,,,,,,412,18298,,,,,,,,,本科,,,,,
8059811,宁夏,本科批,物理,,X405394,,吉林建筑大学,4ECE,土木工程,,,,,,413,18103,,,,,,413,18103,,,,,,,,,本科,,,,,
8059812,宁夏,本科批,物理,,X405394,,吉林建筑大学,A86C,遥感科学与技术,,,,,,414,17904,,,,,,414,17904,,,,,,,,,本科,,,,,
8060725,宁夏,本科批,历史,,X450C6C,,洛阳理工学院,D243,汉语言文学,,,,,,491,3781,,,,,,491,3781,,,,,,,,,本科,,,,,
8060726,宁夏,本科批,物理,,X450C6C,,洛阳理工学院,3615,机械类,,,,,,425,15604,,,,,,425,15604,,,,,,,,,本科,,,,,
8060727,宁夏,本科批,物理,,X450C6C,,洛阳理工学院,4C65,自动化,,,,,,428,15065,,,,,,428,15065,,,,,,,,,本科,,,,,
8060877,宁夏,本科批,历史,,X437AB6,,攀枝花学院,8B36,翻译,,,,,,469,5428,,,,,,469,5428,,,,,,,,,本科,,,,,
8060878,宁夏,本科批,物理,,X437AB6,,攀枝花学院,4ECE,土木工程,,,,,,410,18711,,,,,,410,18711,,,,,,,,,本科,,,,,
8060879,宁夏,本科批,物理,,X437AB6,,攀枝花学院,A942,材料科学与工程,,,,,,410,18711,,,,,,410,18711,,,,,,,,,本科,,,,,
8061436,宁夏,本科批,历史,,XF27D50,,厦门理工学院,4145,英语,,,,,,444,7785,,,,,,444,7785,,,,,,,,,本科,,,,,
8061437,宁夏,本科批,历史,,XF27D50,,厦门理工学院,7288,文化产业管理,,,,,,493,3637,,,,,,493,3637,,,,,,,,,本科,,,,,
8061438,宁夏,本科批,物理,,XF27D50,,厦门理工学院,5B8B,高分子材料与工程,,,,,,427,15234,,,,,,427,15234,,,,,,,,,本科,,,,,
8061439,宁夏,本科批,物理,,XF27D50,,厦门理工学院,4ECE,土木工程,,,,,,427,15234,,,,,,427,15234,,,,,,,,,本科,,,,,
8061440,宁夏,本科批,物理,,XF27D50,,厦门理工学院,93E3,电子信息工程,,,,,,430,14690,,,,,,430,14690,,,,,,,,,本科,,,,,
8061441,宁夏,本科批,物理,,XF27D50,,厦门理工学院,F522,水务工程,,,,,,430,14690,,,,,,430,14690,,,,,,,,,本科,,,,,
8062094,宁夏,本科批,物理,,XD24812,,太原工业学院,677D,汽车服务工程,,,,,,415,17693,,,,,,415,17693,,,,,,,,,本科,,,,,
8062095,宁夏,本科批,物理,,XD24812,,太原工业学院,184B,化工安全工程,,,,,,415,17693,,,,,,415,17693,,,,,,,,,本科,,,,,
8062096,宁夏,本科批,物理,,XD24812,,太原工业学院,38B5,能源化学工程,,,,,,415,17693,,,,,,415,17693,,,,,,,,,本科,,,,,
8062097,宁夏,本科批,物理,,XD24812,,太原工业学院,52FD,应用化学,,,,,,415,17693,,,,,,415,17693,,,,,,,,,本科,,,,,
8062098,宁夏,本科批,物理,,XD24812,,太原工业学院,FEF6,材料成型及控制工程,,,,,,416,17483,,,,,,416,17483,,,,,,,,,本科,,,,,
8062099,宁夏,本科批,物理,,XD24812,,太原工业学院,ECA4,通信工程,,,,,,417,17270,,,,,,417,17270,,,,,,,,,本科,,,,,
8062100,宁夏,本科批,物理,,XD24812,,太原工业学院,78FF,机械设计制造及其自动化,,,,,,418,17058,,,,,,418,17058,,,,,,,,,本科,,,,,
8062438,宁夏,专科批,历史,,X212816,,天津中德应用技术大学,4154,电子商务,,,,,,400,12393,,,,,,400,12393,,,,,,,,,专科,,,,,
8062439,宁夏,本科批,历史,,X212816,,天津中德应用技术大学,FB18,财务管理,,,,,,486,4147,,,,,,486,4147,,,,,,,,,本科,,,,,
8062440,宁夏,专科批,物理,,X212816,,天津中德应用技术大学,7888,机电一体化技术,,,,,,380,25172,,,,,,380,25172,,,,,,,,,专科,,,,,
8062441,宁夏,专科批,物理,,X212816,,天津中德应用技术大学,5C71,电气自动化技术,,,,,,388,23423,,,,,,388,23423,,,,,,,,,专科,,,,,
8062442,宁夏,本科批,物理,,X212816,,天津中德应用技术大学,5936,质量管理工程,,,,,,418,17058,,,,,,418,17058,,,,,,,,,本科,,,,,
8062443,宁夏,本科批,物理,,X212816,,天津中德应用技术大学,7A06,飞行器制造工程,,,,,,419,16846,,,,,,419,16846,,,,,,,,,本科,,,,,
8062444,宁夏,本科批,物理,,X212816,,天津中德应用技术大学,26A7,车辆工程,,,,,,420,16610,,,,,,420,16610,,,,,,,,,本科,,,,,
8062445,宁夏,本科批,物理,,X212816,,天津中德应用技术大学,8EA2,机械电子工程,,,,,,420,16610,,,,,,420,16610,,,,,,,,,本科,,,,,
8062446,宁夏,本科批,物理,,X212816,,天津中德应用技术大学,4C65,自动化,,,,,,423,15998,,,,,,423,15998,,,,,,,,,本科,,,,,
8063097,宁夏,本科批,历史,,X1D6CE7,,新乡学院,B1EC,中国语言文学类,,,,,,477,4821,,,,,,477,4821,,,,,,,,,本科,,,,,
8063098,宁夏,本科批,历史,,X1D6CE7,,新乡学院,541F,商务经济学,,,,,,477,4821,,,,,,477,4821,,,,,,,,,本科,,,,,
8063317,宁夏,本科批,历史,,X88D415,,宜宾学院,108F,学前教育,,,,,,477,4821,,,,,,477,4821,,,,,,,,,本科,,,,,
8063318,宁夏,本科批,历史,,X88D415,,宜宾学院,25DE,国际经济与贸易,,,,,,480,4593,,,,,,480,4593,,,,,,,,,本科,,,,,
8063319,宁夏,本科批,历史,,X88D415,,宜宾学院,E6CB,社会工作,,,,,,482,4429,,,,,,482,4429,,,,,,,,,本科,,,,,
8063320,宁夏,本科批,历史,,X88D415,,宜宾学院,51C8,思想政治教育,,,,,,484,4295,,,,,,484,4295,,,,,,,,,本科,,,,,
8063321,宁夏,本科批,历史,,X88D415,,宜宾学院,D243,汉语言文学,,,,,,487,4059,,,,,,487,4059,,,,,,,,,本科,,,,,
8063322,宁夏,本科批,物理,,X88D415,,宜宾学院,108F,学前教育,,,,,,417,17270,,,,,,417,17270,,,,,,,,,本科,,,,,
8063323,宁夏,本科批,物理,,X88D415,,宜宾学院,927B,法学,,,,,,418,17058,,,,,,418,17058,,,,,,,,,本科,,,,,
8063324,宁夏,本科批,物理,,X88D415,,宜宾学院,FB18,财务管理,,,,,,419,16846,,,,,,419,16846,,,,,,,,,本科,,,,,
8063770,宁夏,本科批,物理,,XC2F139,,仲恺农业工程学院,E6CB,社会工作,,,,,,414,17904,,,,,,414,17904,,,,,,,,,本科,,,,,
8063771,宁夏,本科批,物理,,XC2F139,,仲恺农业工程学院,19D3,草业科学,,,,,,419,16846,,,,,,419,16846,,,,,,,,,本科,,,,,
8063981,宁夏,本科批,历史,,X1448D6,,重庆中医药学院,03FE,中医学,,,,,,504,2973,,,,,,504,2973,,,,,,,,,本科,,,,,
8063982,宁夏,本科批,历史,,X1448D6,,重庆中医药学院,5ED3,中西医临床医学,,,,,,504,2973,,,,,,504,2973,,,,,,,,,本科,,,,,
8063983,宁夏,本科批,物理,,X1448D6,,重庆中医药学院,03FE,中医学,,,,,,442,12470,,,,,,442,12470,,,,,,,,,本科,,,,,
8063984,宁夏,本科批,物理,,X1448D6,,重庆中医药学院,5ED3,中西医临床医学,,,,,,442,12470,,,,,,442,12470,,,,,,,,,本科,,,,,
8064624,宁夏,本科批,物理,,XD4ADFB,,湖南医药学院,4BF3,护理学,,,,,,424,15793,,,,,,424,15793,,,,,,,,,本科,,,,,
8064625,宁夏,本科批,物理,,XD4ADFB,,湖南医药学院,10A0,药学,,,,,,425,15604,,,,,,425,15604,,,,,,,,,本科,,,,,
8064626,宁夏,本科批,物理,,XD4ADFB,,湖南医药学院,BE91,医学检验技术,,,,,,427,15234,,,,,,427,15234,,,,,,,,,本科,,,,,
8064627,宁夏,本科批,物理,,XD4ADFB,,湖南医药学院,2DDF,医学影像技术,,,,,,429,14886,,,,,,429,14886,,,,,,,,,本科,,,,,
8064628,宁夏,本科批,物理,,XD4ADFB,,湖南医药学院,97D0,临床医学,,,,,,432,14269,,,,,,432,14269,,,,,,,,,本科,,,,,
8065233,宁夏,本科批,物理,,XF3ADB3,,吉林医药学院,FFE8,生物医学工程,,,,,,415,17693,,,,,,415,17693,,,,,,,,,本科,,,,,
8065234,宁夏,本科批,物理,,XF3ADB3,,吉林医药学院,A39E,预防医学,,,,,,415,17693,,,,,,415,17693,,,,,,,,,本科,,,,,
8065235,宁夏,本科批,物理,,XF3ADB3,,吉林医药学院,4BF3,护理学,,,,,,415,17693,,,,,,415,17693,,,,,,,,,本科,,,,,
8065236,宁夏,本科批,物理,,XF3ADB3,,吉林医药学院,57E6,医学影像学,,,,,,417,17270,,,,,,417,17270,,,,,,,,,本科,,,,,
8065237,宁夏,本科批,物理,,XF3ADB3,,吉林医药学院,53B9,食品质量与安全,,,,,,417,17270,,,,,,417,17270,,,,,,,,,本科,,,,,
8065238,宁夏,本科批,物理,,XF3ADB3,,吉林医药学院,004B,医学信息工程,,,,,,418,17058,,,,,,418,17058,,,,,,,,,本科,,,,,
8065239,宁夏,本科批,物理,,XF3ADB3,,吉林医药学院,BE91,医学检验技术,,,,,,419,16846,,,,,,419,16846,,,,,,,,,本科,,,,,
8065240,宁夏,本科批,物理,,XF3ADB3,,吉林医药学院,97D0,临床医学,,,,,,422,16199,,,,,,422,16199,,,,,,,,,本科,,,,,
8065434,宁夏,本科批,历史,,X9797B2,,甘肃民族师范学院,108F,学前教育,,,,,,486,4147,,,,,,486,4147,,,,,,,,,本科,,,,,
8065435,宁夏,本科批,历史,,X9797B2,,甘肃民族师范学院,DCEF,小学教育,,,,,,486,4147,,,,,,486,4147,,,,,,,,,本科,,,,,
8065436,宁夏,本科批,历史,,X9797B2,,甘肃民族师范学院,D243,汉语言文学,,,,,,487,4059,,,,,,487,4059,,,,,,,,,本科,,,,,
8065437,宁夏,本科批,物理,,X9797B2,,甘肃民族师范学院,FB18,财务管理,,,,,,419,16846,,,,,,419,16846,,,,,,,,,本科,,,,,
8065438,宁夏,本科批,物理,,X9797B2,,甘肃民族师范学院,B9A5,计算机科学与技术,,,,,,420,16610,,,,,,420,16610,,,,,,,,,本科,,,,,
8065857,宁夏,本科批,历史,,X65543C,,内江师范学院,5D72,网络与新媒体,,,,,,482,4360,,,,,,482,4360,,,,,,,,,本科,,,,,
8065858,宁夏,本科批,历史,,X65543C,,内江师范学院,04A0,工商管理,,,,,,482,4360,,,,,,482,4360,,,,,,,,,本科,,,,,
8065859,宁夏,本科批,历史,,X65543C,,内江师范学院,4873,历史学,,,,,,484,4225,,,,,,484,4225,,,,,,,,,本科,,,,,
8065860,宁夏,本科批,历史,,X65543C,,内江师范学院,DCEF,小学教育,,,,,,485,4147,,,,,,485,4147,,,,,,,,,本科,,,,,
8065861,宁夏,本科批,历史,,X65543C,,内江师范学院,D9E9,外国语言文学类,,,,,,485,4147,,,,,,485,4147,,,,,,,,,本科,,,,,
8065862,宁夏,本科批,历史,,X65543C,,内江师范学院,D243,汉语言文学,,,,,,504,2906,,,,,,504,2906,,,,,,,,,本科,,,,,
8065863,宁夏,本科批,物理,,X65543C,,内江师范学院,802A,物理学,,,,,,421,16199,,,,,,421,16199,,,,,,,,,本科,,,,,
8065864,宁夏,本科批,物理,,X65543C,,内江师范学院,5D72,网络与新媒体,,,,,,425,15424,,,,,,425,15424,,,,,,,,,本科,,,,,
8065865,宁夏,本科批,物理,,X65543C,,内江师范学院,0541,生物科学,,,,,,426,15234,,,,,,426,15234,,,,,,,,,本科,,,,,
8065866,宁夏,本科批,物理,,X65543C,,内江师范学院,D9E9,外国语言文学类,,,,,,426,15234,,,,,,426,15234,,,,,,,,,本科,,,,,
8065867,宁夏,本科批,物理,,X65543C,,内江师范学院,DCEF,小学教育,,,,,,426,15234,,,,,,426,15234,,,,,,,,,本科,,,,,
8067259,宁夏,本科批,历史,,X1FB7D3,,海南热带海洋学院,CA0F,旅游管理,,,,,,457,6544,,,,,,457,6544,,,,,,,,,本科,,,,,
8067260,宁夏,本科批,历史,,X1FB7D3,,海南热带海洋学院,D243,汉语言文学,,,,,,469,5428,,,,,,469,5428,,,,,,,,,本科,,,,,
8067261,宁夏,本科批,物理,,X1FB7D3,,海南热带海洋学院,5E49,食品科学与工程,,,,,,411,18509,,,,,,411,18509,,,,,,,,,本科,,,,,
8067606,宁夏,本科批,历史,,XCAA97C,,菏泽学院,6AB9,经济学,,,,,,476,4903,,,,,,476,4903,,,,,,,,,本科,,,,,
8067607,宁夏,本科批,历史,,XCAA97C,,菏泽学院,DBB2,历史学（师范类）,师范类,,,,,476,4903,,,,,,476,4903,,,,,,,,,本科,,,,,
8067608,宁夏,本科批,物理,,XCAA97C,,菏泽学院,A5C9,建筑学,,,,,,402,20405,,,,,,402,20405,,,,,,,,,本科,,,,,
8067609,宁夏,本科批,物理,,XCAA97C,,菏泽学院,E2E1,生物工程,,,,,,407,19365,,,,,,407,19365,,,,,,,,,本科,,,,,
8068065,宁夏,本科批,物理,,X76AD9B,,吉林农业科技学院,43D9,药物制剂,,,,,,409,18935,,,,,,409,18935,,,,,,,,,本科,,,,,
8068066,宁夏,本科批,物理,,X76AD9B,,吉林农业科技学院,D335,种子科学与工程,,,,,,410,18711,,,,,,410,18711,,,,,,,,,本科,,,,,
8068067,宁夏,本科批,物理,,X76AD9B,,吉林农业科技学院,40CE,制药工程,,,,,,411,18509,,,,,,411,18509,,,,,,,,,本科,,,,,
8068068,宁夏,本科批,物理,,X76AD9B,,吉林农业科技学院,1FF0,中药学类,,,,,,413,18103,,,,,,413,18103,,,,,,,,,本科,,,,,
8068492,宁夏,本科批,历史,,X5951A6,,兰州城市学院,E6CB,社会工作,,,,,,473,5131,,,,,,473,5131,,,,,,,,,本科,,,,,
8068493,宁夏,本科批,历史,,X5951A6,,兰州城市学院,9D85,酒店管理,,,,,,480,4593,,,,,,480,4593,,,,,,,,,本科,,,,,
8068494,宁夏,本科批,物理,,X5951A6,,兰州城市学院,9D85,酒店管理,,,,,,408,19137,,,,,,408,19137,,,,,,,,,本科,,,,,
8068495,宁夏,本科批,物理,,X5951A6,,兰州城市学院,12CD,油气储运工程,,,,,,408,19137,,,,,,408,19137,,,,,,,,,本科,,,,,
8068496,宁夏,本科批,物理,,X5951A6,,兰州城市学院,4D53,石油工程,,,,,,415,17693,,,,,,415,17693,,,,,,,,,本科,,,,,
8068497,宁夏,本科批,物理,,X5951A6,,兰州城市学院,E6CB,社会工作,,,,,,416,17483,,,,,,416,17483,,,,,,,,,本科,,,,,
8069186,宁夏,本科批,物理,,X574A6E,,龙岩学院,7E23,环境工程,,,,,,408,19137,,,,,,408,19137,,,,,,,,,本科,,,,,
8069187,宁夏,本科批,物理,,X574A6E,,龙岩学院,CA0F,旅游管理,,,,,,408,19137,,,,,,408,19137,,,,,,,,,本科,,,,,
8069188,宁夏,本科批,物理,,X574A6E,,龙岩学院,52FD,应用化学,,,,,,411,18509,,,,,,411,18509,,,,,,,,,本科,,,,,
8069189,宁夏,本科批,物理,,X574A6E,,龙岩学院,0325,动物医学,,,,,,411,18509,,,,,,411,18509,,,,,,,,,本科,,,,,
8069190,宁夏,本科批,物理,,X574A6E,,龙岩学院,F89C,生物技术,,,,,,411,18509,,,,,,411,18509,,,,,,,,,本科,,,,,
8069191,宁夏,本科批,物理,,X574A6E,,龙岩学院,93E3,电子信息工程,,,,,,413,18103,,,,,,413,18103,,,,,,,,,本科,,,,,
8069958,宁夏,本科批,历史,,X49E6A3,,南阳理工学院,108F,学前教育,,,,,,475,4975,,,,,,475,4975,,,,,,,,,本科,,,,,
8069959,宁夏,本科批,历史,,X49E6A3,,南阳理工学院,189E,财务管理（智能财务方向）,智能财务方向,,,,,476,4903,,,,,,476,4903,,,,,,,,,本科,,,,,
8069960,宁夏,本科批,历史,,X49E6A3,,南阳理工学院,9876,工商管理（商务大数据分析方向）,商务大数据分析方向,,,,,476,4903,,,,,,476,4903,,,,,,,,,本科,,,,,
8069961,宁夏,本科批,历史,,X49E6A3,,南阳理工学院,B7A8,电子商务（跨境运营方向）,跨境运营方向,,,,,476,4903,,,,,,476,4903,,,,,,,,,本科,,,,,
8069962,宁夏,本科批,物理,,X49E6A3,,南阳理工学院,8336,食品营养与健康,,,,,,409,18935,,,,,,409,18935,,,,,,,,,本科,,,,,
8069963,宁夏,本科批,物理,,X49E6A3,,南阳理工学院,E2E1,生物工程,,,,,,410,18711,,,,,,410,18711,,,,,,,,,本科,,,,,
8069964,宁夏,本科批,物理,,X49E6A3,,南阳理工学院,9876,工商管理（商务大数据分析方向）,商务大数据分析方向,,,,,411,18509,,,,,,411,18509,,,,,,,,,本科,,,,,
8069965,宁夏,本科批,物理,,X49E6A3,,南阳理工学院,29F4,物联网工程,,,,,,413,18103,,,,,,413,18103,,,,,,,,,本科,,,,,
8069966,宁夏,本科批,物理,,X49E6A3,,南阳理工学院,C0DA,应用统计学,,,,,,413,18103,,,,,,413,18103,,,,,,,,,本科,,,,,
8069967,宁夏,本科批,物理,,X49E6A3,,南阳理工学院,41CF,数字媒体技术,,,,,,414,17904,,,,,,414,17904,,,,,,,,,本科,,,,,
8069968,宁夏,本科批,物理,,X49E6A3,,南阳理工学院,4C65,自动化,,,,,,415,17693,,,,,,415,17693,,,,,,,,,本科,,,,,
8069969,宁夏,本科批,物理,,X49E6A3,,南阳理工学院,189E,财务管理（智能财务方向）,智能财务方向,,,,,415,17693,,,,,,415,17693,,,,,,,,,本科,,,,,
8069970,宁夏,本科批,物理,,X49E6A3,,南阳理工学院,B7A8,电子商务（跨境运营方向）,跨境运营方向,,,,,416,17483,,,,,,416,17483,,,,,,,,,本科,,,,,
8069971,宁夏,本科批,物理,,X49E6A3,,南阳理工学院,4C2A,中药学,,,,,,418,17058,,,,,,418,17058,,,,,,,,,本科,,,,,
8069972,宁夏,本科批,物理,,X49E6A3,,南阳理工学院,4718,数据科学与大数据技术,,,,,,423,15998,,,,,,423,15998,,,,,,,,,本科,,,,,
8069973,宁夏,本科批,物理,,X49E6A3,,南阳理工学院,B9A5,计算机科学与技术,,,,,,429,14886,,,,,,429,14886,,,,,,,,,本科,,,,,
8070418,宁夏,本科批,历史,,X8BD986,,上海电机学院,D40C,少数民族预科班,,,,,,496,3451,,,,,,496,3451,,,,,,,,,本科,,,,,
8070419,宁夏,本科批,物理,,X8BD986,,上海电机学院,D40C,少数民族预科班,,,,,,423,15998,,,,,,423,15998,,,,,,,,,本科,,,,,
8070420,宁夏,本科批,物理,,X8BD986,,上海电机学院,FEF6,材料成型及控制工程,,,,,,445,11992,,,,,,445,11992,,,,,,,,,本科,,,,,
8070421,宁夏,本科批,物理,,X8BD986,,上海电机学院,8EA2,机械电子工程,,,,,,461,9388,,,,,,461,9388,,,,,,,,,本科,,,,,
8070422,宁夏,本科批,物理,,X8BD986,,上海电机学院,78FF,机械设计制造及其自动化,,,,,,463,9101,,,,,,463,9101,,,,,,,,,本科,,,,,
8070423,宁夏,本科批,物理,,X8BD986,,上海电机学院,2B42,电气工程及其自动化（中外合作办学）（中德合作）,中外合作办学; 中德合作,,,,,464,8960,,,,,,464,8960,,,,,,,,,本科,,,,,
8070424,宁夏,本科批,物理,,X8BD986,,上海电机学院,4C65,自动化,,,,,,464,8960,,,,,,464,8960,,,,,,,,,本科,,,,,
8070425,宁夏,本科批,物理,,X8BD986,,上海电机学院,82E6,计算机类,,,,,,466,8687,,,,,,466,8687,,,,,,,,,本科,,,,,
8070426,宁夏,本科批,物理,,X8BD986,,上海电机学院,A5B7,电气工程及其自动化,,,,,,471,8067,,,,,,471,8067,,,,,,,,,本科,,,,,
8070951,宁夏,专科提前批,物理,,X3E5A83,,西安航空学院,9AA6,液压与气动技术（火箭军）,火箭军,,,,,348,31526,,,,,,348,31526,,,,,,,,,专科,,,,,
8070952,宁夏,专科提前批,物理,,X3E5A83,,西安航空学院,03F5,电气自动化技术（火箭军联）,火箭军联,,,,,370,27132,,,,,,370,27132,,,,,,,,,专科,,,,,
8070953,宁夏,本科批,物理,,X3E5A83,,西安航空学院,6F56,工程管理,,,,,,419,16610,,,,,,419,16610,,,,,,,,,本科,,,,,
8070954,宁夏,本科批,物理,,X3E5A83,,西安航空学院,DB23,复合材料与工程,,,,,,420,16413,,,,,,420,16413,,,,,,,,,本科,,,,,
8070955,宁夏,本科批,物理,,X3E5A83,,西安航空学院,6A3A,建筑环境与能源应用工程,,,,,,420,16413,,,,,,420,16413,,,,,,,,,本科,,,,,
8070956,宁夏,本科批,物理,,X3E5A83,,西安航空学院,4EA7,新能源材料与器件,,,,,,424,15604,,,,,,424,15604,,,,,,,,,本科,,,,,
8071240,宁夏,本科批,历史,,X087D86,,西安文理学院,4145,英语,,,,,,497,3383,,,,,,497,3383,,,,,,,,,本科,,,,,
8071241,宁夏,本科批,历史,,X087D86,,西安文理学院,51C8,思想政治教育,,,,,,498,3307,,,,,,498,3307,,,,,,,,,本科,,,,,
8071242,宁夏,本科批,历史,,X087D86,,西安文理学院,D243,汉语言文学,,,,,,506,2854,,,,,,506,2854,,,,,,,,,本科,,,,,
8071243,宁夏,本科批,物理,,X087D86,,西安文理学院,B5AE,化学,,,,,,423,15998,,,,,,423,15998,,,,,,,,,本科,,,,,
8071244,宁夏,本科批,物理,,X087D86,,西安文理学院,802A,物理学,,,,,,425,15604,,,,,,425,15604,,,,,,,,,本科,,,,,
8071245,宁夏,本科批,物理,,X087D86,,西安文理学院,25FE,数学与应用数学,,,,,,430,14690,,,,,,430,14690,,,,,,,,,本科,,,,,
8072085,宁夏,本科批,历史,,X70F3B8,,运城学院,52B6,秘书学,,,,,,480,4593,,,,,,480,4593,,,,,,,,,本科,,,,,
8072086,宁夏,本科批,历史,,X70F3B8,,运城学院,4873,历史学,,,,,,481,4503,,,,,,481,4503,,,,,,,,,本科,,,,,
8072087,宁夏,本科批,物理,,X70F3B8,,运城学院,96B4,电子科学与技术（印制电路技术与工艺）,印制电路技术与工艺,,,,,411,18509,,,,,,411,18509,,,,,,,,,本科,,,,,
8072088,宁夏,本科批,物理,,X70F3B8,,运城学院,41CF,数字媒体技术,,,,,,412,18298,,,,,,412,18298,,,,,,,,,本科,,,,,
8072649,宁夏,本科批,历史,,XDDB9D4,,浙江水利水电学院,4A2C,物流工程,,,,,,472,5208,,,,,,472,5208,,,,,,,,,本科,,,,,
8072650,宁夏,本科批,历史,,XDDB9D4,,浙江水利水电学院,C19A,人力资源管理,,,,,,475,4975,,,,,,475,4975,,,,,,,,,本科,,,,,
8072651,宁夏,本科批,物理,,XDDB9D4,,浙江水利水电学院,8189,环境生态工程,,,,,,421,16413,,,,,,421,16413,,,,,,,,,本科,,,,,
8072652,宁夏,本科批,物理,,XDDB9D4,,浙江水利水电学院,FA23,地理信息科学,,,,,,421,16413,,,,,,421,16413,,,,,,,,,本科,,,,,
8072653,宁夏,本科批,物理,,XDDB9D4,,浙江水利水电学院,CEDE,道路桥梁与渡河工程,,,,,,422,16199,,,,,,422,16199,,,,,,,,,本科,,,,,
8072654,宁夏,本科批,物理,,XDDB9D4,,浙江水利水电学院,FEF6,材料成型及控制工程,,,,,,422,16199,,,,,,422,16199,,,,,,,,,本科,,,,,
8072655,宁夏,本科批,物理,,XDDB9D4,,浙江水利水电学院,6A3A,建筑环境与能源应用工程,,,,,,422,16199,,,,,,422,16199,,,,,,,,,本科,,,,,
8072656,宁夏,本科批,物理,,XDDB9D4,,浙江水利水电学院,A86C,遥感科学与技术,,,,,,423,15998,,,,,,423,15998,,,,,,,,,本科,,,,,
8072657,宁夏,本科批,物理,,XDDB9D4,,浙江水利水电学院,F068,人工智能,,,,,,425,15604,,,,,,425,15604,,,,,,,,,本科,,,,,
8072658,宁夏,本科批,物理,,XDDB9D4,,浙江水利水电学院,4BF2,农业水利工程,,,,,,427,15234,,,,,,427,15234,,,,,,,,,本科,,,,,
8072659,宁夏,本科批,物理,,XDDB9D4,,浙江水利水电学院,91CE,水文与水资源工程,,,,,,428,15065,,,,,,428,15065,,,,,,,,,本科,,,,,
8072660,宁夏,本科批,物理,,XDDB9D4,,浙江水利水电学院,B9E2,智能电网信息工程,,,,,,430,14690,,,,,,430,14690,,,,,,,,,本科,,,,,
8073297,宁夏,本科批,历史,,XBEFCE4,,山西中医药大学,4BF3,护理学,,,,,,495,3504,,,,,,495,3504,,,,,,,,,本科,,,,,
8073298,宁夏,本科批,历史,,XBEFCE4,,山西中医药大学,55D9,中医康复学,,,,,,496,3451,,,,,,496,3451,,,,,,,,,本科,,,,,
8073299,宁夏,本科批,历史,,XBEFCE4,,山西中医药大学,6246,针灸推拿学,,,,,,497,3383,,,,,,497,3383,,,,,,,,,本科,,,,,
8073300,宁夏,本科批,历史,,XBEFCE4,,山西中医药大学,5ED3,中西医临床医学,,,,,,498,3307,,,,,,498,3307,,,,,,,,,本科,,,,,
8073301,宁夏,本科批,历史,,XBEFCE4,,山西中医药大学,03FE,中医学,,,,,,502,3081,,,,,,502,3081,,,,,,,,,本科,,,,,
8073302,宁夏,本科批,物理,,XBEFCE4,,山西中医药大学,D681,信息管理与信息系统,,,,,,420,16610,,,,,,420,16610,,,,,,,,,本科,,,,,
8073303,宁夏,本科批,物理,,XBEFCE4,,山西中医药大学,A784,中药制药,,,,,,423,15998,,,,,,423,15998,,,,,,,,,本科,,,,,
8073304,宁夏,本科批,物理,,XBEFCE4,,山西中医药大学,5E49,食品科学与工程,,,,,,424,15793,,,,,,424,15793,,,,,,,,,本科,,,,,
8073305,宁夏,本科批,物理,,XBEFCE4,,山西中医药大学,9FD2,健康服务与管理,,,,,,425,15604,,,,,,425,15604,,,,,,,,,本科,,,,,
8073306,宁夏,本科批,物理,,XBEFCE4,,山西中医药大学,6D82,药事管理,,,,,,425,15604,,,,,,425,15604,,,,,,,,,本科,,,,,
8073307,宁夏,本科批,物理,,XBEFCE4,,山西中医药大学,4BF3,护理学,,,,,,425,15604,,,,,,425,15604,,,,,,,,,本科,,,,,
8073308,宁夏,本科批,物理,,XBEFCE4,,山西中医药大学,5FB0,中药资源与开发,,,,,,427,15234,,,,,,427,15234,,,,,,,,,本科,,,,,
8073309,宁夏,本科批,物理,,XBEFCE4,,山西中医药大学,B694,生物制药,,,,,,428,15065,,,,,,428,15065,,,,,,,,,本科,,,,,
8073310,宁夏,本科批,物理,,XBEFCE4,,山西中医药大学,4C2A,中药学,,,,,,428,15065,,,,,,428,15065,,,,,,,,,本科,,,,,
8073311,宁夏,本科批,物理,,XBEFCE4,,山西中医药大学,10A0,药学,,,,,,430,14690,,,,,,430,14690,,,,,,,,,本科,,,,,
8073312,宁夏,本科批,物理,,XBEFCE4,,山西中医药大学,55D9,中医康复学,,,,,,431,14482,,,,,,431,14482,,,,,,,,,本科,,,,,
8073313,宁夏,本科批,物理,,XBEFCE4,,山西中医药大学,03FE,中医学,,,,,,431,14482,,,,,,431,14482,,,,,,,,,本科,,,,,
8073314,宁夏,本科批,物理,,XBEFCE4,,山西中医药大学,5ED3,中西医临床医学,,,,,,432,14269,,,,,,432,14269,,,,,,,,,本科,,,,,
8073315,宁夏,本科批,物理,,XBEFCE4,,山西中医药大学,6246,针灸推拿学,,,,,,434,13883,,,,,,434,13883,,,,,,,,,本科,,,,,
8073888,宁夏,本科批,历史,,X7F1282,,山西传媒学院,D243,汉语言文学,,,,,,486,4147,,,,,,486,4147,,,,,,,,,本科,,,,,
8073889,宁夏,本科批,物理,,X7F1282,,山西传媒学院,2242,广播电视编导,,,,,,407,19365,,,,,,407,19365,,,,,,,,,本科,,,,,
8074322,宁夏,本科批,历史,,XE45C2F,,鞍山师范学院,5D72,网络与新媒体,,,,,,462,6083,,,,,,462,6083,,,,,,,,,本科,,,,,
8074323,宁夏,专科批,物理,,XE45C2F,,鞍山师范学院,E50B,智慧健康养老服务与管理,,,,,,278,41896,,,,,,278,41896,,,,,,,,,专科,,,,,
8074324,宁夏,专科批,物理,,XE45C2F,,鞍山师范学院,4154,电子商务,,,,,,302,38952,,,,,,302,38952,,,,,,,,,专科,,,,,
8074325,宁夏,本科批,物理,,XE45C2F,,鞍山师范学院,2C65,生物科学（师范）,师范,,,,,408,19137,,,,,,408,19137,,,,,,,,,本科,,,,,
8074796,宁夏,本科批,物理,,X1F9198,,昌吉学院,3557,能源与动力工程,,,,,,409,18935,,,,,,409,18935,,,,,,,,,本科,,,,,
8074797,宁夏,本科批,物理,,X1F9198,,昌吉学院,38B5,能源化学工程,,,,,,410,18711,,,,,,410,18711,,,,,,,,,本科,,,,,
8074798,宁夏,本科批,物理,,X1F9198,,昌吉学院,FEF6,材料成型及控制工程,,,,,,414,17904,,,,,,414,17904,,,,,,,,,本科,,,,,
8075903,宁夏,本科批,历史,,X58E494,,南昌师范学院,CA0F,旅游管理,,,,,,462,6083,,,,,,462,6083,,,,,,,,,本科,,,,,
8075904,宁夏,本科批,物理,,X58E494,,南昌师范学院,53B9,食品质量与安全,,,,,,415,17693,,,,,,415,17693,,,,,,,,,本科,,,,,
8076588,宁夏,本科批,历史,,X30F35F,,安康学院,CA0F,旅游管理,,,,,,477,4821,,,,,,477,4821,,,,,,,,,本科,,,,,
8076589,宁夏,本科批,历史,,X30F35F,,安康学院,108F,学前教育,,,,,,480,4593,,,,,,480,4593,,,,,,,,,本科,,,,,
8076590,宁夏,本科批,历史,,X30F35F,,安康学院,FB18,财务管理,,,,,,481,4503,,,,,,481,4503,,,,,,,,,本科,,,,,
8076591,宁夏,本科批,历史,,X30F35F,,安康学院,51C8,思想政治教育,,,,,,482,4429,,,,,,482,4429,,,,,,,,,本科,,,,,
8076592,宁夏,本科批,物理,,X30F35F,,安康学院,371D,工程造价,,,,,,413,18103,,,,,,413,18103,,,,,,,,,本科,,,,,
8076593,宁夏,本科批,物理,,X30F35F,,安康学院,9E19,化妆品技术与工程,,,,,,415,17693,,,,,,415,17693,,,,,,,,,本科,,,,,
8076594,宁夏,本科批,物理,,X30F35F,,安康学院,40CE,制药工程,,,,,,415,17693,,,,,,415,17693,,,,,,,,,本科,,,,,
8076595,宁夏,本科批,物理,,X30F35F,,安康学院,4718,数据科学与大数据技术,,,,,,415,17693,,,,,,415,17693,,,,,,,,,本科,,,,,
8076867,宁夏,本科批,历史,,X0BFB79,,广州航海学院,FB18,财务管理,,,,,,484,4295,,,,,,484,4295,,,,,,,,,本科,,,,,
8076868,宁夏,本科批,物理,,X0BFB79,,广州航海学院,FB18,财务管理,,,,,,422,16199,,,,,,422,16199,,,,,,,,,本科,,,,,
8077547,宁夏,本科批,历史,,X1C48BB,,哈尔滨学院,DCEF,小学教育,,,,,,489,3940,,,,,,489,3940,,,,,,,,,本科,,,,,
8077548,宁夏,本科批,历史,,X1C48BB,,哈尔滨学院,D243,汉语言文学,,,,,,495,3504,,,,,,495,3504,,,,,,,,,本科,,,,,
8077549,宁夏,本科批,物理,,X1C48BB,,哈尔滨学院,29A4,��学与应用数学,,,,,,393,22342,,,,,,393,22342,,,,,,,,,本科,,,,,
8077550,宁夏,本科批,物理,,X1C48BB,,哈尔滨学院,4ECE,土木工程,,,,,,412,18298,,,,,,412,18298,,,,,,,,,本科,,,,,
8078220,宁夏,本科批,历史,,XC5FB98,,吉林工商学院,FBFE,物流管理,,,,,,477,4821,,,,,,477,4821,,,,,,,,,本科,,,,,
8078221,宁夏,本科批,历史,,XC5FB98,,吉林工商学院,CA0F,旅游管理,,,,,,477,4821,,,,,,477,4821,,,,,,,,,本科,,,,,
8078222,宁夏,本科批,历史,,XC5FB98,,吉林工商学院,25DE,国际经济与贸易,,,,,,478,4752,,,,,,478,4752,,,,,,,,,本科,,,,,
8078223,宁夏,本科批,历史,,XC5FB98,,吉林工商学院,04A0,工商管理,,,,,,478,4752,,,,,,478,4752,,,,,,,,,本科,,,,,
8078224,宁夏,本科批,历史,,XC5FB98,,吉林工商学院,0FBC,金融学,,,,,,479,4671,,,,,,479,4671,,,,,,,,,本科,,,,,
8078225,宁夏,本科批,历史,,XC5FB98,,吉林工商学院,5E19,会计学,,,,,,484,4295,,,,,,484,4295,,,,,,,,,本科,,,,,
8078226,宁夏,本科批,物理,,XC5FB98,,吉林工商学院,AC54,粮食工程,,,,,,412,18298,,,,,,412,18298,,,,,,,,,本科,,,,,
8078227,宁夏,本科批,物理,,XC5FB98,,吉林工商学院,8EA2,机械电子工程,,,,,,412,18298,,,,,,412,18298,,,,,,,,,本科,,,,,
8078228,宁夏,本科批,物理,,XC5FB98,,吉林工商学院,0FBC,金融学,,,,,,413,18103,,,,,,413,18103,,,,,,,,,本科,,,,,
8078229,宁夏,本科批,物理,,XC5FB98,,吉林工商学院,1D5E,税收学,,,,,,414,17904,,,,,,414,17904,,,,,,,,,本科,,,,,
8078230,宁夏,本科批,物理,,XC5FB98,,吉林工商学院,4718,数据科学与大数据技术,,,,,,414,17904,,,,,,414,17904,,,,,,,,,本科,,,,,
8078231,宁夏,本科批,物理,,XC5FB98,,吉林工商学院,5E19,会计学,,,,,,424,15793,,,,,,424,15793,,,,,,,,,本科,,,,,
8078565,宁夏,本科批,物理,,XDB1C0D,,荆楚理工学院,3615,机械类,,,,,,417,17270,,,,,,417,17270,,,,,,,,,本科,,,,,
8079129,宁夏,本科批,物理,,X270B10,,辽宁科技学院,3170,冶金工程,,,,,,409,18935,,,,,,409,18935,,,,,,,,,本科,,,,,
8079130,宁夏,本科批,物理,,X270B10,,辽宁科技学院,29F4,物联网工程,,,,,,410,18711,,,,,,410,18711,,,,,,,,,本科,,,,,
8079131,宁夏,本科批,物理,,X270B10,,辽宁科技学院,4C65,自动化,,,,,,410,18711,,,,,,410,18711,,,,,,,,,本科,,,,,
8079132,宁夏,本科批,物理,,X270B10,,辽宁科技学院,B9A5,计算机科学与技术,,,,,,411,18509,,,,,,411,18509,,,,,,,,,本科,,,,,
8079133,宁夏,本科批,物理,,X270B10,,辽宁科技学院,78FF,机械设计制造及其自动化,,,,,,411,18509,,,,,,411,18509,,,,,,,,,本科,,,,,
8079360,宁夏,本科批,历史,,X192A4A,,平顶山学院,62BF,大数据管理与应用,,,,,,473,5131,,,,,,473,5131,,,,,,,,,本科,,,,,
8079361,宁夏,本科批,历史,,X192A4A,,平顶山学院,DCEF,小学教育,,,,,,473,5131,,,,,,473,5131,,,,,,,,,本科,,,,,
8079362,宁夏,本科批,物理,,X192A4A,,平顶山学院,62BF,大数据管理与应用,,,,,,417,17270,,,,,,417,17270,,,,,,,,,本科,,,,,
8079363,宁夏,本科批,物理,,X192A4A,,平顶山学院,DCEF,小学教育,,,,,,420,16610,,,,,,420,16610,,,,,,,,,本科,,,,,
8080238,宁夏,本科批,历史,,XE51E45,,山东工商学院,8B36,翻译,,,,,,486,4147,,,,,,486,4147,,,,,,,,,本科,,,,,
8080239,宁夏,本科批,历史,,XE51E45,,山东工商学院,4145,英语,,,,,,489,3940,,,,,,489,3940,,,,,,,,,本科,,,,,
8080240,宁夏,本科批,历史,,XE51E45,,山东工商学院,AC90,行政管理,,,,,,489,3940,,,,,,489,3940,,,,,,,,,本科,,,,,
8080241,宁夏,本科批,历史,,XE51E45,,山东工商学院,25DE,国际经济与贸易,,,,,,490,3859,,,,,,490,3859,,,,,,,,,本科,,,,,
8080242,宁夏,本科批,历史,,XE51E45,,山东工商学院,D0E1,政治学与行政学,,,,,,493,3637,,,,,,493,3637,,,,,,,,,本科,,,,,
8080243,宁夏,本科批,历史,,XE51E45,,山东工商学院,6AB9,经济学,,,,,,494,3571,,,,,,494,3571,,,,,,,,,本科,,,,,
8080244,宁夏,本科批,历史,,XE51E45,,山东工商学院,D243,汉语言文学,,,,,,502,3081,,,,,,502,3081,,,,,,,,,本科,,,,,
8080245,宁夏,本科批,历史,,XE51E45,,山东工商学院,978C,审计学,,,,,,502,3081,,,,,,502,3081,,,,,,,,,本科,,,,,
8080246,宁夏,本科批,历史,,XE51E45,,山东工商学院,5E19,会计学,,,,,,505,2906,,,,,,505,2906,,,,,,,,,本科,,,,,
8080247,宁夏,本科批,历史,,XE51E45,,山东工商学院,927B,法学,,,,,,512,2492,,,,,,512,2492,,,,,,,,,本科,,,,,
8080248,宁夏,本科批,物理,,XE51E45,,山东工商学院,42F1,资产评估,,,,,,410,18711,,,,,,410,18711,,,,,,,,,本科,,,,,
8080249,宁夏,本科批,物理,,XE51E45,,山东工商学院,5257,工业工程,,,,,,410,18711,,,,,,410,18711,,,,,,,,,本科,,,,,
8080250,宁夏,本科批,物理,,XE51E45,,山东工商学院,6F56,工程管理,,,,,,411,18509,,,,,,411,18509,,,,,,,,,本科,,,,,
8080251,宁夏,本科批,物理,,XE51E45,,山东工商学院,F620,安全工程,,,,,,412,18298,,,,,,412,18298,,,,,,,,,本科,,,,,
8080252,宁夏,本科批,物理,,XE51E45,,山东工商学院,FBFE,物流管理,,,,,,412,18298,,,,,,412,18298,,,,,,,,,本科,,,,,
8080253,宁夏,本科批,物理,,XE51E45,,山东工商学院,4869,投资学,,,,,,413,18103,,,,,,413,18103,,,,,,,,,本科,,,,,
8080254,宁夏,本科批,物理,,XE51E45,,山东工商学院,28AD,经济统计学,,,,,,413,18103,,,,,,413,18103,,,,,,,,,本科,,,,,
8080255,宁夏,本科批,物理,,XE51E45,,山东工商学院,D681,信息管理与信息系统,,,,,,413,18103,,,,,,413,18103,,,,,,,,,本科,,,,,
8080256,宁夏,本科批,物理,,XE51E45,,山东工商学院,76B9,统计学,,,,,,416,17483,,,,,,416,17483,,,,,,,,,本科,,,,,
8080257,宁夏,本科批,物理,,XE51E45,,山东工商学院,6AB9,经济学,,,,,,419,16846,,,,,,419,16846,,,,,,,,,本科,,,,,
8080258,宁夏,本科批,物理,,XE51E45,,山东工商学院,F068,人工智能,,,,,,421,16413,,,,,,421,16413,,,,,,,,,本科,,,,,
8080259,宁夏,本科批,物理,,XE51E45,,山东工商学院,3C38,软件工程,,,,,,421,16413,,,,,,421,16413,,,,,,,,,本科,,,,,
8080260,宁夏,本科批,物理,,XE51E45,,山东工商学院,21BA,财政学,,,,,,423,15998,,,,,,423,15998,,,,,,,,,本科,,,,,
8080261,宁夏,本科批,物理,,XE51E45,,山东工商学院,FB18,财务管理,,,,,,423,15998,,,,,,423,15998,,,,,,,,,本科,,,,,
8080262,宁夏,本科批,物理,,XE51E45,,山东工商学院,C0DA,应用统计学,,,,,,424,15793,,,,,,424,15793,,,,,,,,,本科,,,,,
8080263,宁夏,本科批,物理,,XE51E45,,山东工商学院,0FBC,金融学,,,,,,425,15604,,,,,,425,15604,,,,,,,,,本科,,,,,
8080264,宁夏,本科批,物理,,XE51E45,,山东工商学院,5E19,会计学,,,,,,440,12830,,,,,,440,12830,,,,,,,,,本科,,,,,
8080718,宁夏,本科批,历史,,X724A51,,上海商学院,25DE,国际经济与贸易,,,,,,486,4147,,,,,,486,4147,,,,,,,,,本科,,,,,
8080719,宁夏,本科批,历史,,X724A51,,上海商学院,FB18,财务管理,,,,,,497,3383,,,,,,497,3383,,,,,,,,,本科,,,,,
8080720,宁夏,本科批,物理,,X724A51,,上海商学院,4154,电子商务,,,,,,421,16413,,,,,,421,16413,,,,,,,,,本科,,,,,
8080721,宁夏,本科批,物理,,X724A51,,上海商学院,FB18,财务管理,,,,,,423,15998,,,,,,423,15998,,,,,,,,,本科,,,,,
8080722,宁夏,本科批,物理,,X724A51,,上海商学院,28AD,经济统计学,,,,,,423,15998,,,,,,423,15998,,,,,,,,,本科,,,,,
8080723,宁夏,本科批,物理,,X724A51,,上海商学院,25DE,国际经济与贸易,,,,,,423,15998,,,,,,423,15998,,,,,,,,,本科,,,,,
8081264,宁夏,本科批,物理,,X0128F9,,新疆工程学院,4ECE,土木工程,,,,,,413,18103,,,,,,413,18103,,,,,,,,,本科,,,,,
8081265,宁夏,本科批,物理,,X0128F9,,新疆工程学院,F620,安全工程,,,,,,413,18103,,,,,,413,18103,,,,,,,,,本科,,,,,
8081266,宁夏,本科批,物理,,X0128F9,,新疆工程学院,A5D2,测控技术与仪器,,,,,,416,17483,,,,,,416,17483,,,,,,,,,本科,,,,,
8081267,宁夏,本科批,物理,,X0128F9,,新疆工程学院,8EA2,机械电子工程,,,,,,417,17270,,,,,,417,17270,,,,,,,,,本科,,,,,
8081268,宁夏,本科批,物理,,X0128F9,,新疆工程学院,A5B7,电气工程及其自动化,,,,,,422,16199,,,,,,422,16199,,,,,,,,,本科,,,,,
8082163,宁夏,本科批,物理,,X027A98,,白城师范学院,B5AE,化学,,,,,,410,18711,,,,,,410,18711,,,,,,,,,本科,,,,,
8082164,宁夏,本科批,物理,,X027A98,,白城师范学院,25FE,数学与应用数学,,,,,,417,17270,,,,,,417,17270,,,,,,,,,本科,,,,,
8083652,宁夏,本科批,物理,,XE3380A,,安阳工学院,E2E1,生物工程,,,,,,411,18509,,,,,,411,18509,,,,,,,,,本科,,,,,
8083653,宁夏,本科批,物理,,XE3380A,,安阳工学院,7E23,环境工程,,,,,,411,18509,,,,,,411,18509,,,,,,,,,本科,,,,,
8083654,宁夏,本科批,物理,,XE3380A,,安阳工学院,6995,网络工程,,,,,,412,18298,,,,,,412,18298,,,,,,,,,本科,,,,,
8083655,宁夏,本科批,物理,,XE3380A,,安阳工学院,40CE,制药工程,,,,,,412,18298,,,,,,412,18298,,,,,,,,,本科,,,,,
8083845,宁夏,本科批,历史,,XBC974A,,池州学院,CA0F,旅游管理,,,,,,446,7596,,,,,,446,7596,,,,,,,,,本科,,,,,
8083846,宁夏,本科批,历史,,XBC974A,,池州学院,9D85,酒店管理,,,,,,454,6837,,,,,,454,6837,,,,,,,,,本科,,,,,
8083847,宁夏,本科批,历史,,XBC974A,,池州学院,D243,汉语言文学,,,,,,472,5208,,,,,,472,5208,,,,,,,,,本科,,,,,
8083848,宁夏,本科批,物理,,XBC974A,,池州学院,4EA7,新能源材料与器件,,,,,,417,17270,,,,,,417,17270,,,,,,,,,本科,,,,,
8083849,宁夏,本科批,物理,,XBC974A,,池州学院,25FE,数学与应用数学,,,,,,420,16610,,,,,,420,16610,,,,,,,,,本科,,,,,
8083850,宁夏,本科批,物理,,XBC974A,,池州学院,A5B7,电气工程及其自动化,,,,,,422,16199,,,,,,422,16199,,,,,,,,,本科,,,,,
8083851,宁夏,本科批,物理,,XBC974A,,池州学院,B9A5,计算机科学与技术,,,,,,422,16199,,,,,,422,16199,,,,,,,,,本科,,,,,
8084013,宁夏,本科批,历史,,X8ECD2E,,邯郸学院,51C8,思想政治教育,,,,,,484,4295,,,,,,484,4295,,,,,,,,,本科,,,,,
8084014,宁夏,本科批,历史,,X8ECD2E,,邯郸学院,4873,历史学,,,,,,485,4225,,,,,,485,4225,,,,,,,,,本科,,,,,
8084015,宁夏,本科批,物理,,X8ECD2E,,邯郸学院,1D15,特殊教育,,,,,,398,21279,,,,,,398,21279,,,,,,,,,本科,,,,,
8084016,宁夏,本科批,物理,,X8ECD2E,,邯郸学院,93E3,电子信息工程,,,,,,406,19573,,,,,,406,19573,,,,,,,,,本科,,,,,
8084676,宁夏,本科批,物理,,XA661F4,,衢州学院,D6ED,化学工程与工艺,,,,,,419,16846,,,,,,419,16846,,,,,,,,,本科,,,,,
8084677,宁夏,本科批,物理,,XA661F4,,衢州学院,F11A,机器人工程,,,,,,419,16846,,,,,,419,16846,,,,,,,,,本科,,,,,
8084678,宁夏,本科批,物理,,XA661F4,,衢州学院,4EA7,新能源材料与器件,,,,,,420,16610,,,,,,420,16610,,,,,,,,,本科,,,,,
8084679,宁夏,本科批,物理,,XA661F4,,衢州学院,8EA2,机械电子工程,,,,,,420,16610,,,,,,420,16610,,,,,,,,,本科,,,,,
8084680,宁夏,本科批,物理,,XA661F4,,衢州学院,4C65,自动化,,,,,,422,16199,,,,,,422,16199,,,,,,,,,本科,,,,,
8085432,宁夏,本科批,物理,,X3A48D4,,山西工程技术学院,6F56,工程管理,,,,,,416,17483,,,,,,416,17483,,,,,,,,,本科,,,,,
8085433,宁夏,本科批,物理,,X3A48D4,,山西工程技术学院,4ECE,土木工程,,,,,,417,17270,,,,,,417,17270,,,,,,,,,本科,,,,,
8085434,宁夏,本科批,物理,,X3A48D4,,山西工程技术学院,1231,城市地下空间工程,,,,,,418,17058,,,,,,418,17058,,,,,,,,,本科,,,,,
8085435,宁夏,本科批,物理,,X3A48D4,,山西工程技术学院,8EA2,机械电子工程,,,,,,418,17058,,,,,,418,17058,,,,,,,,,本科,,,,,
8085436,宁夏,本科批,物理,,X3A48D4,,山西工程技术学院,A86C,遥感科学与技术,,,,,,418,17058,,,,,,418,17058,,,,,,,,,本科,,,,,
8085437,宁夏,本科批,物理,,X3A48D4,,山西工程技术学院,03B1,智能科学与技术,,,,,,419,16846,,,,,,419,16846,,,,,,,,,本科,,,,,
8085438,宁夏,本科批,物理,,X3A48D4,,山西工程技术学院,8684,智能制造工程,,,,,,419,16846,,,,,,419,16846,,,,,,,,,本科,,,,,
8085439,宁夏,本科批,物理,,X3A48D4,,山西工程技术学院,FEF6,材料成型及控制工程,,,,,,420,16610,,,,,,420,16610,,,,,,,,,本科,,,,,
8085440,宁夏,本科批,物理,,X3A48D4,,山西工程技术学院,29F4,物联网工程,,,,,,420,16610,,,,,,420,16610,,,,,,,,,本科,,,,,
8085441,宁夏,本科批,物理,,X3A48D4,,山西工程技术学院,CA67,采矿工程,,,,,,420,16610,,,,,,420,16610,,,,,,,,,本科,,,,,
8085442,宁夏,本科批,物理,,X3A48D4,,山西工程技术学院,A942,材料科学与工程,,,,,,420,16610,,,,,,420,16610,,,,,,,,,本科,,,,,
8085443,宁夏,本科批,物理,,X3A48D4,,山西工程技术学院,FA23,地理信息科学,,,,,,420,16610,,,,,,420,16610,,,,,,,,,本科,,,,,
8085444,宁夏,本科批,物理,,X3A48D4,,山西工程技术学院,4C65,自动化,,,,,,421,16413,,,,,,421,16413,,,,,,,,,本科,,,,,
8085445,宁夏,本科批,物理,,X3A48D4,,山西工程技术学院,4718,数据科学与大数据技术,,,,,,421,16413,,,,,,421,16413,,,,,,,,,本科,,,,,
8085446,宁夏,本科批,物理,,X3A48D4,,山西工程技术学院,B9A5,计算机科学与技术,,,,,,424,15793,,,,,,424,15793,,,,,,,,,本科,,,,,
8085447,宁夏,本科批,物理,,X3A48D4,,山西工程技术学院,78FF,机械设计制造及其自动化,,,,,,424,15793,,,,,,424,15793,,,,,,,,,本科,,,,,
8085448,宁夏,本科批,物理,,X3A48D4,,山西工程技术学院,A5B7,电气工程及其自动化,,,,,,426,15424,,,,,,426,15424,,,,,,,,,本科,,,,,
8085716,宁夏,本科批,物理,,XD63E42,,商洛学院,6E5A,园林,,,,,,416,17483,,,,,,416,17483,,,,,,,,,本科,,,,,
8085717,宁夏,本科批,物理,,XD63E42,,商洛学院,AC54,粮食工程,,,,,,417,17270,,,,,,417,17270,,,,,,,,,本科,,,,,
8085718,宁夏,本科批,物理,,XD63E42,,商洛学院,25FE,数学与应用数学,,,,,,418,17058,,,,,,418,17058,,,,,,,,,本科,,,,,
8085823,宁夏,本科批,物理,,X53C890,,上海海关学院,4718,数据科学与大数据技术,,,,,,443,12278,,,,,,443,12278,,,,,,,,,本科,,,,,
8085824,宁夏,本科批,物理,,X53C890,,上海海关学院,1D5E,税收学,,,,,,445,11992,,,,,,445,11992,,,,,,,,,本科,,,,,
8086377,宁夏,本科批,历史,,X3A9A54,,内蒙古艺术学院,7288,文化产业管理,,,,,,458,6460,,,,,,458,6460,,,,,,,,,本科,,,,,
8086378,宁夏,本科批,历史,,X3A9A54,,内蒙古艺术学院,5A5A,戏剧影视文学,,,,,,465,5786,,,,,,465,5786,,,,,,,,,本科,,,,,
8086379,宁夏,本科批,历史,,X3A9A54,,内蒙古艺术学院,2242,广播电视编导,,,,,,466,5708,,,,,,466,5708,,,,,,,,,本科,,,,,
8086380,宁夏,本科批,历史,,X3A9A54,,内蒙古艺术学院,B5C6,艺术史论,,,,,,467,5617,,,,,,467,5617,,,,,,,,,本科,,,,,
8086771,宁夏,本科批,历史,,X160FB1,,沧州师范学院,09EE,市场营销,,,,,,420,10197,,,,,,420,10197,,,,,,,,,本科,,,,,
8086772,宁夏,本科批,历史,,X160FB1,,沧州师范学院,4145,英语,,,,,,424,9779,,,,,,424,9779,,,,,,,,,本科,,,,,
8086773,宁夏,本科批,历史,,X160FB1,,沧州师范学院,D0E1,政治学与行政学,,,,,,451,7134,,,,,,451,7134,,,,,,,,,本科,,,,,
8086774,宁夏,本科批,历史,,X160FB1,,沧州师范学院,51C8,思想政治教育,,,,,,464,5892,,,,,,464,5892,,,,,,,,,本科,,,,,
8086775,宁夏,本科批,物理,,X160FB1,,沧州师范学院,4C65,自动化,,,,,,417,17270,,,,,,417,17270,,,,,,,,,本科,,,,,
8086776,宁夏,本科批,物理,,X160FB1,,沧州师范学院,B5AE,化学,,,,,,417,17270,,,,,,417,17270,,,,,,,,,本科,,,,,
8086777,宁夏,本科批,物理,,X160FB1,,沧州师范学院,25FE,数学与应用数学,,,,,,418,17058,,,,,,418,17058,,,,,,,,,本科,,,,,
8087080,宁夏,本科批,历史,,XC272E1,,集宁师范学院,4145,英语,,,,,,481,4503,,,,,,481,4503,,,,,,,,,本科,,,,,
8087081,宁夏,本科批,历史,,XC272E1,,集宁师范学院,D243,汉语言文学,,,,,,482,4429,,,,,,482,4429,,,,,,,,,本科,,,,,
8087408,宁夏,本科批,历史,,X6B72C0,,曲靖师范学院,28AD,经济统计学,,,,,,481,4503,,,,,,481,4503,,,,,,,,,本科,,,,,
8087409,宁夏,本科批,历史,,X6B72C0,,曲靖师范学院,D243,汉语言文学,,,,,,485,4225,,,,,,485,4225,,,,,,,,,本科,,,,,
8087410,宁夏,本科批,物理,,X6B72C0,,曲靖师范学院,4718,数据科学与大数据技术,,,,,,426,15424,,,,,,426,15424,,,,,,,,,本科,,,,,
8088866,宁夏,本科批,历史,,XABBEC9,,桂林旅游学院,4145,英语,,,,,,431,9058,,,,,,431,9058,,,,,,,,,本科,,,,,
8088867,宁夏,本科批,历史,,XABBEC9,,桂林旅游学院,09EE,市场营销,,,,,,470,5350,,,,,,470,5350,,,,,,,,,本科,,,,,
8088868,宁夏,本科批,历史,,XABBEC9,,桂林旅游学院,8607,法语,,,,,,475,4975,,,,,,475,4975,,,,,,,,,本科,,,,,
8088869,宁夏,本科批,历史,,XABBEC9,,桂林旅游学院,1049,商务英语,,,,,,476,4903,,,,,,476,4903,,,,,,,,,本科,,,,,
8088870,宁夏,本科批,物理,,XABBEC9,,桂林旅游学院,8607,法语,,,,,,397,21492,,,,,,397,21492,,,,,,,,,本科,,,,,
8088871,宁夏,本科批,物理,,XABBEC9,,桂林旅游学院,4145,英语,,,,,,403,20186,,,,,,403,20186,,,,,,,,,本科,,,,,
8088872,宁夏,本科批,物理,,XABBEC9,,桂林旅游学院,1049,商务英语,,,,,,405,19783,,,,,,405,19783,,,,,,,,,本科,,,,,
8088873,宁夏,本科批,物理,,XABBEC9,,桂林旅游学院,DFA6,���场营销,,,,,,407,19365,,,,,,407,19365,,,,,,,,,本科,,,,,
8089314,宁夏,本科批,历史,,X11A2FC,,哈尔滨金融学院,1049,商务英语,,,,,,467,5617,,,,,,467,5617,,,,,,,,,本科,,,,,
8089315,宁夏,本科批,历史,,X11A2FC,,哈尔滨金融学院,0FBC,金融学,,,,,,475,4975,,,,,,475,4975,,,,,,,,,本科,,,,,
8089316,宁夏,本科批,物理,,X11A2FC,,哈尔滨金融学院,BD59,金融科技,,,,,,417,17270,,,,,,417,17270,,,,,,,,,本科,,,,,
8089317,宁夏,本科批,物理,,X11A2FC,,哈尔滨金融学院,4869,投资学,,,,,,417,17270,,,,,,417,17270,,,,,,,,,本科,,,,,
8089318,宁夏,本科批,物理,,X11A2FC,,哈尔滨金融学院,5E19,会计学,,,,,,417,17270,,,,,,417,17270,,,,,,,,,本科,,,,,
8089880,宁夏,本科批,历史,,XE6ECF6,,河南工程学院,4145,英语,,,,,,463,5988,,,,,,463,5988,,,,,,,,,本科,,,,,
8089881,宁夏,本科批,历史,,XE6ECF6,,河南工程学院,C19A,人力资源管理,,,,,,464,5892,,,,,,464,5892,,,,,,,,,本科,,,,,
8089882,宁夏,本科批,物理,,XE6ECF6,,河南工程学院,4ECE,土木工程,,,,,,416,17483,,,,,,416,17483,,,,,,,,,本科,,,,,
8089883,宁夏,本科批,物理,,XE6ECF6,,河南工程学院,ECA4,通信工程,,,,,,416,17483,,,,,,416,17483,,,,,,,,,本科,,,,,
8089884,宁夏,本科批,物理,,XE6ECF6,,河南工程学院,F620,安全工程,,,,,,416,17483,,,,,,416,17483,,,,,,,,,本科,,,,,
8089885,宁夏,本科批,物理,,XE6ECF6,,河南工程学院,FBFE,物流管理,,,,,,417,17270,,,,,,417,17270,,,,,,,,,本科,,,,,
8089886,宁夏,本科批,物理,,XE6ECF6,,河南工程学院,FB18,财务管理,,,,,,418,17058,,,,,,418,17058,,,,,,,,,本科,,,,,
8089887,宁夏,本科批,物理,,XE6ECF6,,河南工程学院,38A4,资源环境科学,,,,,,418,17058,,,,,,418,17058,,,,,,,,,本科,,,,,
8089888,宁夏,本科批,物理,,XE6ECF6,,河南工程学院,C734,电子科学与技术,,,,,,419,16846,,,,,,419,16846,,,,,,,,,本科,,,,,
8089889,宁夏,本科批,物理,,XE6ECF6,,河南工程学院,78FF,机械设计制造及其自动化,,,,,,421,16413,,,,,,421,16413,,,,,,,,,本科,,,,,
8090309,宁夏,本科批,历史,,XCBC803,,晋中学院,8B36,翻译,,,,,,470,5350,,,,,,470,5350,,,,,,,,,本科,,,,,
8090310,宁夏,本科批,历史,,XCBC803,,晋中学院,108F,学前教育,,,,,,473,5131,,,,,,473,5131,,,,,,,,,本科,,,,,
8090311,宁夏,本科批,历史,,XCBC803,,晋中学院,68F4,新闻学,,,,,,476,4903,,,,,,476,4903,,,,,,,,,本科,,,,,
8090312,宁夏,本科批,历史,,XCBC803,,晋中学院,7288,文化产业管理,,,,,,476,4903,,,,,,476,4903,,,,,,,,,本科,,,,,
8090313,宁夏,本科批,历史,,XCBC803,,晋中学院,D243,汉语言文学,,,,,,480,4593,,,,,,480,4593,,,,,,,,,本科,,,,,
8090314,宁夏,本科批,物理,,XCBC803,,晋中学院,5E49,食品科学与工程,,,,,,410,18711,,,,,,410,18711,,,,,,,,,本科,,,,,
8090315,宁夏,本科批,物理,,XCBC803,,晋中学院,7288,文化产业管理,,,,,,410,18711,,,,,,410,18711,,,,,,,,,本科,,,,,
8090316,宁夏,本科批,物理,,XCBC803,,晋中学院,E9A7,环境科学与工程,,,,,,410,18711,,,,,,410,18711,,,,,,,,,本科,,,,,
8090317,宁夏,本科批,物理,,XCBC803,,晋中学院,F89C,生物技术,,,,,,410,18711,,,,,,410,18711,,,,,,,,,本科,,,,,
8090318,宁夏,本科批,物理,,XCBC803,,晋中学院,FEF6,材料成型及控制工程,,,,,,411,18509,,,,,,411,18509,,,,,,,,,本科,,,,,
8090319,宁夏,本科批,物理,,XCBC803,,晋中学院,C19A,人力资源管理,,,,,,413,18103,,,,,,413,18103,,,,,,,,,本科,,,,,
8090320,宁夏,本科批,物理,,XCBC803,,晋中学院,4C65,自动化,,,,,,414,17904,,,,,,414,17904,,,,,,,,,本科,,,,,
8090950,宁夏,本科批,物理,,XE98CC8,,上海第二工业大学,D40C,少数民族预科班,,,,,,398,21279,,,,,,398,21279,,,,,,,,,本科,,,,,
8090951,宁夏,本科批,物理,,XE98CC8,,上海第二工业大学,A942,材料科学与工程,,,,,,431,14482,,,,,,431,14482,,,,,,,,,本科,,,,,
8090952,宁夏,本科批,物理,,XE98CC8,,上海第二工业大学,735F,环保设备工程,,,,,,432,14269,,,,,,432,14269,,,,,,,,,本科,,,,,
8090953,宁夏,本科批,物理,,XE98CC8,,上海第二工业大学,A5D2,测控技术与仪器,,,,,,432,14269,,,,,,432,14269,,,,,,,,,本科,,,,,
8090954,宁夏,本科批,物理,,XE98CC8,,上海第二工业大学,D081,新能源科学与工程,,,,,,434,13883,,,,,,434,13883,,,,,,,,,本科,,,,,
8090955,宁夏,本科批,物理,,XE98CC8,,上海第二工业大学,D06C,机械工程,,,,,,434,13883,,,,,,434,13883,,,,,,,,,本科,,,,,
8090956,宁夏,本科批,物理,,XE98CC8,,上海第二工业大学,8684,智能制造工程,,,,,,438,13162,,,,,,438,13162,,,,,,,,,本科,,,,,
8090957,宁夏,本科批,物理,,XE98CC8,,上海第二工业大学,4C65,自动化,,,,,,439,12985,,,,,,439,12985,,,,,,,,,本科,,,,,
8090958,宁夏,本科批,物理,,XE98CC8,,上海第二工业大学,ECA4,通信工程,,,,,,442,12470,,,,,,442,12470,,,,,,,,,本科,,,,,
8090959,宁夏,本科批,物理,,XE98CC8,,上海第二工业大学,8EA2,机械电子工程,,,,,,469,8304,,,,,,469,8304,,,,,,,,,本科,,,,,
8090960,宁夏,本科批,物理,,XE98CC8,,上海第二工业大学,6995,网络工程,,,,,,470,8177,,,,,,470,8177,,,,,,,,,本科,,,,,
8090961,宁夏,本科批,物理,,XE98CC8,,上海第二工业大学,3C38,软件工程,,,,,,472,7933,,,,,,472,7933,,,,,,,,,本科,,,,,
8091888,宁夏,本科批,历史,,XAD78DB,,太原学院,5F0C,跨境电子商务,,,,,,442,7896,,,,,,442,7896,,,,,,,,,本科,,,,,
8091889,宁夏,本科批,历史,,XAD78DB,,太原学院,4869,投资学,,,,,,452,6936,,,,,,452,6936,,,,,,,,,本科,,,,,
8091890,宁夏,本科批,历史,,XAD78DB,,太原学院,F78B,旅游管理与服务教育,,,,,,459,6283,,,,,,459,6283,,,,,,,,,本科,,,,,
8091891,宁夏,本科批,物理,,XAD78DB,,太原学院,CEDE,道路桥梁与渡河工程,,,,,,392,22343,,,,,,392,22343,,,,,,,,,本科,,,,,
8091892,宁夏,本科批,物理,,XAD78DB,,太原学院,5F0C,跨境电子商务,,,,,,395,21706,,,,,,395,21706,,,,,,,,,本科,,,,,
8091893,宁夏,本科批,物理,,XAD78DB,,太原学院,677D,汽车服务工程,,,,,,396,21493,,,,,,396,21493,,,,,,,,,本科,,,,,
8091894,宁夏,本科批,物理,,XAD78DB,,太原学院,4ECE,土木工程,,,,,,398,21027,,,,,,398,21027,,,,,,,,,本科,,,,,
8091895,宁夏,本科批,物理,,XAD78DB,,太原学院,4D44,给排水科学与工程,,,,,,399,20828,,,,,,399,20828,,,,,,,,,本科,,,,,
8091896,宁夏,本科批,物理,,XAD78DB,,太原学院,4A2C,物流工程,,,,,,401,20406,,,,,,401,20406,,,,,,,,,本科,,,,,
8091897,宁夏,本科批,物理,,XAD78DB,,太原学院,A5C9,建筑学,,,,,,401,20406,,,,,,401,20406,,,,,,,,,本科,,,,,
8091898,宁夏,本科批,物理,,XAD78DB,,太原学院,F78B,旅游管理与服务教育,,,,,,402,20187,,,,,,402,20187,,,,,,,,,本科,,,,,
8091899,宁夏,本科批,物理,,XAD78DB,,太原学院,4869,投资学,,,,,,404,19784,,,,,,404,19784,,,,,,,,,本科,,,,,
8091900,宁夏,本科批,物理,,XAD78DB,,太原学院,6A3A,建筑环境与能源应用工程,,,,,,406,19366,,,,,,406,19366,,,,,,,,,本科,,,,,
8091901,宁夏,本科批,物理,,XAD78DB,,太原学院,8302,化学工程与工业生物工程,,,,,,410,18510,,,,,,410,18510,,,,,,,,,本科,,,,,
8091902,宁夏,本科批,物理,,XAD78DB,,太原学院,03B1,智能科学与技术,,,,,,414,17694,,,,,,414,17694,,,,,,,,,本科,,,,,
8092654,宁夏,本科批,历史,,X5F39B2,,新余学院,AD9E,市场营销（数字营销方向）,数字营销方向,,,,,433,8845,,,,,,433,8845,,,,,,,,,本科,,,,,
8092655,宁夏,本科批,历史,,X5F39B2,,新余学院,4BF3,护理学,,,,,,460,6282,,,,,,460,6282,,,,,,,,,本科,,,,,
8092656,宁夏,本科批,历史,,X5F39B2,,新余学院,4154,电子商务,,,,,,477,4821,,,,,,477,4821,,,,,,,,,本科,,,,,
8092657,宁夏,本科批,历史,,X5F39B2,,新余学院,FB18,财务管理,,,,,,484,4295,,,,,,484,4295,,,,,,,,,本科,,,,,
8092658,宁夏,本科批,物理,,X5F39B2,,新余学院,371D,工程造价,,,,,,416,17483,,,,,,416,17483,,,,,,,,,本科,,,,,
8092659,宁夏,本科批,物理,,X5F39B2,,新余学院,4EA7,新能源材料与器件,,,,,,417,17270,,,,,,417,17270,,,,,,,,,本科,,,,,
8092660,宁夏,本科批,物理,,X5F39B2,,新余学院,3C38,软件工程,,,,,,418,17058,,,,,,418,17058,,,,,,,,,本科,,,,,
8092661,宁夏,本科批,物理,,X5F39B2,,新余学院,29F4,物联网工程,,,,,,419,16846,,,,,,419,16846,,,,,,,,,本科,,,,,
8092662,宁夏,本科批,物理,,X5F39B2,,新余学院,ECA4,通信工程,,,,,,421,16413,,,,,,421,16413,,,,,,,,,本科,,,,,
8092663,宁夏,本科批,物理,,X5F39B2,,新余学院,93E3,电子信息工程,,,,,,424,15793,,,,,,424,15793,,,,,,,,,本科,,,,,
8092803,宁夏,本科批,历史,,X320241,,邢台学院,5E19,会计学,,,,,,486,4147,,,,,,486,4147,,,,,,,,,本科,,,,,
8092804,宁夏,本科批,历史,,X320241,,邢台学院,D243,汉语言文学,,,,,,487,4059,,,,,,487,4059,,,,,,,,,本科,,,,,
8092805,宁夏,本科批,物理,,X320241,,邢台学院,04A0,工商管理,,,,,,411,18509,,,,,,411,18509,,,,,,,,,本科,,,,,
8092806,宁夏,本科批,物理,,X320241,,邢台学院,DCEF,小学教育,,,,,,413,18103,,,,,,413,18103,,,,,,,,,本科,,,,,
8093721,宁夏,本科批,物理,,XD23D2B,,河南城建学院,6E5A,园林,,,,,,406,19573,,,,,,406,19573,,,,,,,,,本科,,,,,
8093722,宁夏,本科批,物理,,XD23D2B,,河南城建学院,2B47,智能建造,,,,,,408,19137,,,,,,408,19137,,,,,,,,,本科,,,,,
8093723,宁夏,本科批,物理,,XD23D2B,,河南城建学院,7E23,环境工程,,,,,,408,19137,,,,,,408,19137,,,,,,,,,本科,,,,,
8093724,宁夏,本科批,物理,,XD23D2B,,河南城建学院,5B8B,高分子材料与工程,,,,,,410,18711,,,,,,410,18711,,,,,,,,,本科,,,,,
8095169,宁夏,本科批,历史,,X57E962,,九江学院,A5C9,建筑学,,,,,,469,5428,,,,,,469,5428,,,,,,,,,本科,,,,,
8095170,宁夏,本科批,历史,,X57E962,,九江学院,16DF,金融工程,,,,,,470,5350,,,,,,470,5350,,,,,,,,,本科,,,,,
8095171,宁夏,本科批,历史,,X57E962,,九江学院,04A0,工商管理,,,,,,472,5208,,,,,,472,5208,,,,,,,,,本科,,,,,
8095172,宁夏,本科批,历史,,X57E962,,九江学院,5D72,网络与新媒体,,,,,,474,5045,,,,,,474,5045,,,,,,,,,本科,,,,,
8095173,宁夏,本科批,物理,,X57E962,,九江学院,93E3,电子信息工程,,,,,,410,18711,,,,,,410,18711,,,,,,,,,本科,,,,,
8095174,宁夏,本科批,物理,,X57E962,,九江学院,B694,生物制药,,,,,,412,18298,,,,,,412,18298,,,,,,,,,本科,,,,,
8095175,宁夏,本科批,物理,,X57E962,,九江学院,74E7,教育技术学,,,,,,413,18103,,,,,,413,18103,,,,,,,,,本科,,,,,
8095176,宁夏,本科批,物理,,X57E962,,九江学院,B5AE,化学,,,,,,415,17693,,,,,,415,17693,,,,,,,,,本科,,,,,
8095177,宁夏,本科批,物理,,X57E962,,九江学院,7E23,环境工程,,,,,,416,17483,,,,,,416,17483,,,,,,,,,本科,,,,,
8095178,宁夏,本科批,物理,,X57E962,,九江学院,5E19,会计学,,,,,,417,17270,,,,,,417,17270,,,,,,,,,本科,,,,,
8095638,宁夏,本科批,历史,,XC690AD,,吕梁学院,4873,历史学,,,,,,480,4593,,,,,,480,4593,,,,,,,,,本科,,,,,
8095639,宁夏,本科批,历史,,XC690AD,,吕梁学院,108F,学前教育,,,,,,481,4503,,,,,,481,4503,,,,,,,,,本科,,,,,
8095640,宁夏,本科批,历史,,XC690AD,,吕梁学院,4145,英语,,,,,,481,4503,,,,,,481,4503,,,,,,,,,本科,,,,,
8095641,宁夏,本科批,历史,,XC690AD,,吕梁学院,5E19,会计学,,,,,,483,4360,,,,,,483,4360,,,,,,,,,本科,,,,,
8095642,宁夏,本科批,历史,,XC690AD,,吕梁学院,D243,汉语言文学,,,,,,486,4147,,,,,,486,4147,,,,,,,,,本科,,,,,
8095643,宁夏,本科批,物理,,XC690AD,,吕梁学院,5E49,食品科学与工程,,,,,,410,18711,,,,,,410,18711,,,,,,,,,本科,,,,,
8095644,宁夏,本科批,物理,,XC690AD,,吕梁学院,7D22,材料化学,,,,,,410,18711,,,,,,410,18711,,,,,,,,,本科,,,,,
8095645,宁夏,本科批,物理,,XC690AD,,吕梁学院,E9A7,环境科学与工程,,,,,,410,18711,,,,,,410,18711,,,,,,,,,本科,,,,,
8095646,宁夏,本科批,物理,,XC690AD,,吕梁学院,40CE,制药工程,,,,,,411,18509,,,,,,411,18509,,,,,,,,,本科,,,,,
8095647,宁夏,本科批,物理,,XC690AD,,吕梁学院,6F56,工程管理,,,,,,411,18509,,,,,,411,18509,,,,,,,,,本科,,,,,
8095648,宁夏,本科批,物理,,XC690AD,,吕梁学院,8336,食品营养与健康,,,,,,412,18298,,,,,,412,18298,,,,,,,,,本科,,,,,
8095649,宁夏,本科批,物理,,XC690AD,,吕梁学院,CA67,采矿工程,,,,,,412,18298,,,,,,412,18298,,,,,,,,,本科,,,,,
8095650,宁夏,本科批,物理,,XC690AD,,吕梁学院,802A,物理学,,,,,,413,18103,,,,,,413,18103,,,,,,,,,本科,,,,,
8095651,宁夏,本科批,物理,,XC690AD,,吕梁学院,8EA2,机械电子工程,,,,,,414,17904,,,,,,414,17904,,,,,,,,,本科,,,,,
8095652,宁夏,本科批,物理,,XC690AD,,吕梁学院,D6ED,化学工程与工艺,,,,,,414,17904,,,,,,414,17904,,,,,,,,,本科,,,,,
8095653,宁夏,本科批,物理,,XC690AD,,吕梁学院,93E3,电子信息工程,,,,,,415,17693,,,,,,415,17693,,,,,,,,,本科,,,,,
8095654,宁夏,本科批,物理,,XC690AD,,吕梁学院,25FE,数学与应用数学,,,,,,415,17693,,,,,,415,17693,,,,,,,,,本科,,,,,
8095655,宁夏,本科批,物理,,XC690AD,,吕梁学院,108F,学前教育,,,,,,415,17693,,,,,,415,17693,,,,,,,,,本科,,,,,
8095656,宁夏,本科批,物理,,XC690AD,,吕梁学院,5E19,会计学,,,,,,416,17483,,,,,,416,17483,,,,,,,,,本科,,,,,
8095657,宁夏,本科批,物理,,XC690AD,,吕梁学院,4145,英语,,,,,,417,17270,,,,,,417,17270,,,,,,,,,本科,,,,,
8095658,宁夏,本科批,物理,,XC690AD,,吕梁学院,B9A5,计算机科学与技术,,,,,,417,17270,,,,,,417,17270,,,,,,,,,本科,,,,,
8095882,宁夏,本科批,历史,,X9D41DD,,萍乡学院,108F,学前教育,,,,,,462,6083,,,,,,462,6083,,,,,,,,,本科,,,,,
8095883,宁夏,本科批,物理,,X9D41DD,,萍乡学院,4154,电子商务,,,,,,401,20625,,,,,,401,20625,,,,,,,,,本科,,,,,
8096312,宁夏,本科提前批,历史,,XDF4F70,,四川文理学院,009F,体育教育,,,,,,428,9266,,,,,,428,9266,,,,,,,,,本科,,,,,
8096313,宁夏,本科批,历史,,XDF4F70,,四川文理学院,BDF1,物业管理,,,,,,474,4975,,,,,,474,4975,,,,,,,,,本科,,,,,
8096314,宁夏,本科批,历史,,XDF4F70,,四川文理学院,108F,学前教育,,,,,,475,4903,,,,,,475,4903,,,,,,,,,本科,,,,,
8096315,宁夏,本科批,历史,,XDF4F70,,四川文理学院,CB22,城乡规划,,,,,,476,4821,,,,,,476,4821,,,,,,,,,本科,,,,,
8096316,宁夏,本科批,历史,,XDF4F70,,四川文理学院,1D15,特殊教育,,,,,,476,4821,,,,,,476,4821,,,,,,,,,本科,,,,,
8096317,宁夏,本科批,物理,,XDF4F70,,四川文理学院,371D,工程造价,,,,,,411,18298,,,,,,411,18298,,,,,,,,,本科,,,,,
8096318,宁夏,本科批,物理,,XDF4F70,,四川文理学院,802A,物理学,,,,,,411,18298,,,,,,411,18298,,,,,,,,,本科,,,,,
8096319,宁夏,本科批,物理,,XDF4F70,,四川文理学院,40CE,制药工程,,,,,,414,17693,,,,,,414,17693,,,,,,,,,本科,,,,,
8097179,宁夏,专科批,历史,,XEFAD18,,张家口学院,97D0,临床医学,,,,,,438,8387,,,,,,438,8387,,,,,,,,,专科,,,,,
8097180,宁夏,专科批,历史,,XEFAD18,,张家口学院,5DA6,口腔医学,,,,,,450,7222,,,,,,450,7222,,,,,,,,,专科,,,,,
8097181,宁夏,本科批,历史,,XEFAD18,,张家口学院,4145,英语,,,,,,487,4059,,,,,,487,4059,,,,,,,,,本科,,,,,
8097182,宁夏,本科批,历史,,XEFAD18,,张家口学院,51C8,思想政治教育,,,,,,488,3998,,,,,,488,3998,,,,,,,,,本科,,,,,
8097183,宁夏,本科批,历史,,XEFAD18,,张家口学院,D243,汉语言文学,,,,,,493,3637,,,,,,493,3637,,,,,,,,,本科,,,,,
8097184,宁夏,专科批,物理,,XEFAD18,,张家口学院,97D0,临床医学,,,,,,364,28578,,,,,,364,28578,,,,,,,,,专科,,,,,
8097185,宁夏,专科批,物理,,XEFAD18,,张家口学院,5DA6,口腔医学,,,,,,392,22559,,,,,,392,22559,,,,,,,,,专科,,,,,
8097186,宁夏,本科批,物理,,XEFAD18,,张家口学院,41CF,数字媒体技术,,,,,,418,17058,,,,,,418,17058,,,,,,,,,本科,,,,,
8097187,宁夏,本科批,物理,,XEFAD18,,张家口学院,6995,网络工程,,,,,,418,17058,,,,,,418,17058,,,,,,,,,本科,,,,,
8097188,宁夏,本科批,物理,,XEFAD18,,张家口学院,2DDF,医学影像技术,,,,,,421,16413,,,,,,421,16413,,,,,,,,,本科,,,,,
8097321,宁夏,本科批,物理,,XF24647,,鄂尔多斯应用技术学院,D06C,机械工程,,,,,,415,17693,,,,,,415,17693,,,,,,,,,本科,,,,,
8097322,宁夏,本科批,物理,,XF24647,,鄂尔多斯应用技术学院,7932,电子信息科学与技术,,,,,,416,17483,,,,,,416,17483,,,,,,,,,本科,,,,,
8097752,宁夏,本科批,历史,,X4C67E6,,福建商学院,F78B,旅游管理与服务教育,,,,,,469,5428,,,,,,469,5428,,,,,,,,,本科,,,,,
8097753,宁夏,本科批,历史,,X4C67E6,,福建商学院,C19A,人力资源管理,,,,,,470,5350,,,,,,470,5350,,,,,,,,,本科,,,,,
8097754,宁夏,本科批,历史,,X4C67E6,,福建商学院,FBFE,物流管理,,,,,,473,5131,,,,,,473,5131,,,,,,,,,本科,,,,,
8097755,宁夏,本科批,历史,,X4C67E6,,福建商学院,7FA1,供应链管理,,,,,,473,5131,,,,,,473,5131,,,,,,,,,本科,,,,,
8097756,宁夏,本科批,历史,,X4C67E6,,福建商学院,04A0,工商管理,,,,,,473,5131,,,,,,473,5131,,,,,,,,,本科,,,,,
8097757,宁夏,本科批,历史,,X4C67E6,,福建商学院,8B36,翻译,,,,,,474,5045,,,,,,474,5045,,,,,,,,,本科,,,,,
8097758,宁夏,本科批,历史,,X4C67E6,,福建商学院,4852,应用心理学,,,,,,475,4975,,,,,,475,4975,,,,,,,,,本科,,,,,
8097759,宁夏,本科批,历史,,X4C67E6,,福建商学院,09EE,市场营销,,,,,,477,4821,,,,,,477,4821,,,,,,,,,本科,,,,,
8097760,宁夏,本科批,历史,,X4C67E6,,福建商学院,5D72,网络与新媒体,,,,,,478,4752,,,,,,478,4752,,,,,,,,,本科,,,,,
8097761,宁夏,本科批,历史,,X4C67E6,,福建商学院,7901,零售业管理,,,,,,479,4671,,,,,,479,4671,,,,,,,,,本科,,,,,
8097762,宁夏,本科批,物理,,X4C67E6,,福建商学院,FBFE,物流管理,,,,,,372,26920,,,,,,372,26920,,,,,,,,,本科,,,,,
8097763,宁夏,本科批,物理,,X4C67E6,,福建商学院,04A0,工商管理,,,,,,374,26464,,,,,,374,26464,,,,,,,,,本科,,,,,
8097764,宁夏,本科批,物理,,X4C67E6,,福建商学院,9D85,酒店管理,,,,,,375,26239,,,,,,375,26239,,,,,,,,,本科,,,,,
8097765,宁夏,本科批,物理,,X4C67E6,,福建商学院,7FA1,供应链管理,,,,,,377,25800,,,,,,377,25800,,,,,,,,,本科,,,,,
8097766,宁夏,本科批,物理,,X4C67E6,,福建商学院,F78B,旅游管理与服务教育,,,,,,381,24947,,,,,,381,24947,,,,,,,,,本科,,,,,
8097767,宁夏,本科批,物理,,X4C67E6,,福建商学院,29F4,物联网工程,,,,,,385,24080,,,,,,385,24080,,,,,,,,,本科,,,,,
8097768,宁夏,本科批,物理,,X4C67E6,,福建商学院,03B1,智能科学与技术,,,,,,390,22976,,,,,,390,22976,,,,,,,,,本科,,,,,
8097769,宁夏,本科批,物理,,X4C67E6,,福建商学院,C19A,人力资源管理,,,,,,391,22772,,,,,,391,22772,,,,,,,,,本科,,,,,
8097770,宁夏,本科批,物理,,X4C67E6,,福建商学院,0943,烹饪与营养教育,,,,,,391,22772,,,,,,391,22772,,,,,,,,,本科,,,,,
8097771,宁夏,本科批,物理,,X4C67E6,,福建商学院,8B36,翻译,,,,,,393,22342,,,,,,393,22342,,,,,,,,,本科,,,,,
8097772,宁夏,本科批,物理,,X4C67E6,,福建商学院,4718,数据科学与大数据技术,,,,,,399,21026,,,,,,399,21026,,,,,,,,,本科,,,,,
8097773,宁夏,本科批,物理,,X4C67E6,,福建商学院,09EE,市场营销,,,,,,405,19783,,,,,,405,19783,,,,,,,,,本科,,,,,
8097774,宁夏,本科批,物理,,X4C67E6,,福建商学院,16DF,金融工程,,,,,,406,19573,,,,,,406,19573,,,,,,,,,本科,,,,,
8097775,宁夏,本科批,物理,,X4C67E6,,福建商学院,ECA4,通信工程,,,,,,409,18935,,,,,,409,18935,,,,,,,,,本科,,,,,
8097776,宁夏,本科批,物理,,X4C67E6,,福建商学院,28AD,经济统计学,,,,,,411,18509,,,,,,411,18509,,,,,,,,,本科,,,,,
8097777,宁夏,本科批,物理,,X4C67E6,,福建商学院,7901,零售业管理,,,,,,412,18298,,,,,,412,18298,,,,,,,,,本科,,,,,
8097778,宁夏,本科批,物理,,X4C67E6,,福建商学院,4852,应用心理学,,,,,,413,18103,,,,,,413,18103,,,,,,,,,本科,,,,,
8097779,宁夏,本科批,物理,,X4C67E6,,福建商学院,5D72,网络与新媒体,,,,,,419,16846,,,,,,419,16846,,,,,,,,,本科,,,,,
8098150,宁夏,本科批,历史,,XEE6823,,河南财政金融学院,108F,学前教育,,,,,,481,4503,,,,,,481,4503,,,,,,,,,本科,,,,,
8098151,宁夏,本科批,历史,,XEE6823,,河南财政金融学院,C19A,人力资源管理,,,,,,482,4429,,,,,,482,4429,,,,,,,,,本科,,,,,
8098152,宁夏,本科批,历史,,XEE6823,,河南财政金融学院,7A86,信用风险管理与法律防控,,,,,,483,4360,,,,,,483,4360,,,,,,,,,本科,,,,,
8098153,宁夏,本科批,历史,,XEE6823,,河南财政金融学院,0FBC,金融学,,,,,,483,4360,,,,,,483,4360,,,,,,,,,本科,,,,,
8098154,宁夏,本科批,历史,,XEE6823,,河南财政金融学院,21BA,财政学,,,,,,484,4295,,,,,,484,4295,,,,,,,,,本科,,,,,
8098155,宁夏,本科批,历史,,XEE6823,,河南财政金融学院,1D5E,税收学,,,,,,485,4225,,,,,,485,4225,,,,,,,,,本科,,,,,
8098156,宁夏,本科批,历史,,XEE6823,,河南财政金融学院,D243,汉语言文学,,,,,,485,4225,,,,,,485,4225,,,,,,,,,本科,,,,,
8098157,宁夏,本科批,历史,,XEE6823,,河南财政金融学院,978C,审计学,,,,,,487,4059,,,,,,487,4059,,,,,,,,,本科,,,,,
8098158,宁夏,本科批,历史,,XEE6823,,河南财政金融学院,5E19,会计学,,,,,,490,3859,,,,,,490,3859,,,,,,,,,本科,,,,,
8098159,宁夏,本科批,物理,,XEE6823,,河南财政金融学院,371D,工程造价,,,,,,408,19137,,,,,,408,19137,,,,,,,,,本科,,,,,
8098160,宁夏,本科批,物理,,XEE6823,,河南财政金融学院,4718,数据科学与大数据技术,,,,,,414,17904,,,,,,414,17904,,,,,,,,,本科,,,,,
8098161,宁夏,本科批,物理,,XEE6823,,河南财政金融学院,25FE,数学与应用数学,,,,,,416,17483,,,,,,416,17483,,,,,,,,,本科,,,,,
8098162,宁夏,本科批,物理,,XEE6823,,河南财政金融学院,B9A5,计算机科学与技术,,,,,,419,16846,,,,,,419,16846,,,,,,,,,本科,,,,,
8100207,宁夏,本科批,历史,,X99048E,,郑州工程技术学院,CA0F,旅游管理,,,,,,432,8942,,,,,,432,8942,,,,,,,,,本科,,,,,
8100208,宁夏,本科批,历史,,X99048E,,郑州工程技术学院,3739,广告学,,,,,,435,8661,,,,,,435,8661,,,,,,,,,本科,,,,,
8100209,宁夏,本科批,历史,,X99048E,,郑州工程技术学院,1D15,特殊教育,,,,,,454,6837,,,,,,454,6837,,,,,,,,,本科,,,,,
8100210,宁夏,本科批,物理,,X99048E,,郑州工程技术学院,52FD,应用化学,,,,,,377,25800,,,,,,377,25800,,,,,,,,,本科,,,,,
8100211,宁夏,本科批,物理,,X99048E,,郑州工程技术学院,1D15,特殊教育,,,,,,383,24514,,,,,,383,24514,,,,,,,,,本科,,,,,
8100212,宁夏,本科批,物理,,X99048E,,郑州工程技术学院,2B47,智能建造,,,,,,388,23423,,,,,,388,23423,,,,,,,,,本科,,,,,
8100478,宁夏,本科批,物理,,XD4568E,,上海健康医学院,2DDF,医学影像技术,,,,,,467,8565,,,,,,467,8565,,,,,,,,,本科,,,,,
8100479,宁夏,本科批,物理,,XD4568E,,上海健康医学院,97D0,临床医学,,,,,,478,7235,,,,,,478,7235,,,,,,,,,本科,,,,,
8100827,宁夏,本科批,历史,,X17FA8E,,亳州学院,5D72,网络与新媒体,,,,,,470,5350,,,,,,470,5350,,,,,,,,,本科,,,,,
8100828,宁夏,本科批,历史,,X17FA8E,,亳州学院,108F,学前教育,,,,,,475,4975,,,,,,475,4975,,,,,,,,,本科,,,,,
8100829,宁夏,本科批,物理,,X17FA8E,,亳州学院,4154,电子商务,,,,,,407,19365,,,,,,407,19365,,,,,,,,,本科,,,,,
8100830,宁夏,本科批,物理,,X17FA8E,,亳州学院,108F,学前教育,,,,,,408,19137,,,,,,408,19137,,,,,,,,,本科,,,,,
8100831,宁夏,本科批,物理,,X17FA8E,,亳州学院,0D0C,酿酒工程,,,,,,409,18935,,,,,,409,18935,,,,,,,,,本科,,,,,
8100832,宁夏,本科批,物理,,X17FA8E,,亳州学院,4C2A,中药学,,,,,,413,18103,,,,,,413,18103,,,,,,,,,本科,,,,,
8101063,宁夏,本科批,历史,,X4C8207,,河北环境工程学院,09EE,市场营销,,,,,,468,5522,,,,,,468,5522,,,,,,,,,本科,,,,,
8101064,宁夏,本科批,历史,,X4C8207,,河北环境工程学院,A7E8,会展经济与管理,,,,,,470,5350,,,,,,470,5350,,,,,,,,,本科,,,,,
8101065,宁夏,本科批,历史,,X4C8207,,河北环境工程学院,F78B,旅游管理与服务教育,,,,,,471,5275,,,,,,471,5275,,,,,,,,,本科,,,,,
8101066,宁夏,本科批,物理,,X4C8207,,河北环境工程学院,6E5A,园林,,,,,,409,18935,,,,,,409,18935,,,,,,,,,本科,,,,,
8101067,宁夏,本科批,物理,,X4C8207,,河北环境工程学院,735F,环保设备工程,,,,,,409,18935,,,,,,409,18935,,,,,,,,,本科,,,,,
8101068,宁夏,本科批,物理,,X4C8207,,河北环境工程学院,6F56,工程管理,,,,,,409,18935,,,,,,409,18935,,,,,,,,,本科,,,,,
8101069,宁夏,本科批,物理,,X4C8207,,河北环境工程学院,371D,工程造价,,,,,,409,18935,,,,,,409,18935,,,,,,,,,本科,,,,,
8101070,宁夏,本科批,物理,,X4C8207,,河北环境工程学院,53B9,食品质量与安全,,,,,,410,18711,,,,,,410,18711,,,,,,,,,本科,,,,,
8101071,宁夏,本科批,物理,,X4C8207,,河北环境工程学院,3C38,软件工程,,,,,,411,18509,,,,,,411,18509,,,,,,,,,本科,,,,,
8101072,宁夏,本科批,物理,,X4C8207,,河北环境工程学院,E9A7,环境科学与工程,,,,,,411,18509,,,,,,411,18509,,,,,,,,,本科,,,,,
8101073,宁夏,本科批,物理,,X4C8207,,河北环境工程学院,7E23,环境工程,,,,,,411,18509,,,,,,411,18509,,,,,,,,,本科,,,,,
8101074,宁夏,本科批,物理,,X4C8207,,河北环境工程学院,8189,环境生态工程,,,,,,411,18509,,,,,,411,18509,,,,,,,,,本科,,,,,
8101075,宁夏,本科批,物理,,X4C8207,,河北环境工程学院,4718,数据科学与大数据技术,,,,,,412,18298,,,,,,412,18298,,,,,,,,,本科,,,,,
8101076,宁夏,本科批,物理,,X4C8207,,河北环境工程学院,5FC4,环境科学,,,,,,413,18103,,,,,,413,18103,,,,,,,,,本科,,,,,
8101208,宁夏,本科批,物理,,XF19F95,,河南工学院,1049,商务英语,,,,,,408,19137,,,,,,408,19137,,,,,,,,,本科,,,,,
8101209,宁夏,本科批,物理,,XF19F95,,河南工学院,7E23,环境工程,,,,,,409,18935,,,,,,409,18935,,,,,,,,,本科,,,,,
8101210,宁夏,本科批,物理,,XF19F95,,河南工学院,78FF,机械设计制造及其自动化,,,,,,413,18103,,,,,,413,18103,,,,,,,,,本科,,,,,
8102214,宁夏,本科批,历史,,X37C24B,,无锡学院,25DE,国际经济与贸易,,,,,,481,4503,,,,,,481,4503,,,,,,,,,本科,,,,,
8102215,宁夏,本科批,物理,,X37C24B,,无锡学院,BB8A,应急管理,,,,,,425,15604,,,,,,425,15604,,,,,,,,,本科,,,,,
8102216,宁夏,本科批,物理,,X37C24B,,无锡学院,52FD,应用化学,,,,,,428,15065,,,,,,428,15065,,,,,,,,,本科,,,,,
8102217,宁夏,本科批,物理,,X37C24B,,无锡学院,E9A7,环境科学与工程,,,,,,428,15065,,,,,,428,15065,,,,,,,,,本科,,,,,
8102218,宁夏,本科批,物理,,X37C24B,,无锡学院,16DF,金融工程,,,,,,429,14886,,,,,,429,14886,,,,,,,,,本科,,,,,
8102219,宁夏,本科批,物理,,X37C24B,,无锡学院,C734,电子科学与技术,,,,,,430,14690,,,,,,430,14690,,,,,,,,,本科,,,,,
8102220,宁夏,本科批,物理,,X37C24B,,无锡学院,4226,大气科学,,,,,,430,14690,,,,,,430,14690,,,,,,,,,本科,,,,,
8102221,宁夏,本科批,物理,,X37C24B,,无锡学院,93E3,电子信息工程,,,,,,431,14482,,,,,,431,14482,,,,,,,,,本科,,,,,
8102833,宁夏,本科批,历史,,X54598F,,新疆科技学院,1D5E,税收学,,,,,,459,6378,,,,,,459,6378,,,,,,,,,本科,,,,,
8102834,宁夏,本科批,历史,,X54598F,,新疆科技学院,C19A,人力资源管理,,,,,,466,5708,,,,,,466,5708,,,,,,,,,本科,,,,,
8102835,宁夏,本科批,历史,,X54598F,,新疆科技学院,09EE,市场营销,,,,,,470,5350,,,,,,470,5350,,,,,,,,,本科,,,,,
8102836,宁夏,本科批,物理,,X54598F,,新疆科技学院,0FBC,金融学,,,,,,412,18298,,,,,,412,18298,,,,,,,,,本科,,,,,
8102837,宁夏,本科批,物理,,X54598F,,新疆科技学院,FB18,财务管理,,,,,,413,18103,,,,,,413,18103,,,,,,,,,本科,,,,,
8102838,宁夏,本科批,物理,,X54598F,,新疆科技学院,25DE,国际经济与贸易,,,,,,413,18103,,,,,,413,18103,,,,,,,,,本科,,,,,
8102839,宁夏,本科批,物理,,X54598F,,新疆科技学院,5E19,会计学,,,,,,416,17483,,,,,,416,17483,,,,,,,,,本科,,,,,
8103460,宁夏,本科批,物理,,XD1A0A6,,新疆理工学院,004B,医学信息工程,,,,,,409,18935,,,,,,409,18935,,,,,,,,,本科,,,,,
8103461,宁夏,本科批,物理,,XD1A0A6,,新疆理工学院,D681,信息管理与信息系统,,,,,,410,18711,,,,,,410,18711,,,,,,,,,本科,,,,,
8103462,宁夏,本科批,物理,,XD1A0A6,,新疆理工学院,4A2C,物流工程,,,,,,411,18509,,,,,,411,18509,,,,,,,,,本科,,,,,
8103463,宁夏,本科批,物理,,XD1A0A6,,新疆理工学院,6AE6,食品营养与检验教育,,,,,,413,18103,,,,,,413,18103,,,,,,,,,本科,,,,,
8103464,宁夏,本科批,物理,,XD1A0A6,,新疆理工学院,B9A5,计算机科学与技术,,,,,,417,17270,,,,,,417,17270,,,,,,,,,本科,,,,,
8104378,宁夏,本科批,历史,,XB127AC,,赣东学院,25DE,国际经济与贸易,,,,,,475,4975,,,,,,475,4975,,,,,,,,,本科,,,,,
8104379,宁夏,本科批,历史,,XB127AC,,赣东学院,927B,法学,,,,,,480,4593,,,,,,480,4593,,,,,,,,,本科,,,,,
8104380,宁夏,本科批,物理,,XB127AC,,赣东学院,A2E0,测绘工程,,,,,,410,18711,,,,,,410,18711,,,,,,,,,本科,,,,,
8104381,宁夏,本科批,物理,,XB127AC,,赣东学院,6F56,工程管理,,,,,,411,18509,,,,,,411,18509,,,,,,,,,本科,,,,,
8104382,宁夏,本科批,物理,,XB127AC,,赣东学院,A86C,遥感科学与技术,,,,,,412,18298,,,,,,412,18298,,,,,,,,,本科,,,,,
8104383,宁夏,本科批,物理,,XB127AC,,赣东学院,B9A5,计算机科学与技术,,,,,,413,18103,,,,,,413,18103,,,,,,,,,本科,,,,,
8104822,宁夏,本科批,历史,,X909072,,赣南科技学院,4154,电子商务,,,,,,473,5131,,,,,,473,5131,,,,,,,,,本科,,,,,
8104823,宁夏,本科批,历史,,X909072,,赣南科技学院,04A0,工商管理,,,,,,475,4975,,,,,,475,4975,,,,,,,,,本科,,,,,
8104824,宁夏,本科批,物理,,X909072,,赣南科技学院,8EA2,机械电子工程,,,,,,411,18509,,,,,,411,18509,,,,,,,,,本科,,,,,
8104825,宁夏,本科批,物理,,X909072,,赣南科技学院,CA67,采矿工程,,,,,,411,18509,,,,,,411,18509,,,,,,,,,本科,,,,,
8104826,宁夏,本科批,物理,,X909072,,赣南科技学院,8684,智能制造工程,,,,,,414,17904,,,,,,414,17904,,,,,,,,,本科,,,,,
8104827,宁夏,本科批,物理,,X909072,,赣南科技学院,4EA7,新能源材料与器件,,,,,,416,17483,,,,,,416,17483,,,,,,,,,本科,,,,,
8105013,宁夏,本科批,物理,,XFBAD33,,河北水利电力学院,4D44,给排水科学与工程,,,,,,412,18298,,,,,,412,18298,,,,,,,,,本科,,,,,
8105014,宁夏,本科批,物理,,XFBAD33,,河北水利电力学院,4ECE,土木工程,,,,,,414,17904,,,,,,414,17904,,,,,,,,,本科,,,,,
8105015,宁夏,本科批,物理,,XFBAD33,,河北水利电力学院,EC95,勘查技术与工程,,,,,,415,17693,,,,,,415,17693,,,,,,,,,本科,,,,,
8105016,宁夏,本科批,物理,,XFBAD33,,河北水利电力学院,4BF2,农业水利工程,,,,,,416,17483,,,,,,416,17483,,,,,,,,,本科,,,,,
8106728,宁夏,本科批,物理,,X8EDAC4,,山西工学院,A5B7,电气工程及其自动化,,,,,,443,12278,,,,,,443,12278,,,,,,,,,本科,,,,,
8108269,宁夏,专科批,历史,,XE37AD9,,新疆和田学院,108F,学前教育,,,,,,355,17211,,,,,,355,17211,,,,,,,,,专科,,,,,
8108270,宁夏,专科批,历史,,XE37AD9,,新疆和田学院,674D,早期教育,,,,,,356,17105,,,,,,356,17105,,,,,,,,,专科,,,,,
8108271,宁夏,专科批,历史,,XE37AD9,,新疆和田学院,8796,现代文秘,,,,,,359,16787,,,,,,359,16787,,,,,,,,,专科,,,,,
8108272,宁夏,专科批,历史,,XE37AD9,,新疆和田学院,458A,小学英语教育,,,,,,360,16686,,,,,,360,16686,,,,,,,,,专科,,,,,
8108273,宁夏,专科批,历史,,XE37AD9,,新疆和田学院,CB04,法律事务,,,,,,365,16192,,,,,,365,16192,,,,,,,,,专科,,,,,
8108274,宁夏,专科批,历史,,XE37AD9,,新疆和田学院,411B,小学道德与法治教育,,,,,,370,15667,,,,,,370,15667,,,,,,,,,专科,,,,,
8108275,宁夏,专科批,历史,,XE37AD9,,新疆和田学院,965E,小学教育��综合文科教育）,,,,,,371,15564,,,,,,371,15564,,,,,,,,,专科,,,,,
8108276,宁夏,专科批,历史,,XE37AD9,,新疆和田学院,DBA1,小学语文教育,,,,,,372,15451,,,,,,372,15451,,,,,,,,,专科,,,,,
8108277,宁夏,本科批,历史,,XE37AD9,,新疆和田学院,108F,学前教育,,,,,,472,5208,,,,,,472,5208,,,,,,,,,本科,,,,,
8108278,宁夏,本科批,历史,,XE37AD9,,新疆和田学院,51C8,思想政治教育,,,,,,472,5208,,,,,,472,5208,,,,,,,,,本科,,,,,
8108279,宁夏,本科批,历史,,XE37AD9,,新疆和田学院,DCEF,小学教育,,,,,,478,4752,,,,,,478,4752,,,,,,,,,本科,,,,,
8108280,宁夏,本科批,历史,,XE37AD9,,新疆和田学院,AC90,行政管理,,,,,,486,4147,,,,,,486,4147,,,,,,,,,本科,,,,,
8108281,宁夏,专科批,物理,,XE37AD9,,新疆和田学院,0340,助产,,,,,,272,42565,,,,,,272,42565,,,,,,,,,专科,,,,,
8108282,宁夏,专科批,物理,,XE37AD9,,新疆和田学院,18B9,公共卫生管理,,,,,,272,42565,,,,,,272,42565,,,,,,,,,专科,,,,,
8108283,宁夏,专科批,物理,,XE37AD9,,新疆和田学院,F89D,康复治疗技术,,,,,,272,42565,,,,,,272,42565,,,,,,,,,专科,,,,,
8108284,宁夏,专科批,物理,,XE37AD9,,新疆和田学院,C609,统计与大数据分析,,,,,,273,42449,,,,,,273,42449,,,,,,,,,专科,,,,,
8108285,宁夏,专科批,物理,,XE37AD9,,新疆和田学院,7815,农产品加工与质量检测,,,,,,274,42331,,,,,,274,42331,,,,,,,,,专科,,,,,
8108286,宁夏,专科批,物理,,XE37AD9,,新疆和田学院,C166,大数据技术,,,,,,276,42114,,,,,,276,42114,,,,,,,,,专科,,,,,
8108287,宁夏,专科批,物理,,XE37AD9,,新疆和田学院,CA0F,旅游管理,,,,,,278,41896,,,,,,278,41896,,,,,,,,,专科,,,,,
8108288,宁夏,专科批,物理,,XE37AD9,,新疆和田学院,41FD,计算机网络技术,,,,,,279,41765,,,,,,279,41765,,,,,,,,,专科,,,,,
8108289,宁夏,专科批,物理,,XE37AD9,,新疆和田学院,2DDF,医学影像技术,,,,,,286,40959,,,,,,286,40959,,,,,,,,,专科,,,,,
8108290,宁夏,专科批,物理,,XE37AD9,,新疆和田学院,15CA,应用化工技术,,,,,,286,40959,,,,,,286,40959,,,,,,,,,专科,,,,,
8108291,宁夏,专科批,物理,,XE37AD9,,新疆和田学院,8121,护理,,,,,,288,40698,,,,,,288,40698,,,,,,,,,专科,,,,,
8108292,宁夏,专科批,物理,,XE37AD9,,新疆和田学院,BE91,医学检验技术,,,,,,292,40243,,,,,,292,40243,,,,,,,,,专科,,,,,
8108293,宁夏,专科批,物理,,XE37AD9,,新疆和田学院,7981,计算机应用技术,,,,,,292,40243,,,,,,292,40243,,,,,,,,,专科,,,,,
8108294,宁夏,专科批,物理,,XE37AD9,,新疆和田学院,76B6,现代教育技术,,,,,,293,40141,,,,,,293,40141,,,,,,,,,专科,,,,,
8108295,宁夏,专科批,物理,,XE37AD9,,新疆和田学院,1E3D,小学科学教育,,,,,,295,39886,,,,,,295,39886,,,,,,,,,专科,,,,,
8108296,宁夏,专科批,物理,,XE37AD9,,新疆和田学院,4C2A,中药学,,,,,,298,39508,,,,,,298,39508,,,,,,,,,专科,,,,,
8108297,宁夏,专科批,物理,,XE37AD9,,新疆和田学院,B303,维医学,,,,,,301,39090,,,,,,301,39090,,,,,,,,,专科,,,,,
8108298,宁夏,专科批,物理,,XE37AD9,,新疆和田学院,9AB8,维药学,,,,,,305,38612,,,,,,305,38612,,,,,,,,,专科,,,,,
8108299,宁夏,专科批,物理,,XE37AD9,,新疆和田学院,B005,小学教育（综合理科教育）,综合理科教育,,,,,312,37607,,,,,,312,37607,,,,,,,,,专科,,,,,
8108300,宁夏,专科批,物理,,XE37AD9,,新疆和田学院,FF11,小学数学教育,,,,,,314,37297,,,,,,314,37297,,,,,,,,,专科,,,,,
8108412,宁夏,专科批,历史,,XA84F43,,甘肃警察学院,F378,信息安全技术应用,,,,,,390,13464,,,,,,390,13464,,,,,,,,,专科,,,,,
8108413,宁夏,专科批,历史,,XA84F43,,甘肃警察学院,6C7A,司法警务,,,,,,403,12039,,,,,,403,12039,,,,,,,,,专科,,,,,
8108414,宁夏,专科批,物理,,XA84F43,,甘肃警察学院,F378,信息安全技术应用,,,,,,346,32042,,,,,,346,32042,,,,,,,,,专科,,,,,
8108415,宁夏,专科批,物理,,XA84F43,,甘肃警察学院,6C7A,司法警务,,,,,,353,30789,,,,,,353,30789,,,,,,,,,专科,,,,,
8108715,宁夏,专科批,历史,,X607D97,,陕西警察学院,E437,安全保卫管理,,,,,,410,11289,,,,,,410,11289,,,,,,,,,专科,,,,,
8108716,宁夏,专科批,历史,,X607D97,,陕西警察学院,CB04,法律事务,,,,,,411,11161,,,,,,411,11161,,,,,,,,,专科,,,,,
8108717,宁夏,专科批,历史,,X607D97,,陕西警察学院,D7D3,法律文秘,,,,,,413,10952,,,,,,413,10952,,,,,,,,,专科,,,,,
8108718,宁夏,专科批,历史,,X607D97,,陕西警察学院,6C7A,司法警务,,,,,,414,10845,,,,,,414,10845,,,,,,,,,专科,,,,,
8108719,宁夏,专科批,物理,,X607D97,,陕西警察学院,E437,安全保卫管理,,,,,,370,27310,,,,,,370,27310,,,,,,,,,专科,,,,,
8108720,宁夏,专科批,物理,,X607D97,,陕西警察学院,6C7A,司法警务,,,,,,370,27310,,,,,,370,27310,,,,,,,,,专科,,,,,
8108721,宁夏,专科批,物理,,X607D97,,陕西警察学院,D7D3,法律文秘,,,,,,379,25402,,,,,,379,25402,,,,,,,,,专科,,,,,
8108722,宁夏,专科批,物理,,X607D97,,陕西警察学院,CB04,法律事务,,,,,,380,25172,,,,,,380,25172,,,,,,,,,专科,,,,,
8108793,宁夏,专科批,历史,,X4C6A6B,,天津警察学院,CB04,法律事务,,,,,,385,14046,,,,,,385,14046,,,,,,,,,专科,,,,,
8108794,宁夏,专科批,物理,,X4C6A6B,,天津警察学院,E437,安全保卫管理,,,,,,319,36554,,,,,,319,36554,,,,,,,,,专科,,,,,
8109485,宁夏,本科批,历史,,X9FE683,,新疆政法学院,FB18,财务管理,,,,,,479,4671,,,,,,479,4671,,,,,,,,,本科,,,,,
8109486,宁夏,本科批,历史,,X9FE683,,新疆政法学院,25DE,国际经济与贸易,,,,,,479,4671,,,,,,479,4671,,,,,,,,,本科,,,,,
8109487,宁夏,本科批,历史,,X9FE683,,新疆政法学院,04A0,工商管理,,,,,,479,4671,,,,,,479,4671,,,,,,,,,本科,,,,,
8109488,宁夏,本科批,历史,,X9FE683,,新疆政法学院,217F,社区矫正,,,,,,479,4671,,,,,,479,4671,,,,,,,,,本科,,,,,
8109489,宁夏,本科批,历史,,X9FE683,,新疆政法学院,090D,公共事业管理,,,,,,479,4671,,,,,,479,4671,,,,,,,,,本科,,,,,
8109490,宁夏,本科批,历史,,X9FE683,,新疆政法学院,4873,历史学,,,,,,480,4593,,,,,,480,4593,,,,,,,,,本科,,,,,
8109491,宁夏,本科批,历史,,X9FE683,,新疆政法学院,15D1,监狱学,,,,,,480,4593,,,,,,480,4593,,,,,,,,,本科,,,,,
8109492,宁夏,本科批,历史,,X9FE683,,新疆政法学院,6AB9,经济学,,,,,,480,4593,,,,,,480,4593,,,,,,,,,本科,,,,,
8109493,宁夏,本科批,历史,,X9FE683,,新疆政法学院,4313,司法警察学,,,,,,480,4593,,,,,,480,4593,,,,,,,,,本科,,,,,
8109494,宁夏,本科批,历史,,X9FE683,,新疆政法学院,D0E1,政治学与行政学,,,,,,481,4503,,,,,,481,4503,,,,,,,,,本科,,,,,
8109495,宁夏,本科批,历史,,X9FE683,,新疆政法学院,D243,汉语言文学,,,,,,483,4360,,,,,,483,4360,,,,,,,,,本科,,,,,
8109496,宁夏,本科批,历史,,X9FE683,,新疆政法学院,927B,法学,,,,,,483,4360,,,,,,483,4360,,,,,,,,,本科,,,,,
8109497,宁夏,本科批,物理,,X9FE683,,新疆政法学院,FB18,财务管理,,,,,,410,18711,,,,,,410,18711,,,,,,,,,本科,,,,,
8109498,宁夏,本科批,物理,,X9FE683,,新疆政法学院,6AB9,经济学,,,,,,410,18711,,,,,,410,18711,,,,,,,,,本科,,,,,
8109499,宁夏,本科批,物理,,X9FE683,,新疆政法学院,25DE,国际经济与贸易,,,,,,410,18711,,,,,,410,18711,,,,,,,,,本科,,,,,
8109500,宁夏,本科批,物理,,X9FE683,,新疆政法学院,090D,公共事业管理,,,,,,411,18509,,,,,,411,18509,,,,,,,,,本科,,,,,
8109501,宁夏,本科批,物理,,X9FE683,,新疆政法学院,B9A5,计算机科学与技术,,,,,,411,18509,,,,,,411,18509,,,,,,,,,本科,,,,,
8109502,宁夏,本科批,物理,,X9FE683,,新疆政法学院,217F,社区矫正,,,,,,411,18509,,,,,,411,18509,,,,,,,,,本科,,,,,
8109503,宁夏,本科批,物理,,X9FE683,,新疆政法学院,04A0,工商管理,,,,,,412,18298,,,,,,412,18298,,,,,,,,,本科,,,,,
8109504,宁夏,本科批,物理,,X9FE683,,新疆政法学院,15D1,监狱学,,,,,,414,17904,,,,,,414,17904,,,,,,,,,本科,,,,,
8109505,宁夏,本科批,物理,,X9FE683,,新疆政法学院,927B,法学,,,,,,415,17693,,,,,,415,17693,,,,,,,,,本科,,,,,
8109506,宁夏,本科批,物理,,X9FE683,,新疆政法学院,4313,司法警察学,,,,,,415,17693,,,,,,415,17693,,,,,,,,,本科,,,,,
8109770,宁夏,本科批,历史,,X678FB8,,新疆艺术学院,6F0C,艺术管理,,,,,,465,5786,,,,,,465,5786,,,,,,,,,本科,,,,,
8109771,宁夏,本科批,历史,,X678FB8,,新疆艺术学院,2242,广播电视编导,,,,,,467,5617,,,,,,467,5617,,,,,,,,,本科,,,,,
8109772,宁夏,本科批,历史,,X678FB8,,新疆艺术学院,5A5A,戏剧影视文学,,,,,,468,5522,,,,,,468,5522,,,,,,,,,本科,,,,,
8109773,宁夏,本科批,物理,,X678FB8,,新疆艺术学院,6F0C,艺术管理,,,,,,404,19977,,,,,,404,19977,,,,,,,,,本科,,,,,
8109774,宁夏,本科批,物理,,X678FB8,,新疆艺术学院,2242,广播电视编导,,,,,,404,19977,,,,,,404,19977,,,,,,,,,本科,,,,,
8110309,宁夏,专科批,历史,,X02B47A,,抚州医药学院,A0B9,针灸推拿,,,,,,424,9779,,,,,,424,9779,,,,,,,,,专科,,,,,
8110310,宁夏,专科批,历史,,X02B47A,,抚州医药学院,03FE,中医学,,,,,,425,9688,,,,,,425,9688,,,,,,,,,专科,,,,,
8110494,宁夏,本科批,物理,,XF43F27,,甘肃医学院,BE91,医学检验技术,,,,,,428,15065,,,,,,428,15065,,,,,,,,,本科,,,,,
8110495,宁夏,本科批,物理,,XF43F27,,甘肃医学院,6246,针灸推拿学,,,,,,429,14886,,,,,,429,14886,,,,,,,,,本科,,,,,
8110496,宁夏,本科批,物理,,XF43F27,,甘肃医学院,CD64,儿科学,,,,,,430,14690,,,,,,430,14690,,,,,,,,,本科,,,,,
8110497,宁夏,本科批,物理,,XF43F27,,甘肃医学院,97D0,临床医学,,,,,,430,14690,,,,,,430,14690,,,,,,,,,本科,,,,,
8110498,宁夏,本科批,物理,,XF43F27,,甘肃医学院,A39E,预防医学,,,,,,430,14690,,,,,,430,14690,,,,,,,,,本科,,,,,
8110988,宁夏,本科批,历史,,XE127B4,,南昌医学院,6246,针灸推拿学,,,,,,499,3256,,,,,,499,3256,,,,,,,,,本科,,,,,
8110989,宁夏,本科批,历史,,XE127B4,,南昌医学院,03FE,中医学,,,,,,507,2792,,,,,,507,2792,,,,,,,,,本科,,,,,
8110990,宁夏,本科批,物理,,XE127B4,,南昌医学院,5ED3,中西医临床医学,,,,,,448,11446,,,,,,448,11446,,,,,,,,,本科,,,,,
8110991,宁夏,本科批,物理,,XE127B4,,南昌医学院,97D0,临床医学,,,,,,449,11257,,,,,,449,11257,,,,,,,,,本科,,,,,
8110992,宁夏,本科批,物理,,XE127B4,,南昌医学院,5DA6,口腔医学,,,,,,458,9834,,,,,,458,9834,,,,,,,,,本科,,,,,
8111677,宁夏,本科批,物理,,X570846,,新疆第二医学院,817D,康复治疗学,,,,,,416,17483,,,,,,416,17483,,,,,,,,,本科,,,,,
8111678,宁夏,本科批,物理,,X570846,,新疆第二医学院,D681,信息管理与信息系统,,,,,,423,15998,,,,,,423,15998,,,,,,,,,本科,,,,,
8111679,宁夏,本科批,物理,,X570846,,新疆第二医学院,A5C6,麻醉学,,,,,,424,15793,,,,,,424,15793,,,,,,,,,本科,,,,,
8111680,宁夏,本科批,物理,,X570846,,新疆第二医学院,97D0,临床医学,,,,,,424,15793,,,,,,424,15793,,,,,,,,,本科,,,,,
8111681,宁夏,本科批,物理,,X570846,,新疆第二医学院,A39E,预防医学,,,,,,424,15793,,,,,,424,15793,,,,,,,,,本科,,,,,
8111682,宁夏,本科批,物理,,X570846,,新疆第二医学院,5ED3,中西医临床医学,,,,,,430,14690,,,,,,430,14690,,,,,,,,,本科,,,,,
8111683,宁夏,本科批,物理,,X570846,,新疆第二医学院,5DA6,口腔医学,,,,,,430,14690,,,,,,430,14690,,,,,,,,,本科,,,,,
8111910,宁夏,专科批,历史,,X063E7A,,邢台医学院,10A0,药学,,,,,,427,9483,,,,,,427,9483,,,,,,,,,专科,,,,,
8111911,宁夏,专科批,历史,,X063E7A,,邢台医学院,97D0,临床医学,,,,,,427,9483,,,,,,427,9483,,,,,,,,,专科,,,,,
8111912,宁夏,专科批,历史,,X063E7A,,邢台医学院,03FE,中医学,,,,,,435,8661,,,,,,435,8661,,,,,,,,,专科,,,,,
8111913,宁夏,专科批,物理,,X063E7A,,邢台医学院,10A0,药学,,,,,,364,28578,,,,,,364,28578,,,,,,,,,专科,,,,,
8111914,宁夏,专科批,物理,,X063E7A,,邢台医学院,03FE,中医学,,,,,,368,27741,,,,,,368,27741,,,,,,,,,专科,,,,,
8111915,宁夏,专科批,物理,,X063E7A,,邢台医学院,97D0,临床医学,,,,,,370,27310,,,,,,370,27310,,,,,,,,,专科,,,,,
8112967,宁夏,本科批,历史,,X2194E3,,福建技术师范学院,E042,经济与金融,,,,,,484,4295,,,,,,484,4295,,,,,,,,,本科,,,,,
8112968,宁夏,本科批,历史,,X2194E3,,福建技术师范学院,51C8,思想政治教育,,,,,,486,4147,,,,,,486,4147,,,,,,,,,本科,,,,,
8112969,宁夏,本科批,历史,,X2194E3,,福建技术师范学院,D243,汉语言文学,,,,,,489,3940,,,,,,489,3940,,,,,,,,,本科,,,,,
8112970,宁夏,本科批,物理,,X2194E3,,福建技术师范学院,8336,食品营养与健康,,,,,,409,18935,,,,,,409,18935,,,,,,,,,本科,,,,,
8112971,宁夏,本科批,物理,,X2194E3,,福建技术师范学院,E2E1,生物工程,,,,,,410,18711,,,,,,410,18711,,,,,,,,,本科,,,,,
8112972,宁夏,本科批,物理,,X2194E3,,福建技术师范学院,A687,光电信息科学与工程,,,,,,411,18509,,,,,,411,18509,,,,,,,,,本科,,,,,
8112973,宁夏,本科批,物理,,X2194E3,,福建技术师范学院,93E3,电子信息工程,,,,,,411,18509,,,,,,411,18509,,,,,,,,,本科,,,,,
8112974,宁夏,本科批,物理,,X2194E3,,福建技术师范学院,5E49,食品科学与工程,,,,,,416,17483,,,,,,416,17483,,,,,,,,,本科,,,,,
8113929,宁夏,专科批,历史,,XAC6045,,汉江师范学院,108F,学前教育,,,,,,425,9688,,,,,,425,9688,,,,,,,,,专科,,,,,
8113930,宁夏,专科批,历史,,XAC6045,,汉江师范学院,DCEF,小学教育,,,,,,444,7785,,,,,,444,7785,,,,,,,,,专科,,,,,
8113998,宁夏,专科批,历史,,X118370,,拉萨师范学院,DBA1,小学语文教育,,,,,,366,16078,,,,,,366,16078,,,,,,,,,专科,,,,,
8113999,宁夏,专科批,物理,,X118370,,拉萨师范学院,41CF,数字媒体技术,,,,,,285,41075,,,,,,285,41075,,,,,,,,,专科,,,,,
8114000,宁夏,专科批,物理,,X118370,,拉萨师范学院,1E3D,小学科学教育,,,,,,296,39759,,,,,,296,39759,,,,,,,,,专科,,,,,
8114001,宁夏,专科批,物理,,X118370,,拉萨师范学院,FF11,小学数学教育,,,,,,309,38038,,,,,,309,38038,,,,,,,,,专科,,,,,
8114341,宁夏,专科批,历史,,X0EDDFA,,陇南师范学院,108F,学前教育,,,,,,444,7785,,,,,,444,7785,,,,,,,,,专科,,,,,
8114342,宁夏,专科批,历史,,X0EDDFA,,陇南师范学院,458A,小学英语教育,,,,,,445,7688,,,,,,445,7688,,,,,,,,,专科,,,,,
8114343,宁夏,专科批,历史,,X0EDDFA,,陇南师范学院,DBA1,小学语文教育,,,,,,445,7688,,,,,,445,7688,,,,,,,,,专科,,,,,
8114344,宁夏,专科批,历史,,X0EDDFA,,陇南师范学院,DCEF,小学教育,,,,,,450,7222,,,,,,450,7222,,,,,,,,,专科,,,,,
8114345,宁夏,本科批,历史,,X0EDDFA,,陇南师范学院,DCEF,小学教育,,,,,,476,4903,,,,,,476,4903,,,,,,,,,本科,,,,,
8114346,宁夏,本科批,历史,,X0EDDFA,,陇南师范学院,D243,汉语言文学,,,,,,478,4752,,,,,,478,4752,,,,,,,,,本科,,,,,
8114347,宁夏,专科批,物理,,X0EDDFA,,陇南师范学院,108F,学前教育,,,,,,372,26920,,,,,,372,26920,,,,,,,,,专科,,,,,
8114348,宁夏,专科批,物理,,X0EDDFA,,陇南师范学院,DCEF,小学教育,,,,,,373,26682,,,,,,373,26682,,,,,,,,,专科,,,,,
8114349,宁夏,专科批,物理,,X0EDDFA,,陇南师范学院,FF11,小学数学教育,,,,,,376,26031,,,,,,376,26031,,,,,,,,,专科,,,,,
8114350,宁夏,专科批,物理,,X0EDDFA,,陇南师范学院,458A,小学英语教育,,,,,,378,25599,,,,,,378,25599,,,,,,,,,专科,,,,,
8114351,宁夏,本科批,物理,,X0EDDFA,,陇南师范学院,436B,科学教育,,,,,,418,17058,,,,,,418,17058,,,,,,,,,本科,,,,,
8114352,宁夏,本科批,物理,,X0EDDFA,,陇南师范学院,25FE,数学与应用数学,,,,,,419,16846,,,,,,419,16846,,,,,,,,,本科,,,,,
8114353,宁夏,本科批,物理,,X0EDDFA,,陇南师范学院,DCEF,小学教育,,,,,,420,16610,,,,,,420,16610,,,,,,,,,本科,,,,,
8114765,宁夏,本科批,历史,,XE404DF,,南京特殊教育师范学院,108F,学前教育,,,,,,468,5522,,,,,,468,5522,,,,,,,,,本科,,,,,
8114766,宁夏,本科批,历史,,XE404DF,,南京特殊教育师范学院,090D,公共事业管理,,,,,,478,4752,,,,,,478,4752,,,,,,,,,本科,,,,,
8114767,宁夏,本科批,历史,,XE404DF,,南京特殊教育师范学院,1D15,特殊教育,,,,,,480,4593,,,,,,480,4593,,,,,,,,,本科,,,,,
8114768,宁夏,本科批,物理,,XE404DF,,南京特殊教育师范学院,817D,康复治疗学,,,,,,415,17693,,,,,,415,17693,,,,,,,,,本科,,,,,
8114769,宁夏,本科批,物理,,XE404DF,,南京特殊教育师范学院,108F,学前教育,,,,,,418,17058,,,,,,418,17058,,,,,,,,,本科,,,,,
8114770,宁夏,本科批,物理,,XE404DF,,南京特殊教育师范学院,1D15,特殊教育,,,,,,421,16413,,,,,,421,16413,,,,,,,,,本科,,,,,
8115172,宁夏,本科批,历史,,X2C52FA,,琼台师范学院,51C8,思想政治教育,,,,,,480,4593,,,,,,480,4593,,,,,,,,,本科,,,,,
8115173,宁夏,本科批,历史,,X2C52FA,,琼台师范学院,4145,英语,,,,,,480,4593,,,,,,480,4593,,,,,,,,,本科,,,,,
8115174,宁夏,本科批,历史,,X2C52FA,,琼台师范学院,D243,汉语言文学,,,,,,481,4503,,,,,,481,4503,,,,,,,,,本科,,,,,
8115175,宁夏,本科批,物理,,X2C52FA,,琼台师范学院,74E7,教育技术学,,,,,,371,27132,,,,,,371,27132,,,,,,,,,本科,,,,,
8115176,宁夏,本科批,物理,,X2C52FA,,琼台师范学院,4852,应用心理学,,,,,,372,26920,,,,,,372,26920,,,,,,,,,本科,,,,,
8115177,宁夏,本科批,物理,,X2C52FA,,琼台师范学院,436B,科学教育,,,,,,384,24299,,,,,,384,24299,,,,,,,,,本科,,,,,
8115178,宁夏,本科批,物理,,X2C52FA,,琼台师范学院,25FE,数学与应用数学,,,,,,386,23855,,,,,,386,23855,,,,,,,,,本科,,,,,
8115179,宁夏,本科批,物理,,X2C52FA,,琼台师范学院,4718,数据科学与大数据技术,,,,,,398,21279,,,,,,398,21279,,,,,,,,,本科,,,,,
8115180,宁夏,本科批,物理,,X2C52FA,,琼台师范学院,3C38,软件工程,,,,,,419,16846,,,,,,419,16846,,,,,,,,,本科,,,,,
8116286,宁夏,本科批,历史,,XB3856C,,厦门大学,9C84,社会学类,,,,,,509,2669,,,,,,509,2669,,,,,,,,,本科,,,,,
8116287,宁夏,本科批,历史,,XB3856C,,厦门大学,D9E9,外国语言文学类,,,,,,543,1216,,,,,,543,1216,,,,,,,,,本科,,,,,
8116288,宁夏,本科批,历史,,XB3856C,,厦门大学,46AC,公共管理类,,,,,,592,233,,,,,,592,233,,,,,,,,,本科,,,,,
8116289,宁夏,本科批,历史,,XB3856C,,厦门大学,028D,人文科学试验班,,,,,,596,196,,,,,,596,196,,,,,,,,,本科,,,,,
8116290,宁夏,本科批,历史,,XB3856C,,厦门大学,308C,法学类,,,,,,601,156,,,,,,601,156,,,,,,,,,本科,,,,,
8116291,宁夏,本科批,历史,,XB3856C,,厦门大学,C29F,经济学类,,,,,,604,131,,,,,,604,131,,,,,,,,,本科,,,,,
8116292,宁夏,本科批,物理,,XB3856C,,厦门大学,2F97,工科试验班（化工与材料类）,化工与材料类,,,,,562,1380,,,,,,562,1380,,,,,,,,,本科,,,,,
8116293,宁夏,本科批,物理,,XB3856C,,厦门大学,C29F,经济学类,,,,,,563,1342,,,,,,563,1342,,,,,,,,,本科,,,,,
8116294,宁夏,本科批,物理,,XB3856C,,厦门大学,4648,物理学类,,,,,,564,1304,,,,,,564,1304,,,,,,,,,本科,,,,,
8116295,宁夏,本科批,物理,,XB3856C,,厦门大学,8F5F,理科试验班（生命科学与药学类）,生命科学与药学类,,,,,566,1241,,,,,,566,1241,,,,,,,,,本科,,,,,
8116296,宁夏,本科批,物理,,XB3856C,,厦门大学,468E,工科试验班（航空航天）,航空航天,,,,,570,1126,,,,,,570,1126,,,,,,,,,本科,,,,,
8116297,宁夏,本科批,物理,,XB3856C,,厦门大学,82E6,计算机类,,,,,,574,986,,,,,,574,986,,,,,,,,,本科,,,,,
8116298,宁夏,本科批,物理,,XB3856C,,厦门大学,861C,电子信息类,,,,,,585,720,,,,,,585,720,,,,,,,,,本科,,,,,
8116299,宁夏,本科批,物理,,XB3856C,,厦门大学,475C,会计学（会计学、财务管理、审计学）,会计学、财务管理、审计学,,,,,586,701,,,,,,586,701,,,,,,,,,本科,,,,,
8116300,宁夏,本科批,物理,,XB3856C,,厦门大学,D146,能源动力类,,,,,,587,685,,,,,,587,685,,,,,,,,,本科,,,,,
8116301,宁夏,本科批,物理,,XB3856C,,厦门大学,5669,数学类,,,,,,601,432,,,,,,601,432,,,,,,,,,本科,,,,,
8117193,宁夏,本科批,历史,,XE4E682,,四川大学,73E7,国际政治,,,,,,589,267,,,,,,589,267,,,,,,,,,本科,,,,,
8117194,宁夏,本科批,历史,,XE4E682,,四川大学,6240,历史学类,,,,,,594,211,,,,,,594,211,,,,,,,,,本科,,,,,
8117195,宁夏,本科批,历史,,XE4E682,,四川大学,822B,人文科学试验班（中文与新闻传播）,中文与新闻传播,,,,,597,186,,,,,,597,186,,,,,,,,,本科,,,,,
8117196,宁夏,本科批,物理,,XE4E682,,四川大学,D40C,少数民族预科班,,,,,,534,2583,,,,,,534,2583,,,,,,,,,本科,,,,,
8117197,宁夏,本科批,物理,,XE4E682,,四川大学,5B8B,高分子材料与工程,,,,,,579,853,,,,,,579,853,,,,,,,,,本科,,,,,
8117198,宁夏,本科批,物理,,XE4E682,,四川大学,D2FD,航空航天类,,,,,,581,817,,,,,,581,817,,,,,,,,,本科,,,,,
8117199,宁夏,本科批,物理,,XE4E682,,四川大学,81DD,工科试验班（智能制造）,智能制造,,,,,582,796,,,,,,582,796,,,,,,,,,本科,,,,,
8117200,宁夏,本科批,物理,,XE4E682,,四川大学,BC06,口腔医学（五年制）,五年制,,,,,584,743,,,,,,584,743,,,,,,,,,本科,,,,,
8117201,宁夏,本科批,物理,,XE4E682,,四川大学,E6F8,计算机类（含双学士学位）,含双学士学位,,,,,586,701,,,,,,586,701,,,,,,,,,本科,,,,,
8117202,宁夏,本科批,物理,,XE4E682,,四川大学,85BF,电气类,,,,,,588,666,,,,,,588,666,,,,,,,,,本科,,,,,
8118105,宁夏,本科批,历史,,X1B0DD0,,武汉大学,62BF,大数据管理与应用,,,,,,605,127,,,,,,605,127,,,,,,,,,本科,,,,,
8118106,宁夏,本科批,历史,,X1B0DD0,,武汉大学,EF7C,工商管理类,,,,,,608,109,,,,,,608,109,,,,,,,,,本科,,,,,
8118107,宁夏,本科批,历史,,X1B0DD0,,武汉大学,9726,建筑类（含卓越工程师教育培养计划）,含卓越工程师教育培养计划,,,,,613,82,,,,,,613,82,,,,,,,,,本科,,,,,
8118108,宁夏,本科批,历史,,X1B0DD0,,武汉大学,35D7,文科试验班类（弘毅学堂）,弘毅学堂,,,,,614,74,,,,,,614,74,,,,,,,,,本科,,,,,
8118109,宁夏,本科批,历史,,X1B0DD0,,武汉大学,927B,法学,,,,,,621,52,,,,,,621,52,,,,,,,,,本科,,,,,
8118110,宁夏,本科批,物理,,X1B0DD0,,武汉大学,6A75,工科试验班（民族班）（土木类）,民族班; 土木类,,,,,507,,,,,,,507,,,,,,,,,,本科,,,,,
8118111,宁夏,本科批,物理,,X1B0DD0,,武汉大学,9726,建筑类（含卓越工程师教育培养计划）,含卓越工程师教育培养计划,,,,,511,4076,,,,,,511,4076,,,,,,,,,本科,,,,,
8118112,宁夏,本科批,物理,,X1B0DD0,,武汉大学,97D0,临床医学,,,,,,513,3942,,,,,,513,3942,,,,,,,,,本科,,,,,
8118113,宁夏,本科批,物理,,X1B0DD0,,武汉大学,AF13,测绘类（含卓越工程师教育培养计划）,含卓越工程师教育培养计划,,,,,520,3413,,,,,,520,3413,,,,,,,,,本科,,,,,
8118114,宁夏,本科批,物理,,X1B0DD0,,武汉大学,0E6B,管理科学,,,,,,538,2382,,,,,,538,2382,,,,,,,,,本科,,,,,
8118115,宁夏,本科批,物理,,X1B0DD0,,武汉大学,B3EC,理科试验班（空间信息与智慧城市）,空间信息与智慧城市,,,,,545,2051,,,,,,545,2051,,,,,,,,,本科,,,,,
8118116,宁夏,本科批,物理,,X1B0DD0,,武汉大学,F47D,理科试验班（民族班）（空间信息与智慧城市）,民族班; 空间信息与智慧城市,,,,,548,,,,,,,548,,,,,,,,,,本科,,,,,
8118117,宁夏,本科批,物理,,X1B0DD0,,武汉大学,8DE4,工科试验班（水利类）,水利类,,,,,562,1380,,,,,,562,1380,,,,,,,,,本科,,,,,
8118118,宁夏,本科批,物理,,X1B0DD0,,武汉大学,EA50,临床医学（民族班）,民族班,,,,,574,,,,,,,574,,,,,,,,,,本科,,,,,
8118119,宁夏,本科批,物理,,X1B0DD0,,武汉大学,A86C,遥感科学与技术,,,,,,574,986,,,,,,574,986,,,,,,,,,本科,,,,,
8118120,宁夏,本科批,物理,,X1B0DD0,,武汉大学,62BF,大数据管理与应用,,,,,,591,604,,,,,,591,604,,,,,,,,,本科,,,,,
8118121,宁夏,本科批,物理,,X1B0DD0,,武汉大学,8A23,计算机类（国家网络安全学院）,国家网络安全学院,,,,,594,552,,,,,,594,552,,,,,,,,,本科,,,,,
8118122,宁夏,本科批,物理,,X1B0DD0,,武汉大学,A4EA,临床医学（5+3一体化）,5+3一体化,,,,,595,535,,,,,,595,535,,,,,,,,,本科,,,,,
8118123,宁夏,本科批,物理,,X1B0DD0,,武汉大学,0703,计算机类（计算机学院）,计算机学院,,,,,600,449,,,,,,600,449,,,,,,,,,本科,,,,,
8118124,宁夏,本科批,物理,,X1B0DD0,,武汉大学,E79F,化学类（含化学国家拔尖学生培养基地）,含化学国家拔尖学生培养基地,,,,,602,418,,,,,,602,418,,,,,,,,,本科,,,,,
8118125,宁夏,本科批,物理,,X1B0DD0,,武汉大学,0B77,工科试验班（电气类）,电气类,,,,,606,367,,,,,,606,367,,,,,,,,,本科,,,,,
8118126,宁夏,本科批,物理,,X1B0DD0,,武汉大学,861C,电子信息类,,,,,,606,367,,,,,,606,367,,,,,,,,,本科,,,,,
8118127,宁夏,本科批,物理,,X1B0DD0,,武汉大学,5DA6,口腔医学,,,,,,612,304,,,,,,612,304,,,,,,,,,本科,,,,,
8118128,宁夏,本科批,物理,,X1B0DD0,,武汉大学,925A,理科试验班（弘毅学堂）,弘毅学堂,,,,,615,260,,,,,,615,260,,,,,,,,,本科,,,,,
8118129,宁夏,本科批,物理,,X1B0DD0,,武汉大学,2DCA,临床医学（八年医）,八年医,,,,,622,185,,,,,,622,185,,,,,,,,,本科,,,,,
8118983,宁夏,本科批,历史,,X0949A1,,中山大学,EC8F,哲学（珠海）（国家专项计划）,珠海; 国家专项计划,,,,,555,880,,,,,,555,880,,,,,,,,,本科,,,,,
8118984,宁夏,本科批,历史,,X0949A1,,中山大学,086E,旅游管理类（国家专项计划）,国家专项计划,,,,,591,242,,,,,,591,242,,,,,,,,,本科,,,,,
8118985,宁夏,本科批,历史,,X0949A1,,中山大学,EA9A,哲学（珠海）,珠海,,,,,598,180,,,,,,598,180,,,,,,,,,本科,,,,,
8118986,宁夏,本科批,历史,,X0949A1,,中山大学,3B35,图书情报与档案管理类,,,,,,598,180,,,,,,598,180,,,,,,,,,本科,,,,,
8118987,宁夏,本科批,历史,,X0949A1,,中山大学,CDA6,工商管理（深圳）,深圳,,,,,605,127,,,,,,605,127,,,,,,,,,本科,,,,,
8118988,宁夏,本科批,历史,,X0949A1,,中山大学,02E7,汉语言文学（珠海）,珠海,,,,,608,109,,,,,,608,109,,,,,,,,,本科,,,,,
8118989,宁夏,本科批,历史,,X0949A1,,中山大学,927B,法学,,,,,,612,87,,,,,,612,87,,,,,,,,,本科,,,,,
8118990,宁夏,本科批,物理,,X0949A1,,中山大学,7738,材料科学与工程（国家专项计划）,国家专项计划,,,,,519,3472,,,,,,519,3472,,,,,,,,,本科,,,,,
8118991,宁夏,本科批,物理,,X0949A1,,中山大学,849C,大气科学类（国家专项计划）,国家专项计划,,,,,532,2696,,,,,,532,2696,,,,,,,,,本科,,,,,
8118992,宁夏,本科批,物理,,X0949A1,,中山大学,F699,地质学类（民族班）,民族班,,,,,557,1563,,,,,,557,1563,,,,,,,,,本科,,,,,
8118993,宁夏,本科批,物理,,X0949A1,,中山大学,34D3,大气科学类（民族班）,民族班,,,,,562,1380,,,,,,562,1380,,,,,,,,,本科,,,,,
8118994,宁夏,本科批,物理,,X0949A1,,中山大学,7CBB,材料科学与工程（民族班）,民族班,,,,,564,1304,,,,,,564,1304,,,,,,,,,本科,,,,,
8118995,宁夏,本科批,物理,,X0949A1,,中山大学,F89C,生物技术,,,,,,570,1126,,,,,,570,1126,,,,,,,,,本科,,,,,
8118996,宁夏,本科批,物理,,X0949A1,,中山大学,ABA8,环境科学与工程类,,,,,,573,1019,,,,,,573,1019,,,,,,,,,本科,,,,,
8118997,宁夏,本科批,物理,,X0949A1,,中山大学,E118,地理科学类,,,,,,573,1019,,,,,,573,1019,,,,,,,,,本科,,,,,
8118998,宁夏,本科批,物理,,X0949A1,,中山大学,6954,化学类,,,,,,578,883,,,,,,578,883,,,,,,,,,本科,,,,,
8118999,宁夏,本科批,物理,,X0949A1,,中山大学,D583,网络空间安全,,,,,,581,817,,,,,,581,817,,,,,,,,,本科,,,,,
8119000,宁夏,本科批,物理,,X0949A1,,中山大学,5751,临床医学（深圳）,深圳,,,,,583,771,,,,,,583,771,,,,,,,,,本科,,,,,
8119001,宁夏,本科批,物理,,X0949A1,,中山大学,3990,计算机类（广州）,广州,,,,,583,771,,,,,,583,771,,,,,,,,,本科,,,,,
8119002,宁夏,本科批,物理,,X0949A1,,中山大学,3182,数学类（珠海）,珠海,,,,,584,743,,,,,,584,743,,,,,,,,,本科,,,,,
8119003,宁夏,本科批,物理,,X0949A1,,中山大学,861C,电子信息类,,,,,,585,720,,,,,,585,720,,,,,,,,,本科,,,,,
8119621,宁夏,本科批,历史,,X723E13,,南京大学,028D,人文科学试验班,,,,,,616,68,,,,,,616,68,,,,,,,,,本科,,,,,
8119622,宁夏,本科批,历史,,X723E13,,南京大学,6740,社会科学试验班,,,,,,616,68,,,,,,616,68,,,,,,,,,本科,,,,,
8119623,宁夏,本科批,历史,,X723E13,,南京大学,59C7,经济管理试验班（数智经济与管理）,数智经济与管理,,,,,616,68,,,,,,616,68,,,,,,,,,本科,,,,,
8119624,宁夏,本科批,历史,,X723E13,,南京大学,D243,汉语言文学,,,,,,618,59,,,,,,618,59,,,,,,,,,本科,,,,,
8119625,宁夏,本科批,物理,,X723E13,,南京大学,2ACE,理科试验班类（化学与生命科学类）,化学与生命科学类,,,,,635,104,,,,,,635,104,,,,,,,,,本科,,,,,
8119626,宁夏,本科批,物理,,X723E13,,南京大学,59C7,经济管理试验班（数智经济与管理）,数智经济与管理,,,,,636,104,,,,,,636,104,,,,,,,,,本科,,,,,
8119627,宁夏,本科批,物理,,X723E13,,南京大学,861C,电子信息类,,,,,,637,104,,,,,,637,104,,,,,,,,,本科,,,,,
8119628,宁夏,本科批,物理,,X723E13,,南京大学,3B68,理科试验班类（数理科学类）,数理科学类,,,,,637,104,,,,,,637,104,,,,,,,,,本科,,,,,
8119629,宁夏,本科批,物理,,X723E13,,南京大学,CAD7,技术科学试验班,,,,,,638,104,,,,,,638,104,,,,,,,,,本科,,,,,
8119630,宁夏,本科批,物理,,X723E13,,南京大学,D69D,软件工程（国家特色化软件学院实验班）,国家特色化软件学院实验班,,,,,638,104,,,,,,638,104,,,,,,,,,本科,,,,,
8119631,宁夏,本科批,物理,,X723E13,,南京大学,B9A5,计算机科学与技术,,,,,,641,104,,,,,,641,104,,,,,,,,,本科,,,,,
8120562,宁夏,本科批,历史,,XAED60F,,西南大学,3D15,市场营销（荣昌校区）,荣昌校区,,,,,498,3307,,,,,,498,3307,,,,,,,,,本科,,,,,
8120563,宁夏,本科批,历史,,XAED60F,,西南大学,B86D,物流管理（荣昌校区）,荣昌校区,,,,,510,2612,,,,,,510,2612,,,,,,,,,本科,,,,,
8120564,宁夏,本科批,历史,,XAED60F,,西南大学,D5EE,国际经济与贸易（荣昌校区）,荣昌校区,,,,,511,2553,,,,,,511,2553,,,,,,,,,本科,,,,,
8120565,宁夏,本科批,历史,,XAED60F,,西南大学,D40C,少数民族预科班,,,,,,529,1710,,,,,,529,1710,,,,,,,,,本科,,,,,
8120566,宁夏,本科批,历史,,XAED60F,,西南大学,487F,民族学,,,,,,541,1285,,,,,,541,1285,,,,,,,,,本科,,,,,
8120567,宁夏,本科批,历史,,XAED60F,,西南大学,C29F,经济学类,,,,,,551,974,,,,,,551,974,,,,,,,,,本科,,,,,
8120568,宁夏,本科批,物理,,XAED60F,,西南大学,D40C,少数民族预科班,,,,,,446,11823,,,,,,446,11823,,,,,,,,,本科,,,,,
8120569,宁夏,本科批,物理,,XAED60F,,西南大学,BD03,水产类（荣昌校区）,荣昌校区,,,,,474,7703,,,,,,474,7703,,,,,,,,,本科,,,,,
8120570,宁夏,本科批,物理,,XAED60F,,西南大学,383E,动物医学类（荣昌校区）,荣昌校区,,,,,482,6750,,,,,,482,6750,,,,,,,,,本科,,,,,
8120571,宁夏,本科批,物理,,XAED60F,,西南大学,BC2E,植物生产类,,,,,,508,4318,,,,,,508,4318,,,,,,,,,本科,,,,,
8120572,宁夏,本科批,物理,,XAED60F,,西南大学,D2D3,蚕学（双学士学位）,双学士学位,,,,,508,4318,,,,,,508,4318,,,,,,,,,本科,,,,,
8120573,宁夏,本科批,物理,,XAED60F,,西南大学,715C,自然保护与环境生态类,,,,,,509,4237,,,,,,509,4237,,,,,,,,,本科,,,,,
8120574,宁夏,本科批,物理,,XAED60F,,西南大学,4ECE,土木工程,,,,,,510,4145,,,,,,510,4145,,,,,,,,,本科,,,,,
8120575,宁夏,本科批,物理,,XAED60F,,西南大学,2426,材料类,,,,,,512,4013,,,,,,512,4013,,,,,,,,,本科,,,,,
8120576,宁夏,本科批,物理,,XAED60F,,西南大学,10A0,药学,,,,,,512,4013,,,,,,512,4013,,,,,,,,,本科,,,,,
8120577,宁夏,本科批,物理,,XAED60F,,西南大学,E9A7,环境科学与工程,,,,,,512,4013,,,,,,512,4013,,,,,,,,,本科,,,,,
8120578,宁夏,本科批,物理,,XAED60F,,西南大学,40CE,制药工程,,,,,,513,3942,,,,,,513,3942,,,,,,,,,本科,,,,,
8120579,宁夏,本科批,物理,,XAED60F,,西南大学,6954,化学类,,,,,,515,3775,,,,,,515,3775,,,,,,,,,本科,,,,,
8120580,宁夏,本科批,物理,,XAED60F,,西南大学,1F5A,生物育种科学,,,,,,518,3555,,,,,,518,3555,,,,,,,,,本科,,,,,
8120581,宁夏,本科批,物理,,XAED60F,,西南大学,F6E0,农业机械化及其自动化,,,,,,518,3555,,,,,,518,3555,,,,,,,,,本科,,,,,
8120582,宁夏,本科批,物理,,XAED60F,,西南大学,EF96,食品科学与工程类,,,,,,519,3472,,,,,,519,3472,,,,,,,,,本科,,,,,
8120583,宁夏,本科批,物理,,XAED60F,,西南大学,DFE1,生物科学（拔尖创新班）,拔尖创新班,,,,,521,3349,,,,,,521,3349,,,,,,,,,本科,,,,,
8120584,宁夏,本科批,物理,,XAED60F,,西南大学,03B1,智能科学与技术,,,,,,525,3106,,,,,,525,3106,,,,,,,,,本科,,,,,
8120585,宁夏,本科批,物理,,XAED60F,,西南大学,0541,生物科学,,,,,,526,3056,,,,,,526,3056,,,,,,,,,本科,,,,,
8121463,宁夏,本科批,历史,,XECF8C2,,中南大学,5364,少数民族预科班（工商管理）,工商管理,,,,,514,2392,,,,,,514,2392,,,,,,,,,本科,,,,,
8121464,宁夏,本科批,历史,,XECF8C2,,中南大学,D9E9,外国语言文学类,,,,,,588,274,,,,,,588,274,,,,,,,,,本科,,,,,
8121465,宁夏,本科批,历史,,XECF8C2,,中南大学,B1EC,中国语言文学类,,,,,,590,254,,,,,,590,254,,,,,,,,,本科,,,,,
8121466,宁夏,本科批,历史,,XECF8C2,,中南大学,2C41,金融学类（经济管理类）,经济管理类,,,,,590,254,,,,,,590,254,,,,,,,,,本科,,,,,
8121467,宁夏,本科批,历史,,XECF8C2,,中南大学,308C,法学类,,,,,,597,186,,,,,,597,186,,,,,,,,,本科,,,,,
8121468,宁夏,本科批,物理,,XECF8C2,,中南大学,C319,少数民族预科班（铁道工程）,铁道工程,,,,,489,5993,,,,,,489,5993,,,,,,,,,本科,,,,,
8121469,宁夏,本科批,物理,,XECF8C2,,中南大学,B1DE,建筑类（建筑城规类）,建筑城规类,,,,,537,2437,,,,,,537,2437,,,,,,,,,本科,,,,,
8121470,宁夏,本科批,物理,,XECF8C2,,中南大学,5E9A,测绘类（遥感测绘地信类）,遥感测绘地信类,,,,,559,1488,,,,,,559,1488,,,,,,,,,本科,,,,,
8121471,宁夏,本科批,物理,,XECF8C2,,中南大学,3731,材料类（冶金材料类）,冶金材料类,,,,,560,1459,,,,,,560,1459,,,,,,,,,本科,,,,,
8121472,宁夏,本科批,物理,,XECF8C2,,中南大学,B363,医学技术类（医学四年类）,医学四年类,,,,,560,1459,,,,,,560,1459,,,,,,,,,本科,,,,,
8121473,宁夏,本科批,物理,,XECF8C2,,中南大学,5E46,化工与制药类（化学生物环境类）,化学生物环境类,,,,,561,1417,,,,,,561,1417,,,,,,,,,本科,,,,,
8121474,宁夏,本科批,物理,,XECF8C2,,中南大学,CEF1,土木类（土木安全类）,土木安全类,,,,,562,1380,,,,,,562,1380,,,,,,,,,本科,,,,,
8121475,宁夏,本科批,物理,,XECF8C2,,中南大学,2293,公共卫生与预防医学类（非临床五年制医学类）,非临床五年制医学类,,,,,564,1304,,,,,,564,1304,,,,,,,,,本科,,,,,
8121476,宁夏,本科批,物理,,XECF8C2,,中南大学,2C41,金融学类（经济管理类）,经济管理类,,,,,565,1274,,,,,,565,1274,,,,,,,,,本科,,,,,
8121477,宁夏,本科批,物理,,XECF8C2,,中南大学,852C,交通运输类,,,,,,565,1274,,,,,,565,1274,,,,,,,,,本科,,,,,
8121478,宁夏,本科批,物理,,XECF8C2,,中南大学,3615,机械类,,,,,,569,1155,,,,,,569,1155,,,,,,,,,本科,,,,,
8121479,宁夏,本科批,物理,,XECF8C2,,中南大学,5669,数学类,,,,,,570,1126,,,,,,570,1126,,,,,,,,,本科,,,,,
8121480,宁夏,本科批,物理,,XECF8C2,,中南大学,9CCF,能源动力类（能源类）,能源类,,,,,570,1126,,,,,,570,1126,,,,,,,,,本科,,,,,
8121481,宁夏,本科批,物理,,XECF8C2,,中南大学,C702,自动化类（自动化与电气类）,自动化与电气类,,,,,573,1019,,,,,,573,1019,,,,,,,,,本科,,,,,
8121482,宁夏,本科批,物理,,XECF8C2,,中南大学,A687,光电信息科学与工程,,,,,,573,1019,,,,,,573,1019,,,,,,,,,本科,,,,,
8121483,宁夏,本科批,物理,,XECF8C2,,中南大学,3C38,软件工程,,,,,,573,1019,,,,,,573,1019,,,,,,,,,本科,,,,,
8121484,宁夏,本科批,物理,,XECF8C2,,中南大学,861C,电子信息类,,,,,,576,929,,,,,,576,929,,,,,,,,,本科,,,,,
8121485,宁夏,本科批,物理,,XECF8C2,,中南大学,FB3E,临床医学类（临床及口腔五年制医学类）,临床及口腔五年制医学类,,,,,582,796,,,,,,582,796,,,,,,,,,本科,,,,,
8121486,宁夏,本科批,物理,,XECF8C2,,中南大学,82E6,计算机类,,,,,,582,796,,,,,,582,796,,,,,,,,,本科,,,,,
8121487,宁夏,本科批,物理,,XECF8C2,,中南大学,44E9,口腔医学（5+3一体化）,5+3一体化,,,,,605,381,,,,,,605,381,,,,,,,,,本科,,,,,
8122282,宁夏,本科批,物理,,X449352,,电子科技大学,8E56,工科试验班（机器人、电气信息、智能制造）,机器人、电气信息、智能制造,,,,,583,771,,,,,,583,771,,,,,,,,,本科,,,,,
8122283,宁夏,本科批,物理,,X449352,,电子科技大学,82E6,计算机类,,,,,,589,641,,,,,,589,641,,,,,,,,,本科,,,,,
8122284,宁夏,本科批,物理,,X449352,,电子科技大学,5BC8,工科试验班（电子信息与地球科学复合培养）,电子信息与地球科学复合培养,,,,,594,552,,,,,,594,552,,,,,,,,,本科,,,,,
8122285,宁夏,本科批,物理,,X449352,,电子科技大学,82E6,计算机类,,,,,,594,552,,,,,,594,552,,,,,,,,,本科,,,,,
8122286,宁夏,本科批,物理,,X449352,,电子科技大学,7D27,电子信息类（智能仪器、智能控制）,智能仪器、智能控制,,,,,597,500,,,,,,597,500,,,,,,,,,本科,,,,,
8122287,宁夏,本科批,物理,,X449352,,电子科技大学,0ADA,工科试验班（电子工程类）,电子工程类,,,,,603,406,,,,,,603,406,,,,,,,,,本科,,,,,
8122288,宁夏,本科批,物理,,X449352,,电子科技大学,50DC,电子信息类（信息与通信）,信息与通信,,,,,604,394,,,,,,604,394,,,,,,,,,本科,,,,,
8122855,宁夏,本科批,历史,,XEDB1D5,,清华大学,308C,法学类,,,,,,639,52,,,,,,639,52,,,,,,,,,本科,,,,,
8122856,宁夏,本科批,历史,,XEDB1D5,,清华大学,A4E9,文科试验班类（经济、金融与管理）,经济、金融与管理,,,,,656,52,,,,,,656,52,,,,,,,,,本科,,,,,
8122857,宁夏,本科批,物理,,XEDB1D5,,清华大学,2771,工科试验班（为先书院）,为先书院,,,,,661,104,,,,,,661,104,,,,,,,,,本科,,,,,
8122858,宁夏,本科批,物理,,XEDB1D5,,清华大学,57FB,工科试验班（能源与电气类）,能源与电气类,,,,,663,104,,,,,,663,104,,,,,,,,,本科,,,,,
8122859,宁夏,本科批,物理,,XEDB1D5,,清华大学,F9F0,工科试验班（笃实书院）,笃实书院,,,,,664,104,,,,,,664,104,,,,,,,,,本科,,,,,
8122860,宁夏,本科批,物理,,XEDB1D5,,清华大学,3DC9,临床医学类（协和）,协和,,,,,664,104,,,,,,664,104,,,,,,,,,本科,,,,,
8122861,宁夏,本科批,物理,,XEDB1D5,,清华大学,0184,自动化类,,,,,,666,104,,,,,,666,104,,,,,,,,,本科,,,,,
8122862,宁夏,本科批,物理,,XEDB1D5,,清华大学,861C,电子信息类,,,,,,666,104,,,,,,666,104,,,,,,,,,本科,,,,,
8122863,宁夏,本科批,物理,,XEDB1D5,,清华大学,C493,土木类,,,,,,675,104,,,,,,675,104,,,,,,,,,本科,,,,,
8123812,宁夏,本科批,历史,,X4AF122,,山东大学,D40C,少数民族预科班,,,,,,511,2553,,,,,,511,2553,,,,,,,,,本科,,,,,
8123813,宁夏,本科批,历史,,X4AF122,,山东大学,EF7C,工商管理类,,,,,,559,785,,,,,,559,785,,,,,,,,,本科,,,,,
8123814,宁夏,本科批,历史,,X4AF122,,山东大学,6240,历史学类,,,,,,567,626,,,,,,567,626,,,,,,,,,本科,,,,,
8123815,宁夏,本科批,历史,,X4AF122,,山东大学,D9E9,外国语言文学类,,,,,,570,560,,,,,,570,560,,,,,,,,,本科,,,,,
8123816,宁夏,本科批,历史,,X4AF122,,山东大学,9301,新闻传播学类,,,,,,579,402,,,,,,579,402,,,,,,,,,本科,,,,,
8123817,宁夏,本科批,历史,,X4AF122,,山东大学,C29F,经济学类,,,,,,582,369,,,,,,582,369,,,,,,,,,本科,,,,,
8123818,宁夏,本科批,历史,,X4AF122,,山东大学,8F16,政治学类,,,,,,591,242,,,,,,591,242,,,,,,,,,本科,,,,,
8123819,宁夏,本科批,历史,,X4AF122,,山东大学,308C,法学类,,,,,,599,165,,,,,,599,165,,,,,,,,,本科,,,,,
8123820,宁夏,本科批,历史,,X4AF122,,山东大学,B1EC,中国语言文学类,,,,,,601,156,,,,,,601,156,,,,,,,,,本科,,,,,
8123821,宁夏,本科批,物理,,X4AF122,,山东大学,D40C,少数民族预科班,,,,,,506,4475,,,,,,506,4475,,,,,,,,,本科,,,,,
8123822,宁夏,本科批,物理,,X4AF122,,山东大学,C493,土木类,,,,,,559,1488,,,,,,559,1488,,,,,,,,,本科,,,,,
8123823,宁夏,本科批,物理,,X4AF122,,山东大学,2426,材料类,,,,,,560,1459,,,,,,560,1459,,,,,,,,,本科,,,,,
8123824,宁夏,本科批,物理,,X4AF122,,山东大学,ABA8,环境科学与工程类,,,,,,561,1417,,,,,,561,1417,,,,,,,,,本科,,,,,
8123825,宁夏,本科批,物理,,X4AF122,,山东大学,6954,化学类,,,,,,563,1342,,,,,,563,1342,,,,,,,,,本科,,,,,
8123826,宁夏,本科批,物理,,X4AF122,,山东大学,A39E,预防医学,,,,,,563,1342,,,,,,563,1342,,,,,,,,,本科,,,,,
8123827,宁夏,本科批,物理,,X4AF122,,山东大学,97D0,临床医学,,,,,,563,1342,,,,,,563,1342,,,,,,,,,本科,,,,,
8123828,宁夏,本科批,物理,,X4AF122,,山东大学,26C9,药学类,,,,,,564,1304,,,,,,564,1304,,,,,,,,,本科,,,,,
8123829,宁夏,本科批,物理,,X4AF122,,山东大学,3615,机械类,,,,,,564,1304,,,,,,564,1304,,,,,,,,,本科,,,,,
8123830,宁夏,本科批,物理,,X4AF122,,山东大学,D035,生物科学类,,,,,,565,1274,,,,,,565,1274,,,,,,,,,本科,,,,,
8123831,宁夏,本科批,物理,,X4AF122,,山东大学,D146,能源动力类,,,,,,566,1241,,,,,,566,1241,,,,,,,,,本科,,,,,
8123832,宁夏,本科批,物理,,X4AF122,,山东大学,0062,智能建造与智慧交通,,,,,,569,1155,,,,,,569,1155,,,,,,,,,本科,,,,,
8123833,宁夏,本科批,物理,,X4AF122,,山东大学,D583,网络空间安全,,,,,,569,1155,,,,,,569,1155,,,,,,,,,本科,,,,,
8123834,宁夏,本科批,物理,,X4AF122,,山东大学,4648,物理学类,,,,,,570,1126,,,,,,570,1126,,,,,,,,,本科,,,,,
8123835,宁夏,本科批,物理,,X4AF122,,山东大学,CD4F,电子信息类（微电子与电路集成方向）,微电子与电路集成方向,,,,,572,1056,,,,,,572,1056,,,,,,,,,本科,,,,,
8123836,宁夏,本科批,物理,,X4AF122,,山东大学,5669,数学类,,,,,,573,1019,,,,,,573,1019,,,,,,,,,本科,,,,,
8123837,宁夏,本科批,物理,,X4AF122,,山东大学,0184,自动化类,,,,,,574,986,,,,,,574,986,,,,,,,,,本科,,,,,
8123838,宁夏,本科批,物理,,X4AF122,,山东大学,B70C,计算机类（软件数媒与大数据方向）,软件数媒与大数据方向,,,,,577,907,,,,,,577,907,,,,,,,,,本科,,,,,
8123839,宁夏,本科批,物理,,X4AF122,,山东大学,B9A5,计算机科学与技术,,,,,,580,833,,,,,,580,833,,,,,,,,,本科,,,,,
8123840,宁夏,本科批,物理,,X4AF122,,山东大学,FCD3,电子信息类（通信电子与光电方向）,通信电子与光电方向,,,,,582,796,,,,,,582,796,,,,,,,,,本科,,,,,
8124731,宁夏,本科批,历史,,X30BCE2,,华中科技大学,3E25,国际商务,,,,,,577,437,,,,,,577,437,,,,,,,,,本科,,,,,
8124732,宁夏,本科批,历史,,X30BCE2,,华中科技大学,9301,新闻传播学类,,,,,,590,254,,,,,,590,254,,,,,,,,,本科,,,,,
8124733,宁夏,本科批,物理,,X30BCE2,,华中科技大学,27AC,管理科学与工程类（民族班）,民族班,,,,,567,,,,,,,567,,,,,,,,,,本科,,,,,
8124734,宁夏,本科批,物理,,X30BCE2,,华中科技大学,9357,土木类（民族班）,民族班,,,,,579,,,,,,,579,,,,,,,,,,本科,,,,,
8124735,宁夏,本科批,物理,,X30BCE2,,华中科技大学,4CEE,材料类（民族班）,民族班,,,,,583,,,,,,,583,,,,,,,,,,本科,,,,,
8124736,宁夏,本科批,物理,,X30BCE2,,华中科技大学,2426,材料类,,,,,,604,394,,,,,,604,394,,,,,,,,,本科,,,,,
8124737,宁夏,本科批,物理,,X30BCE2,,华中科技大学,D035,生物科学类,,,,,,604,394,,,,,,604,394,,,,,,,,,本科,,,,,
8124738,宁夏,本科批,物理,,X30BCE2,,华中科技大学,4648,物理学类,,,,,,604,394,,,,,,604,394,,,,,,,,,本科,,,,,
8124739,宁夏,本科批,物理,,X30BCE2,,华中科技大学,97D0,临床医学,,,,,,604,394,,,,,,604,394,,,,,,,,,本科,,,,,
8124740,宁夏,本科批,物理,,X30BCE2,,华中科技大学,3615,机械类,,,,,,605,381,,,,,,605,381,,,,,,,,,本科,,,,,
8124741,宁夏,本科批,物理,,X30BCE2,,华中科技大学,D146,能源动力类,,,,,,607,355,,,,,,607,355,,,,,,,,,本科,,,,,
8124742,宁夏,本科批,物理,,X30BCE2,,华中科技大学,0184,自动化类,,,,,,607,355,,,,,,607,355,,,,,,,,,本科,,,,,
8124743,宁夏,本科批,物理,,X30BCE2,,华中科技大学,D201,计算机类（网安学院）,网安学院,,,,,609,330,,,,,,609,330,,,,,,,,,本科,,,,,
8124744,宁夏,本科批,物理,,X30BCE2,,华中科技大学,0703,计算机类（计算机学院）,计算机学院,,,,,612,304,,,,,,612,304,,,,,,,,,本科,,,,,
8124745,宁夏,本科批,物理,,X30BCE2,,华中科技大学,A5B7,电气工程及其自动化,,,,,,614,272,,,,,,614,272,,,,,,,,,本科,,,,,
8124746,宁夏,本科批,物理,,X30BCE2,,华中科技大学,90F5,电子信息类（集成电路学院）,集成电路学院,,,,,616,243,,,,,,616,243,,,,,,,,,本科,,,,,
8124747,宁夏,本科批,物理,,X30BCE2,,华中科技大学,A687,光电信息科学与工程,,,,,,616,243,,,,,,616,243,,,,,,,,,本科,,,,,
8124748,宁夏,本科批,物理,,X30BCE2,,华中科技大学,A290,自动化类（创新实验班）,创新实验班,,,,,617,233,,,,,,617,233,,,,,,,,,本科,,,,,
8124749,宁夏,本科批,物理,,X30BCE2,,华中科技大学,36A8,电子信息工程（创新实验班）,创新实验班,,,,,620,205,,,,,,620,205,,,,,,,,,本科,,,,,
8124750,宁夏,本科批,物理,,X30BCE2,,华中科技大学,244F,机械设计制造及其自动化（未来技术实验班）,未来技术实验班,,,,,623,181,,,,,,623,181,,,,,,,,,本科,,,,,
8124751,宁夏,本科批,物理,,X30BCE2,,华中科技大学,3046,光电信息科学与工程（启明实验班）,启明实验班,,,,,624,174,,,,,,624,174,,,,,,,,,本科,,,,,
8124752,宁夏,本科批,物理,,X30BCE2,,华中科技大学,52F6,电气工程及其自动化（启明实验班）,启明实验班,,,,,626,158,,,,,,626,158,,,,,,,,,本科,,,,,
8125152,宁夏,本科批,历史,,X3DD3D3,,上海交通大学,F0A9,经济管理试验班（含双学士学位项目）,含双学士学位项目,,,,,626,52,,,,,,626,52,,,,,,,,,本科,,,,,
8125153,宁夏,本科批,物理,,X3DD3D3,,上海交通大学,978C,工科试验班类（信息类）,信息类,,,,,648,104,,,,,,648,104,,,,,,,,,本科,,,,,
8125154,宁夏,本科批,物理,,X3DD3D3,,上海交通大学,3069,机械类（钱学森工程科学试点班，含双学士学位项目）,钱学森工程科学试点班，含双学士学位项目,,,,,650,104,,,,,,650,104,,,,,,,,,本科,,,,,
8125155,宁夏,本科批,物理,,X3DD3D3,,上海交通大学,4FA0,人工智能（卓越人才试点班）,卓越人才试点班,,,,,651,104,,,,,,651,104,,,,,,,,,本科,,,,,
8125156,宁夏,本科批,物理,,X3DD3D3,,上海交通大学,92EA,电子信息类（IEEE试点班，含双学士学位项目）,IEEE试点班，含双学士学位项目,,,,,653,104,,,,,,653,104,,,,,,,,,本科,,,,,
8125599,宁夏,本科批,历史,,X5563B4,,北京大学,9301,新闻传播学类,,,,,,638,52,,,,,,638,52,,,,,,,,,本科,,,,,
8125600,宁夏,本科批,历史,,X5563B4,,北京大学,AA10,国际政治（国政、外交学、国际政经）,国政、外交学、国际政经,,,,,639,52,,,,,,639,52,,,,,,,,,本科,,,,,
8125601,宁夏,本科批,历史,,X5563B4,,北京大学,B1EC,中国语言文学类,,,,,,640,52,,,,,,640,52,,,,,,,,,本科,,,,,
8125602,宁夏,本科批,历史,,X5563B4,,北京大学,46AC,公共管理类,,,,,,645,52,,,,,,645,52,,,,,,,,,本科,,,,,
8125603,宁夏,本科批,历史,,X5563B4,,北京大学,C29F,经济学类,,,,,,649,52,,,,,,649,52,,,,,,,,,本科,,,,,
8125604,宁夏,本科批,历史,,X5563B4,,北京大学,83F9,文科试验班类（元培）,元培,,,,,658,52,,,,,,658,52,,,,,,,,,本科,,,,,
8125605,宁夏,本科批,历史,,X5563B4,,北京大学,EF7C,工商管理类,,,,,,662,52,,,,,,662,52,,,,,,,,,本科,,,,,
8125606,宁夏,本科批,物理,,X5563B4,,北京大学,861C,电子信息类,,,,,,659,104,,,,,,659,104,,,,,,,,,本科,,,,,
8125607,宁夏,本科批,物理,,X5563B4,,北京大学,D035,生物科学类,,,,,,660,104,,,,,,660,104,,,,,,,,,本科,,,,,
8125608,宁夏,本科批,物理,,X5563B4,,北京大学,4648,物理学类,,,,,,664,104,,,,,,664,104,,,,,,,,,本科,,,,,
8125609,宁夏,本科批,物理,,X5563B4,,北京大学,5669,数学类,,,,,,665,104,,,,,,665,104,,,,,,,,,本科,,,,,
8125610,宁夏,本科批,物理,,X5563B4,,北京大学,6954,化学类,,,,,,666,104,,,,,,666,104,,,,,,,,,本科,,,,,
8125611,宁夏,本科批,物理,,X5563B4,,北京大学,82E6,计算机类,,,,,,671,104,,,,,,671,104,,,,,,,,,本科,,,,,
8126556,宁夏,本科批,历史,,X4B039B,,苏州大学,95BF,教育学（师范）,师范,,,,,574,492,,,,,,574,492,,,,,,,,,本科,,,,,
8126557,宁夏,本科批,历史,,X4B039B,,苏州大学,BB6B,英语（师范）,师范,,,,,575,474,,,,,,575,474,,,,,,,,,本科,,,,,
8126558,宁夏,本科批,历史,,X4B039B,,苏州大学,B53C,汉语言文学（师范）,师范,,,,,576,449,,,,,,576,449,,,,,,,,,本科,,,,,
8126559,宁夏,本科批,历史,,X4B039B,,苏州大学,DF93,历史学（师范）,师范,,,,,577,437,,,,,,577,437,,,,,,,,,本科,,,,,
8126560,宁夏,本科批,历史,,X4B039B,,苏州大学,5D72,网络与新媒体,,,,,,578,423,,,,,,578,423,,,,,,,,,本科,,,,,
8126561,宁夏,本科批,历史,,X4B039B,,苏州大学,D243,汉语言文学,,,,,,578,423,,,,,,578,423,,,,,,,,,本科,,,,,
8126562,宁夏,本科批,历史,,X4B039B,,苏州大学,927B,法学,,,,,,579,402,,,,,,579,402,,,,,,,,,本科,,,,,
8126563,宁夏,本科批,历史,,X4B039B,,苏州大学,F9EA,思想政治教育（师范）,师范,,,,,586,303,,,,,,586,303,,,,,,,,,本科,,,,,
8126564,宁夏,本科批,物理,,X4B039B,,苏州大学,CB22,城乡规划,,,,,,545,2051,,,,,,545,2051,,,,,,,,,本科,,,,,
8126565,宁夏,本科批,物理,,X4B039B,,苏州大学,1C92,数字经济,,,,,,547,1979,,,,,,547,1979,,,,,,,,,本科,,,,,
8126566,宁夏,本科批,物理,,X4B039B,,苏州大学,B5AE,化学,,,,,,547,1979,,,,,,547,1979,,,,,,,,,本科,,,,,
8126567,宁夏,本科批,物理,,X4B039B,,苏州大学,25BA,集成电路设计与集成系统,,,,,,548,1924,,,,,,548,1924,,,,,,,,,本科,,,,,
8126568,宁夏,本科批,物理,,X4B039B,,苏州大学,D6ED,化学工程与工艺,,,,,,548,1924,,,,,,548,1924,,,,,,,,,本科,,,,,
8126569,宁夏,本科批,物理,,X4B039B,,苏州大学,2426,材料类,,,,,,549,1888,,,,,,549,1888,,,,,,,,,本科,,,,,
8126570,宁夏,本科批,物理,,X4B039B,,苏州大学,D06C,机械工程,,,,,,549,1888,,,,,,549,1888,,,,,,,,,本科,,,,,
8126571,宁夏,本科批,物理,,X4B039B,,苏州大学,3557,能源与动力工程,,,,,,549,1888,,,,,,549,1888,,,,,,,,,本科,,,,,
8126572,宁夏,本科批,物理,,X4B039B,,苏州大学,8684,智能制造工程,,,,,,549,1888,,,,,,549,1888,,,,,,,,,本科,,,,,
8126573,宁夏,本科批,物理,,X4B039B,,苏州大学,802A,物理学,,,,,,549,1888,,,,,,549,1888,,,,,,,,,本科,,,,,
8126574,宁夏,本科批,物理,,X4B039B,,苏州大学,F11A,机器人工程,,,,,,550,1838,,,,,,550,1838,,,,,,,,,本科,,,,,
8126575,宁夏,本科批,物理,,X4B039B,,苏州大学,4852,应用心理学,,,,,,551,1807,,,,,,551,1807,,,,,,,,,本科,,,,,
8126576,宁夏,本科批,物理,,X4B039B,,苏州大学,F89C,生物技术,,,,,,551,1807,,,,,,551,1807,,,,,,,,,本科,,,,,
8126577,宁夏,本科批,物理,,X4B039B,,苏州大学,F18B,电气工程与智能控制,,,,,,552,1766,,,,,,552,1766,,,,,,,,,本科,,,,,
8126578,宁夏,本科批,物理,,X4B039B,,苏州大学,C734,电子科学与技术,,,,,,553,1726,,,,,,553,1726,,,,,,,,,本科,,,,,
8126579,宁夏,本科批,物理,,X4B039B,,苏州大学,93E3,电子信息工程,,,,,,553,1726,,,,,,553,1726,,,,,,,,,本科,,,,,
8126580,宁夏,本科批,物理,,X4B039B,,苏州大学,ECA4,通信工程,,,,,,553,1726,,,,,,553,1726,,,,,,,,,本科,,,,,
8126581,宁夏,本科批,物理,,X4B039B,,苏州大学,F068,人工智能,,,,,,554,1684,,,,,,554,1684,,,,,,,,,本科,,,,,
8126582,宁夏,本科批,物理,,X4B039B,,苏州大学,548C,信息与计算科学,,,,,,556,1611,,,,,,556,1611,,,,,,,,,本科,,,,,
8126583,宁夏,本科批,物理,,X4B039B,,苏州大学,82C5,放射医学,,,,,,556,1611,,,,,,556,1611,,,,,,,,,本科,,,,,
8127247,宁夏,本科批,历史,,X19375A,,重庆大学,13D3,外国语言文学类（国家专项计划）（英语、德语、日语）,国家专项计划; 英语、德语、日语,,,,,515,2358,,,,,,515,2358,,,,,,,,,本科,,,,,
8127248,宁夏,本科批,历史,,X19375A,,重庆大学,A0BA,人文科学试验班（法学新闻类）（法学、新闻学、广播电视学）,法学新闻类; 法学、新闻学、广播电视学,,,,,582,369,,,,,,582,369,,,,,,,,,本科,,,,,
8127249,宁夏,本科批,物理,,X19375A,,重庆大学,414F,建筑类（国家专项计划）（建筑学、城乡规划、风景园林）,国家专项计划; 建筑学、城乡规划、风景园林,,,,,443,12278,,,,,,443,12278,,,,,,,,,本科,,,,,
8127250,宁夏,本科批,物理,,X19375A,,重庆大学,5721,理科试验班（数学物理类）（数学与应用数学、物理学、信息与计算科学、应用物理学、统计学）,数学物理类; 数学与应用数学、物理学、信息与计算科学、应用物理学、统计学,,,,,573,1019,,,,,,573,1019,,,,,,,,,本科,,,,,
8127251,宁夏,本科批,物理,,X19375A,,重庆大学,E481,工科试验班（工程能源类）（机械设计制造及其自动化、能源与动力工程、航空航天工程、车辆工程、新能源科学与工程、工程力学、土木工程、材料科学与工程、建筑环境与能源应用工程、核工程与核技术、材料成型及控制工程、机械电子工程、工业工程）,工程能源类; 机械设计制造及其自动化、能源与动力工程、航空航天工程、车辆工程、新能源科学与工程、工程力学、土木工程、材料科学与工程、建筑环境与能源应用工程、核工程与核技术、材料成型及控制工程、机械电子工程、工业工程,,,,,575,958,,,,,,575,958,,,,,,,,,本科,,,,,
8127252,宁夏,本科批,物理,,X19375A,,重庆大学,BA20,工科试验班（新工科类）（机器人工程、碳储科学与工程、储能科学与工程、智能感知工程、智能建造）,新工科类; 机器人工程、碳储科学与工程、储能科学与工程、智能感知工程、智能建造,,,,,577,907,,,,,,577,907,,,,,,,,,本科,,,,,
8127253,宁夏,本科批,物理,,X19375A,,重庆大学,5803,工科试验班（电气信息类）（电气工程及其自动化、通信工程、计算机科学与技术、软件工程、测控技术与仪器、自动化、人工智能、数据科学与大数据技术、集成电路设计与集成系统、信息安全、电子信息工程）,电气信息类; 电气工程及其自动化、通信工程、计算机科学与技术、软件工程、测控技术与仪器、自动化、人工智能、数据科学与大数据技术、集成电路设计与集成系统、信息安全、电子信息工程,,,,,582,796,,,,,,582,796,,,,,,,,,本科,,,,,
8127254,宁夏,本科批,物理,,X19375A,,重庆大学,E8EB,工科试验班（卓越工程师计划）（电气工程及其自动化等普通类四年制理工类专业）,卓越工程师计划; 电气工程及其自动化等普通类四年制理工类专业,,,,,590,621,,,,,,590,621,,,,,,,,,本科,,,,,
8128149,宁夏,本科批,物理,,X57341C,,华南理工大学,6C5F,工科试验班（智慧土木与数字建造）,智慧土木与数字建造,,,,,432,14269,,,,,,432,14269,,,,,,,,,本科,,,,,
8128150,宁夏,本科批,物理,,X57341C,,华南理工大学,2426,材料类,,,,,,433,14069,,,,,,433,14069,,,,,,,,,本科,,,,,
8128151,宁夏,本科批,物理,,X57341C,,华南理工大学,EF96,食品科学与工程类,,,,,,446,11823,,,,,,446,11823,,,,,,,,,本科,,,,,
8128152,宁夏,本科批,物理,,X57341C,,华南理工大学,8930,轻工类,,,,,,464,8960,,,,,,464,8960,,,,,,,,,本科,,,,,
8128153,宁夏,本科提前批,物理,,X57341C,,华南理工大学,3BC6,新闻传播学类（高校专项计划）,高校专项计划,,,,,483,6646,,,,,,483,6646,,,,,,,,,本科,,,,,
8128154,宁夏,本科提前批,物理,,X57341C,,华南理工大学,E4A8,生物科学类（国家专项计划）,国家专项计划,,,,,502,4806,,,,,,502,4806,,,,,,,,,本科,,,,,
8128155,宁夏,本科批,物理,,X57341C,,华南理工大学,3E4B,工科试验班（智能交通与运输）,智能交通与运输,,,,,503,4724,,,,,,503,4724,,,,,,,,,本科,,,,,
8128156,宁夏,本科提前批,物理,,X57341C,,华南理工大学,EE2F,环境科学与工程类（国家专项计划）,国家专项计划,,,,,504,4626,,,,,,504,4626,,,,,,,,,本科,,,,,
8128157,宁夏,本科提前批,物理,,X57341C,,华南理工大学,6120,大数据管理与应用（国家专项计划）,国家专项计划,,,,,516,3695,,,,,,516,3695,,,,,,,,,本科,,,,,
8128158,宁夏,本科提前批,物理,,X57341C,,华南理工大学,41B6,化工与制药类（国家专项计划）,国家专项计划,,,,,518,3555,,,,,,518,3555,,,,,,,,,本科,,,,,
8128159,宁夏,本科批,物理,,X57341C,,华南理工大学,ABA8,环境科学与工程类,,,,,,537,2437,,,,,,537,2437,,,,,,,,,本科,,,,,
8128160,宁夏,本科批,物理,,X57341C,,华南理工大学,C29F,经济学类,,,,,,543,2138,,,,,,543,2138,,,,,,,,,本科,,,,,
8128161,宁夏,本科批,物理,,X57341C,,华南理工大学,E7FB,化工与制药类,,,,,,561,1417,,,,,,561,1417,,,,,,,,,本科,,,,,
8128162,宁夏,本科批,物理,,X57341C,,华南理工大学,EF7C,工商管理类,,,,,,573,1019,,,,,,573,1019,,,,,,,,,本科,,,,,
8128163,宁夏,本科批,物理,,X57341C,,华南理工大学,0976,工科试验班（智能装备与先进制造）,智能装备与先进制造,,,,,576,929,,,,,,576,929,,,,,,,,,本科,,,,,
8128164,宁夏,本科批,物理,,X57341C,,华南理工大学,82E6,计算机类,,,,,,577,907,,,,,,577,907,,,,,,,,,本科,,,,,
8128165,宁夏,本科批,物理,,X57341C,,华南理工大学,0184,自动化类,,,,,,585,720,,,,,,585,720,,,,,,,,,本科,,,,,
8128166,宁夏,本科批,物理,,X57341C,,华南理工大学,85BF,电气类,,,,,,591,604,,,,,,591,604,,,,,,,,,本科,,,,,
8128167,宁夏,本科批,物理,,X57341C,,华南理工大学,4B2A,信息工程,,,,,,593,572,,,,,,593,572,,,,,,,,,本科,,,,,
8129035,宁夏,本科批,历史,,X7D745A,,郑州大学,4145,英语,,,,,,556,854,,,,,,556,854,,,,,,,,,本科,,,,,
8129036,宁夏,本科批,历史,,X7D745A,,郑州大学,6758,教育学,,,,,,557,829,,,,,,557,829,,,,,,,,,本科,,,,,
8129037,宁夏,本科批,历史,,X7D745A,,郑州大学,6240,历史学类,,,,,,558,807,,,,,,558,807,,,,,,,,,本科,,,,,
8129038,宁夏,本科批,历史,,X7D745A,,郑州大学,EF7C,工商管理类,,,,,,559,785,,,,,,559,785,,,,,,,,,本科,,,,,
8129039,宁夏,本科批,历史,,X7D745A,,郑州大学,B1EC,中国语言文学类,,,,,,565,663,,,,,,565,663,,,,,,,,,本科,,,,,
8129040,宁夏,本科批,历史,,X7D745A,,郑州大学,CC5B,马克思主义理论类,,,,,,567,626,,,,,,567,626,,,,,,,,,本科,,,,,
8129041,宁夏,本科批,物理,,X7D745A,,郑州大学,C493,土木类,,,,,,509,4237,,,,,,509,4237,,,,,,,,,本科,,,,,
8129042,宁夏,本科批,物理,,X7D745A,,郑州大学,BE91,医学检验技术,,,,,,509,4237,,,,,,509,4237,,,,,,,,,本科,,,,,
8129043,宁夏,本科批,物理,,X7D745A,,郑州大学,10A0,药学,,,,,,509,4237,,,,,,509,4237,,,,,,,,,本科,,,,,
8129044,宁夏,本科批,物理,,X7D745A,,郑州大学,A39E,预防医学,,,,,,509,4237,,,,,,509,4237,,,,,,,,,本科,,,,,
8129045,宁夏,本科批,物理,,X7D745A,,郑州大学,5BE4,力学类,,,,,,512,4013,,,,,,512,4013,,,,,,,,,本科,,,,,
8129046,宁夏,本科批,物理,,X7D745A,,郑州大学,225A,水利类,,,,,,514,3852,,,,,,514,3852,,,,,,,,,本科,,,,,
8129047,宁夏,本科批,物理,,X7D745A,,郑州大学,3615,机械类,,,,,,515,3775,,,,,,515,3775,,,,,,,,,本科,,,,,
8129048,宁夏,本科批,物理,,X7D745A,,郑州大学,D035,生物科学类,,,,,,521,3349,,,,,,521,3349,,,,,,,,,本科,,,,,
8129049,宁夏,本科批,物理,,X7D745A,,郑州大学,2426,材料类,,,,,,522,3293,,,,,,522,3293,,,,,,,,,本科,,,,,
8129050,宁夏,本科批,物理,,X7D745A,,郑州大学,E206,临床医学（第五临床学院）,第五临床学院,,,,,522,3293,,,,,,522,3293,,,,,,,,,本科,,,,,
8129051,宁夏,本科批,物理,,X7D745A,,郑州大学,0184,自动化类,,,,,,527,2979,,,,,,527,2979,,,,,,,,,本科,,,,,
8129936,宁夏,本科批,历史,,XAF64C5,,湖南大学,D40C,少数民族预科班,,,,,,530,1676,,,,,,530,1676,,,,,,,,,本科,,,,,
8129937,宁夏,本科批,历史,,XAF64C5,,湖南大学,5CC8,哲学,,,,,,569,583,,,,,,569,583,,,,,,,,,本科,,,,,
8129938,宁夏,本科批,历史,,XAF64C5,,湖南大学,8412,城市管理,,,,,,575,474,,,,,,575,474,,,,,,,,,本科,,,,,
8129939,宁夏,本科批,历史,,XAF64C5,,湖南大学,9301,新闻传播学类,,,,,,576,449,,,,,,576,449,,,,,,,,,本科,,,,,
8129940,宁夏,本科批,历史,,XAF64C5,,湖南大学,D243,汉语言文学,,,,,,580,389,,,,,,580,389,,,,,,,,,本科,,,,,
8129941,宁夏,本科批,历史,,XAF64C5,,湖南大学,4145,英语,,,,,,580,389,,,,,,580,389,,,,,,,,,本科,,,,,
8129942,宁夏,本科批,历史,,XAF64C5,,湖南大学,4873,历史学,,,,,,586,303,,,,,,586,303,,,,,,,,,本科,,,,,
8129943,宁夏,本科批,物理,,XAF64C5,,湖南大学,D40C,少数民族预科班,,,,,,492,5700,,,,,,492,5700,,,,,,,,,本科,,,,,
8129944,宁夏,本科批,物理,,XAF64C5,,湖南大学,927B,法学,,,,,,514,3852,,,,,,514,3852,,,,,,,,,本科,,,,,
8129945,宁夏,本科批,物理,,XAF64C5,,湖南大学,3477,应用物理学,,,,,,515,3775,,,,,,515,3775,,,,,,,,,本科,,,,,
8129946,宁夏,本科批,物理,,XAF64C5,,湖南大学,CB22,城乡规划,,,,,,517,3626,,,,,,517,3626,,,,,,,,,本科,,,,,
8129947,宁夏,本科批,物理,,XAF64C5,,湖南大学,FFE8,生物医学工程,,,,,,518,3555,,,,,,518,3555,,,,,,,,,本科,,,,,
8129948,宁夏,本科批,物理,,XAF64C5,,湖南大学,8684,智能制造工程,,,,,,522,3293,,,,,,522,3293,,,,,,,,,本科,,,,,
8129949,宁夏,本科批,物理,,XAF64C5,,湖南大学,6954,化学类,,,,,,522,3293,,,,,,522,3293,,,,,,,,,本科,,,,,
8129950,宁夏,本科批,物理,,XAF64C5,,湖南大学,0FBC,金融学,,,,,,523,3221,,,,,,523,3221,,,,,,,,,本科,,,,,
8129951,宁夏,本科批,物理,,XAF64C5,,湖南大学,C831,精算学,,,,,,524,3165,,,,,,524,3165,,,,,,,,,本科,,,,,
8129952,宁夏,本科批,物理,,XAF64C5,,湖南大学,D6ED,化学工程与工艺,,,,,,529,2869,,,,,,529,2869,,,,,,,,,本科,,,,,
8129953,宁夏,本科批,物理,,XAF64C5,,湖南大学,2B47,智能建造,,,,,,532,2696,,,,,,532,2696,,,,,,,,,本科,,,,,
8129954,宁夏,本科批,物理,,XAF64C5,,湖南大学,5669,数学类,,,,,,536,2489,,,,,,536,2489,,,,,,,,,本科,,,,,
8129955,宁夏,本科批,物理,,XAF64C5,,湖南大学,5722,材��科学与工程,,,,,,536,2489,,,,,,536,2489,,,,,,,,,本科,,,,,
8129956,宁夏,本科批,物理,,XAF64C5,,湖南大学,7049,工程力学（力学实验班）,力学实验班,,,,,544,2097,,,,,,544,2097,,,,,,,,,本科,,,,,
8129957,宁夏,本科批,物理,,XAF64C5,,湖南大学,1C92,数字经济,,,,,,549,1888,,,,,,549,1888,,,,,,,,,本科,,,,,
8129958,宁夏,本科批,物理,,XAF64C5,,湖南大学,B9A5,计算机科学与技术,,,,,,549,1888,,,,,,549,1888,,,,,,,,,本科,,,,,
8129959,宁夏,本科批,物理,,XAF64C5,,湖南大学,ABA8,环境科学与工程类,,,,,,552,1766,,,,,,552,1766,,,,,,,,,本科,,,,,
8129960,宁夏,本科批,物理,,XAF64C5,,湖南大学,3C38,软件工程,,,,,,553,1726,,,,,,553,1726,,,,,,,,,本科,,,,,
8129961,宁夏,本科批,物理,,XAF64C5,,湖南大学,F068,人工智能,,,,,,555,1652,,,,,,555,1652,,,,,,,,,本科,,,,,
8129962,宁夏,本科批,物理,,XAF64C5,,湖南大学,289B,微电子科学与工程,,,,,,558,1524,,,,,,558,1524,,,,,,,,,本科,,,,,
8130756,宁夏,本科批,历史,,X2D8094,,深圳大学,B53C,汉语言文学（师范）,师范,,,,,562,724,,,,,,562,724,,,,,,,,,本科,,,,,
8130757,宁夏,本科批,历史,,X2D8094,,深圳大学,04A0,工商管理,,,,,,563,703,,,,,,563,703,,,,,,,,,本科,,,,,
8130758,宁夏,本科批,历史,,X2D8094,,深圳大学,4C58,广告学（卓越班）,卓越班,,,,,568,610,,,,,,568,610,,,,,,,,,本科,,,,,
8130759,宁夏,本科批,物理,,X2D8094,,深圳大学,97D0,临床医学,,,,,,532,2696,,,,,,532,2696,,,,,,,,,本科,,,,,
8130760,宁夏,本科批,物理,,X2D8094,,深圳大学,25FE,数学与应用数学,,,,,,538,2382,,,,,,538,2382,,,,,,,,,本科,,,,,
8130761,宁夏,本科批,物理,,X2D8094,,深圳大学,A687,光电信息科学与工程,,,,,,538,2382,,,,,,538,2382,,,,,,,,,本科,,,,,
8130762,宁夏,本科批,物理,,X2D8094,,深圳大学,B9A5,计算机科学与技术,,,,,,539,2332,,,,,,539,2332,,,,,,,,,本科,,,,,
8130763,宁夏,本科批,物理,,X2D8094,,深圳大学,93E3,电子信息工程,,,,,,544,2097,,,,,,544,2097,,,,,,,,,本科,,,,,
8130764,宁夏,本科批,物理,,X2D8094,,深圳大学,BD59,金融科技,,,,,,550,1838,,,,,,550,1838,,,,,,,,,本科,,,,,
8131679,宁夏,本科批,历史,,X75B830,,西南交通大学,51C8,思想政治教育,,,,,,563,703,,,,,,563,703,,,,,,,,,本科,,,,,
8131680,宁夏,本科批,历史,,X75B830,,西南交通大学,D243,汉语言文学,,,,,,564,686,,,,,,564,686,,,,,,,,,本科,,,,,
8131681,宁夏,高校专项计划批次,物理,,X75B830,,西南交通大学,F4F5,土木工程（高校专项计划）,高校专项计划,,,,,450,11095,,,,,,450,11095,,,,,,,,,本科,,,,,
8131682,宁夏,本科批,物理,,X75B830,,西南交通大学,56F2,工商管理类（国家专项计划）,国家专项计划,,,,,463,9101,,,,,,463,9101,,,,,,,,,本科,,,,,
8131683,宁夏,本科批,物理,,X75B830,,西南交通大学,BECC,测绘类（国家专项计划）,国家专项计划,,,,,471,8067,,,,,,471,8067,,,,,,,,,本科,,,,,
8131684,宁夏,本科批,物理,,X75B830,,西南交通大学,A9F7,土木工程（国家专项计划）,国家专项计划,,,,,485,6416,,,,,,485,6416,,,,,,,,,本科,,,,,
8131685,宁夏,本科批,物理,,X75B830,,西南交通大学,1971,城市地下空间工程（国家专项计划）,国家专项计划,,,,,494,5525,,,,,,494,5525,,,,,,,,,本科,,,,,
8131686,宁夏,本科批,物理,,X75B830,,西南交通大学,BCD1,机械类（国家专项计划）,国家专项计划,,,,,502,4806,,,,,,502,4806,,,,,,,,,本科,,,,,
8131687,宁夏,本科批,物理,,X75B830,,西南交通大学,E2E1,生物工程,,,,,,522,3293,,,,,,522,3293,,,,,,,,,本科,,,,,
8131688,宁夏,本科批,物理,,X75B830,,西南交通大学,2426,材料类,,,,,,532,2696,,,,,,532,2696,,,,,,,,,本科,,,,,
8131689,宁夏,本科批,物理,,X75B830,,西南交通大学,0A76,消防工程,,,,,,533,2634,,,,,,533,2634,,,,,,,,,本科,,,,,
8131690,宁夏,本科批,物理,,X75B830,,西南交通大学,38C2,地质工程,,,,,,533,2634,,,,,,533,2634,,,,,,,,,本科,,,,,
8131691,宁夏,本科批,物理,,X75B830,,西南交通大学,48D8,物流管理与工程类,,,,,,540,2285,,,,,,540,2285,,,,,,,,,本科,,,,,
8131692,宁夏,本科批,物理,,X75B830,,西南交通大学,40CE,制药工程,,,,,,540,2285,,,,,,540,2285,,,,,,,,,本科,,,,,
8131693,宁夏,本科批,物理,,X75B830,,西南交通大学,7E23,环境工程,,,,,,542,2180,,,,,,542,2180,,,,,,,,,本科,,,,,
8131694,宁夏,本科批,物理,,X75B830,,西南交通大学,76B9,统计学,,,,,,544,2097,,,,,,544,2097,,,,,,,,,本科,,,,,
8131695,宁夏,本科批,物理,,X75B830,,西南交通大学,4ECE,土木工程,,,,,,545,2051,,,,,,545,2051,,,,,,,,,本科,,,,,
8131696,宁夏,本科批,物理,,X75B830,,西南交通大学,3615,机械类,,,,,,549,1888,,,,,,549,1888,,,,,,,,,本科,,,,,
8131697,宁夏,本科批,物理,,X75B830,,西南交通大学,25FE,数学与应用数学,,,,,,549,1888,,,,,,549,1888,,,,,,,,,本科,,,,,
8131698,宁夏,本科批,物理,,X75B830,,西南交通大学,D081,新能源科学与工程,,,,,,552,1766,,,,,,552,1766,,,,,,,,,本科,,,,,
8131699,宁夏,本科批,物理,,X75B830,,西南交通大学,8684,智能制造工程,,,,,,554,1684,,,,,,554,1684,,,,,,,,,本科,,,,,
8131700,宁夏,本科批,物理,,X75B830,,西南交通大学,D146,能源动力类,,,,,,557,1563,,,,,,557,1563,,,,,,,,,本科,,,,,
8132507,宁夏,本科批,历史,,XF4CF3F,,青岛大学,0FBC,金融学,,,,,,507,2792,,,,,,507,2792,,,,,,,,,本科,,,,,
8132508,宁夏,本科批,历史,,XF4CF3F,,青岛大学,04A0,工商管理,,,,,,509,2669,,,,,,509,2669,,,,,,,,,本科,,,,,
8132509,宁夏,本科批,历史,,XF4CF3F,,青岛大学,4852,应用心理学,,,,,,523,1956,,,,,,523,1956,,,,,,,,,本科,,,,,
8132510,宁夏,本科批,历史,,XF4CF3F,,青岛大学,D243,汉语言文学,,,,,,538,1379,,,,,,538,1379,,,,,,,,,本科,,,,,
8132511,宁夏,本科批,物理,,XF4CF3F,,青岛大学,75BF,纺织工程,,,,,,454,10448,,,,,,454,10448,,,,,,,,,本科,,,,,
8132512,宁夏,本科批,物理,,XF4CF3F,,青岛大学,0FBC,金融学,,,,,,459,9681,,,,,,459,9681,,,,,,,,,本科,,,,,
8132513,宁夏,本科批,物理,,XF4CF3F,,青岛大学,2426,材料类,,,,,,461,9388,,,,,,461,9388,,,,,,,,,本科,,,,,
8132514,宁夏,本科批,物理,,XF4CF3F,,青岛大学,10A0,药学,,,,,,476,7457,,,,,,476,7457,,,,,,,,,本科,,,,,
8132515,宁夏,本科批,物理,,XF4CF3F,,青岛大学,97D0,临床医学,,,,,,494,5525,,,,,,494,5525,,,,,,,,,本科,,,,,
8133007,宁夏,本科批,历史,,XB0510E,,复旦大学,6350,经济学类（拔尖学生培养基地）,拔尖学生培养基地,,,,,632,52,,,,,,632,52,,,,,,,,,本科,,,,,
8133008,宁夏,本科批,历史,,XB0510E,,复旦大学,D86F,新闻传播学类（卓越新闻人才计划）,卓越新闻人才计划,,,,,636,52,,,,,,636,52,,,,,,,,,本科,,,,,
8133009,宁夏,本科批,历史,,XB0510E,,复旦大学,7604,法学（卓越法律人才基地）,卓越法律人才基地,,,,,637,52,,,,,,637,52,,,,,,,,,本科,,,,,
8133010,宁夏,本科批,物理,,XB0510E,,复旦大学,8AC9,核工程与核技术（核专业）（核物理卢鹤绂班、核技术吴征铠班）,核专业; 核物理卢鹤绂班、核技术吴征铠班,,,,,632,,,,,,,632,,,,,,,,,,本科,,,,,
8133011,宁夏,本科批,物理,,XB0510E,,复旦大学,1C92,工科试验班（新工科微电子班）,新工科微电子班,,,,,644,104,,,,,,644,104,,,,,,,,,本科,,,,,
8133012,宁夏,本科批,物理,,XB0510E,,复旦大学,19DA,工科试验班（新工科拔尖班）,新工科拔尖班,,,,,650,104,,,,,,650,104,,,,,,,,,本科,,,,,
8133891,宁夏,本科批,历史,,X29EA39,,武汉理工大学,D40C,少数民族预科班,,,,,,507,2792,,,,,,507,2792,,,,,,,,,本科,,,,,
8133892,宁夏,本科批,历史,,X29EA39,,武汉理工大学,9301,新闻传播学类,,,,,,563,703,,,,,,563,703,,,,,,,,,本科,,,,,
8133893,宁夏,本科批,历史,,X29EA39,,武汉理工大学,51C8,思想政治教育,,,,,,564,686,,,,,,564,686,,,,,,,,,本科,,,,,
8133894,宁夏,本科批,历史,,X29EA39,,武汉理工大学,308C,法学类,,,,,,566,645,,,,,,566,645,,,,,,,,,本科,,,,,
8133895,宁夏,本科批,历史,,X29EA39,,武汉理工大学,EF7C,工商管理类,,,,,,567,626,,,,,,567,626,,,,,,,,,本科,,,,,
8133896,宁夏,本科批,历史,,X29EA39,,武汉理工大学,C29F,经济学类,,,,,,568,610,,,,,,568,610,,,,,,,,,本科,,,,,
8133897,宁夏,本科批,物理,,X29EA39,,武汉理工大学,D40C,少数民族预科班,,,,,,438,13162,,,,,,438,13162,,,,,,,,,本科,,,,,
8133898,宁夏,本科批,物理,,X29EA39,,武汉理工大学,EF7C,工商管理类,,,,,,457,9966,,,,,,457,9966,,,,,,,,,本科,,,,,
8133899,宁夏,本科批,物理,,X29EA39,,武汉理工大学,C493,土木类,,,,,,483,6646,,,,,,483,6646,,,,,,,,,本科,,,,,
8133900,宁夏,本科批,物理,,X29EA39,,武汉理工大学,48D8,物流管理与工程类,,,,,,506,4475,,,,,,506,4475,,,,,,,,,本科,,,,,
8133901,宁夏,本科批,物理,,X29EA39,,武汉理工大学,C29F,经济学类,,,,,,513,3942,,,,,,513,3942,,,,,,,,,本科,,,,,
8133902,宁夏,本科批,物理,,X29EA39,,武汉理工大学,43A0,建筑类,,,,,,520,3413,,,,,,520,3413,,,,,,,,,本科,,,,,
8133903,宁夏,本科批,物理,,X29EA39,,武汉理工大学,4CEC,化工与制药类（含生物方向）,含生物方向,,,,,526,3056,,,,,,526,3056,,,,,,,,,本科,,,,,
8133904,宁夏,本科批,物理,,X29EA39,,武汉理工大学,CEDE,道路桥梁与渡河工程,,,,,,529,2869,,,,,,529,2869,,,,,,,,,本科,,,,,
8133905,宁夏,本科批,物理,,X29EA39,,武汉理工大学,ABA8,环境科学与工程类,,,,,,532,2696,,,,,,532,2696,,,,,,,,,本科,,,,,
8133906,宁夏,本科批,物理,,X29EA39,,武汉理工大学,375C,海洋工程类,,,,,,532,2696,,,,,,532,2696,,,,,,,,,本科,,,,,
8133907,宁夏,本科批,物理,,X29EA39,,武汉理工大学,2426,材料类,,,,,,533,2634,,,,,,533,2634,,,,,,,,,本科,,,,,
8133908,宁夏,本科批,物理,,X29EA39,,武汉理工大学,852C,交通运输类,,,,,,548,1924,,,,,,548,1924,,,,,,,,,本科,,,,,
8133909,宁夏,本科批,物理,,X29EA39,,武汉理工大学,FA23,地理信息科学,,,,,,548,1924,,,,,,548,1924,,,,,,,,,本科,,,,,
8133910,宁夏,本科批,物理,,X29EA39,,武汉理工大学,8328,机械类（车辆）,车辆,,,,,551,1807,,,,,,551,1807,,,,,,,,,本科,,,,,
8133911,宁夏,本科批,物理,,X29EA39,,武汉理工大学,78FF,机械设计制造及其自动化,,,,,,554,1684,,,,,,554,1684,,,,,,,,,本科,,,,,
8133912,宁夏,本科批,物理,,X29EA39,,武汉理工大学,D13C,机械类（智能制造）,智能制造,,,,,558,1524,,,,,,558,1524,,,,,,,,,本科,,,,,
8133913,宁夏,本科批,物理,,X29EA39,,武汉理工大学,D146,能源动力类,,,,,,561,1417,,,,,,561,1417,,,,,,,,,本科,,,,,
8133914,宁夏,本科批,物理,,X29EA39,,武汉理工大学,82E6,计算机类,,,,,,562,1380,,,,,,562,1380,,,,,,,,,本科,,,,,
8133915,宁夏,本科批,物理,,X29EA39,,武汉理工大学,0184,自动化类,,,,,,563,1342,,,,,,563,1342,,,,,,,,,本科,,,,,
8133916,宁夏,本科批,物理,,X29EA39,,武汉理工大学,861C,电子信息类,,,,,,568,1185,,,,,,568,1185,,,,,,,,,本科,,,,,
8134286,宁夏,本科批,物理,,X98A6C5,,天津大学,D2BC,工科试验班（智能制造与建造）,智能制造与建造,,,,,591,604,,,,,,591,604,,,,,,,,,本科,,,,,
8134287,宁夏,本科批,物理,,X98A6C5,,天津大学,4B2E,工科试验班（精仪与光电信息类）,精仪与光电信息类,,,,,592,587,,,,,,592,587,,,,,,,,,本科,,,,,
8134288,宁夏,本科批,物理,,X98A6C5,,天津大学,0761,工科试验班（智能与计算类）,智能与计算类,,,,,595,535,,,,,,595,535,,,,,,,,,本科,,,,,
8134289,宁夏,本科批,物理,,X98A6C5,,天津大学,D570,工科试验班（电气信息类）,电气信息类,,,,,596,519,,,,,,596,519,,,,,,,,,本科,,,,,
8134685,宁夏,本科批,物理,,X0A26EC,,东南大学,1955,生物医学工程类（医学院）,医学院,,,,,578,,,,,,,578,,,,,,,,,,本科,,,,,
8134686,宁夏,本科批,物理,,X0A26EC,,东南大学,6A24,临床医学类（医学院）,医学院,,,,,585,,,,,,,585,,,,,,,,,,本科,,,,,
8134687,宁夏,本科批,物理,,X0A26EC,,东南大学,1EBB,工科试验班（碳中和与智能制造实验班）,碳中和与智能制造实验班,,,,,607,355,,,,,,607,355,,,,,,,,,本科,,,,,
8134688,宁夏,本科批,物理,,X0A26EC,,东南大学,861C,电子信息类,,,,,,607,355,,,,,,607,355,,,,,,,,,本科,,,,,
8134689,宁夏,本科批,物理,,X0A26EC,,东南大学,82E6,计算机类,,,,,,609,330,,,,,,609,330,,,,,,,,,本科,,,,,
8134690,宁夏,本科批,物理,,X0A26EC,,东南大学,A156,生物科学（生科加计算机双学士学位项目）,生科加计算机双学士学位项目,,,,,612,304,,,,,,612,304,,,,,,,,,本科,,,,,
8134691,宁夏,本科批,物理,,X0A26EC,,东南大学,702A,工科试验班（吴健雄班）,吴健雄班,,,,,613,285,,,,,,613,285,,,,,,,,,本科,,,,,
8135607,宁夏,本科批,历史,,X8E6053,,中国海洋大学,D40C,少数民族预科班,,,,,,515,2358,,,,,,515,2358,,,,,,,,,本科,,,,,
8135608,宁夏,本科批,历史,,X8E6053,,中国海洋大学,EBCC,工商管理（数字化创新管理）,数字化创新管理,,,,,569,583,,,,,,569,583,,,,,,,,,本科,,,,,
8135609,宁夏,本科批,历史,,X8E6053,,中国海洋大学,D0E1,政治学与行政学,,,,,,570,560,,,,,,570,560,,,,,,,,,本科,,,,,
8135610,宁夏,本科批,历史,,X8E6053,,中国海洋大学,FB18,财务管理,,,,,,571,540,,,,,,571,540,,,,,,,,,本科,,,,,
8135611,宁夏,本科批,历史,,X8E6053,,中国海洋大学,9301,新闻传播学类,,,,,,572,524,,,,,,572,524,,,,,,,,,本科,,,,,
8135612,宁夏,本科批,历史,,X8E6053,,中国海洋大学,AC90,行政管理,,,,,,572,524,,,,,,572,524,,,,,,,,,本科,,,,,
8135613,宁夏,本科批,物理,,X8E6053,,中国海洋大学,D40C,少数民族预科班,,,,,,479,7107,,,,,,479,7107,,,,,,,,,本科,,,,,
8135614,宁夏,本科批,物理,,X8E6053,,中国海洋大学,EBCC,工商管理（数字化创新管理）,数字化创新管理,,,,,529,2869,,,,,,529,2869,,,,,,,,,本科,,,,,
8135615,宁夏,本科批,物理,,X8E6053,,中国海洋大学,D035,生物科学类,,,,,,532,2696,,,,,,532,2696,,,,,,,,,本科,,,,,
8135616,宁夏,本科批,物理,,X8E6053,,中国海洋大学,EC95,勘查技术与工程,,,,,,532,2696,,,,,,532,2696,,,,,,,,,本科,,,,,
8135617,宁夏,本科批,物理,,X8E6053,,中国海洋大学,4ECE,土木工程,,,,,,534,2583,,,,,,534,2583,,,,,,,,,本科,,,,,
8135618,宁夏,本科批,物理,,X8E6053,,中国海洋大学,6AB9,经济学,,,,,,534,2583,,,,,,534,2583,,,,,,,,,本科,,,,,
8135619,宁夏,本科批,物理,,X8E6053,,中国海洋大学,EF96,食品科学与工程类,,,,,,536,2489,,,,,,536,2489,,,,,,,,,本科,,,,,
8135620,宁夏,本科批,物理,,X8E6053,,中国海洋大学,B5AE,化学,,,,,,538,2382,,,,,,538,2382,,,,,,,,,本科,,,,,
8135621,宁夏,本科批,物理,,X8E6053,,中国海洋大学,2426,材料类,,,,,,539,2332,,,,,,539,2332,,,,,,,,,本科,,,,,
8135622,宁夏,本科批,物理,,X8E6053,,中国海洋大学,7E23,环境工程,,,,,,540,2285,,,,,,540,2285,,,,,,,,,本科,,,,,
8135623,宁夏,本科批,物理,,X8E6053,,中国海洋大学,5FC4,环境科学,,,,,,544,2097,,,,,,544,2097,,,,,,,,,本科,,,,,
8135624,宁夏,本科批,物理,,X8E6053,,中国海洋大学,10A0,药学,,,,,,544,2097,,,,,,544,2097,,,,,,,,,本科,,,,,
8135625,宁夏,本科批,物理,,X8E6053,,中国海洋大学,4C65,自动化,,,,,,547,1979,,,,,,547,1979,,,,,,,,,本科,,,,,
8135626,宁夏,本科批,物理,,X8E6053,,中国海洋大学,4226,大气科学,,,,,,548,1924,,,,,,548,1924,,,,,,,,,本科,,,,,
8135627,宁夏,本科批,物理,,X8E6053,,中国海洋大学,F0CF,海洋技术,,,,,,553,1726,,,,,,553,1726,,,,,,,,,本科,,,,,
8135628,宁夏,本科批,物理,,X8E6053,,中国海洋大学,861C,电子信息类,,,,,,555,1652,,,,,,555,1652,,,,,,,,,本科,,,,,
8135629,宁夏,本科批,物理,,X8E6053,,中国海洋大学,82E6,计算机类,,,,,,557,1563,,,,,,557,1563,,,,,,,,,本科,,,,,
8136191,宁夏,本科批,物理,,X648016,,同济大学,D40C,少数民族预科班,,,,,,565,1274,,,,,,565,1274,,,,,,,,,本科,,,,,
8136192,宁夏,本科批,物理,,X648016,,同济大学,35DA,医学试验班（医学班）,医学班,,,,,585,,,,,,,585,,,,,,,,,,本科,,,,,
8136193,宁夏,本科批,物理,,X648016,,同济大学,09BD,临床医学（医学班）（5+3一体化）,医学班; 5+3一体化,,,,,597,,,,,,,597,,,,,,,,,,本科,,,,,
8136194,宁夏,本科批,物理,,X648016,,同济大学,D6F6,工科试验班（信息与智能网联类）,信息与智能网联类,,,,,607,355,,,,,,607,355,,,,,,,,,本科,,,,,
8136195,宁夏,本科批,物理,,X648016,,同济大学,3CC9,理科试验班,,,,,,608,340,,,,,,608,340,,,,,,,,,本科,,,,,
8136196,宁夏,本科批,物理,,X648016,,同济大学,32D0,工科试验班（智慧建造与低碳环境类）,智慧建造与低碳环境类,,,,,612,304,,,,,,612,304,,,,,,,,,本科,,,,,
8136197,宁夏,本科批,物理,,X648016,,同济大学,8504,工科试验班（城市、建筑与创意设计类）,城市、建筑与创意设计类,,,,,612,304,,,,,,612,304,,,,,,,,,本科,,,,,
8136198,宁夏,本科批,物理,,X648016,,同济大学,ED69,经济管理试验班,,,,,,613,285,,,,,,613,285,,,,,,,,,本科,,,,,
8136199,宁夏,本科批,物理,,X648016,,同济大学,55AD,工科试验班（国豪精英班）,国豪精英班,,,,,622,185,,,,,,622,185,,,,,,,,,本科,,,,,
8136802,宁夏,本科批,物理,,XCF1E4A,,大连理工大学,D40C,少数民族预科班,,,,,,517,3626,,,,,,517,3626,,,,,,,,,本科,,,,,
8136803,宁夏,本科批,物理,,XCF1E4A,,大连理工大学,C126,人工智能（未来技术班）,未来技术班,,,,,593,572,,,,,,593,572,,,,,,,,,本科,,,,,
8136804,宁夏,本科批,物理,,XCF1E4A,,大连理工大学,37C7,人工智能（新工科大师班）,新工科大师班,,,,,607,355,,,,,,607,355,,,,,,,,,本科,,,,,
8137607,宁夏,本科批,历史,,X0FFD97,,西安交通大学,46AC,公共管理类,,,,,,602,148,,,,,,602,148,,,,,,,,,本科,,,,,
8137608,宁夏,本科批,历史,,X0FFD97,,西安交通大学,BC2D,文科试验班类,,,,,,603,141,,,,,,603,141,,,,,,,,,本科,,,,,
8137609,宁夏,本科批,历史,,X0FFD97,,西安交通大学,DD4D,法学试验班,,,,,,611,95,,,,,,611,95,,,,,,,,,本科,,,,,
8137610,宁夏,本科批,物理,,X0FFD97,,西安交通大学,B17D,医学试验班（医学类）（药学类）,医学类; 药学类,,,,,505,,,,,,,505,,,,,,,,,,本科,,,,,
8137611,宁夏,本科批,物理,,X0FFD97,,西安交通大学,97D0,医学试验班（医学类）,医学类,,,,,510,,,,,,,510,,,,,,,,,,本科,,,,,
8137612,宁夏,本科批,物理,,X0FFD97,,西安交通大学,8296,医学试验班（医学类）（临床类）,医学类; 临床类,,,,,526,,,,,,,526,,,,,,,,,,本科,,,,,
8137613,宁夏,本科批,物理,,X0FFD97,,西安交通大学,D40C,少数民族预科班,,,,,,558,1524,,,,,,558,1524,,,,,,,,,本科,,,,,
8137614,宁夏,本科批,物理,,X0FFD97,,西安交通大学,EEED,临床医学（医学类）（5+3一体化）,医学类; 5+3一体化,,,,,588,,,,,,,588,,,,,,,,,,本科,,,,,
8137615,宁夏,本科批,物理,,X0FFD97,,西安交通大学,5B9E,工科试验班（智能过程与装备优本班）,智能过程与装备优本班,,,,,612,304,,,,,,612,304,,,,,,,,,本科,,,,,
8137616,宁夏,本科批,物理,,X0FFD97,,西安交通大学,722C,工科试验班（航天航空类）,航天航空类,,,,,612,304,,,,,,612,304,,,,,,,,,本科,,,,,
8137617,宁夏,本科批,物理,,X0FFD97,,西安交通大学,4B2A,信息工程,,,,,,612,304,,,,,,612,304,,,,,,,,,本科,,,,,
8137618,宁夏,本科批,物理,,X0FFD97,,西安交通大学,D0A4,工科试验班（智能制造类）,智能制造类,,,,,613,285,,,,,,613,285,,,,,,,,,本科,,,,,
8137619,宁夏,本科批,物理,,X0FFD97,,西安交通大学,0ED7,工科试验班（智慧能源类）,智慧能源类,,,,,613,285,,,,,,613,285,,,,,,,,,本科,,,,,
8137620,宁夏,本科批,物理,,X0FFD97,,西安交通大学,4C65,自动化,,,,,,615,260,,,,,,615,260,,,,,,,,,本科,,,,,
8137621,宁夏,本科批,物理,,X0FFD97,,西安交通大学,289B,微电子科学与工程,,,,,,618,228,,,,,,618,228,,,,,,,,,本科,,,,,
8137622,宁夏,本科批,物理,,X0FFD97,,西安交通大学,1AA1,工科试验班（计算机科学技术类）,计算机科学技术类,,,,,619,220,,,,,,619,220,,,,,,,,,本科,,,,,
8137623,宁夏,本科批,物理,,X0FFD97,,西安交通大学,5824,储能科学与工程（新工科卓越计划）,新工科卓越计划,,,,,626,158,,,,,,626,158,,,,,,,,,本科,,,,,
8137624,宁夏,本科批,物理,,X0FFD97,,西安交通大学,0B77,工科试验班（电气类）,电气类,,,,,628,147,,,,,,628,147,,,,,,,,,本科,,,,,
8138365,宁夏,本科批,物理,,X72DF07,,北京邮电大学,D40C,少数民族预科班,,,,,,509,4237,,,,,,509,4237,,,,,,,,,本科,,,,,
8138366,宁夏,本科批,物理,,X72DF07,,北京邮电大学,B772,电信工程及管理（宏福校区）（中外合作办学）,宏福校区; 中外合作办学,,,,,546,2016,,,,,,546,2016,,,,,,,,,本科,,,,,
8138367,宁夏,本科批,物理,,X72DF07,,北京邮电大学,D4D4,物联网工程（宏福校区）（中外合作办学）,宏福校区; 中外合作办学,,,,,549,1888,,,,,,549,1888,,,,,,,,,本科,,,,,
8138368,宁夏,本科批,物理,,X72DF07,,北京邮电大学,8A2F,智能科学与技术（宏福校区）（中外合作办学）,宏福校区; 中外合作办学,,,,,555,1652,,,,,,555,1652,,,,,,,,,本科,,,,,
8138369,宁夏,本科批,物理,,X72DF07,,北京邮电大学,BD5D,电子信息工程（宏福校区）（中外合作办学）,宏福校区; 中外合作办学,,,,,560,1459,,,,,,560,1459,,,,,,,,,本科,,,,,
8138370,宁夏,本科批,物理,,X72DF07,,北京邮电大学,E6EB,理科试验班（信息科学）,信息科学,,,,,582,796,,,,,,582,796,,,,,,,,,本科,,,,,
8138371,宁夏,本科批,物理,,X72DF07,,北京邮电大学,B418,自动化类（智能机器人）,智能机器人,,,,,583,771,,,,,,583,771,,,,,,,,,本科,,,,,
8138372,宁夏,本科批,物理,,X72DF07,,北京邮电大学,8169,人工智能（大类招生）（信息工程、人工智能、智能医学工程）,大类招生; 信息工程、人工智能、智能医学工程,,,,,584,743,,,,,,584,743,,,,,,,,,本科,,,,,
8138373,宁夏,本科批,物理,,X72DF07,,北京邮电大学,6D84,通信工程（大类招生）（通信工程、电子信息工程、空间信息与数字技术）,大类招生; 通信工程、电子信息工程、空间信息与数字技术,,,,,586,701,,,,,,586,701,,,,,,,,,本科,,,,,
8138374,宁夏,本科批,物理,,X72DF07,,北京邮电大学,3C38,软件工程,,,,,,586,701,,,,,,586,701,,,,,,,,,本科,,,,,
8138375,宁夏,本科批,物理,,X72DF07,,北京邮电大学,82E6,计算机类,,,,,,587,685,,,,,,587,685,,,,,,,,,本科,,,,,
8138376,宁夏,本科批,物理,,X72DF07,,北京邮电大学,861C,电子信息类,,,,,,587,685,,,,,,587,685,,,,,,,,,本科,,,,,
8138377,宁夏,本科批,物理,,X72DF07,,北京邮电大学,E19F,计算机类（元班）,元班,,,,,600,449,,,,,,600,449,,,,,,,,,本科,,,,,
8139259,宁夏,本科批,历史,,XC84358,,暨南大学,5EE2,翻译（珠海）,珠海,,,,,550,999,,,,,,550,999,,,,,,,,,本科,,,,,
8139260,宁夏,本科批,历史,,XC84358,,暨南大学,DE80,国际商务（珠海）,珠海,,,,,551,974,,,,,,551,974,,,,,,,,,本科,,,,,
8139261,宁夏,本科批,历史,,XC84358,,暨南大学,7092,文化产业管理（珠海）,珠海,,,,,552,950,,,,,,552,950,,,,,,,,,本科,,,,,
8139262,宁夏,本科批,历史,,XC84358,,暨南大学,25DE,国际经济与贸易,,,,,,552,950,,,,,,552,950,,,,,,,,,本科,,,,,
8139263,宁夏,本科批,历史,,XC84358,,暨南大学,3366,工商管理（珠海）,珠海,,,,,554,905,,,,,,554,905,,,,,,,,,本科,,,,,
8139264,宁夏,本科批,历史,,XC84358,,暨南大学,5E19,会计学,,,,,,558,807,,,,,,558,807,,,,,,,,,本科,,,,,
8139265,宁夏,本科批,历史,,XC84358,,暨南大学,4873,历史学,,,,,,562,724,,,,,,562,724,,,,,,,,,本科,,,,,
8139266,宁夏,本科批,历史,,XC84358,,暨南大学,09EE,市场营销,,,,,,568,610,,,,,,568,610,,,,,,,,,本科,,,,,
8139267,宁夏,本科批,物理,,XC84358,,暨南大学,3366,工商管理（珠海）,珠海,,,,,493,5606,,,,,,493,5606,,,,,,,,,本科,,,,,
8139268,宁夏,本科批,物理,,XC84358,,暨南大学,5EE2,翻译（珠海）,珠海,,,,,493,5606,,,,,,493,5606,,,,,,,,,本科,,,,,
8139269,宁夏,本科批,物理,,XC84358,,暨南大学,52FD,应用化学,,,,,,494,5525,,,,,,494,5525,,,,,,,,,本科,,,,,
8139270,宁夏,本科批,物理,,XC84358,,暨南大学,10A0,药学,,,,,,494,5525,,,,,,494,5525,,,,,,,,,本科,,,,,
8139271,宁夏,本科批,物理,,XC84358,,暨南大学,1049,商务英语,,,,,,495,5424,,,,,,495,5424,,,,,,,,,本科,,,,,
8139272,宁夏,本科批,物理,,XC84358,,暨南大学,BB8A,应急管理,,,,,,497,5244,,,,,,497,5244,,,,,,,,,本科,,,,,
8139273,宁夏,本科批,物理,,XC84358,,暨南大学,DCD7,金融工程（珠海）,珠海,,,,,500,4966,,,,,,500,4966,,,,,,,,,本科,,,,,
8139274,宁夏,本科批,物理,,XC84358,,暨南大学,68F4,新闻学,,,,,,502,4806,,,,,,502,4806,,,,,,,,,本科,,,,,
8139275,宁夏,本科批,物理,,XC84358,,暨南大学,C734,电子科学与技术,,,,,,504,4626,,,,,,504,4626,,,,,,,,,本科,,,,,
8139276,宁夏,本科批,物理,,XC84358,,暨南大学,02E7,汉语言文学（珠海）,珠海,,,,,510,4145,,,,,,510,4145,,,,,,,,,本科,,,,,
8139277,宁夏,本科批,物理,,XC84358,,暨南大学,DB45,法学（珠海）,珠海,,,,,522,3293,,,,,,522,3293,,,,,,,,,本科,,,,,
8139278,宁夏,本科批,物理,,XC84358,,暨南大学,A687,光电信息科学与工程,,,,,,530,2799,,,,,,530,2799,,,,,,,,,本科,,,,,
8139279,宁夏,本科批,物理,,XC84358,,暨南大学,5E19,会计学,,,,,,541,2226,,,,,,541,2226,,,,,,,,,本科,,,,,
8139280,宁夏,本科批,物理,,XC84358,,暨南大学,97D0,临床医学,,,,,,544,2097,,,,,,544,2097,,,,,,,,,本科,,,,,
8140172,宁夏,本科批,历史,,X14AAB9,,南昌大学,68F4,新闻学,,,,,,507,2792,,,,,,507,2792,,,,,,,,,本科,,,,,
8140173,宁夏,本科批,历史,,X14AAB9,,南昌大学,7022,社会学,,,,,,540,1318,,,,,,540,1318,,,,,,,,,本科,,,,,
8140174,宁夏,本科批,历史,,X14AAB9,,南昌大学,927B,法学,,,,,,550,999,,,,,,550,999,,,,,,,,,本科,,,,,
8140175,宁夏,本科批,物理,,X14AAB9,,南昌大学,40CE,制药工程,,,,,,506,4475,,,,,,506,4475,,,,,,,,,本科,,,,,
8140176,宁夏,本科批,物理,,X14AAB9,,南昌大学,B5AE,化学,,,,,,506,4475,,,,,,506,4475,,,,,,,,,本科,,,,,
8140177,宁夏,本科批,物理,,X14AAB9,,南昌大学,10A0,药学,,,,,,510,4145,,,,,,510,4145,,,,,,,,,本科,,,,,
8140178,宁夏,本科批,物理,,X14AAB9,,南昌大学,A39E,预防医学,,,,,,511,4076,,,,,,511,4076,,,,,,,,,本科,,,,,
8140179,宁夏,本科批,物理,,X14AAB9,,南昌大学,BE91,医学检验技术,,,,,,512,4013,,,,,,512,4013,,,,,,,,,本科,,,,,
8140180,宁夏,本科批,物理,,X14AAB9,,南昌大学,B9A5,计算机科学与技术,,,,,,512,4013,,,,,,512,4013,,,,,,,,,本科,,,,,
8140181,宁夏,本科批,物理,,X14AAB9,,南昌大学,9C74,眼视光医学,,,,,,515,3775,,,,,,515,3775,,,,,,,,,本科,,,,,
8140182,宁夏,本科批,物理,,X14AAB9,,南昌大学,97D0,临床医学,,,,,,518,3555,,,,,,518,3555,,,,,,,,,本科,,,,,
8141063,宁夏,本科批,历史,,XC70C34,,长安大学,46AC,公共管理类,,,,,,530,1676,,,,,,530,1676,,,,,,,,,本科,,,,,
8141064,宁夏,本科批,历史,,XC70C34,,长安大学,9301,新闻传播学类,,,,,,539,1345,,,,,,539,1345,,,,,,,,,本科,,,,,
8141065,宁夏,本科批,历史,,XC70C34,,长安大学,51C8,思想政治教育,,,,,,543,1216,,,,,,543,1216,,,,,,,,,本科,,,,,
8141066,宁夏,本科批,物理,,XC70C34,,长安大学,D40C,少数民族预科班,,,,,,493,5606,,,,,,493,5606,,,,,,,,,本科,,,,,
8141067,宁夏,本科批,物理,,XC70C34,,长安大学,1231,城市地下空间工程,,,,,,505,4564,,,,,,505,4564,,,,,,,,,本科,,,,,
8141068,宁夏,本科批,物理,,XC70C34,,长安大学,CEDE,道路桥梁与渡河工程,,,,,,505,4564,,,,,,505,4564,,,,,,,,,本科,,,,,
8141069,宁夏,本科批,物理,,XC70C34,,长安大学,E2D1,测绘类,,,,,,506,4475,,,,,,506,4475,,,,,,,,,本科,,,,,
8141070,宁夏,本科批,物理,,XC70C34,,长安大学,C493,土木类,,,,,,507,4402,,,,,,507,4402,,,,,,,,,本科,,,,,
8141071,宁夏,本科批,物理,,XC70C34,,长安大学,ABA8,环境科学与工程类,,,,,,507,4402,,,,,,507,4402,,,,,,,,,本科,,,,,
8141072,宁夏,本科批,物理,,XC70C34,,长安大学,43A0,建筑类,,,,,,507,4402,,,,,,507,4402,,,,,,,,,本科,,,,,
8141073,宁夏,本科批,物理,,XC70C34,,长安大学,A03B,地质学类,,,,,,508,4318,,,,,,508,4318,,,,,,,,,本科,,,,,
8141074,宁夏,本科批,物理,,XC70C34,,长安大学,4A2C,物流工程,,,,,,509,4237,,,,,,509,4237,,,,,,,,,本科,,,,,
8141075,宁夏,本科批,物理,,XC70C34,,长安大学,EF7C,工商管理类,,,,,,511,4076,,,,,,511,4076,,,,,,,,,本科,,,,,
8141076,宁夏,本科批,物理,,XC70C34,,长安大学,8EF0,管理科学与工程类,,,,,,514,3852,,,,,,514,3852,,,,,,,,,本科,,,,,
8141077,宁夏,本科批,物理,,XC70C34,,长安大学,FA23,地理信息科学,,,,,,514,3852,,,,,,514,3852,,,,,,,,,本科,,,,,
8141078,宁夏,本科批,物理,,XC70C34,,长安大学,FBFE,物流管理,,,,,,514,3852,,,,,,514,3852,,,,,,,,,本科,,,,,
8141079,宁夏,本科批,物理,,XC70C34,,长安大学,5AC6,工程力学,,,,,,516,3695,,,,,,516,3695,,,,,,,,,本科,,,,,
8141080,宁夏,本科批,物理,,XC70C34,,长安大学,C7AE,交通工程,,,,,,517,3626,,,,,,517,3626,,,,,,,,,本科,,,,,
8141081,宁夏,本科批,物理,,XC70C34,,长安大学,B20B,道路桥梁与渡河工程（国际工程班）,国际工程班,,,,,518,3555,,,,,,518,3555,,,,,,,,,本科,,,,,
8141082,宁夏,本科批,物理,,XC70C34,,长安大学,2426,材料类,,,,,,519,3472,,,,,,519,3472,,,,,,,,,本科,,,,,
8141083,宁夏,本科批,物理,,XC70C34,,长安大学,D6ED,化学工程与工艺,,,,,,522,3293,,,,,,522,3293,,,,,,,,,本科,,,,,
8141084,宁夏,本科批,物理,,XC70C34,,长安大学,F55B,交通运输,,,,,,526,3056,,,,,,526,3056,,,,,,,,,本科,,,,,
8141085,宁夏,本科批,物理,,XC70C34,,长安大学,26A7,车辆工程,,,,,,526,3056,,,,,,526,3056,,,,,,,,,本科,,,,,
8141899,宁夏,本科批,物理,,X33871B,,江南大学,C760,少数民族预科班（计算机科学与技术）,计算机科学与技术,,,,,460,9530,,,,,,460,9530,,,,,,,,,本科,,,,,
8141900,宁夏,本科批,物理,,X33871B,,江南大学,D06C,机械工程,,,,,,539,2332,,,,,,539,2332,,,,,,,,,本科,,,,,
8141901,宁夏,本科批,物理,,X33871B,,江南大学,289B,微电子科学与工程,,,,,,540,2285,,,,,,540,2285,,,,,,,,,本科,,,,,
8141902,宁夏,本科批,物理,,X33871B,,江南大学,5E49,食品科学与工程,,,,,,540,2285,,,,,,540,2285,,,,,,,,,本科,,,,,
8141903,宁夏,本科批,物理,,X33871B,,江南大学,B9A5,计算机科学与技术,,,,,,542,2180,,,,,,542,2180,,,,,,,,,本科,,,,,
8141904,宁夏,本科批,物理,,X33871B,,江南大学,4C65,自动化,,,,,,544,2097,,,,,,544,2097,,,,,,,,,本科,,,,,
8142353,宁夏,本科批,历史,,X008AE5,,浙江大学,4018,社会科学试验班（含数字金融双学士学位项目）,含数字金融双学士学位项目,,,,,620,52,,,,,,620,52,,,,,,,,,本科,,,,,
8142354,宁夏,本科批,历史,,X008AE5,,浙江大学,028D,人文科学试验班,,,,,,623,52,,,,,,623,52,,,,,,,,,本科,,,,,
8142355,宁夏,本科批,历史,,X008AE5,,浙江大学,1E30,社会科学试验班（竺可桢学院人文社科实验班）,竺可桢学院人文社科实验班,,,,,627,52,,,,,,627,52,,,,,,,,,本科,,,,,
8142356,宁夏,本科批,物理,,X008AE5,,浙江大学,5290,工科试验班（信息）,信息,,,,,644,104,,,,,,644,104,,,,,,,,,本科,,,,,
8142357,宁夏,本科批,物理,,X008AE5,,浙江大学,E0CE,工科试验班,,,,,,645,104,,,,,,645,104,,,,,,,,,本科,,,,,
8142358,宁夏,本科批,物理,,X008AE5,,浙江大学,1732,工科试验班（竺可桢学院图灵班）,竺可桢学院图灵班,,,,,650,104,,,,,,650,104,,,,,,,,,本科,,,,,
8142359,宁夏,本科批,物理,,X008AE5,,浙江大学,F867,理科试验班类（含商务大数据分析双学士学位项目）,含商务大数据分析双学士学位项目,,,,,654,104,,,,,,654,104,,,,,,,,,本科,,,,,
8142842,宁夏,本科批,历史,,XC4AFB0,,哈尔滨工业大学,ED69,经济管理试验班,,,,,,589,267,,,,,,589,267,,,,,,,,,本科,,,,,
8142843,宁夏,本科批,物理,,XC4AFB0,,哈尔滨工业大学,984D,工科试验班（航天与自动化）,航天与自动化,,,,,626,158,,,,,,626,158,,,,,,,,,本科,,,,,
8142844,宁夏,本科批,物理,,XC4AFB0,,哈尔滨工业大学,3C21,工科试验班（院士特色班、未来技术拔尖班）,院士特色班、未来技术拔尖班,,,,,632,121,,,,,,632,121,,,,,,,,,本科,,,,,
8143683,宁夏,本科批,历史,,XD2092B,,扬州大学,51C8,思想政治教育,,,,,,535,1493,,,,,,535,1493,,,,,,,,,本科,,,,,
8143684,宁夏,本科批,历史,,XD2092B,,扬州大学,4873,历史学,,,,,,535,1493,,,,,,535,1493,,,,,,,,,本科,,,,,
8143685,宁夏,本科批,历史,,XD2092B,,扬州大学,5E19,会计学,,,,,,544,1176,,,,,,544,1176,,,,,,,,,本科,,,,,
8143686,宁夏,本科批,物理,,XD2092B,,扬州大学,4ECE,土木工程,,,,,,494,5525,,,,,,494,5525,,,,,,,,,本科,,,,,
8143687,宁夏,本科批,物理,,XD2092B,,扬州大学,C1B4,水利水电工程,,,,,,495,5424,,,,,,495,5424,,,,,,,,,本科,,,,,
8143688,宁夏,本科批,物理,,XD2092B,,扬州大学,F068,人工智能,,,,,,496,5336,,,,,,496,5336,,,,,,,,,本科,,,,,
8143689,宁夏,本科批,物理,,XD2092B,,扬州大学,8684,智能制造工程,,,,,,497,5244,,,,,,497,5244,,,,,,,,,本科,,,,,
8143690,宁夏,本科批,物理,,XD2092B,,扬州大学,93E3,电子信息工程,,,,,,497,5244,,,,,,497,5244,,,,,,,,,本科,,,,,
8143691,宁夏,本科批,物理,,XD2092B,,扬州大学,D081,新能源科学与工程,,,,,,497,5244,,,,,,497,5244,,,,,,,,,本科,,,,,
8143692,宁夏,本科批,物理,,XD2092B,,扬州大学,78FF,机械设计制造及其自动化,,,,,,497,5244,,,,,,497,5244,,,,,,,,,本科,,,,,
8143693,宁夏,本科批,物理,,XD2092B,,扬州大学,3557,能源与动力工程,,,,,,498,5138,,,,,,498,5138,,,,,,,,,本科,,,,,
8143694,宁夏,本科批,物理,,XD2092B,,扬州大学,B9A5,计算机科学与技术,,,,,,500,4966,,,,,,500,4966,,,,,,,,,本科,,,,,
8144533,宁夏,本科批,历史,,XE1AD8D,,成都理工大学,CA0F,旅游管理,,,,,,520,2090,,,,,,520,2090,,,,,,,,,本科,,,,,
8144534,宁夏,本科批,历史,,XE1AD8D,,成都理工大学,7022,社会学,,,,,,521,2051,,,,,,521,2051,,,,,,,,,本科,,,,,
8144535,宁夏,本科批,历史,,XE1AD8D,,成都理工大学,09EE,市场营销,,,,,,522,2009,,,,,,522,2009,,,,,,,,,本科,,,,,
8144536,宁夏,本科批,历史,,XE1AD8D,,成都理工大学,927B,法学,,,,,,525,1867,,,,,,525,1867,,,,,,,,,本科,,,,,
8144537,宁夏,本科批,物理,,XE1AD8D,,成都理工大学,4869,投资学,,,,,,466,8687,,,,,,466,8687,,,,,,,,,本科,,,,,
8144538,宁夏,本科批,物理,,XE1AD8D,,成都理工大学,702F,地球物理学,,,,,,467,8565,,,,,,467,8565,,,,,,,,,本科,,,,,
8144539,宁夏,本科批,物理,,XE1AD8D,,成都理工大学,D6ED,化学工程与工艺,,,,,,468,8439,,,,,,468,8439,,,,,,,,,本科,,,,,
8144540,宁夏,本科批,物理,,XE1AD8D,,成都理工大学,0DD8,资源勘查工程,,,,,,468,8439,,,,,,468,8439,,,,,,,,,本科,,,,,
8144541,宁夏,本科批,物理,,XE1AD8D,,成都理工大学,4ECE,土木工程,,,,,,468,8439,,,,,,468,8439,,,,,,,,,本科,,,,,
8144542,宁夏,本科批,物理,,XE1AD8D,,成都理工大学,6AB9,经济学,,,,,,470,8177,,,,,,470,8177,,,,,,,,,本科,,,,,
8144543,宁夏,本科批,物理,,XE1AD8D,,成都理工大学,BFDA,人文地理与城乡规划,,,,,,471,8067,,,,,,471,8067,,,,,,,,,本科,,,,,
8144544,宁夏,本科批,物理,,XE1AD8D,,成都理工大学,52FD,应用化学,,,,,,472,7933,,,,,,472,7933,,,,,,,,,本科,,,,,
8144545,宁夏,本科批,物理,,XE1AD8D,,成都理工大学,EC95,勘查技术与工程,,,,,,473,7812,,,,,,473,7812,,,,,,,,,本科,,,,,
8144546,宁夏,本科批,物理,,XE1AD8D,,成都理工大学,A2E0,测绘工程,,,,,,477,7346,,,,,,477,7346,,,,,,,,,本科,,,,,
8144547,宁夏,本科批,物理,,XE1AD8D,,成都理工大学,C0DA,应用统计学,,,,,,479,7107,,,,,,479,7107,,,,,,,,,本科,,,,,
8144548,宁夏,本科批,物理,,XE1AD8D,,成都理工大学,A942,材料科学与工程,,,,,,479,7107,,,,,,479,7107,,,,,,,,,本科,,,,,
8144549,宁夏,本科批,物理,,XE1AD8D,,成都理工大学,38C2,地质工程,,,,,,481,6851,,,,,,481,6851,,,,,,,,,本科,,,,,
8144550,宁夏,本科批,物理,,XE1AD8D,,成都理工大学,E347,工业设计,,,,,,482,6750,,,,,,482,6750,,,,,,,,,本科,,,,,
8144551,宁夏,本科批,物理,,XE1AD8D,,成都理工大学,A03B,地质学类,,,,,,482,6750,,,,,,482,6750,,,,,,,,,本科,,,,,
8144552,宁夏,本科批,物理,,XE1AD8D,,成都理工大学,4D53,石油工程,,,,,,487,6218,,,,,,487,6218,,,,,,,,,本科,,,,,
8144553,宁夏,本科批,物理,,XE1AD8D,,成都理工大学,1231,城市地下空间工程,,,,,,488,6101,,,,,,488,6101,,,,,,,,,本科,,,,,
8144554,宁夏,本科批,物理,,XE1AD8D,,成都理工大学,D06C,机械工程,,,,,,494,5525,,,,,,494,5525,,,,,,,,,本科,,,,,
8144555,宁夏,本科批,物理,,XE1AD8D,,成都理工大学,861C,电子信息类,,,,,,509,4237,,,,,,509,4237,,,,,,,,,本科,,,,,
8145326,宁夏,本科批,历史,,XD7DC5B,,西北工业大学,C074,工商管理类（管理试验班）,管理试验班,,,,,570,560,,,,,,570,560,,,,,,,,,本科,,,,,
8145327,宁夏,本科批,历史,,XD7DC5B,,西北工业大学,F03B,经济与贸易类（国贸、法学、行管）,国贸、法学、行管,,,,,575,474,,,,,,575,474,,,,,,,,,本科,,,,,
8145328,宁夏,本科批,物理,,XD7DC5B,,西北工业大学,B2DB,能源动力类（航空动力与新能源试验班）,航空动力与新能源试验班,,,,,596,519,,,,,,596,519,,,,,,,,,本科,,,,,
8145329,宁夏,本科批,物理,,XD7DC5B,,西北工业大学,70BF,管理科学与工程类（管理试验班）,管理试验班,,,,,598,484,,,,,,598,484,,,,,,,,,本科,,,,,
8145330,宁夏,本科批,物理,,XD7DC5B,,西北工业大学,3C38,软件工程,,,,,,598,484,,,,,,598,484,,,,,,,,,本科,,,,,
8145331,宁夏,本科批,物理,,XD7DC5B,,西北工业大学,0115,计算机类（网络安全）,网络安全,,,,,599,470,,,,,,599,470,,,,,,,,,本科,,,,,
8145332,宁夏,本科批,物理,,XD7DC5B,,西北工业大学,A565,海洋工程类（智慧海洋试验班）,智慧海洋试验班,,,,,600,449,,,,,,600,449,,,,,,,,,本科,,,,,
8145333,宁夏,本科批,物理,,XD7DC5B,,西北工业大学,861C,电子信息类,,,,,,600,449,,,,,,600,449,,,,,,,,,本科,,,,,
8145334,宁夏,本科批,物理,,XD7DC5B,,西北工业大学,82E6,计算机类,,,,,,603,406,,,,,,603,406,,,,,,,,,本科,,,,,
8145335,宁夏,本科批,物理,,XD7DC5B,,西北工业大学,0184,自动化类,,,,,,604,394,,,,,,604,394,,,,,,,,,本科,,,,,
8145336,宁夏,本科批,物理,,XD7DC5B,,西北工业大学,D3AB,航空航天类（航天）,航天,,,,,605,381,,,,,,605,381,,,,,,,,,本科,,,,,
8145337,宁夏,本科批,物理,,XD7DC5B,,西北工业大学,9E40,航空航天类（航空）,航空,,,,,607,355,,,,,,607,355,,,,,,,,,本科,,,,,
8145338,宁夏,本科批,物理,,XD7DC5B,,西北工业大学,651E,材料类（航宇新材料试验班）,航宇新材料试验班,,,,,610,324,,,,,,610,324,,,,,,,,,本科,,,,,
8145339,宁夏,本科批,物理,,XD7DC5B,,西北工业大学,402B,航空航天类（智慧三航本研衔接班）,智慧三航本研衔接班,,,,,613,285,,,,,,613,285,,,,,,,,,本科,,,,,
8145340,宁夏,本科批,物理,,XD7DC5B,,西北工业大学,26C2,航空航天类（黄玉珊航空班）,黄玉珊航空班,,,,,616,243,,,,,,616,243,,,,,,,,,本科,,,,,
8146095,宁夏,本科批,物理,,XD8D78E,,哈尔滨工程大学,D40C,少数民族预科班,,,,,,492,5700,,,,,,492,5700,,,,,,,,,本科,,,,,
8146096,宁夏,本科批,物理,,XD8D78E,,哈尔滨工程大学,8684,智能制造工程,,,,,,553,1726,,,,,,553,1726,,,,,,,,,本科,,,,,
8146097,宁夏,本科批,物理,,XD8D78E,,哈尔滨工程大学,D146,能源动力类,,,,,,553,1726,,,,,,553,1726,,,,,,,,,本科,,,,,
8146098,宁夏,本科批,物理,,XD8D78E,,哈尔滨工程大学,D2FD,航空航天类,,,,,,554,1684,,,,,,554,1684,,,,,,,,,本科,,,,,
8146099,宁夏,本科批,物理,,XD8D78E,,哈尔滨工程大学,464F,软件工程（国家特色化示范性软件学院）,国家特色化示范性软件学院,,,,,555,1652,,,,,,555,1652,,,,,,,,,本科,,,,,
8146100,宁夏,本科批,物理,,XD8D78E,,哈尔滨工程大学,375C,海洋工程类,,,,,,555,1652,,,,,,555,1652,,,,,,,,,本科,,,,,
8146101,宁夏,本科批,物理,,XD8D78E,,哈尔滨工程大学,861C,电子信息类,,,,,,557,1563,,,,,,557,1563,,,,,,,,,本科,,,,,
8146761,宁夏,本科批,历史,,X00A4E9,,河南大学,B1EC,中国语言文学类,,,,,,497,3383,,,,,,497,3383,,,,,,,,,本科,,,,,
8146762,宁夏,本科批,历史,,X00A4E9,,河南大学,489A,旅游管理类,,,,,,498,3307,,,,,,498,3307,,,,,,,,,本科,,,,,
8146763,宁夏,本科批,历史,,X00A4E9,,河南大学,C29F,经济学类,,,,,,509,2669,,,,,,509,2669,,,,,,,,,本科,,,,,
8146764,宁夏,本科批,历史,,X00A4E9,,河南大学,927B,法学,,,,,,515,2358,,,,,,515,2358,,,,,,,,,本科,,,,,
8146765,宁夏,本科批,物理,,X00A4E9,,河南大学,A2E0,测绘工程,,,,,,447,11628,,,,,,447,11628,,,,,,,,,本科,,,,,
8146766,宁夏,本科批,物理,,X00A4E9,,河南大学,46AC,公共管理类,,,,,,455,10282,,,,,,455,10282,,,,,,,,,本科,,,,,
8146767,宁夏,本科批,物理,,X00A4E9,,河南大学,A5C9,建筑学,,,,,,462,9236,,,,,,462,9236,,,,,,,,,本科,,,,,
8146768,宁夏,本科批,物理,,X00A4E9,,河南大学,802A,物理学,,,,,,462,9236,,,,,,462,9236,,,,,,,,,本科,,,,,
8146769,宁夏,本科批,物理,,X00A4E9,,河南大学,2903,临床医学类,,,,,,465,8813,,,,,,465,8813,,,,,,,,,本科,,,,,
8146770,宁夏,本科批,物理,,X00A4E9,,河南大学,6954,化学类,,,,,,470,8177,,,,,,470,8177,,,,,,,,,本科,,,,,
8146771,宁夏,本科批,物理,,X00A4E9,,河南大学,82E6,计算机类,,,,,,480,6986,,,,,,480,6986,,,,,,,,,本科,,,,,
8147550,宁夏,本科批,物理,,X5CD4F8,,东北大学,ED69,经济管理试验班,,,,,,551,1807,,,,,,551,1807,,,,,,,,,本科,,,,,
8147551,宁夏,本科批,物理,,X5CD4F8,,东北大学,2426,材料类,,,,,,552,1766,,,,,,552,1766,,,,,,,,,本科,,,,,
8147552,宁夏,本科批,物理,,X5CD4F8,,东北大学,3CC9,理科试验班,,,,,,554,1684,,,,,,554,1684,,,,,,,,,本科,,,,,
8147553,宁夏,本科批,物理,,X5CD4F8,,东北大学,E0CE,工科试验班,,,,,,555,1652,,,,,,555,1652,,,,,,,,,本科,,,,,
8147554,宁夏,本科批,物理,,X5CD4F8,,东北大学,3477,应用物理学,,,,,,555,1652,,,,,,555,1652,,,,,,,,,本科,,,,,
8147555,宁夏,本科批,物理,,X5CD4F8,,东北大学,3615,机械类,,,,,,557,1563,,,,,,557,1563,,,,,,,,,本科,,,,,
8147556,宁夏,本科批,物理,,X5CD4F8,,东北大学,8684,智能制造工程,,,,,,562,1380,,,,,,562,1380,,,,,,,,,本科,,,,,
8147557,宁夏,本科批,物理,,X5CD4F8,,东北大学,0184,自动化类,,,,,,568,1185,,,,,,568,1185,,,,,,,,,本科,,,,,
8148248,宁夏,本科批,物理,,X7817F5,,西安电子科技大学,D40C,少数民族预科班,,,,,,530,2799,,,,,,530,2799,,,,,,,,,本科,,,,,
8148249,宁夏,本科批,物理,,X7817F5,,西安电子科技大学,0036,自动化类（智能制造及智能测控）,智能制造及智能测控,,,,,575,958,,,,,,575,958,,,,,,,,,本科,,,,,
8148250,宁夏,本科批,物理,,X7817F5,,西安电子科技大学,C122,生物医学工程类（电子信息交叉融合班）,电子信息交叉融合班,,,,,575,958,,,,,,575,958,,,,,,,,,本科,,,,,
8148251,宁夏,本科批,物理,,X7817F5,,西安电子科技大学,5B86,电子信息类（电子科学、信息物理、空天信息）,电子科学、信息物理、空天信息,,,,,575,958,,,,,,575,958,,,,,,,,,本科,,,,,
8148252,宁夏,本科批,物理,,X7817F5,,西安电子科技大学,0115,计算机类（网络安全）,网络安全,,,,,576,929,,,,,,576,929,,,,,,,,,本科,,,,,
8148253,宁夏,本科批,物理,,X7817F5,,西安电子科技大学,2D06,计算机类（智能）,智能,,,,,576,929,,,,,,576,929,,,,,,,,,本科,,,,,
8148254,宁夏,本科批,物理,,X7817F5,,西安电子科技大学,82E6,计算机类,,,,,,577,907,,,,,,577,907,,,,,,,,,本科,,,,,
8148255,宁夏,本科批,物理,,X7817F5,,西安电子科技大学,68C9,电子信息类（电子工程）,电子工程,,,,,578,883,,,,,,578,883,,,,,,,,,本科,,,,,
8148256,宁夏,本科批,物理,,X7817F5,,西安电子科技大学,04EE,电子信息类（集成电路）,集成电路,,,,,581,817,,,,,,581,817,,,,,,,,,本科,,,,,
8148257,宁夏,本科批,物理,,X7817F5,,西安电子科技大学,BC65,电子信息类（通信）,通信,,,,,583,771,,,,,,583,771,,,,,,,,,本科,,,,,
8149163,宁夏,本科批,历史,,XA92DCD,,南华大学,04A0,工商管理,,,,,,521,2051,,,,,,521,2051,,,,,,,,,本科,,,,,
8149164,宁夏,本科批,历史,,XA92DCD,,南华大学,927B,法学,,,,,,525,1867,,,,,,525,1867,,,,,,,,,本科,,,,,
8149165,宁夏,本科批,物理,,XA92DCD,,南华大学,E7FB,化工与制药类,,,,,,451,10913,,,,,,451,10913,,,,,,,,,本科,,,,,
8149166,宁夏,本科批,物理,,XA92DCD,,南华大学,6A3A,建筑环境与能源应用工程,,,,,,453,10598,,,,,,453,10598,,,,,,,,,本科,,,,,
8149167,宁夏,本科批,物理,,XA92DCD,,南华大学,5E19,会计学,,,,,,455,10282,,,,,,455,10282,,,,,,,,,本科,,,,,
8149168,宁夏,本科批,物理,,XA92DCD,,南华大学,10A0,药学,,,,,,457,9966,,,,,,457,9966,,,,,,,,,本科,,,,,
8149169,宁夏,本科批,物理,,XA92DCD,,南华大学,4ECE,土木工程,,,,,,460,9530,,,,,,460,9530,,,,,,,,,本科,,,,,
8149170,宁夏,本科批,物理,,XA92DCD,,南华大学,6420,过程装备与控制工程,,,,,,464,8960,,,,,,464,8960,,,,,,,,,本科,,,,,
8149171,宁夏,本科批,物理,,XA92DCD,,南华大学,A39E,预防医学,,,,,,464,8960,,,,,,464,8960,,,,,,,,,本科,,,,,
8149172,宁夏,本科批,物理,,XA92DCD,,南华大学,4BF3,护理学,,,,,,471,8067,,,,,,471,8067,,,,,,,,,本科,,,,,
8149173,宁夏,本科批,物理,,XA92DCD,,南华大学,91BF,矿物资源工程（含卓越工程师班）,含卓越工程师班,,,,,472,7933,,,,,,472,7933,,,,,,,,,本科,,,,,
8149174,宁夏,本科批,物理,,XA92DCD,,南华大学,0DD8,资源勘查工程,,,,,,472,7933,,,,,,472,7933,,,,,,,,,本科,,,,,
8149175,宁夏,本科批,物理,,XA92DCD,,南华大学,26A7,车辆工程,,,,,,473,7812,,,,,,473,7812,,,,,,,,,本科,,,,,
8149176,宁夏,本科批,物理,,XA92DCD,,南华大学,8684,智能制造工程,,,,,,475,7574,,,,,,475,7574,,,,,,,,,本科,,,,,
8149177,宁夏,本科批,物理,,XA92DCD,,南华大学,78FF,机械设计制造及其自动化,,,,,,476,7457,,,,,,476,7457,,,,,,,,,本科,,,,,
8149178,宁夏,本科批,物理,,XA92DCD,,南华大学,ECA4,通信工程,,,,,,479,7107,,,,,,479,7107,,,,,,,,,本科,,,,,
8149179,宁夏,本科批,物理,,XA92DCD,,南华大学,3C38,软件工程,,,,,,483,6646,,,,,,483,6646,,,,,,,,,本科,,,,,
8149180,宁夏,本科批,物理,,XA92DCD,,南华大学,A5B7,电气工程及其自动化,,,,,,491,5800,,,,,,491,5800,,,,,,,,,本科,,,,,
8149181,宁夏,本科批,物理,,XA92DCD,,南华大学,97D0,临床医学,,,,,,492,5700,,,,,,492,5700,,,,,,,,,本科,,,,,
8149182,宁夏,本科批,物理,,XA92DCD,,南华大学,FF49,核工程类,,,,,,497,5244,,,,,,497,5244,,,,,,,,,本科,,,,,
8150025,宁夏,本科批,物理,,X3F0F52,,南京航空航天大学,D40C,少数民族预科班,,,,,,513,3942,,,,,,513,3942,,,,,,,,,本科,,,,,
8150026,宁夏,本科批,物理,,X3F0F52,,南京航空航天大学,2FC7,交通运输（空中交通管制与签派）,空中交通管制与签派,,,,,570,1126,,,,,,570,1126,,,,,,,,,本科,,,,,
8150027,宁夏,本科批,物理,,X3F0F52,,南京航空航天大学,427B,交通运输（民航电子电气工程）,民航电子电气工程,,,,,572,1056,,,,,,572,1056,,,,,,,,,本科,,,,,
8150028,宁夏,本科批,物理,,X3F0F52,,南京航空航天大学,F002,光电信息材料与器件,,,,,,572,1056,,,,,,572,1056,,,,,,,,,本科,,,,,
8150029,宁夏,本科批,物理,,X3F0F52,,南京航空航天大学,861C,电子信息类,,,,,,574,986,,,,,,574,986,,,,,,,,,本科,,,,,
8150030,宁夏,本科批,物理,,X3F0F52,,南京航空航天大学,D1B1,智能飞行器技术,,,,,,577,907,,,,,,577,907,,,,,,,,,本科,,,,,
8150031,宁夏,本科批,物理,,X3F0F52,,南京航空航天大学,D2FD,航空航天类,,,,,,588,666,,,,,,588,666,,,,,,,,,本科,,,,,
8150923,宁夏,本科批,历史,,X88D82D,,兰州大学,B6E2,民族学（民族班）,民族班,,,,,550,999,,,,,,550,999,,,,,,,,,本科,,,,,
8150924,宁夏,本科批,历史,,X88D82D,,兰州大学,487F,民族学,,,,,,566,645,,,,,,566,645,,,,,,,,,本科,,,,,
8150925,宁夏,本科批,历史,,X88D82D,,兰州大学,CC5B,马克思主义理论类,,,,,,572,524,,,,,,572,524,,,,,,,,,本科,,,,,
8150926,宁夏,本科批,历史,,X88D82D,,兰州大学,8F16,政治学类,,,,,,575,474,,,,,,575,474,,,,,,,,,本科,,,,,
8150927,宁夏,本科批,物理,,X88D82D,,兰州大学,88CC,公共事业管理（卫生事业管理方向）（民族班）,卫生事业管理方向; 民族班,,,,,507,4402,,,,,,507,4402,,,,,,,,,本科,,,,,
8150928,宁夏,本科批,物理,,X88D82D,,兰州大学,7741,辐射防护与核安全（民族班）,民族班,,,,,511,4076,,,,,,511,4076,,,,,,,,,本科,,,,,
8150929,宁夏,本科批,物理,,X88D82D,,兰州大学,CD64,儿科学,,,,,,532,2696,,,,,,532,2696,,,,,,,,,本科,,,,,
8150930,宁夏,本科批,物理,,X88D82D,,兰州大学,A39E,预防医学,,,,,,533,2634,,,,,,533,2634,,,,,,,,,本科,,,,,
8150931,宁夏,本科批,物理,,X88D82D,,兰州大学,4C13,农林经济管理,,,,,,534,2583,,,,,,534,2583,,,,,,,,,本科,,,,,
8150932,宁夏,本科批,物理,,X88D82D,,兰州大学,7022,社会学,,,,,,535,2533,,,,,,535,2533,,,,,,,,,本科,,,,,
8150933,宁夏,本科批,物理,,X88D82D,,兰州大学,DEB7,草业科学（基地班）,基地班,,,,,538,2382,,,,,,538,2382,,,,,,,,,本科,,,,,
8150934,宁夏,本科批,物理,,X88D82D,,兰州大学,10A0,药学,,,,,,538,2382,,,,,,538,2382,,,,,,,,,本科,,,,,
8150935,宁夏,本科批,物理,,X88D82D,,兰州大学,38C2,地质工程,,,,,,540,2285,,,,,,540,2285,,,,,,,,,本科,,,,,
8150936,宁夏,本科批,物理,,X88D82D,,兰州大学,BE91,医学检验技术,,,,,,541,2226,,,,,,541,2226,,,,,,,,,本科,,,,,
8150937,宁夏,本科批,物理,,X88D82D,,兰州大学,EF7C,工商管理类,,,,,,541,2226,,,,,,541,2226,,,,,,,,,本科,,,,,
8150938,宁夏,本科批,物理,,X88D82D,,兰州大学,97D0,临床医学,,,,,,542,2180,,,,,,542,2180,,,,,,,,,本科,,,,,
8150939,宁夏,本科批,物理,,X88D82D,,兰州大学,17BC,大气科学类,,,,,,544,2097,,,,,,544,2097,,,,,,,,,本科,,,,,
8150940,宁夏,本科批,物理,,X88D82D,,兰州大学,1B22,辐射防护与核安全,,,,,,544,2097,,,,,,544,2097,,,,,,,,,本科,,,,,
8150941,宁夏,本科批,物理,,X88D82D,,兰州大学,6954,化学类,,,,,,545,2051,,,,,,545,2051,,,,,,,,,本科,,,,,
8150942,宁夏,本科批,物理,,X88D82D,,兰州大学,4648,物理学类,,,,,,552,1766,,,,,,552,1766,,,,,,,,,本科,,,,,
8150943,宁夏,本科批,物理,,X88D82D,,兰州大学,861C,电子信息类,,,,,,556,1611,,,,,,556,1611,,,,,,,,,本科,,,,,
8151393,宁夏,本科批,历史,,X968B58,,南开大学,C29F,经济学类,,,,,,607,115,,,,,,607,115,,,,,,,,,本科,,,,,
8151394,宁夏,本科批,历史,,X968B58,,南开大学,927B,法学,,,,,,611,95,,,,,,611,95,,,,,,,,,本科,,,,,
8151395,宁夏,本科批,历史,,X968B58,,南开大学,6240,历史学类,,,,,,613,82,,,,,,613,82,,,,,,,,,本科,,,,,
8151396,宁夏,本科批,物理,,X968B58,,南开大学,6BED,工科试验班（信息科学与技术）,信息科学与技术,,,,,598,484,,,,,,598,484,,,,,,,,,本科,,,,,
8151397,宁夏,本科批,物理,,X968B58,,南开大学,3233,理科试验班（物理与光电信息技术工程）,物理与光电信息技术工程,,,,,599,470,,,,,,599,470,,,,,,,,,本科,,,,,
8151398,宁夏,本科批,物理,,X968B58,,南开大学,C29F,经济学类,,,,,,603,406,,,,,,603,406,,,,,,,,,本科,,,,,
8151399,宁夏,本科批,物理,,X968B58,,南开大学,A4EA,临床医学（5+3一体化）,5+3一体化,,,,,603,406,,,,,,603,406,,,,,,,,,本科,,,,,
8151400,宁夏,本科批,物理,,X968B58,,南开大学,D724,理科试验班（数学与大数据）,数学与大数据,,,,,606,367,,,,,,606,367,,,,,,,,,本科,,,,,
8152331,宁夏,本科批,历史,,XB50A38,,海南大学,9D85,酒店管理,,,,,,497,3383,,,,,,497,3383,,,,,,,,,本科,,,,,
8152332,宁夏,本科批,历史,,XB50A38,,海南大学,51C8,思想政治教育,,,,,,499,3256,,,,,,499,3256,,,,,,,,,本科,,,,,
8152333,宁夏,本科批,历史,,XB50A38,,海南大学,9CA5,传播学,,,,,,501,3138,,,,,,501,3138,,,,,,,,,本科,,,,,
8152334,宁夏,本科批,历史,,XB50A38,,海南大学,04A0,工商管理,,,,,,501,3138,,,,,,501,3138,,,,,,,,,本科,,,,,
8152335,宁夏,本科批,历史,,XB50A38,,海南大学,FC90,俄语,,,,,,502,3081,,,,,,502,3081,,,,,,,,,本科,,,,,
8152336,宁夏,本科批,历史,,XB50A38,,海南大学,4145,英语,,,,,,504,2973,,,,,,504,2973,,,,,,,,,本科,,,,,
8152337,宁夏,本科批,历史,,XB50A38,,海南大学,AC90,行政管理,,,,,,504,2973,,,,,,504,2973,,,,,,,,,本科,,,,,
8152338,宁夏,本科批,历史,,XB50A38,,海南大学,D243,汉语言文学,,,,,,504,2973,,,,,,504,2973,,,,,,,,,本科,,,,,
8152339,宁夏,本科批,历史,,XB50A38,,海南大学,A7E8,会展经济与管理,,,,,,513,2442,,,,,,513,2442,,,,,,,,,本科,,,,,
8152340,宁夏,本科批,历史,,XB50A38,,海南大学,5E19,会计学,,,,,,530,1676,,,,,,530,1676,,,,,,,,,本科,,,,,
8152341,宁夏,本科批,历史,,XB50A38,,海南大学,927B,法学,,,,,,547,1092,,,,,,547,1092,,,,,,,,,本科,,,,,
8152342,宁夏,本科批,物理,,XB50A38,,海南大学,04A0,工商管理,,,,,,450,11095,,,,,,450,11095,,,,,,,,,本科,,,,,
8152343,宁夏,本科批,物理,,XB50A38,,海南大学,1AFF,农业资源与环境,,,,,,452,10754,,,,,,452,10754,,,,,,,,,本科,,,,,
8152715,宁夏,本科批,历史,,X9FC7EE,,北京理工大学,620D,社会科学试验班（人文社科方向）,人文社科方向,,,,,584,335,,,,,,584,335,,,,,,,,,本科,,,,,
8152716,宁夏,本科批,物理,,X9FC7EE,,北京理工大学,FCCC,工科试验班（徐特立英才班）,徐特立英才班,,,,,624,174,,,,,,624,174,,,,,,,,,本科,,,,,
8152717,宁夏,本科批,物理,,X9FC7EE,,北京理工大学,0DA2,工科试验班（未来精工技术）,未来精工技术,,,,,629,137,,,,,,629,137,,,,,,,,,本科,,,,,
8154028,宁夏,本科批,历史,,X0BE7D9,,中南财经政法大学,D40C,少数民族预科班,,,,,,531,1630,,,,,,531,1630,,,,,,,,,本科,,,,,
8154029,宁夏,本科批,历史,,X0BE7D9,,中南财经政法大学,D9E9,外国语言文学类,,,,,,533,1564,,,,,,533,1564,,,,,,,,,本科,,,,,
8154030,宁夏,本科批,历史,,X0BE7D9,,中南财经政法大学,73E7,国际政治,,,,,,556,854,,,,,,556,854,,,,,,,,,本科,,,,,
8154031,宁夏,本科批,历史,,X0BE7D9,,中南财经政法大学,EF7C,工商管理类,,,,,,558,807,,,,,,558,807,,,,,,,,,本科,,,,,
8154032,宁夏,本科批,历史,,X0BE7D9,,中南财经政法大学,FC90,俄语,,,,,,563,703,,,,,,563,703,,,,,,,,,本科,,,,,
8154033,宁夏,本科批,历史,,X0BE7D9,,中南财经政法大学,87C2,劳动关系,,,,,,565,663,,,,,,565,663,,,,,,,,,本科,,,,,
8154034,宁夏,本科批,历史,,X0BE7D9,,中南财经政法大学,9301,新闻传播学类,,,,,,566,645,,,,,,566,645,,,,,,,,,本科,,,,,
8154035,宁夏,本科批,历史,,X0BE7D9,,中南财经政法大学,6AB9,经济学,,,,,,566,645,,,,,,566,645,,,,,,,,,本科,,,,,
8154036,宁夏,本科批,历史,,X0BE7D9,,中南财经政法大学,308C,法学类,,,,,,568,610,,,,,,568,610,,,,,,,,,本科,,,,,
8154037,宁夏,本科批,历史,,X0BE7D9,,中南财经政法大学,1356,金融学类,,,,,,574,492,,,,,,574,492,,,,,,,,,本科,,,,,
8154038,宁夏,本科批,历史,,X0BE7D9,,中南财经政法大学,CA9C,财政学类,,,,,,582,369,,,,,,582,369,,,,,,,,,本科,,,,,
8154039,宁夏,本科批,历史,,X0BE7D9,,中南财经政法大学,D243,汉语言文学,,,,,,583,354,,,,,,583,354,,,,,,,,,本科,,,,,
8154040,宁夏,本科批,历史,,X0BE7D9,,中南财经政法大学,2959,工商管理类（会计学）,会计学,,,,,584,335,,,,,,584,335,,,,,,,,,本科,,,,,
8154041,宁夏,本科批,物理,,X0BE7D9,,中南财经政法大学,D40C,少数民族预科班,,,,,,459,9681,,,,,,459,9681,,,,,,,,,本科,,,,,
8154042,宁夏,本科批,物理,,X0BE7D9,,中南财经政法大学,D9E9,外国语言文学类,,,,,,522,3293,,,,,,522,3293,,,,,,,,,本科,,,,,
8154043,宁夏,本科批,物理,,X0BE7D9,,中南财经政法大学,9301,新闻传播学类,,,,,,525,3106,,,,,,525,3106,,,,,,,,,本科,,,,,
8154044,宁夏,本科批,物理,,X0BE7D9,,中南财经政法大学,8EF0,管理科学与工程类,,,,,,526,3056,,,,,,526,3056,,,,,,,,,本科,,,,,
8154045,宁夏,本科批,物理,,X0BE7D9,,中南财经政法大学,EF7C,工商管理类,,,,,,527,2979,,,,,,527,2979,,,,,,,,,本科,,,,,
8154046,宁夏,本科批,物理,,X0BE7D9,,中南财经政法大学,82E6,计算机类,,,,,,530,2799,,,,,,530,2799,,,,,,,,,本科,,,,,
8154047,宁夏,本科批,物理,,X0BE7D9,,中南财经政法大学,1356,金融学类,,,,,,530,2799,,,,,,530,2799,,,,,,,,,本科,,,,,
8154048,宁夏,本科批,物理,,X0BE7D9,,中南财经政法大学,6AB9,经济学,,,,,,534,2583,,,,,,534,2583,,,,,,,,,本科,,,,,
8154049,宁夏,本科批,物理,,X0BE7D9,,中南财经政法大学,308C,法学类,,,,,,538,2382,,,,,,538,2382,,,,,,,,,本科,,,,,
8154050,宁夏,本科批,物理,,X0BE7D9,,中南财经政法大学,2959,工商管理类（会计学）,会计学,,,,,543,2138,,,,,,543,2138,,,,,,,,,本科,,,,,
8154908,宁夏,本科批,历史,,X3FE75C,,合肥工业大学,D40C,少数民族预科班,,,,,,492,3719,,,,,,492,3719,,,,,,,,,本科,,,,,
8154909,宁夏,本科批,物理,,X3FE75C,,合肥工业大学,D40C,少数民族预科班,,,,,,469,8304,,,,,,469,8304,,,,,,,,,本科,,,,,
8154910,宁夏,本科批,物理,,X3FE75C,,合肥工业大学,4ECE,土木工程,,,,,,498,5138,,,,,,498,5138,,,,,,,,,本科,,,,,
8154911,宁夏,本科批,物理,,X3FE75C,,合肥工业大学,10A0,药学,,,,,,499,5046,,,,,,499,5046,,,,,,,,,本科,,,,,
8154912,宁夏,本科批,物理,,X3FE75C,,合肥工业大学,A2E0,测绘工程,,,,,,499,5046,,,,,,499,5046,,,,,,,,,本科,,,,,
8154913,宁夏,本科批,物理,,X3FE75C,,合肥工业大学,6A3A,建筑环境与能源应用工程,,,,,,501,4879,,,,,,501,4879,,,,,,,,,本科,,,,,
8154914,宁夏,本科批,物理,,X3FE75C,,合肥工业大学,E2E1,生物工程,,,,,,502,4806,,,,,,502,4806,,,,,,,,,本科,,,,,
8154915,宁夏,本科批,物理,,X3FE75C,,合肥工业大学,09EE,市场营销,,,,,,503,4724,,,,,,503,4724,,,,,,,,,本科,,,,,
8154916,宁夏,本科批,物理,,X3FE75C,,合肥工业大学,40CE,制药工程,,,,,,503,4724,,,,,,503,4724,,,,,,,,,本科,,,,,
8154917,宁夏,本科批,物理,,X3FE75C,,合肥工业大学,52FD,应用化学,,,,,,506,4475,,,,,,506,4475,,,,,,,,,本科,,,,,
8154918,宁夏,本科批,物理,,X3FE75C,,合肥工业大学,D6ED,化学工程与工艺,,,,,,507,4402,,,,,,507,4402,,,,,,,,,本科,,,,,
8154919,宁夏,本科批,物理,,X3FE75C,,合肥工业大学,0DD8,资源勘查工程,,,,,,509,4237,,,,,,509,4237,,,,,,,,,本科,,,,,
8154920,宁夏,本科批,物理,,X3FE75C,,合肥工业大学,294C,地球信息科学与技术,,,,,,510,4145,,,,,,510,4145,,,,,,,,,本科,,,,,
8154921,宁夏,本科批,物理,,X3FE75C,,合肥工业大学,F55B,交通运输,,,,,,516,3695,,,,,,516,3695,,,,,,,,,本科,,,,,
8154922,宁夏,本科批,物理,,X3FE75C,,合肥工业大学,78FF,机械设计制造及其自动化,,,,,,538,2382,,,,,,538,2382,,,,,,,,,本科,,,,,
8154923,宁夏,本科批,物理,,X3FE75C,,合肥工业大学,A687,光电信息科学与工程,,,,,,539,2332,,,,,,539,2332,,,,,,,,,本科,,,,,
8154924,宁夏,本科批,物理,,X3FE75C,,合肥工业大学,93E3,电子信息工程,,,,,,544,2097,,,,,,544,2097,,,,,,,,,本科,,,,,
8154925,宁夏,本科批,物理,,X3FE75C,,合肥工业大学,A5B7,电气工程及其自动化,,,,,,551,1807,,,,,,551,1807,,,,,,,,,本科,,,,,
8155760,宁夏,本科批,历史,,XBEB10F,,济南大学,9301,新闻传播学类,,,,,,513,2442,,,,,,513,2442,,,,,,,,,本科,,,,,
8155761,宁夏,本科批,历史,,XBEB10F,,济南大学,7288,文化产业管理,,,,,,513,2442,,,,,,513,2442,,,,,,,,,本科,,,,,
8155762,宁夏,本科批,历史,,XBEB10F,,济南大学,E6CB,社会工作,,,,,,514,2392,,,,,,514,2392,,,,,,,,,本科,,,,,
8155763,宁夏,本科批,历史,,XBEB10F,,济南大学,46AC,公共管理类,,,,,,519,2144,,,,,,519,2144,,,,,,,,,本科,,,,,
8155764,宁夏,本科批,历史,,XBEB10F,,济南大学,927B,法学,,,,,,527,1793,,,,,,527,1793,,,,,,,,,本科,,,,,
8155765,宁夏,本科批,历史,,XBEB10F,,济南大学,AFF5,汉语言文学（师范类）,师范类,,,,,530,1676,,,,,,530,1676,,,,,,,,,本科,,,,,
8155766,宁夏,本科批,物理,,XBEB10F,,济南大学,C493,土木类,,,,,,448,11446,,,,,,448,11446,,,,,,,,,本科,,,,,
8155767,宁夏,本科批,物理,,XBEB10F,,济南大学,F89C,生物技术,,,,,,448,11446,,,,,,448,11446,,,,,,,,,本科,,,,,
8155768,宁夏,本科批,物理,,XBEB10F,,济南大学,6AB9,经济学,,,,,,449,11257,,,,,,449,11257,,,,,,,,,本科,,,,,
8155769,宁夏,本科批,物理,,XBEB10F,,济南大学,7E23,环境工程,,,,,,449,11257,,,,,,449,11257,,,,,,,,,本科,,,,,
8155770,宁夏,本科批,物理,,XBEB10F,,济南大学,EBA7,标准化工程,,,,,,450,11095,,,,,,450,11095,,,,,,,,,本科,,,,,
8155771,宁夏,本科批,物理,,XBEB10F,,济南大学,4041,应用心理学（师范类）,师范类,,,,,451,10913,,,,,,451,10913,,,,,,,,,本科,,,,,
8155772,宁夏,本科批,物理,,XBEB10F,,济南大学,5E19,会计学,,,,,,451,10913,,,,,,451,10913,,,,,,,,,本科,,,,,
8155773,宁夏,本科批,物理,,XBEB10F,,济南大学,2426,材料类,,,,,,453,10598,,,,,,453,10598,,,,,,,,,本科,,,,,
8155774,宁夏,本科批,物理,,XBEB10F,,济南大学,E7FB,化工与制药类,,,,,,454,10448,,,,,,454,10448,,,,,,,,,本科,,,,,
8155775,宁夏,本科批,物理,,XBEB10F,,济南大学,10A0,药学,,,,,,455,10282,,,,,,455,10282,,,,,,,,,本科,,,,,
8155776,宁夏,本科批,物理,,XBEB10F,,济南大学,26A7,车辆工程,,,,,,455,10282,,,,,,455,10282,,,,,,,,,本科,,,,,
8155777,宁夏,本科批,物理,,XBEB10F,,济南大学,7D0A,地理科学（师范兼非师范）,师范兼非师范,,,,,456,10121,,,,,,456,10121,,,,,,,,,本科,,,,,
8155778,宁夏,本科批,物理,,XBEB10F,,济南大学,D06C,机械工程,,,,,,457,9966,,,,,,457,9966,,,,,,,,,本科,,,,,
8155779,宁夏,本科批,物理,,XBEB10F,,济南大学,F11A,机器人工程,,,,,,458,9834,,,,,,458,9834,,,,,,,,,本科,,,,,
8155780,宁夏,本科批,物理,,XBEB10F,,济南大学,6954,化学类,,,,,,458,9834,,,,,,458,9834,,,,,,,,,本科,,,,,
8155781,宁夏,本科批,物理,,XBEB10F,,济南大学,53AE,物理学（师范兼非师范）,师范兼非师范,,,,,461,9388,,,,,,461,9388,,,,,,,,,本科,,,,,
8155782,宁夏,本科批,物理,,XBEB10F,,济南大学,F068,人工智能,,,,,,464,8960,,,,,,464,8960,,,,,,,,,本科,,,,,
8155783,宁夏,本科批,物理,,XBEB10F,,济南大学,A5B7,电气工程及其自动化,,,,,,473,7812,,,,,,473,7812,,,,,,,,,本科,,,,,
8155784,宁夏,本科批,物理,,XBEB10F,,济南大学,B8DA,数学与应用数学（师范类）,师范类,,,,,475,7574,,,,,,475,7574,,,,,,,,,本科,,,,,
8156645,宁夏,本科批,物理,,XA1F45F,,青岛理工大学,4ECE,土木工程,,,,,,430,14690,,,,,,430,14690,,,,,,,,,本科,,,,,
8156646,宁夏,本科批,物理,,XA1F45F,,青岛理工大学,1231,城市地下空间工程,,,,,,431,14482,,,,,,431,14482,,,,,,,,,本科,,,,,
8156647,宁夏,本科批,物理,,XA1F45F,,青岛理工大学,371D,工程造价,,,,,,431,14482,,,,,,431,14482,,,,,,,,,本科,,,,,
8156648,宁夏,本科批,物理,,XA1F45F,,青岛理工大学,7E23,环境工程,,,,,,431,14482,,,,,,431,14482,,,,,,,,,本科,,,,,
8156649,宁夏,本科批,物理,,XA1F45F,,青岛理工大学,6F56,工程管理,,,,,,432,14269,,,,,,432,14269,,,,,,,,,本科,,,,,
8156650,宁夏,本科批,物理,,XA1F45F,,青岛理工大学,FEF6,材料成型及控制工程,,,,,,433,14069,,,,,,433,14069,,,,,,,,,本科,,,,,
8156651,宁夏,本科批,物理,,XA1F45F,,青岛理工大学,735F,环保设备工程,,,,,,434,13883,,,,,,434,13883,,,,,,,,,本科,,,,,
8156652,宁夏,本科批,物理,,XA1F45F,,青岛理工大学,3E25,国际商务,,,,,,435,13689,,,,,,435,13689,,,,,,,,,本科,,,,,
8156653,宁夏,本科批,物理,,XA1F45F,,青岛理工大学,09EE,市场营销,,,,,,435,13689,,,,,,435,13689,,,,,,,,,本科,,,,,
8156654,宁夏,本科批,物理,,XA1F45F,,青岛理工大学,4D44,给排水科学与工程,,,,,,435,13689,,,,,,435,13689,,,,,,,,,本科,,,,,
8156655,宁夏,本科批,物理,,XA1F45F,,青岛理工大学,3477,应用物理学,,,,,,436,13513,,,,,,436,13513,,,,,,,,,本科,,,,,
8156656,宁夏,本科批,物理,,XA1F45F,,青岛理工大学,76B9,统计学,,,,,,436,13513,,,,,,436,13513,,,,,,,,,本科,,,,,
8156657,宁夏,本科批,物理,,XA1F45F,,青岛理工大学,A942,材料科学与工程,,,,,,436,13513,,,,,,436,13513,,,,,,,,,本科,,,,,
8156658,宁夏,本科批,物理,,XA1F45F,,青岛理工大学,5AC6,工程力学,,,,,,437,13337,,,,,,437,13337,,,,,,,,,本科,,,,,
8156659,宁夏,本科批,物理,,XA1F45F,,青岛理工大学,6A3A,建筑环境与能源应用工程,,,,,,437,13337,,,,,,437,13337,,,,,,,,,本科,,,,,
8156660,宁夏,本科批,物理,,XA1F45F,,青岛理工大学,5257,工业工程,,,,,,438,13162,,,,,,438,13162,,,,,,,,,本科,,,,,
8156661,宁夏,本科批,物理,,XA1F45F,,青岛理工大学,A5C9,建筑学,,,,,,438,13162,,,,,,438,13162,,,,,,,,,本科,,,,,
8156662,宁夏,本科批,物理,,XA1F45F,,青岛理工大学,F620,安全工程,,,,,,439,12985,,,,,,439,12985,,,,,,,,,本科,,,,,
8156663,宁夏,本科批,物理,,XA1F45F,,青岛理工大学,6AB9,经济学,,,,,,439,12985,,,,,,439,12985,,,,,,,,,本科,,,,,
8156664,宁夏,本科批,物理,,XA1F45F,,青岛理工大学,A5D2,测控技术与仪器,,,,,,439,12985,,,,,,439,12985,,,,,,,,,本科,,,,,
8158341,宁夏,本科批,历史,,X110192,,吉林大学,9C84,社会学类,,,,,,549,1023,,,,,,549,1023,,,,,,,,,本科,,,,,
8158342,宁夏,本科批,历史,,X110192,,吉林大学,671C,日语,,,,,,580,389,,,,,,580,389,,,,,,,,,本科,,,,,
8158343,宁夏,本科批,历史,,X110192,,吉林大学,7223,外交学,,,,,,582,369,,,,,,582,369,,,,,,,,,本科,,,,,
8158344,宁夏,本科批,历史,,X110192,,吉林大学,9301,新闻传播学类,,,,,,583,354,,,,,,583,354,,,,,,,,,本科,,,,,
8158345,宁夏,本科批,历史,,X110192,,吉林大学,5CC8,哲学,,,,,,586,303,,,,,,586,303,,,,,,,,,本科,,,,,
8158346,宁夏,本科批,历史,,X110192,,吉林大学,D0E1,政治学与行政学,,,,,,587,291,,,,,,587,291,,,,,,,,,本科,,,,,
8158347,宁夏,本科批,历史,,X110192,,吉林大学,205C,哲学（匡亚明班，拔尖学生培养基地）,匡亚明班，拔尖学生培养基地,,,,,593,220,,,,,,593,220,,,,,,,,,本科,,,,,
8158348,宁夏,本科批,历史,,X110192,,吉林大学,D243,汉语言文学,,,,,,595,203,,,,,,595,203,,,,,,,,,本科,,,,,
8158349,宁夏,本科批,历史,,X110192,,吉林大学,927B,法学,,,,,,596,196,,,,,,596,196,,,,,,,,,本科,,,,,
8158350,宁夏,本科批,历史,,X110192,,吉林大学,5D00,法学（涉外法治人才试验班）,涉外法治人才试验班,,,,,603,141,,,,,,603,141,,,,,,,,,本科,,,,,
8158351,宁夏,本科批,物理,,X110192,,吉林大学,FA31,少数民族预科班（交通运输类）,交通运输类,,,,,434,13883,,,,,,434,13883,,,,,,,,,本科,,,,,
8158352,宁夏,本科批,物理,,X110192,,吉林大学,1A44,少数民族预科班（预防医学）,预防医学,,,,,442,12470,,,,,,442,12470,,,,,,,,,本科,,,,,
8158353,宁夏,本科批,物理,,X110192,,吉林大学,BB3C,少数民族预科班（经济学类）,经济学类,,,,,459,9681,,,,,,459,9681,,,,,,,,,本科,,,,,
8158354,宁夏,本科批,物理,,X110192,,吉林大学,817D,康复治疗学,,,,,,490,5885,,,,,,490,5885,,,,,,,,,本科,,,,,
8158355,宁夏,本科批,物理,,X110192,,吉林大学,EC95,勘查技术与工程,,,,,,491,5800,,,,,,491,5800,,,,,,,,,本科,,,,,
8158356,宁夏,本科批,物理,,X110192,,吉林大学,C493,土木类,,,,,,514,3852,,,,,,514,3852,,,,,,,,,本科,,,,,
8158357,宁夏,本科批,物理,,X110192,,吉林大学,C29F,经济学类,,,,,,518,3555,,,,,,518,3555,,,,,,,,,本科,,,,,
8158358,宁夏,本科批,物理,,X110192,,吉林大学,6954,化学类,,,,,,518,3555,,,,,,518,3555,,,,,,,,,本科,,,,,
8158359,宁夏,本科批,物理,,X110192,,吉林大学,EF96,食品科学与工程类,,,,,,536,2489,,,,,,536,2489,,,,,,,,,本科,,,,,
8158360,宁夏,本科批,物理,,X110192,,吉林大学,2426,材料类,,,,,,538,2382,,,,,,538,2382,,,,,,,,,本科,,,,,
8158361,宁夏,本科批,物理,,X110192,,吉林大学,F6E0,农业机械化及其自动化,,,,,,541,2226,,,,,,541,2226,,,,,,,,,本科,,,,,
8158362,宁夏,本科批,物理,,X110192,,吉林大学,5E19,会计学,,,,,,544,2097,,,,,,544,2097,,,,,,,,,本科,,,,,
8158363,宁夏,本科批,物理,,X110192,,吉林大学,97D0,临床医学,,,,,,553,1726,,,,,,553,1726,,,,,,,,,本科,,,,,
8158364,宁夏,本科批,物理,,X110192,,吉林大学,8EF0,管理科学与工程类,,,,,,554,1684,,,,,,554,1684,,,,,,,,,本科,,,,,
8158365,宁夏,本科批,物理,,X110192,,吉林大学,29CC,档案学,,,,,,556,1611,,,,,,556,1611,,,,,,,,,本科,,,,,
8158366,宁夏,本科批,物理,,X110192,,吉林大学,852C,交通运输类,,,,,,559,1488,,,,,,559,1488,,,,,,,,,本科,,,,,
8158367,宁夏,本科批,物理,,X110192,,吉林大学,3557,能源与动力工程,,,,,,560,1459,,,,,,560,1459,,,,,,,,,本科,,,,,
8158368,宁夏,本科批,物理,,X110192,,吉林大学,4B2A,信息工程,,,,,,564,1304,,,,,,564,1304,,,,,,,,,本科,,,,,
8158369,宁夏,本科批,物理,,X110192,,吉林大学,4648,物理学类,,,,,,566,1241,,,,,,566,1241,,,,,,,,,本科,,,,,
8158370,宁夏,本科批,物理,,X110192,,吉林大学,ECA4,通信工程,,,,,,567,1216,,,,,,567,1216,,,,,,,,,本科,,,,,
8159017,宁夏,本科批,历史,,X6FFD17,,山东科技大学,927B,法学,,,,,,532,1598,,,,,,532,1598,,,,,,,,,本科,,,,,
8159018,宁夏,本科批,物理,,X6FFD17,,山东科技大学,04A0,工商管理,,,,,,432,14269,,,,,,432,14269,,,,,,,,,本科,,,,,
8159019,宁夏,本科批,物理,,X6FFD17,,山东科技大学,7E23,环境工程,,,,,,432,14269,,,,,,432,14269,,,,,,,,,本科,,,,,
8159020,宁夏,本科批,物理,,X6FFD17,,山东科技大学,0FBC,金融学,,,,,,433,14069,,,,,,433,14069,,,,,,,,,本科,,,,,
8159021,宁夏,本科批,物理,,X6FFD17,,山东科技大学,924C,智慧交通,,,,,,434,13883,,,,,,434,13883,,,,,,,,,本科,,,,,
8159022,宁夏,本科批,物理,,X6FFD17,,山东科技大学,9E40,职业卫生工程,,,,,,435,13689,,,,,,435,13689,,,,,,,,,本科,,,,,
8159023,宁夏,本科批,物理,,X6FFD17,,山东科技大学,D6ED,化学工程与工艺,,,,,,435,13689,,,,,,435,13689,,,,,,,,,本科,,,,,
8159024,宁夏,本科批,物理,,X6FFD17,,山东科技大学,F55B,交通运输,,,,,,435,13689,,,,,,435,13689,,,,,,,,,本科,,,,,
8159025,宁夏,本科批,物理,,X6FFD17,,山东科技大学,55E1,金融科技（泰安）,泰安,,,,,436,13513,,,,,,436,13513,,,,,,,,,本科,,,,,
8159026,宁夏,本科批,物理,,X6FFD17,,山东科技大学,CA67,采矿工程,,,,,,436,13513,,,,,,436,13513,,,,,,,,,本科,,,,,
8159027,宁夏,本科批,物理,,X6FFD17,,山东科技大学,4ECE,土木工程,,,,,,437,13337,,,,,,437,13337,,,,,,,,,本科,,,,,
8159028,宁夏,本科批,物理,,X6FFD17,,山东科技大学,A5C9,建筑学,,,,,,438,13162,,,,,,438,13162,,,,,,,,,本科,,,,,
8159029,宁夏,本科批,物理,,X6FFD17,,山东科技大学,A2E0,测绘工程,,,,,,438,13162,,,,,,438,13162,,,,,,,,,本科,,,,,
8159030,宁夏,本科批,物理,,X6FFD17,,山东科技大学,B694,生物制药,,,,,,442,12470,,,,,,442,12470,,,,,,,,,本科,,,,,
8159031,宁夏,本科批,物理,,X6FFD17,,山东科技大学,5257,工业工程,,,,,,446,11823,,,,,,446,11823,,,,,,,,,本科,,,,,
8159032,宁夏,本科批,物理,,X6FFD17,,山东科技大学,5B8B,高分子材料与工程,,,,,,449,11257,,,,,,449,11257,,,,,,,,,本科,,,,,
8159033,宁夏,本科批,物理,,X6FFD17,,山东科技大学,EAA5,网络工程（泰安）,泰安,,,,,449,11257,,,,,,449,11257,,,,,,,,,本科,,,,,
8159034,宁夏,本科批,物理,,X6FFD17,,山东科技大学,262E,金属材料工程,,,,,,450,11095,,,,,,450,11095,,,,,,,,,本科,,,,,
8159035,宁夏,本科批,物理,,X6FFD17,,山东科技大学,E2E1,生物工程,,,,,,470,8177,,,,,,470,8177,,,,,,,,,本科,,,,,
8159036,宁夏,本科批,物理,,X6FFD17,,山东科技大学,91CE,水文与水资源工程,,,,,,472,7933,,,,,,472,7933,,,,,,,,,本科,,,,,
8159037,宁夏,本科批,物理,,X6FFD17,,山东科技大学,0DD8,资源勘查工程,,,,,,473,7812,,,,,,473,7812,,,,,,,,,本科,,,,,
8159748,宁夏,本科批,历史,,X7F1F81,,华中师范大学,D40C,少数民族预科班,,,,,,524,1911,,,,,,524,1911,,,,,,,,,本科,,,,,
8159749,宁夏,本科批,物理,,X7F1F81,,华中师范大学,D40C,少数民族预科班,,,,,,447,11628,,,,,,447,11628,,,,,,,,,本科,,,,,
8159750,宁夏,本科批,物理,,X7F1F81,,华中师范大学,861C,电子信息类,,,,,,522,3293,,,,,,522,3293,,,,,,,,,本科,,,,,
8160392,宁夏,本科批,历史,,XAB0483,,河南科技大学,6240,历史学类,,,,,,477,4821,,,,,,477,4821,,,,,,,,,本科,,,,,
8160393,宁夏,本科批,物理,,XAB0483,,河南科技大学,F55B,交通运输,,,,,,415,17693,,,,,,415,17693,,,,,,,,,本科,,,,,
8160394,宁夏,本科批,物理,,XAB0483,,河南科技大学,D6ED,化学工程与工艺,,,,,,415,17693,,,,,,415,17693,,,,,,,,,本科,,,,,
8160395,宁夏,本科批,物理,,XAB0483,,河南科技大学,4154,电子商务,,,,,,416,17483,,,,,,416,17483,,,,,,,,,本科,,,,,
8160396,宁夏,本科批,物理,,XAB0483,,河南科技大学,04A0,工商管理,,,,,,417,17270,,,,,,417,17270,,,,,,,,,本科,,,,,
8160397,宁夏,本科批,物理,,XAB0483,,河南科技大学,29F4,物联网工程,,,,,,419,16846,,,,,,419,16846,,,,,,,,,本科,,,,,
8160398,宁夏,本科批,物理,,XAB0483,,河南科技大学,CA0F,旅游管理,,,,,,425,15604,,,,,,425,15604,,,,,,,,,本科,,,,,
8160399,宁夏,本科批,物理,,XAB0483,,河南科技大学,4EA7,新能源材料与器件,,,,,,426,15424,,,,,,426,15424,,,,,,,,,本科,,,,,
8160400,宁夏,本科批,物理,,XAB0483,,河南科技大学,FEF6,材料成型及控制工程,,,,,,426,15424,,,,,,426,15424,,,,,,,,,本科,,,,,
8160401,宁夏,本科批,物理,,XAB0483,,河南科技大学,1D5D,乳品工程,,,,,,427,15234,,,,,,427,15234,,,,,,,,,本科,,,,,
8160402,宁夏,本科批,物理,,XAB0483,,河南科技大学,BC2E,植物生产类,,,,,,427,15234,,,,,,427,15234,,,,,,,,,本科,,,,,
8160403,宁夏,本科批,物理,,XAB0483,,河南科技大学,A5B7,电气工程及其自动化,,,,,,431,14482,,,,,,431,14482,,,,,,,,,本科,,,,,
8160404,宁夏,本科批,物理,,XAB0483,,河南科技大学,3557,能源与动力工程,,,,,,432,14269,,,,,,432,14269,,,,,,,,,本科,,,,,
8160405,宁夏,本科批,物理,,XAB0483,,河南科技大学,26A7,车辆工程,,,,,,437,13337,,,,,,437,13337,,,,,,,,,本科,,,,,
8161039,宁夏,本科批,历史,,X665B00,,烟台大学,68F4,新闻学,,,,,,499,3256,,,,,,499,3256,,,,,,,,,本科,,,,,
8161040,宁夏,本科批,历史,,X665B00,,烟台大学,D243,汉语言文学,,,,,,500,3194,,,,,,500,3194,,,,,,,,,本科,,,,,
8161041,宁夏,本科批,物理,,X665B00,,烟台大学,25DE,国际经济与贸易,,,,,,425,15604,,,,,,425,15604,,,,,,,,,本科,,,,,
8161042,宁夏,本科批,物理,,X665B00,,烟台大学,D6ED,化学工程与工艺,,,,,,425,15604,,,,,,425,15604,,,,,,,,,本科,,,,,
8161043,宁夏,本科批,物理,,X665B00,,烟台大学,4ECE,土木工程,,,,,,425,15604,,,,,,425,15604,,,,,,,,,本科,,,,,
8161044,宁夏,本科批,物理,,X665B00,,烟台大学,262E,金属材料工程,,,,,,426,15424,,,,,,426,15424,,,,,,,,,本科,,,,,
8161045,宁夏,本科批,物理,,X665B00,,烟台大学,52FD,应用化学,,,,,,427,15234,,,,,,427,15234,,,,,,,,,本科,,,,,
8161046,宁夏,本科批,物理,,X665B00,,烟台大学,548C,信息与计算科学,,,,,,428,15065,,,,,,428,15065,,,,,,,,,本科,,,,,
8161047,宁夏,本科批,物理,,X665B00,,烟台大学,0541,生物科学,,,,,,430,14690,,,,,,430,14690,,,,,,,,,本科,,,,,
8161048,宁夏,本科批,物理,,X665B00,,烟台大学,78FF,机械设计制造及其自动化,,,,,,436,13513,,,,,,436,13513,,,,,,,,,本科,,,,,
8161049,宁夏,本科批,物理,,X665B00,,烟台大学,B9A5,计算机科学与技术,,,,,,437,13337,,,,,,437,13337,,,,,,,,,本科,,,,,
8161846,宁夏,本科批,物理,,X7AE34B,,南京理工大学,D40C,少数民族预科班,,,,,,505,4564,,,,,,505,4564,,,,,,,,,本科,,,,,
8161847,宁夏,本科批,物理,,X7AE34B,,南京理工大学,ABA8,环境科学与工程类,,,,,,541,2226,,,,,,541,2226,,,,,,,,,本科,,,,,
8161848,宁夏,本科批,物理,,X7AE34B,,南京理工大学,E7FB,化工与制药类,,,,,,546,2016,,,,,,546,2016,,,,,,,,,本科,,,,,
8161849,宁夏,本科批,物理,,X7AE34B,,南京理工大学,2426,材料类,,,,,,547,1979,,,,,,547,1979,,,,,,,,,本科,,,,,
8161850,宁夏,本科批,物理,,X7AE34B,,南京理工大学,F620,安全工程,,,,,,551,1807,,,,,,551,1807,,,,,,,,,本科,,,,,
8161851,宁夏,本科批,物理,,X7AE34B,,南京理工大学,8CE2,特种能源技术与工程,,,,,,552,1766,,,,,,552,1766,,,,,,,,,本科,,,,,
8161852,宁夏,本科批,物理,,X7AE34B,,南京理工大学,7FB4,兵器类,,,,,,556,1611,,,,,,556,1611,,,,,,,,,本科,,,,,
8161853,宁夏,本科批,物理,,X7AE34B,,南京理工大学,3615,机械类,,,,,,567,1216,,,,,,567,1216,,,,,,,,,本科,,,,,
8161854,宁夏,本科批,物理,,X7AE34B,,南京理工大学,82E6,计算机类,,,,,,570,1126,,,,,,570,1126,,,,,,,,,本科,,,,,
8162314,宁夏,本科批,历史,,XCE66AF,,广州大学,DF93,历史学（师范）,师范,,,,,499,3256,,,,,,499,3256,,,,,,,,,本科,,,,,
8162315,宁夏,本科批,历史,,XCE66AF,,广州大学,F9EA,思想政治教育（师范）,师范,,,,,514,2392,,,,,,514,2392,,,,,,,,,本科,,,,,
8162316,宁夏,本科批,历史,,XCE66AF,,广州大学,D243,汉语言文学,,,,,,542,1252,,,,,,542,1252,,,,,,,,,本科,,,,,
8162317,宁夏,本科批,物理,,XCE66AF,,广州大学,FA23,地理信息科学,,,,,,438,13162,,,,,,438,13162,,,,,,,,,本科,,,,,
8162318,宁夏,本科批,物理,,XCE66AF,,广州大学,5FC4,环境科学,,,,,,439,12985,,,,,,439,12985,,,,,,,,,本科,,,,,
8162319,宁夏,本科批,物理,,XCE66AF,,广州大学,6F56,工程管理,,,,,,439,12985,,,,,,439,12985,,,,,,,,,本科,,,,,
8162320,宁夏,本科批,物理,,XCE66AF,,广州大学,B5AE,化学,,,,,,447,11628,,,,,,447,11628,,,,,,,,,本科,,,,,
8162321,宁夏,本科批,物理,,XCE66AF,,广州大学,0541,生物科学,,,,,,451,10913,,,,,,451,10913,,,,,,,,,本科,,,,,
8162322,宁夏,本科批,物理,,XCE66AF,,广州大学,78FF,机械设计制造及其自动化,,,,,,459,9681,,,,,,459,9681,,,,,,,,,本科,,,,,
8162323,宁夏,本科批,物理,,XCE66AF,,广州大学,29F4,物联网工程,,,,,,475,7574,,,,,,475,7574,,,,,,,,,本科,,,,,
8162324,宁夏,本科批,物理,,XCE66AF,,广州大学,93E3,电子信息工程,,,,,,487,6218,,,,,,487,6218,,,,,,,,,本科,,,,,
8162325,宁夏,本科批,物理,,XCE66AF,,广州大学,B9A5,计算机科学与技术,,,,,,493,5606,,,,,,493,5606,,,,,,,,,本科,,,,,
8163109,宁夏,本科批,物理,,X763D03,,华东理工大学,6954,化学类,,,,,,521,3349,,,,,,521,3349,,,,,,,,,本科,,,,,
8163110,宁夏,本科批,物理,,X763D03,,华东理工大学,8496,工科试验班（智慧化工）,智慧化工,,,,,523,3221,,,,,,523,3221,,,,,,,,,本科,,,,,
8163111,宁夏,本科批,物理,,X763D03,,华东理工大学,931C,材料类（新材料实验班）,新材料实验班,,,,,533,2634,,,,,,533,2634,,,,,,,,,本科,,,,,
8163112,宁夏,本科批,物理,,X763D03,,华东理工大学,95E8,工科试验班（能源与环境）,能源与环境,,,,,552,1766,,,,,,552,1766,,,,,,,,,本科,,,,,
8163113,宁夏,本科批,物理,,X763D03,,华东理工大学,AEA0,工科试验班（生物医药）,生物医药,,,,,552,1766,,,,,,552,1766,,,,,,,,,本科,,,,,
8163114,宁夏,本科批,物理,,X763D03,,华东理工大学,8D01,机械类（机械智能化实验班）,机械智能化实验班,,,,,553,1726,,,,,,553,1726,,,,,,,,,本科,,,,,
8163115,宁夏,本科批,物理,,X763D03,,华东理工大学,861C,电子信息类,,,,,,554,1684,,,,,,554,1684,,,,,,,,,本科,,,,,
8164047,宁夏,本科批,历史,,XE34209,,云南大学,AA06,工商管理类（包含工商管理、财务管理、会计学、人力资源管理、物流管理、旅游管理）,包含工商管理、财务管理、会计学、人力资源管理、物流管理、旅游管理,,,,,550,975,,,,,,550,975,,,,,,,,,本科,,,,,
8164048,宁夏,本科批,历史,,XE34209,,云南大学,D4C6,经济学类（含经济学、财政学、金融学、国际经济与贸易）,含经济学、财政学、金融学、国际经济与贸易,,,,,555,855,,,,,,555,855,,,,,,,,,本科,,,,,
8164049,宁夏,本科批,历史,,XE34209,,云南大学,4873,历史学,,,,,,555,855,,,,,,555,855,,,,,,,,,本科,,,,,
8164050,宁夏,本科批,历史,,XE34209,,云南大学,487F,民族学,,,,,,561,725,,,,,,561,725,,,,,,,,,本科,,,,,
8164051,宁夏,本科批,历史,,XE34209,,云南大学,D243,汉语言文学,,,,,,564,664,,,,,,564,664,,,,,,,,,本科,,,,,
8164052,宁夏,高校专项计划批次,物理,,XE34209,,云南大学,A4D4,数据科学与大数据技术（高校专项计划）,高校专项计划,,,,,491,5800,,,,,,491,5800,,,,,,,,,本科,,,,,
8164053,宁夏,本科批,物理,,XE34209,,云南大学,4ED3,生态学,,,,,,504,4565,,,,,,504,4565,,,,,,,,,本科,,,,,
8164054,宁夏,本科批,物理,,XE34209,,云南大学,5D33,生物科学（国家生物学基地班）,国家生物学基地班,,,,,505,4476,,,,,,505,4476,,,,,,,,,本科,,,,,
8164055,宁夏,本科批,物理,,XE34209,,云南大学,4226,大气科学,,,,,,507,4319,,,,,,507,4319,,,,,,,,,本科,,,,,
8164056,宁夏,本科批,物理,,XE34209,,云南大学,D243,汉语言文学,,,,,,509,4146,,,,,,509,4146,,,,,,,,,本科,,,,,
8164057,宁夏,本科批,物理,,XE34209,,云南大学,25FE,数学与应用数学,,,,,,511,4014,,,,,,511,4014,,,,,,,,,本科,,,,,
8164058,宁夏,本科批,物理,,XE34209,,云南大学,5D8C,电子信息类（含电子信息工程、通信工程专业）,含电子信息工程、通信工程专业,,,,,514,3776,,,,,,514,3776,,,,,,,,,本科,,,,,
8164059,宁夏,本科批,物理,,XE34209,,云南大学,1F0F,计算机类（计算机科学与技术、物联网工程、智能科学与技术、软件工程、数字媒体技术、网络空间安全、人工智能）,计算机科学与技术、物联网工程、智能科学与技术、软件工程、数字媒体技术、网络空间安全、人工智能,,,,,515,3696,,,,,,515,3696,,,,,,,,,本科,,,,,
8164060,宁夏,本科批,物理,,XE34209,,云南大学,927B,法学,,,,,,522,3222,,,,,,522,3222,,,,,,,,,本科,,,,,
8164061,宁夏,本科批,物理,,XE34209,,云南大学,4718,数据科学与大数据技术,,,,,,524,3107,,,,,,524,3107,,,,,,,,,本科,,,,,
8164942,宁夏,本科批,历史,,X50A882,,西北农林科技大学,9C84,社会学类,,,,,,556,854,,,,,,556,854,,,,,,,,,本科,,,,,
8164943,宁夏,本科批,历史,,X50A882,,西北农林科技大学,FC90,俄语,,,,,,558,807,,,,,,558,807,,,,,,,,,本科,,,,,
8164944,宁夏,本科批,历史,,X50A882,,西北农林科技大学,46AC,公共管理类,,,,,,561,736,,,,,,561,736,,,,,,,,,本科,,,,,
8164945,宁夏,本科批,历史,,X50A882,,西北农林科技大学,927B,法学,,,,,,564,686,,,,,,564,686,,,,,,,,,本科,,,,,
8164946,宁夏,本科批,物理,,X50A882,,西北农林科技大学,D40C,少数民族预科班,,,,,,475,7574,,,,,,475,7574,,,,,,,,,本科,,,,,
8164947,宁夏,本科批,物理,,X50A882,,西北农林科技大学,EF7C,工商管理类,,,,,,497,5244,,,,,,497,5244,,,,,,,,,本科,,,,,
8164948,宁夏,本科批,物理,,X50A882,,西北农林科技大学,C29F,经济学类,,,,,,516,3695,,,,,,516,3695,,,,,,,,,本科,,,,,
8164949,宁夏,本科批,物理,,X50A882,,西北农林科技大学,D424,园艺（园艺类）,园艺类,,,,,518,3555,,,,,,518,3555,,,,,,,,,本科,,,,,
8164950,宁夏,本科批,物理,,X50A882,,西北农林科技大学,38A4,资源环境科学,,,,,,518,3555,,,,,,518,3555,,,,,,,,,本科,,,,,
8164951,宁夏,本科批,物理,,X50A882,,西北农林科技大学,7DE6,葡萄与葡萄酒工程,,,,,,518,3555,,,,,,518,3555,,,,,,,,,本科,,,,,
8164952,宁夏,本科批,物理,,X50A882,,西北农林科技大学,F970,智慧牧业科学与工程,,,,,,519,3472,,,,,,519,3472,,,,,,,,,本科,,,,,
8164953,宁夏,本科批,物理,,X50A882,,西北农林科技大学,40CE,制药工程,,,,,,520,3413,,,,,,520,3413,,,,,,,,,本科,,,,,
8164954,宁夏,本科批,物理,,X50A882,,西北农林科技大学,66C0,林业工程类,,,,,,520,3413,,,,,,520,3413,,,,,,,,,本科,,,,,
8164955,宁夏,本科批,物理,,X50A882,,西北农林科技大学,E693,水土保持与荒漠化防治,,,,,,522,3293,,,,,,522,3293,,,,,,,,,本科,,,,,
8164956,宁夏,本科批,物理,,X50A882,,西北农林科技大学,3EFB,葡萄与葡萄酒工程（卓越工程师班）,卓越工程师班,,,,,524,3165,,,,,,524,3165,,,,,,,,,本科,,,,,
8164957,宁夏,本科批,物理,,X50A882,,西北农林科技大学,6BB2,动物医学类,,,,,,524,3165,,,,,,524,3165,,,,,,,,,本科,,,,,
8164958,宁夏,本科批,物理,,X50A882,,西北农林科技大学,6E5A,园林,,,,,,524,3165,,,,,,524,3165,,,,,,,,,本科,,,,,
8164959,宁夏,本科批,物理,,X50A882,,西北农林科技大学,3615,机械类,,,,,,526,3056,,,,,,526,3056,,,,,,,,,本科,,,,,
8164960,宁夏,本科批,物理,,X50A882,,西北农林科技大学,EF96,食品科学与工程类,,,,,,527,2979,,,,,,527,2979,,,,,,,,,本科,,,,,
8164961,宁夏,本科批,物理,,X50A882,,西北农林科技大学,2638,植物保护,,,,,,527,2979,,,,,,527,2979,,,,,,,,,本科,,,,,
8164962,宁夏,本科批,物理,,X50A882,,西北农林科技大学,ABA8,环境科学与工程类,,,,,,529,2869,,,,,,529,2869,,,,,,,,,本科,,,,,
8164963,宁夏,本科批,物理,,X50A882,,西北农林科技大学,82E6,计算机类,,,,,,530,2799,,,,,,530,2799,,,,,,,,,本科,,,,,
8164964,宁夏,本科批,物理,,X50A882,,西北农林科技大学,D035,生物科学类,,,,,,530,2799,,,,,,530,2799,,,,,,,,,本科,,,,,
8164965,宁夏,本科批,物理,,X50A882,,西北农林科技大学,2A22,农学（农学类）,农学类,,,,,532,2696,,,,,,532,2696,,,,,,,,,本科,,,,,
8166005,宁夏,本科批,历史,,XCAA0F1,,西南财经大学,68F4,新闻学,,,,,,508,2728,,,,,,508,2728,,,,,,,,,本科,,,,,
8166006,宁夏,本科批,历史,,XCAA0F1,,西南财经大学,D180,金融学类（保险方向）,保险方向,,,,,511,2553,,,,,,511,2553,,,,,,,,,本科,,,,,
8166007,宁夏,本科批,历史,,XCAA0F1,,西南财经大学,5D72,网络与新媒体,,,,,,523,1956,,,,,,523,1956,,,,,,,,,本科,,,,,
8166008,宁夏,本科批,历史,,XCAA0F1,,西南财经大学,EF7C,工商管理类,,,,,,523,1956,,,,,,523,1956,,,,,,,,,本科,,,,,
8166009,宁夏,本科批,历史,,XCAA0F1,,西南财经大学,1356,金融学类,,,,,,527,1793,,,,,,527,1793,,,,,,,,,本科,,,,,
8166010,宁夏,本科批,历史,,XCAA0F1,,西南财经大学,D9E9,外国语言文学类,,,,,,529,1710,,,,,,529,1710,,,,,,,,,本科,,,,,
8166011,宁夏,本科批,历史,,XCAA0F1,,西南财经大学,D243,汉语言文学,,,,,,529,1710,,,,,,529,1710,,,,,,,,,本科,,,,,
8166012,宁夏,本科批,历史,,XCAA0F1,,西南财经大学,46AC,公共管理类,,,,,,531,1630,,,,,,531,1630,,,,,,,,,本科,,,,,
8166013,宁夏,本科批,历史,,XCAA0F1,,西南财经大学,FB3B,经济与贸易类,,,,,,535,1493,,,,,,535,1493,,,,,,,,,本科,,,,,
8166014,宁夏,本科批,历史,,XCAA0F1,,西南财经大学,CA9C,财政学类,,,,,,562,724,,,,,,562,724,,,,,,,,,本科,,,,,
8166015,宁夏,本科批,历史,,XCAA0F1,,西南财经大学,29A9,新闻学（国家专项计划）,国家专项计划,,,,,569,583,,,,,,569,583,,,,,,,,,本科,,,,,
8166016,宁夏,本科批,历史,,XCAA0F1,,西南财经大学,2033,法学（国家专项计划）,国家专项计划,,,,,572,524,,,,,,572,524,,,,,,,,,本科,,,,,
8166017,宁夏,本科批,历史,,XCAA0F1,,西南财经大学,7B4E,会计学（双语实验班）,双语实验班,,,,,575,474,,,,,,575,474,,,,,,,,,本科,,,,,
8166018,宁夏,本科批,历史,,XCAA0F1,,西南财经大学,C43E,工商管理类（会计学院）,会计学院,,,,,578,423,,,,,,578,423,,,,,,,,,本科,,,,,
8166019,宁夏,本科批,历史,,XCAA0F1,,西南财经大学,A171,法学（法学与国商双学位）,法学与国商双学位,,,,,583,354,,,,,,583,354,,,,,,,,,本科,,,,,
8166020,宁夏,本科批,历史,,XCAA0F1,,西南财经大学,927B,法学,,,,,,586,303,,,,,,586,303,,,,,,,,,本科,,,,,
8166021,宁夏,本科批,历史,,XCAA0F1,,西南财经大学,8ED6,法学（法学与会计学双学位）,法学与会计学双学位,,,,,587,291,,,,,,587,291,,,,,,,,,本科,,,,,
8166022,宁夏,本科批,历史,,XCAA0F1,,西南财经大学,9837,会计学（注册会计师专门化方向）,注册会计师专门化方向,,,,,588,274,,,,,,588,274,,,,,,,,,本科,,,,,
8166023,宁夏,本科批,物理,,XCAA0F1,,西南财经大学,D575,管理科学与工程类（高校专项计划）,高校专项计划,,,,,489,5993,,,,,,489,5993,,,,,,,,,本科,,,,,
8166024,宁夏,本科批,物理,,XCAA0F1,,西南财经大学,F3D2,管理科学与工程类（国家专项计划）,国家专项计划,,,,,497,5244,,,,,,497,5244,,,,,,,,,本科,,,,,
8166025,宁夏,本科批,物理,,XCAA0F1,,西南财经大学,56F2,工商管理类（国家专项计划）,国家专项计划,,,,,510,4145,,,,,,510,4145,,,,,,,,,本科,,,,,
8166026,宁夏,本科批,物理,,XCAA0F1,,西南财经大学,EF7C,工商管理类,,,,,,512,4013,,,,,,512,4013,,,,,,,,,本科,,,,,
8166027,宁夏,本科批,物理,,XCAA0F1,,西南财经大学,82E6,计算机类,,,,,,513,3942,,,,,,513,3942,,,,,,,,,本科,,,,,
8166028,宁夏,本科批,物理,,XCAA0F1,,西南财经大学,FB3B,经济与贸易类,,,,,,514,3852,,,,,,514,3852,,,,,,,,,本科,,,,,
8166029,宁夏,本科批,物理,,XCAA0F1,,西南财经大学,8EF0,管理科学与工程类,,,,,,516,3695,,,,,,516,3695,,,,,,,,,本科,,,,,
8166030,宁夏,本科批,物理,,XCAA0F1,,西南财经大学,D180,金融学类（保险方向）,保险方向,,,,,517,3626,,,,,,517,3626,,,,,,,,,本科,,,,,
8166031,宁夏,本科批,物理,,XCAA0F1,,西南财经大学,C43E,工商管理类（会计学院）,会计学院,,,,,519,3472,,,,,,519,3472,,,,,,,,,本科,,,,,
8166032,宁夏,本科批,物理,,XCAA0F1,,西南财经大学,CA9C,财政学类,,,,,,521,3349,,,,,,521,3349,,,,,,,,,本科,,,,,
8166033,宁夏,本科批,物理,,XCAA0F1,,西南财经大学,16DF,金融工程,,,,,,522,3293,,,,,,522,3293,,,,,,,,,本科,,,,,
8166034,宁夏,本科批,物理,,XCAA0F1,,西南财经大学,1356,金融学类,,,,,,526,3056,,,,,,526,3056,,,,,,,,,本科,,,,,
8166035,宁夏,本科批,物理,,XCAA0F1,,西南财经大学,1B86,金融数学,,,,,,527,2979,,,,,,527,2979,,,,,,,,,本科,,,,,
8166036,宁夏,本科批,物理,,XCAA0F1,,西南财经大学,BD59,金融科技,,,,,,528,2930,,,,,,528,2930,,,,,,,,,本科,,,,,
8166037,宁夏,本科批,物理,,XCAA0F1,,西南财经大学,A223,统计学类,,,,,,532,2696,,,,,,532,2696,,,,,,,,,本科,,,,,
8166038,宁夏,本科批,物理,,XCAA0F1,,西南财经大学,0544,数学与应用数学（数学与经济学双学位）,数学与经济学双学位,,,,,540,2285,,,,,,540,2285,,,,,,,,,本科,,,,,
8166039,宁夏,本科批,物理,,XCAA0F1,,西南财经大学,28AD,经济统计学,,,,,,547,1979,,,,,,547,1979,,,,,,,,,本科,,,,,
8166040,宁夏,本科批,物理,,XCAA0F1,,西南财经大学,E874,法学（法学与金融学双学位）,法学与金融学双学位,,,,,548,1924,,,,,,548,1924,,,,,,,,,本科,,,,,
8166041,宁夏,本科批,物理,,XCAA0F1,,西南财经大学,7B4E,会计学（双语实验班）,双语实验班,,,,,561,1417,,,,,,561,1417,,,,,,,,,本科,,,,,
8166042,宁夏,本科批,物理,,XCAA0F1,,西南财经大学,9837,会计学（注册会计师专门化方向）,注册会计师专门化方向,,,,,567,1216,,,,,,567,1216,,,,,,,,,本科,,,,,
8166986,宁夏,本科批,历史,,X147B5F,,河海大学,4145,英语,,,,,,506,2854,,,,,,506,2854,,,,,,,,,本科,,,,,
8166987,宁夏,本科批,历史,,X147B5F,,河海大学,51C8,思想政治教育,,,,,,542,1252,,,,,,542,1252,,,,,,,,,本科,,,,,
8166988,宁夏,本科批,历史,,X147B5F,,河海大学,5E19,会计学,,,,,,548,1058,,,,,,548,1058,,,,,,,,,本科,,,,,
8166989,宁夏,本科批,物理,,X147B5F,,河海大学,557A,港口航道与海岸工程,,,,,,489,5993,,,,,,489,5993,,,,,,,,,本科,,,,,
8166990,宁夏,本科批,物理,,X147B5F,,河海大学,4ECE,土木工程,,,,,,489,5993,,,,,,489,5993,,,,,,,,,本科,,,,,
8166991,宁夏,本科批,物理,,X147B5F,,河海大学,A942,材料科学与工程,,,,,,490,5885,,,,,,490,5885,,,,,,,,,本科,,,,,
8166992,宁夏,本科批,物理,,X147B5F,,河海大学,D06C,机械工程,,,,,,492,5700,,,,,,492,5700,,,,,,,,,本科,,,,,
8166993,宁夏,本科批,物理,,X147B5F,,河海大学,7E23,环境工程,,,,,,494,5525,,,,,,494,5525,,,,,,,,,本科,,,,,
8166994,宁夏,本科批,物理,,X147B5F,,河海大学,8189,环境生态工程,,,,,,496,5336,,,,,,496,5336,,,,,,,,,本科,,,,,
8166995,宁夏,本科批,物理,,X147B5F,,河海大学,4BF2,农业水利工程,,,,,,497,5244,,,,,,497,5244,,,,,,,,,本科,,,,,
8166996,宁夏,本科批,物理,,X147B5F,,河海大学,4D44,给排水科学与工程,,,,,,498,5138,,,,,,498,5138,,,,,,,,,本科,,,,,
8166997,宁夏,本科批,物理,,X147B5F,,河海大学,5669,数学类,,,,,,501,4879,,,,,,501,4879,,,,,,,,,本科,,,,,
8166998,宁夏,本科批,物理,,X147B5F,,河海大学,F522,水务工程,,,,,,504,4626,,,,,,504,4626,,,,,,,,,本科,,,,,
8166999,宁夏,本科批,物理,,X147B5F,,河海大学,3C8A,智慧水利,,,,,,505,4564,,,,,,505,4564,,,,,,,,,本科,,,,,
8167000,宁夏,本科批,物理,,X147B5F,,河海大学,262E,金属材料工程,,,,,,507,4402,,,,,,507,4402,,,,,,,,,本科,,,,,
8167001,宁夏,本科批,物理,,X147B5F,,河海大学,D081,新能源科学与工程,,,,,,507,4402,,,,,,507,4402,,,,,,,,,本科,,,,,
8167002,宁夏,本科批,物理,,X147B5F,,河海大学,29F4,物联网工程,,,,,,508,4318,,,,,,508,4318,,,,,,,,,本科,,,,,
8167003,宁夏,本科批,物理,,X147B5F,,河海大学,38C2,地质工程,,,,,,511,4076,,,,,,511,4076,,,,,,,,,本科,,,,,
8167004,宁夏,本科批,物理,,X147B5F,,河海大学,ECA4,通信工程,,,,,,518,3555,,,,,,518,3555,,,,,,,,,本科,,,,,
8167005,宁夏,本科批,物理,,X147B5F,,河海大学,3247,水利类（大禹强化班）,大禹强化班,,,,,532,2696,,,,,,532,2696,,,,,,,,,本科,,,,,
8167006,宁夏,本科批,物理,,X147B5F,,河海大学,C1B4,水利水电工程,,,,,,539,2332,,,,,,539,2332,,,,,,,,,本科,,,,,
8167007,宁夏,本科批,物理,,X147B5F,,河海大学,91CE,水文与水资源工程,,,,,,542,2180,,,,,,542,2180,,,,,,,,,本科,,,,,
8167008,宁夏,本科批,物理,,X147B5F,,河海大学,3557,能源与动力工程,,,,,,544,2097,,,,,,544,2097,,,,,,,,,本科,,,,,
8167818,宁夏,本科批,历史,,XA4DF0B,,大连海事大学,C29F,经济学类,,,,,,532,1598,,,,,,532,1598,,,,,,,,,本科,,,,,
8167819,宁夏,本科批,历史,,XA4DF0B,,大连海事大学,D0E1,政治学与行政学,,,,,,550,999,,,,,,550,999,,,,,,,,,本科,,,,,
8167820,宁夏,本科提前批,物理,,XA4DF0B,,大连海事大学,B8D1,航海技术,,,,,,455,10282,,,,,,455,10282,,,,,,,,,本科,,,,,
8167821,宁夏,本科提前批,物理,,XA4DF0B,,大连海事大学,AAA2,轮机工程（海上专业）,海上专业,,,,,464,8960,,,,,,464,8960,,,,,,,,,本科,,,,,
8167822,宁夏,本科批,物理,,XA4DF0B,,大连海事大学,46AC,公共管理类,,,,,,499,5046,,,,,,499,5046,,,,,,,,,本科,,,,,
8167823,宁夏,本科批,物理,,XA4DF0B,,大连海事大学,8EF0,管理科学与工程类,,,,,,503,4724,,,,,,503,4724,,,,,,,,,本科,,,,,
8167824,宁夏,本科批,物理,,XA4DF0B,,大连海事大学,852C,交通运输类,,,,,,517,3626,,,,,,517,3626,,,,,,,,,本科,,,,,
8167825,宁夏,本科批,物理,,XA4DF0B,,大连海事大学,0184,自动化类,,,,,,518,3555,,,,,,518,3555,,,,,,,,,本科,,,,,
8167826,宁夏,本科批,物理,,XA4DF0B,,大连海事大学,82E6,计算机类,,,,,,518,3555,,,,,,518,3555,,,,,,,,,本科,,,,,
8168671,宁夏,本科批,历史,,XFE3A39,,中国石油大学（华东）,FC90,俄语,,,,,,514,2392,,,,,,514,2392,,,,,,,,,本科,,,,,
8168672,宁夏,本科批,历史,,XFE3A39,,中国石油大学（华东）,4145,英语,,,,,,535,1493,,,,,,535,1493,,,,,,,,,本科,,,,,
8168673,宁夏,本科批,物理,,XFE3A39,,中国石油大学（华东）,927B,法学,,,,,,516,3695,,,,,,516,3695,,,,,,,,,本科,,,,,
8168674,宁夏,本科批,物理,,XFE3A39,,中国石油大学（华东）,8EF0,管理科学与工程类,,,,,,519,3472,,,,,,519,3472,,,,,,,,,本科,,,,,
8168675,宁夏,本科批,物理,,XFE3A39,,中国石油大学（华东）,3477,应用物理学,,,,,,520,3413,,,,,,520,3413,,,,,,,,,本科,,,,,
8168676,宁夏,本科批,物理,,XFE3A39,,中国石油大学（华东）,EC95,勘查技术与工程,,,,,,521,3349,,,,,,521,3349,,,,,,,,,本科,,,,,
8168677,宁夏,本科批,物理,,XFE3A39,,中国石油大学（华东）,2B58,计算机科学与技术（民族班）,民族班,,,,,523,,,,,,,523,,,,,,,,,,本科,,,,,
8168678,宁夏,本科批,物理,,XFE3A39,,中国石油大学（华东）,2426,材料类,,,,,,523,3221,,,,,,523,3221,,,,,,,,,本科,,,,,
8168679,宁夏,本科批,物理,,XFE3A39,,中国石油大学（华东）,0DD8,资源勘查工程,,,,,,523,3221,,,,,,523,3221,,,,,,,,,本科,,,,,
8168680,宁夏,本科批,物理,,XFE3A39,,中国石油大学（华东）,5AC6,工程力学,,,,,,525,3106,,,,,,525,3106,,,,,,,,,本科,,,,,
8168681,宁夏,本科批,物理,,XFE3A39,,中国石油大学（华东）,3C38,软件工程,,,,,,529,2869,,,,,,529,2869,,,,,,,,,本科,,,,,
8168682,宁夏,本科批,物理,,XFE3A39,,中国石油大学（华东）,4D53,石油工程,,,,,,529,2869,,,,,,529,2869,,,,,,,,,本科,,,,,
8168683,宁夏,本科批,物理,,XFE3A39,,中国石油大学（华东）,12CD,油气储运工程,,,,,,529,2869,,,,,,529,2869,,,,,,,,,本科,,,,,
8168684,宁夏,本科批,物理,,XFE3A39,,中国石油大学（华东）,A687,光电信息科学与工程,,,,,,530,2799,,,,,,530,2799,,,,,,,,,本科,,,,,
8168685,宁夏,本科批,物理,,XFE3A39,,中国石油大学（华东）,3557,能源与动力工程,,,,,,532,2696,,,,,,532,2696,,,,,,,,,本科,,,,,
8168686,宁夏,本科批,物理,,XFE3A39,,中国石油大学（华东）,B7BF,机械类（智能装备工程）,智能装备工程,,,,,533,2634,,,,,,533,2634,,,,,,,,,本科,,,,,
8168687,宁夏,本科批,物理,,XFE3A39,,中国石油大学（华东）,4C65,自动化,,,,,,540,2285,,,,,,540,2285,,,,,,,,,本科,,,,,
8168688,宁夏,本科批,物理,,XFE3A39,,中国石油大学（华东）,A5B7,电气工程及其自动化,,,,,,545,2051,,,,,,545,2051,,,,,,,,,本科,,,,,
8169632,宁夏,本科批,历史,,X6D2916,,长沙理工大学,C19A,人力资源管理,,,,,,534,1523,,,,,,534,1523,,,,,,,,,本科,,,,,
8169633,宁夏,本科批,历史,,X6D2916,,长沙理工大学,4145,英语,,,,,,534,1523,,,,,,534,1523,,,,,,,,,本科,,,,,
8169634,宁夏,本科批,历史,,X6D2916,,长沙理工大学,D243,汉语言文学,,,,,,536,1458,,,,,,536,1458,,,,,,,,,本科,,,,,
8169635,宁夏,本科批,历史,,X6D2916,,长沙理工大学,5E19,会计学,,,,,,537,1419,,,,,,537,1419,,,,,,,,,本科,,,,,
8169636,宁夏,本科批,历史,,X6D2916,,长沙理工大学,927B,法学,,,,,,539,1345,,,,,,539,1345,,,,,,,,,本科,,,,,
8169637,宁夏,本科批,物理,,X6D2916,,长沙理工大学,225A,水利类,,,,,,433,14069,,,,,,433,14069,,,,,,,,,本科,,,,,
8169638,宁夏,本科批,物理,,X6D2916,,长沙理工大学,D081,新能源科学与工程,,,,,,442,12470,,,,,,442,12470,,,,,,,,,本科,,,,,
8169639,宁夏,本科批,物理,,X6D2916,,长沙理工大学,3557,能源与动力工程,,,,,,446,11823,,,,,,446,11823,,,,,,,,,本科,,,,,
8169640,宁夏,本科批,物理,,X6D2916,,长沙理工大学,26A7,车辆工程,,,,,,477,7346,,,,,,477,7346,,,,,,,,,本科,,,,,
8169641,宁夏,本科批,物理,,X6D2916,,长沙理工大学,F55B,交通运输,,,,,,488,6101,,,,,,488,6101,,,,,,,,,本科,,,,,
8169642,宁夏,本科批,物理,,X6D2916,,长沙理工大学,52FD,应用化学,,,,,,489,5993,,,,,,489,5993,,,,,,,,,本科,,,,,
8169643,宁夏,本科批,物理,,X6D2916,,长沙理工大学,ECA4,通信工程,,,,,,491,5800,,,,,,491,5800,,,,,,,,,本科,,,,,
8169644,宁夏,本科批,物理,,X6D2916,,长沙理工大学,548C,信息与计算科学,,,,,,494,5525,,,,,,494,5525,,,,,,,,,本科,,,,,
8169645,宁夏,本科批,物理,,X6D2916,,长沙理工大学,8684,智能制造工程,,,,,,497,5244,,,,,,497,5244,,,,,,,,,本科,,,,,
8169646,宁夏,本科批,物理,,X6D2916,,长沙理工大学,7932,电子信息科学与技术,,,,,,501,4879,,,,,,501,4879,,,,,,,,,本科,,,,,
8169647,宁夏,本科批,物理,,X6D2916,,长沙理工大学,4C65,自动化,,,,,,508,4318,,,,,,508,4318,,,,,,,,,本科,,,,,
8169648,宁夏,本科批,物理,,X6D2916,,长沙理工大学,78FF,机械设计制造及其自动化,,,,,,511,4076,,,,,,511,4076,,,,,,,,,本科,,,,,
8169649,宁夏,本科批,物理,,X6D2916,,长沙理工大学,B9A5,计算机科学与技术,,,,,,514,3852,,,,,,514,3852,,,,,,,,,本科,,,,,
8169650,宁夏,本科批,物理,,X6D2916,,长沙理工大学,F4B2,能源与动力工程（卓越班）,卓越班,,,,,522,3293,,,,,,522,3293,,,,,,,,,本科,,,,,
8169651,宁夏,本科批,物理,,X6D2916,,长沙理工大学,A5B7,电气工程及其自动化,,,,,,531,2751,,,,,,531,2751,,,,,,,,,本科,,,,,
8170347,宁夏,本科批,物理,,X09B35C,,上海财经大学,EF7C,工商管理类,,,,,,468,8439,,,,,,468,8439,,,,,,,,,本科,,,,,
8170348,宁夏,本科批,物理,,X09B35C,,上海财经大学,1328,保险学（精算与大数据）,精算与大数据,,,,,483,6646,,,,,,483,6646,,,,,,,,,本科,,,,,
8170349,宁夏,本科批,物理,,X09B35C,,上海财经大学,F29E,财务管理（智能化方向）,智能化方向,,,,,505,4564,,,,,,505,4564,,,,,,,,,本科,,,,,
8170350,宁夏,本科批,物理,,X09B35C,,上海财经大学,D681,信息管理与信息系统,,,,,,524,3165,,,,,,524,3165,,,,,,,,,本科,,,,,
8170351,宁夏,本科批,物理,,X09B35C,,上海财经大学,5669,数学类,,,,,,544,2097,,,,,,544,2097,,,,,,,,,本科,,,,,
8170352,宁夏,本科批,物理,,X09B35C,,上海财经大学,9EC5,法学（双学士学位、法学和金融学）,双学士学位、法学和金融学,,,,,549,1888,,,,,,549,1888,,,,,,,,,本科,,,,,
8170353,宁夏,本科批,物理,,X09B35C,,上海财经大学,6AB9,经济学,,,,,,562,1380,,,,,,562,1380,,,,,,,,,本科,,,,,
8170354,宁夏,本科批,物理,,X09B35C,,上海财经大学,3E04,数据科学与大数据技术（工学）,工学,,,,,566,1241,,,,,,566,1241,,,,,,,,,本科,,,,,
8170355,宁夏,本科批,物理,,X09B35C,,上海财经大学,A223,统计学类,,,,,,582,796,,,,,,582,796,,,,,,,,,本科,,,,,
8170356,宁夏,本科批,物理,,X09B35C,,上海财经大学,0FBC,金融学,,,,,,584,743,,,,,,584,743,,,,,,,,,本科,,,,,
8170357,宁夏,本科批,物理,,X09B35C,,上海财经大学,5E19,会计学,,,,,,585,720,,,,,,585,720,,,,,,,,,本科,,,,,
8171102,宁夏,本科批,物理,,X00490B,,天津理工大学,5257,工业工程,,,,,,431,14482,,,,,,431,14482,,,,,,,,,本科,,,,,
8171103,宁夏,本科批,物理,,X00490B,,天津理工大学,52FD,应用化学,,,,,,431,14482,,,,,,431,14482,,,,,,,,,本科,,,,,
8171104,宁夏,本科批,物理,,X00490B,,天津理工大学,BD59,金融科技,,,,,,433,14069,,,,,,433,14069,,,,,,,,,本科,,,,,
8171105,宁夏,本科批,物理,,X00490B,,天津理工大学,04A0,工商管理,,,,,,433,14069,,,,,,433,14069,,,,,,,,,本科,,,,,
8171106,宁夏,本科批,物理,,X00490B,,天津理工大学,D6ED,化学工程与工艺,,,,,,433,14069,,,,,,433,14069,,,,,,,,,本科,,,,,
8171107,宁夏,本科批,物理,,X00490B,,天津理工大学,10A0,药学,,,,,,434,13883,,,,,,434,13883,,,,,,,,,本科,,,,,
8171108,宁夏,本科批,物理,,X00490B,,天津理工大学,4931,材料物理,,,,,,435,13689,,,,,,435,13689,,,,,,,,,本科,,,,,
8171109,宁夏,本科批,物理,,X00490B,,天津理工大学,F068,人工智能,,,,,,440,12830,,,,,,440,12830,,,,,,,,,本科,,,,,
8171110,宁夏,本科批,物理,,X00490B,,天津理工大学,E1BB,功能材料,,,,,,444,12141,,,,,,444,12141,,,,,,,,,本科,,,,,
8171111,宁夏,本科批,物理,,X00490B,,天津理工大学,FB18,财务管理,,,,,,450,11095,,,,,,450,11095,,,,,,,,,本科,,,,,
8171112,宁夏,本科批,物理,,X00490B,,天津理工大学,A942,材料科学与工程,,,,,,450,11095,,,,,,450,11095,,,,,,,,,本科,,,,,
8171113,宁夏,本科批,物理,,X00490B,,天津理工大学,371D,工程造价,,,,,,450,11095,,,,,,450,11095,,,,,,,,,本科,,,,,
8171114,宁夏,本科批,物理,,X00490B,,天津理工大学,6F56,工程管理,,,,,,454,10448,,,,,,454,10448,,,,,,,,,本科,,,,,
8171115,宁夏,本科批,物理,,X00490B,,天津理工大学,F11A,机器人工程,,,,,,468,8439,,,,,,468,8439,,,,,,,,,本科,,,,,
8171116,宁夏,本科批,物理,,X00490B,,天津理工大学,D06C,机械工程,,,,,,473,7812,,,,,,473,7812,,,,,,,,,本科,,,,,
8171117,宁夏,本科批,物理,,X00490B,,天津理工大学,25BA,集成电路设计与集成系统,,,,,,477,7346,,,,,,477,7346,,,,,,,,,本科,,,,,
8171118,宁夏,本科批,物理,,X00490B,,天津理工大学,C734,电子科学与技术,,,,,,482,6750,,,,,,482,6750,,,,,,,,,本科,,,,,
8171119,宁夏,本科批,物理,,X00490B,,天津理工大学,8684,智能制造工程,,,,,,485,6416,,,,,,485,6416,,,,,,,,,本科,,,,,
8171120,宁夏,本科批,物理,,X00490B,,天津理工大学,A687,光电信息科学与工程,,,,,,486,6312,,,,,,486,6312,,,,,,,,,本科,,,,,
8171769,宁夏,本科批,历史,,XD4956D,,西北大学,9301,新闻传播学类,,,,,,509,2669,,,,,,509,2669,,,,,,,,,本科,,,,,
8171770,宁夏,本科批,历史,,XD4956D,,西北大学,D9E9,外国语言文学类,,,,,,510,2612,,,,,,510,2612,,,,,,,,,本科,,,,,
8171771,宁夏,本科批,历史,,XD4956D,,西北大学,EF7C,工商管理类,,,,,,522,2009,,,,,,522,2009,,,,,,,,,本科,,,,,
8171772,宁夏,本科批,历史,,XD4956D,,西北大学,B1EC,中国语言文学类,,,,,,565,663,,,,,,565,663,,,,,,,,,本科,,,,,
8171773,宁夏,本科批,历史,,XD4956D,,西北大学,6AB9,经济学,,,,,,571,540,,,,,,571,540,,,,,,,,,本科,,,,,
8171774,宁夏,本科批,历史,,XD4956D,,西北大学,9544,考古学,,,,,,582,369,,,,,,582,369,,,,,,,,,本科,,,,,
8171775,宁夏,本科批,物理,,XD4956D,,西北大学,26C9,药学类,,,,,,514,3852,,,,,,514,3852,,,,,,,,,本科,,,,,
8171776,宁夏,本科批,物理,,XD4956D,,西北大学,E7FB,化工与制药类,,,,,,515,3775,,,,,,515,3775,,,,,,,,,本科,,,,,
8171777,宁夏,本科批,物理,,XD4956D,,西北大学,5E49,食品科学与工程,,,,,,515,3775,,,,,,515,3775,,,,,,,,,本科,,,,,
8171778,宁夏,本科批,物理,,XD4956D,,西北大学,1B86,金融数学,,,,,,516,3695,,,,,,516,3695,,,,,,,,,本科,,,,,
8171779,宁夏,本科批,物理,,XD4956D,,西北大学,0541,生物科学,,,,,,516,3695,,,,,,516,3695,,,,,,,,,本科,,,,,
8171780,宁夏,本科批,物理,,XD4956D,,西北大学,6954,化学类,,,,,,517,3626,,,,,,517,3626,,,,,,,,,本科,,,,,
8171781,宁夏,本科批,物理,,XD4956D,,西北大学,4648,物理学类,,,,,,517,3626,,,,,,517,3626,,,,,,,,,本科,,,,,
8171782,宁夏,本科批,物理,,XD4956D,,西北大学,D681,信息管理与信息系统,,,,,,520,3413,,,,,,520,3413,,,,,,,,,本科,,,,,
8171783,宁夏,本科批,物理,,XD4956D,,西北大学,DE8A,地质学,,,,,,520,3413,,,,,,520,3413,,,,,,,,,本科,,,,,
8171784,宁夏,本科批,物理,,XD4956D,,西北大学,82E6,计算机类,,,,,,522,3293,,,,,,522,3293,,,,,,,,,本科,,,,,
8171785,宁夏,本科批,物理,,XD4956D,,西北大学,5DA6,口腔医学,,,,,,528,2930,,,,,,528,2930,,,,,,,,,本科,,,,,
8173980,宁夏,本科批,物理,,X70DD86,,重庆医科大学,4E9C,卫生检验与检疫,,,,,,492,5700,,,,,,492,5700,,,,,,,,,本科,,,,,
8173981,宁夏,本科批,物理,,X70DD86,,重庆医科大学,A39E,预防医学,,,,,,494,5525,,,,,,494,5525,,,,,,,,,本科,,,,,
8173982,宁夏,本科批,物理,,X70DD86,,重庆医科大学,4BF3,护理学,,,,,,494,5525,,,,,,494,5525,,,,,,,,,本科,,,,,
8173983,宁夏,本科批,物理,,X70DD86,,重庆医科大学,10A0,药学,,,,,,497,5244,,,,,,497,5244,,,,,,,,,本科,,,,,
8173984,宁夏,本科批,物理,,X70DD86,,重庆医科大学,BE91,医学检验技术,,,,,,504,4626,,,,,,504,4626,,,,,,,,,本科,,,,,
8173985,宁夏,本科批,物理,,X70DD86,,重庆医科大学,57E6,医学影像学,,,,,,522,3293,,,,,,522,3293,,,,,,,,,本科,,,,,
8173986,宁夏,本科批,物理,,X70DD86,,重庆医科大学,A5C6,麻醉学,,,,,,525,3106,,,,,,525,3106,,,,,,,,,本科,,,,,
8173987,宁夏,本科批,物理,,X70DD86,,重庆医科大学,97D0,临床医学,,,,,,530,2799,,,,,,530,2799,,,,,,,,,本科,,,,,
8173988,宁夏,本科批,物理,,X70DD86,,重庆医科大学,7BEF,法医学,,,,,,537,2437,,,,,,537,2437,,,,,,,,,本科,,,,,
8173989,宁夏,本科批,物理,,X70DD86,,重庆医科大学,CD64,儿科学,,,,,,567,1216,,,,,,567,1216,,,,,,,,,本科,,,,,
8174789,宁夏,本科批,历史,,XB8555F,,四川师范大学,6AB9,经济学,,,,,,498,3307,,,,,,498,3307,,,,,,,,,本科,,,,,
8174790,宁夏,本科批,历史,,XB8555F,,四川师范大学,CA0F,旅游管理,,,,,,499,3256,,,,,,499,3256,,,,,,,,,本科,,,,,
8174791,宁夏,本科批,历史,,XB8555F,,四川师范大学,978C,审计学,,,,,,500,3194,,,,,,500,3194,,,,,,,,,本科,,,,,
8174792,宁夏,本科批,历史,,XB8555F,,四川师范大学,FB18,财务管理,,,,,,500,3194,,,,,,500,3194,,,,,,,,,本科,,,,,
8174793,宁夏,本科批,历史,,XB8555F,,四川师范大学,DB75,广播电视学,,,,,,501,3138,,,,,,501,3138,,,,,,,,,本科,,,,,
8174794,宁夏,本科批,历史,,XB8555F,,四川师范大学,108F,学前教育,,,,,,501,3138,,,,,,501,3138,,,,,,,,,本科,,,,,
8174795,宁夏,本科批,历史,,XB8555F,,四川师范大学,52B6,秘书学,,,,,,504,2973,,,,,,504,2973,,,,,,,,,本科,,,,,
8174796,宁夏,本科批,历史,,XB8555F,,四川师范大学,5E19,会计学,,,,,,510,2612,,,,,,510,2612,,,,,,,,,本科,,,,,
8174797,宁夏,本科批,历史,,XB8555F,,四川师范大学,BFDA,人文地理与城乡规划,,,,,,514,2392,,,,,,514,2392,,,,,,,,,本科,,,,,
8174798,宁夏,本科批,历史,,XB8555F,,四川师范大学,DCEF,小学教育,,,,,,515,2358,,,,,,515,2358,,,,,,,,,本科,,,,,
8174799,宁夏,本科批,历史,,XB8555F,,四川师范大学,A615,汉语国际教育,,,,,,515,2358,,,,,,515,2358,,,,,,,,,本科,,,,,
8174800,宁夏,本科批,历史,,XB8555F,,四川师范大学,FD7E,地理科学,,,,,,515,2358,,,,,,515,2358,,,,,,,,,本科,,,,,
8174801,宁夏,本科批,历史,,XB8555F,,四川师范大学,4873,历史学,,,,,,518,2196,,,,,,518,2196,,,,,,,,,本科,,,,,
8174802,宁夏,本科批,历史,,XB8555F,,四川师范大学,51C8,思想政治教育,,,,,,519,2144,,,,,,519,2144,,,,,,,,,本科,,,,,
8174803,宁夏,本科批,历史,,XB8555F,,四川师范大学,1103,心理学,,,,,,522,2009,,,,,,522,2009,,,,,,,,,本科,,,,,
8174804,宁夏,本科批,历史,,XB8555F,,四川师范大学,5D72,网络与新媒体,,,,,,535,1493,,,,,,535,1493,,,,,,,,,本科,,,,,
8174805,宁夏,本科批,历史,,XB8555F,,四川师范大学,927B,法学,,,,,,535,1493,,,,,,535,1493,,,,,,,,,本科,,,,,
8174806,宁夏,本科批,历史,,XB8555F,,四川师范大学,D243,汉语言文学,,,,,,537,1419,,,,,,537,1419,,,,,,,,,本科,,,,,
8174807,宁夏,本科批,物理,,XB8555F,,四川师范大学,371D,工程造价,,,,,,432,14269,,,,,,432,14269,,,,,,,,,本科,,,,,
8174808,宁夏,本科批,物理,,XB8555F,,四川师范大学,CA0F,旅游管理,,,,,,438,13162,,,,,,438,13162,,,,,,,,,本科,,,,,
8174809,宁夏,本科批,物理,,XB8555F,,四川师范大学,76B9,统计学,,,,,,442,12470,,,,,,442,12470,,,,,,,,,本科,,,,,
8174810,宁夏,本科批,物理,,XB8555F,,四川师范大学,436B,科学教育,,,,,,442,12470,,,,,,442,12470,,,,,,,,,本科,,,,,
8174811,宁夏,本科批,物理,,XB8555F,,四川师范大学,1B86,金融数学,,,,,,442,12470,,,,,,442,12470,,,,,,,,,本科,,,,,
8174812,宁夏,本科批,物理,,XB8555F,,四川师范大学,16DF,金融工程,,,,,,442,12470,,,,,,442,12470,,,,,,,,,本科,,,,,
8174813,宁夏,本科批,物理,,XB8555F,,四川师范大学,BFDA,人文地理与城乡规划,,,,,,443,12278,,,,,,443,12278,,,,,,,,,本科,,,,,
8174814,宁夏,本科批,物理,,XB8555F,,四川师范大学,548C,信息与计算科学,,,,,,444,12141,,,,,,444,12141,,,,,,,,,本科,,,,,
8174815,宁夏,本科批,物理,,XB8555F,,四川师范大学,108F,学前教育,,,,,,444,12141,,,,,,444,12141,,,,,,,,,本科,,,,,
8174816,宁夏,本科批,物理,,XB8555F,,四川师范大学,6995,网络工程,,,,,,445,11992,,,,,,445,11992,,,,,,,,,本科,,,,,
8174817,宁夏,本科批,物理,,XB8555F,,四川师范大学,FD7E,地理科学,,,,,,445,11992,,,,,,445,11992,,,,,,,,,本科,,,,,
8174818,宁夏,本科批,物理,,XB8555F,,四川师范大学,62BF,大数据管理与应用,,,,,,447,11628,,,,,,447,11628,,,,,,,,,本科,,,,,
8174819,宁夏,本科批,物理,,XB8555F,,四川师范大学,7E23,环境工程,,,,,,447,11628,,,,,,447,11628,,,,,,,,,本科,,,,,
8174820,宁夏,本科批,物理,,XB8555F,,四川师范大学,978C,审计学,,,,,,447,11628,,,,,,447,11628,,,,,,,,,本科,,,,,
8174821,宁夏,本科批,物理,,XB8555F,,四川师范大学,ECA4,通信工程,,,,,,447,11628,,,,,,447,11628,,,,,,,,,本科,,,,,
8174822,宁夏,本科批,物理,,XB8555F,,四川师范大学,927B,法学,,,,,,447,11628,,,,,,447,11628,,,,,,,,,本科,,,,,
8174823,宁夏,本科批,物理,,XB8555F,,四川师范大学,0541,生物科学,,,,,,448,11446,,,,,,448,11446,,,,,,,,,本科,,,,,
8174824,宁夏,本科批,物理,,XB8555F,,四川师范大学,B5AE,化学,,,,,,448,11446,,,,,,448,11446,,,,,,,,,本科,,,,,
8174825,宁夏,本科批,物理,,XB8555F,,四川师范大学,DB75,广播电视学,,,,,,450,11095,,,,,,450,11095,,,,,,,,,本科,,,,,
8174826,宁夏,本科批,物理,,XB8555F,,四川师范大学,5D72,网络与新媒体,,,,,,453,10598,,,,,,453,10598,,,,,,,,,本科,,,,,
8175558,宁夏,本科批,历史,,XC789DB,,集美大学,5E19,会计学,,,,,,507,2792,,,,,,507,2792,,,,,,,,,本科,,,,,
8175559,宁夏,本科批,历史,,XC789DB,,集美大学,927B,法学,,,,,,508,2728,,,,,,508,2728,,,,,,,,,本科,,,,,
8175560,宁夏,本科批,物理,,XC789DB,,集美大学,7E23,环境工程,,,,,,435,13689,,,,,,435,13689,,,,,,,,,本科,,,,,
8175561,宁夏,本科批,物理,,XC789DB,,集美大学,6F56,工程管理,,,,,,436,13513,,,,,,436,13513,,,,,,,,,本科,,,,,
8175562,宁夏,本科批,物理,,XC789DB,,集美大学,4154,电子商务,,,,,,437,13337,,,,,,437,13337,,,,,,,,,本科,,,,,
8175563,宁夏,本科批,物理,,XC789DB,,集美大学,FBFE,物流管理,,,,,,438,13162,,,,,,438,13162,,,,,,,,,本科,,,,,
8175564,宁夏,本科批,物理,,XC789DB,,集美大学,8EA2,机械电子工程,,,,,,439,12985,,,,,,439,12985,,,,,,,,,本科,,,,,
8175565,宁夏,本科批,物理,,XC789DB,,集美大学,78FF,机械设计制造及其自动化,,,,,,440,12830,,,,,,440,12830,,,,,,,,,本科,,,,,
8175566,宁夏,本科批,物理,,XC789DB,,集美大学,3557,能源与动力工程,,,,,,442,12470,,,,,,442,12470,,,,,,,,,本科,,,,,
8175567,宁夏,本科批,物理,,XC789DB,,集美大学,ECA4,通信工程,,,,,,443,12278,,,,,,443,12278,,,,,,,,,本科,,,,,
8175568,宁夏,本科批,物理,,XC789DB,,集美大学,3C38,软件工程,,,,,,443,12278,,,,,,443,12278,,,,,,,,,本科,,,,,
8175569,宁夏,本科批,物理,,XC789DB,,集美大学,21BA,财政学,,,,,,445,11992,,,,,,445,11992,,,,,,,,,本科,,,,,
8175570,宁夏,本科批,物理,,XC789DB,,集美大学,93E3,电子信息工程,,,,,,446,11823,,,,,,446,11823,,,,,,,,,本科,,,,,
8175571,宁夏,本科批,物理,,XC789DB,,集美大学,A5B7,电气工程及其自动化,,,,,,448,11446,,,,,,448,11446,,,,,,,,,本科,,,,,
8176234,宁夏,本科批,历史,,X3206E0,,广东工业大学,E6CB,社会工作,,,,,,508,2728,,,,,,508,2728,,,,,,,,,本科,,,,,
8176235,宁夏,本科批,历史,,X3206E0,,广东工业大学,EF7C,工商管理类,,,,,,510,2612,,,,,,510,2612,,,,,,,,,本科,,,,,
8176236,宁夏,本科批,物理,,X3206E0,,广东工业大学,5257,工业工程,,,,,,482,6750,,,,,,482,6750,,,,,,,,,本科,,,,,
8176237,宁夏,本科批,物理,,X3206E0,,广东工业大学,2426,材料类,,,,,,483,6646,,,,,,483,6646,,,,,,,,,本科,,,,,
8176238,宁夏,本科批,物理,,X3206E0,,广东工业大学,FB65,风景园林,,,,,,483,6646,,,,,,483,6646,,,,,,,,,本科,,,,,
8176239,宁夏,本科批,物理,,X3206E0,,广东工业大学,38B5,能源化学工程,,,,,,484,6535,,,,,,484,6535,,,,,,,,,本科,,,,,
8176240,宁夏,本科批,物理,,X3206E0,,广东工业大学,4ECE,土木工程,,,,,,485,6416,,,,,,485,6416,,,,,,,,,本科,,,,,
8176241,宁夏,本科批,物理,,X3206E0,,广东工业大学,A5D2,测控技术与仪器,,,,,,486,6312,,,,,,486,6312,,,,,,,,,本科,,,,,
8176242,宁夏,本科批,物理,,X3206E0,,广东工业大学,D146,能源动力类,,,,,,491,5800,,,,,,491,5800,,,,,,,,,本科,,,,,
8176243,宁夏,本科批,物理,,X3206E0,,广东工业大学,8EA2,机械电子工程,,,,,,491,5800,,,,,,491,5800,,,,,,,,,本科,,,,,
8176244,宁夏,本科批,物理,,X3206E0,,广东工业大学,78FF,机械设计制造及其自动化,,,,,,495,5424,,,,,,495,5424,,,,,,,,,本科,,,,,
8176245,宁夏,本科批,物理,,X3206E0,,广东工业大学,A5B7,电气工程及其自动化,,,,,,502,4806,,,,,,502,4806,,,,,,,,,本科,,,,,
8176246,宁夏,本科批,物理,,X3206E0,,广东工业大学,82E6,计算机类,,,,,,503,4724,,,,,,503,4724,,,,,,,,,本科,,,,,
8176247,宁夏,本科批,物理,,X3206E0,,广东工业大学,861C,电子信息类,,,,,,507,4402,,,,,,507,4402,,,,,,,,,本科,,,,,
8176248,宁夏,本科批,物理,,X3206E0,,广东工业大学,0184,自动化类,,,,,,511,4076,,,,,,511,4076,,,,,,,,,本科,,,,,
8176474,宁夏,本科批,历史,,X0EC453,,河南师范大学,AC90,行政管理,,,,,,499,3256,,,,,,499,3256,,,,,,,,,本科,,,,,
8176475,宁夏,本科批,历史,,X0EC453,,河南师范大学,DB75,广播电视学,,,,,,501,3138,,,,,,501,3138,,,,,,,,,本科,,,,,
8176476,宁夏,本科批,历史,,X0EC453,,河南师范大学,6AB9,经济学,,,,,,502,3081,,,,,,502,3081,,,,,,,,,本科,,,,,
8176477,宁夏,本科批,历史,,X0EC453,,河南师范大学,4145,英语,,,,,,503,3027,,,,,,503,3027,,,,,,,,,本科,,,,,
8176478,宁夏,本科批,物理,,X0EC453,,河南师范大学,ABA8,环境科学与工程类,,,,,,442,12470,,,,,,442,12470,,,,,,,,,本科,,,,,
8177304,宁夏,本科批,物理,,X0BBF4F,,河南理工大学,7E23,环境工程,,,,,,430,14690,,,,,,430,14690,,,,,,,,,本科,,,,,
8177305,宁夏,本科批,物理,,X0BBF4F,,河南理工大学,C7AE,交通工程,,,,,,430,14690,,,,,,430,14690,,,,,,,,,本科,,,,,
8177306,宁夏,本科批,物理,,X0BBF4F,,河南理工大学,9E8D,资源勘查工程（清洁能源勘查方向）,清洁能源勘查方向,,,,,430,14690,,,,,,430,14690,,,,,,,,,本科,,,,,
8177307,宁夏,本科批,物理,,X0BBF4F,,河南理工大学,4C08,测绘工程（卓越计划班）,卓越计划班,,,,,430,14690,,,,,,430,14690,,,,,,,,,本科,,,,,
8177308,宁夏,本科批,物理,,X0BBF4F,,河南理工大学,3947,智能采矿工程,,,,,,431,14482,,,,,,431,14482,,,,,,,,,本科,,,,,
8177309,宁夏,本科批,物理,,X0BBF4F,,河南理工大学,D6ED,化学工程与工艺,,,,,,433,14069,,,,,,433,14069,,,,,,,,,本科,,,,,
8177310,宁夏,本科批,物理,,X0BBF4F,,河南理工大学,78FF,机械设计制造及其自动化,,,,,,434,13883,,,,,,434,13883,,,,,,,,,本科,,,,,
8177311,宁夏,本科批,物理,,X0BBF4F,,河南理工大学,C096,智能材料与结构,,,,,,436,13513,,,,,,436,13513,,,,,,,,,本科,,,,,
8177312,宁夏,本科批,物理,,X0BBF4F,,河南理工大学,E73D,安全工程（卓越计划班）,卓越计划班,,,,,437,13337,,,,,,437,13337,,,,,,,,,本科,,,,,
8177313,宁夏,本科批,物理,,X0BBF4F,,河南理工大学,A86C,遥感科学与技术,,,,,,438,13162,,,,,,438,13162,,,,,,,,,本科,,,,,
8177314,宁夏,本科批,物理,,X0BBF4F,,河南理工大学,26A7,车辆工程,,,,,,438,13162,,,,,,438,13162,,,,,,,,,本科,,,,,
8177315,宁夏,本科批,物理,,X0BBF4F,,河南理工大学,52F8,轨道交通信号与控制,,,,,,439,12985,,,,,,439,12985,,,,,,,,,本科,,,,,
8177316,宁夏,本科批,物理,,X0BBF4F,,河南理工大学,F068,人工智能,,,,,,442,12470,,,,,,442,12470,,,,,,,,,本科,,,,,
8177317,宁夏,本科批,物理,,X0BBF4F,,河南理工大学,ECA4,通信工程,,,,,,442,12470,,,,,,442,12470,,,,,,,,,本科,,,,,
8177318,宁夏,本科批,物理,,X0BBF4F,,河南理工大学,4C65,自动化,,,,,,444,12141,,,,,,444,12141,,,,,,,,,本科,,,,,
8177319,宁夏,本科批,物理,,X0BBF4F,,河南理工大学,A5B7,电气工程及其自动化,,,,,,451,10913,,,,,,451,10913,,,,,,,,,本科,,,,,
8177798,宁夏,本科批,历史,,X36A273,,西南政法大学,9301,新闻传播学类,,,,,,565,663,,,,,,565,663,,,,,,,,,本科,,,,,
8177799,宁夏,本科批,历史,,X36A273,,西南政法大学,51C8,思想政治教育,,,,,,568,610,,,,,,568,610,,,,,,,,,本科,,,,,
8177800,宁夏,本科批,历史,,X36A273,,西南政法大学,EF7C,工商管理类,,,,,,570,560,,,,,,570,560,,,,,,,,,本科,,,,,
8177801,宁夏,本科批,历史,,X36A273,,西南政法大学,0FBC,金融学,,,,,,572,524,,,,,,572,524,,,,,,,,,本科,,,,,
8177802,宁夏,本科批,历史,,X36A273,,西南政法大学,927B,法学,,,,,,583,354,,,,,,583,354,,,,,,,,,本科,,,,,
8177803,宁夏,本科批,物理,,X36A273,,西南政法大学,090D,公共事业管理,,,,,,474,7703,,,,,,474,7703,,,,,,,,,本科,,,,,
8177804,宁夏,本科批,物理,,X36A273,,西南政法大学,927B,法学,,,,,,480,6986,,,,,,480,6986,,,,,,,,,本科,,,,,
8177805,宁夏,本科批,物理,,X36A273,,西南政法大学,ED8E,法学（刑科双学位）,刑科双学位,,,,,545,2051,,,,,,545,2051,,,,,,,,,本科,,,,,
8178673,宁夏,本科批,物理,,X50BC57,,中国农业大学,D40C,少数民族预科班,,,,,,512,4013,,,,,,512,4013,,,,,,,,,本科,,,,,
8178674,宁夏,本科批,物理,,X50BC57,,中国农业大学,225A,水利类,,,,,,555,1652,,,,,,555,1652,,,,,,,,,本科,,,,,
8178675,宁夏,本科批,物理,,X50BC57,,中国农业大学,C5CB,园艺,,,,,,555,1652,,,,,,555,1652,,,,,,,,,本科,,,,,
8178676,宁夏,本科批,物理,,X50BC57,,中国农业大学,3615,机械类,,,,,,556,1611,,,,,,556,1611,,,,,,,,,本科,,,,,
8178677,宁夏,本科批,物理,,X50BC57,,中国农业大学,ABA8,环境科学与工程类,,,,,,557,1563,,,,,,557,1563,,,,,,,,,本科,,,,,
8178678,宁夏,本科批,物理,,X50BC57,,中国农业大学,82E6,计算机类,,,,,,557,1563,,,,,,557,1563,,,,,,,,,本科,,,,,
8178679,宁夏,本科批,物理,,X50BC57,,中国农业大学,EB04,农业工程类,,,,,,561,1417,,,,,,561,1417,,,,,,,,,本科,,,,,
8178680,宁夏,本科批,物理,,X50BC57,,中国农业大学,EF96,食品科学与工程类,,,,,,562,1380,,,,,,562,1380,,,,,,,,,本科,,,,,
8178681,宁夏,本科批,物理,,X50BC57,,中国农业大学,25FE,数学与应用数学,,,,,,564,1304,,,,,,564,1304,,,,,,,,,本科,,,,,
8179504,宁夏,本科批,物理,,XD7DF35,,东华大学,2426,材料类,,,,,,520,3413,,,,,,520,3413,,,,,,,,,本科,,,,,
8179505,宁夏,本科批,物理,,XD7DF35,,东华大学,6954,化学类,,,,,,520,3413,,,,,,520,3413,,,,,,,,,本科,,,,,
8179506,宁夏,本科批,物理,,XD7DF35,,东华大学,57D1,服装设计与工程,,,,,,520,3413,,,,,,520,3413,,,,,,,,,本科,,,,,
8179507,宁夏,本科批,物理,,XD7DF35,,东华大学,ED69,经济管理试验班,,,,,,521,3349,,,,,,521,3349,,,,,,,,,本科,,,,,
8179508,宁夏,本科批,物理,,XD7DF35,,东华大学,8EF0,管理科学与工程类,,,,,,522,3293,,,,,,522,3293,,,,,,,,,本科,,,,,
8179509,宁夏,本科批,物理,,XD7DF35,,东华大学,FB3B,经济与贸易类,,,,,,522,3293,,,,,,522,3293,,,,,,,,,本科,,,,,
8179510,宁夏,本科批,物理,,XD7DF35,,东华大学,E1BB,功能材料,,,,,,522,3293,,,,,,522,3293,,,,,,,,,本科,,,,,
8179511,宁夏,本科批,物理,,XD7DF35,,东华大学,9301,新闻传播学类,,,,,,523,3221,,,,,,523,3221,,,,,,,,,本科,,,,,
8179512,宁夏,本科批,物理,,XD7DF35,,东华大学,1627,纺织类,,,,,,523,3221,,,,,,523,3221,,,,,,,,,本科,,,,,
8179513,宁夏,本科批,物理,,XD7DF35,,东华大学,D06C,机械工程,,,,,,526,3056,,,,,,526,3056,,,,,,,,,本科,,,,,
8179514,宁夏,本科批,物理,,XD7DF35,,东华大学,944B,数学类（金融与统计）,金融与统计,,,,,528,2930,,,,,,528,2930,,,,,,,,,本科,,,,,
8179515,宁夏,本科批,物理,,XD7DF35,,东华大学,52E9,生物工程（生物医药方向）,生物医药方向,,,,,529,2869,,,,,,529,2869,,,,,,,,,本科,,,,,
8179516,宁夏,本科批,物理,,XD7DF35,,东华大学,582B,物理学类（集成电路与新能源）,集成电路与新能源,,,,,530,2799,,,,,,530,2799,,,,,,,,,本科,,,,,
8179517,宁夏,本科批,物理,,XD7DF35,,东华大学,861C,电子信息类,,,,,,532,2696,,,,,,532,2696,,,,,,,,,本科,,,,,
8179518,宁夏,本科批,物理,,XD7DF35,,东华大学,82E6,计算机类,,,,,,536,2489,,,,,,536,2489,,,,,,,,,本科,,,,,
8180159,宁夏,本科批,物理,,X8F4791,,重庆邮电大学,EF7C,工商管理类,,,,,,505,4564,,,,,,505,4564,,,,,,,,,本科,,,,,
8180160,宁夏,本科批,物理,,X8F4791,,重庆邮电大学,1D49,机械类（智能制造与机器人类）,智能制造与机器人类,,,,,506,4475,,,,,,506,4475,,,,,,,,,本科,,,,,
8180161,宁夏,本科批,物理,,X8F4791,,重庆邮电大学,6123,电子商务类,,,,,,506,4475,,,,,,506,4475,,,,,,,,,本科,,,,,
8180162,宁夏,本科批,物理,,X8F4791,,重庆邮电大学,9B17,生物信息学,,,,,,508,4318,,,,,,508,4318,,,,,,,,,本科,,,,,
8180163,宁夏,本科批,物理,,X8F4791,,重庆邮电大学,D681,信息管理与信息系统,,,,,,508,4318,,,,,,508,4318,,,,,,,,,本科,,,,,
8180164,宁夏,本科批,物理,,X8F4791,,重庆邮电大学,DCB8,数学类（数学与信息科学类）,数学与信息科学类,,,,,513,3942,,,,,,513,3942,,,,,,,,,本科,,,,,
8180165,宁夏,本科批,物理,,X8F4791,,重庆邮电大学,E70E,自动化类（智能自动化）,智能自动化,,,,,513,3942,,,,,,513,3942,,,,,,,,,本科,,,,,
8180166,宁夏,本科批,物理,,X8F4791,,重庆邮电大学,CAB3,电子信息类（集成电路类）,集成电路类,,,,,514,3852,,,,,,514,3852,,,,,,,,,本科,,,,,
8180167,宁夏,本科批,物理,,X8F4791,,重庆邮电大学,4080,计算机类（网络安全类）,网络安全类,,,,,515,3775,,,,,,515,3775,,,,,,,,,本科,,,,,
8180168,宁夏,本科批,物理,,X8F4791,,重庆邮电大学,9EFC,电子信息类（通信与信息类）,通信与信息类,,,,,517,3626,,,,,,517,3626,,,,,,,,,本科,,,,,
8180169,宁夏,本科批,物理,,X8F4791,,重庆邮电大学,894A,电子信息类（电子工程类）,电子工程类,,,,,517,3626,,,,,,517,3626,,,,,,,,,本科,,,,,
8180170,宁夏,本科批,物理,,X8F4791,,重庆邮电大学,E0DF,计算机类（计算机与智能科学类）,计算机与智能科学类,,,,,519,3472,,,,,,519,3472,,,,,,,,,本科,,,,,
8180983,宁夏,本科批,历史,,X856A16,,华北理工大学,D40C,少数民族预科班,,,,,,491,3781,,,,,,491,3781,,,,,,,,,本科,,,,,
8180984,宁夏,本科批,历史,,X856A16,,华北理工大学,25DE,国际经济与贸易,,,,,,501,3138,,,,,,501,3138,,,,,,,,,本科,,,,,
8180985,宁夏,本科批,历史,,X856A16,,华北理工大学,927B,法学,,,,,,516,2309,,,,,,516,2309,,,,,,,,,本科,,,,,
8180986,宁夏,本科批,物理,,X856A16,,华北理工大学,D40C,少数民族预科班,,,,,,425,15604,,,,,,425,15604,,,,,,,,,本科,,,,,
8180987,宁夏,本科批,物理,,X856A16,,华北理工大学,D307,矿业类,,,,,,434,13883,,,,,,434,13883,,,,,,,,,本科,,,,,
8180988,宁夏,本科批,物理,,X856A16,,华北理工大学,4E9C,卫生检验与检疫,,,,,,442,12470,,,,,,442,12470,,,,,,,,,本科,,,,,
8180989,宁夏,本科批,物理,,X856A16,,华北理工大学,817D,康复治疗学,,,,,,442,12470,,,,,,442,12470,,,,,,,,,本科,,,,,
8180990,宁夏,本科批,物理,,X856A16,,华北理工大学,6F5A,碳储科学与工程,,,,,,444,12141,,,,,,444,12141,,,,,,,,,本科,,,,,
8180991,宁夏,本科批,物理,,X856A16,,华北理工大学,4BF3,护理学,,,,,,444,12141,,,,,,444,12141,,,,,,,,,本科,,,,,
8180992,宁夏,本科批,物理,,X856A16,,华北理工大学,F068,人工智能,,,,,,446,11823,,,,,,446,11823,,,,,,,,,本科,,,,,
8180993,宁夏,本科批,物理,,X856A16,,华北理工大学,97D0,临床医学,,,,,,484,6535,,,,,,484,6535,,,,,,,,,本科,,,,,
8181634,宁夏,本科批,历史,,X4F8236,,中国人民大学,1356,金融学类,,,,,,625,52,,,,,,625,52,,,,,,,,,本科,,,,,
8181635,宁夏,本科批,历史,,X4F8236,,中国人民大学,9301,新闻传播学类,,,,,,627,52,,,,,,627,52,,,,,,,,,本科,,,,,
8181636,宁夏,本科批,历史,,X4F8236,,中国人民大学,73E7,国际政治,,,,,,628,52,,,,,,628,52,,,,,,,,,本科,,,,,
8181637,宁夏,本科批,历史,,X4F8236,,中国人民大学,028D,人文科学试验班,,,,,,629,52,,,,,,629,52,,,,,,,,,本科,,,,,
8181638,宁夏,本科批,历史,,X4F8236,,中国人民大学,EB58,社会科学试验班（管理学科类）,管理学科类,,,,,629,52,,,,,,629,52,,,,,,,,,本科,,,,,
8181639,宁夏,本科批,历史,,X4F8236,,中国人民大学,C29F,经济学类,,,,,,630,52,,,,,,630,52,,,,,,,,,本科,,,,,
8181640,宁夏,本科批,历史,,X4F8236,,中国人民大学,EE96,工商管理类（数智化方向，含双学位项目）,数智化方向，含双学位项目,,,,,630,52,,,,,,630,52,,,,,,,,,本科,,,,,
8181641,宁夏,本科批,历史,,X4F8236,,中国人民大学,49B1,人力资源管理（经管交叉试验班，含法学与劳动治理实验班）,经管交叉试验班，含法学与劳动治理实验班,,,,,631,52,,,,,,631,52,,,,,,,,,本科,,,,,
8181642,宁夏,本科批,历史,,X4F8236,,中国人民大学,927B,法学,,,,,,637,52,,,,,,637,52,,,,,,,,,本科,,,,,
8181643,宁夏,本科批,物理,,X4F8236,,中国人民大学,EE96,工商管理类（数智化方向，含双学位项目）,数智化方向，含双学位项目,,,,,625,164,,,,,,625,164,,,,,,,,,本科,,,,,
8181644,宁夏,本科批,物理,,X4F8236,,中国人民大学,CA9C,财政学类,,,,,,626,158,,,,,,626,158,,,,,,,,,本科,,,,,
8181645,宁夏,本科批,物理,,X4F8236,,中国人民大学,A223,统计学类,,,,,,629,137,,,,,,629,137,,,,,,,,,本科,,,,,
8181646,宁夏,本科批,物理,,X4F8236,,中国人民大学,8DEB,人工智能（拔尖班）,拔尖班,,,,,631,124,,,,,,631,124,,,,,,,,,本科,,,,,
8181647,宁夏,本科批,物理,,X4F8236,,中国人民大学,1356,金融学类,,,,,,632,121,,,,,,632,121,,,,,,,,,本科,,,,,
8182545,宁夏,本科批,物理,,X431968,,太原理工大学,B029,材料科学与工程（太原市虎峪校区）,太原市虎峪校区,,,,,493,5606,,,,,,493,5606,,,,,,,,,本科,,,,,
8182546,宁夏,本科批,物理,,X431968,,太原理工大学,18A5,过程装备与控制工程（太原市虎峪校区）,太原市虎峪校区,,,,,498,5138,,,,,,498,5138,,,,,,,,,本科,,,,,
8182547,宁夏,本科批,物理,,X431968,,太原理工大学,F9ED,城市地下空间工程（太原市虎峪校区）,太原市虎峪校区,,,,,498,5138,,,,,,498,5138,,,,,,,,,本科,,,,,
8182548,宁夏,本科批,物理,,X431968,,太原理工大学,7E23,环境工程,,,,,,500,4966,,,,,,500,4966,,,,,,,,,本科,,,,,
8182549,宁夏,本科批,物理,,X431968,,太原理工大学,5AD4,化学工程与工艺（太原市虎峪校区）,太原市虎峪校区,,,,,503,4724,,,,,,503,4724,,,,,,,,,本科,,,,,
8182550,宁夏,本科批,物理,,X431968,,太原理工大学,4ECE,土木工程,,,,,,504,4626,,,,,,504,4626,,,,,,,,,本科,,,,,
8182551,宁夏,本科批,物理,,X431968,,太原理工大学,F620,安全工程,,,,,,508,4318,,,,,,508,4318,,,,,,,,,本科,,,,,
8182552,宁夏,本科批,物理,,X431968,,太原理工大学,23F3,测绘工程（太原市虎峪校区）,太原市虎峪校区,,,,,510,4145,,,,,,510,4145,,,,,,,,,本科,,,,,
8182553,宁夏,本科批,物理,,X431968,,太原理工大学,91CE,水文与水资源工程,,,,,,511,4076,,,,,,511,4076,,,,,,,,,本科,,,,,
8182554,宁夏,本科批,物理,,X431968,,太原理工大学,B6AC,材料成型及控制工程（太原市虎峪校区）,太原市虎峪校区,,,,,516,3695,,,,,,516,3695,,,,,,,,,本科,,,,,
8182555,宁夏,本科批,物理,,X431968,,太原理工大学,4718,数据科学与大数据技术,,,,,,523,3221,,,,,,523,3221,,,,,,,,,本科,,,,,
8182556,宁夏,本科批,物理,,X431968,,太原理工大学,A687,光电信息科学与工程,,,,,,524,3165,,,,,,524,3165,,,,,,,,,本科,,,,,
8182557,宁夏,本科批,物理,,X431968,,太原理工大学,3557,能源与动力工程,,,,,,525,3106,,,,,,525,3106,,,,,,,,,本科,,,,,
8182558,宁夏,本科批,物理,,X431968,,太原理工大学,8EA2,机械电子工程,,,,,,526,3056,,,,,,526,3056,,,,,,,,,本科,,,,,
8182559,宁夏,本科批,物理,,X431968,,太原理工大学,4C65,自动化,,,,,,527,2979,,,,,,527,2979,,,,,,,,,本科,,,,,
8182560,宁夏,本科批,物理,,X431968,,太原理工大学,78FF,机械设计制造及其自动化,,,,,,528,2930,,,,,,528,2930,,,,,,,,,本科,,,,,
8182561,宁夏,本科批,物理,,X431968,,太原理工大学,4BF2,农业水利工程,,,,,,534,2583,,,,,,534,2583,,,,,,,,,本科,,,,,
8182562,宁夏,本科批,物理,,X431968,,太原理工大学,A5B7,电气工程及其自动化,,,,,,535,2533,,,,,,535,2533,,,,,,,,,本科,,,,,
8183301,宁夏,本科批,历史,,X7984E7,,山东理工大学,5D72,网络与新媒体,,,,,,497,3383,,,,,,497,3383,,,,,,,,,本科,,,,,
8183302,宁夏,本科批,物理,,X7984E7,,山东理工大学,AD0A,土木工程（交通基础设施工程方向）,交通基础设施工程方向,,,,,432,14269,,,,,,432,14269,,,,,,,,,本科,,,,,
8183303,宁夏,本科批,物理,,X7984E7,,山东理工大学,0FBC,金融学,,,,,,433,14069,,,,,,433,14069,,,,,,,,,本科,,,,,
8183304,宁夏,本科批,物理,,X7984E7,,山东理工大学,CB8D,土木工程（建筑工程方向）,建筑工程方向,,,,,448,11446,,,,,,448,11446,,,,,,,,,本科,,,,,
8183305,宁夏,本科批,物理,,X7984E7,,山东理工大学,E347,工业设计,,,,,,448,11446,,,,,,448,11446,,,,,,,,,本科,,,,,
8183306,宁夏,本科批,物理,,X7984E7,,山东理工大学,5E49,食品科学与工程,,,,,,448,11446,,,,,,448,11446,,,,,,,,,本科,,,,,
8183307,宁夏,本科批,物理,,X7984E7,,山东理工大学,0541,生物科学,,,,,,448,11446,,,,,,448,11446,,,,,,,,,本科,,,,,
8183308,宁夏,本科批,物理,,X7984E7,,山东理工大学,5B8B,高分子材料与工程,,,,,,449,11257,,,,,,449,11257,,,,,,,,,本科,,,,,
8183309,宁夏,本科批,物理,,X7984E7,,山东理工大学,52FD,应用化学,,,,,,449,11257,,,,,,449,11257,,,,,,,,,本科,,,,,
8183310,宁夏,本科批,物理,,X7984E7,,山东理工大学,67B2,金融学（数字金融方向）,数字金融方向,,,,,450,11095,,,,,,450,11095,,,,,,,,,本科,,,,,
8183311,宁夏,本科批,物理,,X7984E7,,山东理工大学,A942,材料科学与工程,,,,,,451,10913,,,,,,451,10913,,,,,,,,,本科,,,,,
8183312,宁夏,本科批,物理,,X7984E7,,山东理工大学,40CE,制药工程,,,,,,452,10754,,,,,,452,10754,,,,,,,,,本科,,,,,
8183313,宁夏,本科批,物理,,X7984E7,,山东理工大学,C7AE,交通工程,,,,,,452,10754,,,,,,452,10754,,,,,,,,,本科,,,,,
8183314,宁夏,本科批,物理,,X7984E7,,山东理工大学,CA6D,农业智能装备工程,,,,,,453,10598,,,,,,453,10598,,,,,,,,,本科,,,,,
8183315,宁夏,本科批,物理,,X7984E7,,山东理工大学,FEF6,材料成型及控制工程,,,,,,454,10448,,,,,,454,10448,,,,,,,,,本科,,,,,
8183316,宁夏,本科批,物理,,X7984E7,,山东理工大学,E2E1,生物工程,,,,,,455,10282,,,,,,455,10282,,,,,,,,,本科,,,,,
8183317,宁夏,本科批,物理,,X7984E7,,山东理工大学,D6ED,化学工程与工艺,,,,,,455,10282,,,,,,455,10282,,,,,,,,,本科,,,,,
8183318,宁夏,本科批,物理,,X7984E7,,山东理工大学,F55B,交通运输,,,,,,456,10121,,,,,,456,10121,,,,,,,,,本科,,,,,
8183319,宁夏,本科批,物理,,X7984E7,,山东理工大学,4EA7,新能源材料与器件,,,,,,457,9966,,,,,,457,9966,,,,,,,,,本科,,,,,
8183320,宁夏,本科批,物理,,X7984E7,,山东理工大学,8EA2,机械电子工程,,,,,,458,9834,,,,,,458,9834,,,,,,,,,本科,,,,,
8183321,宁夏,本科批,物理,,X7984E7,,山东理工大学,3C38,软件工程,,,,,,460,9530,,,,,,460,9530,,,,,,,,,本科,,,,,
8184062,宁夏,本科批,物理,,X12DC67,,杭州电子科技大学,4154,电子商务,,,,,,482,6750,,,,,,482,6750,,,,,,,,,本科,,,,,
8184063,宁夏,本科批,物理,,X12DC67,,杭州电子科技大学,EF7C,工商管理类,,,,,,522,3293,,,,,,522,3293,,,,,,,,,本科,,,,,
8184064,宁夏,本科批,物理,,X12DC67,,杭州电子科技大学,7E23,环境工程,,,,,,524,3165,,,,,,524,3165,,,,,,,,,本科,,,,,
8184065,宁夏,本科批,物理,,X12DC67,,杭州电子科技大学,5257,工业工程,,,,,,524,3165,,,,,,524,3165,,,,,,,,,本科,,,,,
8184066,宁夏,本科批,物理,,X12DC67,,杭州电子科技大学,8EF0,管理科学与工程类,,,,,,525,3106,,,,,,525,3106,,,,,,,,,本科,,,,,
8184067,宁夏,本科批,物理,,X12DC67,,杭州电子科技大学,78FF,机械设计制造及其自动化,,,,,,525,3106,,,,,,525,3106,,,,,,,,,本科,,,,,
8184068,宁夏,本科批,物理,,X12DC67,,杭州电子科技大学,A5D2,测控技术与仪器,,,,,,528,2930,,,,,,528,2930,,,,,,,,,本科,,,,,
8184069,宁夏,本科批,物理,,X12DC67,,杭州电子科技大学,A687,光电信息科学与工程,,,,,,530,2799,,,,,,530,2799,,,,,,,,,本科,,,,,
8184070,宁夏,本科批,物理,,X12DC67,,杭州电子科技大学,6995,网络工程,,,,,,531,2751,,,,,,531,2751,,,,,,,,,本科,,,,,
8184071,宁夏,本科批,物理,,X12DC67,,杭州电子科技大学,4C65,自动化,,,,,,531,2751,,,,,,531,2751,,,,,,,,,本科,,,,,
8184072,宁夏,本科批,物理,,X12DC67,,杭州电子科技大学,CB45,电子信息类（通信学院）,通信学院,,,,,534,2583,,,,,,534,2583,,,,,,,,,本科,,,,,
8184073,宁夏,本科批,物理,,X12DC67,,杭州电子科技大学,0A0C,电子信息类（电子信息学院）,电子信息学院,,,,,535,2533,,,,,,535,2533,,,,,,,,,本科,,,,,
8184074,宁夏,本科批,物理,,X12DC67,,杭州电子科技大学,82E6,计算机类,,,,,,538,2382,,,,,,538,2382,,,,,,,,,本科,,,,,
8184400,宁夏,本科批,历史,,XDB2815,,上海理工大学,9301,新闻传播学类,,,,,,515,2358,,,,,,515,2358,,,,,,,,,本科,,,,,
8184401,宁夏,本科批,历史,,XDB2815,,上海理工大学,ED69,经济管理试验班,,,,,,518,2196,,,,,,518,2196,,,,,,,,,本科,,,,,
8184402,宁夏,本科批,物理,,XDB2815,,上海理工大学,3CC9,理科试验班,,,,,,502,4806,,,,,,502,4806,,,,,,,,,本科,,,,,
8184403,宁夏,本科批,物理,,XDB2815,,上海理工大学,5DA0,工科试验班（智能化制造类）,智能化制造类,,,,,502,4806,,,,,,502,4806,,,,,,,,,本科,,,,,
8184404,宁夏,本科批,物理,,XDB2815,,上海理工大学,8E04,工科试验班（电子与信息类）,电子与信息类,,,,,509,4237,,,,,,509,4237,,,,,,,,,本科,,,,,
8185084,宁夏,本科批,历史,,XCF4C46,,重庆工商大学,BFDA,人文地理与城乡规划,,,,,,498,3307,,,,,,498,3307,,,,,,,,,本科,,,,,
8185085,宁夏,本科批,历史,,XCF4C46,,重庆工商大学,308C,法学类,,,,,,502,3081,,,,,,502,3081,,,,,,,,,本科,,,,,
8185086,宁夏,本科批,历史,,XCF4C46,,重庆工商大学,EF7C,工商管理类,,,,,,519,2144,,,,,,519,2144,,,,,,,,,本科,,,,,
8185087,宁夏,本科批,历史,,XCF4C46,,重庆工商大学,489A,旅游管理类,,,,,,519,2144,,,,,,519,2144,,,,,,,,,本科,,,,,
8185088,宁夏,本科批,历史,,XCF4C46,,重庆工商大学,1356,金融学类,,,,,,522,2009,,,,,,522,2009,,,,,,,,,本科,,,,,
8185089,宁夏,本科批,历史,,XCF4C46,,重庆工商大学,FB3B,经济与贸易类,,,,,,522,2009,,,,,,522,2009,,,,,,,,,本科,,,,,
8185090,宁夏,本科批,历史,,XCF4C46,,重庆工商大学,FB18,财务管理,,,,,,523,1956,,,,,,523,1956,,,,,,,,,本科,,,,,
8185091,宁夏,本科批,历史,,XCF4C46,,重庆工商大学,CA9C,财政学类,,,,,,525,1867,,,,,,525,1867,,,,,,,,,本科,,,,,
8185092,宁夏,本科批,历史,,XCF4C46,,重庆工商大学,978C,审计学,,,,,,529,1710,,,,,,529,1710,,,,,,,,,本科,,,,,
8185093,宁夏,本科批,历史,,XCF4C46,,重庆工商大学,5E19,会计学,,,,,,533,1564,,,,,,533,1564,,,,,,,,,本科,,,,,
8185094,宁夏,本科批,物理,,XCF4C46,,重庆工商大学,786E,食品安全与检测,,,,,,427,15234,,,,,,427,15234,,,,,,,,,本科,,,,,
8185095,宁夏,本科批,物理,,XCF4C46,,重庆工商大学,62BF,大数据管理与应用,,,,,,428,15065,,,,,,428,15065,,,,,,,,,本科,,,,,
8185096,宁夏,本科批,物理,,XCF4C46,,重庆工商大学,4154,电子商务,,,,,,428,15065,,,,,,428,15065,,,,,,,,,本科,,,,,
8185097,宁夏,本科批,物理,,XCF4C46,,重庆工商大学,8684,智能制造工程,,,,,,430,14690,,,,,,430,14690,,,,,,,,,本科,,,,,
8185098,宁夏,本科批,物理,,XCF4C46,,重庆工商大学,8EA2,机械电子工程,,,,,,431,14482,,,,,,431,14482,,,,,,,,,本科,,,,,
8185099,宁夏,本科批,物理,,XCF4C46,,重庆工商大学,308C,法学类,,,,,,431,14482,,,,,,431,14482,,,,,,,,,本科,,,,,
8185100,宁夏,本科批,物理,,XCF4C46,,重庆工商大学,489A,旅游管理类,,,,,,433,14069,,,,,,433,14069,,,,,,,,,本科,,,,,
8185101,宁夏,本科批,物理,,XCF4C46,,重庆工商大学,FBFE,物流管理,,,,,,435,13689,,,,,,435,13689,,,,,,,,,本科,,,,,
8185102,宁夏,本科批,物理,,XCF4C46,,重庆工商大学,4C65,自动化,,,,,,441,12659,,,,,,441,12659,,,,,,,,,本科,,,,,
8185103,宁夏,本科批,物理,,XCF4C46,,重庆工商大学,6F56,工程管理,,,,,,441,12659,,,,,,441,12659,,,,,,,,,本科,,,,,
8185104,宁夏,本科批,物理,,XCF4C46,,重庆工商大学,EF7C,工商管理类,,,,,,443,12278,,,,,,443,12278,,,,,,,,,本科,,,,,
8185105,宁夏,本科批,物理,,XCF4C46,,重庆工商大学,FB3B,经济与贸易类,,,,,,448,11446,,,,,,448,11446,,,,,,,,,本科,,,,,
8185106,宁夏,本科批,物理,,XCF4C46,,重庆工商大学,1356,金融学类,,,,,,449,11257,,,,,,449,11257,,,,,,,,,本科,,,,,
8185107,宁夏,本科批,物理,,XCF4C46,,重庆工商大学,93E3,电子信息工程,,,,,,449,11257,,,,,,449,11257,,,,,,,,,本科,,,,,
8185108,宁夏,本科批,物理,,XCF4C46,,重庆工商大学,28AD,经济统计学,,,,,,461,9388,,,,,,461,9388,,,,,,,,,本科,,,,,
8185109,宁夏,本科批,物理,,XCF4C46,,重庆工商大学,CA9C,财政学类,,,,,,464,8960,,,,,,464,8960,,,,,,,,,本科,,,,,
8185110,宁夏,本科批,物理,,XCF4C46,,重庆工商大学,5E19,会计学,,,,,,480,6986,,,,,,480,6986,,,,,,,,,本科,,,,,
8185822,宁夏,本科批,物理,,X0DE5F7,,重庆理工大学,5E19,会计学,,,,,,478,7235,,,,,,478,7235,,,,,,,,,本科,,,,,
8185823,宁夏,本科批,物理,,X0DE5F7,,重庆理工大学,5B8B,高分子材料与工程,,,,,,480,6986,,,,,,480,6986,,,,,,,,,本科,,,,,
8185824,宁夏,本科批,物理,,X0DE5F7,,重庆理工大学,A942,材料科学与工程,,,,,,480,6986,,,,,,480,6986,,,,,,,,,本科,,,,,
8185825,宁夏,本科批,物理,,X0DE5F7,,重庆理工大学,0484,焊接技术与工程,,,,,,484,6535,,,,,,484,6535,,,,,,,,,本科,,,,,
8185826,宁夏,本科批,物理,,X0DE5F7,,重庆理工大学,978C,审计学,,,,,,484,6535,,,,,,484,6535,,,,,,,,,本科,,,,,
8185827,宁夏,本科批,物理,,X0DE5F7,,重庆理工大学,26A7,车辆工程,,,,,,485,6416,,,,,,485,6416,,,,,,,,,本科,,,,,
8185828,宁夏,本科批,物理,,X0DE5F7,,重庆理工大学,8EA2,机械电子工程,,,,,,487,6218,,,,,,487,6218,,,,,,,,,本科,,,,,
8185829,宁夏,本科批,物理,,X0DE5F7,,重庆理工大学,78FF,机械设计制造及其自动化,,,,,,488,6101,,,,,,488,6101,,,,,,,,,本科,,,,,
8185830,宁夏,本科批,物理,,X0DE5F7,,重庆理工大学,4C65,自动化,,,,,,494,5525,,,,,,494,5525,,,,,,,,,本科,,,,,
8185831,宁夏,本科批,物理,,X0DE5F7,,重庆理工大学,A5B7,电气工程及其自动化,,,,,,495,5424,,,,,,495,5424,,,,,,,,,本科,,,,,
8186679,宁夏,本科批,历史,,X022059,,山东师范大学,5077,朝鲜语,,,,,,496,3451,,,,,,496,3451,,,,,,,,,本科,,,,,
8186680,宁夏,本科批,历史,,X022059,,山东师范大学,8ACA,朝鲜语（国家专项计划）,国家专项计划,,,,,497,3383,,,,,,497,3383,,,,,,,,,本科,,,,,
8186681,宁夏,本科批,历史,,X022059,,山东师范大学,B142,阿拉伯语,,,,,,497,3383,,,,,,497,3383,,,,,,,,,本科,,,,,
8186682,宁夏,本科批,历史,,X022059,,山东师范大学,2F66,日语（国家专项计划）,国家专项计划,,,,,497,3383,,,,,,497,3383,,,,,,,,,本科,,,,,
8186683,宁夏,本科批,历史,,X022059,,山东师范大学,46AC,公共管理类,,,,,,498,3307,,,,,,498,3307,,,,,,,,,本科,,,,,
8186684,宁夏,本科批,历史,,X022059,,山东师范大学,EF7C,工商管理类,,,,,,503,3027,,,,,,503,3027,,,,,,,,,本科,,,,,
8186685,宁夏,本科批,历史,,X022059,,山东师范大学,E109,地理科学类（国家专项计划）,国家专项计划,,,,,511,2553,,,,,,511,2553,,,,,,,,,本科,,,,,
8186686,宁夏,本科批,历史,,X022059,,山东师范大学,1356,金融学类,,,,,,517,2242,,,,,,517,2242,,,,,,,,,本科,,,,,
8186687,宁夏,本科批,历史,,X022059,,山东师范大学,927B,法学,,,,,,536,1458,,,,,,536,1458,,,,,,,,,本科,,,,,
8186688,宁夏,本科批,历史,,X022059,,山东师范大学,9301,新闻传播学类,,,,,,539,1345,,,,,,539,1345,,,,,,,,,本科,,,,,
8186689,宁夏,本科批,历史,,X022059,,山东师范大学,DCEF,小学教育,,,,,,540,1318,,,,,,540,1318,,,,,,,,,本科,,,,,
8186690,宁夏,本科批,历史,,X022059,,山东师范大学,4145,英语,,,,,,541,1285,,,,,,541,1285,,,,,,,,,本科,,,,,
8186691,宁夏,本科批,历史,,X022059,,山东师范大学,4873,历史学,,,,,,541,1285,,,,,,541,1285,,,,,,,,,本科,,,,,
8186692,宁夏,本科批,历史,,X022059,,山东师范大学,B1EC,中国语言文学类,,,,,,550,999,,,,,,550,999,,,,,,,,,本科,,,,,
8186693,宁夏,本科批,历史,,X022059,,山东师范大学,51C8,思想政治教育,,,,,,550,999,,,,,,550,999,,,,,,,,,本科,,,,,
8186694,宁夏,本科批,物理,,X022059,,山东师范大学,46AC,公共管理类,,,,,,437,13337,,,,,,437,13337,,,,,,,,,本科,,,,,
8186695,宁夏,本科批,物理,,X022059,,山东师范大学,1356,金融学类,,,,,,445,11992,,,,,,445,11992,,,,,,,,,本科,,,,,
8186696,宁夏,本科批,物理,,X022059,,山东师范大学,D681,信息管理与信息系统,,,,,,447,11628,,,,,,447,11628,,,,,,,,,本科,,,,,
8186697,宁夏,本科批,物理,,X022059,,山东师范大学,EF7C,工商管理类,,,,,,448,11446,,,,,,448,11446,,,,,,,,,本科,,,,,
8186698,宁夏,本科批,物理,,X022059,,山东师范大学,B3FC,环境科学（国家专项计划）,国家专项计划,,,,,450,11095,,,,,,450,11095,,,,,,,,,本科,,,,,
8186699,宁夏,本科批,物理,,X022059,,山东师范大学,9301,新闻传播学类,,,,,,451,10913,,,,,,451,10913,,,,,,,,,本科,,,,,
8186700,宁夏,本科批,物理,,X022059,,山东师范大学,E109,地理科学类（国家专项计划）,国家专项计划,,,,,451,10913,,,,,,451,10913,,,,,,,,,本科,,,,,
8186701,宁夏,本科批,物理,,X022059,,山东师范大学,E118,地理科学类,,,,,,455,10282,,,,,,455,10282,,,,,,,,,本科,,,,,
8186702,宁夏,本科批,物理,,X022059,,山东师范大学,74E7,教育技术学,,,,,,455,10282,,,,,,455,10282,,,,,,,,,本科,,,,,
8186703,宁夏,本科批,物理,,X022059,,山东师范大学,82E6,计算机类,,,,,,457,9966,,,,,,457,9966,,,,,,,,,本科,,,,,
8186704,宁夏,本科批,物理,,X022059,,山东师范大学,F068,人工智能,,,,,,458,9834,,,,,,458,9834,,,,,,,,,本科,,,,,
8186705,宁夏,本科批,物理,,X022059,,山东师范大学,76B9,统计学,,,,,,458,9834,,,,,,458,9834,,,,,,,,,本科,,,,,
8186706,宁夏,本科批,物理,,X022059,,山东师范大学,0254,通信工程（国家专项计划）,国家专项计划,,,,,459,9681,,,,,,459,9681,,,,,,,,,本科,,,,,
8186707,宁夏,本科批,物理,,X022059,,山东师范大学,27C1,电子信息类（国家专项计划）,国家专项计划,,,,,460,9530,,,,,,460,9530,,,,,,,,,本科,,,,,
8186708,宁夏,本科批,物理,,X022059,,山东师范大学,D035,生物科学类,,,,,,462,9236,,,,,,462,9236,,,,,,,,,本科,,,,,
8186709,宁夏,本科批,物理,,X022059,,山东师范大学,802A,物理学,,,,,,462,9236,,,,,,462,9236,,,,,,,,,本科,,,,,
8186710,宁夏,本科批,物理,,X022059,,山东师范大学,4145,英语,,,,,,468,8439,,,,,,468,8439,,,,,,,,,本科,,,,,
8186711,宁夏,本科批,物理,,X022059,,山东师范大学,B5AE,化学,,,,,,468,8439,,,,,,468,8439,,,,,,,,,本科,,,,,
8186712,宁夏,本科批,物理,,X022059,,山东师范大学,927B,法学,,,,,,469,8304,,,,,,469,8304,,,,,,,,,本科,,,,,
8186713,宁夏,本科批,物理,,X022059,,山东师范大学,B1EC,中国语言文学类,,,,,,470,8177,,,,,,470,8177,,,,,,,,,本科,,,,,
8187617,宁夏,本科批,历史,,XAFC6EE,,湘潭大学,7288,文化产业管理,,,,,,516,2309,,,,,,516,2309,,,,,,,,,本科,,,,,
8187618,宁夏,本科批,历史,,XAFC6EE,,湘潭大学,AC90,行政管理,,,,,,531,1630,,,,,,531,1630,,,,,,,,,本科,,,,,
8187619,宁夏,本科批,历史,,XAFC6EE,,湘潭大学,927B,法学,,,,,,541,1285,,,,,,541,1285,,,,,,,,,本科,,,,,
8187620,宁夏,本科批,历史,,XAFC6EE,,湘潭大学,D243,汉语言文学,,,,,,552,950,,,,,,552,950,,,,,,,,,本科,,,,,
8187621,宁夏,本科批,物理,,XAFC6EE,,湘潭大学,40CE,制药工程,,,,,,482,6750,,,,,,482,6750,,,,,,,,,本科,,,,,
8187622,宁夏,本科批,物理,,XAFC6EE,,湘潭大学,B9A5,计算机科学与技术,,,,,,500,4966,,,,,,500,4966,,,,,,,,,本科,,,,,
8187623,宁夏,本科批,物理,,XAFC6EE,,湘潭大学,92DB,知识产权,,,,,,508,4318,,,,,,508,4318,,,,,,,,,本科,,,,,
8188339,宁夏,本科批,物理,,XE69765,,青岛科技大学,8B13,工商管理（数智企业管理方向）,数智企业管理方向,,,,,434,13883,,,,,,434,13883,,,,,,,,,本科,,,,,
8188340,宁夏,本科批,物理,,XE69765,,青岛科技大学,4145,英语,,,,,,437,13337,,,,,,437,13337,,,,,,,,,本科,,,,,
8188341,宁夏,本科批,物理,,XE69765,,青岛科技大学,A7B6,市场营销（大数据营销方向）,大数据营销方向,,,,,447,11628,,,,,,447,11628,,,,,,,,,本科,,,,,
8188342,宁夏,本科批,物理,,XE69765,,青岛科技大学,5FC4,环境科学,,,,,,449,11257,,,,,,449,11257,,,,,,,,,本科,,,,,
8188343,宁夏,本科批,物理,,XE69765,,青岛科技大学,FB18,财务管理,,,,,,450,11095,,,,,,450,11095,,,,,,,,,本科,,,,,
8188344,宁夏,本科批,物理,,XE69765,,青岛科技大学,B5E9,无机非金属材料工程,,,,,,451,10913,,,,,,451,10913,,,,,,,,,本科,,,,,
8188345,宁夏,本科批,物理,,XE69765,,青岛科技大学,25FE,数学与应用数学,,,,,,454,10448,,,,,,454,10448,,,,,,,,,本科,,,,,
8188346,宁夏,本科批,物理,,XE69765,,青岛科技大学,4931,材料物理,,,,,,454,10448,,,,,,454,10448,,,,,,,,,本科,,,,,
8188347,宁夏,本科批,物理,,XE69765,,青岛科技大学,E6CB,社会工作,,,,,,455,10282,,,,,,455,10282,,,,,,,,,本科,,,,,
8188348,宁夏,本科批,物理,,XE69765,,青岛科技大学,3477,应用物理学,,,,,,455,10282,,,,,,455,10282,,,,,,,,,本科,,,,,
8188349,宁夏,本科批,物理,,XE69765,,青岛科技大学,1A0B,高分子材料与工程（橡胶工程方向）,橡胶工程方向,,,,,458,9834,,,,,,458,9834,,,,,,,,,本科,,,,,
8188350,宁夏,本科批,物理,,XE69765,,青岛科技大学,52FD,应用化学,,,,,,459,9681,,,,,,459,9681,,,,,,,,,本科,,,,,
8188351,宁夏,本科批,物理,,XE69765,,青岛科技大学,D6ED,化学工程与工艺,,,,,,459,9681,,,,,,459,9681,,,,,,,,,本科,,,,,
8188352,宁夏,本科批,物理,,XE69765,,青岛科技大学,D081,新能源科学与工程,,,,,,462,9236,,,,,,462,9236,,,,,,,,,本科,,,,,
8188353,宁夏,本科批,物理,,XE69765,,青岛科技大学,D06C,机械工程,,,,,,465,8813,,,,,,465,8813,,,,,,,,,本科,,,,,
8188354,宁夏,本科批,物理,,XE69765,,青岛科技大学,B9A5,计算机科学与技术,,,,,,475,7574,,,,,,475,7574,,,,,,,,,本科,,,,,
8189292,宁夏,本科批,历史,,X7B6DC2,,陕西师范大学,D40C,少数民族预科班,,,,,,521,2051,,,,,,521,2051,,,,,,,,,本科,,,,,
8189293,宁夏,本科批,历史,,X7B6DC2,,陕西师范大学,8C0E,公共管理类（国家专项计划）,国家专项计划,,,,,541,1285,,,,,,541,1285,,,,,,,,,本科,,,,,
8189294,宁夏,本科批,历史,,X7B6DC2,,陕西师范大学,4195,教育学（小学全科师范）（国家专项计划）,小学全科师范; 国家专项计划,,,,,552,950,,,,,,552,950,,,,,,,,,本科,,,,,
8189295,宁夏,本科提前批,历史,,X7B6DC2,,陕西师范大学,BD7A,思想政治教育（国家优师专项）,国家优师专项,,,,,571,540,,,,,,571,540,,,,,,,,,本科,,,,,
8189296,宁夏,本科提前批,历史,,X7B6DC2,,陕西师范大学,E5FE,汉语言文学（国家优师专项）,国家优师专项,,,,,571,540,,,,,,571,540,,,,,,,,,本科,,,,,
8189297,宁夏,本科提前批,历史,,X7B6DC2,,陕西师范大学,E9C2,历史学（国家优师专项）,国家优师专项,,,,,574,492,,,,,,574,492,,,,,,,,,本科,,,,,
8189298,宁夏,本科提前批,历史,,X7B6DC2,,陕西师范大学,8861,英语（国家优师专项）,国家优师专项,,,,,575,474,,,,,,575,474,,,,,,,,,本科,,,,,
8189299,宁夏,高校专项计划批次,历史,,X7B6DC2,,陕西师范大学,10DA,历史学（国家公费师范生）（高校专项计划）,国家公费师范生; 高校专项计划,,,,,586,303,,,,,,586,303,,,,,,,,,本科,,,,,
8189300,宁夏,本科提前批,历史,,X7B6DC2,,陕西师范大学,D56B,英语（国家公费师范生）,国家公费师范生,,,,,593,220,,,,,,593,220,,,,,,,,,本科,,,,,
8189301,宁夏,本科提前批,历史,,X7B6DC2,,陕西师范大学,B152,思想政治教育（国家公费师范生）,国家公费师范生,,,,,594,211,,,,,,594,211,,,,,,,,,本科,,,,,
8189302,宁夏,本科提前批,历史,,X7B6DC2,,陕西师范大学,2256,历史学（国家公费师范生）,国家公费师范生,,,,,595,203,,,,,,595,203,,,,,,,,,本科,,,,,
8189303,宁夏,本科提前批,历史,,X7B6DC2,,陕西师范大学,AFE6,汉语言文学（国家公费师范生）,国家公费师范生,,,,,605,127,,,,,,605,127,,,,,,,,,本科,,,,,
8189304,宁夏,本科批,物理,,X7B6DC2,,陕西师范大学,56F2,工商管理类（国家专项计划）,国家专项计划,,,,,482,6750,,,,,,482,6750,,,,,,,,,本科,,,,,
8189305,宁夏,本科批,物理,,X7B6DC2,,陕西师范大学,D40C,少数民族预科班,,,,,,487,6218,,,,,,487,6218,,,,,,,,,本科,,,,,
8189306,宁夏,高校专项计划批次,物理,,X7B6DC2,,陕西师范大学,F438,物理学（国家公费师范生）（高校专项计划）,国家公费师范生; 高校专项计划,,,,,528,2930,,,,,,528,2930,,,,,,,,,本科,,,,,
8189307,宁夏,本科提前批,物理,,X7B6DC2,,陕西师范大学,85DD,地理科学（国家优师专项）,国家优师专项,,,,,547,1979,,,,,,547,1979,,,,,,,,,本科,,,,,
8189308,宁夏,本科提前批,物理,,X7B6DC2,,陕西师范大学,E24B,化学（国家优师专项）,国家优师专项,,,,,550,1838,,,,,,550,1838,,,,,,,,,本科,,,,,
8189309,宁夏,本科提前批,物理,,X7B6DC2,,陕西师范大学,35BA,数学与应用数学（国家优师专项）,国家优师专项,,,,,551,1807,,,,,,551,1807,,,,,,,,,本科,,,,,
8189310,宁夏,本科提前批,物理,,X7B6DC2,,陕西师范大学,C3C8,物理学（国家优师专项）,国家优师专项,,,,,556,1611,,,,,,556,1611,,,,,,,,,本科,,,,,
8189311,宁夏,本科提前批,物理,,X7B6DC2,,陕西师范大学,8D60,地理科学（国家公费师范生）,国家公费师范生,,,,,564,1304,,,,,,564,1304,,,,,,,,,本科,,,,,
8189312,宁夏,本科提前批,物理,,X7B6DC2,,陕西师范大学,9B57,生物科学（国家优师专项）,国家优师专项,,,,,567,1216,,,,,,567,1216,,,,,,,,,本科,,,,,
8189313,宁夏,本科提前批,物理,,X7B6DC2,,陕西师范大学,8861,英语（国家优师专项）,国家优师专项,,,,,570,1126,,,,,,570,1126,,,,,,,,,本科,,,,,
8189314,宁夏,本科提前批,物理,,X7B6DC2,,陕西师范大学,3DE7,心理学（国家公费师范生）,国家公费师范生,,,,,573,1019,,,,,,573,1019,,,,,,,,,本科,,,,,
8189315,宁夏,本科提前批,物理,,X7B6DC2,,陕西师范大学,D22E,教育技术学（国家公费师范生）,国家公费师范生,,,,,573,1019,,,,,,573,1019,,,,,,,,,本科,,,,,
8189316,宁夏,本科提前批,物理,,X7B6DC2,,陕西师范大学,E375,科学教育（国家公费师范生）,国家公费师范生,,,,,576,929,,,,,,576,929,,,,,,,,,本科,,,,,
8189317,宁夏,本科提前批,物理,,X7B6DC2,,陕西师范大学,8C46,计算机科学与技术（国家公费师范生）,国家公费师范生,,,,,578,883,,,,,,578,883,,,,,,,,,本科,,,,,
8189318,宁夏,本科提前批,物理,,X7B6DC2,,陕西师范大学,9B4A,生物科学（国家公费师范生）,国家公费师范生,,,,,578,883,,,,,,578,883,,,,,,,,,本科,,,,,
8189319,宁夏,本科提前批,物理,,X7B6DC2,,陕西师范大学,3061,物理学（国家公费师范生）,国家公费师范生,,,,,580,833,,,,,,580,833,,,,,,,,,本科,,,,,
8189320,宁夏,本科提前批,物理,,X7B6DC2,,陕西师范大学,D56B,英语（国家公费师范生）,国家公费师范生,,,,,581,817,,,,,,581,817,,,,,,,,,本科,,,,,
8189321,宁夏,本科提前批,物理,,X7B6DC2,,陕西师范大学,8AF9,化学（国家公费师范生）,国家公费师范生,,,,,583,771,,,,,,583,771,,,,,,,,,本科,,,,,
8189322,宁夏,本科提前批,物理,,X7B6DC2,,陕西师范大学,7EB1,数学与应用数学（国家公费师范生）,国家公费师范生,,,,,596,519,,,,,,596,519,,,,,,,,,本科,,,,,
8190187,宁夏,本科批,历史,,X230FF7,,华南师范大学,C19A,人力资源管理,,,,,,562,724,,,,,,562,724,,,,,,,,,本科,,,,,
8190188,宁夏,本科批,历史,,X230FF7,,华南师范大学,D0E1,政治学与行政学,,,,,,565,663,,,,,,565,663,,,,,,,,,本科,,,,,
8190189,宁夏,本科批,历史,,X230FF7,,华南师范大学,927B,法学,,,,,,569,583,,,,,,569,583,,,,,,,,,本科,,,,,
8190190,宁夏,本科批,历史,,X230FF7,,华南师范大学,F9EA,思想政治教育（师范）,师范,,,,,572,524,,,,,,572,524,,,,,,,,,本科,,,,,
8190191,宁夏,本科批,历史,,X230FF7,,华南师范大学,B53C,汉语言文学（师范）,师范,,,,,574,492,,,,,,574,492,,,,,,,,,本科,,,,,
8190192,宁夏,本科批,物理,,X230FF7,,华南师范大学,A687,光电信息科学与工程,,,,,,448,11446,,,,,,448,11446,,,,,,,,,本科,,,,,
8190193,宁夏,本科批,物理,,X230FF7,,华南师范大学,2C65,生物科学（师范）,师范,,,,,467,8565,,,,,,467,8565,,,,,,,,,本科,,,,,
8190194,宁夏,本科批,物理,,X230FF7,,华南师范大学,ECB5,计算机科学与技术（师范）,师范,,,,,512,4013,,,,,,512,4013,,,,,,,,,本科,,,,,
8190195,宁夏,本科批,物理,,X230FF7,,华南师范大学,5683,化学（师范）,师范,,,,,521,3349,,,,,,521,3349,,,,,,,,,本科,,,,,
8190196,宁夏,本科批,物理,,X230FF7,,华南师范大学,0C82,物理学（师范）,师范,,,,,534,2583,,,,,,534,2583,,,,,,,,,本科,,,,,
8191116,宁夏,本科批,历史,,X39E232,,河南工业大学,8B36,翻译,,,,,,485,4225,,,,,,485,4225,,,,,,,,,本科,,,,,
8191117,宁夏,本科批,历史,,X39E232,,河南工业大学,4145,英语,,,,,,485,4225,,,,,,485,4225,,,,,,,,,本科,,,,,
8191118,宁夏,本科批,历史,,X39E232,,河南工业大学,04A0,工商管理,,,,,,486,4147,,,,,,486,4147,,,,,,,,,本科,,,,,
8191119,宁夏,本科批,历史,,X39E232,,河南工业大学,4154,电子商务,,,,,,487,4059,,,,,,487,4059,,,,,,,,,本科,,,,,
8191120,宁夏,本科批,历史,,X39E232,,河南工业大学,68F4,新闻学,,,,,,488,3998,,,,,,488,3998,,,,,,,,,本科,,,,,
8191121,宁夏,本科批,历史,,X39E232,,河南工业大学,7FA1,供应链管理,,,,,,488,3998,,,,,,488,3998,,,,,,,,,本科,,,,,
8191122,宁夏,本科批,历史,,X39E232,,河南工业大学,25DE,国际经济与贸易,,,,,,489,3940,,,,,,489,3940,,,,,,,,,本科,,,,,
8191123,宁夏,本科批,历史,,X39E232,,河南工业大学,5D72,网络与新媒体,,,,,,491,3781,,,,,,491,3781,,,,,,,,,本科,,,,,
8191124,宁夏,本科批,历史,,X39E232,,河南工业大学,6AB9,经济学,,,,,,492,3719,,,,,,492,3719,,,,,,,,,本科,,,,,
8191125,宁夏,本科批,历史,,X39E232,,河南工业大学,0FBC,金融学,,,,,,494,3571,,,,,,494,3571,,,,,,,,,本科,,,,,
8191126,宁夏,本科批,历史,,X39E232,,河南工业大学,5E19,会计学,,,,,,497,3383,,,,,,497,3383,,,,,,,,,本科,,,,,
8191127,宁夏,本科批,历史,,X39E232,,河南工业大学,927B,法学,,,,,,505,2906,,,,,,505,2906,,,,,,,,,本科,,,,,
8191128,宁夏,本科批,物理,,X39E232,,河南工业大学,A7B5,物联网工程（中外合作办学）,中外合作办学,,,,,413,18103,,,,,,413,18103,,,,,,,,,本科,,,,,
8191129,宁夏,本科批,物理,,X39E232,,河南工业大学,6223,生物技术（中外合作办学）,中外合作办学,,,,,415,17693,,,,,,415,17693,,,,,,,,,本科,,,,,
8191130,宁夏,本科批,物理,,X39E232,,河南工业大学,F14C,食品科学与工程（中外合作办学）,中外合作办学,,,,,423,15998,,,,,,423,15998,,,,,,,,,本科,,,,,
8191131,宁夏,本科批,物理,,X39E232,,河南工业大学,04A0,工商管理,,,,,,424,15793,,,,,,424,15793,,,,,,,,,本科,,,,,
8191132,宁夏,本科批,物理,,X39E232,,河南工业大学,6F56,工程管理,,,,,,424,15793,,,,,,424,15793,,,,,,,,,本科,,,,,
8191133,宁夏,本科批,物理,,X39E232,,河南工业大学,40CE,制药工程,,,,,,425,15604,,,,,,425,15604,,,,,,,,,本科,,,,,
8191134,宁夏,本科批,物理,,X39E232,,河南工业大学,7FA1,供应链管理,,,,,,425,15604,,,,,,425,15604,,,,,,,,,本科,,,,,
8191135,宁夏,本科批,物理,,X39E232,,河南工业大学,5D72,网络与新媒体,,,,,,425,15604,,,,,,425,15604,,,,,,,,,本科,,,,,
8191136,宁夏,本科批,物理,,X39E232,,河南工业大学,7E23,环境工程,,,,,,425,15604,,,,,,425,15604,,,,,,,,,本科,,,,,
8191137,宁夏,本科批,物理,,X39E232,,河南工业大学,4145,英语,,,,,,425,15604,,,,,,425,15604,,,,,,,,,本科,,,,,
8191138,宁夏,本科批,物理,,X39E232,,河南工业大学,25DE,国际经济与贸易,,,,,,425,15604,,,,,,425,15604,,,,,,,,,本科,,,,,
8191139,宁夏,本科批,物理,,X39E232,,河南工业大学,F89C,生物技术,,,,,,425,15604,,,,,,425,15604,,,,,,,,,本科,,,,,
8191140,宁夏,本科批,物理,,X39E232,,河南工业大学,52FD,应用化学,,,,,,425,15604,,,,,,425,15604,,,,,,,,,本科,,,,,
8191141,宁夏,本科批,物理,,X39E232,,河南工业大学,4154,电子商务,,,,,,425,15604,,,,,,425,15604,,,,,,,,,本科,,,,,
8191142,宁夏,本科批,物理,,X39E232,,河南工业大学,2426,材料类,,,,,,426,15424,,,,,,426,15424,,,,,,,,,本科,,,,,
8191143,宁夏,本科批,物理,,X39E232,,河南工业大学,FBFE,物流管理,,,,,,426,15424,,,,,,426,15424,,,,,,,,,本科,,,,,
8191144,宁夏,本科批,物理,,X39E232,,河南工业大学,A942,材料科学与工程,,,,,,426,15424,,,,,,426,15424,,,,,,,,,本科,,,,,
8191145,宁夏,本科批,物理,,X39E232,,河南工业大学,0FBC,金融学,,,,,,426,15424,,,,,,426,15424,,,,,,,,,本科,,,,,
8191146,宁夏,本科批,物理,,X39E232,,河南工业大学,B5E9,无机非金属材料工程,,,,,,427,15234,,,,,,427,15234,,,,,,,,,本科,,,,,
8191147,宁夏,本科批,物理,,X39E232,,河南工业大学,25FE,数学与应用数学,,,,,,427,15234,,,,,,427,15234,,,,,,,,,本科,,,,,
8192043,宁夏,本科批,物理,,XBE048E,,昆明理工大学,E2E1,生物工程,,,,,,459,9681,,,,,,459,9681,,,,,,,,,本科,,,,,
8192044,宁夏,本科批,物理,,XBE048E,,昆明理工大学,38C2,地质工程,,,,,,459,9681,,,,,,459,9681,,,,,,,,,本科,,,,,
8192045,宁夏,本科批,物理,,XBE048E,,昆明理工大学,40CE,制药工程,,,,,,459,9681,,,,,,459,9681,,,,,,,,,本科,,,,,
8192046,宁夏,本科批,物理,,XBE048E,,昆明理工大学,CCE9,土地资源管理,,,,,,460,9530,,,,,,460,9530,,,,,,,,,本科,,,,,
8192047,宁夏,本科批,物理,,XBE048E,,昆明理工大学,ABA8,环境科学与工程类,,,,,,460,9530,,,,,,460,9530,,,,,,,,,本科,,,,,
8192048,宁夏,本科批,物理,,XBE048E,,昆明理工大学,EB04,农业工程类,,,,,,461,9388,,,,,,461,9388,,,,,,,,,本科,,,,,
8192049,宁夏,本科批,物理,,XBE048E,,昆明理工大学,FEF6,材料成型及控制工程,,,,,,464,8960,,,,,,464,8960,,,,,,,,,本科,,,,,
8192050,宁夏,本科批,物理,,XBE048E,,昆明理工大学,0DD8,资源勘查工程,,,,,,464,8960,,,,,,464,8960,,,,,,,,,本科,,,,,
8192051,宁夏,本科批,物理,,XBE048E,,昆明理工大学,4ECE,土木工程,,,,,,464,8960,,,,,,464,8960,,,,,,,,,本科,,,,,
8192052,宁夏,本科批,物理,,XBE048E,,昆明理工大学,225A,水利类,,,,,,465,8813,,,,,,465,8813,,,,,,,,,本科,,,,,
8192053,宁夏,本科批,物理,,XBE048E,,昆明理工大学,3170,冶金工程,,,,,,466,8687,,,,,,466,8687,,,,,,,,,本科,,,,,
8192054,宁夏,本科批,物理,,XBE048E,,昆明理工大学,5257,工业工程,,,,,,467,8565,,,,,,467,8565,,,,,,,,,本科,,,,,
8192055,宁夏,本科批,物理,,XBE048E,,昆明理工大学,A942,材料科学与工程,,,,,,469,8304,,,,,,469,8304,,,,,,,,,本科,,,,,
8192056,宁夏,本科批,物理,,XBE048E,,昆明理工大学,D06C,机械工程,,,,,,475,7574,,,,,,475,7574,,,,,,,,,本科,,,,,
8192057,宁夏,本科批,物理,,XBE048E,,昆明理工大学,3557,能源与动力工程,,,,,,478,7235,,,,,,478,7235,,,,,,,,,本科,,,,,
8192058,宁夏,本科批,物理,,XBE048E,,昆明理工大学,ECA4,通信工程,,,,,,479,7107,,,,,,479,7107,,,,,,,,,本科,,,,,
8192059,宁夏,本科批,物理,,XBE048E,,昆明理工大学,4C65,自动化,,,,,,485,6416,,,,,,485,6416,,,,,,,,,本科,,,,,
8192060,宁夏,本科批,物理,,XBE048E,,昆明理工大学,A5B7,电气工程及其自动化,,,,,,493,5606,,,,,,493,5606,,,,,,,,,本科,,,,,
8192873,宁夏,本科批,物理,,X3A66C7,,河北工业大学,04A0,工商管理,,,,,,519,3472,,,,,,519,3472,,,,,,,,,本科,,,,,
8192874,宁夏,本科批,物理,,X3A66C7,,河北工业大学,F620,安全工程,,,,,,520,3413,,,,,,520,3413,,,,,,,,,本科,,,,,
8192875,宁夏,本科批,物理,,X3A66C7,,河北工业大学,5257,工业工程,,,,,,520,3413,,,,,,520,3413,,,,,,,,,本科,,,,,
8192876,宁夏,本科批,物理,,X3A66C7,,河北工业大学,9A06,储能科学与工程,,,,,,523,3221,,,,,,523,3221,,,,,,,,,本科,,,,,
8192877,宁夏,本科批,物理,,X3A66C7,,河北工业大学,A5D2,测控技术与仪器,,,,,,523,3221,,,,,,523,3221,,,,,,,,,本科,,,,,
8192878,宁夏,本科批,物理,,X3A66C7,,河北工业大学,B9A5,计算机科学与技术,,,,,,525,3106,,,,,,525,3106,,,,,,,,,本科,,,,,
8192879,宁夏,本科批,物理,,X3A66C7,,河北工业大学,D081,新能源科学与工程,,,,,,526,3056,,,,,,526,3056,,,,,,,,,本科,,,,,
8192880,宁夏,本科批,物理,,X3A66C7,,河北工业大学,78FF,机械设计制造及其自动化,,,,,,526,3056,,,,,,526,3056,,,,,,,,,本科,,,,,
8192881,宁夏,本科批,物理,,X3A66C7,,河北工业大学,93E3,电子信息工程,,,,,,528,2930,,,,,,528,2930,,,,,,,,,本科,,,,,
8193758,宁夏,本科批,物理,,X7D9C4B,,北京交通大学,7476,计算机科学与技术（中外合作办学）（威海校区）,中外合作办学; 威海校区,,,,,531,2751,,,,,,531,2751,,,,,,,,,本科,,,,,
8193759,宁夏,本科批,物理,,X7D9C4B,,北京交通大学,7F6D,建筑类（建筑与规划）,建筑与规划,,,,,538,2382,,,,,,538,2382,,,,,,,,,本科,,,,,
8193760,宁夏,本科批,物理,,X7D9C4B,,北京交通大学,CC64,经济管理试验班（经济类、管科类）,经济类、管科类,,,,,560,1459,,,,,,560,1459,,,,,,,,,本科,,,,,
8193761,宁夏,本科批,物理,,X7D9C4B,,北京交通大学,852C,交通运输类,,,,,,561,1417,,,,,,561,1417,,,,,,,,,本科,,,,,
8193762,宁夏,本科批,物理,,X7D9C4B,,北京交通大学,8A31,机械类（智能制造与智能装备）,智能制造与智能装备,,,,,563,1342,,,,,,563,1342,,,,,,,,,本科,,,,,
8193763,宁夏,本科批,物理,,X7D9C4B,,北京交通大学,0184,自动化类,,,,,,564,1304,,,,,,564,1304,,,,,,,,,本科,,,,,
8193764,宁夏,本科批,物理,,X7D9C4B,,北京交通大学,85BF,电气类,,,,,,564,1304,,,,,,564,1304,,,,,,,,,本科,,,,,
8193765,宁夏,本科批,物理,,X7D9C4B,,北京交通大学,861C,电子信息类,,,,,,565,1274,,,,,,565,1274,,,,,,,,,本科,,,,,
8193766,宁夏,本科批,物理,,X7D9C4B,,北京交通大学,3C38,软件工程,,,,,,566,1241,,,,,,566,1241,,,,,,,,,本科,,,,,
8193767,宁夏,本科批,物理,,X7D9C4B,,北京交通大学,82E6,计算机类,,,,,,570,1126,,,,,,570,1126,,,,,,,,,本科,,,,,
8193768,宁夏,本科批,物理,,X7D9C4B,,北京交通大学,9A8D,理科试验班类（詹天佑试点班信息类）,詹天佑试点班信息类,,,,,585,720,,,,,,585,720,,,,,,,,,本科,,,,,
8194654,宁夏,本科批,历史,,X8026F8,,南京工业大学,AC90,行政管理,,,,,,515,2358,,,,,,515,2358,,,,,,,,,本科,,,,,
8194655,宁夏,本科批,物理,,X8026F8,,南京工业大学,6A3A,建筑环境与能源应用工程,,,,,,476,7457,,,,,,476,7457,,,,,,,,,本科,,,,,
8194656,宁夏,本科批,物理,,X8026F8,,南京工业大学,A5C9,建筑学,,,,,,476,7457,,,,,,476,7457,,,,,,,,,本科,,,,,
8194657,宁夏,本科批,物理,,X8026F8,,南京工业大学,6F56,工程管理,,,,,,478,7235,,,,,,478,7235,,,,,,,,,本科,,,,,
8194658,宁夏,本科批,物理,,X8026F8,,南京工业大学,38C2,地质工程,,,,,,480,6986,,,,,,480,6986,,,,,,,,,本科,,,,,
8194659,宁夏,本科批,物理,,X8026F8,,南京工业大学,7E23,环境工程,,,,,,481,6851,,,,,,481,6851,,,,,,,,,本科,,,,,
8194660,宁夏,本科批,物理,,X8026F8,,南京工业大学,4D44,给排水科学与工程,,,,,,482,6750,,,,,,482,6750,,,,,,,,,本科,,,,,
8194661,宁夏,本科批,物理,,X8026F8,,南京工业大学,EA0B,增材制造工程,,,,,,483,6646,,,,,,483,6646,,,,,,,,,本科,,,,,
8194662,宁夏,本科批,物理,,X8026F8,,南京工业大学,0A76,消防工程,,,,,,485,6416,,,,,,485,6416,,,,,,,,,本科,,,,,
8194663,宁夏,本科批,物理,,X8026F8,,南京工业大学,BFBD,能源与环境系统工程,,,,,,485,6416,,,,,,485,6416,,,,,,,,,本科,,,,,
8194664,宁夏,本科批,物理,,X8026F8,,南京工业大学,5AC6,工程力学,,,,,,485,6416,,,,,,485,6416,,,,,,,,,本科,,,,,
8194665,宁夏,本科批,物理,,X8026F8,,南京工业大学,B5E9,无机非金属材料工程,,,,,,485,6416,,,,,,485,6416,,,,,,,,,本科,,,,,
8194666,宁夏,本科批,物理,,X8026F8,,南京工业大学,5B8B,高分子材料与工程,,,,,,485,6416,,,,,,485,6416,,,,,,,,,本科,,,,,
8194667,宁夏,本科批,物理,,X8026F8,,南京工业大学,6420,过程装备与控制工程,,,,,,486,6312,,,,,,486,6312,,,,,,,,,本科,,,,,
8194668,宁夏,本科批,物理,,X8026F8,,南京工业大学,3557,能源与动力工程,,,,,,489,5993,,,,,,489,5993,,,,,,,,,本科,,,,,
8194669,宁夏,本科批,物理,,X8026F8,,南京工业大学,4718,数据科学与大数据技术,,,,,,492,5700,,,,,,492,5700,,,,,,,,,本科,,,,,
8194670,宁夏,本科批,物理,,X8026F8,,南京工业大学,52FD,应用化学,,,,,,494,5525,,,,,,494,5525,,,,,,,,,本科,,,,,
8195257,宁夏,本科批,物理,,XFE7D3F,,广西大学,CA0F,旅游管理,,,,,,482,6750,,,,,,482,6750,,,,,,,,,本科,,,,,
8195258,宁夏,本科批,物理,,XFE7D3F,,广西大学,0541,生物科学,,,,,,483,6646,,,,,,483,6646,,,,,,,,,本科,,,,,
8195259,宁夏,本科批,物理,,XFE7D3F,,广西大学,FEF6,材料成型及控制工程,,,,,,484,6535,,,,,,484,6535,,,,,,,,,本科,,,,,
8195260,宁夏,本科批,物理,,XFE7D3F,,广西大学,4C65,自动化,,,,,,486,6312,,,,,,486,6312,,,,,,,,,本科,,,,,
8195261,宁夏,本科批,物理,,XFE7D3F,,广西大学,B001,信息安全,,,,,,487,6218,,,,,,487,6218,,,,,,,,,本科,,,,,
8195262,宁夏,本科批,物理,,XFE7D3F,,广西大学,C734,电子科学与技术,,,,,,487,6218,,,,,,487,6218,,,,,,,,,本科,,,,,
8195263,宁夏,本科批,物理,,XFE7D3F,,广西大学,861C,电子信息类,,,,,,488,6101,,,,,,488,6101,,,,,,,,,本科,,,,,
8195905,宁夏,本科批,历史,,X19AF3B,,成都信息工程大学,C19A,人力资源管理,,,,,,522,2009,,,,,,522,2009,,,,,,,,,本科,,,,,
8195906,宁夏,本科批,历史,,X19AF3B,,成都信息工程大学,5E19,会计学,,,,,,523,1956,,,,,,523,1956,,,,,,,,,本科,,,,,
8195907,宁夏,本科批,历史,,X19AF3B,,成都信息工程大学,B1EC,中国语言文学类,,,,,,530,1676,,,,,,530,1676,,,,,,,,,本科,,,,,
8195908,宁夏,本科批,物理,,X19AF3B,,成都信息工程大学,5FC4,环境科学,,,,,,500,4966,,,,,,500,4966,,,,,,,,,本科,,,,,
8195909,宁夏,本科批,物理,,X19AF3B,,成都信息工程大学,A86C,遥感科学与技术,,,,,,501,4879,,,,,,501,4879,,,,,,,,,本科,,,,,
8195910,宁夏,本科批,物理,,X19AF3B,,成都信息工程大学,28AD,经济统计学,,,,,,502,4806,,,,,,502,4806,,,,,,,,,本科,,,,,
8195911,宁夏,本科批,物理,,X19AF3B,,成都信息工程大学,5669,数学类,,,,,,503,4724,,,,,,503,4724,,,,,,,,,本科,,,,,
8195912,宁夏,本科批,物理,,X19AF3B,,成都信息工程大学,A687,光电信息科学与工程,,,,,,503,4724,,,,,,503,4724,,,,,,,,,本科,,,,,
8195913,宁夏,本科批,物理,,X19AF3B,,成都信息工程大学,B9A5,计算机科学与技术,,,,,,503,4724,,,,,,503,4724,,,,,,,,,本科,,,,,
8195914,宁夏,本科批,物理,,X19AF3B,,成都信息工程大学,ECA4,通信工程,,,,,,503,4724,,,,,,503,4724,,,,,,,,,本科,,,,,
8195915,宁夏,本科批,物理,,X19AF3B,,成都信息工程大学,3C38,软件工程,,,,,,504,4626,,,,,,504,4626,,,,,,,,,本科,,,,,
8195916,宁夏,本科批,物理,,X19AF3B,,成都信息工程大学,6790,气象技术与工程,,,,,,505,4564,,,,,,505,4564,,,,,,,,,本科,,,,,
8195917,宁夏,本科批,物理,,X19AF3B,,成都信息工程大学,93E3,电子信息工程,,,,,,505,4564,,,,,,505,4564,,,,,,,,,本科,,,,,
8195918,宁夏,本科批,物理,,X19AF3B,,成都信息工程大学,4226,大气科学,,,,,,505,4564,,,,,,505,4564,,,,,,,,,本科,,,,,
8195919,宁夏,本科批,物理,,X19AF3B,,成都信息工程大学,D583,网络空间安全,,,,,,512,4013,,,,,,512,4013,,,,,,,,,本科,,,,,
8196631,宁夏,本科批,历史,,X4AD256,,北京师范大学,E91E,教育学类,,,,,,605,127,,,,,,605,127,,,,,,,,,本科,,,,,
8196632,宁夏,本科批,历史,,X4AD256,,北京师范大学,D243,汉语言文学,,,,,,608,109,,,,,,608,109,,,,,,,,,本科,,,,,
8196633,宁夏,本科批,物理,,X4AD256,,北京师范大学,1103,心理学,,,,,,559,1488,,,,,,559,1488,,,,,,,,,本科,,,,,
8196634,宁夏,本科批,物理,,X4AD256,,北京师范大学,4648,物理学类,,,,,,568,1185,,,,,,568,1185,,,,,,,,,本科,,,,,
8196635,宁夏,本科批,物理,,X4AD256,,北京师范大学,25FE,数学与应用数学,,,,,,574,986,,,,,,574,986,,,,,,,,,本科,,,,,
8197407,宁夏,本科批,历史,,X78CFD6,,福州大学,7022,社会学,,,,,,546,1128,,,,,,546,1128,,,,,,,,,本科,,,,,
8197408,宁夏,高校专项计划批次,物理,,X78CFD6,,福州大学,5976,微电子科学与工程（高校专项计划）,高校专项计划,,,,,452,10754,,,,,,452,10754,,,,,,,,,本科,,,,,
8197409,宁夏,本科批,物理,,X78CFD6,,福州大学,04A0,工商管理,,,,,,464,8960,,,,,,464,8960,,,,,,,,,本科,,,,,
8197410,宁夏,本科批,物理,,X78CFD6,,福州大学,CE62,城乡规划（国家专项计划）,国家专项计划,,,,,479,7107,,,,,,479,7107,,,,,,,,,本科,,,,,
8197411,宁夏,本科批,物理,,X78CFD6,,福州大学,E0B8,生物工程（国家专项计划）,国家专项计划,,,,,480,6986,,,,,,480,6986,,,,,,,,,本科,,,,,
8197412,宁夏,本科批,物理,,X78CFD6,,福州大学,45B1,材料成型及控制工程（国家专项计划）,国家专项计划,,,,,481,6851,,,,,,481,6851,,,,,,,,,本科,,,,,
8197413,宁夏,本科批,物理,,X78CFD6,,福州大学,4145,英语,,,,,,501,4879,,,,,,501,4879,,,,,,,,,本科,,,,,
8197414,宁夏,本科批,物理,,X78CFD6,,福州大学,2502,自动化（国家专项计划）,国家专项计划,,,,,505,4564,,,,,,505,4564,,,,,,,,,本科,,,,,
8197415,宁夏,本科批,物理,,X78CFD6,,福州大学,396D,资源循环科学与工程,,,,,,506,4475,,,,,,506,4475,,,,,,,,,本科,,,,,
8197416,宁夏,本科批,物理,,X78CFD6,,福州大学,B5AE,化学,,,,,,508,4318,,,,,,508,4318,,,,,,,,,本科,,,,,
8197417,宁夏,本科批,物理,,X78CFD6,,福州大学,C1B4,水利水电工程,,,,,,514,3852,,,,,,514,3852,,,,,,,,,本科,,,,,
8197418,宁夏,本科批,物理,,X78CFD6,,福州大学,4C65,自动化,,,,,,515,3775,,,,,,515,3775,,,,,,,,,本科,,,,,
8197419,宁夏,本科批,物理,,X78CFD6,,福州大学,B9A5,计算机科学与技术,,,,,,519,3472,,,,,,519,3472,,,,,,,,,本科,,,,,
8197772,宁夏,本科批,物理,,X6F7056,,北京工业大学,28AD,经济统计学,,,,,,479,7107,,,,,,479,7107,,,,,,,,,本科,,,,,
8197773,宁夏,本科批,物理,,X6F7056,,北京工业大学,0E6F,材料类（实验班）,实验班,,,,,505,4564,,,,,,505,4564,,,,,,,,,本科,,,,,
8198416,宁夏,本科批,物理,,X76B1D3,,华北水利水电大学,43A0,建筑类,,,,,,442,12470,,,,,,442,12470,,,,,,,,,本科,,,,,
8198417,宁夏,本科批,物理,,X76B1D3,,华北水利水电大学,4ECE,土木工程,,,,,,457,9966,,,,,,457,9966,,,,,,,,,本科,,,,,
8198418,宁夏,本科批,物理,,X76B1D3,,华北水利水电大学,3615,机械类,,,,,,458,9834,,,,,,458,9834,,,,,,,,,本科,,,,,
8198419,宁夏,本科批,物理,,X76B1D3,,华北水利水电大学,4D44,给排水科学与工程,,,,,,458,9834,,,,,,458,9834,,,,,,,,,本科,,,,,
8198420,宁夏,本科批,物理,,X76B1D3,,华北水利水电大学,38C2,地质工程,,,,,,458,9834,,,,,,458,9834,,,,,,,,,本科,,,,,
8198421,宁夏,本科批,物理,,X76B1D3,,华北水利水电大学,4C65,自动化,,,,,,459,9681,,,,,,459,9681,,,,,,,,,本科,,,,,
8198422,宁夏,本科批,物理,,X76B1D3,,华北水利水电大学,371D,工程造价,,,,,,459,9681,,,,,,459,9681,,,,,,,,,本科,,,,,
8198423,宁夏,本科批,物理,,X76B1D3,,华北水利水电大学,2B47,智能建造,,,,,,462,9236,,,,,,462,9236,,,,,,,,,本科,,,,,
8198424,宁夏,本科批,物理,,X76B1D3,,华北水利水电大学,B9A5,计算机科学与技术,,,,,,463,9101,,,,,,463,9101,,,,,,,,,本科,,,,,
8198425,宁夏,本科批,物理,,X76B1D3,,华北水利水电大学,91CE,水文与水资源工程,,,,,,463,9101,,,,,,463,9101,,,,,,,,,本科,,,,,
8198426,宁夏,本科批,物理,,X76B1D3,,华北水利水电大学,C1B4,水利水电工程,,,,,,470,8177,,,,,,470,8177,,,,,,,,,本科,,,,,
8199223,宁夏,本科批,历史,,X65A8E4,,山东财经大学,A615,汉语国际教育,,,,,,499,3256,,,,,,499,3256,,,,,,,,,本科,,,,,
8199224,宁夏,本科批,历史,,X65A8E4,,山东财经大学,FBFE,物流管理,,,,,,499,3256,,,,,,499,3256,,,,,,,,,本科,,,,,
8199225,宁夏,本科批,历史,,X65A8E4,,山东财经大学,D9E9,外国语言文学类,,,,,,500,3194,,,,,,500,3194,,,,,,,,,本科,,,,,
8199226,宁夏,本科批,历史,,X65A8E4,,山东财经大学,FB3B,经济与贸易类,,,,,,501,3138,,,,,,501,3138,,,,,,,,,本科,,,,,
8199227,宁夏,本科批,历史,,X65A8E4,,山东财经大学,7288,文化产业管理,,,,,,502,3081,,,,,,502,3081,,,,,,,,,本科,,,,,
8199228,宁夏,本科批,历史,,X65A8E4,,山东财经大学,EF7C,工商管理类,,,,,,503,3027,,,,,,503,3027,,,,,,,,,本科,,,,,
8199229,宁夏,本科批,历史,,X65A8E4,,山东财经大学,46AC,公共管理类,,,,,,504,2973,,,,,,504,2973,,,,,,,,,本科,,,,,
8199230,宁夏,本科批,历史,,X65A8E4,,山东财经大学,21BA,财政学,,,,,,517,2242,,,,,,517,2242,,,,,,,,,本科,,,,,
8199231,宁夏,本科批,历史,,X65A8E4,,山东财经大学,C29F,经济学类,,,,,,519,2144,,,,,,519,2144,,,,,,,,,本科,,,,,
8199232,宁夏,本科批,历史,,X65A8E4,,山东财经大学,D243,汉语言文学,,,,,,520,2090,,,,,,520,2090,,,,,,,,,本科,,,,,
8199233,宁夏,本科批,历史,,X65A8E4,,山东财经大学,978C,审计学,,,,,,543,1216,,,,,,543,1216,,,,,,,,,本科,,,,,
8199234,宁夏,本科批,历史,,X65A8E4,,山东财经大学,5E19,会计学,,,,,,546,1128,,,,,,546,1128,,,,,,,,,本科,,,,,
8199235,宁夏,本科批,物理,,X65A8E4,,山东财经大学,EF7C,工商管理类,,,,,,432,14269,,,,,,432,14269,,,,,,,,,本科,,,,,
8199236,宁夏,本科批,物理,,X65A8E4,,山东财经大学,16DF,金融工程,,,,,,432,14269,,,,,,432,14269,,,,,,,,,本科,,,,,
8199237,宁夏,本科批,物理,,X65A8E4,,山东财经大学,FB3B,经济与贸易类,,,,,,433,14069,,,,,,433,14069,,,,,,,,,本科,,,,,
8199238,宁夏,本科批,物理,,X65A8E4,,山东财经大学,D9E9,外国语言文学类,,,,,,434,13883,,,,,,434,13883,,,,,,,,,本科,,,,,
8199239,宁夏,本科批,物理,,X65A8E4,,山东财经大学,C831,精算学,,,,,,435,13689,,,,,,435,13689,,,,,,,,,本科,,,,,
8199240,宁夏,本科批,物理,,X65A8E4,,山东财经大学,FBFE,物流管理,,,,,,437,13337,,,,,,437,13337,,,,,,,,,本科,,,,,
8199241,宁夏,本科批,物理,,X65A8E4,,山东财经大学,46AC,公共管理类,,,,,,438,13162,,,,,,438,13162,,,,,,,,,本科,,,,,
8199242,宁夏,本科批,物理,,X65A8E4,,山东财经大学,1B86,金融数学,,,,,,442,12470,,,,,,442,12470,,,,,,,,,本科,,,,,
8199243,宁夏,本科批,物理,,X65A8E4,,山东财经大学,1D5E,税收学,,,,,,444,12141,,,,,,444,12141,,,,,,,,,本科,,,,,
8199244,宁夏,本科批,物理,,X65A8E4,,山东财经大学,BD59,金融科技,,,,,,446,11823,,,,,,446,11823,,,,,,,,,本科,,,,,
8199245,宁夏,本科批,物理,,X65A8E4,,山东财经大学,41CF,数字媒体技术,,,,,,451,10913,,,,,,451,10913,,,,,,,,,本科,,,,,
8199246,宁夏,本科批,物理,,X65A8E4,,山东财经大学,C29F,经济学类,,,,,,461,9388,,,,,,461,9388,,,,,,,,,本科,,,,,
8199247,宁夏,本科批,物理,,X65A8E4,,山东财经大学,5E19,会计学,,,,,,487,6218,,,,,,487,6218,,,,,,,,,本科,,,,,
8199248,宁夏,本科批,物理,,X65A8E4,,山东财经大学,978C,审计学,,,,,,501,4879,,,,,,501,4879,,,,,,,,,本科,,,,,
8199939,宁夏,本科批,历史,,X07A755,,西南科技大学,D9E9,外国语言文学类,,,,,,472,5208,,,,,,472,5208,,,,,,,,,本科,,,,,
8199940,宁夏,本科批,历史,,X07A755,,西南科技大学,51C8,思想政治教育,,,,,,490,3859,,,,,,490,3859,,,,,,,,,本科,,,,,
8199941,宁夏,本科批,历史,,X07A755,,西南科技大学,EF7C,工商管理类,,,,,,491,3781,,,,,,491,3781,,,,,,,,,本科,,,,,
8199942,宁夏,本科批,物理,,X07A755,,西南科技大学,C5CB,园艺,,,,,,422,16199,,,,,,422,16199,,,,,,,,,本科,,,,,
8199943,宁夏,本科批,物理,,X07A755,,西南科技大学,D681,信息管理与信息系统,,,,,,423,15998,,,,,,423,15998,,,,,,,,,本科,,,,,
8199944,宁夏,本科批,物理,,X07A755,,西南科技大学,6F56,工程管理,,,,,,424,15793,,,,,,424,15793,,,,,,,,,本科,,,,,
8200771,宁夏,本科批,历史,,XC9F767,,中国传媒大学,09EE,市场营销,,,,,,562,724,,,,,,562,724,,,,,,,,,本科,,,,,
8200772,宁夏,本科批,历史,,XC9F767,,中国传媒大学,2251,公共关系学,,,,,,564,686,,,,,,564,686,,,,,,,,,本科,,,,,
8200773,宁夏,本科批,历史,,XC9F767,,中国传媒大学,7A3E,传播学（智能与计算传播方向）,智能与计算传播方向,,,,,564,686,,,,,,564,686,,,,,,,,,本科,,,,,
8200774,宁夏,本科批,历史,,XC9F767,,中国传媒大学,D243,汉语言文学,,,,,,568,610,,,,,,568,610,,,,,,,,,本科,,,,,
8200775,宁夏,本科批,物理,,XC9F767,,中国传媒大学,D681,信息管理与信息系统,,,,,,524,3165,,,,,,524,3165,,,,,,,,,本科,,,,,
8200776,宁夏,本科批,物理,,XC9F767,,中国传媒大学,4718,数据科学与大数据技术,,,,,,528,2930,,,,,,528,2930,,,,,,,,,本科,,,,,
8200777,宁夏,本科批,物理,,XC9F767,,中国传媒大学,ECA4,通信工程,,,,,,529,2869,,,,,,529,2869,,,,,,,,,本科,,,,,
8200778,宁夏,本科批,物理,,XC9F767,,中国传媒大学,93E3,电子信息工程,,,,,,535,2533,,,,,,535,2533,,,,,,,,,本科,,,,,
8200779,宁夏,本科批,物理,,XC9F767,,中国传媒大学,41CF,数字媒体技术,,,,,,541,2226,,,,,,541,2226,,,,,,,,,本科,,,,,
8201655,宁夏,本科批,历史,,XC02FA4,,江苏大学,25DE,国际经济与贸易,,,,,,537,1419,,,,,,537,1419,,,,,,,,,本科,,,,,
8201656,宁夏,本科批,历史,,XC02FA4,,江苏大学,A615,汉语国际教育,,,,,,539,1345,,,,,,539,1345,,,,,,,,,本科,,,,,
8201657,宁夏,本科批,历史,,XC02FA4,,江苏大学,0FBC,金融学,,,,,,541,1285,,,,,,541,1285,,,,,,,,,本科,,,,,
8201658,宁夏,本科批,历史,,XC02FA4,,江苏大学,D243,汉语言文学,,,,,,557,829,,,,,,557,829,,,,,,,,,本科,,,,,
8201659,宁夏,本科批,物理,,XC02FA4,,江苏大学,74E7,教育技术学,,,,,,498,5138,,,,,,498,5138,,,,,,,,,本科,,,,,
8201660,宁夏,本科批,物理,,XC02FA4,,江苏大学,57E6,医学影像学,,,,,,498,5138,,,,,,498,5138,,,,,,,,,本科,,,,,
8201661,宁夏,本科批,物理,,XC02FA4,,江苏大学,F55B,交通运输,,,,,,498,5138,,,,,,498,5138,,,,,,,,,本科,,,,,
8201662,宁夏,本科批,物理,,XC02FA4,,江苏大学,C7AE,交通工程,,,,,,499,5046,,,,,,499,5046,,,,,,,,,本科,,,,,
8201663,宁夏,本科批,物理,,XC02FA4,,江苏大学,EF96,食品科学与工程类,,,,,,500,4966,,,,,,500,4966,,,,,,,,,本科,,,,,
8201664,宁夏,本科批,物理,,XC02FA4,,江苏大学,A39E,预防医学,,,,,,500,4966,,,,,,500,4966,,,,,,,,,本科,,,,,
8201665,宁夏,本科批,物理,,XC02FA4,,江苏大学,0541,生物科学,,,,,,501,4879,,,,,,501,4879,,,,,,,,,本科,,,,,
8201666,宁夏,本科批,物理,,XC02FA4,,江苏大学,26C9,药学类,,,,,,502,4806,,,,,,502,4806,,,,,,,,,本科,,,,,
8201667,宁夏,本科批,物理,,XC02FA4,,江苏大学,2426,材料类,,,,,,502,4806,,,,,,502,4806,,,,,,,,,本科,,,,,
8201668,宁夏,本科批,物理,,XC02FA4,,江苏大学,DB23,复合材料与工程,,,,,,503,4724,,,,,,503,4724,,,,,,,,,本科,,,,,
8201669,宁夏,本科批,物理,,XC02FA4,,江苏大学,9A06,储能科学与工程,,,,,,506,4475,,,,,,506,4475,,,,,,,,,本科,,,,,
8201670,宁夏,本科批,物理,,XC02FA4,,江苏大学,97D0,临床医学,,,,,,506,4475,,,,,,506,4475,,,,,,,,,本科,,,,,
8201671,宁夏,本科批,物理,,XC02FA4,,江苏大学,26A7,车辆工程,,,,,,506,4475,,,,,,506,4475,,,,,,,,,本科,,,,,
8201672,宁夏,本科批,物理,,XC02FA4,,江苏大学,3557,能源与动力工程,,,,,,507,4402,,,,,,507,4402,,,,,,,,,本科,,,,,
8201673,宁夏,本科批,物理,,XC02FA4,,江苏大学,78FF,机械设计制造及其自动化,,,,,,511,4076,,,,,,511,4076,,,,,,,,,本科,,,,,
8201674,宁夏,本科批,物理,,XC02FA4,,江苏大学,93E3,电子信息工程,,,,,,514,3852,,,,,,514,3852,,,,,,,,,本科,,,,,
8201675,宁夏,本科批,物理,,XC02FA4,,江苏大学,3C38,软件工程,,,,,,515,3775,,,,,,515,3775,,,,,,,,,本科,,,,,
8201676,宁夏,本科批,物理,,XC02FA4,,江苏大学,B9A5,计算机科学与技术,,,,,,516,3695,,,,,,516,3695,,,,,,,,,本科,,,,,
8201677,宁夏,本科批,物理,,XC02FA4,,江苏大学,A5B7,电气工程及其自动化,,,,,,519,3472,,,,,,519,3472,,,,,,,,,本科,,,,,
8202520,宁夏,本科批,历史,,X38D83F,,天津师范大学,5077,朝鲜语,,,,,,530,1676,,,,,,530,1676,,,,,,,,,本科,,,,,
8202521,宁夏,本科批,历史,,X38D83F,,天津师范大学,68F4,新闻学,,,,,,532,1598,,,,,,532,1598,,,,,,,,,本科,,,,,
8202522,宁夏,本科批,历史,,X38D83F,,天津师范大学,E646,教育学类（师范）,师范,,,,,534,1523,,,,,,534,1523,,,,,,,,,本科,,,,,
8202523,宁夏,本科批,历史,,X38D83F,,天津师范大学,D0E1,政治学与行政学,,,,,,534,1523,,,,,,534,1523,,,,,,,,,本科,,,,,
8202524,宁夏,本科批,历史,,X38D83F,,天津师范大学,4D13,世界史,,,,,,536,1458,,,,,,536,1458,,,,,,,,,本科,,,,,
8202525,宁夏,本科批,历史,,X38D83F,,天津师范大学,4873,历史学,,,,,,541,1285,,,,,,541,1285,,,,,,,,,本科,,,,,
8202526,宁夏,本科批,历史,,X38D83F,,天津师范大学,BB6B,英语（师范）,师范,,,,,542,1252,,,,,,542,1252,,,,,,,,,本科,,,,,
8202527,宁夏,本科批,历史,,X38D83F,,天津师范大学,4EFA,汉语国际教育（师范）,师范,,,,,543,1216,,,,,,543,1216,,,,,,,,,本科,,,,,
8202528,宁夏,本科批,历史,,X38D83F,,天津师范大学,B53C,汉语言文学（师范）,师范,,,,,546,1128,,,,,,546,1128,,,,,,,,,本科,,,,,
8202529,宁夏,本科批,历史,,X38D83F,,天津师范大学,DF93,历史学（师范）,师范,,,,,546,1128,,,,,,546,1128,,,,,,,,,本科,,,,,
8202530,宁夏,本科批,历史,,X38D83F,,天津师范大学,927B,法学,,,,,,555,880,,,,,,555,880,,,,,,,,,本科,,,,,
8202531,宁夏,本科批,物理,,X38D83F,,天津师范大学,FBFE,物流管理,,,,,,438,13162,,,,,,438,13162,,,,,,,,,本科,,,,,
8202532,宁夏,本科批,物理,,X38D83F,,天津师范大学,3477,应用物理学,,,,,,438,13162,,,,,,438,13162,,,,,,,,,本科,,,,,
8202533,宁夏,本科批,物理,,X38D83F,,天津师范大学,7932,电子信息科学与技术,,,,,,439,12985,,,,,,439,12985,,,,,,,,,本科,,,,,
8202534,宁夏,本科批,物理,,X38D83F,,天津师范大学,5FC4,环境科学,,,,,,440,12830,,,,,,440,12830,,,,,,,,,本科,,,,,
8202535,宁夏,本科批,物理,,X38D83F,,天津师范大学,68F4,新闻学,,,,,,440,12830,,,,,,440,12830,,,,,,,,,本科,,,,,
8202536,宁夏,本科批,物理,,X38D83F,,天津师范大学,6AB9,经济学,,,,,,441,12659,,,,,,441,12659,,,,,,,,,本科,,,,,
8202537,宁夏,本科批,物理,,X38D83F,,天津师范大学,25DE,国际经济与贸易,,,,,,441,12659,,,,,,441,12659,,,,,,,,,本科,,,,,
8202538,宁夏,本科批,物理,,X38D83F,,天津师范大学,E646,教育学类（师范）,师范,,,,,467,8565,,,,,,467,8565,,,,,,,,,本科,,,,,
8202539,宁夏,本科批,物理,,X38D83F,,天津师范大学,E666,化学生物学,,,,,,477,7346,,,,,,477,7346,,,,,,,,,本科,,,,,
8202540,宁夏,本科批,物理,,X38D83F,,天津师范大学,2C65,生物科学（师范）,师范,,,,,483,6646,,,,,,483,6646,,,,,,,,,本科,,,,,
8202541,宁夏,本科批,物理,,X38D83F,,天津师范大学,ECB5,计算机科学与技术（师范）,师范,,,,,490,5885,,,,,,490,5885,,,,,,,,,本科,,,,,
8202542,宁夏,本科批,物理,,X38D83F,,天津师范大学,5683,化学（师范）,师范,,,,,492,5700,,,,,,492,5700,,,,,,,,,本科,,,,,
8202543,宁夏,本科批,物理,,X38D83F,,天津师范大学,0C82,物理学（师范）,师范,,,,,492,5700,,,,,,492,5700,,,,,,,,,本科,,,,,
8202544,宁夏,本科批,物理,,X38D83F,,天津师范大学,9268,数学与应用数学（师范）,师范,,,,,503,4724,,,,,,503,4724,,,,,,,,,本科,,,,,
8203472,宁夏,本科批,历史,,XF2FE31,,天津科技大学,5F8C,少数民族预科班（法学类（法学、知识产权））,法学类（法学、知识产权,,,,,506,2854,,,,,,506,2854,,,,,,,,,本科,,,,,
8203473,宁夏,本科批,历史,,XF2FE31,,天津科技大学,C19A,人力资源管理,,,,,,516,2309,,,,,,516,2309,,,,,,,,,本科,,,,,
8203474,宁夏,本科批,历史,,XF2FE31,,天津科技大学,671C,日语,,,,,,516,2309,,,,,,516,2309,,,,,,,,,本科,,,,,
8203475,宁夏,本科批,历史,,XF2FE31,,天津科技大学,4869,投资学,,,,,,518,2196,,,,,,518,2196,,,,,,,,,本科,,,,,
8203476,宁夏,本科批,历史,,XF2FE31,,天津科技大学,8B36,翻译,,,,,,519,2144,,,,,,519,2144,,,,,,,,,本科,,,,,
8203477,宁夏,本科批,历史,,XF2FE31,,天津科技大学,FB18,财务管理,,,,,,522,2009,,,,,,522,2009,,,,,,,,,本科,,,,,
8203478,宁夏,本科批,历史,,XF2FE31,,天津科技大学,308C,法学类,,,,,,523,1956,,,,,,523,1956,,,,,,,,,本科,,,,,
8203479,宁夏,本科批,物理,,XF2FE31,,天津科技大学,057D,少数民族预科班（工业工程）,工业工程,,,,,433,14069,,,,,,433,14069,,,,,,,,,本科,,,,,
8203480,宁夏,本科批,物理,,XF2FE31,,天津科技大学,7160,少数民族预科班（财务管理）,财务管理,,,,,437,13337,,,,,,437,13337,,,,,,,,,本科,,,,,
8203481,宁夏,本科批,物理,,XF2FE31,,天津科技大学,5257,工业工程,,,,,,441,12659,,,,,,441,12659,,,,,,,,,本科,,,,,
8203482,宁夏,本科批,物理,,XF2FE31,,天津科技大学,F0CF,海洋技术,,,,,,442,12470,,,,,,442,12470,,,,,,,,,本科,,,,,
8203483,宁夏,本科批,物理,,XF2FE31,,天津科技大学,C956,少数民族预科班（物流管理）,物流管理,,,,,443,12278,,,,,,443,12278,,,,,,,,,本科,,,,,
8203484,宁夏,本科批,物理,,XF2FE31,,天津科技大学,504C,印刷工程,,,,,,444,12141,,,,,,444,12141,,,,,,,,,本科,,,,,
8203485,宁夏,本科批,物理,,XF2FE31,,天津科技大学,40CE,制药工程,,,,,,444,12141,,,,,,444,12141,,,,,,,,,本科,,,,,
8203486,宁夏,本科批,物理,,XF2FE31,,天津科技大学,C168,包装工程,,,,,,444,12141,,,,,,444,12141,,,,,,,,,本科,,,,,
8203487,宁夏,本科批,物理,,XF2FE31,,天津科技大学,E40F,海洋资源开发技术,,,,,,446,11823,,,,,,446,11823,,,,,,,,,本科,,,,,
8203488,宁夏,本科批,物理,,XF2FE31,,天津科技大学,8336,食品营养与健康,,,,,,446,11823,,,,,,446,11823,,,,,,,,,本科,,,,,
8203489,宁夏,本科批,物理,,XF2FE31,,天津科技大学,E347,工业设计,,,,,,446,11823,,,,,,446,11823,,,,,,,,,本科,,,,,
8203490,宁夏,本科批,物理,,XF2FE31,,天津科技大学,7D22,材料化学,,,,,,447,11628,,,,,,447,11628,,,,,,,,,本科,,,,,
8203491,宁夏,本科批,物理,,XF2FE31,,天津科技大学,FBFE,物流管理,,,,,,447,11628,,,,,,447,11628,,,,,,,,,本科,,,,,
8203492,宁夏,本科批,物理,,XF2FE31,,天津科技大学,53B9,食品质量与安全,,,,,,447,11628,,,,,,447,11628,,,,,,,,,本科,,,,,
8203493,宁夏,本科批,物理,,XF2FE31,,天津科技大学,EAB4,轻化工程,,,,,,447,11628,,,,,,447,11628,,,,,,,,,本科,,,,,
8203494,宁夏,本科批,物理,,XF2FE31,,天津科技大学,5B8B,高分子材料与工程,,,,,,450,11095,,,,,,450,11095,,,,,,,,,本科,,,,,
8203495,宁夏,本科批,物理,,XF2FE31,,天津科技大学,52FD,应用化学,,,,,,452,10754,,,,,,452,10754,,,,,,,,,本科,,,,,
8203496,宁夏,本科批,物理,,XF2FE31,,天津科技大学,7E23,环境工程,,,,,,455,10282,,,,,,455,10282,,,,,,,,,本科,,,,,
8203497,宁夏,本科批,物理,,XF2FE31,,天津科技大学,E2E1,生物工程,,,,,,456,10121,,,,,,456,10121,,,,,,,,,本科,,,,,
8203498,宁夏,本科批,物理,,XF2FE31,,天津科技大学,F11A,机器人工程,,,,,,459,9681,,,,,,459,9681,,,,,,,,,本科,,,,,
8204286,宁夏,本科批,物理,,XEE2AAD,,南京邮电大学,6C6D,生物医学工程（国家专项计划）,国家专项计划,,,,,450,10914,,,,,,450,10914,,,,,,,,,本科,,,,,
8204287,宁夏,本科批,物理,,XEE2AAD,,南京邮电大学,1A24,教育技术学（国家专项计划）,国家专项计划,,,,,453,10449,,,,,,453,10449,,,,,,,,,本科,,,,,
8204288,宁夏,本科批,物理,,XEE2AAD,,南京邮电大学,C0DA,应用统计学,,,,,,541,2181,,,,,,541,2181,,,,,,,,,本科,,,,,
8204289,宁夏,本科批,物理,,XEE2AAD,,南京邮电大学,4718,数据科学与大数据技术,,,,,,542,2139,,,,,,542,2139,,,,,,,,,本科,,,,,
8204290,宁夏,本科批,物理,,XEE2AAD,,南京邮电大学,3477,应用物理学,,,,,,542,2139,,,,,,542,2139,,,,,,,,,本科,,,,,
8204291,宁夏,本科批,物理,,XEE2AAD,,南京邮电大学,8671,电磁场与无线技术,,,,,,543,2098,,,,,,543,2098,,,,,,,,,本科,,,,,
8204292,宁夏,本科批,物理,,XEE2AAD,,南京邮电大学,A5D2,测控技术与仪器,,,,,,543,2098,,,,,,543,2098,,,,,,,,,本科,,,,,
8204293,宁夏,本科批,物理,,XEE2AAD,,南京邮电大学,25BA,集成电路设计与集成系统,,,,,,544,2052,,,,,,544,2052,,,,,,,,,本科,,,,,
8204294,宁夏,本科批,物理,,XEE2AAD,,南京邮电大学,A687,光电信息科学与工程,,,,,,544,2052,,,,,,544,2052,,,,,,,,,本科,,,,,
8204295,宁夏,本科批,物理,,XEE2AAD,,南京邮电大学,289B,微电子科学与工程,,,,,,544,2052,,,,,,544,2052,,,,,,,,,本科,,,,,
8204296,宁夏,本科批,物理,,XEE2AAD,,南京邮电大学,4338,广播电视工程,,,,,,544,2052,,,,,,544,2052,,,,,,,,,本科,,,,,
8204297,宁夏,本科批,物理,,XEE2AAD,,南京邮电大学,4C65,自动化,,,,,,545,2017,,,,,,545,2017,,,,,,,,,本科,,,,,
8204298,宁夏,本科批,物理,,XEE2AAD,,南京邮电大学,3C38,软件工程,,,,,,546,1980,,,,,,546,1980,,,,,,,,,本科,,,,,
8204299,宁夏,本科批,物理,,XEE2AAD,,南京邮电大学,B9A5,计算机科学与技术,,,,,,547,1925,,,,,,547,1925,,,,,,,,,本科,,,,,
8204300,宁夏,本科批,物理,,XEE2AAD,,南京邮电大学,B001,信息安全,,,,,,549,1839,,,,,,549,1839,,,,,,,,,本科,,,,,
8204301,宁夏,本科批,物理,,XEE2AAD,,南京邮电大学,93E3,电子信息工程,,,,,,549,1839,,,,,,549,1839,,,,,,,,,本科,,,,,
8204302,宁夏,本科批,物理,,XEE2AAD,,南京邮电大学,C734,电子科学与技术,,,,,,550,1808,,,,,,550,1808,,,,,,,,,本科,,,,,
8204303,宁夏,本科批,物理,,XEE2AAD,,南京邮电大学,ECA4,通信工程,,,,,,550,1808,,,,,,550,1808,,,,,,,,,本科,,,,,
8205623,宁夏,本科批,历史,,X6EE50B,,湖南师范大学,7288,文化产业管理,,,,,,541,1285,,,,,,541,1285,,,,,,,,,本科,,,,,
8205624,宁夏,本科批,历史,,X6EE50B,,湖南师范大学,4BF3,护理学,,,,,,545,1148,,,,,,545,1148,,,,,,,,,本科,,,,,
8205625,宁夏,本科批,历史,,X6EE50B,,湖南师范大学,927B,法学,,,,,,565,663,,,,,,565,663,,,,,,,,,本科,,,,,
8205626,宁夏,本科批,历史,,X6EE50B,,湖南师范大学,D243,汉语言文学,,,,,,570,560,,,,,,570,560,,,,,,,,,本科,,,,,
8205627,宁夏,本科批,物理,,X6EE50B,,湖南师范大学,4BF3,护理学,,,,,,495,5424,,,,,,495,5424,,,,,,,,,本科,,,,,
8205628,宁夏,本科批,物理,,X6EE50B,,湖南师范大学,927B,法学,,,,,,498,5138,,,,,,498,5138,,,,,,,,,本科,,,,,
8205629,宁夏,本科批,物理,,X6EE50B,,湖南师范大学,4648,物理学类,,,,,,500,4966,,,,,,500,4966,,,,,,,,,本科,,,,,
8205630,宁夏,本科批,物理,,X6EE50B,,湖南师范大学,7932,电子信息科学与技术,,,,,,502,4806,,,,,,502,4806,,,,,,,,,本科,,,,,
8205631,宁夏,本科批,物理,,X6EE50B,,湖南师范大学,D035,生物科学类,,,,,,503,4724,,,,,,503,4724,,,,,,,,,本科,,,,,
8205632,宁夏,本科批,物理,,X6EE50B,,湖南师范大学,25FE,数学与应用数学,,,,,,503,4724,,,,,,503,4724,,,,,,,,,本科,,,,,
8206513,宁夏,本科批,历史,,XE1310A,,中国地质大学（武汉）,51C8,思想政治教育,,,,,,558,807,,,,,,558,807,,,,,,,,,本科,,,,,
8206514,宁夏,本科批,历史,,XE1310A,,中国地质大学（武汉）,C29F,经济学类,,,,,,558,807,,,,,,558,807,,,,,,,,,本科,,,,,
8206515,宁夏,本科批,历史,,XE1310A,,中国地质大学（武汉）,AC90,行政管理,,,,,,558,807,,,,,,558,807,,,,,,,,,本科,,,,,
8206516,宁夏,本科批,历史,,XE1310A,,中国地质大学（武汉）,EF7C,工商管理类,,,,,,562,724,,,,,,562,724,,,,,,,,,本科,,,,,
8206517,宁夏,本科批,物理,,XE1310A,,中国地质大学（武汉）,D40C,少数民族预科班,,,,,,444,12141,,,,,,444,12141,,,,,,,,,本科,,,,,
8206518,宁夏,本科批,物理,,XE1310A,,中国地质大学（武汉）,7485,土地资源管理（土地资源与整治）,土地资源与整治,,,,,509,4237,,,,,,509,4237,,,,,,,,,本科,,,,,
8206519,宁夏,本科批,物理,,XE1310A,,中国地质大学（武汉）,5739,地质类,,,,,,510,4145,,,,,,510,4145,,,,,,,,,本科,,,,,
8206520,宁夏,本科批,物理,,XE1310A,,中国地质大学（武汉）,3615,机械类,,,,,,510,4145,,,,,,510,4145,,,,,,,,,本科,,,,,
8206521,宁夏,本科批,物理,,XE1310A,,中国地质大学（武汉）,D31F,地球物理学类（地球物理与信息类）,地球物理与信息类,,,,,511,4076,,,,,,511,4076,,,,,,,,,本科,,,,,
8206522,宁夏,本科批,物理,,XE1310A,,中国地质大学（武汉）,74BC,地质类（资源能源）,资源能源,,,,,512,4013,,,,,,512,4013,,,,,,,,,本科,,,,,
8206523,宁夏,本科批,物理,,XE1310A,,中国地质大学（武汉）,C493,土木类,,,,,,512,4013,,,,,,512,4013,,,,,,,,,本科,,,,,
8206524,宁夏,本科批,物理,,XE1310A,,中国地质大学（武汉）,16D4,资源环境大数据工程,,,,,,512,4013,,,,,,512,4013,,,,,,,,,本科,,,,,
8206525,宁夏,本科批,物理,,XE1310A,,中国地质大学（武汉）,E118,地理科学类,,,,,,512,4013,,,,,,512,4013,,,,,,,,,本科,,,,,
8206526,宁夏,本科批,物理,,XE1310A,,中国地质大学（武汉）,83B5,测绘类（测绘与信息类）,测绘与信息类,,,,,513,3942,,,,,,513,3942,,,,,,,,,本科,,,,,
8206527,宁夏,本科批,物理,,XE1310A,,中国地质大学（武汉）,2426,材料类,,,,,,513,3942,,,,,,513,3942,,,,,,,,,本科,,,,,
8206528,宁夏,本科批,物理,,XE1310A,,中国地质大学（武汉）,52FD,应用化学,,,,,,513,3942,,,,,,513,3942,,,,,,,,,本科,,,,,
8206529,宁夏,本科批,物理,,XE1310A,,中国地质大学（武汉）,5669,数学类,,,,,,514,3852,,,,,,514,3852,,,,,,,,,本科,,,,,
8206530,宁夏,本科批,物理,,XE1310A,,中国地质大学（武汉）,0184,自动化类,,,,,,514,3852,,,,,,514,3852,,,,,,,,,本科,,,,,
8206531,宁夏,本科批,物理,,XE1310A,,中国地质大学（武汉）,9731,安全科学与工程类,,,,,,515,3775,,,,,,515,3775,,,,,,,,,本科,,,,,
8206532,宁夏,本科批,物理,,XE1310A,,中国地质大学（武汉）,44E7,环境科学与工程类（环境地球科学类）,环境地球科学类,,,,,516,3695,,,,,,516,3695,,,,,,,,,本科,,,,,
8206533,宁夏,本科批,物理,,XE1310A,,中国地质大学（武汉）,4D53,石油工程,,,,,,516,3695,,,,,,516,3695,,,,,,,,,本科,,,,,
8206534,宁夏,本科批,物理,,XE1310A,,中国地质大学（武汉）,A03B,地质学类,,,,,,521,3349,,,,,,521,3349,,,,,,,,,本科,,,,,
8206535,宁夏,本科批,物理,,XE1310A,,中国地质大学（武汉）,EF7C,工商管理类,,,,,,521,3349,,,,,,521,3349,,,,,,,,,本科,,,,,
8206536,宁夏,本科批,物理,,XE1310A,,中国地质大学（武汉）,BB8A,应急管理,,,,,,522,3293,,,,,,522,3293,,,,,,,,,本科,,,,,
8207322,宁夏,本科批,历史,,X811419,,中央财经大学,D40C,少数民族预科班,,,,,,511,2553,,,,,,511,2553,,,,,,,,,本科,,,,,
8207323,宁夏,本科批,历史,,X811419,,中央财经大学,7288,文化产业管理,,,,,,571,540,,,,,,571,540,,,,,,,,,本科,,,,,
8207324,宁夏,本科批,历史,,X811419,,中央财经大学,46AC,公共管理类,,,,,,587,291,,,,,,587,291,,,,,,,,,本科,,,,,
8207325,宁夏,本科批,历史,,X811419,,中央财经大学,87C6,法学（卓越法治人才教育培养计划）,卓越法治人才教育培养计划,,,,,589,267,,,,,,589,267,,,,,,,,,本科,,,,,
8207326,宁夏,本科批,历史,,X811419,,中央财经大学,EE2F,金融学（金融学、金融学北京外国语大学英语专业联培）,金融学、金融学北京外国语大学英语专业联培,,,,,596,196,,,,,,596,196,,,,,,,,,本科,,,,,
8207327,宁夏,本科批,历史,,X811419,,中央财经大学,C43E,工商管理类（会计学院）,会计学院,,,,,598,180,,,,,,598,180,,,,,,,,,本科,,,,,
8207328,宁夏,本科批,历史,,X811419,,中央财经大学,CA9C,财政学类,,,,,,598,180,,,,,,598,180,,,,,,,,,本科,,,,,
8207329,宁夏,本科批,物理,,X811419,,中央财经大学,D40C,少数民族预科班,,,,,,471,8067,,,,,,471,8067,,,,,,,,,本科,,,,,
8207330,宁夏,本科批,物理,,X811419,,中央财经大学,8EF0,管理科学与工程类,,,,,,547,1979,,,,,,547,1979,,,,,,,,,本科,,,,,
8207331,宁夏,本科批,物理,,X811419,,中央财经大学,59BA,财政学（财政理论与政策）,财政理论与政策,,,,,548,1924,,,,,,548,1924,,,,,,,,,本科,,,,,
8207332,宁夏,本科批,物理,,X811419,,中央财经大学,6123,电子商务类,,,,,,549,1888,,,,,,549,1888,,,,,,,,,本科,,,,,
8207333,宁夏,本科批,物理,,X811419,,中央财经大学,4869,投资学,,,,,,549,1888,,,,,,549,1888,,,,,,,,,本科,,,,,
8207334,宁夏,本科批,物理,,X811419,,中央财经大学,CA9C,财政学类,,,,,,556,1611,,,,,,556,1611,,,,,,,,,本科,,,,,
8207335,宁夏,本科批,物理,,X811419,,中央财经大学,A223,统计学类,,,,,,556,1611,,,,,,556,1611,,,,,,,,,本科,,,,,
8207336,宁夏,本科批,物理,,X811419,,中央财经大学,C43E,工商管理类（会计学院）,会计学院,,,,,556,1611,,,,,,556,1611,,,,,,,,,本科,,,,,
8207337,宁夏,本科批,物理,,X811419,,中央财经大学,C29F,经济学类,,,,,,560,1459,,,,,,560,1459,,,,,,,,,本科,,,,,
8207338,宁夏,本科批,物理,,X811419,,中央财经大学,1356,金融学类,,,,,,563,1342,,,,,,563,1342,,,,,,,,,本科,,,,,
8207339,宁夏,本科批,物理,,X811419,,中央财经大学,EE2F,金融学（金融学、金融学北京外国语大学英语专业联培）,金融学、金融学北京外国语大学英语专业联培,,,,,563,1342,,,,,,563,1342,,,,,,,,,本科,,,,,
8207340,宁夏,本科批,物理,,X811419,,中央财经大学,E15C,税收学（北理工智能、税收联培项目）,北理工智能、税收联培项目,,,,,563,1342,,,,,,563,1342,,,,,,,,,本科,,,,,
8208206,宁夏,本科批,物理,,XF6A996,,宁波大学,4ECE,土木工程,,,,,,454,10448,,,,,,454,10448,,,,,,,,,本科,,,,,
8208207,宁夏,本科批,物理,,XF6A996,,宁波大学,B5AE,化学,,,,,,460,9530,,,,,,460,9530,,,,,,,,,本科,,,,,
8208208,宁夏,本科批,物理,,XF6A996,,宁波大学,5E49,食品科学与工程,,,,,,488,6101,,,,,,488,6101,,,,,,,,,本科,,,,,
8208209,宁夏,本科批,物理,,XF6A996,,宁波大学,D035,生物科学类,,,,,,492,5700,,,,,,492,5700,,,,,,,,,本科,,,,,
8208210,宁夏,本科批,物理,,XF6A996,,宁波大学,861C,电子信息类,,,,,,503,4724,,,,,,503,4724,,,,,,,,,本科,,,,,
8209016,宁夏,本科批,历史,,XDAF228,,长江大学,51C8,思想政治教育,,,,,,517,2242,,,,,,517,2242,,,,,,,,,本科,,,,,
8209017,宁夏,本科批,历史,,XDAF228,,长江大学,D9E9,外国语言文学类,,,,,,539,1345,,,,,,539,1345,,,,,,,,,本科,,,,,
8209018,宁夏,本科批,物理,,XDAF228,,长江大学,6BB2,动物医学类,,,,,,443,12278,,,,,,443,12278,,,,,,,,,本科,,,,,
8209019,宁夏,本科批,物理,,XDAF228,,长江大学,EF7C,工商管理类,,,,,,443,12278,,,,,,443,12278,,,,,,,,,本科,,,,,
8209020,宁夏,本科批,物理,,XDAF228,,长江大学,FA23,地理信息科学,,,,,,444,12141,,,,,,444,12141,,,,,,,,,本科,,,,,
8209021,宁夏,本科批,物理,,XDAF228,,长江大学,D035,生物科学类,,,,,,444,12141,,,,,,444,12141,,,,,,,,,本科,,,,,
8209022,宁夏,本科批,物理,,XDAF228,,长江大学,EF96,食品科学与工程类,,,,,,444,12141,,,,,,444,12141,,,,,,,,,本科,,,,,
8209023,宁夏,本科批,物理,,XDAF228,,长江大学,C29F,经济学类,,,,,,445,11992,,,,,,445,11992,,,,,,,,,本科,,,,,
8209024,宁夏,本科批,物理,,XDAF228,,长江大学,C493,土木类,,,,,,445,11992,,,,,,445,11992,,,,,,,,,本科,,,,,
8209025,宁夏,本科批,物理,,XDAF228,,长江大学,E7FB,化工与制药类,,,,,,446,11823,,,,,,446,11823,,,,,,,,,本科,,,,,
8209026,宁夏,本科批,物理,,XDAF228,,长江大学,ACA5,地球物理学类,,,,,,447,11628,,,,,,447,11628,,,,,,,,,本科,,,,,
8209027,宁夏,本科批,物理,,XDAF228,,长江大学,A687,光电信息科学与工程,,,,,,447,11628,,,,,,447,11628,,,,,,,,,本科,,,,,
8209028,宁夏,本科批,物理,,XDAF228,,长江大学,4718,数据科学与大数据技术,,,,,,447,11628,,,,,,447,11628,,,,,,,,,本科,,,,,
8209029,宁夏,本科批,物理,,XDAF228,,长江大学,BC2E,植物生产类,,,,,,448,11446,,,,,,448,11446,,,,,,,,,本科,,,,,
8209030,宁夏,本科批,物理,,XDAF228,,长江大学,3615,机械类,,,,,,449,11257,,,,,,449,11257,,,,,,,,,本科,,,,,
8209031,宁夏,本科批,物理,,XDAF228,,长江大学,802A,物理学,,,,,,449,11257,,,,,,449,11257,,,,,,,,,本科,,,,,
8209032,宁夏,本科批,物理,,XDAF228,,长江大学,5ED3,中西医临床医学,,,,,,453,10598,,,,,,453,10598,,,,,,,,,本科,,,,,
8209033,宁夏,本科批,物理,,XDAF228,,长江大学,82E6,计算机类,,,,,,454,10448,,,,,,454,10448,,,,,,,,,本科,,,,,
8209034,宁夏,本科批,物理,,XDAF228,,长江大学,97D0,临床医学,,,,,,458,9834,,,,,,458,9834,,,,,,,,,本科,,,,,
8209035,宁夏,本科批,物理,,XDAF228,,长江大学,0DD8,资源勘查工程,,,,,,461,9388,,,,,,461,9388,,,,,,,,,本科,,,,,
8209036,宁夏,本科批,物理,,XDAF228,,长江大学,DE8A,地质学,,,,,,469,8304,,,,,,469,8304,,,,,,,,,本科,,,,,
8209037,宁夏,本科批,物理,,XDAF228,,长江大学,4D53,石油工程,,,,,,471,8067,,,,,,471,8067,,,,,,,,,本科,,,,,
8209903,宁夏,本科批,历史,,X5ECF44,,石河子大学,4BF3,护理学,,,,,,512,2492,,,,,,512,2492,,,,,,,,,本科,,,,,
8209904,宁夏,本科批,历史,,X5ECF44,,石河子大学,1076,哈萨克语,,,,,,513,2442,,,,,,513,2442,,,,,,,,,本科,,,,,
8209905,宁夏,本科批,历史,,X5ECF44,,石河子大学,4873,历史学,,,,,,514,2392,,,,,,514,2392,,,,,,,,,本科,,,,,
8209906,宁夏,本科批,历史,,X5ECF44,,石河子大学,D0E1,政治学与行政学,,,,,,516,2309,,,,,,516,2309,,,,,,,,,本科,,,,,
8209907,宁夏,本科批,历史,,X5ECF44,,石河子大学,D243,汉语言文学,,,,,,519,2144,,,,,,519,2144,,,,,,,,,本科,,,,,
8209908,宁夏,本科批,历史,,X5ECF44,,石河子大学,927B,法学,,,,,,522,2009,,,,,,522,2009,,,,,,,,,本科,,,,,
8209909,宁夏,本科批,物理,,X5ECF44,,石河子大学,BC2E,植物生产类,,,,,,433,14069,,,,,,433,14069,,,,,,,,,本科,,,,,
8209910,宁夏,本科批,物理,,X5ECF44,,石河子大学,1076,哈萨克语,,,,,,438,13162,,,,,,438,13162,,,,,,,,,本科,,,,,
8209911,宁夏,本科批,物理,,X5ECF44,,石河子大学,D035,生物科学类,,,,,,441,12659,,,,,,441,12659,,,,,,,,,本科,,,,,
8209912,宁夏,本科批,物理,,X5ECF44,,石河子大学,C29F,经济学类,,,,,,442,12470,,,,,,442,12470,,,,,,,,,本科,,,,,
8209913,宁夏,本科批,物理,,X5ECF44,,石河子大学,EF7C,工商管理类,,,,,,443,12278,,,,,,443,12278,,,,,,,,,本科,,,,,
8209914,宁夏,本科批,物理,,X5ECF44,,石河子大学,1AFF,农业资源与环境,,,,,,446,11823,,,,,,446,11823,,,,,,,,,本科,,,,,
8209915,宁夏,本科批,物理,,X5ECF44,,石河子大学,4BF3,护理学,,,,,,448,11446,,,,,,448,11446,,,,,,,,,本科,,,,,
8209916,宁夏,本科批,物理,,X5ECF44,,石河子大学,A39E,预防医学,,,,,,448,11446,,,,,,448,11446,,,,,,,,,本科,,,,,
8209917,宁夏,本科批,物理,,X5ECF44,,石河子大学,4ECE,土木工程,,,,,,448,11446,,,,,,448,11446,,,,,,,,,本科,,,,,
8209918,宁夏,本科批,物理,,X5ECF44,,石河子大学,0541,生物科学,,,,,,448,11446,,,,,,448,11446,,,,,,,,,本科,,,,,
8209919,宁夏,本科批,物理,,X5ECF44,,石河子大学,548C,信息与计算科学,,,,,,449,11257,,,,,,449,11257,,,,,,,,,本科,,,,,
8209920,宁夏,本科批,物理,,X5ECF44,,石河子大学,5DA6,口腔医学,,,,,,452,10754,,,,,,452,10754,,,,,,,,,本科,,,,,
8209921,宁夏,本科批,物理,,X5ECF44,,石河子大学,D6ED,化学工程与工艺,,,,,,453,10598,,,,,,453,10598,,,,,,,,,本科,,,,,
8209922,宁夏,本科批,物理,,X5ECF44,,石河子大学,93E3,电子信息工程,,,,,,454,10448,,,,,,454,10448,,,,,,,,,本科,,,,,
8209923,宁夏,本科批,物理,,X5ECF44,,石河子大学,97D0,临床医学,,,,,,458,9834,,,,,,458,9834,,,,,,,,,本科,,,,,
8209924,宁夏,本科批,物理,,X5ECF44,,石河子大学,82E6,计算机类,,,,,,460,9530,,,,,,460,9530,,,,,,,,,本科,,,,,
8209925,宁夏,本科批,物理,,X5ECF44,,石河子大学,78FF,机械设计制造及其自动化,,,,,,460,9530,,,,,,460,9530,,,,,,,,,本科,,,,,
8210473,宁夏,本科批,历史,,X0C3988,,对外经济贸易大学,D088,政治学类（国际政治、政治学与行政学、政治学与行政学（与金融学专业双学士学位项目）、国际政治（与英语专业双学士学位项目））,国际政治、政治学与行政学、政治学与行政学（与金融学专业双学士学位项目; 与英语专业双学士学位项目,,,,,514,2392,,,,,,514,2392,,,,,,,,,本科,,,,,
8210474,宁夏,本科批,历史,,X0C3988,,对外经济贸易大学,CCEF,公共管理类（海关管理、行政管理、公共事业管理、文化产业管理）,海关管理、行政管理、公共事业管理、文化产业管理,,,,,542,1252,,,,,,542,1252,,,,,,,,,本科,,,,,
8210475,宁夏,本科批,历史,,X0C3988,,对外经济贸易大学,AF96,工商管理类（会计学、财务管理、人力资源管理、市场营销、工商管理，可参与会计学与北邮计算机/金融科技联合学士学位项目选拔）,会计学、财务管理、人力资源管理、市场营销、工商管理，可参与会计学与北邮计算机/金融科技联合学士学位项目选拔,,,,,551,974,,,,,,551,974,,,,,,,,,本科,,,,,
8210476,宁夏,本科批,历史,,X0C3988,,对外经济贸易大学,9FCE,供应链管理（与金融学专业双学士学位项目）,与金融学专业双学士学位项目,,,,,567,626,,,,,,567,626,,,,,,,,,本科,,,,,
8210477,宁夏,本科批,历史,,X0C3988,,对外经济贸易大学,CF11,金融学类（金融学、金融学（国际金融与市场）、经济与金融、投资学、保险学）,金融学、金融学（国际金融与市场,,,,,584,335,,,,,,584,335,,,,,,,,,本科,,,,,
8210478,宁夏,本科批,历史,,X0C3988,,对外经济贸易大学,91B5,外国语言文学类（商务英语、翻译、英语，可参与英语类与金融学/法学/会计学双学士学位项目选拔）,商务英语、翻译、英语，可参与英语类与金融学/法学/会计学双学士学位项目选拔,,,,,585,318,,,,,,585,318,,,,,,,,,本科,,,,,
8210479,宁夏,本科批,历史,,X0C3988,,对外经济贸易大学,B3A2,法学类（法学，可参与法学-大数据双学士学位项目或涉外型卓越经贸法律人才实验班选拔）,法学，可参与法学-大数据双学士学位项目或涉外型卓越经贸法律人才实验班选拔,,,,,587,291,,,,,,587,291,,,,,,,,,本科,,,,,
8210480,宁夏,本科批,物理,,X0C3988,,对外经济贸易大学,F068,人工智能,,,,,,498,5138,,,,,,498,5138,,,,,,,,,本科,,,,,
8210481,宁夏,本科批,物理,,X0C3988,,对外经济贸易大学,751B,精算学（可参与精算学-劳动与社会保障双学士学位项目、精算与风险管理实验班、与英国曼彻斯特大学、肯特大学联合培养“2+2”项目选拔）,可参与精算学-劳动与社会保障双学士学位项目、精算与风险管理实验班、与英国曼彻斯特大学、肯特大学联合培养“2+2”项目选拔,,,,,503,4724,,,,,,503,4724,,,,,,,,,本科,,,,,
8210482,宁夏,本科批,物理,,X0C3988,,对外经济贸易大学,CF11,金融学类（金融学、金融学（国际金融与市场）、经济与金融、投资学、保险学）,金融学、金融学（国际金融与市场,,,,,505,4564,,,,,,505,4564,,,,,,,,,本科,,,,,
8210483,宁夏,本科批,物理,,X0C3988,,对外经济贸易大学,AF96,工商管理类（会计学、财务管理、人力资源管理、市场营销、工商管理，可参与会计学与北邮计算机/金融科技联合学士学位项目选拔）,会计学、财务管理、人力资源管理、市场营销、工商管理，可参与会计学与北邮计算机/金融科技联合学士学位项目选拔,,,,,513,3942,,,,,,513,3942,,,,,,,,,本科,,,,,
8210484,宁夏,本科批,物理,,X0C3988,,对外经济贸易大学,0ECD,经济学类（国际经济与贸易、财政学、税收学）,国际经济与贸易、财政学、税收学,,,,,533,2634,,,,,,533,2634,,,,,,,,,本科,,,,,
8210485,宁夏,本科批,物理,,X0C3988,,对外经济贸易大学,B3A2,法学类（法学，可参与法学-大数据双学士学位项目或涉外型卓越经贸法律人才实验班选拔）,法学，可参与法学-大数据双学士学位项目或涉外型卓越经贸法律人才实验班选拔,,,,,535,2533,,,,,,535,2533,,,,,,,,,本科,,,,,
8210486,宁夏,本科批,物理,,X0C3988,,对外经济贸易大学,ABB6,金融工程（大类招生）（金融工程、金融科技，可参与金融科技与北邮人工智能联合学士学位项目选拔）,大类招生; 金融工程、金融科技，可参与金融科技与北邮人工智能联合学士学位项目选拔,,,,,557,1563,,,,,,557,1563,,,,,,,,,本科,,,,,
8211276,宁夏,本科批,历史,,X24C671,,南京信息工程大学,16DF,金融工程,,,,,,541,1285,,,,,,541,1285,,,,,,,,,本科,,,,,
8211277,宁夏,本科批,历史,,X24C671,,南京信息工程大学,25DE,国际经济与贸易,,,,,,544,1176,,,,,,544,1176,,,,,,,,,本科,,,,,
8211278,宁夏,本科批,历史,,X24C671,,南京信息工程大学,EF7C,工商管理类,,,,,,545,1148,,,,,,545,1148,,,,,,,,,本科,,,,,
8211279,宁夏,本科批,物理,,X24C671,,南京信息工程大学,A86C,遥感科学与技术,,,,,,525,3106,,,,,,525,3106,,,,,,,,,本科,,,,,
8211280,宁夏,本科批,物理,,X24C671,,南京信息工程大学,861C,电子信息类,,,,,,526,3056,,,,,,526,3056,,,,,,,,,本科,,,,,
8211281,宁夏,本科批,物理,,X24C671,,南京信息工程大学,17BC,大气科学类,,,,,,526,3056,,,,,,526,3056,,,,,,,,,本科,,,,,
8211282,宁夏,本科批,物理,,X24C671,,南京信息工程大学,C2DF,应用气象学,,,,,,531,2751,,,,,,531,2751,,,,,,,,,本科,,,,,
8212668,宁夏,本科批,物理,,X657927,,天津工业大学,5E19,会计学,,,,,,467,8565,,,,,,467,8565,,,,,,,,,本科,,,,,
8212669,宁夏,本科批,物理,,X657927,,天津工业大学,57D1,服装设计与工程,,,,,,469,8304,,,,,,469,8304,,,,,,,,,本科,,,,,
8212670,宁夏,本科批,物理,,X657927,,天津工业大学,5257,工业工程,,,,,,470,8177,,,,,,470,8177,,,,,,,,,本科,,,,,
8212671,宁夏,本科批,物理,,X657927,,天津工业大学,40CE,制药工程,,,,,,471,8067,,,,,,471,8067,,,,,,,,,本科,,,,,
8212672,宁夏,本科批,物理,,X657927,,天津工业大学,D6ED,化学工程与工艺,,,,,,474,7703,,,,,,474,7703,,,,,,,,,本科,,,,,
8212673,宁夏,本科批,物理,,X657927,,天津工业大学,E522,非织造材料与工程,,,,,,479,7107,,,,,,479,7107,,,,,,,,,本科,,,,,
8212674,宁夏,本科批,物理,,X657927,,天津工业大学,52FD,应用化学,,,,,,480,6986,,,,,,480,6986,,,,,,,,,本科,,,,,
8212675,宁夏,本科批,物理,,X657927,,天津工业大学,D583,网络空间安全,,,,,,480,6986,,,,,,480,6986,,,,,,,,,本科,,,,,
8212676,宁夏,本科批,物理,,X657927,,天津工业大学,75BF,纺织工程,,,,,,484,6535,,,,,,484,6535,,,,,,,,,本科,,,,,
8212677,宁夏,本科批,物理,,X657927,,天津工业大学,A942,材料科学与工程,,,,,,486,6312,,,,,,486,6312,,,,,,,,,本科,,,,,
8212678,宁夏,本科批,物理,,X657927,,天津工业大学,5B8B,高分子材料与工程,,,,,,490,5885,,,,,,490,5885,,,,,,,,,本科,,,,,
8212679,宁夏,本科批,物理,,X657927,,天津工业大学,A687,光电信息科学与工程,,,,,,492,5700,,,,,,492,5700,,,,,,,,,本科,,,,,
8212680,宁夏,本科批,物理,,X657927,,天津工业大学,C734,电子科学与技术,,,,,,494,5525,,,,,,494,5525,,,,,,,,,本科,,,,,
8212681,宁夏,本科批,物理,,X657927,,天津工业大学,D06C,机械工程,,,,,,497,5244,,,,,,497,5244,,,,,,,,,本科,,,,,
8212682,宁夏,本科批,物理,,X657927,,天津工业大学,29F4,物联网工程,,,,,,499,5046,,,,,,499,5046,,,,,,,,,本科,,,,,
8212683,宁夏,本科批,物理,,X657927,,天津工业大学,4C65,自动化,,,,,,499,5046,,,,,,499,5046,,,,,,,,,本科,,,,,
8212684,宁夏,本科批,物理,,X657927,,天津工业大学,B9A5,计算机科学与技术,,,,,,517,3626,,,,,,517,3626,,,,,,,,,本科,,,,,
8213111,宁夏,本科批,物理,,X5A23D3,,中国科学技术大学,861C,电子信息类,,,,,,637,104,,,,,,637,104,,,,,,,,,本科,,,,,
8213112,宁夏,本科批,物理,,X5A23D3,,中国科学技术大学,4648,物理学类,,,,,,642,104,,,,,,642,104,,,,,,,,,本科,,,,,
8213461,宁夏,本科批,历史,,X3B93C5,,河南财经政法大学,CA0F,旅游管理,,,,,,491,3781,,,,,,491,3781,,,,,,,,,本科,,,,,
8213462,宁夏,本科批,历史,,X3B93C5,,河南财经政法大学,46AC,公共管理类,,,,,,515,2358,,,,,,515,2358,,,,,,,,,本科,,,,,
8213463,宁夏,本科批,历史,,X3B93C5,,河南财经政法大学,EF7C,工商管理类,,,,,,530,1676,,,,,,530,1676,,,,,,,,,本科,,,,,
8213464,宁夏,本科批,历史,,X3B93C5,,河南财经政法大学,6AB9,经济学,,,,,,530,1676,,,,,,530,1676,,,,,,,,,本科,,,,,
8213465,宁夏,本科批,历史,,X3B93C5,,河南财经政法大学,927B,法学,,,,,,531,1630,,,,,,531,1630,,,,,,,,,本科,,,,,
8213466,宁夏,本科批,物理,,X3B93C5,,河南财经政法大学,FA23,地理信息科学,,,,,,433,14069,,,,,,433,14069,,,,,,,,,本科,,,,,
8213467,宁夏,本科批,物理,,X3B93C5,,河南财经政法大学,BFDA,人文地理与城乡规划,,,,,,434,13883,,,,,,434,13883,,,,,,,,,本科,,,,,
8213468,宁夏,本科批,物理,,X3B93C5,,河南财经政法大学,5669,数学类,,,,,,436,13513,,,,,,436,13513,,,,,,,,,本科,,,,,
8213469,宁夏,本科批,物理,,X3B93C5,,河南财经政法大学,8EF0,管理科学与工程类,,,,,,436,13513,,,,,,436,13513,,,,,,,,,本科,,,,,
8213470,宁夏,本科批,物理,,X3B93C5,,河南财经政法大学,46AC,公共管理类,,,,,,438,13162,,,,,,438,13162,,,,,,,,,本科,,,,,
8213471,宁夏,本科批,物理,,X3B93C5,,河南财经政法大学,EF7C,工商管理类,,,,,,439,12985,,,,,,439,12985,,,,,,,,,本科,,,,,
8213472,宁夏,本科批,物理,,X3B93C5,,河南财经政法大学,CA0F,旅游管理,,,,,,440,12830,,,,,,440,12830,,,,,,,,,本科,,,,,
8213473,宁夏,本科批,物理,,X3B93C5,,河南财经政法大学,6AB9,经济学,,,,,,440,12830,,,,,,440,12830,,,,,,,,,本科,,,,,
8213474,宁夏,本科批,物理,,X3B93C5,,河南财经政法大学,927B,法学,,,,,,446,11823,,,,,,446,11823,,,,,,,,,本科,,,,,
8214123,宁夏,本科批,历史,,XE0E77E,,东北师范大学,8CBB,少数民族预科班（商务英语）,商务英语,,,,,513,2442,,,,,,513,2442,,,,,,,,,本科,,,,,
8214124,宁夏,本科批,历史,,XE0E77E,,东北师范大学,E91E,教育学类,,,,,,569,583,,,,,,569,583,,,,,,,,,本科,,,,,
8214125,宁夏,本科批,历史,,XE0E77E,,东北师范大学,CC5B,马克思主义理论类,,,,,,574,492,,,,,,574,492,,,,,,,,,本科,,,,,
8214126,宁夏,本科批,历史,,XE0E77E,,东北师范大学,8F16,政治学类,,,,,,581,381,,,,,,581,381,,,,,,,,,本科,,,,,
8214127,宁夏,本科批,历史,,XE0E77E,,东北师范大学,D243,汉语言文学,,,,,,601,156,,,,,,601,156,,,,,,,,,本科,,,,,
8214128,宁夏,本科批,物理,,XE0E77E,,东北师范大学,34B8,少数民族预科班（环境科学与工程类）,环境科学与工程类,,,,,446,11823,,,,,,446,11823,,,,,,,,,本科,,,,,
8214129,宁夏,本科批,物理,,XE0E77E,,东北师范大学,D765,少数民族预科班（计算机类）,计算机类,,,,,453,10598,,,,,,453,10598,,,,,,,,,本科,,,,,
8214130,宁夏,本科批,物理,,XE0E77E,,东北师范大学,C29F,经济学类,,,,,,519,3472,,,,,,519,3472,,,,,,,,,本科,,,,,
8214131,宁夏,本科批,物理,,XE0E77E,,东北师范大学,4648,物理学类,,,,,,521,3349,,,,,,521,3349,,,,,,,,,本科,,,,,
8214132,宁夏,本科批,物理,,XE0E77E,,东北师范大学,82E6,计算机类,,,,,,522,3293,,,,,,522,3293,,,,,,,,,本科,,,,,
8214133,宁夏,本科批,物理,,XE0E77E,,东北师范大学,B5AE,化学,,,,,,527,2979,,,,,,527,2979,,,,,,,,,本科,,,,,
8214134,宁夏,本科批,物理,,XE0E77E,,东北师范大学,5669,数学类,,,,,,528,2930,,,,,,528,2930,,,,,,,,,本科,,,,,
8214924,宁夏,本科批,历史,,X8DEAE0,,郑州轻工业大学,FBFE,物流管理,,,,,,496,3451,,,,,,496,3451,,,,,,,,,本科,,,,,
8214925,宁夏,本科批,历史,,X8DEAE0,,郑州轻工业大学,04A0,工商管理,,,,,,496,3451,,,,,,496,3451,,,,,,,,,本科,,,,,
8214926,宁夏,本科批,历史,,X8DEAE0,,郑州轻工业大学,4145,英语,,,,,,497,3383,,,,,,497,3383,,,,,,,,,本科,,,,,
8214927,宁夏,本科批,历史,,X8DEAE0,,郑州轻工业大学,6AB9,经济学,,,,,,499,3256,,,,,,499,3256,,,,,,,,,本科,,,,,
8214928,宁夏,本科批,历史,,X8DEAE0,,郑州轻工业大学,5E19,会计学,,,,,,509,2669,,,,,,509,2669,,,,,,,,,本科,,,,,
8214929,宁夏,本科批,物理,,X8DEAE0,,郑州轻工业大学,7E23,环境工程,,,,,,434,13883,,,,,,434,13883,,,,,,,,,本科,,,,,
8214930,宁夏,本科批,物理,,X8DEAE0,,郑州轻工业大学,F620,安全工程,,,,,,445,11992,,,,,,445,11992,,,,,,,,,本科,,,,,
8214931,宁夏,本科批,物理,,X8DEAE0,,郑州轻工业大学,18D0,建筑电气与智能化,,,,,,445,11992,,,,,,445,11992,,,,,,,,,本科,,,,,
8214932,宁夏,本科批,物理,,X8DEAE0,,郑州轻工业大学,6420,过程装备与控制工程,,,,,,445,11992,,,,,,445,11992,,,,,,,,,本科,,,,,
8214933,宁夏,本科批,物理,,X8DEAE0,,郑州轻工业大学,29F4,物联网工程,,,,,,446,11823,,,,,,446,11823,,,,,,,,,本科,,,,,
8214934,宁夏,本科批,物理,,X8DEAE0,,郑州轻工业大学,F89C,生物技术,,,,,,446,11823,,,,,,446,11823,,,,,,,,,本科,,,,,
8214935,宁夏,本科批,物理,,X8DEAE0,,郑州轻工业大学,C734,电子科学与技术,,,,,,449,11257,,,,,,449,11257,,,,,,,,,本科,,,,,
8214936,宁夏,本科批,物理,,X8DEAE0,,郑州轻工业大学,78FF,机械设计制造及其自动化,,,,,,451,10913,,,,,,451,10913,,,,,,,,,本科,,,,,
8214937,宁夏,本科批,物理,,X8DEAE0,,郑州轻工业大学,F11A,机器人工程,,,,,,452,10754,,,,,,452,10754,,,,,,,,,本科,,,,,
8214938,宁夏,本科批,物理,,X8DEAE0,,郑州轻工业大学,8684,智能制造工程,,,,,,456,10121,,,,,,456,10121,,,,,,,,,本科,,,,,
8214939,宁夏,本科批,物理,,X8DEAE0,,郑州轻工业大学,4C65,自动化,,,,,,456,10121,,,,,,456,10121,,,,,,,,,本科,,,,,
8214940,宁夏,本科批,物理,,X8DEAE0,,郑州轻工业大学,A5B7,电气工程及其自动化,,,,,,459,9681,,,,,,459,9681,,,,,,,,,本科,,,,,
8215659,宁夏,本科批,物理,,XBE703B,,西南石油大学,52FD,应用化学,,,,,,473,7812,,,,,,473,7812,,,,,,,,,本科,,,,,
8215660,宁夏,本科批,物理,,XBE703B,,西南石油大学,EC95,勘查技术与工程,,,,,,474,7703,,,,,,474,7703,,,,,,,,,本科,,,,,
8215661,宁夏,本科批,物理,,XBE703B,,西南石油大学,D6ED,化学工程与工艺,,,,,,475,7574,,,,,,475,7574,,,,,,,,,本科,,,,,
8215662,宁夏,本科批,物理,,XBE703B,,西南石油大学,D06C,机械工程,,,,,,477,7346,,,,,,477,7346,,,,,,,,,本科,,,,,
8215663,宁夏,本科批,物理,,XBE703B,,西南石油大学,A5D2,测控技术与仪器,,,,,,478,7235,,,,,,478,7235,,,,,,,,,本科,,,,,
8215664,宁夏,本科批,物理,,XBE703B,,西南石油大学,DE8A,地质学,,,,,,484,6535,,,,,,484,6535,,,,,,,,,本科,,,,,
8215665,宁夏,本科批,物理,,XBE703B,,西南石油大学,0DD8,资源勘查工程,,,,,,485,6416,,,,,,485,6416,,,,,,,,,本科,,,,,
8215666,宁夏,本科批,物理,,XBE703B,,西南石油大学,12CD,油气储运工程,,,,,,502,4806,,,,,,502,4806,,,,,,,,,本科,,,,,
8215667,宁夏,本科批,物理,,XBE703B,,西南石油大学,4D53,石油工程,,,,,,505,4564,,,,,,505,4564,,,,,,,,,本科,,,,,
8216155,宁夏,本科批,历史,,X23B28E,,武汉科技大学,D5E8,工商管理类（会计学、工商管理、市场营销）,会计学、工商管理、市场营销,,,,,518,2196,,,,,,518,2196,,,,,,,,,本科,,,,,
8216156,宁夏,本科批,历史,,X23B28E,,武汉科技大学,2199,法学类（法学、社会工作）,法学、社会工作,,,,,529,1710,,,,,,529,1710,,,,,,,,,本科,,,,,
8216157,宁夏,本科批,物理,,X23B28E,,武汉科技大学,EDF3,机械类（机械工程、机械电子工程、智能制造工程、测控技术与仪器、工业工程）,机械工程、机械电子工程、智能制造工程、测控技术与仪器、工业工程,,,,,512,4013,,,,,,512,4013,,,,,,,,,本科,,,,,
8216158,宁夏,本科批,物理,,X23B28E,,武汉科技大学,2595,自动化类（自动化、机器人工程）,自动化、机器人工程,,,,,514,3852,,,,,,514,3852,,,,,,,,,本科,,,,,
8216159,宁夏,本科批,物理,,X23B28E,,武汉科技大学,2897,计算机类（计算机科学与技术、软件工程、智能科学与技术、信息安全）,计算机科学与技术、软件工程、智能科学与技术、信息安全,,,,,514,3852,,,,,,514,3852,,,,,,,,,本科,,,,,
8216684,宁夏,本科批,历史,,XEE6D29,,重庆师范大学,E603,教育康复学,,,,,,496,3451,,,,,,496,3451,,,,,,,,,本科,,,,,
8216685,宁夏,本科批,历史,,XEE6D29,,重庆师范大学,D9E9,外国语言文学类,,,,,,500,3194,,,,,,500,3194,,,,,,,,,本科,,,,,
8216686,宁夏,本科批,历史,,XEE6D29,,重庆师范大学,EF7C,工商管理类,,,,,,504,2973,,,,,,504,2973,,,,,,,,,本科,,,,,
8216687,宁夏,本科批,历史,,XEE6D29,,重庆师范大学,51C8,思想政治教育,,,,,,531,1630,,,,,,531,1630,,,,,,,,,本科,,,,,
8216688,宁夏,本科批,历史,,XEE6D29,,重庆师范大学,B1EC,中国语言文学类,,,,,,546,1128,,,,,,546,1128,,,,,,,,,本科,,,,,
8216689,宁夏,本科批,物理,,XEE6D29,,重庆师范大学,E118,地理科学类,,,,,,477,7346,,,,,,477,7346,,,,,,,,,本科,,,,,
8216690,宁夏,本科批,物理,,XEE6D29,,重庆师范大学,0541,生物科学,,,,,,479,7107,,,,,,479,7107,,,,,,,,,本科,,,,,
8216691,宁夏,本科批,物理,,XEE6D29,,重庆师范大学,25FE,数学与应用数学,,,,,,483,6646,,,,,,483,6646,,,,,,,,,本科,,,,,
8216692,宁夏,本科批,物理,,XEE6D29,,重庆师范大学,B5AE,化学,,,,,,484,6535,,,,,,484,6535,,,,,,,,,本科,,,,,
8217565,宁夏,本科批,物理,,X66B0A9,,华东交通大学,5B8B,高分子材料与工程,,,,,,469,8304,,,,,,469,8304,,,,,,,,,本科,,,,,
8217566,宁夏,本科批,物理,,X66B0A9,,华东交通大学,4D44,给排水科学与工程,,,,,,469,8304,,,,,,469,8304,,,,,,,,,本科,,,,,
8217567,宁夏,本科批,物理,,X66B0A9,,华东交通大学,FEF6,材料成型及控制工程,,,,,,469,8304,,,,,,469,8304,,,,,,,,,本科,,,,,
8217568,宁夏,本科批,物理,,X66B0A9,,华东交通大学,A2E0,测绘工程,,,,,,471,8067,,,,,,471,8067,,,,,,,,,本科,,,,,
8217569,宁夏,本科批,物理,,X66B0A9,,华东交通大学,4ECE,土木工程,,,,,,471,8067,,,,,,471,8067,,,,,,,,,本科,,,,,
8217570,宁夏,本科批,物理,,X66B0A9,,华东交通大学,A5D2,测控技术与仪器,,,,,,472,7933,,,,,,472,7933,,,,,,,,,本科,,,,,
8217571,宁夏,本科批,物理,,X66B0A9,,华东交通大学,6A3A,建筑环境与能源应用工程,,,,,,473,7812,,,,,,473,7812,,,,,,,,,本科,,,,,
8217572,宁夏,本科批,物理,,X66B0A9,,华东交通大学,0EF2,虚拟现实技术,,,,,,474,7703,,,,,,474,7703,,,,,,,,,本科,,,,,
8217573,宁夏,本科批,物理,,X66B0A9,,华东交通大学,8EA2,机械电子工程,,,,,,475,7574,,,,,,475,7574,,,,,,,,,本科,,,,,
8217574,宁夏,本科批,物理,,X66B0A9,,华东交通大学,F068,人工智能,,,,,,476,7457,,,,,,476,7457,,,,,,,,,本科,,,,,
8217575,宁夏,本科批,物理,,X66B0A9,,华东交通大学,8684,智能制造工程,,,,,,476,7457,,,,,,476,7457,,,,,,,,,本科,,,,,
8217576,宁夏,本科批,物理,,X66B0A9,,华东交通大学,18D0,建筑电气与智能化,,,,,,476,7457,,,,,,476,7457,,,,,,,,,本科,,,,,
8217577,宁夏,本科批,物理,,X66B0A9,,华东交通大学,78FF,机械设计制造及其自动化,,,,,,476,7457,,,,,,476,7457,,,,,,,,,本科,,,,,
8217578,宁夏,本科批,物理,,X66B0A9,,华东交通大学,93E3,电子信息工程,,,,,,481,6851,,,,,,481,6851,,,,,,,,,本科,,,,,
8217579,宁夏,本科批,物理,,X66B0A9,,华东交通大学,26A7,车辆工程,,,,,,482,6750,,,,,,482,6750,,,,,,,,,本科,,,,,
8217580,宁夏,本科批,物理,,X66B0A9,,华东交通大学,4C65,自动化,,,,,,483,6646,,,,,,483,6646,,,,,,,,,本科,,,,,
8217581,宁夏,本科批,物理,,X66B0A9,,华东交通大学,F55B,交通运输,,,,,,484,6535,,,,,,484,6535,,,,,,,,,本科,,,,,
8217582,宁夏,本科批,物理,,X66B0A9,,华东交通大学,ECA4,通信工程,,,,,,492,5700,,,,,,492,5700,,,,,,,,,本科,,,,,
8217583,宁夏,本科批,物理,,X66B0A9,,华东交通大学,A5B7,电气工程及其自动化,,,,,,505,4564,,,,,,505,4564,,,,,,,,,本科,,,,,
8218315,宁夏,本科批,物理,,X67FBA8,,燕山大学,D146,能源动力类,,,,,,512,4013,,,,,,512,4013,,,,,,,,,本科,,,,,
8218316,宁夏,本科批,物理,,X67FBA8,,燕山大学,85BF,电气类,,,,,,513,3942,,,,,,513,3942,,,,,,,,,本科,,,,,
8218317,宁夏,本科批,物理,,X67FBA8,,燕山大学,B9A5,计算机科学与技术,,,,,,513,3942,,,,,,513,3942,,,,,,,,,本科,,,,,
8218318,宁夏,本科批,物理,,X67FBA8,,燕山大学,3615,机械类,,,,,,520,3413,,,,,,520,3413,,,,,,,,,本科,,,,,
8219338,宁夏,本科批,历史,,X02E144,,贵州大学,68F4,新闻学,,,,,,506,2854,,,,,,506,2854,,,,,,,,,本科,,,,,
8219339,宁夏,本科批,物理,,X02E144,,贵州大学,E693,水土保持与荒漠化防治,,,,,,444,12141,,,,,,444,12141,,,,,,,,,本科,,,,,
8219340,宁夏,本科批,物理,,X02E144,,贵州大学,99EA,动物科学,,,,,,457,9966,,,,,,457,9966,,,,,,,,,本科,,,,,
8219341,宁夏,本科批,物理,,X02E144,,贵州大学,F6E0,农业机械化及其自动化,,,,,,461,9388,,,,,,461,9388,,,,,,,,,本科,,,,,
8219342,宁夏,本科批,物理,,X02E144,,贵州大学,6E5A,园林,,,,,,462,9236,,,,,,462,9236,,,,,,,,,本科,,,,,
8219343,宁夏,本科批,物理,,X02E144,,贵州大学,0325,动物医学,,,,,,463,9101,,,,,,463,9101,,,,,,,,,本科,,,,,
8219344,宁夏,本科批,物理,,X02E144,,贵州大学,BC2E,植物生产类,,,,,,466,8687,,,,,,466,8687,,,,,,,,,本科,,,,,
8219345,宁夏,本科批,物理,,X02E144,,贵州大学,7790,林学类,,,,,,467,8565,,,,,,467,8565,,,,,,,,,本科,,,,,
8219346,宁夏,本科批,物理,,X02E144,,贵州大学,D307,矿业类,,,,,,474,7703,,,,,,474,7703,,,,,,,,,本科,,,,,
8219347,宁夏,本科批,物理,,X02E144,,贵州大学,85BF,电气类,,,,,,498,5138,,,,,,498,5138,,,,,,,,,本科,,,,,
8220853,宁夏,本科批,历史,,X4BD2B0,,中国矿业大学,CCE9,土地资源管理,,,,,,546,1128,,,,,,546,1128,,,,,,,,,本科,,,,,
8220854,宁夏,本科批,历史,,X4BD2B0,,中国矿业大学,FB3B,经济与贸易类,,,,,,552,950,,,,,,552,950,,,,,,,,,本科,,,,,
8220855,宁夏,本科批,历史,,X4BD2B0,,中国矿业大学,D243,汉语言文学,,,,,,560,750,,,,,,560,750,,,,,,,,,本科,,,,,
8220856,宁夏,本科批,物理,,X4BD2B0,,中国矿业大学,EF7C,工商管理类,,,,,,462,9236,,,,,,462,9236,,,,,,,,,本科,,,,,
8220857,宁夏,本科批,物理,,X4BD2B0,,中国矿业大学,E2D1,测绘类,,,,,,503,4724,,,,,,503,4724,,,,,,,,,本科,,,,,
8220858,宁夏,本科批,物理,,X4BD2B0,,中国矿业大学,43A0,建筑类,,,,,,503,4724,,,,,,503,4724,,,,,,,,,本科,,,,,
8220859,宁夏,本科批,物理,,X4BD2B0,,中国矿业大学,ABA8,环境科学与工程类,,,,,,503,4724,,,,,,503,4724,,,,,,,,,本科,,,,,
8220860,宁夏,本科批,物理,,X4BD2B0,,中国矿业大学,E7FB,化工与制药类,,,,,,504,4626,,,,,,504,4626,,,,,,,,,本科,,,,,
8220861,宁夏,本科批,物理,,X4BD2B0,,中国矿业大学,702F,地球物理学,,,,,,505,4564,,,,,,505,4564,,,,,,,,,本科,,,,,
8220862,宁夏,本科批,物理,,X4BD2B0,,中国矿业大学,A942,材料科学与工程,,,,,,506,4475,,,,,,506,4475,,,,,,,,,本科,,,,,
8220863,宁夏,本科批,物理,,X4BD2B0,,中国矿业大学,5AC6,工程力学,,,,,,506,4475,,,,,,506,4475,,,,,,,,,本科,,,,,
8220864,宁夏,本科批,物理,,X4BD2B0,,中国矿业大学,C493,土木类,,,,,,507,4402,,,,,,507,4402,,,,,,,,,本科,,,,,
8220865,宁夏,本科批,物理,,X4BD2B0,,中国矿业大学,5739,地质类,,,,,,507,4402,,,,,,507,4402,,,,,,,,,本科,,,,,
8220866,宁夏,本科批,物理,,X4BD2B0,,中国矿业大学,D307,矿业类,,,,,,511,4076,,,,,,511,4076,,,,,,,,,本科,,,,,
8220867,宁夏,本科批,物理,,X4BD2B0,,中国矿业大学,4648,物理学类,,,,,,522,3293,,,,,,522,3293,,,,,,,,,本科,,,,,
8220868,宁夏,本科批,物理,,X4BD2B0,,中国矿业大学,A86C,遥感科学与技术,,,,,,528,2930,,,,,,528,2930,,,,,,,,,本科,,,,,
8220869,宁夏,本科批,物理,,X4BD2B0,,中国矿业大学,9731,安全科学与工程类,,,,,,529,2869,,,,,,529,2869,,,,,,,,,本科,,,,,
8220870,宁夏,本科批,物理,,X4BD2B0,,中国矿业大学,D146,能源动力类,,,,,,530,2799,,,,,,530,2799,,,,,,,,,本科,,,,,
8220871,宁夏,本科批,物理,,X4BD2B0,,中国矿业大学,3615,机械类,,,,,,533,2634,,,,,,533,2634,,,,,,,,,本科,,,,,
8220872,宁夏,本科批,物理,,X4BD2B0,,中国矿业大学,861C,电子信息类,,,,,,543,2138,,,,,,543,2138,,,,,,,,,本科,,,,,
8220873,宁夏,本科批,物理,,X4BD2B0,,中国矿业大学,82E6,计算机类,,,,,,543,2138,,,,,,543,2138,,,,,,,,,本科,,,,,
8220874,宁夏,本科批,物理,,X4BD2B0,,中国矿业大学,A5B7,电气工程及其自动化,,,,,,553,1726,,,,,,553,1726,,,,,,,,,本科,,,,,
8221546,宁夏,本科批,历史,,XE33A45,,山东农业大学,25DE,国际经济与贸易,,,,,,483,4360,,,,,,483,4360,,,,,,,,,本科,,,,,
8221547,宁夏,本科批,历史,,XE33A45,,山东农业大学,AC90,行政管理,,,,,,485,4225,,,,,,485,4225,,,,,,,,,本科,,,,,
8221548,宁夏,本科批,物理,,XE33A45,,山东农业大学,C493,土木类,,,,,,401,20625,,,,,,401,20625,,,,,,,,,本科,,,,,
8221549,宁夏,本科批,物理,,XE33A45,,山东农业大学,7DE6,葡萄与葡萄酒工程,,,,,,409,18935,,,,,,409,18935,,,,,,,,,本科,,,,,
8221550,宁夏,本科批,物理,,XE33A45,,山东农业大学,25DE,国际经济与贸易,,,,,,418,17058,,,,,,418,17058,,,,,,,,,本科,,,,,
8223575,宁夏,本科批,物理,,XCC79E7,,西安理工大学,C1B4,水利水电工程,,,,,,496,5336,,,,,,496,5336,,,,,,,,,本科,,,,,
8223576,宁夏,本科批,物理,,XCC79E7,,西安理工大学,26A7,车辆工程,,,,,,498,5138,,,,,,498,5138,,,,,,,,,本科,,,,,
8223577,宁夏,本科批,物理,,XCC79E7,,西安理工大学,7E23,环境工程,,,,,,498,5138,,,,,,498,5138,,,,,,,,,本科,,,,,
8223578,宁夏,本科批,物理,,XCC79E7,,西安理工大学,4D44,给排水科学与工程,,,,,,499,5046,,,,,,499,5046,,,,,,,,,本科,,,,,
8223579,宁夏,本科批,物理,,XCC79E7,,西安理工大学,FEF6,材料成型及控制工程,,,,,,500,4966,,,,,,500,4966,,,,,,,,,本科,,,,,
8223580,宁夏,本科批,物理,,XCC79E7,,西安理工大学,A942,材料科学与工程,,,,,,500,4966,,,,,,500,4966,,,,,,,,,本科,,,,,
8223581,宁夏,本科批,物理,,XCC79E7,,西安理工大学,A5D2,测控技术与仪器,,,,,,501,4879,,,,,,501,4879,,,,,,,,,本科,,,,,
8223582,宁夏,本科批,物理,,XCC79E7,,西安理工大学,9A06,储能科学与工程,,,,,,503,4724,,,,,,503,4724,,,,,,,,,本科,,,,,
8223583,宁夏,本科批,物理,,XCC79E7,,西安理工大学,D081,新能源科学与工程,,,,,,503,4724,,,,,,503,4724,,,,,,,,,本科,,,,,
8223584,宁夏,本科批,物理,,XCC79E7,,西安理工大学,289B,微电子科学与工程,,,,,,504,4626,,,,,,504,4626,,,,,,,,,本科,,,,,
8223585,宁夏,本科批,物理,,XCC79E7,,西安理工大学,A687,光电信息科学与工程,,,,,,504,4626,,,,,,504,4626,,,,,,,,,本科,,,,,
8223586,宁夏,本科批,物理,,XCC79E7,,西安理工大学,78FF,机械设计制造及其自动化,,,,,,507,4402,,,,,,507,4402,,,,,,,,,本科,,,,,
8223587,宁夏,本科批,物理,,XCC79E7,,西安理工大学,F18B,电气工程与智能控制,,,,,,508,4318,,,,,,508,4318,,,,,,,,,本科,,,,,
8223588,宁夏,本科批,物理,,XCC79E7,,西安理工大学,93E3,电子信息工程,,,,,,508,4318,,,,,,508,4318,,,,,,,,,本科,,,,,
8223589,宁夏,本科批,物理,,XCC79E7,,西安理工大学,B9A5,计算机科学与技术,,,,,,511,4076,,,,,,511,4076,,,,,,,,,本科,,,,,
8223590,宁夏,本科批,物理,,XCC79E7,,西安理工大学,A5B7,电气工程及其自动化,,,,,,515,3775,,,,,,515,3775,,,,,,,,,本科,,,,,
8224086,宁夏,本科批,历史,,X3C31B3,,鲁东大学,DCEF,小学教育,,,,,,496,3451,,,,,,496,3451,,,,,,,,,本科,,,,,
8224087,宁夏,本科批,历史,,X3C31B3,,鲁东大学,51C8,思想政治教育,,,,,,497,3383,,,,,,497,3383,,,,,,,,,本科,,,,,
8224088,宁夏,本科批,历史,,X3C31B3,,鲁东大学,4873,历史学,,,,,,499,3256,,,,,,499,3256,,,,,,,,,本科,,,,,
8224089,宁夏,本科批,物理,,X3C31B3,,鲁东大学,CA0F,旅游管理,,,,,,414,17904,,,,,,414,17904,,,,,,,,,本科,,,,,
8224090,宁夏,本科批,物理,,X3C31B3,,鲁东大学,557A,港口航道与海岸工程,,,,,,415,17693,,,,,,415,17693,,,,,,,,,本科,,,,,
8224091,宁夏,本科批,物理,,X3C31B3,,鲁东大学,5B8B,高分子材料与工程,,,,,,415,17693,,,,,,415,17693,,,,,,,,,本科,,,,,
8224092,宁夏,本科批,物理,,X3C31B3,,鲁东大学,B5AE,化学,,,,,,422,16199,,,,,,422,16199,,,,,,,,,本科,,,,,
8224887,宁夏,本科批,物理,,X332ABF,,四川农业大学,0FBC,金融学,,,,,,471,8067,,,,,,471,8067,,,,,,,,,本科,,,,,
8224888,宁夏,本科批,物理,,X332ABF,,四川农业大学,4ECE,土木工程,,,,,,472,7933,,,,,,472,7933,,,,,,,,,本科,,,,,
8224889,宁夏,本科批,物理,,X332ABF,,四川农业大学,4C13,农林经济管理,,,,,,473,7812,,,,,,473,7812,,,,,,,,,本科,,,,,
8224890,宁夏,本科批,物理,,X332ABF,,四川农业大学,8189,环境生态工程,,,,,,474,7703,,,,,,474,7703,,,,,,,,,本科,,,,,
8224891,宁夏,本科批,物理,,X332ABF,,四川农业大学,CA0F,旅游管理,,,,,,474,7703,,,,,,474,7703,,,,,,,,,本科,,,,,
8224892,宁夏,本科批,物理,,X332ABF,,四川农业大学,6AB9,经济学,,,,,,476,7457,,,,,,476,7457,,,,,,,,,本科,,,,,
8224893,宁夏,本科批,物理,,X332ABF,,四川农业大学,0541,生物科学,,,,,,477,7346,,,,,,477,7346,,,,,,,,,本科,,,,,
8224894,宁夏,本科批,物理,,X332ABF,,四川农业大学,5E49,食品科学与工程,,,,,,477,7346,,,,,,477,7346,,,,,,,,,本科,,,,,
8224895,宁夏,本科批,物理,,X332ABF,,四川农业大学,99EA,动物科学,,,,,,478,7235,,,,,,478,7235,,,,,,,,,本科,,,,,
8224896,宁夏,本科批,物理,,X332ABF,,四川农业大学,371D,工程造价,,,,,,480,6986,,,,,,480,6986,,,,,,,,,本科,,,,,
8224897,宁夏,本科批,物理,,X332ABF,,四川农业大学,F6E0,农业机械化及其自动化,,,,,,490,5885,,,,,,490,5885,,,,,,,,,本科,,,,,
8224898,宁夏,本科批,物理,,X332ABF,,四川农业大学,3557,能源与动力工程,,,,,,491,5800,,,,,,491,5800,,,,,,,,,本科,,,,,
8224899,宁夏,本科批,物理,,X332ABF,,四川农业大学,4718,数据科学与大数据技术,,,,,,497,5244,,,,,,497,5244,,,,,,,,,本科,,,,,
8224900,宁夏,本科批,物理,,X332ABF,,四川农业大学,A5B7,电气工程及其自动化,,,,,,510,4145,,,,,,510,4145,,,,,,,,,本科,,,,,
8225620,宁夏,本科批,物理,,XF42061,,南通大学,EAB4,轻化工程,,,,,,432,14070,,,,,,432,14070,,,,,,,,,本科,,,,,
8225621,宁夏,本科批,物理,,XF42061,,南通大学,817D,康复治疗学,,,,,,432,14070,,,,,,432,14070,,,,,,,,,本科,,,,,
8225622,宁夏,本科批,物理,,XF42061,,南通大学,5FC4,环境科学,,,,,,432,14070,,,,,,432,14070,,,,,,,,,本科,,,,,
8225623,宁夏,本科批,物理,,XF42061,,南通大学,5B8B,高分子材料与工程,,,,,,433,13884,,,,,,433,13884,,,,,,,,,本科,,,,,
8225624,宁夏,本科批,物理,,XF42061,,南通大学,E522,非织造材料与工程,,,,,,435,13514,,,,,,435,13514,,,,,,,,,本科,,,,,
8225625,宁夏,本科批,物理,,XF42061,,南通大学,75BF,纺织工程,,,,,,436,13338,,,,,,436,13338,,,,,,,,,本科,,,,,
8225626,宁夏,本科批,物理,,XF42061,,南通大学,B367,交通设备与控制工程,,,,,,437,13163,,,,,,437,13163,,,,,,,,,本科,,,,,
8226526,宁夏,本科批,历史,,X0B3E26,,河南农业大学,EF7C,工商管理类,,,,,,480,4593,,,,,,480,4593,,,,,,,,,本科,,,,,
8226527,宁夏,本科批,历史,,X0B3E26,,河南农业大学,6AB9,经济学,,,,,,485,4225,,,,,,485,4225,,,,,,,,,本科,,,,,
8226528,宁夏,本科批,历史,,X0B3E26,,河南农业大学,E042,经济与金融,,,,,,488,3998,,,,,,488,3998,,,,,,,,,本科,,,,,
8226529,宁夏,本科批,物理,,X0B3E26,,河南农业大学,4E2B,植物生产类（园艺类）,园艺类,,,,,428,15065,,,,,,428,15065,,,,,,,,,本科,,,,,
8226530,宁夏,本科批,物理,,X0B3E26,,河南农业大学,2638,植物保护,,,,,,428,15065,,,,,,428,15065,,,,,,,,,本科,,,,,
8226531,宁夏,本科批,物理,,X0B3E26,,河南农业大学,B5DB,轻工类（烟工类）,烟工类,,,,,431,14482,,,,,,431,14482,,,,,,,,,本科,,,,,
8227025,宁夏,本科批,历史,,X667600,,北京航空航天大学,6740,社会科学试验班,,,,,,605,127,,,,,,605,127,,,,,,,,,本科,,,,,
8227026,宁夏,本科批,物理,,X667600,,北京航空航天大学,A893,理科试验班类（民族班）,民族班,,,,,594,,,,,,,594,,,,,,,,,,本科,,,,,
8227027,宁夏,本科批,物理,,X667600,,北京航空航天大学,547F,工科试验班类（民族班）（航空H航天类）,民族班; 航空H航天类,,,,,596,,,,,,,596,,,,,,,,,,本科,,,,,
8227028,宁夏,本科批,物理,,X667600,,北京航空航天大学,AB90,工科试验班类（航空H航天类）,航空H航天类,,,,,631,124,,,,,,631,124,,,,,,,,,本科,,,,,
8227029,宁夏,本科批,物理,,X667600,,北京航空航天大学,28CE,数学与应用数学（拔尖学生培养计划）,拔尖学生培养计划,,,,,632,121,,,,,,632,121,,,,,,,,,本科,,,,,
8227030,宁夏,本科批,物理,,X667600,,北京航空航天大学,978C,工科试验班类（信息类）,信息类,,,,,632,121,,,,,,632,121,,,,,,,,,本科,,,,,
8227031,宁夏,本科批,物理,,X667600,,北京航空航天大学,135B,工科试验班类（未来空天领军计划）,未来空天领军计划,,,,,633,110,,,,,,633,110,,,,,,,,,本科,,,,,
8227032,宁夏,本科批,物理,,X667600,,北京航空航天大学,7DCF,人工智能（卓越人才培养试验班）,卓越人才培养试验班,,,,,634,104,,,,,,634,104,,,,,,,,,本科,,,,,
8227546,宁夏,本科批,历史,,X218153,,福建师范大学,46AC,公共管理类,,,,,,501,3138,,,,,,501,3138,,,,,,,,,本科,,,,,
8227547,宁夏,本科批,历史,,X218153,,福建师范大学,D243,汉语言文学,,,,,,561,736,,,,,,561,736,,,,,,,,,本科,,,,,
8227548,宁夏,本科批,物理,,X218153,,福建师范大学,5B8B,高分子材料与工程,,,,,,438,13162,,,,,,438,13162,,,,,,,,,本科,,,,,
8227549,宁夏,本科批,物理,,X218153,,福建师范大学,EF7C,工商管理类,,,,,,446,11823,,,,,,446,11823,,,,,,,,,本科,,,,,
8227550,宁夏,本科批,物理,,X218153,,福建师范大学,A13A,新闻��播学类,,,,,,451,10913,,,,,,451,10913,,,,,,,,,本科,,,,,
8227551,宁夏,本科批,物理,,X218153,,福建师范大学,A687,光电信息科学与工程,,,,,,451,10913,,,,,,451,10913,,,,,,,,,本科,,,,,
8227552,宁夏,本科批,物理,,X218153,,福建师范大学,B9A5,计算机科学与技术,,,,,,454,10448,,,,,,454,10448,,,,,,,,,本科,,,,,
8228349,宁夏,本科批,物理,,X6EF30C,,重庆交通大学,9301,新闻传播学类,,,,,,438,13162,,,,,,438,13162,,,,,,,,,本科,,,,,
8228350,宁夏,本科批,物理,,X6EF30C,,重庆交通大学,43A0,建筑类,,,,,,448,11446,,,,,,448,11446,,,,,,,,,本科,,,,,
8228351,宁夏,本科批,物理,,X6EF30C,,重庆交通大学,4ECE,土木工程,,,,,,448,11446,,,,,,448,11446,,,,,,,,,本科,,,,,
8228352,宁夏,本科批,物理,,X6EF30C,,重庆交通大学,2426,材料类,,,,,,449,11257,,,,,,449,11257,,,,,,,,,本科,,,,,
8228353,宁夏,本科批,物理,,X6EF30C,,重庆交通大学,38C2,地质工程,,,,,,451,10913,,,,,,451,10913,,,,,,,,,本科,,,,,
8228354,宁夏,本科批,物理,,X6EF30C,,重庆交通大学,8EF0,管理科学与工程类,,,,,,456,10121,,,,,,456,10121,,,,,,,,,本科,,,,,
8228355,宁夏,本科批,物理,,X6EF30C,,重庆交通大学,A2E0,测绘工程,,,,,,456,10121,,,,,,456,10121,,,,,,,,,本科,,,,,
8228356,宁夏,本科批,物理,,X6EF30C,,重庆交通大学,FBFE,物流管理,,,,,,456,10121,,,,,,456,10121,,,,,,,,,本科,,,,,
8228357,宁夏,本科批,物理,,X6EF30C,,重庆交通大学,5669,数学类,,,,,,459,9681,,,,,,459,9681,,,,,,,,,本科,,,,,
8228358,宁夏,本科批,物理,,X6EF30C,,重庆交通大学,F620,安全工程,,,,,,460,9530,,,,,,460,9530,,,,,,,,,本科,,,,,
8228359,宁夏,本科批,物理,,X6EF30C,,重庆交通大学,E9A7,环境科学与工程,,,,,,461,9388,,,,,,461,9388,,,,,,,,,本科,,,,,
8228360,宁夏,本科批,物理,,X6EF30C,,重庆交通大学,C0DA,应用统计学,,,,,,467,8565,,,,,,467,8565,,,,,,,,,本科,,,,,
8228361,宁夏,本科批,物理,,X6EF30C,,重庆交通大学,225A,水利类,,,,,,468,8439,,,,,,468,8439,,,,,,,,,本科,,,,,
8228362,宁夏,本科批,物理,,X6EF30C,,重庆交通大学,3615,机械类,,,,,,469,8304,,,,,,469,8304,,,,,,,,,本科,,,,,
8228363,宁夏,本科批,物理,,X6EF30C,,重庆交通大学,924C,智慧交通,,,,,,477,7346,,,,,,477,7346,,,,,,,,,本科,,,,,
8228364,宁夏,本科批,物理,,X6EF30C,,重庆交通大学,852C,交通运输类,,,,,,477,7346,,,,,,477,7346,,,,,,,,,本科,,,,,
8228365,宁夏,本科批,物理,,X6EF30C,,重庆交通大学,861C,电子信息类,,,,,,482,6750,,,,,,482,6750,,,,,,,,,本科,,,,,
8228366,宁夏,本科批,物理,,X6EF30C,,重庆交通大学,B9A5,计算机科学与技术,,,,,,484,6535,,,,,,484,6535,,,,,,,,,本科,,,,,
8229215,宁夏,本科批,物理,,XA0555F,,北京科技大学,4541,少数民族预科班（机械类）,机械类,,,,,492,5700,,,,,,492,5700,,,,,,,,,本科,,,,,
8229216,宁夏,本科批,物理,,XA0555F,,北京科技大学,A36F,少数民族预科班（冶金工程）,冶金工程,,,,,516,3695,,,,,,516,3695,,,,,,,,,本科,,,,,
8229217,宁夏,本科批,物理,,XA0555F,,北京科技大学,BF38,工商管理类（数智管理与经济试验班）,数智管理与经济试验班,,,,,549,1888,,,,,,549,1888,,,,,,,,,本科,,,,,
8229218,宁夏,本科批,物理,,XA0555F,,北京科技大学,C493,土木类,,,,,,552,1766,,,,,,552,1766,,,,,,,,,本科,,,,,
8229219,宁夏,本科批,物理,,XA0555F,,北京科技大学,D307,矿业类,,,,,,552,1766,,,,,,552,1766,,,,,,,,,本科,,,,,
8229220,宁夏,本科批,物理,,XA0555F,,北京科技大学,3477,应用物理学,,,,,,553,1726,,,,,,553,1726,,,,,,,,,本科,,,,,
8229221,宁夏,本科批,物理,,XA0555F,,北京科技大学,F89C,生物技术,,,,,,554,1684,,,,,,554,1684,,,,,,,,,本科,,,,,
8229222,宁夏,本科批,物理,,XA0555F,,北京科技大学,52FD,应用化学,,,,,,554,1684,,,,,,554,1684,,,,,,,,,本科,,,,,
8229223,宁夏,本科批,物理,,XA0555F,,北京科技大学,3678,能源动力类（能源、环境专业）,能源、环境专业,,,,,555,1652,,,,,,555,1652,,,,,,,,,本科,,,,,
8229224,宁夏,本科批,物理,,XA0555F,,北京科技大学,3615,机械类,,,,,,556,1611,,,,,,556,1611,,,,,,,,,本科,,,,,
8229225,宁夏,本科批,物理,,XA0555F,,北京科技大学,A942,材料科学与工程,,,,,,556,1611,,,,,,556,1611,,,,,,,,,本科,,,,,
8229226,宁夏,本科批,物理,,XA0555F,,北京科技大学,5669,数学类,,,,,,557,1563,,,,,,557,1563,,,,,,,,,本科,,,,,
8229227,宁夏,本科批,物理,,XA0555F,,北京科技大学,0184,自动化类,,,,,,560,1459,,,,,,560,1459,,,,,,,,,本科,,,,,
8229228,宁夏,本科批,物理,,XA0555F,,北京科技大学,8860,材料智能技术,,,,,,561,1417,,,,,,561,1417,,,,,,,,,本科,,,,,
8229229,宁夏,本科批,物理,,XA0555F,,北京科技大学,F068,人工智能,,,,,,561,1417,,,,,,561,1417,,,,,,,,,本科,,,,,
8229230,宁夏,本科批,物理,,XA0555F,,北京科技大学,C4F7,大数据管理与应用（大数据与金融试验班）,大数据与金融试验班,,,,,566,1241,,,,,,566,1241,,,,,,,,,本科,,,,,
8229231,宁夏,本科批,物理,,XA0555F,,北京科技大学,82E6,计算机类,,,,,,567,1216,,,,,,567,1216,,,,,,,,,本科,,,,,
8229232,宁夏,本科批,物理,,XA0555F,,北京科技大学,ECA4,通信工程,,,,,,567,1216,,,,,,567,1216,,,,,,,,,本科,,,,,
8229233,宁夏,本科批,物理,,XA0555F,,北京科技大学,3CC9,理科试验班,,,,,,573,1019,,,,,,573,1019,,,,,,,,,本科,,,,,
8229234,宁夏,本科批,物理,,XA0555F,,北京科技大学,1C30,工科试验班类,,,,,,573,1019,,,,,,573,1019,,,,,,,,,本科,,,,,
8229750,宁夏,本科批,历史,,XEF35ED,,中国政法大学,68F4,新闻学,,,,,,500,3194,,,,,,500,3194,,,,,,,,,本科,,,,,
8229751,宁夏,本科批,历史,,XEF35ED,,中国政法大学,AC90,行政管理,,,,,,507,2792,,,,,,507,2792,,,,,,,,,本科,,,,,
8229752,宁夏,本科批,历史,,XEF35ED,,中国政法大学,927B,法学,,,,,,515,2358,,,,,,515,2358,,,,,,,,,本科,,,,,
8229753,宁夏,本科批,历史,,XEF35ED,,中国政法大学,4852,应用心理学,,,,,,525,1867,,,,,,525,1867,,,,,,,,,本科,,,,,
8229754,宁夏,本科批,历史,,XEF35ED,,中国政法大学,D0E1,政治学与行政学,,,,,,588,274,,,,,,588,274,,,,,,,,,本科,,,,,
8229755,宁夏,本科批,历史,,XEF35ED,,中国政法大学,D243,汉语言文学,,,,,,601,156,,,,,,601,156,,,,,,,,,本科,,,,,
8229756,宁夏,本科批,历史,,XEF35ED,,中国政法大学,927B,法学,,,,,,603,141,,,,,,603,141,,,,,,,,,本科,,,,,
8229757,宁夏,本科批,物理,,XEF35ED,,中国政法大学,04A0,工商管理,,,,,,450,11095,,,,,,450,11095,,,,,,,,,本科,,,,,
8229758,宁夏,本科批,物理,,XEF35ED,,中国政法大学,E6A0,国际商务（涉外法商人才培养实验班）,涉外法商人才培养实验班,,,,,493,5606,,,,,,493,5606,,,,,,,,,本科,,,,,
8229759,宁夏,本科批,物理,,XEF35ED,,中国政法大学,E6CB,社会工作,,,,,,499,5046,,,,,,499,5046,,,,,,,,,本科,,,,,
8229760,宁夏,本科批,物理,,XEF35ED,,中国政法大学,68F4,新闻学,,,,,,506,4475,,,,,,506,4475,,,,,,,,,本科,,,,,
8229761,宁夏,本科批,物理,,XEF35ED,,中国政法大学,927B,法学,,,,,,522,3293,,,,,,522,3293,,,,,,,,,本科,,,,,
8230509,宁夏,本科批,历史,,XBD221F,,三峡大学,4869,投资学,,,,,,503,3027,,,,,,503,3027,,,,,,,,,本科,,,,,
8230510,宁夏,本科批,历史,,XBD221F,,三峡大学,DB75,广播电视学,,,,,,504,2973,,,,,,504,2973,,,,,,,,,本科,,,,,
8230511,宁夏,本科批,历史,,XBD221F,,三峡大学,AC90,行政管理,,,,,,506,2854,,,,,,506,2854,,,,,,,,,本科,,,,,
8230512,宁夏,本科批,物理,,XBD221F,,三峡大学,4BF3,护理学,,,,,,435,13689,,,,,,435,13689,,,,,,,,,本科,,,,,
8230513,宁夏,本科批,物理,,XBD221F,,三峡大学,4869,投资学,,,,,,476,7457,,,,,,476,7457,,,,,,,,,本科,,,,,
8230514,宁夏,本科批,物理,,XBD221F,,三峡大学,03FE,中医学,,,,,,478,7235,,,,,,478,7235,,,,,,,,,本科,,,,,
8230515,宁夏,本科批,物理,,XBD221F,,三峡大学,4ECE,土木工程,,,,,,478,7235,,,,,,478,7235,,,,,,,,,本科,,,,,
8230516,宁夏,本科批,物理,,XBD221F,,三峡大学,7FA1,供应链管理,,,,,,480,6986,,,,,,480,6986,,,,,,,,,本科,,,,,
8230517,宁夏,本科批,物理,,XBD221F,,三峡大学,7E23,环境工程,,,,,,484,6535,,,,,,484,6535,,,,,,,,,本科,,,,,
8230518,宁夏,本科批,物理,,XBD221F,,三峡大学,40CE,制药工程,,,,,,484,6535,,,,,,484,6535,,,,,,,,,本科,,,,,
8230519,宁夏,本科批,物理,,XBD221F,,三峡大学,4EA7,新能源材料与器件,,,,,,495,5424,,,,,,495,5424,,,,,,,,,本科,,,,,
8230520,宁夏,本科批,物理,,XBD221F,,三峡大学,3557,能源与动力工程,,,,,,498,5138,,,,,,498,5138,,,,,,,,,本科,,,,,
8230521,宁夏,本科批,物理,,XBD221F,,三峡大学,C1B4,水利水电工程,,,,,,498,5138,,,,,,498,5138,,,,,,,,,本科,,,,,
8230522,宁夏,本科批,物理,,XBD221F,,三峡大学,9A06,储能科学与工程,,,,,,502,4806,,,,,,502,4806,,,,,,,,,本科,,,,,
8230523,宁夏,本科批,物理,,XBD221F,,三峡大学,9AC8,电气工程及其自动化（输电线路工程方向）,输电线路工程方向,,,,,507,4402,,,,,,507,4402,,,,,,,,,本科,,,,,
8230524,宁夏,本科批,物理,,XBD221F,,三峡大学,A5B7,电气工程及其自动化,,,,,,525,3106,,,,,,525,3106,,,,,,,,,本科,,,,,
8231605,宁夏,本科批,物理,,XC50040,,辽宁大学,8189,环境生态工程,,,,,,504,4626,,,,,,504,4626,,,,,,,,,本科,,,,,
8231606,宁夏,本科批,物理,,XC50040,,辽宁大学,F89C,生物技术,,,,,,504,4626,,,,,,504,4626,,,,,,,,,本科,,,,,
8231607,宁夏,本科批,物理,,XC50040,,辽宁大学,6954,化学类,,,,,,505,4564,,,,,,505,4564,,,,,,,,,本科,,,,,
8231608,宁夏,本科批,物理,,XC50040,,辽宁大学,7932,电子信息科学与技术,,,,,,505,4564,,,,,,505,4564,,,,,,,,,本科,,,,,
8231609,宁夏,本科批,物理,,XC50040,,辽宁大学,ECA4,通信工程,,,,,,509,4237,,,,,,509,4237,,,,,,,,,本科,,,,,
8231610,宁夏,本科批,物理,,XC50040,,辽宁大学,B9A5,计算机科学与技术,,,,,,510,4145,,,,,,510,4145,,,,,,,,,本科,,,,,
8231611,宁夏,本科批,物理,,XC50040,,辽宁大学,5E19,会计学,,,,,,523,3221,,,,,,523,3221,,,,,,,,,本科,,,,,
8231612,宁夏,本科批,物理,,XC50040,,辽宁大学,A5B7,电气工程及其自动化,,,,,,524,3165,,,,,,524,3165,,,,,,,,,本科,,,,,
8232211,宁夏,本科批,历史,,XC63182,,南京财经大学,2234,劳动与社会保障,,,,,,536,1458,,,,,,536,1458,,,,,,,,,本科,,,,,
8232212,宁夏,本科批,历史,,XC63182,,南京财经大学,1356,金融学类,,,,,,539,1345,,,,,,539,1345,,,,,,,,,本科,,,,,
8232213,宁夏,本科批,历史,,XC63182,,南京财经大学,09EE,市场营销,,,,,,549,1023,,,,,,549,1023,,,,,,,,,本科,,,,,
8232214,宁夏,本科批,历史,,XC63182,,南京财经大学,EF7C,工商管理类,,,,,,551,974,,,,,,551,974,,,,,,,,,本科,,,,,
8232215,宁夏,本科批,物理,,XC63182,,南京财经大学,FBFE,物流管理,,,,,,434,13883,,,,,,434,13883,,,,,,,,,本科,,,,,
8232216,宁夏,本科批,物理,,XC63182,,南京财经大学,C29F,经济学类,,,,,,435,13689,,,,,,435,13689,,,,,,,,,本科,,,,,
8232217,宁夏,本科批,物理,,XC63182,,南京财经大学,EF96,食品科学与工程类,,,,,,435,13689,,,,,,435,13689,,,,,,,,,本科,,,,,
8232218,宁夏,本科批,物理,,XC63182,,南京财经大学,EF7C,工商管理类,,,,,,462,9236,,,,,,462,9236,,,,,,,,,本科,,,,,
8232984,宁夏,本科批,物理,,X8F6EDC,,东北电力大学,04A0,工商管理,,,,,,436,13513,,,,,,436,13513,,,,,,,,,本科,,,,,
8232985,宁夏,本科批,物理,,X8F6EDC,,东北电力大学,16DF,金融工程,,,,,,482,6750,,,,,,482,6750,,,,,,,,,本科,,,,,
8232986,宁夏,本科批,物理,,X8F6EDC,,东北电力大学,FEF6,材料成型及控制工程,,,,,,484,6535,,,,,,484,6535,,,,,,,,,本科,,,,,
8232987,宁夏,本科批,物理,,X8F6EDC,,东北电力大学,D681,信息管理与信息系统,,,,,,484,6535,,,,,,484,6535,,,,,,,,,本科,,,,,
8232988,宁夏,本科批,物理,,X8F6EDC,,东北电力大学,6F56,工程管理,,,,,,485,6416,,,,,,485,6416,,,,,,,,,本科,,,,,
8232989,宁夏,本科批,物理,,X8F6EDC,,东北电力大学,4D44,给排水科学与工程,,,,,,487,6218,,,,,,487,6218,,,,,,,,,本科,,,,,
8232990,宁夏,本科批,物理,,X8F6EDC,,东北电力大学,6A3A,建筑环境与能源应用工程,,,,,,488,6101,,,,,,488,6101,,,,,,,,,本科,,,,,
8232991,宁夏,本科批,物理,,X8F6EDC,,东北电力大学,8EA2,机械电子工程,,,,,,489,5993,,,,,,489,5993,,,,,,,,,本科,,,,,
8232992,宁夏,本科批,物理,,X8F6EDC,,东北电力大学,52FD,应用化学,,,,,,489,5993,,,,,,489,5993,,,,,,,,,本科,,,,,
8232993,宁夏,本科批,物理,,X8F6EDC,,东北电力大学,4ECE,土木工程,,,,,,491,5800,,,,,,491,5800,,,,,,,,,本科,,,,,
8232994,宁夏,本科批,物理,,X8F6EDC,,东北电力大学,A5D2,测控技术与仪器,,,,,,493,5606,,,,,,493,5606,,,,,,,,,本科,,,,,
8232995,宁夏,本科批,物理,,X8F6EDC,,东北电力大学,7E23,环境工程,,,,,,495,5424,,,,,,495,5424,,,,,,,,,本科,,,,,
8232996,宁夏,本科批,物理,,X8F6EDC,,东北电力大学,548C,信息与计算科学,,,,,,496,5336,,,,,,496,5336,,,,,,,,,本科,,,,,
8232997,宁夏,本科批,物理,,X8F6EDC,,东北电力大学,FC33,核工程与核技术,,,,,,496,5336,,,,,,496,5336,,,,,,,,,本科,,,,,
8232998,宁夏,本科批,物理,,X8F6EDC,,东北电力大学,3C38,软件工程,,,,,,501,4879,,,,,,501,4879,,,,,,,,,本科,,,,,
8232999,宁夏,本科批,物理,,X8F6EDC,,东北电力大学,38B5,能源化学工程,,,,,,505,4564,,,,,,505,4564,,,,,,,,,本科,,,,,
8233000,宁夏,本科批,物理,,X8F6EDC,,东北电力大学,03B1,智能科学与技术,,,,,,505,4564,,,,,,505,4564,,,,,,,,,本科,,,,,
8233001,宁夏,本科批,物理,,X8F6EDC,,东北电力大学,5E19,会计学,,,,,,506,4475,,,,,,506,4475,,,,,,,,,本科,,,,,
8233002,宁夏,本科批,物理,,X8F6EDC,,东北电力大学,4C65,自动化,,,,,,515,3775,,,,,,515,3775,,,,,,,,,本科,,,,,
8233003,宁夏,本科批,物理,,X8F6EDC,,东北电力大学,93E3,电子信息工程,,,,,,517,3626,,,,,,517,3626,,,,,,,,,本科,,,,,
8233218,宁夏,本科批,历史,,X394562,,河南中医药大学,4BF3,护理学,,,,,,493,3637,,,,,,493,3637,,,,,,,,,本科,,,,,
8233219,宁夏,本科批,历史,,X394562,,河南中医药大学,5ED3,中西医临床医学,,,,,,496,3451,,,,,,496,3451,,,,,,,,,本科,,,,,
8233220,宁夏,本科批,物理,,X394562,,河南中医药大学,46AC,公共管理类,,,,,,415,17693,,,,,,415,17693,,,,,,,,,本科,,,,,
8233221,宁夏,本科批,物理,,X394562,,河南中医药大学,1FF0,中药学类,,,,,,424,15793,,,,,,424,15793,,,,,,,,,本科,,,,,
8233222,宁夏,本科批,物理,,X394562,,河南中医药大学,6246,针灸推拿学,,,,,,428,15065,,,,,,428,15065,,,,,,,,,本科,,,,,
8233627,宁夏,本科批,历史,,X76F5C4,,信阳师范大学,108F,学前教育,,,,,,474,5045,,,,,,474,5045,,,,,,,,,本科,,,,,
8233628,宁夏,本科批,物理,,X76F5C4,,信阳师范大学,FA23,地理信息科学,,,,,,411,18509,,,,,,411,18509,,,,,,,,,本科,,,,,
8234365,宁夏,本科批,物理,,X02DC8B,,大连交通大学,4ECE,土木工程,,,,,,445,11992,,,,,,445,11992,,,,,,,,,本科,,,,,
8234366,宁夏,本科批,物理,,X02DC8B,,大连交通大学,8684,智能制造工程,,,,,,452,10754,,,,,,452,10754,,,,,,,,,本科,,,,,
8234367,宁夏,本科批,物理,,X02DC8B,,大连交通大学,D06C,机械工程,,,,,,454,10448,,,,,,454,10448,,,,,,,,,本科,,,,,
8234368,宁夏,本科批,物理,,X02DC8B,,大连交通大学,26A7,车辆工程,,,,,,462,9236,,,,,,462,9236,,,,,,,,,本科,,,,,
8235427,宁夏,本科批,历史,,X22EE14,,湖南科技大学,04A0,工商管理,,,,,,524,1911,,,,,,524,1911,,,,,,,,,本科,,,,,
8235428,宁夏,本科批,历史,,X22EE14,,湖南科技大学,74E7,教育技术学,,,,,,524,1911,,,,,,524,1911,,,,,,,,,本科,,,,,
8235429,宁夏,本科批,历史,,X22EE14,,湖南科技大学,6758,教育学,,,,,,525,1867,,,,,,525,1867,,,,,,,,,本科,,,,,
8235430,宁夏,本科批,历史,,X22EE14,,湖南科技大学,25DE,国际经济与贸易,,,,,,525,1867,,,,,,525,1867,,,,,,,,,本科,,,,,
8235431,宁夏,本科批,历史,,X22EE14,,湖南科技大学,6AB9,经济学,,,,,,525,1867,,,,,,525,1867,,,,,,,,,本科,,,,,
8235432,宁夏,本科批,历史,,X22EE14,,湖南科技大学,4852,应用心理学,,,,,,526,1831,,,,,,526,1831,,,,,,,,,本科,,,,,
8235433,宁夏,本科批,历史,,X22EE14,,湖南科技大学,927B,法学,,,,,,528,1752,,,,,,528,1752,,,,,,,,,本科,,,,,
8235434,宁夏,本科批,历史,,X22EE14,,湖南科技大学,4145,英语,,,,,,528,1752,,,,,,528,1752,,,,,,,,,本科,,,,,
8235435,宁夏,本科批,历史,,X22EE14,,湖南科技大学,4154,电子商务,,,,,,530,1676,,,,,,530,1676,,,,,,,,,本科,,,,,
8235436,宁夏,本科批,历史,,X22EE14,,湖南科技大学,FB18,财务管理,,,,,,530,1676,,,,,,530,1676,,,,,,,,,本科,,,,,
8235437,宁夏,本科批,历史,,X22EE14,,湖南科技大学,51C8,思想政治教育,,,,,,530,1676,,,,,,530,1676,,,,,,,,,本科,,,,,
8235438,宁夏,本科批,历史,,X22EE14,,湖南科技大学,D243,汉语言文学,,,,,,533,1564,,,,,,533,1564,,,,,,,,,本科,,,,,
8235439,宁夏,本科批,物理,,X22EE14,,湖南科技大学,7E23,环境工程,,,,,,437,13337,,,,,,437,13337,,,,,,,,,本科,,,,,
8235440,宁夏,本科批,物理,,X22EE14,,湖南科技大学,C096,智能材料与结构,,,,,,444,12141,,,,,,444,12141,,,,,,,,,本科,,,,,
8235441,宁夏,本科批,物理,,X22EE14,,湖南科技大学,CA67,采矿工程,,,,,,446,11823,,,,,,446,11823,,,,,,,,,本科,,,,,
8235442,宁夏,本科批,物理,,X22EE14,,湖南科技大学,F620,安全工程,,,,,,446,11823,,,,,,446,11823,,,,,,,,,本科,,,,,
8235443,宁夏,本科批,物理,,X22EE14,,湖南科技大学,4ECE,土木工程,,,,,,451,10913,,,,,,451,10913,,,,,,,,,本科,,,,,
8235444,宁夏,本科批,物理,,X22EE14,,湖南科技大学,A942,材料科学与工程,,,,,,453,10598,,,,,,453,10598,,,,,,,,,本科,,,,,
8235445,宁夏,本科批,物理,,X22EE14,,湖南科技大学,A5C9,建筑学,,,,,,461,9388,,,,,,461,9388,,,,,,,,,本科,,,,,
8235446,宁夏,本科批,物理,,X22EE14,,湖南科技大学,EC95,勘查技术与工程,,,,,,463,9101,,,,,,463,9101,,,,,,,,,本科,,,,,
8235447,宁夏,本科批,物理,,X22EE14,,湖南科技大学,04A0,工商管理,,,,,,464,8960,,,,,,464,8960,,,,,,,,,本科,,,,,
8235448,宁夏,本科批,物理,,X22EE14,,湖南科技大学,A86C,遥感科学与技术,,,,,,467,8565,,,,,,467,8565,,,,,,,,,本科,,,,,
8235449,宁夏,本科批,物理,,X22EE14,,湖南科技大学,8684,智能制造工程,,,,,,471,8067,,,,,,471,8067,,,,,,,,,本科,,,,,
8235450,宁夏,本科批,物理,,X22EE14,,湖南科技大学,ECA4,通信工程,,,,,,474,7703,,,,,,474,7703,,,,,,,,,本科,,,,,
8235451,宁夏,本科批,物理,,X22EE14,,湖南科技大学,93E3,电子信息工程,,,,,,474,7703,,,,,,474,7703,,,,,,,,,本科,,,,,
8235452,宁夏,本科批,物理,,X22EE14,,湖南科技大学,5E19,会计学,,,,,,476,7457,,,,,,476,7457,,,,,,,,,本科,,,,,
8235453,宁夏,本科批,物理,,X22EE14,,湖南科技大学,78FF,机械设计制造及其自动化,,,,,,482,6750,,,,,,482,6750,,,,,,,,,本科,,,,,
8235454,宁夏,本科批,物理,,X22EE14,,湖南科技大学,4C65,自动化,,,,,,484,6535,,,,,,484,6535,,,,,,,,,本科,,,,,
8235455,宁夏,本科批,物理,,X22EE14,,湖南科技大学,B9A5,计算机科学与技术,,,,,,487,6218,,,,,,487,6218,,,,,,,,,本科,,,,,
8236487,宁夏,本科批,历史,,X601532,,江西财经大学,5695,经济学（数理经济）,数理经济,,,,,550,999,,,,,,550,999,,,,,,,,,本科,,,,,
8236488,宁夏,本科批,历史,,X601532,,江西财经大学,B6A1,工商管理（智能商务）,智能商务,,,,,552,950,,,,,,552,950,,,,,,,,,本科,,,,,
8236489,宁夏,本科批,历史,,X601532,,江西财经大学,1D5E,税收学,,,,,,552,950,,,,,,552,950,,,,,,,,,本科,,,,,
8236490,宁夏,本科批,历史,,X601532,,江西财经大学,FB18,财务管理,,,,,,559,785,,,,,,559,785,,,,,,,,,本科,,,,,
8236491,宁夏,本科批,历史,,X601532,,江西财经大学,5E19,会计学,,,,,,571,540,,,,,,571,540,,,,,,,,,本科,,,,,
8236492,宁夏,本科批,物理,,X601532,,江西财经大学,BD59,金融科技,,,,,,443,12278,,,,,,443,12278,,,,,,,,,本科,,,,,
8236493,宁夏,本科批,物理,,X601532,,江西财经大学,548C,信息与计算科学,,,,,,450,11095,,,,,,450,11095,,,,,,,,,本科,,,,,
8236494,宁夏,本科批,物理,,X601532,,江西财经大学,FE4E,会计学（智能会计）,智能会计,,,,,453,10598,,,,,,453,10598,,,,,,,,,本科,,,,,
8236495,宁夏,本科批,物理,,X601532,,江西财经大学,C8E6,人力资源管理（数智人力）,数智人力,,,,,453,10598,,,,,,453,10598,,,,,,,,,本科,,,,,
8236496,宁夏,本科批,物理,,X601532,,江西财经大学,B9A5,计算机科学与技术,,,,,,463,9101,,,,,,463,9101,,,,,,,,,本科,,,,,
8236497,宁夏,本科批,物理,,X601532,,江西财经大学,1C92,数字经济,,,,,,466,8687,,,,,,466,8687,,,,,,,,,本科,,,,,
8236498,宁夏,本科批,物理,,X601532,,江西财经大学,4F15,法学（数据法学）,数据法学,,,,,471,8067,,,,,,471,8067,,,,,,,,,本科,,,,,
8236499,宁夏,本科批,物理,,X601532,,江西财经大学,25DE,国际经济与贸易,,,,,,497,5244,,,,,,497,5244,,,,,,,,,本科,,,,,
8236500,宁夏,本科批,物理,,X601532,,江西财经大学,28AD,经济统计学,,,,,,499,5046,,,,,,499,5046,,,,,,,,,本科,,,,,
8236501,宁夏,本科批,物理,,X601532,,江西财经大学,0FBC,金融学,,,,,,506,4475,,,,,,506,4475,,,,,,,,,本科,,,,,
8237152,宁夏,本科批,历史,,X5FB0C6,,南京工程学院,09EE,市场营销,,,,,,438,8387,,,,,,438,8387,,,,,,,,,本科,,,,,
8237153,宁夏,本科批,历史,,X5FB0C6,,南京工程学院,FBFE,物流管理,,,,,,477,4821,,,,,,477,4821,,,,,,,,,本科,,,,,
8237154,宁夏,本科批,物理,,X5FB0C6,,南京工程学院,371D,工程造价,,,,,,427,15234,,,,,,427,15234,,,,,,,,,本科,,,,,
8237155,宁夏,本科批,物理,,X5FB0C6,,南京工程学院,6F56,工程管理,,,,,,427,15234,,,,,,427,15234,,,,,,,,,本科,,,,,
8237156,宁夏,本科批,物理,,X5FB0C6,,南京工程学院,ABA8,环境科学与工程类,,,,,,427,15234,,,,,,427,15234,,,,,,,,,本科,,,,,
8237157,宁夏,本科批,物理,,X5FB0C6,,南京工程学院,2426,材料类,,,,,,428,15065,,,,,,428,15065,,,,,,,,,本科,,,,,
8237158,宁夏,本科批,物理,,X5FB0C6,,南京工程学院,F55B,交通运输,,,,,,429,14886,,,,,,429,14886,,,,,,,,,本科,,,,,
8237159,宁夏,本科批,物理,,X5FB0C6,,南京工程学院,4ECE,土木工程,,,,,,430,14690,,,,,,430,14690,,,,,,,,,本科,,,,,
8237160,宁夏,本科批,物理,,X5FB0C6,,南京工程学院,B367,交通设备与控制工程,,,,,,430,14690,,,,,,430,14690,,,,,,,,,本科,,,,,
8237161,宁夏,本科批,物理,,X5FB0C6,,南京工程学院,D681,信息管理与信息系统,,,,,,432,14269,,,,,,432,14269,,,,,,,,,本科,,,,,
8237162,宁夏,本科批,物理,,X5FB0C6,,南京工程学院,D146,能源动力类,,,,,,435,13689,,,,,,435,13689,,,,,,,,,本科,,,,,
8237163,宁夏,本科批,物理,,X5FB0C6,,南京工程学院,ECA4,通信工程,,,,,,435,13689,,,,,,435,13689,,,,,,,,,本科,,,,,
8237164,宁夏,本科批,物理,,X5FB0C6,,南京工程学院,62BF,大数据管理与应用,,,,,,437,13337,,,,,,437,13337,,,,,,,,,本科,,,,,
8237165,宁夏,本科批,物理,,X5FB0C6,,南京工程学院,3615,机械类,,,,,,437,13337,,,,,,437,13337,,,,,,,,,本科,,,,,
8237166,宁夏,本科批,物理,,X5FB0C6,,南京工程学院,2B47,智能建造,,,,,,438,13162,,,,,,438,13162,,,,,,,,,本科,,,,,
8237167,宁夏,本科批,物理,,X5FB0C6,,南京工程学院,F18B,电气工程与智能控制,,,,,,447,11628,,,,,,447,11628,,,,,,,,,本科,,,,,
8237168,宁夏,本科批,物理,,X5FB0C6,,南京工程学院,EE98,电气工程及其自动化（输配电工程）,输配电工程,,,,,496,5336,,,,,,496,5336,,,,,,,,,本科,,,,,
8237704,宁夏,本科批,历史,,X5BE74D,,苏州科技大学,FBFE,物流管理,,,,,,497,3383,,,,,,497,3383,,,,,,,,,本科,,,,,
8237705,宁夏,本科批,历史,,X5BE74D,,苏州科技大学,671C,日语,,,,,,503,3027,,,,,,503,3027,,,,,,,,,本科,,,,,
8237706,宁夏,本科批,历史,,X5BE74D,,苏州科技大学,2234,劳动与社会保障,,,,,,506,2854,,,,,,506,2854,,,,,,,,,本科,,,,,
8237707,宁夏,本科批,历史,,X5BE74D,,苏州科技大学,4145,英语,,,,,,508,2728,,,,,,508,2728,,,,,,,,,本科,,,,,
8237708,宁夏,本科批,历史,,X5BE74D,,苏州科技大学,E6CB,社会工作,,,,,,511,2553,,,,,,511,2553,,,,,,,,,本科,,,,,
8237709,宁夏,本科批,历史,,X5BE74D,,苏州科技大学,C19A,人力资源管理,,,,,,517,2242,,,,,,517,2242,,,,,,,,,本科,,,,,
8237710,宁夏,本科批,历史,,X5BE74D,,苏州科技大学,F9EA,思想政治教育（师范）,师范,,,,,518,2196,,,,,,518,2196,,,,,,,,,本科,,,,,
8237711,宁夏,本科批,历史,,X5BE74D,,苏州科技大学,DF93,历史学（师范）,师范,,,,,524,1911,,,,,,524,1911,,,,,,,,,本科,,,,,
8237712,宁夏,本科批,历史,,X5BE74D,,苏州科技大学,B53C,汉语言文学（师范）,师范,,,,,540,1318,,,,,,540,1318,,,,,,,,,本科,,,,,
8237713,宁夏,本科批,物理,,X5BE74D,,苏州科技大学,BFDA,人文地理与城乡规划,,,,,,453,10598,,,,,,453,10598,,,,,,,,,本科,,,,,
8237714,宁夏,本科批,物理,,X5BE74D,,苏州科技大学,6F56,工程管理,,,,,,454,10448,,,,,,454,10448,,,,,,,,,本科,,,,,
8237715,宁夏,本科批,物理,,X5BE74D,,苏州科技大学,C7AE,交通工程,,,,,,455,10282,,,,,,455,10282,,,,,,,,,本科,,,,,
8237716,宁夏,本科批,物理,,X5BE74D,,苏州科技大学,4ECE,土木工程,,,,,,456,10121,,,,,,456,10121,,,,,,,,,本科,,,,,
8237717,宁夏,本科批,物理,,X5BE74D,,苏州科技大学,ABA8,环境科学与工程类,,,,,,459,9681,,,,,,459,9681,,,,,,,,,本科,,,,,
8237718,宁夏,本科批,物理,,X5BE74D,,苏州科技大学,FB18,财务管理,,,,,,460,9530,,,,,,460,9530,,,,,,,,,本科,,,,,
8237719,宁夏,本科批,物理,,X5BE74D,,苏州科技大学,A5C9,建筑学,,,,,,460,9530,,,,,,460,9530,,,,,,,,,本科,,,,,
8237720,宁夏,本科批,物理,,X5BE74D,,苏州科技大学,16DF,金融工程,,,,,,461,9388,,,,,,461,9388,,,,,,,,,本科,,,,,
8237721,宁夏,本科批,物理,,X5BE74D,,苏州科技大学,9268,数学与应用数学（师范）,师范,,,,,461,9388,,,,,,461,9388,,,,,,,,,本科,,,,,
8237722,宁夏,本科批,物理,,X5BE74D,,苏州科技大学,2B47,智能建造,,,,,,462,9236,,,,,,462,9236,,,,,,,,,本科,,,,,
8237723,宁夏,本科批,物理,,X5BE74D,,苏州科技大学,76B9,统计学,,,,,,463,9101,,,,,,463,9101,,,,,,,,,本科,,,,,
8237724,宁夏,本科批,物理,,X5BE74D,,苏州科技大学,18D0,建筑电气与智能化,,,,,,463,9101,,,,,,463,9101,,,,,,,,,本科,,,,,
8237725,宁夏,本科批,物理,,X5BE74D,,苏州科技大学,548C,信息与计算科学,,,,,,465,8813,,,,,,465,8813,,,,,,,,,本科,,,,,
8237726,宁夏,本科批,物理,,X5BE74D,,苏州科技大学,8EA2,机械电子工程,,,,,,468,8439,,,,,,468,8439,,,,,,,,,本科,,,,,
8237727,宁夏,本科批,物理,,X5BE74D,,苏州科技大学,78FF,机械设计制造及其自动化,,,,,,469,8304,,,,,,469,8304,,,,,,,,,本科,,,,,
8238614,宁夏,本科批,历史,,XE5921F,,西南民族大学,D40C,少数民族预科班,,,,,,467,5617,,,,,,467,5617,,,,,,,,,本科,,,,,
8238615,宁夏,本科批,历史,,XE5921F,,西南民族大学,CA0F,旅游管理,,,,,,479,4671,,,,,,479,4671,,,,,,,,,本科,,,,,
8238616,宁夏,本科批,历史,,XE5921F,,西南民族大学,108F,学前教育,,,,,,485,4225,,,,,,485,4225,,,,,,,,,本科,,,,,
8238617,宁夏,本科批,历史,,XE5921F,,西南民族大学,AC90,行政管理,,,,,,486,4147,,,,,,486,4147,,,,,,,,,本科,,,,,
8238618,宁夏,本科批,历史,,XE5921F,,西南民族大学,487F,民族学,,,,,,487,4059,,,,,,487,4059,,,,,,,,,本科,,,,,
8238619,宁夏,本科批,历史,,XE5921F,,西南民族大学,090D,公共事业管理,,,,,,488,3998,,,,,,488,3998,,,,,,,,,本科,,,,,
8238620,宁夏,本科批,历史,,XE5921F,,西南民族大学,671C,日语,,,,,,488,3998,,,,,,488,3998,,,,,,,,,本科,,,,,
8238621,宁夏,本科批,历史,,XE5921F,,西南民族大学,9C84,社会学类,,,,,,489,3940,,,,,,489,3940,,,,,,,,,本科,,,,,
8238622,宁夏,本科批,历史,,XE5921F,,西南民族大学,4852,应用心理学,,,,,,491,3781,,,,,,491,3781,,,,,,,,,本科,,,,,
8238623,宁夏,本科批,历史,,XE5921F,,西南民族大学,68F4,新闻学,,,,,,491,3781,,,,,,491,3781,,,,,,,,,本科,,,,,
8238624,宁夏,本科批,历史,,XE5921F,,西南民族大学,4145,英语,,,,,,491,3781,,,,,,491,3781,,,,,,,,,本科,,,,,
8238625,宁夏,本科批,历史,,XE5921F,,西南民族大学,6240,历史学类,,,,,,497,3383,,,,,,497,3383,,,,,,,,,本科,,,,,
8238626,宁夏,本科批,历史,,XE5921F,,西南民族大学,25DE,国际经济与贸易,,,,,,507,2792,,,,,,507,2792,,,,,,,,,本科,,,,,
8238627,宁夏,本科批,历史,,XE5921F,,西南民族大学,0FBC,金融学,,,,,,512,2492,,,,,,512,2492,,,,,,,,,本科,,,,,
8238628,宁夏,本科批,历史,,XE5921F,,西南民族大学,6AB9,经济学,,,,,,536,1458,,,,,,536,1458,,,,,,,,,本科,,,,,
8238629,宁夏,本科批,历史,,XE5921F,,西南民族大学,FBFE,物流管理,,,,,,536,1458,,,,,,536,1458,,,,,,,,,本科,,,,,
8238630,宁夏,本科批,历史,,XE5921F,,西南民族大学,FB18,财务管理,,,,,,538,1379,,,,,,538,1379,,,,,,,,,本科,,,,,
8238631,宁夏,本科批,历史,,XE5921F,,西南民族大学,C19A,人力资源管理,,,,,,542,1252,,,,,,542,1252,,,,,,,,,本科,,,,,
8238632,宁夏,本科批,历史,,XE5921F,,西南民族大学,5E19,会计学,,,,,,545,1148,,,,,,545,1148,,,,,,,,,本科,,,,,
8238633,宁夏,本科批,历史,,XE5921F,,西南民族大学,D243,汉语言文学,,,,,,546,1128,,,,,,546,1128,,,,,,,,,本科,,,,,
8238634,宁夏,本科批,物理,,XE5921F,,西南民族大学,D40C,少数民族预科班,,,,,,414,17904,,,,,,414,17904,,,,,,,,,本科,,,,,
8238635,宁夏,本科批,物理,,XE5921F,,西南民族大学,AC90,行政管理,,,,,,424,15793,,,,,,424,15793,,,,,,,,,本科,,,,,
8238636,宁夏,本科批,物理,,XE5921F,,西南民族大学,F89C,生物技术,,,,,,424,15793,,,,,,424,15793,,,,,,,,,本科,,,,,
8238637,宁夏,本科批,物理,,XE5921F,,西南民族大学,108F,学前教育,,,,,,424,15793,,,,,,424,15793,,,,,,,,,本科,,,,,
8238638,宁夏,本科批,物理,,XE5921F,,西南民族大学,99EA,动物科学,,,,,,424,15793,,,,,,424,15793,,,,,,,,,本科,,,,,
8238639,宁夏,本科批,物理,,XE5921F,,西南民族大学,9C84,社会学类,,,,,,425,15604,,,,,,425,15604,,,,,,,,,本科,,,,,
8238640,宁夏,本科批,物理,,XE5921F,,西南民族大学,19D3,草业科学,,,,,,425,15604,,,,,,425,15604,,,,,,,,,本科,,,,,
8238641,宁夏,本科批,物理,,XE5921F,,西南民族大学,4145,英语,,,,,,425,15604,,,,,,425,15604,,,,,,,,,本科,,,,,
8238642,宁夏,本科批,物理,,XE5921F,,西南民族大学,CA0F,旅游管理,,,,,,425,15604,,,,,,425,15604,,,,,,,,,本科,,,,,
8238643,宁夏,本科批,物理,,XE5921F,,西南民族大学,6954,化学类,,,,,,426,15424,,,,,,426,15424,,,,,,,,,本科,,,,,
8238644,宁夏,本科批,物理,,XE5921F,,西南民族大学,4C2A,中药学,,,,,,426,15424,,,,,,426,15424,,,,,,,,,本科,,,,,
8238645,宁夏,本科批,物理,,XE5921F,,西南民族大学,ABA8,环境科学与工程类,,,,,,427,15234,,,,,,427,15234,,,,,,,,,本科,,,,,
8238646,宁夏,本科批,物理,,XE5921F,,西南民族大学,10A0,药学,,,,,,427,15234,,,,,,427,15234,,,,,,,,,本科,,,,,
8238647,宁夏,本科批,物理,,XE5921F,,西南民族大学,EF96,食品科学与工程类,,,,,,428,15065,,,,,,428,15065,,,,,,,,,本科,,,,,
8238648,宁夏,本科批,物理,,XE5921F,,西南民族大学,D6ED,化学工程与工艺,,,,,,431,14482,,,,,,431,14482,,,,,,,,,本科,,,,,
8238649,宁夏,本科批,物理,,XE5921F,,西南民族大学,0325,动物医学,,,,,,431,14482,,,,,,431,14482,,,,,,,,,本科,,,,,
8238650,宁夏,本科批,物理,,XE5921F,,西南民族大学,5D72,网络与新媒体,,,,,,432,14269,,,,,,432,14269,,,,,,,,,本科,,,,,
8238651,宁夏,本科批,物理,,XE5921F,,西南民族大学,4C65,自动化,,,,,,432,14269,,,,,,432,14269,,,,,,,,,本科,,,,,
8238652,宁夏,本科批,物理,,XE5921F,,西南民族大学,548C,信息与计算科学,,,,,,432,14269,,,,,,432,14269,,,,,,,,,本科,,,,,
8238653,宁夏,本科批,物理,,XE5921F,,西南民族大学,25FE,数学与应用数学,,,,,,439,12985,,,,,,439,12985,,,,,,,,,本科,,,,,
8239460,宁夏,本科批,历史,,XFE5258,,西安科技大学,4145,英语,,,,,,506,2854,,,,,,506,2854,,,,,,,,,本科,,,,,
8239461,宁夏,本科批,历史,,XFE5258,,西安科技大学,04A0,工商管理,,,,,,521,2051,,,,,,521,2051,,,,,,,,,本科,,,,,
8239462,宁夏,本科批,物理,,XFE5258,,西安科技大学,0E38,自然地理与资源环境,,,,,,454,10448,,,,,,454,10448,,,,,,,,,本科,,,,,
8239463,宁夏,本科批,物理,,XFE5258,,西安科技大学,0DD8,资源勘查工程,,,,,,454,10448,,,,,,454,10448,,,,,,,,,本科,,,,,
8239464,宁夏,本科批,物理,,XFE5258,,西安科技大学,7112,地下水科学与工程,,,,,,455,10282,,,,,,455,10282,,,,,,,,,本科,,,,,
8239465,宁夏,本科批,物理,,XFE5258,,西安科技大学,5E19,会计学,,,,,,456,10121,,,,,,456,10121,,,,,,,,,本科,,,,,
8239466,宁夏,本科批,物理,,XFE5258,,西安科技大学,A5D2,测控技术与仪器,,,,,,456,10121,,,,,,456,10121,,,,,,,,,本科,,,,,
8239467,宁夏,本科批,物理,,XFE5258,,西安科技大学,A942,材料科学与工程,,,,,,457,9966,,,,,,457,9966,,,,,,,,,本科,,,,,
8239468,宁夏,本科批,物理,,XFE5258,,西安科技大学,52FD,应用化学,,,,,,458,9834,,,,,,458,9834,,,,,,,,,本科,,,,,
8239469,宁夏,本科批,物理,,XFE5258,,西安科技大学,5AC6,工程力学,,,,,,459,9681,,,,,,459,9681,,,,,,,,,本科,,,,,
8239470,宁夏,本科批,物理,,XFE5258,,西安科技大学,B5E9,无机非金属材料工程,,,,,,459,9681,,,,,,459,9681,,,,,,,,,本科,,,,,
8239471,宁夏,本科批,物理,,XFE5258,,西安科技大学,CA67,采矿工程,,,,,,459,9681,,,,,,459,9681,,,,,,,,,本科,,,,,
8239472,宁夏,本科批,物理,,XFE5258,,西安科技大学,38C2,地质工程,,,,,,459,9681,,,,,,459,9681,,,,,,,,,本科,,,,,
8239473,宁夏,本科批,物理,,XFE5258,,西安科技大学,78E0,矿物加工工程,,,,,,462,9236,,,,,,462,9236,,,,,,,,,本科,,,,,
8239474,宁夏,本科批,物理,,XFE5258,,西安科技大学,D6ED,化学工程与工艺,,,,,,463,9101,,,,,,463,9101,,,,,,,,,本科,,,,,
8239475,宁夏,本科批,物理,,XFE5258,,西安科技大学,0A76,消防工程,,,,,,467,8565,,,,,,467,8565,,,,,,,,,本科,,,,,
8239476,宁夏,本科批,物理,,XFE5258,,西安科技大学,6A3A,建筑环境与能源应用工程,,,,,,468,8439,,,,,,468,8439,,,,,,,,,本科,,,,,
8239477,宁夏,本科批,物理,,XFE5258,,西安科技大学,4ECE,土木工程,,,,,,471,8067,,,,,,471,8067,,,,,,,,,本科,,,,,
8239478,宁夏,本科批,物理,,XFE5258,,西安科技大学,9A06,储能科学与工程,,,,,,472,7933,,,,,,472,7933,,,,,,,,,本科,,,,,
8239479,宁夏,本科批,物理,,XFE5258,,西安科技大学,F620,安全工程,,,,,,472,7933,,,,,,472,7933,,,,,,,,,本科,,,,,
8239480,宁夏,本科批,物理,,XFE5258,,西安科技大学,7E23,环境工程,,,,,,474,7703,,,,,,474,7703,,,,,,,,,本科,,,,,
8239481,宁夏,本科批,物理,,XFE5258,,西安科技大学,ECA4,通信工程,,,,,,476,7457,,,,,,476,7457,,,,,,,,,本科,,,,,
8241239,宁夏,本科批,历史,,XBAFD9A,,桂林理工大学,4154,电子商务,,,,,,474,5045,,,,,,474,5045,,,,,,,,,本科,,,,,
8241240,宁夏,本科批,历史,,XBAFD9A,,桂林理工大学,EF7C,工商管理类,,,,,,476,4903,,,,,,476,4903,,,,,,,,,本科,,,,,
8241241,宁夏,本科批,物理,,XBAFD9A,,桂林理工大学,FA23,地理信息科学,,,,,,414,17904,,,,,,414,17904,,,,,,,,,本科,,,,,
8241242,宁夏,本科批,物理,,XBAFD9A,,桂林理工大学,4ECE,土木工程,,,,,,416,17483,,,,,,416,17483,,,,,,,,,本科,,,,,
8241243,宁夏,本科批,物理,,XBAFD9A,,桂林理工大学,2426,材料类,,,,,,419,16846,,,,,,419,16846,,,,,,,,,本科,,,,,
8241244,宁夏,本科批,物理,,XBAFD9A,,桂林理工大学,E7FB,化工与制药类,,,,,,419,16846,,,,,,419,16846,,,,,,,,,本科,,,,,
8241245,宁夏,本科批,物理,,XBAFD9A,,桂林理工大学,0184,自动化类,,,,,,422,16199,,,,,,422,16199,,,,,,,,,本科,,,,,
8241246,宁夏,本科批,物理,,XBAFD9A,,桂林理工大学,861C,电子信息类,,,,,,423,15998,,,,,,423,15998,,,,,,,,,本科,,,,,
8242045,宁夏,本科批,物理,,XC77C51,,哈尔滨理工大学,C19A,人力资源管理,,,,,,435,13689,,,,,,435,13689,,,,,,,,,本科,,,,,
8242046,宁夏,本科批,物理,,XC77C51,,哈尔滨理工大学,04A0,工商管理,,,,,,437,13337,,,,,,437,13337,,,,,,,,,本科,,,,,
8242047,宁夏,本科批,物理,,XC77C51,,哈尔滨理工大学,7D22,材料化学,,,,,,470,8177,,,,,,470,8177,,,,,,,,,本科,,,,,
8242048,宁夏,本科批,物理,,XC77C51,,哈尔滨理工大学,7E23,环境工程,,,,,,471,8067,,,,,,471,8067,,,,,,,,,本科,,,,,
8242049,宁夏,本科批,物理,,XC77C51,,哈尔滨理工大学,3477,应用物理学,,,,,,472,7933,,,,,,472,7933,,,,,,,,,本科,,,,,
8242050,宁夏,本科批,物理,,XC77C51,,哈尔滨理工大学,5E19,会计学,,,,,,473,7812,,,,,,473,7812,,,,,,,,,本科,,,,,
8242051,宁夏,本科批,物理,,XC77C51,,哈尔滨理工大学,F620,安全工程,,,,,,474,7703,,,,,,474,7703,,,,,,,,,本科,,,,,
8242052,宁夏,本科批,物理,,XC77C51,,哈尔滨理工大学,262E,金属材料工程,,,,,,475,7574,,,,,,475,7574,,,,,,,,,本科,,,,,
8242053,宁夏,本科批,物理,,XC77C51,,哈尔滨理工大学,C0DA,应用统计学,,,,,,477,7346,,,,,,477,7346,,,,,,,,,本科,,,,,
8242054,宁夏,本科批,物理,,XC77C51,,哈尔滨理工大学,4ECE,土木工程,,,,,,477,7346,,,,,,477,7346,,,,,,,,,本科,,,,,
8242055,宁夏,本科批,物理,,XC77C51,,哈尔滨理工大学,FEF6,材料成型及控制工程,,,,,,480,6986,,,,,,480,6986,,,,,,,,,本科,,,,,
8242056,宁夏,本科批,物理,,XC77C51,,哈尔滨理工大学,D6ED,化学工程与工艺,,,,,,482,6750,,,,,,482,6750,,,,,,,,,本科,,,,,
8242057,宁夏,本科批,物理,,XC77C51,,哈尔滨理工大学,A5D2,测控技术与仪器,,,,,,483,6646,,,,,,483,6646,,,,,,,,,本科,,,,,
8242058,宁夏,本科批,物理,,XC77C51,,哈尔滨理工大学,F11A,机器人工程,,,,,,487,6218,,,,,,487,6218,,,,,,,,,本科,,,,,
8242059,宁夏,本科批,物理,,XC77C51,,哈尔滨理工大学,78FF,机械设计制造及其自动化,,,,,,487,6218,,,,,,487,6218,,,,,,,,,本科,,,,,
8242060,宁夏,本科批,物理,,XC77C51,,哈尔滨理工大学,B9A5,计算机科学与技术,,,,,,494,5525,,,,,,494,5525,,,,,,,,,本科,,,,,
8242061,宁夏,本科批,物理,,XC77C51,,哈尔滨理工大学,A5B7,电气工程及其自动化,,,,,,498,5138,,,,,,498,5138,,,,,,,,,本科,,,,,
8242854,宁夏,本科批,历史,,X1586F7,,东北财经大学,671C,日语,,,,,,513,2442,,,,,,513,2442,,,,,,,,,本科,,,,,
8242855,宁夏,本科批,历史,,X1586F7,,东北财经大学,1049,商务英语,,,,,,534,1523,,,,,,534,1523,,,,,,,,,本科,,,,,
8242856,宁夏,本科批,历史,,X1586F7,,东北财经大学,AC90,行政管理,,,,,,537,1419,,,,,,537,1419,,,,,,,,,本科,,,,,
8242857,宁夏,本科批,历史,,X1586F7,,东北财经大学,9301,新闻传播学类,,,,,,550,999,,,,,,550,999,,,,,,,,,本科,,,,,
8242858,宁夏,本科批,历史,,X1586F7,,东北财经大学,927B,法学,,,,,,556,854,,,,,,556,854,,,,,,,,,本科,,,,,
8242859,宁夏,本科批,历史,,X1586F7,,东北财经大学,25DE,国际经济与贸易,,,,,,559,785,,,,,,559,785,,,,,,,,,本科,,,,,
8242860,宁夏,本科批,历史,,X1586F7,,东北财经大学,42F1,资产评估,,,,,,560,750,,,,,,560,750,,,,,,,,,本科,,,,,
8242861,宁夏,本科批,历史,,X1586F7,,东北财经大学,BE64,会计学（注册会计师方向）,注册会计师方向,,,,,564,686,,,,,,564,686,,,,,,,,,本科,,,,,
8242862,宁夏,本科批,物理,,X1586F7,,东北财经大学,0E6B,管理科学,,,,,,483,6646,,,,,,483,6646,,,,,,,,,本科,,,,,
8242863,宁夏,本科批,物理,,X1586F7,,东北财经大学,16DF,金融工程,,,,,,486,6312,,,,,,486,6312,,,,,,,,,本科,,,,,
8242864,宁夏,本科批,物理,,X1586F7,,东北财经大学,CA9C,财政学类,,,,,,490,5885,,,,,,490,5885,,,,,,,,,本科,,,,,
8242865,宁夏,本科批,物理,,X1586F7,,东北财经大学,42F1,资产评估,,,,,,490,5885,,,,,,490,5885,,,,,,,,,本科,,,,,
8242866,宁夏,本科批,物理,,X1586F7,,东北财经大学,62BF,大数据管理与应用,,,,,,493,5606,,,,,,493,5606,,,,,,,,,本科,,,,,
8242867,宁夏,本科批,物理,,X1586F7,,东北财经大学,76B9,统计学,,,,,,494,5525,,,,,,494,5525,,,,,,,,,本科,,,,,
8242868,宁夏,本科批,物理,,X1586F7,,东北财经大学,D681,信息管理与信息系统,,,,,,495,5424,,,,,,495,5424,,,,,,,,,本科,,,,,
8242869,宁夏,本科批,物理,,X1586F7,,东北财经大学,927B,法学,,,,,,500,4966,,,,,,500,4966,,,,,,,,,本科,,,,,
8242870,宁夏,本科批,物理,,X1586F7,,东北财经大学,C0DA,应用统计学,,,,,,504,4626,,,,,,504,4626,,,,,,,,,本科,,,,,
8242871,宁夏,本科批,物理,,X1586F7,,东北财经大学,BE64,会计学（注册会计师方向）,注册会计师方向,,,,,517,3626,,,,,,517,3626,,,,,,,,,本科,,,,,
8244056,宁夏,本科批,历史,,XD45BF3,,南京审计大学,2234,劳动与社会保障,,,,,,549,1023,,,,,,549,1023,,,,,,,,,本科,,,,,
8244057,宁夏,本科批,历史,,XD45BF3,,南京审计大学,21BA,财政学,,,,,,554,905,,,,,,554,905,,,,,,,,,本科,,,,,
8244058,宁夏,本科批,历史,,XD45BF3,,南京审计大学,5E19,会计学,,,,,,569,583,,,,,,569,583,,,,,,,,,本科,,,,,
8244059,宁夏,本科批,历史,,XD45BF3,,南京审计大学,978C,审计学,,,,,,577,437,,,,,,577,437,,,,,,,,,本科,,,,,
8244060,宁夏,本科批,物理,,XD45BF3,,南京审计大学,CE04,工程审计,,,,,,494,5525,,,,,,494,5525,,,,,,,,,本科,,,,,
8244061,宁夏,本科批,物理,,XD45BF3,,南京审计大学,04A0,工商管理,,,,,,497,5244,,,,,,497,5244,,,,,,,,,本科,,,,,
8244062,宁夏,本科批,物理,,XD45BF3,,南京审计大学,28AD,经济统计学,,,,,,498,5138,,,,,,498,5138,,,,,,,,,本科,,,,,
8244063,宁夏,本科批,物理,,XD45BF3,,南京审计大学,6AB9,经济学,,,,,,502,4806,,,,,,502,4806,,,,,,,,,本科,,,,,
8244064,宁夏,本科批,物理,,XD45BF3,,南京审计大学,0FBC,金融学,,,,,,502,4806,,,,,,502,4806,,,,,,,,,本科,,,,,
8244065,宁夏,本科批,物理,,XD45BF3,,南京审计大学,C19A,人力资源管理,,,,,,506,4475,,,,,,506,4475,,,,,,,,,本科,,,,,
8244066,宁夏,本科批,物理,,XD45BF3,,南京审计大学,FB18,财务管理,,,,,,514,3852,,,,,,514,3852,,,,,,,,,本科,,,,,
8244067,宁夏,本科批,物理,,XD45BF3,,南京审计大学,1D5E,税收学,,,,,,519,3472,,,,,,519,3472,,,,,,,,,本科,,,,,
8244068,宁夏,本科批,物理,,XD45BF3,,南京审计大学,5E19,会计学,,,,,,524,3165,,,,,,524,3165,,,,,,,,,本科,,,,,
8244069,宁夏,本科批,物理,,XD45BF3,,南京审计大学,978C,审计学,,,,,,533,2634,,,,,,533,2634,,,,,,,,,本科,,,,,
8244694,宁夏,本科批,历史,,X1056FF,,武汉工程大学,1C2C,工商管理（数智化人才管理方向）,数智化人才管理方向,,,,,512,2492,,,,,,512,2492,,,,,,,,,本科,,,,,
8244695,宁夏,本科批,历史,,X1056FF,,武汉工程大学,99C2,经济学（大数据金融方向）,大数据金融方向,,,,,517,2242,,,,,,517,2242,,,,,,,,,本科,,,,,
8244696,宁夏,本科批,物理,,X1056FF,,武汉工程大学,ACDE,化学工程与工艺（AI绿色化工、精细化学品，含创新、卓越班）,AI绿色化工、精细化学品，含创新、卓越班,,,,,494,5525,,,,,,494,5525,,,,,,,,,本科,,,,,
8244697,宁夏,本科批,物理,,X1056FF,,武汉工程大学,9C2D,高分子材料与工程（含新能源与功能高分子方向、创新实验班）,含新能源与功能高分子方向、创新实验班,,,,,495,5424,,,,,,495,5424,,,,,,,,,本科,,,,,
8244698,宁夏,本科批,物理,,X1056FF,,武汉工程大学,82E6,计算机类,,,,,,496,5336,,,,,,496,5336,,,,,,,,,本科,,,,,
8244699,宁夏,本科批,物理,,X1056FF,,武汉工程大学,479D,自动化（含智能机器人方向、智能控制与技术方向）,含智能机器人方向、智能控制与技术方向,,,,,498,5138,,,,,,498,5138,,,,,,,,,本科,,,,,
8244700,宁夏,本科批,物理,,X1056FF,,武汉工程大学,81D1,人工智能（深度学习、机器人、智能金融方向）,深度学习、机器人、智能金融方向,,,,,500,4966,,,,,,500,4966,,,,,,,,,本科,,,,,
8245422,宁夏,本科批,历史,,X0A953D,,山东建筑大学,09EE,市场营销,,,,,,485,4225,,,,,,485,4225,,,,,,,,,本科,,,,,
8245423,宁夏,本科批,历史,,X0A953D,,山东建筑大学,5E19,会计学,,,,,,487,4059,,,,,,487,4059,,,,,,,,,本科,,,,,
8245424,宁夏,本科批,历史,,X0A953D,,山东建筑大学,927B,法学,,,,,,491,3781,,,,,,491,3781,,,,,,,,,本科,,,,,
8245425,宁夏,本科批,物理,,X0A953D,,山东建筑大学,FEF6,材料成型及控制工程,,,,,,420,16610,,,,,,420,16610,,,,,,,,,本科,,,,,
8245426,宁夏,本科批,物理,,X0A953D,,山东建筑大学,7E23,环境工程,,,,,,420,16610,,,,,,420,16610,,,,,,,,,本科,,,,,
8245427,宁夏,本科批,物理,,X0A953D,,山东建筑大学,A942,材料科学与工程,,,,,,423,15998,,,,,,423,15998,,,,,,,,,本科,,,,,
8245428,宁夏,本科批,物理,,X0A953D,,山东建筑大学,FA23,地理信息科学,,,,,,423,15998,,,,,,423,15998,,,,,,,,,本科,,,,,
8245429,宁夏,本科批,物理,,X0A953D,,山东建筑大学,D06C,机械工程,,,,,,426,15424,,,,,,426,15424,,,,,,,,,本科,,,,,
8245430,宁夏,本科批,物理,,X0A953D,,山东建筑大学,4ECE,土木工程,,,,,,426,15424,,,,,,426,15424,,,,,,,,,本科,,,,,
8245431,宁夏,本科批,物理,,X0A953D,,山东建筑大学,93E3,电子信息工程,,,,,,431,14482,,,,,,431,14482,,,,,,,,,本科,,,,,
8246154,宁夏,本科批,历史,,X5BB582,,大连大学,CA0F,旅游管理,,,,,,479,4671,,,,,,479,4671,,,,,,,,,本科,,,,,
8246155,宁夏,本科批,物理,,X5BB582,,大连大学,4ECE,土木工程,,,,,,419,16846,,,,,,419,16846,,,,,,,,,本科,,,,,
8246156,宁夏,本科批,物理,,X5BB582,,大连大学,78FF,机械设计制造及其自动化,,,,,,423,15998,,,,,,423,15998,,,,,,,,,本科,,,,,
8246157,宁夏,本科批,物理,,X5BB582,,大连大学,0294,物理学（师范类）,师范类,,,,,424,15793,,,,,,424,15793,,,,,,,,,本科,,,,,
8246855,宁夏,本科批,历史,,XBAC107,,中国药科大学,CD3E,英语（医药方向）,医药方向,,,,,533,1564,,,,,,533,1564,,,,,,,,,本科,,,,,
8246856,宁夏,本科批,历史,,XBAC107,,中国药科大学,8E85,经济管理试验班（医药方向）,医药方向,,,,,540,1318,,,,,,540,1318,,,,,,,,,本科,,,,,
8246857,宁夏,本科批,物理,,XBAC107,,中国药科大学,D378,少数民族预科班（经济管理试验班（医药方向））,经济管理试验班（医药方向,,,,,434,13883,,,,,,434,13883,,,,,,,,,本科,,,,,
8246858,宁夏,本科批,物理,,XBAC107,,中国药科大学,F8D2,少数民族预科班（海洋药学）,海洋药学,,,,,441,12659,,,,,,441,12659,,,,,,,,,本科,,,,,
8246859,宁夏,本科批,物理,,XBAC107,,中国药科大学,97A3,少数民族预科班（中药学类）,中药学类,,,,,450,11095,,,,,,450,11095,,,,,,,,,本科,,,,,
8246860,宁夏,本科批,物理,,XBAC107,,中国药科大学,CCE1,少数民族预科班（化工与制药类）,化工与制药类,,,,,465,8813,,,,,,465,8813,,,,,,,,,本科,,,,,
8246861,宁夏,本科批,物理,,XBAC107,,中国药科大学,6894,海洋药学,,,,,,514,3852,,,,,,514,3852,,,,,,,,,本科,,,,,
8246862,宁夏,本科批,物理,,XBAC107,,中国药科大学,5156,生物医药数据科学,,,,,,514,3852,,,,,,514,3852,,,,,,,,,本科,,,,,
8246863,宁夏,本科批,物理,,XBAC107,,中国药科大学,F89C,生物技术,,,,,,515,3775,,,,,,515,3775,,,,,,,,,本科,,,,,
8246864,宁夏,本科批,物理,,XBAC107,,中国药科大学,1FF0,中药学类,,,,,,516,3695,,,,,,516,3695,,,,,,,,,本科,,,,,
8246865,宁夏,本科批,物理,,XBAC107,,中国药科大学,E7FB,化工与制药类,,,,,,516,3695,,,,,,516,3695,,,,,,,,,本科,,,,,
8246866,宁夏,本科批,物理,,XBAC107,,中国药科大学,26C9,药学类,,,,,,523,3221,,,,,,523,3221,,,,,,,,,本科,,,,,
8246867,宁夏,本科批,物理,,XBAC107,,中国药科大学,B694,生物制药,,,,,,528,2930,,,,,,528,2930,,,,,,,,,本科,,,,,
8246868,宁夏,本科批,物理,,XBAC107,,中国药科大学,F308,药学（拔尖创新班）,拔尖创新班,,,,,563,1342,,,,,,563,1342,,,,,,,,,本科,,,,,
8246869,宁夏,本科批,物理,,XBAC107,,中国药科大学,812C,生物制药（拔尖创新班）,拔尖创新班,,,,,568,1185,,,,,,568,1185,,,,,,,,,本科,,,,,
8247474,宁夏,本科批,历史,,X4FA810,,华东政法大学,D40C,少数民族预科班,,,,,,522,2009,,,,,,522,2009,,,,,,,,,本科,,,,,
8247475,宁夏,本科批,历史,,X4FA810,,华东政法大学,46AC,公共管理类,,,,,,527,1793,,,,,,527,1793,,,,,,,,,本科,,,,,
8247476,宁夏,本科批,历史,,X4FA810,,华东政法大学,68F4,新闻学,,,,,,528,1752,,,,,,528,1752,,,,,,,,,本科,,,,,
8247477,宁夏,本科批,历史,,X4FA810,,华东政法大学,C29F,经济学类,,,,,,531,1630,,,,,,531,1630,,,,,,,,,本科,,,,,
8247478,宁夏,本科批,历史,,X4FA810,,华东政法大学,D243,汉语言文学,,,,,,532,1598,,,,,,532,1598,,,,,,,,,本科,,,,,
8247479,宁夏,本科批,历史,,X4FA810,,华东政法大学,B570,法学（民商法律）,民商法律,,,,,548,1058,,,,,,548,1058,,,,,,,,,本科,,,,,
8247480,宁夏,本科批,历史,,X4FA810,,华东政法大学,FE95,法学（刑事法律）,刑事法律,,,,,557,829,,,,,,557,829,,,,,,,,,本科,,,,,
8247481,宁夏,本科批,历史,,X4FA810,,华东政法大学,A906,法学（经济法）,经济法,,,,,570,560,,,,,,570,560,,,,,,,,,本科,,,,,
8247482,宁夏,本科批,物理,,X4FA810,,华东政法大学,D40C,少数民族预科班,,,,,,436,13513,,,,,,436,13513,,,,,,,,,本科,,,,,
8247483,宁夏,本科批,物理,,X4FA810,,华东政法大学,68F4,新闻学,,,,,,509,4237,,,,,,509,4237,,,,,,,,,本科,,,,,
8247484,宁夏,本科批,物理,,X4FA810,,华东政法大学,46AC,公共管理类,,,,,,514,3852,,,,,,514,3852,,,,,,,,,本科,,,,,
8247485,宁夏,本科批,物理,,X4FA810,,华东政法大学,C29F,经济学类,,,,,,524,3165,,,,,,524,3165,,,,,,,,,本科,,,,,
8247486,宁夏,本科批,物理,,X4FA810,,华东政法大学,FE95,法学（刑事法律）,刑事法律,,,,,562,1380,,,,,,562,1380,,,,,,,,,本科,,,,,
8247487,宁夏,本科批,物理,,X4FA810,,华东政法大学,A906,法学（经济法）,经济法,,,,,572,1056,,,,,,572,1056,,,,,,,,,本科,,,,,
8247488,宁夏,本科批,物理,,X4FA810,,华东政法大学,B570,法学（民商法律）,民商法律,,,,,573,1019,,,,,,573,1019,,,,,,,,,本科,,,,,
8248233,宁夏,本科批,历史,,XE2F623,,天津财经大学,489A,旅游管理类,,,,,,503,3027,,,,,,503,3027,,,,,,,,,本科,,,,,
8248234,宁夏,本科批,历史,,XE2F623,,天津财经大学,FBFE,物流管理,,,,,,507,2792,,,,,,507,2792,,,,,,,,,本科,,,,,
8248235,宁夏,本科批,历史,,XE2F623,,天津财经大学,DB75,广播电视学,,,,,,509,2669,,,,,,509,2669,,,,,,,,,本科,,,,,
8248236,宁夏,本科批,历史,,XE2F623,,天津财经大学,EF7C,工商管理类,,,,,,522,2009,,,,,,522,2009,,,,,,,,,本科,,,,,
8248237,宁夏,本科批,历史,,XE2F623,,天津财经大学,1356,金融学类,,,,,,533,1564,,,,,,533,1564,,,,,,,,,本科,,,,,
8248238,宁夏,本科批,历史,,XE2F623,,天津财经大学,5E19,会计学,,,,,,543,1216,,,,,,543,1216,,,,,,,,,本科,,,,,
8248239,宁夏,本科批,物理,,XE2F623,,天津财经大学,1049,商务英语,,,,,,432,14269,,,,,,432,14269,,,,,,,,,本科,,,,,
8248240,宁夏,本科批,物理,,XE2F623,,天津财经大学,3E25,国际商务,,,,,,432,14269,,,,,,432,14269,,,,,,,,,本科,,,,,
8248241,宁夏,本科批,物理,,XE2F623,,天津财经大学,46AC,公共管理类,,,,,,433,14069,,,,,,433,14069,,,,,,,,,本科,,,,,
8248242,宁夏,本科批,物理,,XE2F623,,天津财经大学,8EF0,管理科学与工程类,,,,,,434,13883,,,,,,434,13883,,,,,,,,,本科,,,,,
8248243,宁夏,本科批,物理,,XE2F623,,天津财经大学,EF7C,工商管理类,,,,,,440,12830,,,,,,440,12830,,,,,,,,,本科,,,,,
8248244,宁夏,本科批,物理,,XE2F623,,天津财经大学,C0DA,应用统计学,,,,,,441,12659,,,,,,441,12659,,,,,,,,,本科,,,,,
8248245,宁夏,本科批,物理,,XE2F623,,天津财经大学,FBFE,物流管理,,,,,,452,10754,,,,,,452,10754,,,,,,,,,本科,,,,,
8248246,宁夏,本科批,物理,,XE2F623,,天津财经大学,3C38,软件工程,,,,,,457,9966,,,,,,457,9966,,,,,,,,,本科,,,,,
8248247,宁夏,本科批,物理,,XE2F623,,天津财经大学,1B86,金融数学,,,,,,475,7574,,,,,,475,7574,,,,,,,,,本科,,,,,
8248248,宁夏,本科批,物理,,XE2F623,,天津财经大学,5E19,会计学,,,,,,476,7457,,,,,,476,7457,,,,,,,,,本科,,,,,
8248249,宁夏,本科批,物理,,XE2F623,,天津财经大学,927B,法学,,,,,,488,6101,,,,,,488,6101,,,,,,,,,本科,,,,,
8248977,宁夏,本科批,历史,,X8B0794,,延边大学,04A0,工商管理,,,,,,537,1419,,,,,,537,1419,,,,,,,,,本科,,,,,
8248978,宁夏,本科批,历史,,X8B0794,,延边大学,927B,法学,,,,,,546,1128,,,,,,546,1128,,,,,,,,,本科,,,,,
8248979,宁夏,本科批,物理,,X8B0794,,延边大学,93E3,电子信息工程,,,,,,439,12985,,,,,,439,12985,,,,,,,,,本科,,,,,
8248980,宁夏,本科批,物理,,X8B0794,,延边大学,04A0,工商管理,,,,,,440,12830,,,,,,440,12830,,,,,,,,,本科,,,,,
8248981,宁夏,本科批,物理,,X8B0794,,延边大学,78FF,机械设计制造及其自动化,,,,,,441,12659,,,,,,441,12659,,,,,,,,,本科,,,,,
8248982,宁夏,本科批,物理,,X8B0794,,延边大学,F068,人工智能,,,,,,480,6986,,,,,,480,6986,,,,,,,,,本科,,,,,
8248983,宁夏,本科批,物理,,X8B0794,,延边大学,97D0,临床医学,,,,,,487,6218,,,,,,487,6218,,,,,,,,,本科,,,,,
8249714,宁夏,本科批,历史,,X4F2BF2,,南方医科大学,4BF3,护理学,,,,,,523,1956,,,,,,523,1956,,,,,,,,,本科,,,,,
8249715,宁夏,本科批,历史,,X4F2BF2,,南方医科大学,03FE,中医学,,,,,,537,1419,,,,,,537,1419,,,,,,,,,本科,,,,,
8249716,宁夏,本科批,历史,,X4F2BF2,,南方医科大学,0492,护理学（卓越班）,卓越班,,,,,537,1419,,,,,,537,1419,,,,,,,,,本科,,,,,
8249717,宁夏,本科批,物理,,X4F2BF2,,南方医科大学,BE91,医学检验技术,,,,,,519,3472,,,,,,519,3472,,,,,,,,,本科,,,,,
8249718,宁夏,本科批,物理,,X4F2BF2,,南方医科大学,03FE,中医学,,,,,,531,2751,,,,,,531,2751,,,,,,,,,本科,,,,,
8249719,宁夏,本科批,物理,,X4F2BF2,,南方医科大学,817D,康复治疗学,,,,,,536,2489,,,,,,536,2489,,,,,,,,,本科,,,,,
8249720,宁夏,本科批,物理,,X4F2BF2,,南方医科大学,97D0,临床医学,,,,,,551,1807,,,,,,551,1807,,,,,,,,,本科,,,,,
8249721,宁夏,本科批,物理,,X4F2BF2,,南方医科大学,7FA4,临床医学（本博连读）,本博连读,,,,,561,1417,,,,,,561,1417,,,,,,,,,本科,,,,,
8250308,宁夏,本科批,物理,,XFFCDB8,,浙江工业大学,ABA8,环境科学与工程类,,,,,,495,5424,,,,,,495,5424,,,,,,,,,本科,,,,,
8250309,宁夏,本科批,物理,,XFFCDB8,,浙江工业大学,3615,机械类,,,,,,498,5138,,,,,,498,5138,,,,,,,,,本科,,,,,
8250880,宁夏,本科批,物理,,X240725,,天津医科大学,9B17,生物信息学,,,,,,518,3555,,,,,,518,3555,,,,,,,,,本科,,,,,
8250881,宁夏,本科批,物理,,X240725,,天津医科大学,FFE8,生物医学工程,,,,,,521,3349,,,,,,521,3349,,,,,,,,,本科,,,,,
8250882,宁夏,本科批,物理,,X240725,,天津医科大学,B786,医学技术类,,,,,,526,3056,,,,,,526,3056,,,,,,,,,本科,,,,,
8250883,宁夏,本科批,物理,,X240725,,天津医科大学,26C9,药学类,,,,,,528,2930,,,,,,528,2930,,,,,,,,,本科,,,,,
8250884,宁夏,本科批,物理,,X240725,,天津医科大学,97D0,临床医学,,,,,,529,2869,,,,,,529,2869,,,,,,,,,本科,,,,,
8250885,宁夏,本科批,物理,,X240725,,天津医科大学,A39E,预防医学,,,,,,537,2437,,,,,,537,2437,,,,,,,,,本科,,,,,
8250886,宁夏,本科批,物理,,X240725,,天津医科大学,44E9,口腔医学（5+3一体化）,5+3一体化,,,,,544,2097,,,,,,544,2097,,,,,,,,,本科,,,,,
8250887,宁夏,本科批,物理,,X240725,,天津医科大学,A4EA,临床医学（5+3一体化）,5+3一体化,,,,,590,621,,,,,,590,621,,,,,,,,,本科,,,,,
8251533,宁夏,本科批,历史,,X903385,,上海海事大学,C29F,经济学类,,,,,,549,1023,,,,,,549,1023,,,,,,,,,本科,,,,,
8251534,宁夏,本科批,历史,,X903385,,上海海事大学,EE59,交通管理（国航）,国航,,,,,554,905,,,,,,554,905,,,,,,,,,本科,,,,,
8251535,宁夏,本科批,历史,,X903385,,上海海事大学,0BD7,法学（海商法）,海商法,,,,,558,807,,,,,,558,807,,,,,,,,,本科,,,,,
8251536,宁夏,本科批,物理,,X903385,,上海海事大学,A5D2,测控技术与仪器,,,,,,480,6986,,,,,,480,6986,,,,,,,,,本科,,,,,
8251537,宁夏,本科批,物理,,X903385,,上海海事大学,C7AE,交通工程,,,,,,480,6986,,,,,,480,6986,,,,,,,,,本科,,,,,
8251538,宁夏,本科批,物理,,X903385,,上海海事大学,3557,能源与动力工程,,,,,,481,6851,,,,,,481,6851,,,,,,,,,本科,,,,,
8251539,宁夏,本科批,物理,,X903385,,上海海事大学,78FF,机械设计制造及其自动化,,,,,,482,6750,,,,,,482,6750,,,,,,,,,本科,,,,,
8251540,宁夏,本科批,物理,,X903385,,上海海事大学,F068,人工智能,,,,,,484,6535,,,,,,484,6535,,,,,,,,,本科,,,,,
8251541,宁夏,本科批,物理,,X903385,,上海海事大学,8EA2,机械电子工程,,,,,,485,6416,,,,,,485,6416,,,,,,,,,本科,,,,,
8251542,宁夏,本科批,物理,,X903385,,上海海事大学,6995,网络工程,,,,,,485,6416,,,,,,485,6416,,,,,,,,,本科,,,,,
8251543,宁夏,本科批,物理,,X903385,,上海海事大学,4C65,自动化,,,,,,486,6312,,,,,,486,6312,,,,,,,,,本科,,,,,
8251544,宁夏,本科批,物理,,X903385,,上海海事大学,F55B,交通运输,,,,,,489,5993,,,,,,489,5993,,,,,,,,,本科,,,,,
8251545,宁夏,本科批,物理,,X903385,,上海海事大学,A5B7,电气工程及其自动化,,,,,,490,5885,,,,,,490,5885,,,,,,,,,本科,,,,,
8251546,宁夏,本科批,物理,,X903385,,上海海事大学,B9A5,计算机科学与技术,,,,,,490,5885,,,,,,490,5885,,,,,,,,,本科,,,,,
8251547,宁夏,本科批,物理,,X903385,,上海海事大学,EE59,交通管理（国航）,国航,,,,,491,5800,,,,,,491,5800,,,,,,,,,本科,,,,,
8251706,宁夏,本科批,物理,,X8EC9CC,,河南医药大学,57E6,医学影像学,,,,,,458,9834,,,,,,458,9834,,,,,,,,,本科,,,,,
8251707,宁夏,本科批,物理,,X8EC9CC,,河南医药大学,A5C6,麻醉学,,,,,,459,9681,,,,,,459,9681,,,,,,,,,本科,,,,,
8251708,宁夏,本科批,物理,,X8EC9CC,,河南医药大学,97D0,临床医学,,,,,,469,8304,,,,,,469,8304,,,,,,,,,本科,,,,,
8252243,宁夏,本科批,历史,,XAC787B,,青岛农业大学,5077,朝鲜语,,,,,,453,6935,,,,,,453,6935,,,,,,,,,本科,,,,,
8252244,宁夏,本科批,历史,,XAC787B,,青岛农业大学,4145,英语,,,,,,475,4975,,,,,,475,4975,,,,,,,,,本科,,,,,
8252245,宁夏,本科批,物理,,XAC787B,,青岛农业大学,4ECE,土木工程,,,,,,419,16846,,,,,,419,16846,,,,,,,,,本科,,,,,
8252246,宁夏,本科批,物理,,XAC787B,,青岛农业大学,8189,环境生态工程,,,,,,419,16846,,,,,,419,16846,,,,,,,,,本科,,,,,
8252247,宁夏,本科批,物理,,XAC787B,,青岛农业大学,7E23,环境工程,,,,,,420,16610,,,,,,420,16610,,,,,,,,,本科,,,,,
8252248,宁夏,本科批,物理,,XAC787B,,青岛农业大学,EC59,食品质量与安全（含创新实验班30人）,含创新实验班30人,,,,,421,16413,,,,,,421,16413,,,,,,,,,本科,,,,,
8252249,宁夏,本科批,物理,,XAC787B,,青岛农业大学,6D02,动物科学（含创新实验班30人）,含创新实验班30人,,,,,421,16413,,,,,,421,16413,,,,,,,,,本科,,,,,
8252250,宁夏,本科批,物理,,XAC787B,,青岛农业大学,5FC4,环境科学,,,,,,422,16199,,,,,,422,16199,,,,,,,,,本科,,,,,
8252251,宁夏,本科批,物理,,XAC787B,,青岛农业大学,844B,植物保护（含创新实验班30人）,含创新实验班30人,,,,,422,16199,,,,,,422,16199,,,,,,,,,本科,,,,,
8252252,宁夏,本科批,物理,,XAC787B,,青岛农业大学,B9A5,计算机科学与技术,,,,,,423,15998,,,,,,423,15998,,,,,,,,,本科,,,,,
8252253,宁夏,本科批,物理,,XAC787B,,青岛农业大学,DC67,园艺（含创新实验班30人）,含创新实验班30人,,,,,424,15793,,,,,,424,15793,,,,,,,,,本科,,,,,
8252254,宁夏,本科批,物理,,XAC787B,,青岛农业大学,67E2,林学,,,,,,425,15604,,,,,,425,15604,,,,,,,,,本科,,,,,
8252255,宁夏,本科批,物理,,XAC787B,,青岛农业大学,4963,农学（含创新实验班30人）,含创新实验班30人,,,,,426,15424,,,,,,426,15424,,,,,,,,,本科,,,,,
8252256,宁夏,本科批,物理,,XAC787B,,青岛农业大学,35E5,动物医学（含创新实验班30人）,含创新实验班30人,,,,,437,13337,,,,,,437,13337,,,,,,,,,本科,,,,,
8252841,宁夏,本科批,历史,,X7F4568,,浙江师范大学,8B36,翻译,,,,,,503,3027,,,,,,503,3027,,,,,,,,,本科,,,,,
8252842,宁夏,本科批,历史,,X7F4568,,浙江师范大学,E6CB,社会工作,,,,,,504,2973,,,,,,504,2973,,,,,,,,,本科,,,,,
8252843,宁夏,本科批,历史,,X7F4568,,浙江师范大学,5925,非物质文化遗产保护,,,,,,509,2669,,,,,,509,2669,,,,,,,,,本科,,,,,
8252844,宁夏,本科批,历史,,X7F4568,,浙江师范大学,BB6B,英语（师范）,师范,,,,,517,2242,,,,,,517,2242,,,,,,,,,本科,,,,,
8252845,宁夏,本科批,历史,,X7F4568,,浙江师范大学,EF7C,工商管理类,,,,,,517,2242,,,,,,517,2242,,,,,,,,,本科,,,,,
8252846,宁夏,本科批,历史,,X7F4568,,浙江师范大学,0A1A,小学教育（师范）,师范,,,,,520,2090,,,,,,520,2090,,,,,,,,,本科,,,,,
8252847,宁夏,本科批,历史,,X7F4568,,浙江师范大学,B53C,汉语言文学（师范）,师范,,,,,550,999,,,,,,550,999,,,,,,,,,本科,,,,,
8252848,宁夏,本科批,物理,,X7F4568,,浙江师范大学,EF7C,工商管理类,,,,,,434,13883,,,,,,434,13883,,,,,,,,,本科,,,,,
8252849,宁夏,本科批,物理,,X7F4568,,浙江师范大学,E9A7,环境科学与工程,,,,,,434,13883,,,,,,434,13883,,,,,,,,,本科,,,,,
8252850,宁夏,本科批,物理,,X7F4568,,浙江师范大学,82E6,计算机类,,,,,,435,13689,,,,,,435,13689,,,,,,,,,本科,,,,,
8252851,宁夏,本科批,物理,,X7F4568,,浙江师范大学,FB3B,经济与贸易类,,,,,,440,12830,,,,,,440,12830,,,,,,,,,本科,,,,,
8252852,宁夏,本科批,物理,,X7F4568,,浙江师范大学,6243,应用心理学（师范）,师范,,,,,443,12278,,,,,,443,12278,,,,,,,,,本科,,,,,
8252853,宁夏,本科批,物理,,X7F4568,,浙江师范大学,0A1A,小学教育（师范）,师范,,,,,445,11992,,,,,,445,11992,,,,,,,,,本科,,,,,
8252854,宁夏,本科批,物理,,X7F4568,,浙江师范大学,B53C,汉语言文学（师范）,师范,,,,,455,10282,,,,,,455,10282,,,,,,,,,本科,,,,,
8253585,宁夏,本科批,物理,,XC0672E,,安徽理工大学,4ECE,土木工程,,,,,,434,13883,,,,,,434,13883,,,,,,,,,本科,,,,,
8253586,宁夏,本科批,物理,,XC0672E,,安徽理工大学,38C2,地质工程,,,,,,434,13883,,,,,,434,13883,,,,,,,,,本科,,,,,
8253587,宁夏,本科批,物理,,XC0672E,,安徽理工大学,BE91,医学检验技术,,,,,,453,10598,,,,,,453,10598,,,,,,,,,本科,,,,,
8253588,宁夏,本科批,物理,,XC0672E,,安徽理工大学,78E0,矿物加工工程,,,,,,453,10598,,,,,,453,10598,,,,,,,,,本科,,,,,
8253589,宁夏,本科批,物理,,XC0672E,,安徽理工大学,0FBC,金融学,,,,,,454,10448,,,,,,454,10448,,,,,,,,,本科,,,,,
8253590,宁夏,本科批,物理,,XC0672E,,安徽理工大学,A5C9,建筑学,,,,,,454,10448,,,,,,454,10448,,,,,,,,,本科,,,,,
8253591,宁夏,本科批,物理,,XC0672E,,安徽理工大学,3947,智能采矿工程,,,,,,454,10448,,,,,,454,10448,,,,,,,,,本科,,,,,
8253592,宁夏,本科批,物理,,XC0672E,,安徽理工大学,A39E,预防医学,,,,,,454,10448,,,,,,454,10448,,,,,,,,,本科,,,,,
8253593,宁夏,本科批,物理,,XC0672E,,安徽理工大学,7E23,环境工程,,,,,,454,10448,,,,,,454,10448,,,,,,,,,本科,,,,,
8253594,宁夏,本科批,物理,,XC0672E,,安徽理工大学,B5E9,无机非金属材料工程,,,,,,455,10282,,,,,,455,10282,,,,,,,,,本科,,,,,
8253595,宁夏,本科批,物理,,XC0672E,,安徽理工大学,6420,过程装备与控制工程,,,,,,455,10282,,,,,,455,10282,,,,,,,,,本科,,,,,
8253596,宁夏,本科批,物理,,XC0672E,,安徽理工大学,D6ED,化学工程与工艺,,,,,,455,10282,,,,,,455,10282,,,,,,,,,本科,,,,,
8253597,宁夏,本科批,物理,,XC0672E,,安徽理工大学,10A0,药学,,,,,,458,9834,,,,,,458,9834,,,,,,,,,本科,,,,,
8253598,宁夏,本科批,物理,,XC0672E,,安徽理工大学,26A7,车辆工程,,,,,,458,9834,,,,,,458,9834,,,,,,,,,本科,,,,,
8253599,宁夏,本科批,物理,,XC0672E,,安徽理工大学,A86C,遥感科学与技术,,,,,,459,9681,,,,,,459,9681,,,,,,,,,本科,,,,,
8253600,宁夏,本科批,物理,,XC0672E,,安徽理工大学,A2E0,测绘工程,,,,,,459,9681,,,,,,459,9681,,,,,,,,,本科,,,,,
8253601,宁夏,本科批,物理,,XC0672E,,安徽理工大学,A5D2,测控技术与仪器,,,,,,459,9681,,,,,,459,9681,,,,,,,,,本科,,,,,
8253602,宁夏,本科批,物理,,XC0672E,,安徽理工大学,F620,安全工程,,,,,,459,9681,,,,,,459,9681,,,,,,,,,本科,,,,,
8253603,宁夏,本科批,物理,,XC0672E,,安徽理工大学,C0DA,应用统计学,,,,,,460,9530,,,,,,460,9530,,,,,,,,,本科,,,,,
8253604,宁夏,本科批,物理,,XC0672E,,安徽理工大学,F11A,机器人工程,,,,,,461,9388,,,,,,461,9388,,,,,,,,,本科,,,,,
8254146,宁夏,本科批,历史,,X17FCAA,,湖北工业大学,1049,商务英语,,,,,,501,3138,,,,,,501,3138,,,,,,,,,本科,,,,,
8254147,宁夏,本科批,历史,,X17FCAA,,湖北工业大学,AC90,行政管理,,,,,,505,2906,,,,,,505,2906,,,,,,,,,本科,,,,,
8254148,宁夏,本科批,历史,,X17FCAA,,湖北工业大学,0FBC,金融学,,,,,,509,2669,,,,,,509,2669,,,,,,,,,本科,,,,,
8254149,宁夏,本科批,物理,,X17FCAA,,湖北工业大学,A5C9,建筑学,,,,,,433,14069,,,,,,433,14069,,,,,,,,,本科,,,,,
8254150,宁夏,本科批,物理,,X17FCAA,,湖北工业大学,0FBC,金融学,,,,,,439,12985,,,,,,439,12985,,,,,,,,,本科,,,,,
8254151,宁夏,本科批,物理,,X17FCAA,,湖北工业大学,8020,电子商务（商务大数据分析）,商务大数据分析,,,,,442,12470,,,,,,442,12470,,,,,,,,,本科,,,,,
8254152,宁夏,本科批,物理,,X17FCAA,,湖北工业大学,548C,信息与计算科学,,,,,,450,11095,,,,,,450,11095,,,,,,,,,本科,,,,,
8255242,宁夏,本科批,历史,,X84783C,,江西理工大学,A615,汉语国际教育,,,,,,518,2196,,,,,,518,2196,,,,,,,,,本科,,,,,
8255243,宁夏,本科批,历史,,X84783C,,江西理工大学,927B,法学,,,,,,520,2090,,,,,,520,2090,,,,,,,,,本科,,,,,
8255244,宁夏,本科批,物理,,X84783C,,江西理工大学,04A0,工商管理,,,,,,433,14069,,,,,,433,14069,,,,,,,,,本科,,,,,
8255245,宁夏,本科批,物理,,X84783C,,江西理工大学,25DE,国际经济与贸易,,,,,,433,14069,,,,,,433,14069,,,,,,,,,本科,,,,,
8255246,宁夏,本科批,物理,,X84783C,,江西理工大学,6A3A,建筑环境与能源应用工程,,,,,,434,13883,,,,,,434,13883,,,,,,,,,本科,,,,,
8255247,宁夏,本科批,物理,,X84783C,,江西理工大学,262E,金属材料工程,,,,,,434,13883,,,,,,434,13883,,,,,,,,,本科,,,,,
8255248,宁夏,本科批,物理,,X84783C,,江西理工大学,1C92,数字经济,,,,,,436,13513,,,,,,436,13513,,,,,,,,,本科,,,,,
8255249,宁夏,本科批,物理,,X84783C,,江西理工大学,FA23,地理信息科学,,,,,,436,13513,,,,,,436,13513,,,,,,,,,本科,,,,,
8255250,宁夏,本科批,物理,,X84783C,,江西理工大学,371D,工程造价,,,,,,437,13337,,,,,,437,13337,,,,,,,,,本科,,,,,
8255251,宁夏,本科批,物理,,X84783C,,江西理工大学,4ECE,土木工程,,,,,,438,13162,,,,,,438,13162,,,,,,,,,本科,,,,,
8255252,宁夏,本科批,物理,,X84783C,,江西理工大学,78E0,矿物加工工程,,,,,,439,12985,,,,,,439,12985,,,,,,,,,本科,,,,,
8255253,宁夏,本科批,物理,,X84783C,,江西理工大学,2B47,智能建造,,,,,,440,12830,,,,,,440,12830,,,,,,,,,本科,,,,,
8255254,宁夏,本科批,物理,,X84783C,,江西理工大学,4D44,给排水科学与工程,,,,,,440,12830,,,,,,440,12830,,,,,,,,,本科,,,,,
8255255,宁夏,本科批,物理,,X84783C,,江西理工大学,A2E0,测绘工程,,,,,,440,12830,,,,,,440,12830,,,,,,,,,本科,,,,,
8255256,宁夏,本科批,物理,,X84783C,,江西理工大学,CA67,采矿工程,,,,,,441,12659,,,,,,441,12659,,,,,,,,,本科,,,,,
8255257,宁夏,本科批,物理,,X84783C,,江西理工大学,38C2,地质工程,,,,,,443,12278,,,,,,443,12278,,,,,,,,,本科,,,,,
8255258,宁夏,本科批,物理,,X84783C,,江西理工大学,A942,材料科学与工程,,,,,,444,12141,,,,,,444,12141,,,,,,,,,本科,,,,,
8255259,宁夏,本科批,物理,,X84783C,,江西理工大学,F620,安全工程,,,,,,445,11992,,,,,,445,11992,,,,,,,,,本科,,,,,
8255260,宁夏,本科批,物理,,X84783C,,江西理工大学,3170,冶金工程,,,,,,452,10754,,,,,,452,10754,,,,,,,,,本科,,,,,
8255261,宁夏,本科批,物理,,X84783C,,江西理工大学,927B,法学,,,,,,454,10448,,,,,,454,10448,,,,,,,,,本科,,,,,
8255262,宁夏,本科批,物理,,X84783C,,江西理工大学,F068,人工智能,,,,,,458,9834,,,,,,458,9834,,,,,,,,,本科,,,,,
8255263,宁夏,本科批,物理,,X84783C,,江西理工大学,B001,信息安全,,,,,,459,9681,,,,,,459,9681,,,,,,,,,本科,,,,,
8256144,宁夏,本科批,历史,,XE9E1EE,,江西师范大学,108F,学前教育,,,,,,496,3451,,,,,,496,3451,,,,,,,,,本科,,,,,
8256145,宁夏,本科批,历史,,XE9E1EE,,江西师范大学,CB22,城乡规划,,,,,,502,3081,,,,,,502,3081,,,,,,,,,本科,,,,,
8256146,宁夏,本科批,历史,,XE9E1EE,,江西师范大学,A5C9,建筑学,,,,,,515,2358,,,,,,515,2358,,,,,,,,,本科,,,,,
8256147,宁夏,本科批,历史,,XE9E1EE,,江西师范大学,0FBC,金融学,,,,,,515,2358,,,,,,515,2358,,,,,,,,,本科,,,,,
8256148,宁夏,本科批,历史,,XE9E1EE,,江西师范大学,8BD2,旅游管理（数智健康文旅）,数智健康文旅,,,,,516,2309,,,,,,516,2309,,,,,,,,,本科,,,,,
8256149,宁夏,本科批,历史,,XE9E1EE,,江西师范大学,ECA5,日语（日英双语）,日英双语,,,,,516,2309,,,,,,516,2309,,,,,,,,,本科,,,,,
8256150,宁夏,本科批,历史,,XE9E1EE,,江西师范大学,11E3,心理学类,,,,,,517,2242,,,,,,517,2242,,,,,,,,,本科,,,,,
8256151,宁夏,本科批,历史,,XE9E1EE,,江西师范大学,9301,新闻传播学类,,,,,,518,2196,,,,,,518,2196,,,,,,,,,本科,,,,,
8256152,宁夏,本科批,历史,,XE9E1EE,,江西师范大学,58C8,文化产业管理（文化策划与管理）,文化策划与管理,,,,,518,2196,,,,,,518,2196,,,,,,,,,本科,,,,,
8256153,宁夏,本科批,历史,,XE9E1EE,,江西师范大学,090D,公共事业管理,,,,,,518,2196,,,,,,518,2196,,,,,,,,,本科,,,,,
8256154,宁夏,本科批,历史,,XE9E1EE,,江西师范大学,C88A,工商管理（财税管理）,财税管理,,,,,522,2009,,,,,,522,2009,,,,,,,,,本科,,,,,
8256155,宁夏,本科批,历史,,XE9E1EE,,江西师范大学,FCDA,社会工作（城乡治理）,城乡治理,,,,,524,1911,,,,,,524,1911,,,,,,,,,本科,,,,,
8256156,宁夏,本科批,历史,,XE9E1EE,,江西师范大学,4843,国际经济与贸易（数字贸易）,数字贸易,,,,,526,1831,,,,,,526,1831,,,,,,,,,本科,,,,,
8256157,宁夏,本科批,历史,,XE9E1EE,,江西师范大学,A615,汉语国际教育,,,,,,526,1831,,,,,,526,1831,,,,,,,,,本科,,,,,
8256158,宁夏,本科批,历史,,XE9E1EE,,江西师范大学,DCEF,小学教育,,,,,,526,1831,,,,,,526,1831,,,,,,,,,本科,,,,,
8256159,宁夏,本科批,历史,,XE9E1EE,,江西师范大学,4145,英语,,,,,,526,1831,,,,,,526,1831,,,,,,,,,本科,,,,,
8256160,宁夏,本科批,历史,,XE9E1EE,,江西师范大学,E118,地理科学类,,,,,,527,1793,,,,,,527,1793,,,,,,,,,本科,,,,,
8256161,宁夏,本科批,历史,,XE9E1EE,,江西师范大学,6240,历史学类,,,,,,530,1676,,,,,,530,1676,,,,,,,,,本科,,,,,
8256162,宁夏,本科批,历史,,XE9E1EE,,江西师范大学,927B,法学,,,,,,534,1523,,,,,,534,1523,,,,,,,,,本科,,,,,
8256163,宁夏,本科批,历史,,XE9E1EE,,江西师范大学,51C8,思想政治教育,,,,,,546,1128,,,,,,546,1128,,,,,,,,,本科,,,,,
8256164,宁夏,本科批,物理,,XE9E1EE,,江西师范大学,6AB9,经济学,,,,,,442,12470,,,,,,442,12470,,,,,,,,,本科,,,,,
8256165,宁夏,本科批,物理,,XE9E1EE,,江西师范大学,BE4C,计算机科学与技术（非师范）,非师范,,,,,444,12141,,,,,,444,12141,,,,,,,,,本科,,,,,
8256166,宁夏,本科批,物理,,XE9E1EE,,江西师范大学,11E3,心理学类,,,,,,445,11992,,,,,,445,11992,,,,,,,,,本科,,,,,
8256167,宁夏,本科批,物理,,XE9E1EE,,江西师范大学,957C,化学工程与工艺（智能化工）,智能化工,,,,,446,11823,,,,,,446,11823,,,,,,,,,本科,,,,,
8256168,宁夏,本科批,物理,,XE9E1EE,,江西师范大学,802A,物理学,,,,,,448,11446,,,,,,448,11446,,,,,,,,,本科,,,,,
8256169,宁夏,本科批,物理,,XE9E1EE,,江西师范大学,0FBC,金融学,,,,,,448,11446,,,,,,448,11446,,,,,,,,,本科,,,,,
8256170,宁夏,本科批,物理,,XE9E1EE,,江西师范大学,74E7,教育技术学,,,,,,449,11257,,,,,,449,11257,,,,,,,,,本科,,,,,
8256171,宁夏,本科批,物理,,XE9E1EE,,江西师范大学,861C,电子信息类,,,,,,450,11095,,,,,,450,11095,,,,,,,,,本科,,,,,
8256172,宁夏,本科批,物理,,XE9E1EE,,江西师范大学,5E19,会计学,,,,,,450,11095,,,,,,450,11095,,,,,,,,,本科,,,,,
8256173,宁夏,本科批,物理,,XE9E1EE,,江西师范大学,4718,数据科学与大数据技术,,,,,,454,10448,,,,,,454,10448,,,,,,,,,本科,,,,,
8256174,宁夏,本科批,物理,,XE9E1EE,,江西师范大学,76B9,统计学,,,,,,456,10121,,,,,,456,10121,,,,,,,,,本科,,,,,
8256175,宁夏,本科批,物理,,XE9E1EE,,江西师范大学,0541,生物科学,,,,,,456,10121,,,,,,456,10121,,,,,,,,,本科,,,,,
8256176,宁夏,本科批,物理,,XE9E1EE,,江西师范大学,E118,地理科学类,,,,,,457,9966,,,,,,457,9966,,,,,,,,,本科,,,,,
8256177,宁夏,本科批,物理,,XE9E1EE,,江西师范大学,DCEF,小学教育,,,,,,459,9681,,,,,,459,9681,,,,,,,,,本科,,,,,
8256178,宁夏,本科批,物理,,XE9E1EE,,江西师范大学,F068,人工智能,,,,,,460,9530,,,,,,460,9530,,,,,,,,,本科,,,,,
8256179,宁夏,本科批,物理,,XE9E1EE,,江西师范大学,6954,化学类,,,,,,463,9101,,,,,,463,9101,,,,,,,,,本科,,,,,
8256180,宁夏,本科批,物理,,XE9E1EE,,江西师范大学,25FE,数学与应用数学,,,,,,474,7703,,,,,,474,7703,,,,,,,,,本科,,,,,
8256181,宁夏,本科批,物理,,XE9E1EE,,江西师范大学,ECB5,计算机科学与技术（师范）,师范,,,,,480,6986,,,,,,480,6986,,,,,,,,,本科,,,,,
8256628,宁夏,本科批,历史,,X0587AD,,北京联合大学,927B,法学,,,,,,506,2854,,,,,,506,2854,,,,,,,,,本科,,,,,
8256629,宁夏,本科批,物理,,X0587AD,,北京联合大学,C19A,人力资源管理,,,,,,421,16413,,,,,,421,16413,,,,,,,,,本科,,,,,
8257517,宁夏,本科批,物理,,XCE1D99,,南京农业大学,EE2F,环境科学与工程类（国家专项计划）,国家专项计划,,,,,475,7574,,,,,,475,7574,,,,,,,,,本科,,,,,
8257518,宁夏,本科批,物理,,XCE1D99,,南京农业大学,BCD1,机械类（国家专项计划）,国家专项计划,,,,,478,7235,,,,,,478,7235,,,,,,,,,本科,,,,,
8257519,宁夏,本科批,物理,,XCE1D99,,南京农业大学,4A2C,物流工程,,,,,,492,5700,,,,,,492,5700,,,,,,,,,本科,,,,,
8257520,宁夏,本科批,物理,,XCE1D99,,南京农业大学,46AC,公共管理类,,,,,,493,5606,,,,,,493,5606,,,,,,,,,本科,,,,,
8257521,宁夏,本科批,物理,,XCE1D99,,南京农业大学,879E,信息资源管理,,,,,,494,5525,,,,,,494,5525,,,,,,,,,本科,,,,,
8257522,宁夏,本科批,物理,,XCE1D99,,南京农业大学,ABA8,环境科学与工程类,,,,,,496,5336,,,,,,496,5336,,,,,,,,,本科,,,,,
8257523,宁夏,本科批,物理,,XCE1D99,,南京农业大学,99EA,动物科学,,,,,,497,5244,,,,,,497,5244,,,,,,,,,本科,,,,,
8257524,宁夏,本科批,物理,,XCE1D99,,南京农业大学,5257,工业工程,,,,,,498,5138,,,,,,498,5138,,,,,,,,,本科,,,,,
8257525,宁夏,本科批,物理,,XCE1D99,,南京农业大学,6E5A,园林,,,,,,498,5138,,,,,,498,5138,,,,,,,,,本科,,,,,
8257526,宁夏,本科批,物理,,XCE1D99,,南京农业大学,D681,信息管理与信息系统,,,,,,500,4966,,,,,,500,4966,,,,,,,,,本科,,,,,
8257527,宁夏,本科批,物理,,XCE1D99,,南京农业大学,3615,机械类,,,,,,501,4879,,,,,,501,4879,,,,,,,,,本科,,,,,
8257528,宁夏,本科批,物理,,XCE1D99,,南京农业大学,4718,数据科学与大数据技术,,,,,,503,4724,,,,,,503,4724,,,,,,,,,本科,,,,,
8257529,宁夏,本科批,物理,,XCE1D99,,南京农业大学,D335,种子科学与工程,,,,,,504,4626,,,,,,504,4626,,,,,,,,,本科,,,,,
8257530,宁夏,本科批,物理,,XCE1D99,,南京农业大学,C5CB,园艺,,,,,,504,4626,,,,,,504,4626,,,,,,,,,本科,,,,,
8257531,宁夏,本科批,物理,,XCE1D99,,南京农业大学,2638,植物保护,,,,,,513,3942,,,,,,513,3942,,,,,,,,,本科,,,,,
8257532,宁夏,本科批,物理,,XCE1D99,,南京农业大学,861C,电子信息类,,,,,,517,3626,,,,,,517,3626,,,,,,,,,本科,,,,,
8258455,宁夏,本科批,物理,,X055D31,,山西大学,3557,能源与动力工程,,,,,,497,5244,,,,,,497,5244,,,,,,,,,本科,,,,,
8258456,宁夏,本科批,物理,,X055D31,,山西大学,4C65,自动化,,,,,,500,4966,,,,,,500,4966,,,,,,,,,本科,,,,,
8258457,宁夏,本科批,物理,,X055D31,,山西大学,A5B7,电气工程及其自动化,,,,,,502,4806,,,,,,502,4806,,,,,,,,,本科,,,,,
8259455,宁夏,本科批,历史,,XB2C25C,,哈尔滨师范大学,52B6,秘书学,,,,,,481,4503,,,,,,481,4503,,,,,,,,,本科,,,,,
8259456,宁夏,本科批,历史,,XB2C25C,,哈尔滨师范大学,6AB9,经济学,,,,,,482,4429,,,,,,482,4429,,,,,,,,,本科,,,,,
8259457,宁夏,本科批,物理,,XB2C25C,,哈尔滨师范大学,7D22,材料化学,,,,,,384,24299,,,,,,384,24299,,,,,,,,,本科,,,,,
8259458,宁夏,本科批,物理,,XB2C25C,,哈尔滨师范大学,FA23,地理信息科学,,,,,,388,23423,,,,,,388,23423,,,,,,,,,本科,,,,,
8259459,宁夏,本科批,物理,,XB2C25C,,哈尔滨师范大学,DB75,广播电视学,,,,,,390,22976,,,,,,390,22976,,,,,,,,,本科,,,,,
8259460,宁夏,本科批,物理,,XB2C25C,,哈尔滨师范大学,6AB9,经济学,,,,,,419,16846,,,,,,419,16846,,,,,,,,,本科,,,,,
8260313,宁夏,本科批,历史,,XD8396A,,湖南工业大学,7DEA,少数民族预科班（少数民族预科班）,少数民族预科班,,,,,493,3637,,,,,,493,3637,,,,,,,,,本科,,,,,
8260314,宁夏,本科批,历史,,XD8396A,,湖南工业大学,EF7C,工商管理类,,,,,,513,2442,,,,,,513,2442,,,,,,,,,本科,,,,,
8260315,宁夏,本科批,历史,,XD8396A,,湖南工业大学,927B,法学,,,,,,518,2196,,,,,,518,2196,,,,,,,,,本科,,,,,
8260316,宁夏,本科批,物理,,XD8396A,,湖南工业大学,7DEA,少数民族预科班（少数民族预科班）,少数民族预科班,,,,,427,15234,,,,,,427,15234,,,,,,,,,本科,,,,,
8260317,宁夏,本科批,物理,,XD8396A,,湖南工业大学,8189,环境生态工程,,,,,,433,14069,,,,,,433,14069,,,,,,,,,本科,,,,,
8260318,宁夏,本科批,物理,,XD8396A,,湖南工业大学,F89C,生物技术,,,,,,433,14069,,,,,,433,14069,,,,,,,,,本科,,,,,
8260319,宁夏,本科批,物理,,XD8396A,,湖南工业大学,52FD,应用化学,,,,,,434,13883,,,,,,434,13883,,,,,,,,,本科,,,,,
8260320,宁夏,本科批,物理,,XD8396A,,湖南工业大学,4ECE,土木工程,,,,,,438,13162,,,,,,438,13162,,,,,,,,,本科,,,,,
8260321,宁夏,本科批,物理,,XD8396A,,湖南工业大学,2426,材料类,,,,,,439,12985,,,,,,439,12985,,,,,,,,,本科,,,,,
8260322,宁夏,本科批,物理,,XD8396A,,湖南工业大学,25DE,国际经济与贸易,,,,,,440,12830,,,,,,440,12830,,,,,,,,,本科,,,,,
8260323,宁夏,本科批,物理,,XD8396A,,湖南工业大学,5E19,会计学,,,,,,441,12659,,,,,,441,12659,,,,,,,,,本科,,,,,
8260324,宁夏,本科批,物理,,XD8396A,,湖南工业大学,C168,包装工程,,,,,,446,11823,,,,,,446,11823,,,,,,,,,本科,,,,,
8260325,宁夏,本科批,物理,,XD8396A,,湖南工业大学,EF7C,工商管理类,,,,,,448,11446,,,,,,448,11446,,,,,,,,,本科,,,,,
8260326,宁夏,本科批,物理,,XD8396A,,湖南工业大学,927B,法学,,,,,,457,9966,,,,,,457,9966,,,,,,,,,本科,,,,,
8260327,宁夏,本科批,物理,,XD8396A,,湖南工业大学,FEF6,材料成型及控制工程,,,,,,458,9834,,,,,,458,9834,,,,,,,,,本科,,,,,
8260328,宁夏,本科批,物理,,XD8396A,,湖南工业大学,548C,信息与计算科学,,,,,,459,9681,,,,,,459,9681,,,,,,,,,本科,,,,,
8260329,宁夏,本科批,物理,,XD8396A,,湖南工业大学,78FF,机械设计制造及其自动化,,,,,,462,9236,,,,,,462,9236,,,,,,,,,本科,,,,,
8260330,宁夏,本科批,物理,,XD8396A,,湖南工业大学,93E3,电子信息工程,,,,,,465,8813,,,,,,465,8813,,,,,,,,,本科,,,,,
8260331,宁夏,本科批,物理,,XD8396A,,湖南工业大学,ECA4,通信工程,,,,,,468,8439,,,,,,468,8439,,,,,,,,,本科,,,,,
8261119,宁夏,本科批,历史,,XA7B599,,河北工程大学,927B,法学,,,,,,500,3194,,,,,,500,3194,,,,,,,,,本科,,,,,
8261120,宁夏,本科批,物理,,XA7B599,,河北工程大学,4ECE,土木工程,,,,,,429,14886,,,,,,429,14886,,,,,,,,,本科,,,,,
8261121,宁夏,本科批,物理,,XA7B599,,河北工程大学,5E49,食品科学与工程,,,,,,431,14482,,,,,,431,14482,,,,,,,,,本科,,,,,
8261122,宁夏,本科批,物理,,XA7B599,,河北工程大学,6836,设施农业科学与工程,,,,,,431,14482,,,,,,431,14482,,,,,,,,,本科,,,,,
8261123,宁夏,本科批,物理,,XA7B599,,河北工程大学,0DD8,资源勘查工程,,,,,,433,14069,,,,,,433,14069,,,,,,,,,本科,,,,,
8261124,宁夏,本科批,物理,,XA7B599,,河北工程大学,3557,能源与动力工程,,,,,,434,13883,,,,,,434,13883,,,,,,,,,本科,,,,,
8261125,宁夏,本科批,物理,,XA7B599,,河北工程大学,B9A5,计算机科学与技术,,,,,,439,12985,,,,,,439,12985,,,,,,,,,本科,,,,,
8261126,宁夏,本科批,物理,,XA7B599,,河北工程大学,4BF2,农业水利工程,,,,,,440,12830,,,,,,440,12830,,,,,,,,,本科,,,,,
8261127,宁夏,本科批,物理,,XA7B599,,河北工程大学,78FF,机械设计制造及其自动化,,,,,,446,11823,,,,,,446,11823,,,,,,,,,本科,,,,,
8261128,宁夏,本科批,物理,,XA7B599,,河北工程大学,C1B4,水利水电工程,,,,,,447,11628,,,,,,447,11628,,,,,,,,,本科,,,,,
8261129,宁夏,本科批,物理,,XA7B599,,河北工程大学,A5B7,电气工程及其自动化,,,,,,448,11446,,,,,,448,11446,,,,,,,,,本科,,,,,
8262494,宁夏,本科批,历史,,X4CD37F,,北京中医药大学,4AA3,法学（医药卫生）,医药卫生,,,,,573,493,,,,,,573,493,,,,,,,,,本科,,,,,
8262495,宁夏,本科批,历史,,X4CD37F,,北京中医药大学,03FE,中医学,,,,,,591,234,,,,,,591,234,,,,,,,,,本科,,,,,
8262496,宁夏,本科批,历史,,X4CD37F,,北京中医药大学,6246,针灸推拿学,,,,,,602,142,,,,,,602,142,,,,,,,,,本科,,,,,
8262497,宁夏,本科批,物理,,X4CD37F,,北京中医药大学,46AC,公共管理类,,,,,,460,9389,,,,,,460,9389,,,,,,,,,本科,,,,,
8262498,宁夏,本科批,物理,,X4CD37F,,北京中医药大学,4C2A,中药学,,,,,,505,4476,,,,,,505,4476,,,,,,,,,本科,,,,,
8262499,宁夏,本科批,物理,,X4CD37F,,北京中医药大学,817D,康复治疗学,,,,,,510,4077,,,,,,510,4077,,,,,,,,,本科,,,,,
8262500,宁夏,本科批,物理,,X4CD37F,,北京中医药大学,A784,中药制药,,,,,,518,3473,,,,,,518,3473,,,,,,,,,本科,,,,,
8262501,宁夏,本科批,物理,,X4CD37F,,北京中医药大学,6246,针灸推拿学,,,,,,525,3057,,,,,,525,3057,,,,,,,,,本科,,,,,
8262502,宁夏,本科批,物理,,X4CD37F,,北京中医药大学,03FE,中医学,,,,,,542,2139,,,,,,542,2139,,,,,,,,,本科,,,,,
8262503,宁夏,本科批,物理,,X4CD37F,,北京中医药大学,60F2,中医学（实验班）,实验班,,,,,550,1808,,,,,,550,1808,,,,,,,,,本科,,,,,
8262504,宁夏,本科批,物理,,X4CD37F,,北京中医药大学,917A,中医学（卓越5+3一体化）,卓越5+3一体化,,,,,554,1653,,,,,,554,1653,,,,,,,,,本科,,,,,
8262505,宁夏,本科批,物理,,X4CD37F,,北京中医药大学,F04B,中医学（卓越中医儿科班5+3一体化）,卓越中医儿科班5+3一体化,,,,,564,1275,,,,,,564,1275,,,,,,,,,本科,,,,,
8262506,宁夏,本科批,物理,,X4CD37F,,北京中医药大学,A3AA,中西医临床医学（华佗班）,华佗班,,,,,572,1020,,,,,,572,1020,,,,,,,,,本科,,,,,
8262507,宁夏,本科批,物理,,X4CD37F,,北京中医药大学,0F77,中医学（领军人才培养计划）,领军人才培养计划,,,,,595,520,,,,,,595,520,,,,,,,,,本科,,,,,
8263275,宁夏,本科批,历史,,X52EB8C,,海南师范大学,E91E,教育学类,,,,,,505,2906,,,,,,505,2906,,,,,,,,,本科,,,,,
8263276,宁夏,本科批,历史,,X52EB8C,,海南师范大学,20D6,小学教育（中文与社会方向）,中文与社会方向,,,,,515,2358,,,,,,515,2358,,,,,,,,,本科,,,,,
8263277,宁夏,本科批,历史,,X52EB8C,,海南师范大学,4145,英语,,,,,,517,2242,,,,,,517,2242,,,,,,,,,本科,,,,,
8263278,宁夏,本科批,历史,,X52EB8C,,海南师范大学,4873,历史学,,,,,,518,2196,,,,,,518,2196,,,,,,,,,本科,,,,,
8263279,宁夏,本科批,历史,,X52EB8C,,海南师范大学,D243,汉语言文学,,,,,,520,2090,,,,,,520,2090,,,,,,,,,本科,,,,,
8263280,宁夏,本科批,物理,,X52EB8C,,海南师范大学,802A,物理学,,,,,,454,10448,,,,,,454,10448,,,,,,,,,本科,,,,,
8263281,宁夏,本科批,物理,,X52EB8C,,海南师范大学,B5AE,化学,,,,,,455,10282,,,,,,455,10282,,,,,,,,,本科,,,,,
8263282,宁夏,本科批,物理,,X52EB8C,,海南师范大学,4145,英语,,,,,,456,10121,,,,,,456,10121,,,,,,,,,本科,,,,,
8263283,宁夏,本科批,物理,,X52EB8C,,海南师范大学,0541,生物科学,,,,,,456,10121,,,,,,456,10121,,,,,,,,,本科,,,,,
8263284,宁夏,本科批,物理,,X52EB8C,,海南师范大学,25FE,数学与应用数学,,,,,,462,9236,,,,,,462,9236,,,,,,,,,本科,,,,,
8264122,宁夏,本科批,历史,,X2F01AE,,中央民族大学,D40C,少数民族预科班,,,,,,513,2442,,,,,,513,2442,,,,,,,,,本科,,,,,
8264123,宁夏,本科批,历史,,X2F01AE,,中央民族大学,487F,民族学,,,,,,548,1058,,,,,,548,1058,,,,,,,,,本科,,,,,
8264124,宁夏,本科批,历史,,X2F01AE,,中央民族大学,6758,教育学,,,,,,549,1023,,,,,,549,1023,,,,,,,,,本科,,,,,
8264125,宁夏,本科批,历史,,X2F01AE,,中央民族大学,EF7C,工商管理类,,,,,,551,974,,,,,,551,974,,,,,,,,,本科,,,,,
8264126,宁夏,本科批,历史,,X2F01AE,,中央民族大学,9301,新闻传播学类,,,,,,553,921,,,,,,553,921,,,,,,,,,本科,,,,,
8264127,宁夏,本科批,历史,,X2F01AE,,中央民族大学,D9E9,外国语言文学类,,,,,,559,785,,,,,,559,785,,,,,,,,,本科,,,,,
8264128,宁夏,本科批,历史,,X2F01AE,,中央民族大学,A615,汉语国际教育,,,,,,566,645,,,,,,566,645,,,,,,,,,本科,,,,,
8264129,宁夏,本科批,历史,,X2F01AE,,中央民族大学,9C84,社会学类,,,,,,569,583,,,,,,569,583,,,,,,,,,本科,,,,,
8264130,宁夏,本科批,历史,,X2F01AE,,中央民族大学,10E7,哲学类,,,,,,571,540,,,,,,571,540,,,,,,,,,本科,,,,,
8264131,宁夏,本科批,历史,,X2F01AE,,中央民族大学,C29F,经济学类,,,,,,572,524,,,,,,572,524,,,,,,,,,本科,,,,,
8264132,宁夏,本科批,历史,,X2F01AE,,中央民族大学,308C,法学类,,,,,,583,354,,,,,,583,354,,,,,,,,,本科,,,,,
8264133,宁夏,本科批,历史,,X2F01AE,,中央民族大学,D243,汉语言文学,,,,,,584,335,,,,,,584,335,,,,,,,,,本科,,,,,
8264134,宁夏,本科批,历史,,X2F01AE,,中央民族大学,4873,历史学,,,,,,587,291,,,,,,587,291,,,,,,,,,本科,,,,,
8264135,宁夏,本科批,历史,,X2F01AE,,中央民族大学,FDAB,汉语言文学（与教育学双学位）,与教育学双学位,,,,,590,254,,,,,,590,254,,,,,,,,,本科,,,,,
8264136,宁夏,本科批,物理,,X2F01AE,,中央民族大学,D40C,少数民族预科班,,,,,,485,6416,,,,,,485,6416,,,,,,,,,本科,,,,,
8264137,宁夏,本科批,物理,,X2F01AE,,中央民族大学,ABA8,环境科学与工程类,,,,,,526,3056,,,,,,526,3056,,,,,,,,,本科,,,,,
8264138,宁夏,本科批,物理,,X2F01AE,,中央民族大学,C29F,经济学类,,,,,,529,2869,,,,,,529,2869,,,,,,,,,本科,,,,,
8264139,宁夏,本科批,物理,,X2F01AE,,中央民族大学,D035,生物科学类,,,,,,530,2799,,,,,,530,2799,,,,,,,,,本科,,,,,
8264140,宁夏,本科批,物理,,X2F01AE,,中央民族大学,EF7C,工商管理类,,,,,,534,2583,,,,,,534,2583,,,,,,,,,本科,,,,,
8264141,宁夏,本科批,物理,,X2F01AE,,中央民族大学,B7B8,纳米材料与技术,,,,,,535,2533,,,,,,535,2533,,,,,,,,,本科,,,,,
8264142,宁夏,本科批,物理,,X2F01AE,,中央民族大学,A223,统计学类,,,,,,536,2489,,,,,,536,2489,,,,,,,,,本科,,,,,
8264143,宁夏,本科批,物理,,X2F01AE,,中央民族大学,548C,信息与计算科学,,,,,,537,2437,,,,,,537,2437,,,,,,,,,本科,,,,,
8264144,宁夏,本科批,物理,,X2F01AE,,中央民族大学,308C,法学类,,,,,,539,2332,,,,,,539,2332,,,,,,,,,本科,,,,,
8264145,宁夏,本科批,物理,,X2F01AE,,中央民族大学,A687,光电信息科学与工程,,,,,,539,2332,,,,,,539,2332,,,,,,,,,本科,,,,,
8264146,宁夏,本科批,物理,,X2F01AE,,中央民族大学,82E6,计算机类,,,,,,540,2285,,,,,,540,2285,,,,,,,,,本科,,,,,
8264147,宁夏,本科批,物理,,X2F01AE,,中央民族大学,861C,电子信息类,,,,,,543,2138,,,,,,543,2138,,,,,,,,,本科,,,,,
8265061,宁夏,本科批,历史,,XF89B5B,,华侨大学,BC23,行政管理（数字政府治理、社会福利、公共危机管理方向）,数字政府治理、社会福利、公共危机管理方向,,,,,496,3451,,,,,,496,3451,,,,,,,,,本科,,,,,
8265062,宁夏,本科批,历史,,XF89B5B,,华侨大学,E1A8,经济学类（中美121双学位班，可接轨CFA金融分析师）,中美121双学位班，可接轨CFA金融分析师,,,,,499,3256,,,,,,499,3256,,,,,,,,,本科,,,,,
8265063,宁夏,本科批,历史,,XF89B5B,,华侨大学,26FE,旅游管理（数智文旅与管理方向、旅游规划与设计方向）,数智文旅与管理方向、旅游规划与设计方向,,,,,500,3194,,,,,,500,3194,,,,,,,,,本科,,,,,
8265064,宁夏,本科批,历史,,XF89B5B,,华侨大学,4154,电子商务,,,,,,501,3138,,,,,,501,3138,,,,,,,,,本科,,,,,
8265065,宁夏,本科批,历史,,XF89B5B,,华侨大学,A615,汉语国际教育,,,,,,503,3027,,,,,,503,3027,,,,,,,,,本科,,,,,
8265066,宁夏,本科批,历史,,XF89B5B,,华侨大学,D243,汉语言文学,,,,,,533,1564,,,,,,533,1564,,,,,,,,,本科,,,,,
8265067,宁夏,本科批,历史,,XF89B5B,,华侨大学,927B,法学,,,,,,547,1092,,,,,,547,1092,,,,,,,,,本科,,,,,
8265068,宁夏,本科批,物理,,XF89B5B,,华侨大学,7E23,环境工程,,,,,,457,9966,,,,,,457,9966,,,,,,,,,本科,,,,,
8265069,宁夏,本科批,物理,,XF89B5B,,华侨大学,3020,土木工程（智能结构与城市更新方向）,智能结构与城市更新方向,,,,,458,9834,,,,,,458,9834,,,,,,,,,本科,,,,,
8265070,宁夏,本科批,物理,,XF89B5B,,华侨大学,AC2D,城市地下空间工程（智慧建造与城市运维方向）,智慧建造与城市运维方向,,,,,459,9681,,,,,,459,9681,,,,,,,,,本科,,,,,
8265071,宁夏,本科批,物理,,XF89B5B,,华侨大学,E2E1,生物工程,,,,,,460,9530,,,,,,460,9530,,,,,,,,,本科,,,,,
8265072,宁夏,本科批,物理,,XF89B5B,,华侨大学,A942,材料科学与工程,,,,,,461,9388,,,,,,461,9388,,,,,,,,,本科,,,,,
8265073,宁夏,本科批,物理,,XF89B5B,,华侨大学,16A2,化学工程与工艺（含碳核算方向）,含碳核算方向,,,,,463,9101,,,,,,463,9101,,,,,,,,,本科,,,,,
8265074,宁夏,本科批,物理,,XF89B5B,,华侨大学,9182,给排水科学与工程（城镇智能水系统方向）,城镇智能水系统方向,,,,,465,8813,,,,,,465,8813,,,,,,,,,本科,,,,,
8265075,宁夏,本科批,物理,,XF89B5B,,华侨大学,5B8B,高分子材料与工程,,,,,,467,8565,,,,,,467,8565,,,,,,,,,本科,,,,,
8265076,宁夏,本科批,物理,,XF89B5B,,华侨大学,D06C,机械工程,,,,,,467,8565,,,,,,467,8565,,,,,,,,,本科,,,,,
8265077,宁夏,本科批,物理,,XF89B5B,,华侨大学,40CE,制药工程,,,,,,467,8565,,,,,,467,8565,,,,,,,,,本科,,,,,
8265078,宁夏,本科批,物理,,XF89B5B,,华侨大学,03AC,药学（生物与医药方向）,生物与医药方向,,,,,469,8304,,,,,,469,8304,,,,,,,,,本科,,,,,
8265079,宁夏,本科批,物理,,XF89B5B,,华侨大学,3C38,软件工程,,,,,,471,8067,,,,,,471,8067,,,,,,,,,本科,,,,,
8265080,宁夏,本科批,物理,,XF89B5B,,华侨大学,A5B7,电气工程及其自动化,,,,,,485,6416,,,,,,485,6416,,,,,,,,,本科,,,,,
8265707,宁夏,本科批,历史,,X9A8D3A,,西安工业大学,EF7C,工商管理类,,,,,,510,2612,,,,,,510,2612,,,,,,,,,本科,,,,,
8265708,宁夏,本科批,历史,,X9A8D3A,,西安工业大学,A615,汉语国际教育,,,,,,512,2492,,,,,,512,2492,,,,,,,,,本科,,,,,
8265709,宁夏,本科批,物理,,X9A8D3A,,西安工业大学,5257,工业工程,,,,,,473,7812,,,,,,473,7812,,,,,,,,,本科,,,,,
8265710,宁夏,本科批,物理,,X9A8D3A,,西安工业大学,2426,材料类,,,,,,474,7703,,,,,,474,7703,,,,,,,,,本科,,,,,
8265711,宁夏,本科批,物理,,X9A8D3A,,西安工业大学,EF7C,工商管理类,,,,,,475,7574,,,,,,475,7574,,,,,,,,,本科,,,,,
8265712,宁夏,本科批,物理,,X9A8D3A,,西安工业大学,4ECE,土木工程,,,,,,475,7574,,,,,,475,7574,,,,,,,,,本科,,,,,
8265713,宁夏,本科批,物理,,X9A8D3A,,西安工业大学,262E,金属材料工程,,,,,,475,7574,,,,,,475,7574,,,,,,,,,本科,,,,,
8265714,宁夏,本科批,物理,,X9A8D3A,,西安工业大学,2B47,智能建造,,,,,,476,7457,,,,,,476,7457,,,,,,,,,本科,,,,,
8265715,宁夏,本科批,物理,,X9A8D3A,,西安工业大学,6E9D,探测制导与控制技术,,,,,,479,7107,,,,,,479,7107,,,,,,,,,本科,,,,,
8265716,宁夏,本科批,物理,,X9A8D3A,,西安工业大学,25FE,数学与应用数学,,,,,,481,6851,,,,,,481,6851,,,,,,,,,本科,,,,,
8265717,宁夏,本科批,物理,,X9A8D3A,,西安工业大学,A5D2,测控技术与仪器,,,,,,481,6851,,,,,,481,6851,,,,,,,,,本科,,,,,
8265718,宁夏,本科批,物理,,X9A8D3A,,西安工业大学,548C,信息与计算科学,,,,,,482,6750,,,,,,482,6750,,,,,,,,,本科,,,,,
8265719,宁夏,本科批,物理,,X9A8D3A,,西安工业大学,8EA2,机械电子工程,,,,,,482,6750,,,,,,482,6750,,,,,,,,,本科,,,,,
8265720,宁夏,本科批,物理,,X9A8D3A,,西安工业大学,29F4,物联网工程,,,,,,483,6646,,,,,,483,6646,,,,,,,,,本科,,,,,
8265721,宁夏,本科批,物理,,X9A8D3A,,西安工业大学,D081,新能源科学与工程,,,,,,483,6646,,,,,,483,6646,,,,,,,,,本科,,,,,
8265722,宁夏,本科批,物理,,X9A8D3A,,西安工业大学,4C65,自动化,,,,,,488,6101,,,,,,488,6101,,,,,,,,,本科,,,,,
8265723,宁夏,本科批,物理,,X9A8D3A,,西安工业大学,78FF,机械设计制造及其自动化,,,,,,488,6101,,,,,,488,6101,,,,,,,,,本科,,,,,
8265724,宁夏,本科批,物理,,X9A8D3A,,西安工业大学,FDC8,测控技术与仪器（卓越班）,卓越班,,,,,492,5700,,,,,,492,5700,,,,,,,,,本科,,,,,
8265725,宁夏,本科批,物理,,X9A8D3A,,西安工业大学,3C38,软件工程,,,,,,493,5606,,,,,,493,5606,,,,,,,,,本科,,,,,
8265726,宁夏,本科批,物理,,X9A8D3A,,西安工业大学,497B,武器系统与工程,,,,,,495,5424,,,,,,495,5424,,,,,,,,,本科,,,,,
8265727,宁夏,本科批,物理,,X9A8D3A,,西安工业大学,B9A5,计算机科学与技术,,,,,,496,5336,,,,,,496,5336,,,,,,,,,本科,,,,,
8266583,宁夏,本科批,物理,,XE49210,,华中农业大学,D40C,少数民族预科班,,,,,,434,13883,,,,,,434,13883,,,,,,,,,本科,,,,,
8266584,宁夏,本科批,物理,,XE49210,,华中农业大学,EF7C,工商管理类,,,,,,495,5424,,,,,,495,5424,,,,,,,,,本科,,,,,
8266585,宁夏,本科批,物理,,XE49210,,华中农业大学,52FD,应用化学,,,,,,499,5046,,,,,,499,5046,,,,,,,,,本科,,,,,
8266586,宁夏,本科批,物理,,XE49210,,华中农业大学,ABA8,环境科学与工程类,,,,,,500,4966,,,,,,500,4966,,,,,,,,,本科,,,,,
8266587,宁夏,本科批,物理,,XE49210,,华中农业大学,C29F,经济学类,,,,,,501,4879,,,,,,501,4879,,,,,,,,,本科,,,,,
8266588,宁夏,本科批,物理,,XE49210,,华中农业大学,EF96,食品科学与工程类,,,,,,506,4475,,,,,,506,4475,,,,,,,,,本科,,,,,
8267279,宁夏,本科批,历史,,X47C35F,,西安建筑科技大学,46AC,公共管理类,,,,,,508,2728,,,,,,508,2728,,,,,,,,,本科,,,,,
8267280,宁夏,本科批,历史,,X47C35F,,西安建筑科技大学,A615,汉语国际教育,,,,,,509,2669,,,,,,509,2669,,,,,,,,,本科,,,,,
8267281,宁夏,本科批,物理,,X47C35F,,西安建筑科技大学,D307,矿业类,,,,,,443,12278,,,,,,443,12278,,,,,,,,,本科,,,,,
8267282,宁夏,本科批,物理,,X47C35F,,西安建筑科技大学,E7FB,化工与制药类,,,,,,455,10282,,,,,,455,10282,,,,,,,,,本科,,,,,
8267283,宁夏,本科批,物理,,X47C35F,,西安建筑科技大学,4ECE,土木工程,,,,,,458,9834,,,,,,458,9834,,,,,,,,,本科,,,,,
8267284,宁夏,本科批,物理,,X47C35F,,西安建筑科技大学,FEF6,材料成型及控制工程,,,,,,461,9388,,,,,,461,9388,,,,,,,,,本科,,,,,
8267285,宁夏,本科批,物理,,X47C35F,,西安建筑科技大学,F343,材料类（生态与新能源材料）,生态与新能源材料,,,,,463,9101,,,,,,463,9101,,,,,,,,,本科,,,,,
8267286,宁夏,本科批,物理,,X47C35F,,西安建筑科技大学,43A0,建筑类,,,,,,463,9101,,,,,,463,9101,,,,,,,,,本科,,,,,
8267287,宁夏,本科批,物理,,X47C35F,,西安建筑科技大学,C7AE,交通工程,,,,,,464,8960,,,,,,464,8960,,,,,,,,,本科,,,,,
8267288,宁夏,本科批,物理,,X47C35F,,西安建筑科技大学,F620,安全工程,,,,,,465,8813,,,,,,465,8813,,,,,,,,,本科,,,,,
8267289,宁夏,本科批,物理,,X47C35F,,西安建筑科技大学,B9A5,计算机科学与技术,,,,,,468,8439,,,,,,468,8439,,,,,,,,,本科,,,,,
8267290,宁夏,本科批,物理,,X47C35F,,西安建筑科技大学,9A06,储能科学与工程,,,,,,469,8304,,,,,,469,8304,,,,,,,,,本科,,,,,
8267821,宁夏,本科批,历史,,X6BDDCF,,浙江工商大学,46AC,公共管理类,,,,,,523,1956,,,,,,523,1956,,,,,,,,,本科,,,,,
8267822,宁夏,本科批,历史,,X6BDDCF,,浙江工商大学,671C,日语,,,,,,527,1793,,,,,,527,1793,,,,,,,,,本科,,,,,
8267823,宁夏,本科批,历史,,X6BDDCF,,浙江工商大学,E6CB,社会工作,,,,,,545,1148,,,,,,545,1148,,,,,,,,,本科,,,,,
8267824,宁夏,本科批,历史,,X6BDDCF,,浙江工商大学,656A,工商管理类（含市场营销、人工智能双学士学位项目）,含市场营销、人工智能双学士学位项目,,,,,548,1058,,,,,,548,1058,,,,,,,,,本科,,,,,
8267825,宁夏,本科批,历史,,X6BDDCF,,浙江工商大学,D243,汉语言文学,,,,,,555,880,,,,,,555,880,,,,,,,,,本科,,,,,
8267826,宁夏,本科批,历史,,X6BDDCF,,浙江工商大学,C29F,经济学类,,,,,,556,854,,,,,,556,854,,,,,,,,,本科,,,,,
8267827,宁夏,本科批,历史,,X6BDDCF,,浙江工商大学,F546,会计学（会计学、财务管理、审计学、会计学ACCA专业）,会计学、财务管理、审计学、会计学ACCA专业,,,,,559,785,,,,,,559,785,,,,,,,,,本科,,,,,
8267828,宁夏,本科批,历史,,X6BDDCF,,浙江工商大学,308C,法学类,,,,,,559,785,,,,,,559,785,,,,,,,,,本科,,,,,
8267829,宁夏,本科批,物理,,X6BDDCF,,浙江工商大学,671C,日语,,,,,,471,8067,,,,,,471,8067,,,,,,,,,本科,,,,,
8267830,宁夏,本科批,物理,,X6BDDCF,,浙江工商大学,46AC,公共管理类,,,,,,475,7574,,,,,,475,7574,,,,,,,,,本科,,,,,
8267831,宁夏,本科批,物理,,X6BDDCF,,浙江工商大学,656A,工商管理类（含市场营销、人工智能双学士学位项目）,含市场营销、人工智能双学士学位项目,,,,,475,7574,,,,,,475,7574,,,,,,,,,本科,,,,,
8267832,宁夏,本科批,物理,,X6BDDCF,,浙江工商大学,C29F,经济学类,,,,,,479,7107,,,,,,479,7107,,,,,,,,,本科,,,,,
8267833,宁夏,本科批,物理,,X6BDDCF,,浙江工商大学,4718,数据科学与大数据技术,,,,,,482,6750,,,,,,482,6750,,,,,,,,,本科,,,,,
8267834,宁夏,本科批,物理,,X6BDDCF,,浙江工商大学,308C,法学类,,,,,,483,6646,,,,,,483,6646,,,,,,,,,本科,,,,,
8267835,宁夏,本科批,物理,,X6BDDCF,,浙江工商大学,82E6,计算机类,,,,,,487,6218,,,,,,487,6218,,,,,,,,,本科,,,,,
8267836,宁夏,本科批,物理,,X6BDDCF,,浙江工商大学,F546,会计学（会计学、财务管理、审计学、会计学ACCA专业）,会计学、财务管理、审计学、会计学ACCA专业,,,,,489,5993,,,,,,489,5993,,,,,,,,,本科,,,,,
8267837,宁夏,本科批,物理,,X6BDDCF,,浙江工商大学,28AD,经济统计学,,,,,,490,5885,,,,,,490,5885,,,,,,,,,本科,,,,,
8268533,宁夏,本科批,历史,,XAA54E8,,黑龙江大学,3739,广告学,,,,,,497,3383,,,,,,497,3383,,,,,,,,,本科,,,,,
8268534,宁夏,本科批,历史,,XAA54E8,,黑龙江大学,1049,商务英语,,,,,,499,3256,,,,,,499,3256,,,,,,,,,本科,,,,,
8268535,宁夏,本科批,历史,,XAA54E8,,黑龙江大学,4873,历史学,,,,,,501,3138,,,,,,501,3138,,,,,,,,,本科,,,,,
8268536,宁夏,本科批,历史,,XAA54E8,,黑龙江大学,A615,汉语国际教育,,,,,,504,2973,,,,,,504,2973,,,,,,,,,本科,,,,,
8268537,宁夏,本科批,历史,,XAA54E8,,黑龙江大学,6AB9,经济学,,,,,,504,2973,,,,,,504,2973,,,,,,,,,本科,,,,,
8268538,宁夏,高校专项计划批次,历史,,XAA54E8,,黑龙江大学,E7DB,法学（普通）（高校专项计划）,普通; 高校专项计划,,,,,516,2309,,,,,,516,2309,,,,,,,,,本科,,,,,
8268539,宁夏,本科批,物理,,XAA54E8,,黑龙江大学,D335,种子科学与工程,,,,,,433,14069,,,,,,433,14069,,,,,,,,,本科,,,,,
8268540,宁夏,本科批,物理,,XAA54E8,,黑龙江大学,2638,植物保护,,,,,,444,12141,,,,,,444,12141,,,,,,,,,本科,,,,,
8268541,宁夏,本科批,物理,,XAA54E8,,黑龙江大学,D681,信息管理与信息系统,,,,,,446,11823,,,,,,446,11823,,,,,,,,,本科,,,,,
8268542,宁夏,本科批,物理,,XAA54E8,,黑龙江大学,F89C,生物技术,,,,,,446,11823,,,,,,446,11823,,,,,,,,,本科,,,,,
8268543,宁夏,本科批,物理,,XAA54E8,,黑龙江大学,25DE,国际经济与贸易,,,,,,450,11095,,,,,,450,11095,,,,,,,,,本科,,,,,
8268544,宁夏,本科批,物理,,XAA54E8,,黑龙江大学,5E19,会计学,,,,,,453,10598,,,,,,453,10598,,,,,,,,,本科,,,,,
8268545,宁夏,本科批,物理,,XAA54E8,,黑龙江大学,29F4,物联网工程,,,,,,460,9530,,,,,,460,9530,,,,,,,,,本科,,,,,
8268546,宁夏,本科批,物理,,XAA54E8,,黑龙江大学,B9A5,计算机科学与技术,,,,,,461,9388,,,,,,461,9388,,,,,,,,,本科,,,,,
8269189,宁夏,本科批,历史,,XABF16B,,中南民族大学,46AC,公共管理类,,,,,,504,2973,,,,,,504,2973,,,,,,,,,本科,,,,,
8269190,宁夏,本科批,历史,,XABF16B,,中南民族大学,D40C,少数民族预科班,,,,,,508,2728,,,,,,508,2728,,,,,,,,,本科,,,,,
8269191,宁夏,本科批,历史,,XABF16B,,中南民族大学,487F,民族学,,,,,,519,2144,,,,,,519,2144,,,,,,,,,本科,,,,,
8269192,宁夏,本科批,历史,,XABF16B,,中南民族大学,EF7C,工商管理类,,,,,,520,2090,,,,,,520,2090,,,,,,,,,本科,,,,,
8269193,宁夏,本科批,历史,,XABF16B,,中南民族大学,7022,社会学,,,,,,522,2009,,,,,,522,2009,,,,,,,,,本科,,,,,
8269194,宁夏,本科批,历史,,XABF16B,,中南民族大学,9301,新闻传播学类,,,,,,523,1956,,,,,,523,1956,,,,,,,,,本科,,,,,
8269195,宁夏,本科批,历史,,XABF16B,,中南民族大学,C29F,经济学类,,,,,,528,1752,,,,,,528,1752,,,,,,,,,本科,,,,,
8269196,宁夏,本科批,历史,,XABF16B,,中南民族大学,6240,历史学类,,,,,,530,1676,,,,,,530,1676,,,,,,,,,本科,,,,,
8269197,宁夏,本科批,历史,,XABF16B,,中南民族大学,51C8,思想政治教育,,,,,,543,1216,,,,,,543,1216,,,,,,,,,本科,,,,,
8269198,宁夏,本科批,历史,,XABF16B,,中南民族大学,B1EC,中国语言文学类,,,,,,547,1092,,,,,,547,1092,,,,,,,,,本科,,,,,
8269199,宁夏,本科批,历史,,XABF16B,,中南民族大学,6DBF,法学（含涉外法学方向、数字法学方向）,含涉外法学方向、数字法学方向,,,,,548,1058,,,,,,548,1058,,,,,,,,,本科,,,,,
8269200,宁夏,本科批,物理,,XABF16B,,中南民族大学,7022,社会学,,,,,,432,14269,,,,,,432,14269,,,,,,,,,本科,,,,,
8269201,宁夏,本科批,物理,,XABF16B,,中南民族大学,D035,生物科学类,,,,,,432,14269,,,,,,432,14269,,,,,,,,,本科,,,,,
8269202,宁夏,本科批,物理,,XABF16B,,中南民族大学,D40C,少数民族预科班,,,,,,432,14269,,,,,,432,14269,,,,,,,,,本科,,,,,
8269203,宁夏,本科批,物理,,XABF16B,,中南民族大学,ABA8,环境科学与工程类,,,,,,433,14069,,,,,,433,14069,,,,,,,,,本科,,,,,
8269204,宁夏,本科批,物理,,XABF16B,,中南民族大学,26C9,药学类,,,,,,433,14069,,,,,,433,14069,,,,,,,,,本科,,,,,
8269205,宁夏,本科批,物理,,XABF16B,,中南民族大学,9301,新闻传播学类,,,,,,436,13513,,,,,,436,13513,,,,,,,,,本科,,,,,
8269206,宁夏,本科批,物理,,XABF16B,,中南民族大学,BBEE,生物医学工程类,,,,,,441,12659,,,,,,441,12659,,,,,,,,,本科,,,,,
8269207,宁夏,本科批,物理,,XABF16B,,中南民族大学,46AC,公共管理类,,,,,,443,12278,,,,,,443,12278,,,,,,,,,本科,,,,,
8269208,宁夏,本科批,物理,,XABF16B,,中南民族大学,2426,材料类,,,,,,443,12278,,,,,,443,12278,,,,,,,,,本科,,,,,
8269209,宁夏,本科批,物理,,XABF16B,,中南民族大学,74E7,教育技术学,,,,,,443,12278,,,,,,443,12278,,,,,,,,,本科,,,,,
8269210,宁夏,本科批,物理,,XABF16B,,中南民族大学,1C92,数字经济,,,,,,448,11446,,,,,,448,11446,,,,,,,,,本科,,,,,
8269211,宁夏,本科批,物理,,XABF16B,,中南民族大学,6954,化学类,,,,,,448,11446,,,,,,448,11446,,,,,,,,,本科,,,,,
8269212,宁夏,本科批,物理,,XABF16B,,中南民族大学,5669,数学类,,,,,,450,11095,,,,,,450,11095,,,,,,,,,本科,,,,,
8269213,宁夏,本科批,物理,,XABF16B,,中南民族大学,C29F,经济学类,,,,,,451,10913,,,,,,451,10913,,,,,,,,,本科,,,,,
8269214,宁夏,本科批,物理,,XABF16B,,中南民族大学,861C,电子信息类,,,,,,457,9966,,,,,,457,9966,,,,,,,,,本科,,,,,
8269215,宁夏,本科批,物理,,XABF16B,,中南民族大学,D9E9,外国语言文学类,,,,,,470,8177,,,,,,470,8177,,,,,,,,,本科,,,,,
8269216,宁夏,本科批,物理,,XABF16B,,中南民族大学,82E6,计算机类,,,,,,472,7933,,,,,,472,7933,,,,,,,,,本科,,,,,
8269932,宁夏,本科批,历史,,X55FA9C,,西安邮电大学,15C0,邮政管理,,,,,,512,2492,,,,,,512,2492,,,,,,,,,本科,,,,,
8269933,宁夏,本科批,历史,,X55FA9C,,西安邮电大学,1049,商务英语,,,,,,517,2242,,,,,,517,2242,,,,,,,,,本科,,,,,
8269934,宁夏,本科批,历史,,X55FA9C,,西安邮电大学,FB18,财务管理,,,,,,519,2144,,,,,,519,2144,,,,,,,,,本科,,,,,
8269935,宁夏,本科批,物理,,X55FA9C,,西安邮电大学,EED9,邮政工程,,,,,,498,5138,,,,,,498,5138,,,,,,,,,本科,,,,,
8269936,宁夏,本科批,物理,,X55FA9C,,西安邮电大学,4338,广播电视工程,,,,,,511,4076,,,,,,511,4076,,,,,,,,,本科,,,,,
8269937,宁夏,本科批,物理,,X55FA9C,,西安邮电大学,62BF,大数据管理与应用,,,,,,513,3942,,,,,,513,3942,,,,,,,,,本科,,,,,
8269938,宁夏,本科批,物理,,X55FA9C,,西安邮电大学,548C,信息与计算科学,,,,,,514,3852,,,,,,514,3852,,,,,,,,,本科,,,,,
8269939,宁夏,本科批,物理,,X55FA9C,,西安邮电大学,F11A,机器人工程,,,,,,515,3775,,,,,,515,3775,,,,,,,,,本科,,,,,
8269940,宁夏,本科批,物理,,X55FA9C,,西安邮电大学,16DF,金融工程,,,,,,516,3695,,,,,,516,3695,,,,,,,,,本科,,,,,
8269941,宁夏,本科批,物理,,X55FA9C,,西安邮电大学,41CF,数字媒体技术,,,,,,516,3695,,,,,,516,3695,,,,,,,,,本科,,,,,
8269942,宁夏,本科批,物理,,X55FA9C,,西安邮电大学,03B1,智能科学与技术,,,,,,516,3695,,,,,,516,3695,,,,,,,,,本科,,,,,
8269943,宁夏,本科批,物理,,X55FA9C,,西安邮电大学,A687,光电信息科学与工程,,,,,,517,3626,,,,,,517,3626,,,,,,,,,本科,,,,,
8269944,宁夏,本科批,物理,,X55FA9C,,西安邮电大学,D583,网络空间安全,,,,,,518,3555,,,,,,518,3555,,,,,,,,,本科,,,,,
8269945,宁夏,本科批,物理,,X55FA9C,,西安邮电大学,ECA4,通信工程,,,,,,518,3555,,,,,,518,3555,,,,,,,,,本科,,,,,
8269946,宁夏,本科批,物理,,X55FA9C,,西安邮电大学,B9A5,计算机科学与技术,,,,,,519,3472,,,,,,519,3472,,,,,,,,,本科,,,,,
8269947,宁夏,本科批,物理,,X55FA9C,,西安邮电大学,3C38,软件工程,,,,,,519,3472,,,,,,519,3472,,,,,,,,,本科,,,,,
8269948,宁夏,本科批,物理,,X55FA9C,,西安邮电大学,C734,电子科学与技术,,,,,,525,3106,,,,,,525,3106,,,,,,,,,本科,,,,,
8270726,宁夏,本科批,历史,,X486623,,郑州航空工业管理学院,D9E9,外国语言文学类,,,,,,431,9058,,,,,,431,9058,,,,,,,,,本科,,,,,
8270727,宁夏,本科批,历史,,X486623,,郑州航空工业管理学院,927B,法学,,,,,,445,7688,,,,,,445,7688,,,,,,,,,本科,,,,,
8270728,宁夏,本科批,物理,,X486623,,郑州航空工业管理学院,25FE,数学与应用数学,,,,,,417,17270,,,,,,417,17270,,,,,,,,,本科,,,,,
8270729,宁夏,本科批,物理,,X486623,,郑州航空工业管理学院,EF7C,工商管理类,,,,,,420,16610,,,,,,420,16610,,,,,,,,,本科,,,,,
8270730,宁夏,本科批,物理,,X486623,,郑州航空工业管理学院,82E6,计算机类,,,,,,421,16413,,,,,,421,16413,,,,,,,,,本科,,,,,
8271597,宁夏,本科批,历史,,XC662C9,,上海立信会计金融学院,D40C,少数民族预科班,,,,,,501,3138,,,,,,501,3138,,,,,,,,,本科,,,,,
8271598,宁夏,本科批,历史,,XC662C9,,上海立信会计金融学院,04A0,工商管理,,,,,,503,3027,,,,,,503,3027,,,,,,,,,本科,,,,,
8271599,宁夏,本科批,历史,,XC662C9,,上海立信会计金融学院,25DE,国际经济与贸易,,,,,,519,2144,,,,,,519,2144,,,,,,,,,本科,,,,,
8271600,宁夏,本科批,历史,,XC662C9,,上海立信会计金融学院,AC90,行政管理,,,,,,520,2090,,,,,,520,2090,,,,,,,,,本科,,,,,
8271601,宁夏,本科批,历史,,XC662C9,,上海立信会计金融学院,1049,商务英语,,,,,,527,1793,,,,,,527,1793,,,,,,,,,本科,,,,,
8271602,宁夏,本科批,历史,,XC662C9,,上海立信会计金融学院,42F1,资产评估,,,,,,535,1493,,,,,,535,1493,,,,,,,,,本科,,,,,
8271603,宁夏,本科批,历史,,XC662C9,,上海立信会计金融学院,1D5E,税收学,,,,,,540,1318,,,,,,540,1318,,,,,,,,,本科,,,,,
8271604,宁夏,本科批,历史,,XC662C9,,上海立信会计金融学院,0FBC,金融学,,,,,,540,1318,,,,,,540,1318,,,,,,,,,本科,,,,,
8271605,宁夏,本科批,历史,,XC662C9,,上海立信会计金融学院,0E54,保险学,,,,,,543,1216,,,,,,543,1216,,,,,,,,,本科,,,,,
8271606,宁夏,本科批,历史,,XC662C9,,上海立信会计金融学院,FB18,财务管理,,,,,,547,1092,,,,,,547,1092,,,,,,,,,本科,,,,,
8271607,宁夏,本科批,历史,,XC662C9,,上海立信会计金融学院,978C,审计学,,,,,,551,974,,,,,,551,974,,,,,,,,,本科,,,,,
8271608,宁夏,本科批,历史,,XC662C9,,上海立信会计金融学院,5E19,会计学,,,,,,552,950,,,,,,552,950,,,,,,,,,本科,,,,,
8271609,宁夏,本科批,物理,,XC662C9,,上海立信会计金融学院,D40C,少数民族预科班,,,,,,436,13513,,,,,,436,13513,,,,,,,,,本科,,,,,
8271610,宁夏,本科批,物理,,XC662C9,,上海立信会计金融学院,04A0,工商管理,,,,,,438,13162,,,,,,438,13162,,,,,,,,,本科,,,,,
8271611,宁夏,本科批,物理,,XC662C9,,上海立信会计金融学院,25DE,国际经济与贸易,,,,,,442,12470,,,,,,442,12470,,,,,,,,,本科,,,,,
8271612,宁夏,本科批,物理,,XC662C9,,上海立信会计金融学院,BD59,金融科技,,,,,,452,10754,,,,,,452,10754,,,,,,,,,本科,,,,,
8271613,宁夏,本科批,物理,,XC662C9,,上海立信会计金融学院,1049,商务英语,,,,,,452,10754,,,,,,452,10754,,,,,,,,,本科,,,,,
8271614,宁夏,本科批,物理,,XC662C9,,上海立信会计金融学院,16DF,金融工程,,,,,,454,10448,,,,,,454,10448,,,,,,,,,本科,,,,,
8271615,宁夏,本科批,物理,,XC662C9,,上海立信会计金融学院,B9A5,计算机科学与技术,,,,,,457,9966,,,,,,457,9966,,,,,,,,,本科,,,,,
8271616,宁夏,本科批,物理,,XC662C9,,上海立信会计金融学院,C0DA,应用统计学,,,,,,457,9966,,,,,,457,9966,,,,,,,,,本科,,,,,
8271617,宁夏,本科批,物理,,XC662C9,,上海立信会计金融学院,0E54,保险学,,,,,,458,9834,,,,,,458,9834,,,,,,,,,本科,,,,,
8271618,宁夏,本科批,物理,,XC662C9,,上海立信会计金融学院,03B1,智能科学与技术,,,,,,460,9530,,,,,,460,9530,,,,,,,,,本科,,,,,
8271619,宁夏,本科批,物理,,XC662C9,,上海立信会计金融学院,4718,数据科学与大数据技术,,,,,,460,9530,,,,,,460,9530,,,,,,,,,本科,,,,,
8271620,宁夏,本科批,物理,,XC662C9,,上海立信会计金融学院,28AD,经济统计学,,,,,,461,9388,,,,,,461,9388,,,,,,,,,本科,,,,,
8271621,宁夏,本科批,物理,,XC662C9,,上海立信会计金融学院,1D5E,税收学,,,,,,463,9101,,,,,,463,9101,,,,,,,,,本科,,,,,
8271622,宁夏,本科批,物理,,XC662C9,,上海立信会计金融学院,0FBC,金融学,,,,,,465,8813,,,,,,465,8813,,,,,,,,,本科,,,,,
8271623,宁夏,本科批,物理,,XC662C9,,上海立信会计金融学院,FB18,财务管理,,,,,,469,8304,,,,,,469,8304,,,,,,,,,本科,,,,,
8271624,宁夏,本科批,物理,,XC662C9,,上海立信会计金融学院,42F1,资产评估,,,,,,470,8177,,,,,,470,8177,,,,,,,,,本科,,,,,
8271625,宁夏,本科批,物理,,XC662C9,,上海立信会计金融学院,978C,审计学,,,,,,476,7457,,,,,,476,7457,,,,,,,,,本科,,,,,
8271626,宁夏,本科批,物理,,XC662C9,,上海立信会计金融学院,5E19,会计学,,,,,,496,5336,,,,,,496,5336,,,,,,,,,本科,,,,,
8272250,宁夏,本科批,历史,,X095608,,湖北大学,9301,新闻传播学类,,,,,,518,2196,,,,,,518,2196,,,,,,,,,本科,,,,,
8272251,宁夏,本科批,历史,,X095608,,湖北大学,CA0F,旅游管理,,,,,,527,1793,,,,,,527,1793,,,,,,,,,本科,,,,,
8272252,宁夏,本科批,历史,,X095608,,湖北大学,671C,日语,,,,,,530,1676,,,,,,530,1676,,,,,,,,,本科,,,,,
8272253,宁夏,本科批,历史,,X095608,,湖北大学,EF7C,工商管理类,,,,,,536,1458,,,,,,536,1458,,,,,,,,,本科,,,,,
8272254,宁夏,本科批,历史,,X095608,,湖北大学,AFF5,汉语言文学（师范类）,师范类,,,,,542,1252,,,,,,542,1252,,,,,,,,,本科,,,,,
8272255,宁夏,本科批,历史,,X095608,,湖北大学,927B,法学,,,,,,547,1092,,,,,,547,1092,,,,,,,,,本科,,,,,
8272256,宁夏,本科批,物理,,X095608,,湖北大学,E5C7,地理科学（师范类）,师范类,,,,,471,8067,,,,,,471,8067,,,,,,,,,本科,,,,,
8272257,宁夏,本科批,物理,,X095608,,湖北大学,B8DA,数学与应用数学（师范类）,师范类,,,,,477,7346,,,,,,477,7346,,,,,,,,,本科,,,,,
8272258,宁夏,本科批,物理,,X095608,,湖北大学,6954,化学类,,,,,,478,7235,,,,,,478,7235,,,,,,,,,本科,,,,,
8272259,宁夏,本科批,物理,,X095608,,湖北大学,E2E1,生物工程,,,,,,479,7107,,,,,,479,7107,,,,,,,,,本科,,,,,
8272260,宁夏,本科批,物理,,X095608,,湖北大学,2426,材料类,,,,,,489,5993,,,,,,489,5993,,,,,,,,,本科,,,,,
8272261,宁夏,本科批,物理,,X095608,,湖北大学,7F6A,量子信息科学,,,,,,492,5700,,,,,,492,5700,,,,,,,,,本科,,,,,
8272262,宁夏,本科批,物理,,X095608,,湖北大学,82E6,计算机类,,,,,,494,5525,,,,,,494,5525,,,,,,,,,本科,,,,,
8272263,宁夏,本科批,物理,,X095608,,湖北大学,BF44,电子信息类（W）（含电子科学与技术、光电信息科学与工程专业）,W; 含电子科学与技术、光电信息科学与工程专业,,,,,494,5525,,,,,,494,5525,,,,,,,,,本科,,,,,
8272970,宁夏,本科批,历史,,XA573E5,,上海工程技术大学,57D1,服装设计与工程,,,,,,464,5892,,,,,,464,5892,,,,,,,,,本科,,,,,
8272971,宁夏,本科批,物理,,XA573E5,,上海工程技术大学,EF7C,工商管理类,,,,,,428,15065,,,,,,428,15065,,,,,,,,,本科,,,,,
8272972,宁夏,本科批,物理,,XA573E5,,上海工程技术大学,2426,材料类,,,,,,428,15065,,,,,,428,15065,,,,,,,,,本科,,,,,
8272973,宁夏,本科批,物理,,XA573E5,,上海工程技术大学,FBFE,物流管理,,,,,,429,14886,,,,,,429,14886,,,,,,,,,本科,,,,,
8272974,宁夏,本科批,物理,,XA573E5,,上海工程技术大学,FEF6,材料成型及控制工程,,,,,,430,14690,,,,,,430,14690,,,,,,,,,本科,,,,,
8272975,宁夏,本科批,物理,,XA573E5,,上海工程技术大学,861C,电子信息类,,,,,,438,13162,,,,,,438,13162,,,,,,,,,本科,,,,,
8272976,宁夏,本科批,物理,,XA573E5,,上海工程技术大学,3557,能源与动力工程,,,,,,441,12659,,,,,,441,12659,,,,,,,,,本科,,,,,
8274347,宁夏,本科批,物理,,X3C5E14,,东华理工大学,6F56,工程管理,,,,,,433,14069,,,,,,433,14069,,,,,,,,,本科,,,,,
8274348,宁夏,本科批,物理,,X3C5E14,,东华理工大学,52FD,应用化学,,,,,,449,11257,,,,,,449,11257,,,,,,,,,本科,,,,,
8274349,宁夏,本科批,物理,,X3C5E14,,东华理工大学,7E23,环境工程,,,,,,449,11257,,,,,,449,11257,,,,,,,,,本科,,,,,
8274350,宁夏,本科批,物理,,X3C5E14,,东华理工大学,A2E0,测绘工程,,,,,,450,11095,,,,,,450,11095,,,,,,,,,本科,,,,,
8274351,宁夏,本科批,物理,,X3C5E14,,东华理工大学,EC95,勘查技术与工程,,,,,,452,10754,,,,,,452,10754,,,,,,,,,本科,,,,,
8274352,宁夏,本科批,物理,,X3C5E14,,东华理工大学,A5D2,测控技术与仪器,,,,,,453,10598,,,,,,453,10598,,,,,,,,,本科,,,,,
8274353,宁夏,本科批,物理,,X3C5E14,,东华理工大学,91CE,水文与水资源工程,,,,,,454,10448,,,,,,454,10448,,,,,,,,,本科,,,,,
8274354,宁夏,本科批,物理,,X3C5E14,,东华理工大学,D06C,机械工程,,,,,,458,9834,,,,,,458,9834,,,,,,,,,本科,,,,,
8274355,宁夏,本科批,物理,,X3C5E14,,东华理工大学,861C,电子信息类,,,,,,459,9681,,,,,,459,9681,,,,,,,,,本科,,,,,
8274356,宁夏,本科批,物理,,X3C5E14,,东华理工大学,FF49,核工程类,,,,,,461,9388,,,,,,461,9388,,,,,,,,,本科,,,,,
8275161,宁夏,本科批,物理,,XF34853,,中国计量大学,EBA7,标准化工程,,,,,,470,8177,,,,,,470,8177,,,,,,,,,本科,,,,,
8275162,宁夏,本科批,物理,,XF34853,,中国计量大学,AF6C,声学,,,,,,491,5800,,,,,,491,5800,,,,,,,,,本科,,,,,
8275163,宁夏,本科批,物理,,XF34853,,中国计量大学,10A0,药学,,,,,,491,5800,,,,,,491,5800,,,,,,,,,本科,,,,,
8275164,宁夏,本科批,物理,,XF34853,,中国计量大学,F620,安全工程,,,,,,491,5800,,,,,,491,5800,,,,,,,,,本科,,,,,
8275165,宁夏,本科批,物理,,XF34853,,中国计量大学,5936,质量管理工程,,,,,,491,5800,,,,,,491,5800,,,,,,,,,本科,,,,,
8275166,宁夏,本科批,物理,,XF34853,,中国计量大学,8EA2,机械电子工程,,,,,,492,5700,,,,,,492,5700,,,,,,,,,本科,,,,,
8275167,宁夏,本科批,物理,,XF34853,,中国计量大学,A942,材料科学与工程,,,,,,493,5606,,,,,,493,5606,,,,,,,,,本科,,,,,
8275168,宁夏,本科批,物理,,XF34853,,中国计量大学,78FF,机械设计制造及其自动化,,,,,,495,5424,,,,,,495,5424,,,,,,,,,本科,,,,,
8275169,宁夏,本科批,物理,,XF34853,,中国计量大学,A5D2,测控技术与仪器,,,,,,495,5424,,,,,,495,5424,,,,,,,,,本科,,,,,
8275170,宁夏,本科批,物理,,XF34853,,中国计量大学,D681,信息管理与信息系统,,,,,,496,5336,,,,,,496,5336,,,,,,,,,本科,,,,,
8275171,宁夏,本科批,物理,,XF34853,,中国计量大学,A687,光电信息科学与工程,,,,,,496,5336,,,,,,496,5336,,,,,,,,,本科,,,,,
8275172,宁夏,本科批,物理,,XF34853,,中国计量大学,3298,智能感知工程,,,,,,497,5244,,,,,,497,5244,,,,,,,,,本科,,,,,
8275173,宁夏,本科批,物理,,XF34853,,中国计量大学,52FD,应用化学,,,,,,497,5244,,,,,,497,5244,,,,,,,,,本科,,,,,
8275174,宁夏,本科批,物理,,XF34853,,中国计量大学,3557,能源与动力工程,,,,,,497,5244,,,,,,497,5244,,,,,,,,,本科,,,,,
8275175,宁夏,本科批,物理,,XF34853,,中国计量大学,93E3,电子信息工程,,,,,,498,5138,,,,,,498,5138,,,,,,,,,本科,,,,,
8275176,宁夏,本科批,物理,,XF34853,,中国计量大学,4718,数据科学与大数据技术,,,,,,498,5138,,,,,,498,5138,,,,,,,,,本科,,,,,
8275177,宁夏,本科批,物理,,XF34853,,中国计量大学,4C65,自动化,,,,,,498,5138,,,,,,498,5138,,,,,,,,,本科,,,,,
8275178,宁夏,本科批,物理,,XF34853,,中国计量大学,ECA4,通信工程,,,,,,499,5046,,,,,,499,5046,,,,,,,,,本科,,,,,
8275179,宁夏,本科批,物理,,XF34853,,中国计量大学,A5B7,电气工程及其自动化,,,,,,502,4806,,,,,,502,4806,,,,,,,,,本科,,,,,
8275888,宁夏,本科批,历史,,XE8F1F1,,石家庄铁道大学,927B,法学,,,,,,527,1793,,,,,,527,1793,,,,,,,,,本科,,,,,
8275889,宁夏,本科批,物理,,XE8F1F1,,石家庄铁道大学,C493,土木类,,,,,,471,8067,,,,,,471,8067,,,,,,,,,本科,,,,,
8275890,宁夏,本科批,物理,,XE8F1F1,,石家庄铁道大学,2426,材料类,,,,,,473,7812,,,,,,473,7812,,,,,,,,,本科,,,,,
8275891,宁夏,本科批,物理,,XE8F1F1,,石家庄铁道大学,9731,安全科学与工程类,,,,,,474,7703,,,,,,474,7703,,,,,,,,,本科,,,,,
8275892,宁夏,本科批,物理,,XE8F1F1,,石家庄铁道大学,78FF,机械设计制造及其自动化,,,,,,476,7457,,,,,,476,7457,,,,,,,,,本科,,,,,
8275893,宁夏,本科批,物理,,XE8F1F1,,石家庄铁道大学,4C65,自动化,,,,,,477,7346,,,,,,477,7346,,,,,,,,,本科,,,,,
8275894,宁夏,本科批,物理,,XE8F1F1,,石家庄铁道大学,82E6,计算机类,,,,,,479,7107,,,,,,479,7107,,,,,,,,,本科,,,,,
8275895,宁夏,本科批,物理,,XE8F1F1,,石家庄铁道大学,52F8,轨道交通信号与控制,,,,,,488,6101,,,,,,488,6101,,,,,,,,,本科,,,,,
8276688,宁夏,本科批,物理,,XF5A5F0,,哈尔滨医科大学,817D,康复治疗学,,,,,,425,15604,,,,,,425,15604,,,,,,,,,本科,,,,,
8276689,宁夏,本科批,物理,,XF5A5F0,,哈尔滨医科大学,BE91,医学检验技术,,,,,,429,14886,,,,,,429,14886,,,,,,,,,本科,,,,,
8277469,宁夏,本科批,物理,,X7CB09D,,沈阳工业大学,09EE,市场营销,,,,,,426,15234,,,,,,426,15234,,,,,,,,,本科,,,,,
8277470,宁夏,本科批,物理,,X7CB09D,,沈阳工业大学,04A0,工商管理,,,,,,426,15234,,,,,,426,15234,,,,,,,,,本科,,,,,
8277471,宁夏,本科批,物理,,X7CB09D,,沈阳工业大学,2CCB,功能材料（国家专项计划）,国家专项计划,,,,,433,13883,,,,,,433,13883,,,,,,,,,本科,,,,,
8277472,宁夏,本科批,物理,,X7CB09D,,沈阳工业大学,45B1,材料成型及控制工程（国家专项计划）,国家专项计划,,,,,438,12985,,,,,,438,12985,,,,,,,,,本科,,,,,
8277473,宁夏,本科批,物理,,X7CB09D,,沈阳工业大学,A5C9,建筑学,,,,,,445,11823,,,,,,445,11823,,,,,,,,,本科,,,,,
8277474,宁夏,本科批,物理,,X7CB09D,,沈阳工业大学,FEF6,材料成型及控制工程,,,,,,446,11628,,,,,,446,11628,,,,,,,,,本科,,,,,
8277475,宁夏,本科批,物理,,X7CB09D,,沈阳工业大学,6A3A,建筑环境与能源应用工程,,,,,,447,11446,,,,,,447,11446,,,,,,,,,本科,,,,,
8277476,宁夏,本科批,物理,,X7CB09D,,沈阳工业大学,16DF,金融工程,,,,,,447,11446,,,,,,447,11446,,,,,,,,,本科,,,,,
8277477,宁夏,本科批,物理,,X7CB09D,,沈阳工业大学,25FE,数学与应用数学,,,,,,448,11257,,,,,,448,11257,,,,,,,,,本科,,,,,
8277478,宁夏,本科批,物理,,X7CB09D,,沈阳工业大学,E1BB,功能材料,,,,,,449,11095,,,,,,449,11095,,,,,,,,,本科,,,,,
8277479,宁夏,本科批,物理,,X7CB09D,,沈阳工业大学,6F56,工程管理,,,,,,453,10448,,,,,,453,10448,,,,,,,,,本科,,,,,
8277480,宁夏,本科批,物理,,X7CB09D,,沈阳工业大学,5257,工业工程,,,,,,454,10282,,,,,,454,10282,,,,,,,,,本科,,,,,
8277481,宁夏,本科批,物理,,X7CB09D,,沈阳工业大学,38B5,能源化学工程,,,,,,457,9834,,,,,,457,9834,,,,,,,,,本科,,,,,
8277482,宁夏,本科批,物理,,X7CB09D,,沈阳工业大学,548C,信息与计算科学,,,,,,458,9681,,,,,,458,9681,,,,,,,,,本科,,,,,
8277483,宁夏,本科批,物理,,X7CB09D,,沈阳工业大学,A5D2,测控技术与仪器,,,,,,461,9236,,,,,,461,9236,,,,,,,,,本科,,,,,
8277484,宁夏,本科批,物理,,X7CB09D,,沈阳工业大学,B9A5,计算机科学与技术,,,,,,465,8687,,,,,,465,8687,,,,,,,,,本科,,,,,
8277485,宁夏,本科批,物理,,X7CB09D,,沈阳工业大学,78FF,机械设计制造及其自动化,,,,,,467,8439,,,,,,467,8439,,,,,,,,,本科,,,,,
8277486,宁夏,本科批,物理,,X7CB09D,,沈阳工业大学,ECA4,通信工程,,,,,,470,8067,,,,,,470,8067,,,,,,,,,本科,,,,,
8277487,宁夏,本科批,物理,,X7CB09D,,沈阳工业大学,4C65,自动化,,,,,,471,7933,,,,,,471,7933,,,,,,,,,本科,,,,,
8277488,宁夏,本科批,物理,,X7CB09D,,沈阳工业大学,A5B7,电气工程及其自动化,,,,,,503,4626,,,,,,503,4626,,,,,,,,,本科,,,,,
8278305,宁夏,本科批,历史,,XB88582,,江苏科技大学,D9E9,外国语言文学类,,,,,,502,3081,,,,,,502,3081,,,,,,,,,本科,,,,,
8278306,宁夏,本科批,历史,,XB88582,,江苏科技大学,CA0F,旅游管理,,,,,,504,2973,,,,,,504,2973,,,,,,,,,本科,,,,,
8278307,宁夏,本科批,历史,,XB88582,,江苏科技大学,D0E1,政治学与行政学,,,,,,507,2792,,,,,,507,2792,,,,,,,,,本科,,,,,
8278308,宁夏,本科批,历史,,XB88582,,江苏科技大学,5E19,会计学,,,,,,510,2612,,,,,,510,2612,,,,,,,,,本科,,,,,
8278309,宁夏,本科批,物理,,XB88582,,江苏科技大学,FBFE,物流管理,,,,,,435,13689,,,,,,435,13689,,,,,,,,,本科,,,,,
8278310,宁夏,本科批,物理,,XB88582,,江苏科技大学,52FD,应用化学,,,,,,437,13337,,,,,,437,13337,,,,,,,,,本科,,,,,
8278311,宁夏,本科批,物理,,XB88582,,江苏科技大学,4ECE,土木工程,,,,,,439,12985,,,,,,439,12985,,,,,,,,,本科,,,,,
8278312,宁夏,本科批,物理,,XB88582,,江苏科技大学,6F56,工程管理,,,,,,441,12659,,,,,,441,12659,,,,,,,,,本科,,,,,
8278313,宁夏,本科批,物理,,XB88582,,江苏科技大学,2426,材料类,,,,,,442,12470,,,,,,442,12470,,,,,,,,,本科,,,,,
8278314,宁夏,本科批,物理,,XB88582,,江苏科技大学,16DF,金融工程,,,,,,446,11823,,,,,,446,11823,,,,,,,,,本科,,,,,
8278315,宁夏,本科批,物理,,XB88582,,江苏科技大学,8EF0,管理科学与工程类,,,,,,447,11628,,,,,,447,11628,,,,,,,,,本科,,,,,
8278316,宁夏,本科批,物理,,XB88582,,江苏科技大学,7E23,环境工程,,,,,,451,10913,,,,,,451,10913,,,,,,,,,本科,,,,,
8278317,宁夏,本科批,物理,,XB88582,,江苏科技大学,EF96,食品科学与工程类,,,,,,459,9681,,,,,,459,9681,,,,,,,,,本科,,,,,
8278318,宁夏,本科批,物理,,XB88582,,江苏科技大学,E2E1,生物工程,,,,,,463,9101,,,,,,463,9101,,,,,,,,,本科,,,,,
8278319,宁夏,本科批,物理,,XB88582,,江苏科技大学,3477,应用物理学,,,,,,467,8565,,,,,,467,8565,,,,,,,,,本科,,,,,
8278320,宁夏,本科批,物理,,XB88582,,江苏科技大学,6A3A,建筑环境与能源应用工程,,,,,,469,8304,,,,,,469,8304,,,,,,,,,本科,,,,,
8278321,宁夏,本科批,物理,,XB88582,,江苏科技大学,C0DA,应用统计学,,,,,,469,8304,,,,,,469,8304,,,,,,,,,本科,,,,,
8278322,宁夏,本科批,物理,,XB88582,,江苏科技大学,5257,工业工程,,,,,,471,8067,,,,,,471,8067,,,,,,,,,本科,,,,,
8278323,宁夏,本科批,物理,,XB88582,,江苏科技大学,FEF6,材料成型及控制工程,,,,,,475,7574,,,,,,475,7574,,,,,,,,,本科,,,,,
8278324,宁夏,本科批,物理,,XB88582,,江苏科技大学,4EA7,新能源材料与器件,,,,,,478,7235,,,,,,478,7235,,,,,,,,,本科,,,,,
8278325,宁夏,本科批,物理,,XB88582,,江苏科技大学,AE50,轮机工程,,,,,,479,7107,,,,,,479,7107,,,,,,,,,本科,,,,,
8278326,宁夏,本科批,物理,,XB88582,,江苏科技大学,3615,机械类,,,,,,480,6986,,,,,,480,6986,,,,,,,,,本科,,,,,
8278327,宁夏,本科批,物理,,XB88582,,江苏科技大学,861C,电子信息类,,,,,,482,6750,,,,,,482,6750,,,,,,,,,本科,,,,,
8278328,宁夏,本科批,物理,,XB88582,,江苏科技大学,4C65,自动化,,,,,,485,6416,,,,,,485,6416,,,,,,,,,本科,,,,,
8278789,宁夏,本科批,物理,,XF13F19,,中国医科大学,A39E,预防医学,,,,,,495,5424,,,,,,495,5424,,,,,,,,,本科,,,,,
8278790,宁夏,本科批,物理,,XF13F19,,中国医科大学,5DA6,口腔医学,,,,,,522,3293,,,,,,522,3293,,,,,,,,,本科,,,,,
8278791,宁夏,本科批,物理,,XF13F19,,中国医科大学,97D0,临床医学,,,,,,528,2930,,,,,,528,2930,,,,,,,,,本科,,,,,
8279247,宁夏,本科批,物理,,XA2BA21,,上海海洋大学,6A3A,建筑环境与能源应用工程,,,,,,465,8813,,,,,,465,8813,,,,,,,,,本科,,,,,
8279248,宁夏,本科批,物理,,XA2BA21,,上海海洋大学,FEAF,水产类,,,,,,469,8304,,,,,,469,8304,,,,,,,,,本科,,,,,
8279249,宁夏,本科批,物理,,XA2BA21,,上海海洋大学,82E6,计算机类,,,,,,471,8067,,,,,,471,8067,,,,,,,,,本科,,,,,
8279711,宁夏,本科批,物理,,XFDFA6C,,成都中医药大学,53B9,食品质量与安全,,,,,,442,12470,,,,,,442,12470,,,,,,,,,本科,,,,,
8279712,宁夏,本科批,物理,,XFDFA6C,,成都中医药大学,004B,医学信息工程,,,,,,447,11628,,,,,,447,11628,,,,,,,,,本科,,,,,
8279713,宁夏,本科批,物理,,XFDFA6C,,成都中医药大学,97D0,临床医学,,,,,,451,10913,,,,,,451,10913,,,,,,,,,本科,,,,,
8279714,宁夏,本科批,物理,,XFDFA6C,,成都中医药大学,0541,生物科学,,,,,,455,10282,,,,,,455,10282,,,,,,,,,本科,,,,,
8280419,宁夏,本科批,历史,,XA10288,,安徽财经大学,1049,商务英语,,,,,,506,2854,,,,,,506,2854,,,,,,,,,本科,,,,,
8280420,宁夏,本科批,历史,,XA10288,,安徽财经大学,4154,电子商务,,,,,,511,2553,,,,,,511,2553,,,,,,,,,本科,,,,,
8280421,宁夏,本科批,历史,,XA10288,,安徽财经大学,46AC,公共管理类,,,,,,512,2492,,,,,,512,2492,,,,,,,,,本科,,,,,
8280422,宁夏,本科批,历史,,XA10288,,安徽财经大学,C29F,经济学类,,,,,,513,2442,,,,,,513,2442,,,,,,,,,本科,,,,,
8280423,宁夏,本科批,历史,,XA10288,,安徽财经大学,EF7C,工商管理类,,,,,,514,2392,,,,,,514,2392,,,,,,,,,本科,,,,,
8280424,宁夏,本科批,历史,,XA10288,,安徽财经大学,CA9C,财政学类,,,,,,523,1956,,,,,,523,1956,,,,,,,,,本科,,,,,
8280425,宁夏,本科批,历史,,XA10288,,安徽财经大学,0FBC,金融学,,,,,,530,1676,,,,,,530,1676,,,,,,,,,本科,,,,,
8280426,宁夏,本科批,历史,,XA10288,,安徽财经大学,927B,法学,,,,,,535,1493,,,,,,535,1493,,,,,,,,,本科,,,,,
8280427,宁夏,本科批,历史,,XA10288,,安徽财经大学,978C,审计学,,,,,,539,1345,,,,,,539,1345,,,,,,,,,本科,,,,,
8280428,宁夏,本科批,物理,,XA10288,,安徽财经大学,46AC,公共管理类,,,,,,432,14269,,,,,,432,14269,,,,,,,,,本科,,,,,
8280429,宁夏,本科批,物理,,XA10288,,安徽财经大学,8EF0,管理科学与工程类,,,,,,447,11628,,,,,,447,11628,,,,,,,,,本科,,,,,
8280430,宁夏,本科批,物理,,XA10288,,安徽财经大学,EF7C,工商管理类,,,,,,449,11257,,,,,,449,11257,,,,,,,,,本科,,,,,
8280431,宁夏,本科批,物理,,XA10288,,安徽财经大学,25FE,数学与应用数学,,,,,,450,11095,,,,,,450,11095,,,,,,,,,本科,,,,,
8280432,宁夏,本科批,物理,,XA10288,,安徽财经大学,82E6,计算机类,,,,,,452,10754,,,,,,452,10754,,,,,,,,,本科,,,,,
8280433,宁夏,本科批,物理,,XA10288,,安徽财经大学,861C,电子信息类,,,,,,454,10448,,,,,,454,10448,,,,,,,,,本科,,,,,
8280434,宁夏,本科批,物理,,XA10288,,安徽财经大学,CA9C,财政学类,,,,,,457,9966,,,,,,457,9966,,,,,,,,,本科,,,,,
8280435,宁夏,本科批,物理,,XA10288,,安徽财经大学,927B,法学,,,,,,459,9681,,,,,,459,9681,,,,,,,,,本科,,,,,
8280436,宁夏,本科批,物理,,XA10288,,安徽财经大学,FB18,财务管理,,,,,,462,9236,,,,,,462,9236,,,,,,,,,本科,,,,,
8280437,宁夏,本科批,物理,,XA10288,,安徽财经大学,0FBC,金融学,,,,,,462,9236,,,,,,462,9236,,,,,,,,,本科,,,,,
8281486,宁夏,本科批,历史,,XCFEFE8,,南京林业大学,CA0F,旅游管理,,,,,,502,3081,,,,,,502,3081,,,,,,,,,本科,,,,,
8281487,宁夏,本科批,历史,,XCFEFE8,,南京林业大学,9301,新闻传播学类,,,,,,529,1710,,,,,,529,1710,,,,,,,,,本科,,,,,
8281488,宁夏,本科批,历史,,XCFEFE8,,南京林业大学,D243,汉语言文学,,,,,,547,1092,,,,,,547,1092,,,,,,,,,本科,,,,,
8281489,宁夏,本科批,物理,,XCFEFE8,,南京林业大学,04A0,工商管理,,,,,,456,10121,,,,,,456,10121,,,,,,,,,本科,,,,,
8281490,宁夏,本科批,物理,,XCFEFE8,,南京林业大学,EAB4,轻化工程,,,,,,458,9834,,,,,,458,9834,,,,,,,,,本科,,,,,
8281491,宁夏,本科批,物理,,XCFEFE8,,南京林业大学,C493,土木类,,,,,,461,9388,,,,,,461,9388,,,,,,,,,本科,,,,,
8281492,宁夏,本科批,物理,,XCFEFE8,,南京林业大学,F5D1,木结构建筑与材料,,,,,,467,8565,,,,,,467,8565,,,,,,,,,本科,,,,,
8281493,宁夏,本科批,物理,,XCFEFE8,,南京林业大学,16DF,金融工程,,,,,,468,8439,,,,,,468,8439,,,,,,,,,本科,,,,,
8281494,宁夏,本科批,物理,,XCFEFE8,,南京林业大学,7D22,材料化学,,,,,,470,8177,,,,,,470,8177,,,,,,,,,本科,,,,,
8281495,宁夏,本科批,物理,,XCFEFE8,,南京林业大学,D6ED,化学工程与工艺,,,,,,471,8067,,,,,,471,8067,,,,,,,,,本科,,,,,
8281496,宁夏,本科批,物理,,XCFEFE8,,南京林业大学,E693,水土保持与荒漠化防治,,,,,,473,7812,,,,,,473,7812,,,,,,,,,本科,,,,,
8281497,宁夏,本科批,物理,,XCFEFE8,,南京林业大学,D901,木材科学与工程,,,,,,474,7703,,,,,,474,7703,,,,,,,,,本科,,,,,
8281498,宁夏,本科批,物理,,XCFEFE8,,南京林业大学,9AAC,生物工程类,,,,,,476,7457,,,,,,476,7457,,,,,,,,,本科,,,,,
8281499,宁夏,本科批,物理,,XCFEFE8,,南京林业大学,EF96,食品科学与工程类,,,,,,478,7235,,,,,,478,7235,,,,,,,,,本科,,,,,
8281500,宁夏,本科批,物理,,XCFEFE8,,南京林业大学,852C,交通运输类,,,,,,479,7107,,,,,,479,7107,,,,,,,,,本科,,,,,
8281501,宁夏,本科批,物理,,XCFEFE8,,南京林业大学,5B8B,高分子材料与工程,,,,,,480,6986,,,,,,480,6986,,,,,,,,,本科,,,,,
8281502,宁夏,本科批,物理,,XCFEFE8,,南京林业大学,2980,智能车辆工程,,,,,,485,6416,,,,,,485,6416,,,,,,,,,本科,,,,,
8281503,宁夏,本科批,物理,,XCFEFE8,,南京林业大学,8EA2,机械电子工程,,,,,,485,6416,,,,,,485,6416,,,,,,,,,本科,,,,,
8281504,宁夏,本科批,物理,,XCFEFE8,,南京林业大学,6E5A,园林,,,,,,486,6312,,,,,,486,6312,,,,,,,,,本科,,,,,
8281505,宁夏,本科批,物理,,XCFEFE8,,南京林业大学,78FF,机械设计制造及其自动化,,,,,,492,5700,,,,,,492,5700,,,,,,,,,本科,,,,,
8281506,宁夏,本科批,物理,,XCFEFE8,,南京林业大学,7790,林学类,,,,,,497,5244,,,,,,497,5244,,,,,,,,,本科,,,,,
8282930,宁夏,本科批,历史,,X076D9E,,长春理工大学,EF7C,工商管理类,,,,,,503,3027,,,,,,503,3027,,,,,,,,,本科,,,,,
8282931,宁夏,本科批,历史,,X076D9E,,长春理工大学,4145,英语,,,,,,504,2973,,,,,,504,2973,,,,,,,,,本科,,,,,
8282932,宁夏,本科批,历史,,X076D9E,,长春理工大学,E6CB,社会工作,,,,,,505,2906,,,,,,505,2906,,,,,,,,,本科,,,,,
8282933,宁夏,本科批,历史,,X076D9E,,长春理工大学,D243,汉语言文学,,,,,,506,2854,,,,,,506,2854,,,,,,,,,本科,,,,,
8282934,宁夏,本科批,物理,,X076D9E,,长春理工大学,52FD,应用化学,,,,,,480,6986,,,,,,480,6986,,,,,,,,,本科,,,,,
8282935,宁夏,本科批,物理,,X076D9E,,长春理工大学,D6ED,化学工程与工艺,,,,,,482,6750,,,,,,482,6750,,,,,,,,,本科,,,,,
8282936,宁夏,本科批,物理,,X076D9E,,长春理工大学,D734,"光电信息科学与工程（工学方向,授工学学位）","工学方向,授工学学位",,,,,487,6218,,,,,,487,6218,,,,,,,,,本科,,,,,
8282937,宁夏,本科批,物理,,X076D9E,,长春理工大学,3EC8,"光电信息科学与工程（理学方向,授理学学位）","理学方向,授理学学位",,,,,489,5993,,,,,,489,5993,,,,,,,,,本科,,,,,
8282938,宁夏,本科批,物理,,X076D9E,,长春理工大学,B9A5,计算机科学与技术,,,,,,496,5336,,,,,,496,5336,,,,,,,,,本科,,,,,
8284688,宁夏,本科批,历史,,X5069E4,,重庆文理学院,9AA3,文化遗产,,,,,,480,4593,,,,,,480,4593,,,,,,,,,本科,,,,,
8284689,宁夏,本科批,历史,,X5069E4,,重庆文理学院,A7E8,会展经济与管理,,,,,,482,4429,,,,,,482,4429,,,,,,,,,本科,,,,,
8284690,宁夏,本科批,历史,,X5069E4,,重庆文理学院,927B,法学,,,,,,490,3859,,,,,,490,3859,,,,,,,,,本科,,,,,
8284691,宁夏,本科批,物理,,X5069E4,,重庆文理学院,289B,微电子科学与工程,,,,,,419,16846,,,,,,419,16846,,,,,,,,,本科,,,,,
8284692,宁夏,本科批,物理,,X5069E4,,重庆文理学院,371D,工程造价,,,,,,419,16846,,,,,,419,16846,,,,,,,,,本科,,,,,
8284693,宁夏,本科批,物理,,X5069E4,,重庆文理学院,FB65,风景园林,,,,,,419,16846,,,,,,419,16846,,,,,,,,,本科,,,,,
8284694,宁夏,本科批,物理,,X5069E4,,重庆文理学院,5FC4,环境科学,,,,,,419,16846,,,,,,419,16846,,,,,,,,,本科,,,,,
8284695,宁夏,本科批,物理,,X5069E4,,重庆文理学院,7932,电子信息科学与技术,,,,,,420,16610,,,,,,420,16610,,,,,,,,,本科,,,,,
8284696,宁夏,本科批,物理,,X5069E4,,重庆文理学院,6995,网络工程,,,,,,422,16199,,,,,,422,16199,,,,,,,,,本科,,,,,
8285414,宁夏,本科批,历史,,X3395B0,,海南医科大学,090D,公共事业管理,,,,,,477,4821,,,,,,477,4821,,,,,,,,,本科,,,,,
8285415,宁夏,本科批,历史,,X3395B0,,海南医科大学,9FD2,健康服务与管理,,,,,,479,4671,,,,,,479,4671,,,,,,,,,本科,,,,,
8285416,宁夏,本科批,物理,,X3395B0,,海南医科大学,9FD2,健康服务与管理,,,,,,414,17904,,,,,,414,17904,,,,,,,,,本科,,,,,
8285417,宁夏,本科批,物理,,X3395B0,,海南医科大学,F89C,生物技术,,,,,,426,15424,,,,,,426,15424,,,,,,,,,本科,,,,,
8285418,宁夏,本科批,物理,,X3395B0,,海南医科大学,4BF3,护理学,,,,,,427,15234,,,,,,427,15234,,,,,,,,,本科,,,,,
8285419,宁夏,本科批,物理,,X3395B0,,海南医科大学,A39E,预防医学,,,,,,431,14482,,,,,,431,14482,,,,,,,,,本科,,,,,
8285420,宁夏,本科批,物理,,X3395B0,,海南医科大学,57E6,医学影像学,,,,,,434,13883,,,,,,434,13883,,,,,,,,,本科,,,,,
8285421,宁夏,本科批,物理,,X3395B0,,海南医科大学,50E3,医学影像技术（中外合作办学）,中外合作办学,,,,,448,11446,,,,,,448,11446,,,,,,,,,本科,,,,,
8285422,宁夏,本科批,物理,,X3395B0,,海南医科大学,5DA6,口腔医学,,,,,,467,8565,,,,,,467,8565,,,,,,,,,本科,,,,,
8285423,宁夏,本科批,物理,,X3395B0,,海南医科大学,97D0,临床医学,,,,,,499,5046,,,,,,499,5046,,,,,,,,,本科,,,,,
8286341,宁夏,本科批,历史,,X0E72B5,,东北林业大学,D39B,少数民族预科班（民族预科一年）,民族预科一年,,,,,502,3081,,,,,,502,3081,,,,,,,,,本科,,,,,
8286342,宁夏,本科批,历史,,X0E72B5,,东北林业大学,3739,广告学,,,,,,536,1458,,,,,,536,1458,,,,,,,,,本科,,,,,
8286343,宁夏,本科批,历史,,X0E72B5,,东北林业大学,671C,日语,,,,,,538,1379,,,,,,538,1379,,,,,,,,,本科,,,,,
8286344,宁夏,本科批,历史,,X0E72B5,,东北林业大学,C29F,经济学类,,,,,,539,1345,,,,,,539,1345,,,,,,,,,本科,,,,,
8286345,宁夏,本科批,历史,,X0E72B5,,东北林业大学,EF7C,工商管理类,,,,,,542,1252,,,,,,542,1252,,,,,,,,,本科,,,,,
8286346,宁夏,本科批,历史,,X0E72B5,,东北林业大学,E6CB,社会工作,,,,,,552,950,,,,,,552,950,,,,,,,,,本科,,,,,
8286347,宁夏,本科批,历史,,X0E72B5,,东北林业大学,927B,法学,,,,,,553,921,,,,,,553,921,,,,,,,,,本科,,,,,
8286348,宁夏,本科批,历史,,X0E72B5,,东北林业大学,FB65,风景园林,,,,,,556,854,,,,,,556,854,,,,,,,,,本科,,,,,
8286349,宁夏,本科批,物理,,X0E72B5,,东北林业大学,D39B,少数民族预科班（民族预科一年）,民族预科一年,,,,,432,14269,,,,,,432,14269,,,,,,,,,本科,,,,,
8286350,宁夏,本科批,物理,,X0E72B5,,东北林业大学,6A3A,建筑环境与能源应用工程,,,,,,432,14269,,,,,,432,14269,,,,,,,,,本科,,,,,
8286351,宁夏,本科批,物理,,X0E72B5,,东北林业大学,794A,林产化工,,,,,,435,13689,,,,,,435,13689,,,,,,,,,本科,,,,,
8286352,宁夏,本科批,物理,,X0E72B5,,东北林业大学,EAB4,轻化工程,,,,,,436,13513,,,,,,436,13513,,,,,,,,,本科,,,,,
8286353,宁夏,本科批,物理,,X0E72B5,,东北林业大学,BFE5,家具设计与工程,,,,,,437,13337,,,,,,437,13337,,,,,,,,,本科,,,,,
8286354,宁夏,本科批,物理,,X0E72B5,,东北林业大学,6472,野生动物与自然保护区管理,,,,,,437,13337,,,,,,437,13337,,,,,,,,,本科,,,,,
8286355,宁夏,本科批,物理,,X0E72B5,,东北林业大学,E347,工业设计,,,,,,438,13162,,,,,,438,13162,,,,,,,,,本科,,,,,
8286356,宁夏,本科批,物理,,X0E72B5,,东北林业大学,4ECE,土木工程,,,,,,438,13162,,,,,,438,13162,,,,,,,,,本科,,,,,
8286357,宁夏,本科批,物理,,X0E72B5,,东北林业大学,A9F7,土木工程（国家专项计划）,国家专项计划,,,,,439,12985,,,,,,439,12985,,,,,,,,,本科,,,,,
8286358,宁夏,本科批,物理,,X0E72B5,,东北林业大学,56F2,工商管理类（国家专项计划）,国家专项计划,,,,,441,12659,,,,,,441,12659,,,,,,,,,本科,,,,,
8286359,宁夏,本科批,物理,,X0E72B5,,东北林业大学,6E5A,园林,,,,,,441,12659,,,,,,441,12659,,,,,,,,,本科,,,,,
8286360,宁夏,本科批,物理,,X0E72B5,,东北林业大学,D901,木材科学与工程,,,,,,441,12659,,,,,,441,12659,,,,,,,,,本科,,,,,
8286361,宁夏,本科批,物理,,X0E72B5,,东北林业大学,6954,化学类,,,,,,442,12470,,,,,,442,12470,,,,,,,,,本科,,,,,
8286362,宁夏,本科批,物理,,X0E72B5,,东北林业大学,2426,材料类,,,,,,453,10598,,,,,,453,10598,,,,,,,,,本科,,,,,
8286363,宁夏,本科批,物理,,X0E72B5,,东北林业大学,EF7C,工商管理类,,,,,,465,8813,,,,,,465,8813,,,,,,,,,本科,,,,,
8286364,宁夏,本科批,物理,,X0E72B5,,东北林业大学,AC19,农林智能装备工程,,,,,,471,8067,,,,,,471,8067,,,,,,,,,本科,,,,,
8286365,宁夏,本科批,物理,,X0E72B5,,东北林业大学,852C,交通运输类,,,,,,474,7703,,,,,,474,7703,,,,,,,,,本科,,,,,
8286366,宁夏,本科批,物理,,X0E72B5,,东北林业大学,5E49,食品科学与工程,,,,,,474,7703,,,,,,474,7703,,,,,,,,,本科,,,,,
8286367,宁夏,本科批,物理,,X0E72B5,,东北林业大学,7790,林学类,,,,,,481,6851,,,,,,481,6851,,,,,,,,,本科,,,,,
8286368,宁夏,本科批,物理,,X0E72B5,,东北林业大学,D6ED,化学工程与工艺,,,,,,482,6750,,,,,,482,6750,,,,,,,,,本科,,,,,
8287140,宁夏,本科批,历史,,X3450BE,,云南财经大学,FB18,财务管理,,,,,,493,3637,,,,,,493,3637,,,,,,,,,本科,,,,,
8287141,宁夏,本科批,历史,,X3450BE,,云南财经大学,5E19,会计学,,,,,,496,3451,,,,,,496,3451,,,,,,,,,本科,,,,,
8287142,宁夏,本科批,物理,,X3450BE,,云南财经大学,FB18,财务管理,,,,,,437,13337,,,,,,437,13337,,,,,,,,,本科,,,,,
8287143,宁夏,本科批,物理,,X3450BE,,云南财经大学,5E19,会计学,,,,,,445,11992,,,,,,445,11992,,,,,,,,,本科,,,,,
8287941,宁夏,本科批,物理,,X0EB23A,,北华大学,BFE5,家具设计与工程,,,,,,414,17904,,,,,,414,17904,,,,,,,,,本科,,,,,
8287942,宁夏,本科批,物理,,X0EB23A,,北华大学,817D,康复治疗学,,,,,,419,16846,,,,,,419,16846,,,,,,,,,本科,,,,,
8287943,宁夏,本科批,物理,,X0EB23A,,北华大学,B5AE,化学,,,,,,419,16846,,,,,,419,16846,,,,,,,,,本科,,,,,
8287944,宁夏,本科批,物理,,X0EB23A,,北华大学,802A,物理学,,,,,,420,16610,,,,,,420,16610,,,,,,,,,本科,,,,,
8287945,宁夏,本科批,物理,,X0EB23A,,北华大学,FEF6,材料成型及控制工程,,,,,,423,15998,,,,,,423,15998,,,,,,,,,本科,,,,,
8287946,宁夏,本科批,物理,,X0EB23A,,北华大学,B9A5,计算机科学与技术,,,,,,429,14886,,,,,,429,14886,,,,,,,,,本科,,,,,
8287947,宁夏,本科批,物理,,X0EB23A,,北华大学,93E3,电子信息工程,,,,,,429,14886,,,,,,429,14886,,,,,,,,,本科,,,,,
8287948,宁夏,本科批,物理,,X0EB23A,,北华大学,4C65,自动化,,,,,,433,14069,,,,,,433,14069,,,,,,,,,本科,,,,,
8287949,宁夏,本科批,物理,,X0EB23A,,北华大学,A5B7,电气工程及其自动化,,,,,,435,13689,,,,,,435,13689,,,,,,,,,本科,,,,,
8288861,宁夏,本科批,物理,,XA594C7,,中北大学,76B9,统计学,,,,,,466,8687,,,,,,466,8687,,,,,,,,,本科,,,,,
8288862,宁夏,本科批,物理,,XA594C7,,中北大学,52FD,应用化学,,,,,,467,8565,,,,,,467,8565,,,,,,,,,本科,,,,,
8288863,宁夏,本科批,物理,,XA594C7,,中北大学,FEF6,材料成型及控制工程,,,,,,469,8304,,,,,,469,8304,,,,,,,,,本科,,,,,
8288864,宁夏,本科批,物理,,XA594C7,,中北大学,262E,金属材料工程,,,,,,473,7812,,,,,,473,7812,,,,,,,,,本科,,,,,
8288865,宁夏,本科批,物理,,XA594C7,,中北大学,3477,应用物理学,,,,,,474,7703,,,,,,474,7703,,,,,,,,,本科,,,,,
8288866,宁夏,本科批,物理,,XA594C7,,中北大学,548C,信息与计算科学,,,,,,478,7235,,,,,,478,7235,,,,,,,,,本科,,,,,
8288867,宁夏,本科批,物理,,XA594C7,,中北大学,B5E9,无机非金属材料工程,,,,,,478,7235,,,,,,478,7235,,,,,,,,,本科,,,,,
8288868,宁夏,本科批,物理,,XA594C7,,中北大学,3298,智能感知工程,,,,,,479,7107,,,,,,479,7107,,,,,,,,,本科,,,,,
8288869,宁夏,本科批,物理,,XA594C7,,中北大学,6420,过程装备与控制工程,,,,,,479,7107,,,,,,479,7107,,,,,,,,,本科,,,,,
8288870,宁夏,本科批,物理,,XA594C7,,中北大学,8EA2,机械电子工程,,,,,,482,6750,,,,,,482,6750,,,,,,,,,本科,,,,,
8288871,宁夏,本科批,物理,,XA594C7,,中北大学,78FF,机械设计制造及其自动化,,,,,,485,6416,,,,,,485,6416,,,,,,,,,本科,,,,,
8288872,宁夏,本科批,物理,,XA594C7,,中北大学,A5D2,测控技术与仪器,,,,,,488,6101,,,,,,488,6101,,,,,,,,,本科,,,,,
8289287,宁夏,本科批,历史,,X39D479,,山东第一医科大学,090D,公共事业管理,,,,,,474,5045,,,,,,474,5045,,,,,,,,,本科,,,,,
8289288,宁夏,本科批,历史,,X39D479,,山东第一医科大学,4145,英语,,,,,,477,4821,,,,,,477,4821,,,,,,,,,本科,,,,,
8289289,宁夏,本科批,物理,,X39D479,,山东第一医科大学,090D,公共事业管理,,,,,,416,17483,,,,,,416,17483,,,,,,,,,本科,,,,,
8289290,宁夏,本科批,物理,,X39D479,,山东第一医科大学,4574,运动康复,,,,,,417,17270,,,,,,417,17270,,,,,,,,,本科,,,,,
8289291,宁夏,本科批,物理,,X39D479,,山东第一医科大学,004B,医学信息工程,,,,,,419,16846,,,,,,419,16846,,,,,,,,,本科,,,,,
8289292,宁夏,本科批,物理,,X39D479,,山东第一医科大学,CDBB,生物医学科学（济南校区）,济南校区,,,,,423,15998,,,,,,423,15998,,,,,,,,,本科,,,,,
8289293,宁夏,本科批,物理,,X39D479,,山东第一医科大学,CAC5,医学实验技术（医学实验动物方向）,医学实验动物方向,,,,,435,13689,,,,,,435,13689,,,,,,,,,本科,,,,,
8289294,宁夏,本科批,物理,,X39D479,,山东第一医科大学,40CE,制药工程,,,,,,435,13689,,,,,,435,13689,,,,,,,,,本科,,,,,
8289295,宁夏,本科批,物理,,X39D479,,山东第一医科大学,4BF3,护理学,,,,,,435,13689,,,,,,435,13689,,,,,,,,,本科,,,,,
8289296,宁夏,本科批,物理,,X39D479,,山东第一医科大学,B694,生物制药,,,,,,436,13513,,,,,,436,13513,,,,,,,,,本科,,,,,
8289297,宁夏,本科批,物理,,X39D479,,山东第一医科大学,B2B8,预防医学（卫生事业管理方向）,卫生事业管理方向,,,,,438,13162,,,,,,438,13162,,,,,,,,,本科,,,,,
8289298,宁夏,本科批,物理,,X39D479,,山东第一医科大学,B9A5,计算机科学与技术,,,,,,440,12830,,,,,,440,12830,,,,,,,,,本科,,,,,
8289299,宁夏,本科批,物理,,X39D479,,山东第一医科大学,C566,药学（济南校区）,济南校区,,,,,444,12141,,,,,,444,12141,,,,,,,,,本科,,,,,
8289300,宁夏,本科批,物理,,X39D479,,山东第一医科大学,817D,康复治疗学,,,,,,446,11823,,,,,,446,11823,,,,,,,,,本科,,,,,
8289301,宁夏,本科批,物理,,X39D479,,山东第一医科大学,8435,临床医学（济南校区）,济南校区,,,,,503,4724,,,,,,503,4724,,,,,,,,,本科,,,,,
8289872,宁夏,本科批,物理,,X7E175F,,重庆科技大学,8EF0,管理科学与工程类,,,,,,430,14690,,,,,,430,14690,,,,,,,,,本科,,,,,
8289873,宁夏,本科批,物理,,X7E175F,,重庆科技大学,3615,机械类,,,,,,432,14269,,,,,,432,14269,,,,,,,,,本科,,,,,
8289874,宁夏,本科批,物理,,X7E175F,,重庆科技大学,12CD,油气储运工程,,,,,,441,12659,,,,,,441,12659,,,,,,,,,本科,,,,,
8290685,宁夏,本科批,历史,,X22DCC2,,内蒙古大学,D40C,少数民族预科班,,,,,,492,3719,,,,,,492,3719,,,,,,,,,本科,,,,,
8290686,宁夏,本科批,物理,,X22DCC2,,内蒙古大学,D40C,少数民族预科班,,,,,,428,15065,,,,,,428,15065,,,,,,,,,本科,,,,,
8291180,宁夏,本科批,历史,,X8DF55E,,西安工程大学,57D1,服装设计与工程,,,,,,492,3719,,,,,,492,3719,,,,,,,,,本科,,,,,
8291181,宁夏,本科批,物理,,X8DF55E,,西安工程大学,C493,土木类,,,,,,433,14069,,,,,,433,14069,,,,,,,,,本科,,,,,
8291182,宁夏,本科批,物理,,X8DF55E,,西安工程大学,1627,纺织类,,,,,,441,12659,,,,,,441,12659,,,,,,,,,本科,,,,,
8291183,宁夏,本科批,物理,,X8DF55E,,西安工程大学,75BF,纺织工程,,,,,,444,12141,,,,,,444,12141,,,,,,,,,本科,,,,,
8291184,宁夏,本科批,物理,,X8DF55E,,西安工程大学,3477,应用物理学,,,,,,445,11992,,,,,,445,11992,,,,,,,,,本科,,,,,
8291185,宁夏,本科批,物理,,X8DF55E,,西安工程大学,7E23,环境工程,,,,,,451,10913,,,,,,451,10913,,,,,,,,,本科,,,,,
8291186,宁夏,本科批,物理,,X8DF55E,,西安工程大学,FEF6,材料成型及控制工程,,,,,,454,10448,,,,,,454,10448,,,,,,,,,本科,,,,,
8291187,宁夏,本科批,物理,,X8DF55E,,西安工程大学,2426,材料类,,,,,,457,9966,,,,,,457,9966,,,,,,,,,本科,,,,,
8291188,宁夏,本科批,物理,,X8DF55E,,西安工程大学,3615,机械类,,,,,,457,9966,,,,,,457,9966,,,,,,,,,本科,,,,,
8291189,宁夏,本科批,物理,,X8DF55E,,西安工程大学,289B,微电子科学与工程,,,,,,469,8304,,,,,,469,8304,,,,,,,,,本科,,,,,
8291190,宁夏,本科批,物理,,X8DF55E,,西安工程大学,82E6,计算机类,,,,,,473,7812,,,,,,473,7812,,,,,,,,,本科,,,,,
8291563,宁夏,本科批,历史,,XF8F8A8,,西安财经大学,3739,广告学,,,,,,526,1831,,,,,,526,1831,,,,,,,,,本科,,,,,
8291564,宁夏,本科批,历史,,XF8F8A8,,西安财经大学,25DE,国际经济与贸易,,,,,,527,1793,,,,,,527,1793,,,,,,,,,本科,,,,,
8291565,宁夏,本科批,历史,,XF8F8A8,,西安财经大学,09EE,市场营销,,,,,,527,1793,,,,,,527,1793,,,,,,,,,本科,,,,,
8291566,宁夏,本科批,历史,,XF8F8A8,,西安财经大学,4869,投资学,,,,,,531,1630,,,,,,531,1630,,,,,,,,,本科,,,,,
8291567,宁夏,本科批,历史,,XF8F8A8,,西安财经大学,FB18,财务管理,,,,,,533,1564,,,,,,533,1564,,,,,,,,,本科,,,,,
8291568,宁夏,本科批,历史,,XF8F8A8,,西安财经大学,0FBC,金融学,,,,,,533,1564,,,,,,533,1564,,,,,,,,,本科,,,,,
8291569,宁夏,本科批,历史,,XF8F8A8,,西安财经大学,927B,法学,,,,,,542,1252,,,,,,542,1252,,,,,,,,,本科,,,,,
8291570,宁夏,本科批,历史,,XF8F8A8,,西安财经大学,5E19,会计学,,,,,,542,1252,,,,,,542,1252,,,,,,,,,本科,,,,,
8291571,宁夏,本科批,物理,,XF8F8A8,,西安财经大学,371D,工程造价,,,,,,442,12470,,,,,,442,12470,,,,,,,,,本科,,,,,
8291572,宁夏,本科批,物理,,XF8F8A8,,西安财经大学,6AB9,经济学,,,,,,480,6986,,,,,,480,6986,,,,,,,,,本科,,,,,
8291573,宁夏,本科批,物理,,XF8F8A8,,西安财经大学,4718,数据科学与大数据技术,,,,,,481,6851,,,,,,481,6851,,,,,,,,,本科,,,,,
8291574,宁夏,本科批,物理,,XF8F8A8,,西安财经大学,978C,审计学,,,,,,484,6535,,,,,,484,6535,,,,,,,,,本科,,,,,
8292246,宁夏,本科批,历史,,XE9D198,,西安外国语大学,D40C,少数民族预科班,,,,,,495,3504,,,,,,495,3504,,,,,,,,,本科,,,,,
8292247,宁夏,本科提前批,历史,,XE9D198,,西安外国语大学,2F99,乌尔都语,,,,,,501,3138,,,,,,501,3138,,,,,,,,,本科,,,,,
8292248,宁夏,本科提前批,历史,,XE9D198,,西安外国语大学,B2F4,印地语,,,,,,503,3027,,,,,,503,3027,,,,,,,,,本科,,,,,
8292249,宁夏,本科批,历史,,XE9D198,,西安外国语大学,0FBC,金融学,,,,,,505,2906,,,,,,505,2906,,,,,,,,,本科,,,,,
8292250,宁夏,本科提前批,历史,,XE9D198,,西安外国语大学,1076,哈萨克语,,,,,,506,2854,,,,,,506,2854,,,,,,,,,本科,,,,,
8292251,宁夏,本科提前批,历史,,XE9D198,,西安外国语大学,5917,罗马尼亚语,,,,,,509,2669,,,,,,509,2669,,,,,,,,,本科,,,,,
8292252,宁夏,本科批,历史,,XE9D198,,西安外国语大学,8607,法语,,,,,,510,2612,,,,,,510,2612,,,,,,,,,本科,,,,,
8292253,宁夏,本科提前批,历史,,XE9D198,,西安外国语大学,63A4,土耳其语,,,,,,511,2553,,,,,,511,2553,,,,,,,,,本科,,,,,
8292254,宁夏,本科批,历史,,XE9D198,,西安外国语大学,7223,外交学,,,,,,513,2442,,,,,,513,2442,,,,,,,,,本科,,,,,
8292255,宁夏,本科批,历史,,XE9D198,,西安外国语大学,4145,英语,,,,,,516,2309,,,,,,516,2309,,,,,,,,,本科,,,,,
8292256,宁夏,本科批,历史,,XE9D198,,西安外国语大学,C240,语言学,,,,,,517,2242,,,,,,517,2242,,,,,,,,,本科,,,,,
8292257,宁夏,本科批,历史,,XE9D198,,西安外国语大学,5E19,会计学,,,,,,518,2196,,,,,,518,2196,,,,,,,,,本科,,,,,
8292258,宁夏,本科批,历史,,XE9D198,,西安外国语大学,04A0,工商管理,,,,,,519,2144,,,,,,519,2144,,,,,,,,,本科,,,,,
8292259,宁夏,本科批,历史,,XE9D198,,西安外国语大学,A615,汉语国际教育,,,,,,521,2051,,,,,,521,2051,,,,,,,,,本科,,,,,
8292260,宁夏,本科提前批,历史,,XE9D198,,西安外国语大学,B142,阿拉伯语,,,,,,527,1793,,,,,,527,1793,,,,,,,,,本科,,,,,
8292261,宁夏,本科提前批,历史,,XE9D198,,西安外国语大学,DFBD,意大利语,,,,,,530,1676,,,,,,530,1676,,,,,,,,,本科,,,,,
8292262,宁夏,本科提前批,历史,,XE9D198,,西安外国语大学,E58A,印度尼西亚语,,,,,,543,1216,,,,,,543,1216,,,,,,,,,本科,,,,,
8292263,宁夏,本科批,历史,,XE9D198,,西安外国语大学,F338,英语（师范类）,师范类,,,,,551,974,,,,,,551,974,,,,,,,,,本科,,,,,
8292264,宁夏,本科批,物理,,XE9D198,,西安外国语大学,D40C,少数民族预科班,,,,,,431,14482,,,,,,431,14482,,,,,,,,,本科,,,,,
8292265,宁夏,本科提前批,物理,,XE9D198,,西安外国语大学,63A4,土耳其语,,,,,,433,14069,,,,,,433,14069,,,,,,,,,本科,,,,,
8292266,宁夏,本科提前批,物理,,XE9D198,,西安外国语大学,E58A,印度尼西亚语,,,,,,455,10282,,,,,,455,10282,,,,,,,,,本科,,,,,
8292267,宁夏,本科提前批,物理,,XE9D198,,西安外国语大学,B142,阿拉伯语,,,,,,457,9966,,,,,,457,9966,,,,,,,,,本科,,,,,
8292268,宁夏,本科批,物理,,XE9D198,,西安外国语大学,978C,审计学,,,,,,466,8687,,,,,,466,8687,,,,,,,,,本科,,,,,
8292269,宁夏,本科批,物理,,XE9D198,,西安外国语大学,62BF,大数据管理与应用,,,,,,467,8565,,,,,,467,8565,,,,,,,,,本科,,,,,
8292270,宁夏,本科批,物理,,XE9D198,,西安外国语大学,5E19,会计学,,,,,,467,8565,,,,,,467,8565,,,,,,,,,本科,,,,,
8292271,宁夏,本科批,物理,,XE9D198,,西安外国语大学,0FBC,金融学,,,,,,468,8439,,,,,,468,8439,,,,,,,,,本科,,,,,
8292272,宁夏,本科批,物理,,XE9D198,,西安外国语大学,8B36,翻译,,,,,,472,7933,,,,,,472,7933,,,,,,,,,本科,,,,,
8292273,宁夏,本科批,物理,,XE9D198,,西安外国语大学,BFDA,人文地理与城乡规划,,,,,,473,7812,,,,,,473,7812,,,,,,,,,本科,,,,,
8292274,宁夏,本科批,物理,,XE9D198,,西安外国语大学,CA0F,旅游管理,,,,,,473,7812,,,,,,473,7812,,,,,,,,,本科,,,,,
8292275,宁夏,本科提前批,物理,,XE9D198,,西安外国语大学,FC90,俄语,,,,,,473,7812,,,,,,473,7812,,,,,,,,,本科,,,,,
8292276,宁夏,本科批,物理,,XE9D198,,西安外国语大学,1049,商务英语,,,,,,480,6986,,,,,,480,6986,,,,,,,,,本科,,,,,
8292277,宁夏,本科批,物理,,XE9D198,,西安外国语大学,4145,英语,,,,,,483,6646,,,,,,483,6646,,,,,,,,,本科,,,,,
8292535,宁夏,本科批,历史,,X9088C3,,洛阳师范学院,4145,英语,,,,,,488,3998,,,,,,488,3998,,,,,,,,,本科,,,,,
8292536,宁夏,本科批,历史,,X9088C3,,洛阳师范学院,51C8,思想政治教育,,,,,,491,3781,,,,,,491,3781,,,,,,,,,本科,,,,,
8292537,宁夏,本科批,物理,,X9088C3,,洛阳师范学院,D6ED,化学工程与工艺,,,,,,412,18298,,,,,,412,18298,,,,,,,,,本科,,,,,
8292538,宁夏,本科批,物理,,X9088C3,,洛阳师范学院,40CE,制药工程,,,,,,413,18103,,,,,,413,18103,,,,,,,,,本科,,,,,
8293627,宁夏,本科批,历史,,XA03EEF,,西安石油大学,25DE,国际经济与贸易,,,,,,521,2051,,,,,,521,2051,,,,,,,,,本科,,,,,
8293628,宁夏,本科批,历史,,XA03EEF,,西安石油大学,EF7C,工商管理类,,,,,,522,2009,,,,,,522,2009,,,,,,,,,本科,,,,,
8293629,宁夏,本科批,历史,,XA03EEF,,西安石油大学,D243,汉语言文学,,,,,,525,1867,,,,,,525,1867,,,,,,,,,本科,,,,,
8293630,宁夏,本科批,物理,,XA03EEF,,西安石油大学,4154,电子商务,,,,,,468,8439,,,,,,468,8439,,,,,,,,,本科,,,,,
8293631,宁夏,本科批,物理,,XA03EEF,,西安石油大学,7E23,环境工程,,,,,,469,8304,,,,,,469,8304,,,,,,,,,本科,,,,,
8293632,宁夏,本科批,物理,,XA03EEF,,西安石油大学,52FD,应用化学,,,,,,469,8304,,,,,,469,8304,,,,,,,,,本科,,,,,
8293633,宁夏,本科批,物理,,XA03EEF,,西安石油大学,548C,信息与计算科学,,,,,,472,7933,,,,,,472,7933,,,,,,,,,本科,,,,,
8293634,宁夏,本科批,物理,,XA03EEF,,西安石油大学,4ECE,土木工程,,,,,,472,7933,,,,,,472,7933,,,,,,,,,本科,,,,,
8293635,宁夏,本科批,物理,,XA03EEF,,西安石油大学,2426,材料类,,,,,,475,7574,,,,,,475,7574,,,,,,,,,本科,,,,,
8293636,宁夏,本科批,物理,,XA03EEF,,西安石油大学,ECA4,通信工程,,,,,,475,7574,,,,,,475,7574,,,,,,,,,本科,,,,,
8293637,宁夏,本科批,物理,,XA03EEF,,西安石油大学,A8BB,数据计算及应用,,,,,,476,7457,,,,,,476,7457,,,,,,,,,本科,,,,,
8293638,宁夏,本科批,物理,,XA03EEF,,西安石油大学,38B5,能源化学工程,,,,,,476,7457,,,,,,476,7457,,,,,,,,,本科,,,,,
8293639,宁夏,本科批,物理,,XA03EEF,,西安石油大学,A5D2,测控技术与仪器,,,,,,476,7457,,,,,,476,7457,,,,,,,,,本科,,,,,
8293640,宁夏,本科批,物理,,XA03EEF,,西安石油大学,62BF,大数据管理与应用,,,,,,477,7346,,,,,,477,7346,,,,,,,,,本科,,,,,
8293641,宁夏,本科批,物理,,XA03EEF,,西安石油大学,D6ED,化学工程与工艺,,,,,,478,7235,,,,,,478,7235,,,,,,,,,本科,,,,,
8293642,宁夏,本科批,物理,,XA03EEF,,西安石油大学,6420,过程装备与控制工程,,,,,,478,7235,,,,,,478,7235,,,,,,,,,本科,,,,,
8293643,宁夏,本科批,物理,,XA03EEF,,西安石油大学,4EA7,新能源材料与器件,,,,,,479,7107,,,,,,479,7107,,,,,,,,,本科,,,,,
8293644,宁夏,本科批,物理,,XA03EEF,,西安石油大学,93E3,电子信息工程,,,,,,481,6851,,,,,,481,6851,,,,,,,,,本科,,,,,
8293645,宁夏,本科批,物理,,XA03EEF,,西安石油大学,D081,新能源科学与工程,,,,,,482,6750,,,,,,482,6750,,,,,,,,,本科,,,,,
8293646,宁夏,本科批,物理,,XA03EEF,,西安石油大学,EC95,勘查技术与工程,,,,,,484,6535,,,,,,484,6535,,,,,,,,,本科,,,,,
8293647,宁夏,本科批,物理,,XA03EEF,,西安石油大学,82E6,计算机类,,,,,,486,6312,,,,,,486,6312,,,,,,,,,本科,,,,,
8293648,宁夏,本科批,物理,,XA03EEF,,西安石油大学,78FF,机械设计制造及其自动化,,,,,,486,6312,,,,,,486,6312,,,,,,,,,本科,,,,,
8293649,宁夏,本科批,物理,,XA03EEF,,西安石油大学,0DD8,资源勘查工程,,,,,,489,5993,,,,,,489,5993,,,,,,,,,本科,,,,,
8294311,宁夏,本科批,历史,,XEAEF5E,,常州大学,FBFE,物流管理,,,,,,499,3256,,,,,,499,3256,,,,,,,,,本科,,,,,
8294312,宁夏,本科批,历史,,XEAEF5E,,常州大学,4BF3,护理学,,,,,,499,3256,,,,,,499,3256,,,,,,,,,本科,,,,,
8294313,宁夏,本科批,历史,,XEAEF5E,,常州大学,090D,公共事业管理,,,,,,501,3138,,,,,,501,3138,,,,,,,,,本科,,,,,
8294314,宁夏,本科批,历史,,XEAEF5E,,常州大学,25DE,国际经济与贸易,,,,,,514,2392,,,,,,514,2392,,,,,,,,,本科,,,,,
8294315,宁夏,本科批,历史,,XEAEF5E,,常州大学,5E19,会计学,,,,,,526,1831,,,,,,526,1831,,,,,,,,,本科,,,,,
8294316,宁夏,本科批,物理,,XEAEF5E,,常州大学,33A1,应急技术与管理,,,,,,445,11992,,,,,,445,11992,,,,,,,,,本科,,,,,
8294317,宁夏,本科批,物理,,XEAEF5E,,常州大学,40CE,制药工程,,,,,,452,10754,,,,,,452,10754,,,,,,,,,本科,,,,,
8294318,宁夏,本科批,物理,,XEAEF5E,,常州大学,A942,材料科学与工程,,,,,,461,9388,,,,,,461,9388,,,,,,,,,本科,,,,,
8294319,宁夏,本科批,物理,,XEAEF5E,,常州大学,4D44,给排水科学与工程,,,,,,461,9388,,,,,,461,9388,,,,,,,,,本科,,,,,
8294320,宁夏,本科批,物理,,XEAEF5E,,常州大学,4ECE,土木工程,,,,,,462,9236,,,,,,462,9236,,,,,,,,,本科,,,,,
8294321,宁夏,本科批,物理,,XEAEF5E,,常州大学,F620,安全工程,,,,,,462,9236,,,,,,462,9236,,,,,,,,,本科,,,,,
8294322,宁夏,本科批,物理,,XEAEF5E,,常州大学,D6ED,化学工程与工艺,,,,,,464,8960,,,,,,464,8960,,,,,,,,,本科,,,,,
8294323,宁夏,本科批,物理,,XEAEF5E,,常州大学,E2E1,生物工程,,,,,,465,8813,,,,,,465,8813,,,,,,,,,本科,,,,,
8294324,宁夏,本科批,物理,,XEAEF5E,,常州大学,5B8B,高分子材料与工程,,,,,,465,8813,,,,,,465,8813,,,,,,,,,本科,,,,,
8294325,宁夏,本科批,物理,,XEAEF5E,,常州大学,12CD,油气储运工程,,,,,,466,8687,,,,,,466,8687,,,,,,,,,本科,,,,,
8294326,宁夏,本科批,物理,,XEAEF5E,,常州大学,8684,智能制造工程,,,,,,468,8439,,,,,,468,8439,,,,,,,,,本科,,,,,
8294327,宁夏,本科批,物理,,XEAEF5E,,常州大学,3557,能源与动力工程,,,,,,468,8439,,,,,,468,8439,,,,,,,,,本科,,,,,
8294328,宁夏,本科批,物理,,XEAEF5E,,常州大学,6420,过程装备与控制工程,,,,,,468,8439,,,,,,468,8439,,,,,,,,,本科,,,,,
8294329,宁夏,本科批,物理,,XEAEF5E,,常州大学,78FF,机械设计制造及其自动化,,,,,,471,8067,,,,,,471,8067,,,,,,,,,本科,,,,,
8294330,宁夏,本科批,物理,,XEAEF5E,,常州大学,3C38,软件工程,,,,,,471,8067,,,,,,471,8067,,,,,,,,,本科,,,,,
8294331,宁夏,本科批,物理,,XEAEF5E,,常州大学,4C65,自动化,,,,,,475,7574,,,,,,475,7574,,,,,,,,,本科,,,,,
8294332,宁夏,本科批,物理,,XEAEF5E,,常州大学,A5B7,电气工程及其自动化,,,,,,482,6750,,,,,,482,6750,,,,,,,,,本科,,,,,
8294913,宁夏,本科批,历史,,X75261F,,杭州师范大学,7022,社会学,,,,,,503,3027,,,,,,503,3027,,,,,,,,,本科,,,,,
8294914,宁夏,本科批,历史,,X75261F,,杭州师范大学,4BF3,护理学,,,,,,504,2973,,,,,,504,2973,,,,,,,,,本科,,,,,
8294915,宁夏,本科批,历史,,X75261F,,杭州师范大学,AC90,行政管理,,,,,,508,2728,,,,,,508,2728,,,,,,,,,本科,,,,,
8294916,宁夏,本科批,物理,,X75261F,,杭州师范大学,26DF,电子商务（数字商务创新实验班）,数字商务创新实验班,,,,,440,12830,,,,,,440,12830,,,,,,,,,本科,,,,,
8294917,宁夏,本科批,物理,,X75261F,,杭州师范大学,16DF,金融工程,,,,,,446,11823,,,,,,446,11823,,,,,,,,,本科,,,,,
8294918,宁夏,本科批,物理,,X75261F,,杭州师范大学,5B8B,高分子材料与工程,,,,,,447,11628,,,,,,447,11628,,,,,,,,,本科,,,,,
8294919,宁夏,本科批,物理,,X75261F,,杭州师范大学,52FD,应用化学,,,,,,449,11257,,,,,,449,11257,,,,,,,,,本科,,,,,
8294920,宁夏,本科批,物理,,X75261F,,杭州师范大学,E347,工业设计,,,,,,450,11095,,,,,,450,11095,,,,,,,,,本科,,,,,
8294921,宁夏,本科批,物理,,X75261F,,杭州师范大学,6AB9,经济学,,,,,,452,10754,,,,,,452,10754,,,,,,,,,本科,,,,,
8294922,宁夏,本科批,物理,,X75261F,,杭州师范大学,4ED3,生态学,,,,,,452,10754,,,,,,452,10754,,,,,,,,,本科,,,,,
8294923,宁夏,本科批,物理,,X75261F,,杭州师范大学,78FF,机械设计制造及其自动化,,,,,,453,10598,,,,,,453,10598,,,,,,,,,本科,,,,,
8294924,宁夏,本科批,物理,,X75261F,,杭州师范大学,40CE,制药工程,,,,,,456,10121,,,,,,456,10121,,,,,,,,,本科,,,,,
8295312,宁夏,本科批,历史,,X8B0236,,河北医科大学,D9F6,护理学类,,,,,,487,4059,,,,,,487,4059,,,,,,,,,本科,,,,,
8295313,宁夏,本科批,物理,,X8B0236,,河北医科大学,817D,康复治疗学,,,,,,428,15065,,,,,,428,15065,,,,,,,,,本科,,,,,
8295314,宁夏,本科批,物理,,X8B0236,,河北医科大学,B694,生物制药,,,,,,430,14690,,,,,,430,14690,,,,,,,,,本科,,,,,
8295315,宁夏,本科批,物理,,X8B0236,,河北医科大学,2DDF,医学影像技术,,,,,,431,14482,,,,,,431,14482,,,,,,,,,本科,,,,,
8295316,宁夏,本科批,物理,,X8B0236,,河北医科大学,26C9,药学类,,,,,,437,13337,,,,,,437,13337,,,,,,,,,本科,,,,,
8295317,宁夏,本科批,物理,,X8B0236,,河北医科大学,A5C6,麻醉学,,,,,,528,2930,,,,,,528,2930,,,,,,,,,本科,,,,,
8295318,宁夏,本科批,物理,,X8B0236,,河北医科大学,97D0,临床医学,,,,,,530,2799,,,,,,530,2799,,,,,,,,,本科,,,,,
8296196,宁夏,本科批,物理,,X8E9349,,北京林业大学,D40C,少数民族预科班,,,,,,458,9834,,,,,,458,9834,,,,,,,,,本科,,,,,
8296197,宁夏,本科批,物理,,X8E9349,,北京林业大学,66C0,林业工程类,,,,,,510,4145,,,,,,510,4145,,,,,,,,,本科,,,,,
8296198,宁夏,本科批,物理,,X8E9349,,北京林业大学,EF7C,工商管理类,,,,,,510,4145,,,,,,510,4145,,,,,,,,,本科,,,,,
8296199,宁夏,本科批,物理,,X8E9349,,北京林业大学,E693,水土保持与荒漠化防治,,,,,,510,4145,,,,,,510,4145,,,,,,,,,本科,,,,,
8296200,宁夏,本科批,物理,,X8E9349,,北京林业大学,6472,野生动物与自然保护区管理,,,,,,511,4076,,,,,,511,4076,,,,,,,,,本科,,,,,
8296201,宁夏,本科批,物理,,X8E9349,,北京林业大学,0E38,自然地理与资源环境,,,,,,512,4013,,,,,,512,4013,,,,,,,,,本科,,,,,
8296202,宁夏,本科批,物理,,X8E9349,,北京林业大学,1A8E,农林经济管理（梁希实验班）,梁希实验班,,,,,512,4013,,,,,,512,4013,,,,,,,,,本科,,,,,
8296203,宁夏,本科批,物理,,X8E9349,,北京林业大学,D035,生物科学类,,,,,,512,4013,,,,,,512,4013,,,,,,,,,本科,,,,,
8296204,宁夏,本科批,物理,,X8E9349,,北京林业大学,4852,应用心理学,,,,,,513,3942,,,,,,513,3942,,,,,,,,,本科,,,,,
8296205,宁夏,本科批,物理,,X8E9349,,北京林业大学,6E5A,园林,,,,,,513,3942,,,,,,513,3942,,,,,,,,,本科,,,,,
8296206,宁夏,本科批,物理,,X8E9349,,北京林业大学,FB65,风景园林,,,,,,514,3852,,,,,,514,3852,,,,,,,,,本科,,,,,
8296207,宁夏,本科批,物理,,X8E9349,,北京林业大学,7790,林学类,,,,,,516,3695,,,,,,516,3695,,,,,,,,,本科,,,,,
8296208,宁夏,本科批,物理,,X8E9349,,北京林业大学,B2FD,信息管理与信息系统（管理信息方向）,管理信息方向,,,,,516,3695,,,,,,516,3695,,,,,,,,,本科,,,,,
8296209,宁夏,本科批,物理,,X8E9349,,北京林业大学,78FF,机械设计制造及其自动化,,,,,,516,3695,,,,,,516,3695,,,,,,,,,本科,,,,,
8296210,宁夏,本科批,物理,,X8E9349,,北京林业大学,26A7,车辆工程,,,,,,518,3555,,,,,,518,3555,,,,,,,,,本科,,,,,
8296211,宁夏,本科批,物理,,X8E9349,,北京林业大学,4C65,自动化,,,,,,518,3555,,,,,,518,3555,,,,,,,,,本科,,,,,
8296212,宁夏,本科批,物理,,X8E9349,,北京林业大学,7932,电子信息科学与技术,,,,,,521,3349,,,,,,521,3349,,,,,,,,,本科,,,,,
8296213,宁夏,本科批,物理,,X8E9349,,北京林业大学,82E6,计算机类,,,,,,523,3221,,,,,,523,3221,,,,,,,,,本科,,,,,
8297107,宁夏,本科批,历史,,XA63356,,中南林业科技大学,489A,旅游管理类,,,,,,491,3781,,,,,,491,3781,,,,,,,,,本科,,,,,
8297108,宁夏,本科批,历史,,XA63356,,中南林业科技大学,FC90,俄语,,,,,,491,3781,,,,,,491,3781,,,,,,,,,本科,,,,,
8297109,宁夏,本科批,历史,,XA63356,,中南林业科技大学,A7E8,会展经济与管理,,,,,,500,3194,,,,,,500,3194,,,,,,,,,本科,,,,,
8297110,宁夏,本科批,历史,,XA63356,,中南林业科技大学,0FBC,金融学,,,,,,501,3138,,,,,,501,3138,,,,,,,,,本科,,,,,
8297111,宁夏,本科批,物理,,XA63356,,中南林业科技大学,C493,土木类,,,,,,434,13883,,,,,,434,13883,,,,,,,,,本科,,,,,
8297112,宁夏,本科批,物理,,XA63356,,中南林业科技大学,A5C9,建筑学,,,,,,434,13883,,,,,,434,13883,,,,,,,,,本科,,,,,
8297113,宁夏,本科批,物理,,XA63356,,中南林业科技大学,09EE,市场营销,,,,,,435,13689,,,,,,435,13689,,,,,,,,,本科,,,,,
8297114,宁夏,本科批,物理,,XA63356,,中南林业科技大学,489A,旅游管理类,,,,,,437,13337,,,,,,437,13337,,,,,,,,,本科,,,,,
8297115,宁夏,本科批,物理,,XA63356,,中南林业科技大学,7FA1,供应链管理,,,,,,438,13162,,,,,,438,13162,,,,,,,,,本科,,,,,
8297116,宁夏,本科批,物理,,XA63356,,中南林业科技大学,2426,材料类,,,,,,438,13162,,,,,,438,13162,,,,,,,,,本科,,,,,
8297117,宁夏,本科批,物理,,XA63356,,中南林业科技大学,8BD7,森林工程,,,,,,440,12830,,,,,,440,12830,,,,,,,,,本科,,,,,
8297118,宁夏,本科批,物理,,XA63356,,中南林业科技大学,E693,水土保持与荒漠化防治,,,,,,442,12470,,,,,,442,12470,,,,,,,,,本科,,,,,
8297119,宁夏,本科批,物理,,XA63356,,中南林业科技大学,EF96,食品科学与工程类,,,,,,443,12278,,,,,,443,12278,,,,,,,,,本科,,,,,
8297120,宁夏,本科批,物理,,XA63356,,中南林业科技大学,FBFE,物流管理,,,,,,443,12278,,,,,,443,12278,,,,,,,,,本科,,,,,
8297121,宁夏,本科批,物理,,XA63356,,中南林业科技大学,4A2C,物流工程,,,,,,443,12278,,,,,,443,12278,,,,,,,,,本科,,,,,
8297122,宁夏,本科批,物理,,XA63356,,中南林业科技大学,D901,木材科学与工程,,,,,,444,12141,,,,,,444,12141,,,,,,,,,本科,,,,,
8297123,宁夏,本科批,物理,,XA63356,,中南林业科技大学,D035,生物科学类,,,,,,447,11628,,,,,,447,11628,,,,,,,,,本科,,,,,
8297124,宁夏,本科批,物理,,XA63356,,中南林业科技大学,ABA8,环境科学与工程类,,,,,,447,11628,,,,,,447,11628,,,,,,,,,本科,,,,,
8297125,宁夏,本科批,物理,,XA63356,,中南林业科技大学,C5CB,园艺,,,,,,449,11257,,,,,,449,11257,,,,,,,,,本科,,,,,
8297126,宁夏,本科批,物理,,XA63356,,中南林业科技大学,26A7,车辆工程,,,,,,450,11095,,,,,,450,11095,,,,,,,,,本科,,,,,
8297127,宁夏,本科批,物理,,XA63356,,中南林业科技大学,548C,信息与计算科学,,,,,,450,11095,,,,,,450,11095,,,,,,,,,本科,,,,,
8297128,宁夏,本科批,物理,,XA63356,,中南林业科技大学,7790,林学类,,,,,,452,10754,,,,,,452,10754,,,,,,,,,本科,,,,,
8297129,宁夏,本科批,物理,,XA63356,,中南林业科技大学,D146,能源动力类,,,,,,456,10121,,,,,,456,10121,,,,,,,,,本科,,,,,
8297130,宁夏,本科批,物理,,XA63356,,中南林业科技大学,78FF,机械设计制造及其自动化,,,,,,457,9966,,,,,,457,9966,,,,,,,,,本科,,,,,
8298586,宁夏,专科批,历史,,XD7DA21,,兰州交通大学,857F,铁道交通运营管理,,,,,,471,5275,,,,,,471,5275,,,,,,,,,专科,,,,,
8298587,宁夏,本科批,历史,,XD7DA21,,兰州交通大学,5E19,会计学,,,,,,513,2442,,,,,,513,2442,,,,,,,,,本科,,,,,
8298588,宁夏,本科批,历史,,XD7DA21,,兰州交通大学,04A0,工商管理,,,,,,515,2358,,,,,,515,2358,,,,,,,,,本科,,,,,
8298589,宁夏,本科批,历史,,XD7DA21,,兰州交通大学,4145,英语,,,,,,519,2144,,,,,,519,2144,,,,,,,,,本科,,,,,
8298590,宁夏,本科批,历史,,XD7DA21,,兰州交通大学,D243,汉语言文学,,,,,,544,1176,,,,,,544,1176,,,,,,,,,本科,,,,,
8298591,宁夏,本科批,历史,,XD7DA21,,兰州交通大学,FB18,财务管理,,,,,,567,626,,,,,,567,626,,,,,,,,,本科,,,,,
8298592,宁夏,专科批,物理,,XD7DA21,,兰州交通大学,F367,铁道机车运用与维护,,,,,,403,20186,,,,,,403,20186,,,,,,,,,专科,,,,,
8298593,宁夏,专科批,物理,,XD7DA21,,兰州交通大学,14F7,铁道车辆技术,,,,,,403,20186,,,,,,403,20186,,,,,,,,,专科,,,,,
8298594,宁夏,专科批,物理,,XD7DA21,,兰州交通大学,857F,铁道交通运营管理,,,,,,406,19573,,,,,,406,19573,,,,,,,,,专科,,,,,
8298595,宁夏,专科批,物理,,XD7DA21,,兰州交通大学,AC61,铁道工程技术,,,,,,407,19365,,,,,,407,19365,,,,,,,,,专科,,,,,
8298596,宁夏,专科批,物理,,XD7DA21,,兰州交通大学,AA8D,铁道供电技术,,,,,,408,19137,,,,,,408,19137,,,,,,,,,专科,,,,,
8298597,宁夏,专科批,物理,,XD7DA21,,兰州交通大学,A476,铁道信号自动控制,,,,,,412,18298,,,,,,412,18298,,,,,,,,,专科,,,,,
8298598,宁夏,本科批,物理,,XD7DA21,,兰州交通大学,92F6,土木工程（茅以升班）,茅以升班,,,,,473,7812,,,,,,473,7812,,,,,,,,,本科,,,,,
8298599,宁夏,本科批,物理,,XD7DA21,,兰州交通大学,E2E1,生物工程,,,,,,473,7812,,,,,,473,7812,,,,,,,,,本科,,,,,
8298600,宁夏,本科批,物理,,XD7DA21,,兰州交通大学,CB22,城乡规划,,,,,,474,7703,,,,,,474,7703,,,,,,,,,本科,,,,,
8298601,宁夏,本科批,物理,,XD7DA21,,兰州交通大学,A2E0,测绘工程,,,,,,474,7703,,,,,,474,7703,,,,,,,,,本科,,,,,
8298602,宁夏,本科批,物理,,XD7DA21,,兰州交通大学,CEDE,道路桥梁与渡河工程,,,,,,476,7457,,,,,,476,7457,,,,,,,,,本科,,,,,
8298603,宁夏,本科批,物理,,XD7DA21,,兰州交通大学,A5C9,建筑学,,,,,,476,7457,,,,,,476,7457,,,,,,,,,本科,,,,,
8298604,宁夏,本科批,物理,,XD7DA21,,兰州交通大学,D6ED,化学工程与工艺,,,,,,477,7346,,,,,,477,7346,,,,,,,,,本科,,,,,
8298605,宁夏,本科批,物理,,XD7DA21,,兰州交通大学,52FD,应用化学,,,,,,479,7107,,,,,,479,7107,,,,,,,,,本科,,,,,
8298606,宁夏,本科批,物理,,XD7DA21,,兰州交通大学,6420,过程装备与控制工程,,,,,,480,6986,,,,,,480,6986,,,,,,,,,本科,,,,,
8298607,宁夏,本科批,物理,,XD7DA21,,兰州交通大学,A5D2,测控技术与仪器,,,,,,481,6851,,,,,,481,6851,,,,,,,,,本科,,,,,
8298608,宁夏,本科批,物理,,XD7DA21,,兰州交通大学,FEF6,材料成型及控制工程,,,,,,482,6750,,,,,,482,6750,,,,,,,,,本科,,,,,
8298609,宁夏,本科批,物理,,XD7DA21,,兰州交通大学,18D0,建筑电气与智能化,,,,,,484,6535,,,,,,484,6535,,,,,,,,,本科,,,,,
8298610,宁夏,本科批,物理,,XD7DA21,,兰州交通大学,7E23,环境工程,,,,,,484,6535,,,,,,484,6535,,,,,,,,,本科,,,,,
8298611,宁夏,本科批,物理,,XD7DA21,,兰州交通大学,4D44,给排水科学与工程,,,,,,485,6416,,,,,,485,6416,,,,,,,,,本科,,,,,
8298950,宁夏,本科批,历史,,XC62A83,,河南科技学院,108F,学前教育,,,,,,472,5208,,,,,,472,5208,,,,,,,,,本科,,,,,
8298951,宁夏,本科批,历史,,XC62A83,,河南科技学院,6758,教育学,,,,,,477,4821,,,,,,477,4821,,,,,,,,,本科,,,,,
8298952,宁夏,本科批,物理,,XC62A83,,河南科技学院,53B9,食品质量与安全,,,,,,407,19365,,,,,,407,19365,,,,,,,,,本科,,,,,
8298953,宁夏,本科批,物理,,XC62A83,,河南科技学院,5FC4,环境科学,,,,,,408,19137,,,,,,408,19137,,,,,,,,,本科,,,,,
8298954,宁夏,本科批,物理,,XC62A83,,河南科技学院,FB65,风景园林,,,,,,408,19137,,,,,,408,19137,,,,,,,,,本科,,,,,
8298955,宁夏,本科批,物理,,XC62A83,,河南科技学院,F89C,生物技术,,,,,,409,18935,,,,,,409,18935,,,,,,,,,本科,,,,,
8298956,宁夏,本科批,物理,,XC62A83,,河南科技学院,D6ED,化学工程与工艺,,,,,,410,18711,,,,,,410,18711,,,,,,,,,本科,,,,,
8298957,宁夏,本科批,物理,,XC62A83,,河南科技学院,ECA4,通信工程,,,,,,411,18509,,,,,,411,18509,,,,,,,,,本科,,,,,
8299620,宁夏,本科批,历史,,X6BD648,,天津商业大学,C29F,经济学类,,,,,,502,3081,,,,,,502,3081,,,,,,,,,本科,,,,,
8299621,宁夏,本科批,历史,,X6BD648,,天津商业大学,5E19,会计学,,,,,,508,2728,,,,,,508,2728,,,,,,,,,本科,,,,,
8299622,宁夏,本科批,历史,,X6BD648,,天津商业大学,927B,法学,,,,,,511,2553,,,,,,511,2553,,,,,,,,,本科,,,,,
8299623,宁夏,本科批,物理,,X6BD648,,天津商业大学,C29F,经济学类,,,,,,433,14069,,,,,,433,14069,,,,,,,,,本科,,,,,
8299624,宁夏,本科批,物理,,X6BD648,,天津商业大学,FB18,财务管理,,,,,,440,12830,,,,,,440,12830,,,,,,,,,本科,,,,,
8299625,宁夏,本科批,物理,,X6BD648,,天津商业大学,927B,法学,,,,,,442,12470,,,,,,442,12470,,,,,,,,,本科,,,,,
8300260,宁夏,本科批,物理,,XAEE6FC,,陕西科技大学,E347,工业设计,,,,,,461,9388,,,,,,461,9388,,,,,,,,,本科,,,,,
8300261,宁夏,本科批,物理,,XAEE6FC,,陕西科技大学,ABA8,环境科学与工程类,,,,,,462,9236,,,,,,462,9236,,,,,,,,,本科,,,,,
8300262,宁夏,本科批,物理,,XAEE6FC,,陕西科技大学,C168,包装工程,,,,,,462,9236,,,,,,462,9236,,,,,,,,,本科,,,,,
8300263,宁夏,本科批,物理,,XAEE6FC,,陕西科技大学,74E7,教育技术学,,,,,,468,8439,,,,,,468,8439,,,,,,,,,本科,,,,,
8300264,宁夏,本科批,物理,,XAEE6FC,,陕西科技大学,2426,材料类,,,,,,468,8439,,,,,,468,8439,,,,,,,,,本科,,,,,
8300265,宁夏,本科批,物理,,XAEE6FC,,陕西科技大学,E2E1,生物工程,,,,,,469,8304,,,,,,469,8304,,,,,,,,,本科,,,,,
8300266,宁夏,本科批,物理,,XAEE6FC,,陕西科技大学,E7FB,化工与制药类,,,,,,471,8067,,,,,,471,8067,,,,,,,,,本科,,,,,
8300267,宁夏,本科批,物理,,XAEE6FC,,陕西科技大学,EAB4,轻化工程,,,,,,471,8067,,,,,,471,8067,,,,,,,,,本科,,,,,
8300268,宁夏,本科批,物理,,XAEE6FC,,陕西科技大学,F11A,机器人工程,,,,,,472,7933,,,,,,472,7933,,,,,,,,,本科,,,,,
8300269,宁夏,本科批,物理,,XAEE6FC,,陕西科技大学,1C92,数字经济,,,,,,474,7703,,,,,,474,7703,,,,,,,,,本科,,,,,
8300270,宁夏,本科批,物理,,XAEE6FC,,陕西科技大学,EF96,食品科学与工程类,,,,,,474,7703,,,,,,474,7703,,,,,,,,,本科,,,,,
8300271,宁夏,本科批,物理,,XAEE6FC,,陕西科技大学,5669,数学类,,,,,,479,7107,,,,,,479,7107,,,,,,,,,本科,,,,,
8300272,宁夏,本科批,物理,,XAEE6FC,,陕西科技大学,3615,机械类,,,,,,483,6646,,,,,,483,6646,,,,,,,,,本科,,,,,
8300273,宁夏,本科批,物理,,XAEE6FC,,陕西科技大学,82E6,计算机类,,,,,,484,6535,,,,,,484,6535,,,,,,,,,本科,,,,,
8300274,宁夏,本科批,物理,,XAEE6FC,,陕西科技大学,A5B7,电气工程及其自动化,,,,,,491,5800,,,,,,491,5800,,,,,,,,,本科,,,,,
8301270,宁夏,本科批,历史,,X1EF8E8,,山西医科大学,4BF3,护理学,,,,,,488,3998,,,,,,488,3998,,,,,,,,,本科,,,,,
8301271,宁夏,本科批,历史,,X1EF8E8,,山西医科大学,4BF3,护理学,,,,,,500,3194,,,,,,500,3194,,,,,,,,,本科,,,,,
8301272,宁夏,本科批,物理,,X1EF8E8,,山西医科大学,A585,助产学,,,,,,430,14690,,,,,,430,14690,,,,,,,,,本科,,,,,
8301273,宁夏,本科批,物理,,X1EF8E8,,山西医科大学,4BF3,护理学,,,,,,432,14269,,,,,,432,14269,,,,,,,,,本科,,,,,
8301274,宁夏,本科批,物理,,X1EF8E8,,山西医科大学,2DDF,医学影像技术,,,,,,441,12659,,,,,,441,12659,,,,,,,,,本科,,,,,
8301275,宁夏,本科批,物理,,X1EF8E8,,山西医科大学,817D,康复治疗学,,,,,,443,12278,,,,,,443,12278,,,,,,,,,本科,,,,,
8301276,宁夏,本科批,物理,,X1EF8E8,,山西医科大学,BE91,医学检验技术,,,,,,450,11095,,,,,,450,11095,,,,,,,,,本科,,,,,
8301277,宁夏,本科批,物理,,X1EF8E8,,山西医科大学,9C74,眼视光医学,,,,,,455,10282,,,,,,455,10282,,,,,,,,,本科,,,,,
8301278,宁夏,本科批,物理,,X1EF8E8,,山西医科大学,57E6,医学影像学,,,,,,461,9388,,,,,,461,9388,,,,,,,,,本科,,,,,
8301279,宁夏,本科批,物理,,X1EF8E8,,山西医科大学,5DA6,口腔医学,,,,,,464,8960,,,,,,464,8960,,,,,,,,,本科,,,,,
8301280,宁夏,本科批,物理,,X1EF8E8,,山西医科大学,97D0,临床医学,,,,,,466,8687,,,,,,466,8687,,,,,,,,,本科,,,,,
8302153,宁夏,本科批,历史,,X3B49EF,,山西财经大学,9994,国民经济管理,,,,,,508,2728,,,,,,508,2728,,,,,,,,,本科,,,,,
8302154,宁夏,本科批,历史,,X3B49EF,,山西财经大学,68F4,新闻学,,,,,,511,2553,,,,,,511,2553,,,,,,,,,本科,,,,,
8302155,宁夏,本科批,历史,,X3B49EF,,山西财经大学,D254,能源经济,,,,,,511,2553,,,,,,511,2553,,,,,,,,,本科,,,,,
8302156,宁夏,本科批,历史,,X3B49EF,,山西财经大学,7288,文化产业管理,,,,,,511,2553,,,,,,511,2553,,,,,,,,,本科,,,,,
8302157,宁夏,本科批,历史,,X3B49EF,,山西财经大学,07BA,贸易经济,,,,,,511,2553,,,,,,511,2553,,,,,,,,,本科,,,,,
8302158,宁夏,本科批,历史,,X3B49EF,,山西财经大学,4C13,农林经济管理,,,,,,512,2492,,,,,,512,2492,,,,,,,,,本科,,,,,
8302159,宁夏,本科批,历史,,X3B49EF,,山西财经大学,3E25,国际商务,,,,,,512,2492,,,,,,512,2492,,,,,,,,,本科,,,,,
8302160,宁夏,本科批,历史,,X3B49EF,,山西财经大学,0E54,保险学,,,,,,512,2492,,,,,,512,2492,,,,,,,,,本科,,,,,
8302161,宁夏,本科批,历史,,X3B49EF,,山西财经大学,5D72,网络与新媒体,,,,,,513,2442,,,,,,513,2442,,,,,,,,,本科,,,,,
8302162,宁夏,本科批,历史,,X3B49EF,,山西财经大学,C19A,人力资源管理,,,,,,513,2442,,,,,,513,2442,,,,,,,,,本科,,,,,
8302163,宁夏,本科批,历史,,X3B49EF,,山西财经大学,25DE,国际经济与贸易,,,,,,514,2392,,,,,,514,2392,,,,,,,,,本科,,,,,
8302164,宁夏,本科批,历史,,X3B49EF,,山西财经大学,1049,商务英语,,,,,,515,2358,,,,,,515,2358,,,,,,,,,本科,,,,,
8302165,宁夏,本科批,历史,,X3B49EF,,山西财经大学,09EE,市场营销,,,,,,515,2358,,,,,,515,2358,,,,,,,,,本科,,,,,
8302166,宁夏,本科批,历史,,X3B49EF,,山西财经大学,0FBC,金融学,,,,,,516,2309,,,,,,516,2309,,,,,,,,,本科,,,,,
8302167,宁夏,本科批,历史,,X3B49EF,,山西财经大学,6AB9,经济学,,,,,,516,2309,,,,,,516,2309,,,,,,,,,本科,,,,,
8302168,宁夏,本科批,历史,,X3B49EF,,山西财经大学,21BA,财政学,,,,,,518,2196,,,,,,518,2196,,,,,,,,,本科,,,,,
8302169,宁夏,本科批,历史,,X3B49EF,,山西财经大学,927B,法学,,,,,,520,2090,,,,,,520,2090,,,,,,,,,本科,,,,,
8302170,宁夏,本科批,历史,,X3B49EF,,山西财经大学,978C,审计学,,,,,,526,1831,,,,,,526,1831,,,,,,,,,本科,,,,,
8302171,宁夏,本科批,历史,,X3B49EF,,山西财经大学,5E19,会计学,,,,,,532,1598,,,,,,532,1598,,,,,,,,,本科,,,,,
8302172,宁夏,本科批,物理,,X3B49EF,,山西财经大学,2234,劳动与社会保障,,,,,,433,14069,,,,,,433,14069,,,,,,,,,本科,,,,,
8302173,宁夏,本科批,物理,,X3B49EF,,山西财经大学,21BA,财政学,,,,,,455,10282,,,,,,455,10282,,,,,,,,,本科,,,,,
8302174,宁夏,本科批,物理,,X3B49EF,,山西财经大学,CCE9,土地资源管理,,,,,,478,7235,,,,,,478,7235,,,,,,,,,本科,,,,,
8302738,宁夏,本科批,历史,,X50FE49,,河北师范大学,2234,劳动与社会保障,,,,,,498,3307,,,,,,498,3307,,,,,,,,,本科,,,,,
8302739,宁夏,本科批,历史,,X50FE49,,河北师范大学,D243,汉语言文学,,,,,,508,2728,,,,,,508,2728,,,,,,,,,本科,,,,,
8302740,宁夏,本科批,物理,,X50FE49,,河北师范大学,B9A5,计算机科学与技术,,,,,,458,9834,,,,,,458,9834,,,,,,,,,本科,,,,,
8302741,宁夏,本科批,物理,,X50FE49,,河北师范大学,FD7E,地理科学,,,,,,461,9388,,,,,,461,9388,,,,,,,,,本科,,,,,
8302981,宁夏,本科批,历史,,X19FF53,,首都经济贸易大学,25DE,国际经济与贸易,,,,,,553,921,,,,,,553,921,,,,,,,,,本科,,,,,
8302982,宁夏,本科批,历史,,X19FF53,,首都经济贸易大学,3A70,税收学（税务师）,税务师,,,,,560,750,,,,,,560,750,,,,,,,,,本科,,,,,
8302983,宁夏,本科批,物理,,X19FF53,,首都经济贸易大学,D681,信息管理与信息系统,,,,,,484,6535,,,,,,484,6535,,,,,,,,,本科,,,,,
8302984,宁夏,本科批,物理,,X19FF53,,首都经济贸易大学,FB18,财务管理,,,,,,494,5525,,,,,,494,5525,,,,,,,,,本科,,,,,
8305059,宁夏,本科批,历史,,X10F74B,,北京化工大学,4145,英语,,,,,,546,1128,,,,,,546,1128,,,,,,,,,本科,,,,,
8305060,宁夏,本科批,历史,,X10F74B,,北京化工大学,35D9,工商管理类（新文科经管法）,新文科经管法,,,,,549,1023,,,,,,549,1023,,,,,,,,,本科,,,,,
8305061,宁夏,本科批,物理,,X10F74B,,北京化工大学,D40C,少数民族预科班,,,,,,464,8960,,,,,,464,8960,,,,,,,,,本科,,,,,
8305062,宁夏,本科批,物理,,X10F74B,,北京化工大学,2C8E,工科试验班（先进材料）,先进材料,,,,,527,2979,,,,,,527,2979,,,,,,,,,本科,,,,,
8305063,宁夏,本科批,物理,,X10F74B,,北京化工大学,EFB0,理科试验班（绿色化学）,绿色化学,,,,,528,2930,,,,,,528,2930,,,,,,,,,本科,,,,,
8305064,宁夏,本科批,物理,,X10F74B,,北京化工大学,E181,理科试验班（数学、物理电子与管理）,数学、物理电子与管理,,,,,531,2751,,,,,,531,2751,,,,,,,,,本科,,,,,
8305065,宁夏,本科批,物理,,X10F74B,,北京化工大学,3175,工科试验班（绿色化工与生物医药）,绿色化工与生物医药,,,,,531,2751,,,,,,531,2751,,,,,,,,,本科,,,,,
8305066,宁夏,本科批,物理,,X10F74B,,北京化工大学,C444,自动化类（高端装备与智能制造）,高端装备与智能制造,,,,,532,2696,,,,,,532,2696,,,,,,,,,本科,,,,,
8305067,宁夏,本科批,物理,,X10F74B,,北京化工大学,82E6,计算机类,,,,,,538,2382,,,,,,538,2382,,,,,,,,,本科,,,,,
8305068,宁夏,本科批,物理,,X10F74B,,北京化工大学,25B8,化学（基础拔尖）,基础拔尖,,,,,554,1684,,,,,,554,1684,,,,,,,,,本科,,,,,
8305753,宁夏,本科批,历史,,XE02E24,,上海外国语大学,CC92,英语（教育）,教育,,,,,538,1379,,,,,,538,1379,,,,,,,,,本科,,,,,
8305754,宁夏,本科批,历史,,XE02E24,,上海外国语大学,927B,法学,,,,,,538,1379,,,,,,538,1379,,,,,,,,,本科,,,,,
8305755,宁夏,本科批,物理,,XE02E24,,上海外国语大学,927B,法学,,,,,,509,4237,,,,,,509,4237,,,,,,,,,本科,,,,,
8305756,宁夏,本科批,物理,,XE02E24,,上海外国语大学,CC92,英语（教育）,教育,,,,,544,2097,,,,,,544,2097,,,,,,,,,本科,,,,,
8306774,宁夏,本科批,物理,,X9AAEFF,,广州中医药大学,1FF0,中药学类,,,,,,480,6986,,,,,,480,6986,,,,,,,,,本科,,,,,
8306775,宁夏,本科批,物理,,X9AAEFF,,广州中医药大学,2A03,中医骨伤科学,,,,,,481,6851,,,,,,481,6851,,,,,,,,,本科,,,,,
8306776,宁夏,本科批,物理,,X9AAEFF,,广州中医药大学,6246,针灸推拿学,,,,,,493,5606,,,,,,493,5606,,,,,,,,,本科,,,,,
8306777,宁夏,本科批,物理,,X9AAEFF,,广州中医药大学,03FE,中医学,,,,,,501,4879,,,,,,501,4879,,,,,,,,,本科,,,,,
8307522,宁夏,本科批,历史,,X22C440,,东北农业大学,1356,金融学类,,,,,,522,2009,,,,,,522,2009,,,,,,,,,本科,,,,,
8307523,宁夏,本科批,历史,,X22C440,,东北农业大学,EF7C,工商管理类,,,,,,526,1831,,,,,,526,1831,,,,,,,,,本科,,,,,
8307524,宁夏,本科批,物理,,X22C440,,东北农业大学,EF7C,工商管理类,,,,,,450,11095,,,,,,450,11095,,,,,,,,,本科,,,,,
8307525,宁夏,本科批,物理,,X22C440,,东北农业大学,CCE6,工业工程类,,,,,,467,8565,,,,,,467,8565,,,,,,,,,本科,,,,,
8307526,宁夏,本科批,物理,,X22C440,,东北农业大学,85BF,电气类,,,,,,474,7703,,,,,,474,7703,,,,,,,,,本科,,,,,
8307527,宁夏,本科批,物理,,X22C440,,东北农业大学,1356,金融学类,,,,,,476,7457,,,,,,476,7457,,,,,,,,,本科,,,,,
8307528,宁夏,本科批,物理,,X22C440,,东北农业大学,30B8,智慧农业,,,,,,477,7346,,,,,,477,7346,,,,,,,,,本科,,,,,
8307529,宁夏,本科批,物理,,X22C440,,东北农业大学,C00E,动物生产类,,,,,,479,7107,,,,,,479,7107,,,,,,,,,本科,,,,,
8307530,宁夏,本科批,物理,,X22C440,,东北农业大学,225A,水利类,,,,,,488,6101,,,,,,488,6101,,,,,,,,,本科,,,,,
8308064,宁夏,本科批,历史,,X72B814,,山东大学（威海）,D9E9,外国语言文学类,,,,,,577,437,,,,,,577,437,,,,,,,,,本科,,,,,
8308065,宁夏,本科批,历史,,X72B814,,山东大学（威海）,D243,汉语言文学,,,,,,583,354,,,,,,583,354,,,,,,,,,本科,,,,,
8308066,宁夏,本科批,物理,,X72B814,,山东大学（威海）,E40F,海洋资源开发技术,,,,,,517,3626,,,,,,517,3626,,,,,,,,,本科,,,,,
8308067,宁夏,本科批,物理,,X72B814,,山东大学（威海）,EF7C,工商管理类,,,,,,518,3555,,,,,,518,3555,,,,,,,,,本科,,,,,
8308068,宁夏,本科批,物理,,X72B814,,山东大学（威海）,8684,智能制造工程,,,,,,547,1979,,,,,,547,1979,,,,,,,,,本科,,,,,
8308637,宁夏,本科批,物理,,XF85C1D,,武汉轻工大学,E1BB,功能材料,,,,,,442,12470,,,,,,442,12470,,,,,,,,,本科,,,,,
8308638,宁夏,本科批,物理,,XF85C1D,,武汉轻工大学,3615,机械类,,,,,,443,12278,,,,,,443,12278,,,,,,,,,本科,,,,,
8308639,宁夏,本科批,物理,,XF85C1D,,武汉轻工大学,4C65,自动化,,,,,,445,11992,,,,,,445,11992,,,,,,,,,本科,,,,,
8308640,宁夏,本科批,物理,,XF85C1D,,武汉轻工大学,EF96,食品科学与工程类,,,,,,448,11446,,,,,,448,11446,,,,,,,,,本科,,,,,
8308641,宁夏,本科批,物理,,XF85C1D,,武汉轻工大学,82E6,计算机类,,,,,,453,10598,,,,,,453,10598,,,,,,,,,本科,,,,,
8309153,宁夏,本科批,历史,,X62C694,,北京外国语大学,D40C,少数民族预科班,,,,,,517,2242,,,,,,517,2242,,,,,,,,,本科,,,,,
8309154,宁夏,本科批,历史,,X62C694,,北京外国语大学,A615,汉语国际教育,,,,,,582,369,,,,,,582,369,,,,,,,,,本科,,,,,
8309155,宁夏,本科批,历史,,X62C694,,北京外国语大学,927B,法学,,,,,,582,369,,,,,,582,369,,,,,,,,,本科,,,,,
8309156,宁夏,本科批,历史,,X62C694,,北京外国语大学,7223,外交学,,,,,,584,335,,,,,,584,335,,,,,,,,,本科,,,,,
8309157,宁夏,本科批,历史,,X62C694,,北京外国语大学,8607,法语,,,,,,587,291,,,,,,587,291,,,,,,,,,本科,,,,,
8309158,宁夏,本科批,历史,,X62C694,,北京外国语大学,0AFB,英语（国别与区域研究）,国别与区域研究,,,,,591,242,,,,,,591,242,,,,,,,,,本科,,,,,
8309159,宁夏,本科批,历史,,X62C694,,北京外国语大学,4145,英语,,,,,,603,141,,,,,,603,141,,,,,,,,,本科,,,,,
8309160,宁夏,本科批,物理,,X62C694,,北京外国语大学,D40C,少数民族预科班,,,,,,475,7574,,,,,,475,7574,,,,,,,,,本科,,,,,
8309161,宁夏,本科批,物理,,X62C694,,北京外国语大学,4145,英语,,,,,,517,3626,,,,,,517,3626,,,,,,,,,本科,,,,,
8309162,宁夏,本科批,物理,,X62C694,,北京外国语大学,FC90,俄语,,,,,,517,3626,,,,,,517,3626,,,,,,,,,本科,,,,,
8309878,宁夏,本科批,物理,,X11AF37,,太原科技大学,C7AE,交通工程,,,,,,430,14690,,,,,,430,14690,,,,,,,,,本科,,,,,
8309879,宁夏,本科批,物理,,X11AF37,,太原科技大学,FEF6,材料成型及控制工程,,,,,,430,14690,,,,,,430,14690,,,,,,,,,本科,,,,,
8309880,宁夏,本科批,物理,,X11AF37,,太原科技大学,78FF,机械设计制造及其自动化,,,,,,432,14269,,,,,,432,14269,,,,,,,,,本科,,,,,
8309881,宁夏,本科批,物理,,X11AF37,,太原科技大学,A687,光电信息科学与工程,,,,,,434,13883,,,,,,434,13883,,,,,,,,,本科,,,,,
8310496,宁夏,本科批,物理,,XCE3BC3,,大连工业大学,7DE6,葡萄与葡萄酒工程,,,,,,426,15235,,,,,,426,15235,,,,,,,,,本科,,,,,
8311264,宁夏,本科批,历史,,XE4360E,,浙江财经大学,EF7C,工商管理类,,,,,,535,1493,,,,,,535,1493,,,,,,,,,本科,,,,,
8311265,宁夏,本科批,历史,,XE4360E,,浙江财经大学,9898,国际经济与贸易（含数字贸易方向）,含数字贸易方向,,,,,537,1419,,,,,,537,1419,,,,,,,,,本科,,,,,
8311266,宁夏,本科批,历史,,XE4360E,,浙江财经大学,46AC,公共管理类,,,,,,544,1176,,,,,,544,1176,,,,,,,,,本科,,,,,
8311267,宁夏,本科批,历史,,XE4360E,,浙江财经大学,6AB9,经济学,,,,,,550,999,,,,,,550,999,,,,,,,,,本科,,,,,
8311268,宁夏,本科批,历史,,XE4360E,,浙江财经大学,0FBC,金融学,,,,,,552,950,,,,,,552,950,,,,,,,,,本科,,,,,
8311269,宁夏,本科批,历史,,XE4360E,,浙江财经大学,D9E9,外国语言文学类,,,,,,553,921,,,,,,553,921,,,,,,,,,本科,,,,,
8311270,宁夏,本科批,历史,,XE4360E,,浙江财经大学,927B,法学,,,,,,561,736,,,,,,561,736,,,,,,,,,本科,,,,,
8311271,宁夏,本科批,物理,,XE4360E,,浙江财经大学,6F56,工程管理,,,,,,432,14269,,,,,,432,14269,,,,,,,,,本科,,,,,
8311272,宁夏,本科批,物理,,XE4360E,,浙江财经大学,1C92,数字经济,,,,,,470,8177,,,,,,470,8177,,,,,,,,,本科,,,,,
8311273,宁夏,本科批,物理,,XE4360E,,浙江财经大学,D9E9,外国语言文学类,,,,,,471,8067,,,,,,471,8067,,,,,,,,,本科,,,,,
8311274,宁夏,本科批,物理,,XE4360E,,浙江财经大学,EF7C,工商管理类,,,,,,471,8067,,,,,,471,8067,,,,,,,,,本科,,,,,
8311275,宁夏,本科批,物理,,XE4360E,,浙江财经大学,82E6,计算机类,,,,,,473,7812,,,,,,473,7812,,,,,,,,,本科,,,,,
8311276,宁夏,本科批,物理,,XE4360E,,浙江财经大学,C0DA,应用统计学,,,,,,478,7235,,,,,,478,7235,,,,,,,,,本科,,,,,
8311277,宁夏,本科批,物理,,XE4360E,,浙江财经大学,16DF,金融工程,,,,,,481,6851,,,,,,481,6851,,,,,,,,,本科,,,,,
8311278,宁夏,本科批,物理,,XE4360E,,浙江财经大学,9898,国际经济与贸易（含数字贸易方向）,含数字贸易方向,,,,,485,6416,,,,,,485,6416,,,,,,,,,本科,,,,,
8311279,宁夏,本科批,物理,,XE4360E,,浙江财经大学,927B,法学,,,,,,487,6218,,,,,,487,6218,,,,,,,,,本科,,,,,
8311280,宁夏,本科批,物理,,XE4360E,,浙江财经大学,6AB9,经济学,,,,,,487,6218,,,,,,487,6218,,,,,,,,,本科,,,,,
8311281,宁夏,本科批,物理,,XE4360E,,浙江财经大学,0FBC,金融学,,,,,,490,5885,,,,,,490,5885,,,,,,,,,本科,,,,,
8311282,宁夏,本科批,物理,,XE4360E,,浙江财经大学,46AC,公共管理类,,,,,,491,5800,,,,,,491,5800,,,,,,,,,本科,,,,,
8311283,宁夏,本科批,物理,,XE4360E,,浙江财经大学,CA9C,财政学类,,,,,,491,5800,,,,,,491,5800,,,,,,,,,本科,,,,,
8311284,宁夏,本科批,物理,,XE4360E,,浙江财经大学,28AD,经济统计学,,,,,,492,5700,,,,,,492,5700,,,,,,,,,本科,,,,,
8311285,宁夏,本科批,物理,,XE4360E,,浙江财经大学,FB18,财务管理,,,,,,506,4475,,,,,,506,4475,,,,,,,,,本科,,,,,
8311286,宁夏,本科批,物理,,XE4360E,,浙江财经大学,978C,审计学,,,,,,506,4475,,,,,,506,4475,,,,,,,,,本科,,,,,
8311963,宁夏,本科批,历史,,XE9E552,,福建农林大学,0929,农村区域发展,,,,,,506,2854,,,,,,506,2854,,,,,,,,,本科,,,,,
8311964,宁夏,本科批,历史,,XE9E552,,福建农林大学,CCE9,土地资源管理,,,,,,509,2669,,,,,,509,2669,,,,,,,,,本科,,,,,
8311965,宁夏,本科批,物理,,XE9E552,,福建农林大学,30B8,智慧农业,,,,,,432,14269,,,,,,432,14269,,,,,,,,,本科,,,,,
8311966,宁夏,本科批,物理,,XE9E552,,福建农林大学,0929,农村区域发展,,,,,,433,14069,,,,,,433,14069,,,,,,,,,本科,,,,,
8311967,宁夏,本科批,物理,,XE9E552,,福建农林大学,C5CB,园艺,,,,,,433,14069,,,,,,433,14069,,,,,,,,,本科,,,,,
8311968,宁夏,本科批,物理,,XE9E552,,福建农林大学,1F5A,生物育种科学,,,,,,435,13689,,,,,,435,13689,,,,,,,,,本科,,,,,
8311969,宁夏,本科批,物理,,XE9E552,,福建农林大学,0325,动物医学,,,,,,438,13162,,,,,,438,13162,,,,,,,,,本科,,,,,
8311970,宁夏,本科批,物理,,XE9E552,,福建农林大学,5E49,食品科学与工程,,,,,,439,12985,,,,,,439,12985,,,,,,,,,本科,,,,,
8311971,宁夏,本科批,物理,,XE9E552,,福建农林大学,6E5A,园林,,,,,,442,12470,,,,,,442,12470,,,,,,,,,本科,,,,,
8311972,宁夏,本科批,物理,,XE9E552,,福建农林大学,CCE9,土地资源管理,,,,,,445,11992,,,,,,445,11992,,,,,,,,,本科,,,,,
8312489,宁夏,本科批,物理,,XD05052,,赣南医科大学,5465,假肢矫形工程,,,,,,410,18711,,,,,,410,18711,,,,,,,,,本科,,,,,
8312490,宁夏,本科批,物理,,XD05052,,赣南医科大学,29F4,物联网工程,,,,,,416,17483,,,,,,416,17483,,,,,,,,,本科,,,,,
8312491,宁夏,本科批,物理,,XD05052,,赣南医科大学,552A,智能医学工程,,,,,,416,17483,,,,,,416,17483,,,,,,,,,本科,,,,,
8312492,宁夏,本科批,物理,,XD05052,,赣南医科大学,9B17,生物信息学,,,,,,418,17058,,,,,,418,17058,,,,,,,,,本科,,,,,
8312493,宁夏,本科批,物理,,XD05052,,赣南医科大学,40CE,制药工程,,,,,,418,17058,,,,,,418,17058,,,,,,,,,本科,,,,,
8312494,宁夏,本科批,物理,,XD05052,,赣南医科大学,A585,助产学,,,,,,418,17058,,,,,,418,17058,,,,,,,,,本科,,,,,
8312495,宁夏,本科批,物理,,XD05052,,赣南医科大学,10A0,药学,,,,,,419,16846,,,,,,419,16846,,,,,,,,,本科,,,,,
8312496,宁夏,本科批,物理,,XD05052,,赣南医科大学,4C2A,中药学,,,,,,419,16846,,,,,,419,16846,,,,,,,,,本科,,,,,
8312497,宁夏,本科批,物理,,XD05052,,赣南医科大学,4BF3,护理学,,,,,,419,16846,,,,,,419,16846,,,,,,,,,本科,,,,,
8312498,宁夏,本科批,物理,,XD05052,,赣南医科大学,817D,康复治疗学,,,,,,425,15604,,,,,,425,15604,,,,,,,,,本科,,,,,
8312499,宁夏,本科批,物理,,XD05052,,赣南医科大学,BE91,医学检验技术,,,,,,432,14269,,,,,,432,14269,,,,,,,,,本科,,,,,
8312500,宁夏,本科批,物理,,XD05052,,赣南医科大学,CD64,儿科学,,,,,,469,8304,,,,,,469,8304,,,,,,,,,本科,,,,,
8312501,宁夏,本科批,物理,,XD05052,,赣南医科大学,A5C6,麻醉学,,,,,,471,8067,,,,,,471,8067,,,,,,,,,本科,,,,,
8312502,宁夏,本科批,物理,,XD05052,,赣南医科大学,97D0,临床医学,,,,,,471,8067,,,,,,471,8067,,,,,,,,,本科,,,,,
8312503,宁夏,本科批,物理,,XD05052,,赣南医科大学,57E6,医学影像学,,,,,,472,7933,,,,,,472,7933,,,,,,,,,本科,,,,,
8312504,宁夏,本科批,物理,,XD05052,,赣南医科大学,4F87,临床医学（全科医学方向）,全科医学方向,,,,,480,6986,,,,,,480,6986,,,,,,,,,本科,,,,,
8312505,宁夏,本科批,物理,,XD05052,,赣南医科大学,5DA6,口腔医学,,,,,,499,5046,,,,,,499,5046,,,,,,,,,本科,,,,,
8312756,宁夏,本科批,物理,,X7C09F1,,南京中医药大学,4BF3,护理学,,,,,,458,9834,,,,,,458,9834,,,,,,,,,本科,,,,,
8312757,宁夏,本科批,物理,,X7C09F1,,南京中医药大学,82E6,计算机类,,,,,,496,5336,,,,,,496,5336,,,,,,,,,本科,,,,,
8312758,宁夏,本科批,物理,,X7C09F1,,南京中医药大学,1FF0,中药学类,,,,,,501,4879,,,,,,501,4879,,,,,,,,,本科,,,,,
8312759,宁夏,本科批,物理,,X7C09F1,,南京中医药大学,97D0,临床医学,,,,,,512,4013,,,,,,512,4013,,,,,,,,,本科,,,,,
8312760,宁夏,本科批,物理,,X7C09F1,,南京中医药大学,03FE,中医学,,,,,,515,3775,,,,,,515,3775,,,,,,,,,本科,,,,,
8312761,宁夏,本科批,物理,,X7C09F1,,南京中医药大学,4E2A,中医学（拔尖创新人才培养模式改革5+3一体化）,拔尖创新人才培养模式改革5+3一体化,,,,,523,3221,,,,,,523,3221,,,,,,,,,本科,,,,,
8313315,宁夏,本科批,历史,,X13E3DD,,渤海大学,C349,学前教育（师范）,师范,,,,,456,6640,,,,,,456,6640,,,,,,,,,本科,,,,,
8313316,宁夏,本科批,历史,,X13E3DD,,渤海大学,0A1A,小学教育（师范）,师范,,,,,481,4503,,,,,,481,4503,,,,,,,,,本科,,,,,
8313317,宁夏,本科批,物理,,X13E3DD,,渤海大学,BA85,教育技术学（师范）,师范,,,,,417,17270,,,,,,417,17270,,,,,,,,,本科,,,,,
8313318,宁夏,本科批,物理,,X13E3DD,,渤海大学,30D8,智能装备与系统,,,,,,418,17058,,,,,,418,17058,,,,,,,,,本科,,,,,
8313319,宁夏,本科批,物理,,X13E3DD,,渤海大学,4718,数据科学与大数据技术,,,,,,418,17058,,,,,,418,17058,,,,,,,,,本科,,,,,
8314443,宁夏,本科批,物理,,X75E6E2,,天津中医药大学,9CA5,传播学,,,,,,432,14269,,,,,,432,14269,,,,,,,,,本科,,,,,
8314444,宁夏,本科批,物理,,X75E6E2,,天津中医药大学,46AC,公共管理类,,,,,,439,12985,,,,,,439,12985,,,,,,,,,本科,,,,,
8314445,宁夏,本科批,物理,,X75E6E2,,天津中医药大学,A39E,预防医学,,,,,,452,10754,,,,,,452,10754,,,,,,,,,本科,,,,,
8314446,宁夏,本科批,物理,,X75E6E2,,天津中医药大学,4224,中医学类,,,,,,481,6851,,,,,,481,6851,,,,,,,,,本科,,,,,
8314930,宁夏,本科批,历史,,X54A591,,吉首大学,9691,少数民族预科班（张家界校区）（预科）,张家界校区; 预科,,,,,460,6282,,,,,,460,6282,,,,,,,,,本科,,,,,
8314931,宁夏,本科批,物理,,X54A591,,吉首大学,9691,少数民族预科班（张家界校区）（预科）,张家界校区; 预科,,,,,406,19573,,,,,,406,19573,,,,,,,,,本科,,,,,
8316545,宁夏,本科批,历史,,X85B1D2,,东北石油大学,25DE,国际经济与贸易,,,,,,505,2906,,,,,,505,2906,,,,,,,,,本科,,,,,
8316546,宁夏,本科批,历史,,X85B1D2,,东北石油大学,E6CB,社会工作,,,,,,510,2612,,,,,,510,2612,,,,,,,,,本科,,,,,
8316547,宁夏,本科批,历史,,X85B1D2,,东北石油大学,5E19,会计学,,,,,,511,2553,,,,,,511,2553,,,,,,,,,本科,,,,,
8316548,宁夏,本科批,历史,,X85B1D2,,东北石油大学,04A0,工商管理,,,,,,511,2553,,,,,,511,2553,,,,,,,,,本科,,,,,
8316549,宁夏,本科批,历史,,X85B1D2,,东北石油大学,4145,英语,,,,,,511,2553,,,,,,511,2553,,,,,,,,,本科,,,,,
8316550,宁夏,本科批,历史,,X85B1D2,,东北石油大学,D243,汉语言文学,,,,,,512,2492,,,,,,512,2492,,,,,,,,,本科,,,,,
8316551,宁夏,本科批,物理,,X85B1D2,,东北石油大学,9A06,储能科学与工程,,,,,,447,11628,,,,,,447,11628,,,,,,,,,本科,,,,,
8316552,宁夏,本科批,物理,,X85B1D2,,东北石油大学,4D44,给排水科学与工程,,,,,,449,11257,,,,,,449,11257,,,,,,,,,本科,,,,,
8316553,宁夏,本科批,物理,,X85B1D2,,东北石油大学,294C,地球信息科学与技术,,,,,,449,11257,,,,,,449,11257,,,,,,,,,本科,,,,,
8316554,宁夏,本科批,物理,,X85B1D2,,东北石油大学,3477,应用物理学,,,,,,449,11257,,,,,,449,11257,,,,,,,,,本科,,,,,
8316555,宁夏,本科批,物理,,X85B1D2,,东北石油大学,371D,工程造价,,,,,,449,11257,,,,,,449,11257,,,,,,,,,本科,,,,,
8316556,宁夏,本科批,物理,,X85B1D2,,东北石油大学,F11A,机器人工程,,,,,,450,11095,,,,,,450,11095,,,,,,,,,本科,,,,,
8316557,宁夏,本科批,物理,,X85B1D2,,东北石油大学,A5C9,建筑学,,,,,,450,11095,,,,,,450,11095,,,,,,,,,本科,,,,,
8316558,宁夏,本科批,物理,,X85B1D2,,东北石油大学,AB8D,建筑环境与能源应用工程（清洁能源技术）,清洁能源技术,,,,,450,11095,,,,,,450,11095,,,,,,,,,本科,,,,,
8316559,宁夏,本科批,物理,,X85B1D2,,东北石油大学,08C3,建筑环境与能源应用工程（低碳科学与技术）,低碳科学与技术,,,,,450,11095,,,,,,450,11095,,,,,,,,,本科,,,,,
8316560,宁夏,本科批,物理,,X85B1D2,,东北石油大学,548C,信息与计算科学,,,,,,451,10913,,,,,,451,10913,,,,,,,,,本科,,,,,
8316561,宁夏,本科批,物理,,X85B1D2,,东北石油大学,5E19,会计学,,,,,,451,10913,,,,,,451,10913,,,,,,,,,本科,,,,,
8316562,宁夏,本科批,物理,,X85B1D2,,东北石油大学,52FD,应用化学,,,,,,451,10913,,,,,,451,10913,,,,,,,,,本科,,,,,
8316563,宁夏,本科批,物理,,X85B1D2,,东北石油大学,262E,金属材料工程,,,,,,452,10754,,,,,,452,10754,,,,,,,,,本科,,,,,
8316564,宁夏,本科批,物理,,X85B1D2,,东北石油大学,885E,土木工程（智能土木）,智能土木,,,,,452,10754,,,,,,452,10754,,,,,,,,,本科,,,,,
8316565,宁夏,本科批,物理,,X85B1D2,,东北石油大学,6F56,工程管理,,,,,,452,10754,,,,,,452,10754,,,,,,,,,本科,,,,,
8316566,宁夏,本科批,物理,,X85B1D2,,东北石油大学,6F5A,碳储科学与工程,,,,,,453,10598,,,,,,453,10598,,,,,,,,,本科,,,,,
8316567,宁夏,本科批,物理,,X85B1D2,,东北石油大学,4145,英语,,,,,,453,10598,,,,,,453,10598,,,,,,,,,本科,,,,,
8316568,宁夏,本科批,物理,,X85B1D2,,东北石油大学,6420,过程装备与控制工程,,,,,,453,10598,,,,,,453,10598,,,,,,,,,本科,,,,,
8316569,宁夏,本科批,物理,,X85B1D2,,东北石油大学,EC95,勘查技术与工程,,,,,,454,10448,,,,,,454,10448,,,,,,,,,本科,,,,,
8316570,宁夏,本科批,物理,,X85B1D2,,东北石油大学,0DD8,资源勘查工程,,,,,,454,10448,,,,,,454,10448,,,,,,,,,本科,,,,,
8317393,宁夏,本科批,物理,,X23E469,,中国石油大学（北京）,ABA8,环境科学与工程类,,,,,,448,11446,,,,,,448,11446,,,,,,,,,本科,,,,,
8317394,宁夏,本科批,物理,,X23E469,,中国石油大学（北京）,6420,过程装备与控制工程,,,,,,449,11257,,,,,,449,11257,,,,,,,,,本科,,,,,
8317395,宁夏,本科批,物理,,X23E469,,中国石油大学（北京）,EF7C,工商管理类,,,,,,453,10598,,,,,,453,10598,,,,,,,,,本科,,,,,
8317396,宁夏,本科批,物理,,X23E469,,中国石油大学（北京）,52FD,应用化学,,,,,,458,9834,,,,,,458,9834,,,,,,,,,本科,,,,,
8317397,宁夏,本科批,物理,,X23E469,,中国石油大学（北京）,D40C,少数民族预科班,,,,,,462,9236,,,,,,462,9236,,,,,,,,,本科,,,,,
8317398,宁夏,本科批,物理,,X23E469,,中国石油大学（北京）,EC95,勘查技术与工程,,,,,,462,9236,,,,,,462,9236,,,,,,,,,本科,,,,,
8317399,宁夏,本科批,物理,,X23E469,,中国石油大学（北京）,E7FB,化工与制药类,,,,,,469,8304,,,,,,469,8304,,,,,,,,,本科,,,,,
8317400,宁夏,本科批,物理,,X23E469,,中国石油大学（北京）,3615,机械类,,,,,,496,5336,,,,,,496,5336,,,,,,,,,本科,,,,,
8317401,宁夏,本科批,物理,,X23E469,,中国石油大学（北京）,0984,资源勘查工程（油气与清洁地质能源）,油气与清洁地质能源,,,,,503,4724,,,,,,503,4724,,,,,,,,,本科,,,,,
8317402,宁夏,本科批,物理,,X23E469,,中国石油大学（北京）,12CD,油气储运工程,,,,,,503,4724,,,,,,503,4724,,,,,,,,,本科,,,,,
8317403,宁夏,本科批,物理,,X23E469,,中国石油大学（北京）,F620,安全工程,,,,,,515,3775,,,,,,515,3775,,,,,,,,,本科,,,,,
8317404,宁夏,本科批,物理,,X23E469,,中国石油大学（北京）,DC0F,石油工程（阿语复合人才实验班）,阿语复合人才实验班,,,,,530,2799,,,,,,530,2799,,,,,,,,,本科,,,,,
8317405,宁夏,本科批,物理,,X23E469,,中国石油大学（北京）,4C65,自动化,,,,,,532,2696,,,,,,532,2696,,,,,,,,,本科,,,,,
8317406,宁夏,本科批,物理,,X23E469,,中国石油大学（北京）,A942,材料科学与工程,,,,,,535,2533,,,,,,535,2533,,,,,,,,,本科,,,,,
8317407,宁夏,本科批,物理,,X23E469,,中国石油大学（北京）,B9A5,计算机科学与技术,,,,,,536,2489,,,,,,536,2489,,,,,,,,,本科,,,,,
8317408,宁夏,本科批,物理,,X23E469,,中国石油大学（北京）,D081,新能源科学与工程,,,,,,542,2180,,,,,,542,2180,,,,,,,,,本科,,,,,
8317409,宁夏,本科批,物理,,X23E469,,中国石油大学（北京）,4D53,石油工程,,,,,,561,1417,,,,,,561,1417,,,,,,,,,本科,,,,,
8318279,宁夏,本科批,历史,,XF7B228,,新疆大学,CA0F,旅游管理,,,,,,519,2144,,,,,,519,2144,,,,,,,,,本科,,,,,
8318280,宁夏,本科批,历史,,XF7B228,,新疆大学,9544,考古学,,,,,,527,1793,,,,,,527,1793,,,,,,,,,本科,,,,,
8318281,宁夏,本科批,历史,,XF7B228,,新疆大学,73E7,国际政治,,,,,,527,1793,,,,,,527,1793,,,,,,,,,本科,,,,,
8318282,宁夏,本科批,历史,,XF7B228,,新疆大学,4873,历史学,,,,,,527,1793,,,,,,527,1793,,,,,,,,,本科,,,,,
8318283,宁夏,本科批,历史,,XF7B228,,新疆大学,51C8,思想政治教育,,,,,,531,1630,,,,,,531,1630,,,,,,,,,本科,,,,,
8318284,宁夏,本科批,历史,,XF7B228,,新疆大学,D243,汉语言文学,,,,,,543,1216,,,,,,543,1216,,,,,,,,,本科,,,,,
8318285,宁夏,本科批,物理,,XF7B228,,新疆大学,4ED3,生态学,,,,,,436,13513,,,,,,436,13513,,,,,,,,,本科,,,,,
8318286,宁夏,本科批,物理,,XF7B228,,新疆大学,EF7C,工商管理类,,,,,,441,12659,,,,,,441,12659,,,,,,,,,本科,,,,,
8318287,宁夏,本科批,物理,,XF7B228,,新疆大学,75BF,纺织工程,,,,,,441,12659,,,,,,441,12659,,,,,,,,,本科,,,,,
8318288,宁夏,本科批,物理,,XF7B228,,新疆大学,F11A,机器人工程,,,,,,442,12470,,,,,,442,12470,,,,,,,,,本科,,,,,
8318289,宁夏,本科批,物理,,XF7B228,,新疆大学,3C38,软件工程,,,,,,443,12278,,,,,,443,12278,,,,,,,,,本科,,,,,
8318290,宁夏,本科批,物理,,XF7B228,,新疆大学,CB22,城乡规划,,,,,,447,11628,,,,,,447,11628,,,,,,,,,本科,,,,,
8318291,宁夏,本科批,物理,,XF7B228,,新疆大学,A5C9,建筑学,,,,,,448,11446,,,,,,448,11446,,,,,,,,,本科,,,,,
8318292,宁夏,本科批,物理,,XF7B228,,新疆大学,91CE,水文与水资源工程,,,,,,450,11095,,,,,,450,11095,,,,,,,,,本科,,,,,
8318293,宁夏,本科批,物理,,XF7B228,,新疆大学,D243,汉语言文学,,,,,,453,10598,,,,,,453,10598,,,,,,,,,本科,,,,,
8318294,宁夏,本科批,物理,,XF7B228,,新疆大学,9301,新闻传播学类,,,,,,455,10282,,,,,,455,10282,,,,,,,,,本科,,,,,
8318295,宁夏,本科批,物理,,XF7B228,,新疆大学,548C,信息与计算科学,,,,,,469,8304,,,,,,469,8304,,,,,,,,,本科,,,,,
8318296,宁夏,本科批,物理,,XF7B228,,新疆大学,D06C,机械工程,,,,,,472,7933,,,,,,472,7933,,,,,,,,,本科,,,,,
8318297,宁夏,本科批,物理,,XF7B228,,新疆大学,25FE,数学与应用数学,,,,,,480,6986,,,,,,480,6986,,,,,,,,,本科,,,,,
8318298,宁夏,本科批,物理,,XF7B228,,新疆大学,927B,法学,,,,,,482,6750,,,,,,482,6750,,,,,,,,,本科,,,,,
8318299,宁夏,本科批,物理,,XF7B228,,新疆大学,D583,网络空间安全,,,,,,490,5885,,,,,,490,5885,,,,,,,,,本科,,,,,
8318300,宁夏,本科批,物理,,XF7B228,,新疆大学,D081,新能源科学与工程,,,,,,499,5046,,,,,,499,5046,,,,,,,,,本科,,,,,
8318301,宁夏,本科批,物理,,XF7B228,,新疆大学,4C65,自动化,,,,,,504,4626,,,,,,504,4626,,,,,,,,,本科,,,,,
8318302,宁夏,本科批,物理,,XF7B228,,新疆大学,A5B7,电气工程及其自动化,,,,,,512,4013,,,,,,512,4013,,,,,,,,,本科,,,,,
8319441,宁夏,本科批,物理,,XCF0BEC,,大连海洋大学,671C,日语,,,,,,411,18509,,,,,,411,18509,,,,,,,,,本科,,,,,
8319442,宁夏,本科批,物理,,XCF0BEC,,大连海洋大学,4ECE,土木工程,,,,,,413,18103,,,,,,413,18103,,,,,,,,,本科,,,,,
8319443,宁夏,本科批,物理,,XCF0BEC,,大连海洋大学,4718,数据科学与大数据技术,,,,,,414,17904,,,,,,414,17904,,,,,,,,,本科,,,,,
8319444,宁夏,本科批,物理,,XCF0BEC,,大连海洋大学,4145,英语,,,,,,416,17483,,,,,,416,17483,,,,,,,,,本科,,,,,
8320617,宁夏,本科批,历史,,X550BC8,,湖南农业大学,46AC,公共管理类,,,,,,497,3383,,,,,,497,3383,,,,,,,,,本科,,,,,
8320618,宁夏,本科批,历史,,X550BC8,,湖南农业大学,6758,教育学,,,,,,497,3383,,,,,,497,3383,,,,,,,,,本科,,,,,
8320619,宁夏,本科批,历史,,X550BC8,,湖南农业大学,4154,电子商务,,,,,,504,2973,,,,,,504,2973,,,,,,,,,本科,,,,,
8320620,宁夏,本科批,物理,,X550BC8,,湖南农业大学,46AC,公共管理类,,,,,,434,13883,,,,,,434,13883,,,,,,,,,本科,,,,,
8320621,宁夏,本科批,物理,,X550BC8,,湖南农业大学,0929,农村区域发展,,,,,,441,12659,,,,,,441,12659,,,,,,,,,本科,,,,,
8320622,宁夏,本科批,物理,,X550BC8,,湖南农业大学,4145,英语,,,,,,441,12659,,,,,,441,12659,,,,,,,,,本科,,,,,
8320623,宁夏,本科批,物理,,X550BC8,,湖南农业大学,4869,投资学,,,,,,442,12470,,,,,,442,12470,,,,,,,,,本科,,,,,
8320624,宁夏,本科批,物理,,X550BC8,,湖南农业大学,6E5A,园林,,,,,,442,12470,,,,,,442,12470,,,,,,,,,本科,,,,,
8320625,宁夏,本科批,物理,,X550BC8,,湖南农业大学,7212,动植物检疫,,,,,,442,12470,,,,,,442,12470,,,,,,,,,本科,,,,,
8320626,宁夏,本科批,物理,,X550BC8,,湖南农业大学,C5CB,园艺,,,,,,442,12470,,,,,,442,12470,,,,,,,,,本科,,,,,
8320627,宁夏,本科批,物理,,X550BC8,,湖南农业大学,9B17,生物信息学,,,,,,443,12278,,,,,,443,12278,,,,,,,,,本科,,,,,
8320628,宁夏,本科批,物理,,X550BC8,,湖南农业大学,53B9,食品质量与安全,,,,,,445,11992,,,,,,445,11992,,,,,,,,,本科,,,,,
8320629,宁夏,本科批,物理,,X550BC8,,湖南农业大学,7D22,材料化学,,,,,,445,11992,,,,,,445,11992,,,,,,,,,本科,,,,,
8320630,宁夏,本科批,物理,,X550BC8,,湖南农业大学,7E23,环境工程,,,,,,447,11628,,,,,,447,11628,,,,,,,,,本科,,,,,
8320631,宁夏,本科批,物理,,X550BC8,,湖南农业大学,5E49,食品科学与工程,,,,,,447,11628,,,,,,447,11628,,,,,,,,,本科,,,,,
8320632,宁夏,本科批,物理,,X550BC8,,湖南农业大学,78FF,机械设计制造及其自动化,,,,,,448,11446,,,,,,448,11446,,,,,,,,,本科,,,,,
8320633,宁夏,本科批,物理,,X550BC8,,湖南农业大学,F6E0,农业机械化及其自动化,,,,,,448,11446,,,,,,448,11446,,,,,,,,,本科,,,,,
8320634,宁夏,本科批,物理,,X550BC8,,湖南农业大学,F11A,机器人工程,,,,,,451,10913,,,,,,451,10913,,,,,,,,,本科,,,,,
8320635,宁夏,本科批,物理,,X550BC8,,湖南农业大学,F89C,生物技术,,,,,,451,10913,,,,,,451,10913,,,,,,,,,本科,,,,,
8320636,宁夏,本科批,物理,,X550BC8,,湖南农业大学,99EA,动物科学,,,,,,452,10754,,,,,,452,10754,,,,,,,,,本科,,,,,
8320637,宁夏,本科批,物理,,X550BC8,,湖南农业大学,1AFF,农业资源与环境,,,,,,458,9834,,,,,,458,9834,,,,,,,,,本科,,,,,
8320638,宁夏,本科批,物理,,X550BC8,,湖南农业大学,0325,动物医学,,,,,,468,8439,,,,,,468,8439,,,,,,,,,本科,,,,,
8321517,宁夏,本科批,历史,,X6EE46E,,浙江传媒学院,A7E8,会展经济与管理,,,,,,493,3637,,,,,,493,3637,,,,,,,,,本科,,,,,
8321518,宁夏,本科批,历史,,X6EE46E,,浙江传媒学院,3739,广告学,,,,,,494,3571,,,,,,494,3571,,,,,,,,,本科,,,,,
8321519,宁夏,本科批,历史,,X6EE46E,,浙江传媒学院,0E3B,编辑出版学,,,,,,494,3571,,,,,,494,3571,,,,,,,,,本科,,,,,
8321520,宁夏,本科批,历史,,X6EE46E,,浙江传媒学院,7288,文化产业管理,,,,,,494,3571,,,,,,494,3571,,,,,,,,,本科,,,,,
8321521,宁夏,本科批,历史,,X6EE46E,,浙江传媒学院,5D72,网络与新媒体,,,,,,495,3504,,,,,,495,3504,,,,,,,,,本科,,,,,
8321522,宁夏,本科批,历史,,X6EE46E,,浙江传媒学院,D243,汉语言文学,,,,,,497,3383,,,,,,497,3383,,,,,,,,,本科,,,,,
8321523,宁夏,本科批,物理,,X6EE46E,,浙江传媒学院,A7E8,会展经济与管理,,,,,,429,14886,,,,,,429,14886,,,,,,,,,本科,,,,,
8321524,宁夏,本科批,物理,,X6EE46E,,浙江传媒学院,4338,广播电视工程,,,,,,429,14886,,,,,,429,14886,,,,,,,,,本科,,,,,
8321525,宁夏,本科批,物理,,X6EE46E,,浙江传媒学院,1FDF,电子科学与技术（演艺工程与舞台技术）,演艺工程与舞台技术,,,,,430,14690,,,,,,430,14690,,,,,,,,,本科,,,,,
8321526,宁夏,本科批,物理,,X6EE46E,,浙江传媒学院,6995,网络工程,,,,,,430,14690,,,,,,430,14690,,,,,,,,,本科,,,,,
8321527,宁夏,本科批,物理,,X6EE46E,,浙江传媒学院,F068,人工智能,,,,,,434,13883,,,,,,434,13883,,,,,,,,,本科,,,,,
8321528,宁夏,本科批,物理,,X6EE46E,,浙江传媒学院,7288,文化产业管理,,,,,,436,13513,,,,,,436,13513,,,,,,,,,本科,,,,,
8321529,宁夏,本科批,物理,,X6EE46E,,浙江传媒学院,164B,软件工程（传媒大数据）,传媒大数据,,,,,437,13337,,,,,,437,13337,,,,,,,,,本科,,,,,
8321530,宁夏,本科批,物理,,X6EE46E,,浙江传媒学院,0E3B,编辑出版学,,,,,,440,12830,,,,,,440,12830,,,,,,,,,本科,,,,,
8321531,宁夏,本科批,物理,,X6EE46E,,浙江传媒学院,41CF,数字媒体技术,,,,,,451,10913,,,,,,451,10913,,,,,,,,,本科,,,,,
8322072,宁夏,本科批,历史,,X875FF1,,湖北经济学院,CA0F,旅游管理,,,,,,477,4821,,,,,,477,4821,,,,,,,,,本科,,,,,
8322073,宁夏,本科批,历史,,X875FF1,,湖北经济学院,FBFE,物流管理,,,,,,478,4752,,,,,,478,4752,,,,,,,,,本科,,,,,
8322074,宁夏,本科批,历史,,X875FF1,,湖北经济学院,5D72,网络与新媒体,,,,,,479,4671,,,,,,479,4671,,,,,,,,,本科,,,,,
8322075,宁夏,本科批,历史,,X875FF1,,湖北经济学院,68F4,新闻学,,,,,,479,4671,,,,,,479,4671,,,,,,,,,本科,,,,,
8322076,宁夏,本科批,历史,,X875FF1,,湖北经济学院,FB18,财务管理,,,,,,479,4671,,,,,,479,4671,,,,,,,,,本科,,,,,
8322077,宁夏,本科批,物理,,X875FF1,,湖北经济学院,4154,电子商务,,,,,,416,17483,,,,,,416,17483,,,,,,,,,本科,,,,,
8322078,宁夏,本科批,物理,,X875FF1,,湖北经济学院,4718,数据科学与大数据技术,,,,,,422,16199,,,,,,422,16199,,,,,,,,,本科,,,,,
8322079,宁夏,本科批,物理,,X875FF1,,湖北经济学院,0FBC,金融学,,,,,,423,15998,,,,,,423,15998,,,,,,,,,本科,,,,,
8322080,宁夏,本科批,物理,,X875FF1,,湖北经济学院,978C,审计学,,,,,,426,15424,,,,,,426,15424,,,,,,,,,本科,,,,,
8322692,宁夏,本科批,历史,,X0192F8,,福建理工大学,92DB,知识产权,,,,,,492,3719,,,,,,492,3719,,,,,,,,,本科,,,,,
8322693,宁夏,本科批,物理,,X0192F8,,福建理工大学,D40C,少数民族预科班,,,,,,404,19977,,,,,,404,19977,,,,,,,,,本科,,,,,
8322694,宁夏,本科批,物理,,X0192F8,,福建理工大学,5257,工业工程,,,,,,414,17904,,,,,,414,17904,,,,,,,,,本科,,,,,
8322695,宁夏,本科批,物理,,X0192F8,,福建理工大学,FEF6,材料成型及控制工程,,,,,,414,17904,,,,,,414,17904,,,,,,,,,本科,,,,,
8322696,宁夏,本科批,物理,,X0192F8,,福建理工大学,FBFE,物流管理,,,,,,416,17483,,,,,,416,17483,,,,,,,,,本科,,,,,
8322697,宁夏,本科批,物理,,X0192F8,,福建理工大学,A942,材料科学与工程,,,,,,416,17483,,,,,,416,17483,,,,,,,,,本科,,,,,
8322698,宁夏,本科批,物理,,X0192F8,,福建理工大学,04A0,工商管理,,,,,,417,17270,,,,,,417,17270,,,,,,,,,本科,,,,,
8322699,宁夏,本科批,物理,,X0192F8,,福建理工大学,26A7,车辆工程,,,,,,422,16199,,,,,,422,16199,,,,,,,,,本科,,,,,
8323567,宁夏,本科批,物理,,X5070E1,,兰州理工大学,04A0,工商管理,,,,,,446,11823,,,,,,446,11823,,,,,,,,,本科,,,,,
8323568,宁夏,本科批,物理,,X5070E1,,兰州理工大学,CEDE,道路桥梁与渡河工程,,,,,,464,8960,,,,,,464,8960,,,,,,,,,本科,,,,,
8323569,宁夏,本科批,物理,,X5070E1,,兰州理工大学,262E,金属材料工程,,,,,,464,8960,,,,,,464,8960,,,,,,,,,本科,,,,,
8323570,宁夏,本科批,物理,,X5070E1,,兰州理工大学,0484,焊接技术与工程,,,,,,465,8813,,,,,,465,8813,,,,,,,,,本科,,,,,
8323571,宁夏,本科批,物理,,X5070E1,,兰州理工大学,B5E9,无机非金属材料工程,,,,,,465,8813,,,,,,465,8813,,,,,,,,,本科,,,,,
8323572,宁夏,本科批,物理,,X5070E1,,兰州理工大学,5B8B,高分子材料与工程,,,,,,465,8813,,,,,,465,8813,,,,,,,,,本科,,,,,
8323573,宁夏,本科批,物理,,X5070E1,,兰州理工大学,FEF6,材料成型及控制工程,,,,,,465,8813,,,,,,465,8813,,,,,,,,,本科,,,,,
8323574,宁夏,本科批,物理,,X5070E1,,兰州理工大学,3170,冶金工程,,,,,,467,8565,,,,,,467,8565,,,,,,,,,本科,,,,,
8323575,宁夏,本科批,物理,,X5070E1,,兰州理工大学,6420,过程装备与控制工程,,,,,,467,8565,,,,,,467,8565,,,,,,,,,本科,,,,,
8323576,宁夏,本科批,物理,,X5070E1,,兰州理工大学,F11A,机器人工程,,,,,,471,8067,,,,,,471,8067,,,,,,,,,本科,,,,,
8323577,宁夏,本科批,物理,,X5070E1,,兰州理工大学,C1B4,水利水电工程,,,,,,472,7933,,,,,,472,7933,,,,,,,,,本科,,,,,
8323578,宁夏,本科批,物理,,X5070E1,,兰州理工大学,548C,信息与计算科学,,,,,,473,7812,,,,,,473,7812,,,,,,,,,本科,,,,,
8323579,宁夏,本科批,物理,,X5070E1,,兰州理工大学,78FF,机械设计制造及其自动化,,,,,,475,7574,,,,,,475,7574,,,,,,,,,本科,,,,,
8323580,宁夏,本科批,物理,,X5070E1,,兰州理工大学,7932,电子信息科学与技术,,,,,,476,7457,,,,,,476,7457,,,,,,,,,本科,,,,,
8323581,宁夏,本科批,物理,,X5070E1,,兰州理工大学,4C65,自动化,,,,,,480,6986,,,,,,480,6986,,,,,,,,,本科,,,,,
8323582,宁夏,本科批,物理,,X5070E1,,兰州理工大学,B9A5,计算机科学与技术,,,,,,487,6218,,,,,,487,6218,,,,,,,,,本科,,,,,
8323583,宁夏,本科批,物理,,X5070E1,,兰州理工大学,A5B7,电气工程及其自动化,,,,,,494,5525,,,,,,494,5525,,,,,,,,,本科,,,,,
8324212,宁夏,本科批,历史,,X4C94BF,,广西民族大学,6AB9,经济学,,,,,,489,3940,,,,,,489,3940,,,,,,,,,本科,,,,,
8324213,宁夏,本科批,历史,,X4C94BF,,广西民族大学,D243,汉语言文学,,,,,,491,3781,,,,,,491,3781,,,,,,,,,本科,,,,,
8324214,宁夏,本科批,历史,,X4C94BF,,广西民族大学,5E19,会计学,,,,,,492,3719,,,,,,492,3719,,,,,,,,,本科,,,,,
8324215,宁夏,本科批,历史,,X4C94BF,,广西民族大学,D0E1,政治学与行政学,,,,,,492,3719,,,,,,492,3719,,,,,,,,,本科,,,,,
8324216,宁夏,本科批,历史,,X4C94BF,,广西民族大学,927B,法学,,,,,,494,3571,,,,,,494,3571,,,,,,,,,本科,,,,,
8324217,宁夏,本科批,物理,,X4C94BF,,广西民族大学,38B5,能源化学工程,,,,,,419,16846,,,,,,419,16846,,,,,,,,,本科,,,,,
8324218,宁夏,本科批,物理,,X4C94BF,,广西民族大学,802A,物理学,,,,,,419,16846,,,,,,419,16846,,,,,,,,,本科,,,,,
8324219,宁夏,本科批,物理,,X4C94BF,,广西民族大学,25FE,数学与应用数学,,,,,,419,16846,,,,,,419,16846,,,,,,,,,本科,,,,,
8324220,宁夏,本科批,物理,,X4C94BF,,广西民族大学,1D5E,税收学,,,,,,421,16413,,,,,,421,16413,,,,,,,,,本科,,,,,
8324221,宁夏,本科批,物理,,X4C94BF,,广西民族大学,A687,光电信息科学与工程,,,,,,421,16413,,,,,,421,16413,,,,,,,,,本科,,,,,
8324222,宁夏,本科批,物理,,X4C94BF,,广西民族大学,B9A5,计算机科学与技术,,,,,,425,15604,,,,,,425,15604,,,,,,,,,本科,,,,,
8324223,宁夏,本科批,物理,,X4C94BF,,广西民族大学,4C65,自动化,,,,,,426,15424,,,,,,426,15424,,,,,,,,,本科,,,,,
8324224,宁夏,本科批,物理,,X4C94BF,,广西民族大学,ECA4,通信工程,,,,,,427,15234,,,,,,427,15234,,,,,,,,,本科,,,,,
8324225,宁夏,本科批,物理,,X4C94BF,,广西民族大学,927B,法学,,,,,,432,14269,,,,,,432,14269,,,,,,,,,本科,,,,,
8325426,宁夏,本科批,历史,,XA4F6A7,,内蒙古科技大学,0FBC,金融学,,,,,,485,4225,,,,,,485,4225,,,,,,,,,本科,,,,,
8325427,宁夏,本科批,历史,,XA4F6A7,,内蒙古科技大学,52B6,秘书学,,,,,,485,4225,,,,,,485,4225,,,,,,,,,本科,,,,,
8325428,宁夏,本科批,历史,,XA4F6A7,,内蒙古科技大学,D243,汉语言文学,,,,,,489,3940,,,,,,489,3940,,,,,,,,,本科,,,,,
8325429,宁夏,本科批,物理,,XA4F6A7,,内蒙古科技大学,C493,土木类,,,,,,420,16610,,,,,,420,16610,,,,,,,,,本科,,,,,
8325430,宁夏,本科批,物理,,XA4F6A7,,内蒙古科技大学,33A1,应急技术与管理,,,,,,420,16610,,,,,,420,16610,,,,,,,,,本科,,,,,
8325431,宁夏,本科批,物理,,XA4F6A7,,内蒙古科技大学,9B17,生物信息学,,,,,,420,16610,,,,,,420,16610,,,,,,,,,本科,,,,,
8325432,宁夏,本科批,物理,,XA4F6A7,,内蒙古科技大学,F89C,生物技术,,,,,,420,16610,,,,,,420,16610,,,,,,,,,本科,,,,,
8325433,宁夏,本科批,物理,,XA4F6A7,,内蒙古科技大学,E2E1,生物工程,,,,,,421,16413,,,,,,421,16413,,,,,,,,,本科,,,,,
8325434,宁夏,本科批,物理,,XA4F6A7,,内蒙古科技大学,C0DA,应用统计学,,,,,,422,16199,,,,,,422,16199,,,,,,,,,本科,,,,,
8325435,宁夏,本科批,物理,,XA4F6A7,,内蒙古科技大学,E7FB,化工与制药类,,,,,,422,16199,,,,,,422,16199,,,,,,,,,本科,,,,,
8325436,宁夏,本科批,物理,,XA4F6A7,,内蒙古科技大学,4EA7,新能源材料与器件,,,,,,423,15998,,,,,,423,15998,,,,,,,,,本科,,,,,
8325437,宁夏,本科批,物理,,XA4F6A7,,内蒙古科技大学,5E49,食品科学与工程,,,,,,423,15998,,,,,,423,15998,,,,,,,,,本科,,,,,
8325438,宁夏,本科批,物理,,XA4F6A7,,内蒙古科技大学,FEF6,材料成型及控制工程,,,,,,423,15998,,,,,,423,15998,,,,,,,,,本科,,,,,
8325439,宁夏,本科批,物理,,XA4F6A7,,内蒙古科技大学,CA67,采矿工程,,,,,,423,15998,,,,,,423,15998,,,,,,,,,本科,,,,,
8325440,宁夏,本科批,物理,,XA4F6A7,,内蒙古科技大学,45EA,稀土材料科学与工程,,,,,,424,15793,,,,,,424,15793,,,,,,,,,本科,,,,,
8325441,宁夏,本科批,物理,,XA4F6A7,,内蒙古科技大学,3615,机械类,,,,,,424,15793,,,,,,424,15793,,,,,,,,,本科,,,,,
8325442,宁夏,本科批,物理,,XA4F6A7,,内蒙古科技大学,3170,冶金工程,,,,,,424,15793,,,,,,424,15793,,,,,,,,,本科,,,,,
8325443,宁夏,本科批,物理,,XA4F6A7,,内蒙古科技大学,4C65,自动化,,,,,,425,15604,,,,,,425,15604,,,,,,,,,本科,,,,,
8326349,宁夏,本科批,历史,,X84BF09,,天津城建大学,8412,城市管理,,,,,,473,5131,,,,,,473,5131,,,,,,,,,本科,,,,,
8326350,宁夏,本科批,历史,,X84BF09,,天津城建大学,04A0,工商管理,,,,,,475,4975,,,,,,475,4975,,,,,,,,,本科,,,,,
8326351,宁夏,本科批,历史,,X84BF09,,天津城建大学,4869,投资学,,,,,,476,4903,,,,,,476,4903,,,,,,,,,本科,,,,,
8326352,宁夏,本科批,历史,,X84BF09,,天津城建大学,A5C9,建筑学,,,,,,476,4903,,,,,,476,4903,,,,,,,,,本科,,,,,
8326353,宁夏,本科批,历史,,X84BF09,,天津城建大学,8B36,翻译,,,,,,480,4593,,,,,,480,4593,,,,,,,,,本科,,,,,
8326354,宁夏,本科批,历史,,X84BF09,,天津城建大学,CCE9,土地资源管理,,,,,,481,4503,,,,,,481,4503,,,,,,,,,本科,,,,,
8326355,宁夏,本科批,历史,,X84BF09,,天津城建大学,CB22,城乡规划,,,,,,484,4295,,,,,,484,4295,,,,,,,,,本科,,,,,
8326356,宁夏,本科批,物理,,X84BF09,,天津城建大学,A942,材料科学与工程,,,,,,420,16610,,,,,,420,16610,,,,,,,,,本科,,,,,
8326357,宁夏,本科批,物理,,X84BF09,,天津城建大学,41FB,房地产开发与管理,,,,,,420,16610,,,,,,420,16610,,,,,,,,,本科,,,,,
8326358,宁夏,本科批,物理,,X84BF09,,天津城建大学,6F56,工程管理,,,,,,421,16413,,,,,,421,16413,,,,,,,,,本科,,,,,
8326359,宁夏,本科批,物理,,X84BF09,,天津城建大学,1231,城市地下空间工程,,,,,,421,16413,,,,,,421,16413,,,,,,,,,本科,,,,,
8326360,宁夏,本科批,物理,,X84BF09,,天津城建大学,4ECE,土木工程,,,,,,421,16413,,,,,,421,16413,,,,,,,,,本科,,,,,
8326361,宁夏,本科批,物理,,X84BF09,,天津城建大学,38C2,地质工程,,,,,,423,15998,,,,,,423,15998,,,,,,,,,本科,,,,,
8326362,宁夏,本科批,物理,,X84BF09,,天津城建大学,A2E0,测绘工程,,,,,,423,15998,,,,,,423,15998,,,,,,,,,本科,,,,,
8326363,宁夏,本科批,物理,,X84BF09,,天津城建大学,E347,工业设计,,,,,,423,15998,,,,,,423,15998,,,,,,,,,本科,,,,,
8326364,宁夏,本科批,物理,,X84BF09,,天津城建大学,3477,应用物理学,,,,,,423,15998,,,,,,423,15998,,,,,,,,,本科,,,,,
8326365,宁夏,本科批,物理,,X84BF09,,天津城建大学,52FD,应用化学,,,,,,423,15998,,,,,,423,15998,,,,,,,,,本科,,,,,
8326366,宁夏,本科批,物理,,X84BF09,,天津城建大学,A86C,遥感科学与技术,,,,,,423,15998,,,,,,423,15998,,,,,,,,,本科,,,,,
8326367,宁夏,本科批,物理,,X84BF09,,天津城建大学,4D44,给排水科学与工程,,,,,,423,15998,,,,,,423,15998,,,,,,,,,本科,,,,,
8326368,宁夏,本科批,物理,,X84BF09,,天津城建大学,B5E9,无机非金属材料工程,,,,,,424,15793,,,,,,424,15793,,,,,,,,,本科,,,,,
8326369,宁夏,本科批,物理,,X84BF09,,天津城建大学,25FE,数学与应用数学,,,,,,424,15793,,,,,,424,15793,,,,,,,,,本科,,,,,
8326370,宁夏,本科批,物理,,X84BF09,,天津城建大学,8EA2,机械电子工程,,,,,,424,15793,,,,,,424,15793,,,,,,,,,本科,,,,,
8326371,宁夏,本科批,物理,,X84BF09,,天津城建大学,5B8B,高分子材料与工程,,,,,,425,15604,,,,,,425,15604,,,,,,,,,本科,,,,,
8326372,宁夏,本科批,物理,,X84BF09,,天津城建大学,A5B7,电气工程及其自动化,,,,,,426,15424,,,,,,426,15424,,,,,,,,,本科,,,,,
8326373,宁夏,本科批,物理,,X84BF09,,天津城建大学,F068,人工智能,,,,,,426,15424,,,,,,426,15424,,,,,,,,,本科,,,,,
8326374,宁夏,本科批,物理,,X84BF09,,天津城建大学,8684,智能制造工程,,,,,,427,15234,,,,,,427,15234,,,,,,,,,本科,,,,,
8326375,宁夏,本科批,物理,,X84BF09,,天津城建大学,2B47,智能建造,,,,,,428,15065,,,,,,428,15065,,,,,,,,,本科,,,,,
8327617,宁夏,本科批,历史,,XF97D97,,武汉纺织大学,CA9C,财政学类,,,,,,493,3637,,,,,,493,3637,,,,,,,,,本科,,,,,
8327618,宁夏,本科批,历史,,XF97D97,,武汉纺织大学,9BE1,会计学（注册会计师）,注册会计师,,,,,493,3637,,,,,,493,3637,,,,,,,,,本科,,,,,
8328298,宁夏,本科批,历史,,X36EF4F,,江西科技师范大学,3739,广告学,,,,,,434,8752,,,,,,434,8752,,,,,,,,,本科,,,,,
8328299,宁夏,本科批,历史,,X36EF4F,,江西科技师范大学,32F0,文物与博物馆学,,,,,,477,4821,,,,,,477,4821,,,,,,,,,本科,,,,,
8328300,宁夏,本科批,历史,,X36EF4F,,江西科技师范大学,25DE,国际经济与贸易,,,,,,500,3194,,,,,,500,3194,,,,,,,,,本科,,,,,
8328301,宁夏,本科批,历史,,X36EF4F,,江西科技师范大学,FB18,财务管理,,,,,,513,2442,,,,,,513,2442,,,,,,,,,本科,,,,,
8328302,宁夏,本科批,历史,,X36EF4F,,江西科技师范大学,187F,会计学（国际会计）,国际会计,,,,,516,2309,,,,,,516,2309,,,,,,,,,本科,,,,,
8328303,宁夏,本科批,历史,,X36EF4F,,江西科技师范大学,B53C,汉语言文学（师范）,师范,,,,,518,2196,,,,,,518,2196,,,,,,,,,本科,,,,,
8328304,宁夏,本科批,物理,,X36EF4F,,江西科技师范大学,3739,广告学,,,,,,410,18711,,,,,,410,18711,,,,,,,,,本科,,,,,
8328305,宁夏,本科批,物理,,X36EF4F,,江西科技师范大学,40CE,制药工程,,,,,,414,17904,,,,,,414,17904,,,,,,,,,本科,,,,,
8328306,宁夏,本科批,物理,,X36EF4F,,江西科技师范大学,25DE,国际经济与贸易,,,,,,446,11823,,,,,,446,11823,,,,,,,,,本科,,,,,
8328307,宁夏,本科批,物理,,X36EF4F,,江西科技师范大学,93E3,电子信息工程,,,,,,446,11823,,,,,,446,11823,,,,,,,,,本科,,,,,
8328308,宁夏,本科批,物理,,X36EF4F,,江西科技师范大学,FB18,财务管理,,,,,,447,11628,,,,,,447,11628,,,,,,,,,本科,,,,,
8328309,宁夏,本科批,物理,,X36EF4F,,江西科技师范大学,9268,数学与应用数学（师范）,师范,,,,,451,10913,,,,,,451,10913,,,,,,,,,本科,,,,,
8328310,宁夏,本科批,物理,,X36EF4F,,江西科技师范大学,187F,会计学（国际会计）,国际会计,,,,,462,9236,,,,,,462,9236,,,,,,,,,本科,,,,,
8329005,宁夏,本科批,历史,,XDF08CA,,安徽农业大学,4145,英语,,,,,,504,2973,,,,,,504,2973,,,,,,,,,本科,,,,,
8329006,宁夏,本科批,历史,,XDF08CA,,安徽农业大学,D243,汉语言文学,,,,,,517,2242,,,,,,517,2242,,,,,,,,,本科,,,,,
8329007,宁夏,本科批,物理,,XDF08CA,,安徽农业大学,4ED3,生态学,,,,,,445,11992,,,,,,445,11992,,,,,,,,,本科,,,,,
8329008,宁夏,本科批,物理,,XDF08CA,,安徽农业大学,6AB9,经济学,,,,,,446,11823,,,,,,446,11823,,,,,,,,,本科,,,,,
8329009,宁夏,本科批,物理,,XDF08CA,,安徽农业大学,C5CB,园艺,,,,,,446,11823,,,,,,446,11823,,,,,,,,,本科,,,,,
8329010,宁夏,本科批,物理,,XDF08CA,,安徽农业大学,2638,植物保护,,,,,,446,11823,,,,,,446,11823,,,,,,,,,本科,,,,,
8329011,宁夏,本科批,物理,,XDF08CA,,安徽农业大学,99EA,动物科学,,,,,,447,11628,,,,,,447,11628,,,,,,,,,本科,,,,,
8329012,宁夏,本科批,物理,,XDF08CA,,安徽农业大学,ABA8,环境科学与工程类,,,,,,448,11446,,,,,,448,11446,,,,,,,,,本科,,,,,
8329013,宁夏,本科批,物理,,XDF08CA,,安徽农业大学,98E9,茶学,,,,,,448,11446,,,,,,448,11446,,,,,,,,,本科,,,,,
8329014,宁夏,本科批,物理,,XDF08CA,,安徽农业大学,23AA,地理空间信息工程,,,,,,449,11257,,,,,,449,11257,,,,,,,,,本科,,,,,
8329015,宁夏,本科批,物理,,XDF08CA,,安徽农业大学,4BF2,农业水利工程,,,,,,450,11095,,,,,,450,11095,,,,,,,,,本科,,,,,
8329016,宁夏,本科批,物理,,XDF08CA,,安徽农业大学,F6E0,农业机械化及其自动化,,,,,,451,10913,,,,,,451,10913,,,,,,,,,本科,,,,,
8329017,宁夏,本科批,物理,,XDF08CA,,安徽农业大学,B9A5,计算机科学与技术,,,,,,453,10598,,,,,,453,10598,,,,,,,,,本科,,,,,
8329018,宁夏,本科批,物理,,XDF08CA,,安徽农业大学,C325,农学,,,,,,454,10448,,,,,,454,10448,,,,,,,,,本科,,,,,
8329019,宁夏,本科批,物理,,XDF08CA,,安徽农业大学,1F5A,生物育种科学,,,,,,461,9388,,,,,,461,9388,,,,,,,,,本科,,,,,
8329877,宁夏,本科批,历史,,X7BCD34,,湖南中医药大学,09EE,市场营销,,,,,,492,3719,,,,,,492,3719,,,,,,,,,本科,,,,,
8329878,宁夏,本科批,历史,,X7BCD34,,湖南中医药大学,4BF3,护理学,,,,,,492,3719,,,,,,492,3719,,,,,,,,,本科,,,,,
8329879,宁夏,本科批,物理,,X7BCD34,,湖南中医药大学,D681,信息管理与信息系统,,,,,,442,12470,,,,,,442,12470,,,,,,,,,本科,,,,,
8329880,宁夏,本科批,物理,,X7BCD34,,湖南中医药大学,5E49,食品科学与工程,,,,,,447,11628,,,,,,447,11628,,,,,,,,,本科,,,,,
8329881,宁夏,本科批,物理,,X7BCD34,,湖南中医药大学,43D9,药物制剂,,,,,,447,11628,,,,,,447,11628,,,,,,,,,本科,,,,,
8329882,宁夏,本科批,物理,,X7BCD34,,湖南中医药大学,10A0,药学,,,,,,447,11628,,,,,,447,11628,,,,,,,,,本科,,,,,
8329883,宁夏,本科批,物理,,X7BCD34,,湖南中医药大学,4852,应用心理学,,,,,,448,11446,,,,,,448,11446,,,,,,,,,本科,,,,,
8329884,宁夏,本科批,物理,,X7BCD34,,湖南中医药大学,4C2A,中药学,,,,,,449,11257,,,,,,449,11257,,,,,,,,,本科,,,,,
8329885,宁夏,本科批,物理,,X7BCD34,,湖南中医药大学,4574,运动康复,,,,,,450,11095,,,,,,450,11095,,,,,,,,,本科,,,,,
8329886,宁夏,本科批,物理,,X7BCD34,,湖南中医药大学,B9A5,计算机科学与技术,,,,,,450,11095,,,,,,450,11095,,,,,,,,,本科,,,,,
8329887,宁夏,本科批,物理,,X7BCD34,,湖南中医药大学,92CA,中医养生学,,,,,,451,10913,,,,,,451,10913,,,,,,,,,本科,,,,,
8329888,宁夏,本科批,物理,,X7BCD34,,湖南中医药大学,5FB0,中药资源与开发,,,,,,451,10913,,,,,,451,10913,,,,,,,,,本科,,,,,
8329889,宁夏,本科批,物理,,X7BCD34,,湖南中医药大学,817D,康复治疗学,,,,,,455,10282,,,,,,455,10282,,,,,,,,,本科,,,,,
8329890,宁夏,本科批,物理,,X7BCD34,,湖南中医药大学,5ED3,中西医临床医学,,,,,,455,10282,,,,,,455,10282,,,,,,,,,本科,,,,,
8329891,宁夏,本科批,物理,,X7BCD34,,湖南中医药大学,55D9,中医康复学,,,,,,456,10121,,,,,,456,10121,,,,,,,,,本科,,,,,
8329892,宁夏,本科批,物理,,X7BCD34,,湖南中医药大学,40CE,制药工程,,,,,,456,10121,,,,,,456,10121,,,,,,,,,本科,,,,,
8329893,宁夏,本科批,物理,,X7BCD34,,湖南中医药大学,BE91,医学检验技术,,,,,,461,9388,,,,,,461,9388,,,,,,,,,本科,,,,,
8329894,宁夏,本科批,物理,,X7BCD34,,湖南中医药大学,57E6,医学影像学,,,,,,461,9388,,,,,,461,9388,,,,,,,,,本科,,,,,
8329895,宁夏,本科批,物理,,X7BCD34,,湖南中医药大学,03FE,中医学,,,,,,461,9388,,,,,,461,9388,,,,,,,,,本科,,,,,
8329896,宁夏,本科批,物理,,X7BCD34,,湖南中医药大学,6246,针灸推拿学,,,,,,470,8177,,,,,,470,8177,,,,,,,,,本科,,,,,
8329897,宁夏,本科批,物理,,X7BCD34,,湖南中医药大学,97D0,临床医学,,,,,,471,8067,,,,,,471,8067,,,,,,,,,本科,,,,,
8329898,宁夏,本科批,物理,,X7BCD34,,湖南中医药大学,2796,中医学（卓越2班、5+3一体化）,卓越2班、5+3一体化,,,,,484,6535,,,,,,484,6535,,,,,,,,,本科,,,,,
8330688,宁夏,本科批,物理,,X5EF1D0,,山东第二医科大学,4E9C,卫生检验与检疫,,,,,,415,17693,,,,,,415,17693,,,,,,,,,本科,,,,,
8330689,宁夏,本科批,物理,,X5EF1D0,,山东第二医科大学,4BF3,护理学,,,,,,416,17483,,,,,,416,17483,,,,,,,,,本科,,,,,
8330690,宁夏,本科批,物理,,X5EF1D0,,山东第二医科大学,53B9,食品质量与安全,,,,,,418,17058,,,,,,418,17058,,,,,,,,,本科,,,,,
8330691,宁夏,本科批,物理,,X5EF1D0,,山东第二医科大学,BE91,医学检验技术,,,,,,427,15234,,,,,,427,15234,,,,,,,,,本科,,,,,
8330692,宁夏,本科批,物理,,X5EF1D0,,山东第二医科大学,57E6,医学影像学,,,,,,430,14690,,,,,,430,14690,,,,,,,,,本科,,,,,
8330693,宁夏,本科批,物理,,X5EF1D0,,山东第二医科大学,A5C6,麻醉学,,,,,,430,14690,,,,,,430,14690,,,,,,,,,本科,,,,,
8330694,宁夏,本科批,物理,,X5EF1D0,,山东第二医科大学,97D0,临床医学,,,,,,456,10121,,,,,,456,10121,,,,,,,,,本科,,,,,
8331547,宁夏,本科批,历史,,X43CB67,,哈尔滨商业大学,FB18,财务管理,,,,,,508,2728,,,,,,508,2728,,,,,,,,,本科,,,,,
8331548,宁夏,本科批,历史,,X43CB67,,哈尔滨商业大学,25DE,国际经济与贸易,,,,,,512,2492,,,,,,512,2492,,,,,,,,,本科,,,,,
8331549,宁夏,本科批,历史,,X43CB67,,哈尔滨商业大学,927B,法学,,,,,,515,2358,,,,,,515,2358,,,,,,,,,本科,,,,,
8331550,宁夏,本科批,物理,,X43CB67,,哈尔滨商业大学,0FBC,金融学,,,,,,432,14269,,,,,,432,14269,,,,,,,,,本科,,,,,
8331551,宁夏,本科批,物理,,X43CB67,,哈尔滨商业大学,6AB9,经济学,,,,,,438,13162,,,,,,438,13162,,,,,,,,,本科,,,,,
8331552,宁夏,本科批,物理,,X43CB67,,哈尔滨商业大学,25DE,国际经济与贸易,,,,,,441,12659,,,,,,441,12659,,,,,,,,,本科,,,,,
8331553,宁夏,本科批,物理,,X43CB67,,哈尔滨商业大学,FB18,财务管理,,,,,,469,8304,,,,,,469,8304,,,,,,,,,本科,,,,,
8332227,宁夏,本科批,历史,,XD18C53,,河北地质大学,EF7C,工商管理类,,,,,,496,3451,,,,,,496,3451,,,,,,,,,本科,,,,,
8332228,宁夏,本科批,物理,,XD18C53,,河北地质大学,EC95,勘查技术与工程,,,,,,419,16846,,,,,,419,16846,,,,,,,,,本科,,,,,
8332229,宁夏,本科批,物理,,XD18C53,,河北地质大学,225A,水利类,,,,,,419,16846,,,,,,419,16846,,,,,,,,,本科,,,,,
8332230,宁夏,本科批,物理,,XD18C53,,河北地质大学,C493,土木类,,,,,,419,16846,,,,,,419,16846,,,,,,,,,本科,,,,,
8332231,宁夏,本科批,物理,,XD18C53,,河北地质大学,82E6,计算机类,,,,,,420,16610,,,,,,420,16610,,,,,,,,,本科,,,,,
8332232,宁夏,本科批,物理,,XD18C53,,河北地质大学,B9A5,计算机科学与技术,,,,,,420,16610,,,,,,420,16610,,,,,,,,,本科,,,,,
8332233,宁夏,本科批,物理,,XD18C53,,河北地质大学,E2D1,测绘类,,,,,,422,16199,,,,,,422,16199,,,,,,,,,本科,,,,,
8333105,宁夏,本科批,物理,,X5B5787,,中国地质大学（北京）,FB69,地质工程（民族班）,民族班,,,,,457,,,,,,,457,,,,,,,,,,本科,,,,,
8333106,宁夏,本科批,物理,,X5B5787,,中国地质大学（北京）,4CEE,材料类（民族班）,民族班,,,,,472,,,,,,,472,,,,,,,,,,本科,,,,,
8333107,宁夏,本科批,物理,,X5B5787,,中国地质大学（北京）,8E97,水文与水资源工程（民族班）,民族班,,,,,476,,,,,,,476,,,,,,,,,,本科,,,,,
8333108,宁夏,本科批,物理,,X5B5787,,中国地质大学（北京）,F699,地质学类（民族班）,民族班,,,,,494,,,,,,,494,,,,,,,,,,本科,,,,,
8333109,宁夏,本科批,物理,,X5B5787,,中国地质大学（北京）,4ECE,土木工程,,,,,,495,5424,,,,,,495,5424,,,,,,,,,本科,,,,,
8333110,宁夏,本科批,物理,,X5B5787,,中国地质大学（北京）,7112,地下水科学与工程,,,,,,495,5424,,,,,,495,5424,,,,,,,,,本科,,,,,
8333111,宁夏,本科批,物理,,X5B5787,,中国地质大学（北京）,D656,土地整治工程,,,,,,496,5336,,,,,,496,5336,,,,,,,,,本科,,,,,
8333112,宁夏,本科批,物理,,X5B5787,,中国地质大学（北京）,5739,地质类,,,,,,496,5336,,,,,,496,5336,,,,,,,,,本科,,,,,
8333113,宁夏,本科批,物理,,X5B5787,,中国地质大学（北京）,D681,信息管理与信息系统,,,,,,496,5336,,,,,,496,5336,,,,,,,,,本科,,,,,
8333114,宁夏,本科批,物理,,X5B5787,,中国地质大学（北京）,AABA,智能地球探测,,,,,,497,5244,,,,,,497,5244,,,,,,,,,本科,,,,,
8333115,宁夏,本科批,物理,,X5B5787,,中国地质大学（北京）,2426,材料类,,,,,,498,5138,,,,,,498,5138,,,,,,,,,本科,,,,,
8333116,宁夏,本科批,物理,,X5B5787,,中国地质大学（北京）,EF7C,工商管理类,,,,,,501,4879,,,,,,501,4879,,,,,,,,,本科,,,,,
8333117,宁夏,本科批,物理,,X5B5787,,中国地质大学（北京）,38C2,地质工程,,,,,,502,4806,,,,,,502,4806,,,,,,,,,本科,,,,,
8333118,宁夏,本科批,物理,,X5B5787,,中国地质大学（北京）,A86C,遥感科学与技术,,,,,,503,4724,,,,,,503,4724,,,,,,,,,本科,,,,,
8333119,宁夏,本科批,物理,,X5B5787,,中国地质大学（北京）,F620,安全工程,,,,,,503,4724,,,,,,503,4724,,,,,,,,,本科,,,,,
8333120,宁夏,本科批,物理,,X5B5787,,中国地质大学（北京）,A2E0,测绘工程,,,,,,503,4724,,,,,,503,4724,,,,,,,,,本科,,,,,
8333121,宁夏,本科批,物理,,X5B5787,,中国地质大学（北京）,91CE,水文与水资源工程,,,,,,504,4626,,,,,,504,4626,,,,,,,,,本科,,,,,
8333122,宁夏,本科批,物理,,X5B5787,,中国地质大学（北京）,A03B,地质学类,,,,,,506,4475,,,,,,506,4475,,,,,,,,,本科,,,,,
8333123,宁夏,本科批,物理,,X5B5787,,中国地质大学（北京）,78FF,机械设计制造及其自动化,,,,,,507,4402,,,,,,507,4402,,,,,,,,,本科,,,,,
8333124,宁夏,本科批,物理,,X5B5787,,中国地质大学（北京）,CCE9,土地资源管理,,,,,,508,4318,,,,,,508,4318,,,,,,,,,本科,,,,,
8333714,宁夏,本科批,历史,,X1AA737,,大连民族大学,D40C,少数民族预科班,,,,,,469,5428,,,,,,469,5428,,,,,,,,,本科,,,,,
8333715,宁夏,本科批,历史,,X1AA737,,大连民族大学,09EE,市场营销,,,,,,479,4671,,,,,,479,4671,,,,,,,,,本科,,,,,
8333716,宁夏,本科批,历史,,X1AA737,,大连民族大学,AC90,行政管理,,,,,,483,4360,,,,,,483,4360,,,,,,,,,本科,,,,,
8333717,宁夏,本科批,物理,,X1AA737,,大连民族大学,D40C,少数民族预科班,,,,,,408,19137,,,,,,408,19137,,,,,,,,,本科,,,,,
8333718,宁夏,本科批,物理,,X1AA737,,大连民族大学,6A3A,建筑环境与能源应用工程,,,,,,423,15998,,,,,,423,15998,,,,,,,,,本科,,,,,
8333719,宁夏,本科批,物理,,X1AA737,,大连民族大学,6F56,工程管理,,,,,,424,15793,,,,,,424,15793,,,,,,,,,本科,,,,,
8333720,宁夏,本科批,物理,,X1AA737,,大连民族大学,29F4,物联网工程,,,,,,424,15793,,,,,,424,15793,,,,,,,,,本科,,,,,
8333721,宁夏,本科批,物理,,X1AA737,,大连民族大学,4C65,自动化,,,,,,425,15604,,,,,,425,15604,,,,,,,,,本科,,,,,
8333722,宁夏,本科批,物理,,X1AA737,,大连民族大学,548C,信息与计算科学,,,,,,425,15604,,,,,,425,15604,,,,,,,,,本科,,,,,
8333723,宁夏,本科批,物理,,X1AA737,,大连民族大学,78FF,机械设计制造及其自动化,,,,,,426,15424,,,,,,426,15424,,,,,,,,,本科,,,,,
8333724,宁夏,本科批,物理,,X1AA737,,大连民族大学,3C38,软件工程,,,,,,429,14886,,,,,,429,14886,,,,,,,,,本科,,,,,
8333725,宁夏,本科批,物理,,X1AA737,,大连民族大学,76B9,统计学,,,,,,429,14886,,,,,,429,14886,,,,,,,,,本科,,,,,
8333726,宁夏,本科批,物理,,X1AA737,,大连民族大学,6995,网络工程,,,,,,431,14482,,,,,,431,14482,,,,,,,,,本科,,,,,
8333727,宁夏,本科批,物理,,X1AA737,,大连民族大学,93E3,电子信息工程,,,,,,436,13513,,,,,,436,13513,,,,,,,,,本科,,,,,
8333728,宁夏,本科批,物理,,X1AA737,,大连民族大学,B9A5,计算机科学与技术,,,,,,443,12278,,,,,,443,12278,,,,,,,,,本科,,,,,
8334588,宁夏,本科批,历史,,X66567A,,温州大学,FB18,财务管理,,,,,,516,2309,,,,,,516,2309,,,,,,,,,本科,,,,,
8334589,宁夏,本科批,历史,,X66567A,,温州大学,BB6B,英语（师范）,师范,,,,,519,2144,,,,,,519,2144,,,,,,,,,本科,,,,,
8334590,宁夏,本科批,历史,,X66567A,,温州大学,927B,法学,,,,,,520,2090,,,,,,520,2090,,,,,,,,,本科,,,,,
8334591,宁夏,本科批,物理,,X66567A,,温州大学,52FD,应用化学,,,,,,448,11446,,,,,,448,11446,,,,,,,,,本科,,,,,
8334592,宁夏,本科批,物理,,X66567A,,温州大学,F60C,电气工程及其自动化（卓工超豪示范班）,卓工超豪示范班,,,,,473,7812,,,,,,473,7812,,,,,,,,,本科,,,,,
8335298,宁夏,本科批,历史,,X7B3A3E,,东北大学秦皇岛分校,487F,民族学,,,,,,547,1092,,,,,,547,1092,,,,,,,,,本科,,,,,
8335299,宁夏,本科批,物理,,X7B3A3E,,东北大学秦皇岛分校,EF7C,工商管理类,,,,,,479,7107,,,,,,479,7107,,,,,,,,,本科,,,,,
8335300,宁夏,本科批,物理,,X7B3A3E,,东北大学秦皇岛分校,C29F,经济学类,,,,,,522,3293,,,,,,522,3293,,,,,,,,,本科,,,,,
8335301,宁夏,本科批,物理,,X7B3A3E,,东北大学秦皇岛分校,2426,材料类,,,,,,529,2869,,,,,,529,2869,,,,,,,,,本科,,,,,
8335302,宁夏,本科批,物理,,X7B3A3E,,东北大学秦皇岛分校,D681,信息管理与信息系统,,,,,,535,2533,,,,,,535,2533,,,,,,,,,本科,,,,,
8335303,宁夏,本科批,物理,,X7B3A3E,,东北大学秦皇岛分校,3615,机械类,,,,,,539,2332,,,,,,539,2332,,,,,,,,,本科,,,,,
8335304,宁夏,本科批,物理,,X7B3A3E,,东北大学秦皇岛分校,5669,数学类,,,,,,547,1979,,,,,,547,1979,,,,,,,,,本科,,,,,
8335305,宁夏,本科批,物理,,X7B3A3E,,东北大学秦皇岛分校,E25E,仪器类（智能光电感知）,智能光电感知,,,,,550,1838,,,,,,550,1838,,,,,,,,,本科,,,,,
8335306,宁夏,本科批,物理,,X7B3A3E,,东北大学秦皇岛分校,ECA4,通信工程,,,,,,550,1838,,,,,,550,1838,,,,,,,,,本科,,,,,
8335307,宁夏,本科批,物理,,X7B3A3E,,东北大学秦皇岛分校,B9A5,计算机科学与技术,,,,,,551,1807,,,,,,551,1807,,,,,,,,,本科,,,,,
8335308,宁夏,本科批,物理,,X7B3A3E,,东北大学秦皇岛分校,93E3,电子信息工程,,,,,,551,1807,,,,,,551,1807,,,,,,,,,本科,,,,,
8335309,宁夏,本科批,物理,,X7B3A3E,,东北大学秦皇岛分校,0184,自动化类,,,,,,553,1726,,,,,,553,1726,,,,,,,,,本科,,,,,
8336082,宁夏,本科批,历史,,X3138AA,,吉林财经大学,671C,日语,,,,,,485,4225,,,,,,485,4225,,,,,,,,,本科,,,,,
8336083,宁夏,本科批,历史,,X3138AA,,吉林财经大学,68F4,新闻学,,,,,,491,3781,,,,,,491,3781,,,,,,,,,本科,,,,,
8336084,宁夏,本科批,历史,,X3138AA,,吉林财经大学,3739,广告学,,,,,,494,3571,,,,,,494,3571,,,,,,,,,本科,,,,,
8336085,宁夏,本科批,历史,,X3138AA,,吉林财经大学,1D5E,税收学,,,,,,496,3451,,,,,,496,3451,,,,,,,,,本科,,,,,
8336086,宁夏,本科批,历史,,X3138AA,,吉林财经大学,0FBC,金融学,,,,,,496,3451,,,,,,496,3451,,,,,,,,,本科,,,,,
8336087,宁夏,本科批,历史,,X3138AA,,吉林财经大学,5E19,会计学,,,,,,499,3256,,,,,,499,3256,,,,,,,,,本科,,,,,
8336088,宁夏,本科批,物理,,X3138AA,,吉林财经大学,16DF,金融工程,,,,,,419,16846,,,,,,419,16846,,,,,,,,,本科,,,,,
8336089,宁夏,本科批,物理,,X3138AA,,吉林财经大学,5F0C,跨境电子商务,,,,,,420,16610,,,,,,420,16610,,,,,,,,,本科,,,,,
8336090,宁夏,本科批,物理,,X3138AA,,吉林财经大学,098D,数据科学,,,,,,421,16413,,,,,,421,16413,,,,,,,,,本科,,,,,
8336091,宁夏,本科批,物理,,X3138AA,,吉林财经大学,0FBC,金融学,,,,,,421,16413,,,,,,421,16413,,,,,,,,,本科,,,,,
8336092,宁夏,本科批,物理,,X3138AA,,吉林财经大学,28AD,经济统计学,,,,,,422,16199,,,,,,422,16199,,,,,,,,,本科,,,,,
8336093,宁夏,本科批,物理,,X3138AA,,吉林财经大学,1B86,金融数学,,,,,,423,15998,,,,,,423,15998,,,,,,,,,本科,,,,,
8336094,宁夏,本科批,物理,,X3138AA,,吉林财经大学,B9A5,计算机科学与技术,,,,,,425,15604,,,,,,425,15604,,,,,,,,,本科,,,,,
8336095,宁夏,本科批,物理,,X3138AA,,吉林财经大学,1D5E,税收学,,,,,,431,14482,,,,,,431,14482,,,,,,,,,本科,,,,,
8336096,宁夏,本科批,物理,,X3138AA,,吉林财经大学,5E19,会计学,,,,,,438,13162,,,,,,438,13162,,,,,,,,,本科,,,,,
8337152,宁夏,本科批,历史,,X5893C2,,广东技术师范大学,1049,商务英语,,,,,,467,5617,,,,,,467,5617,,,,,,,,,本科,,,,,
8337153,宁夏,本科批,物理,,X5893C2,,广东技术师范大学,BA85,教育技术学（师范）,师范,,,,,415,17693,,,,,,415,17693,,,,,,,,,本科,,,,,
8337662,宁夏,本科批,物理,,XF3C7F8,,大连医科大学,10A0,药学,,,,,,432,14269,,,,,,432,14269,,,,,,,,,本科,,,,,
8337663,宁夏,本科批,物理,,XF3C7F8,,大连医科大学,BE91,医学检验技术,,,,,,435,13689,,,,,,435,13689,,,,,,,,,本科,,,,,
8337664,宁夏,本科批,物理,,XF3C7F8,,大连医科大学,A39E,预防医学,,,,,,443,12278,,,,,,443,12278,,,,,,,,,本科,,,,,
8337665,宁夏,本科批,物理,,XF3C7F8,,大连医科大学,5ED3,中西医临床医学,,,,,,458,9834,,,,,,458,9834,,,,,,,,,本科,,,,,
8337666,宁夏,本科批,物理,,XF3C7F8,,大连医科大学,97D0,临床医学,,,,,,459,9681,,,,,,459,9681,,,,,,,,,本科,,,,,
8337667,宁夏,本科批,物理,,XF3C7F8,,大连医科大学,A5C6,麻醉学,,,,,,465,8813,,,,,,465,8813,,,,,,,,,本科,,,,,
8337668,宁夏,本科批,物理,,XF3C7F8,,大连医科大学,A4EA,临床医学（5+3一体化）,5+3一体化,,,,,549,1888,,,,,,549,1888,,,,,,,,,本科,,,,,
8338479,宁夏,本科批,历史,,X023521,,内蒙古师范大学,487F,民族学,,,,,,466,5708,,,,,,466,5708,,,,,,,,,本科,,,,,
8338480,宁夏,本科批,历史,,X023521,,内蒙古师范大学,108F,学前教育,,,,,,472,5208,,,,,,472,5208,,,,,,,,,本科,,,,,
8338481,宁夏,本科批,物理,,X023521,,内蒙古师范大学,1C92,数字经济,,,,,,419,16846,,,,,,419,16846,,,,,,,,,本科,,,,,
8338482,宁夏,本科批,物理,,X023521,,内蒙古师范大学,548C,信息与计算科学,,,,,,420,16610,,,,,,420,16610,,,,,,,,,本科,,,,,
8338483,宁夏,本科批,物理,,X023521,,内蒙古师范大学,B9A5,计算机科学与技术,,,,,,422,16199,,,,,,422,16199,,,,,,,,,本科,,,,,
8339230,宁夏,本科批,物理,,X57CB45,,江西农业大学,E9A7,环境科学与工程,,,,,,391,22772,,,,,,391,22772,,,,,,,,,本科,,,,,
8339231,宁夏,本科批,物理,,X57CB45,,江西农业大学,8E6C,软件工程（会计方向）,会计方向,,,,,401,20625,,,,,,401,20625,,,,,,,,,本科,,,,,
8339232,宁夏,本科批,物理,,X57CB45,,江西农业大学,2638,植物保护,,,,,,410,18711,,,,,,410,18711,,,,,,,,,本科,,,,,
8339233,宁夏,本科批,物理,,X57CB45,,江西农业大学,4BF2,农业水利工程,,,,,,420,16610,,,,,,420,16610,,,,,,,,,本科,,,,,
8340454,宁夏,本科批,历史,,X6FC3F0,,湖北中医药大学,A76B,公共事业管理（医事法学方向）,医事法学方向,,,,,490,3859,,,,,,490,3859,,,,,,,,,本科,,,,,
8340455,宁夏,本科批,历史,,X6FC3F0,,湖北中医药大学,4BF3,护理学,,,,,,490,3859,,,,,,490,3859,,,,,,,,,本科,,,,,
8340456,宁夏,本科批,历史,,X6FC3F0,,湖北中医药大学,A615,汉语国际教育,,,,,,491,3781,,,,,,491,3781,,,,,,,,,本科,,,,,
8340457,宁夏,本科批,历史,,X6FC3F0,,湖北中医药大学,03FE,中医学,,,,,,494,3571,,,,,,494,3571,,,,,,,,,本科,,,,,
8340458,宁夏,本科批,物理,,X6FC3F0,,湖北中医药大学,09EE,市场营销,,,,,,417,17270,,,,,,417,17270,,,,,,,,,本科,,,,,
8340459,宁夏,本科批,物理,,X6FC3F0,,湖北中医药大学,6D82,药事管理,,,,,,421,16413,,,,,,421,16413,,,,,,,,,本科,,,,,
8340460,宁夏,本科批,物理,,X6FC3F0,,湖北中医药大学,4BF3,护理学,,,,,,421,16413,,,,,,421,16413,,,,,,,,,本科,,,,,
8340461,宁夏,本科批,物理,,X6FC3F0,,湖北中医药大学,A784,中药制药,,,,,,422,16199,,,,,,422,16199,,,,,,,,,本科,,,,,
8340462,宁夏,本科批,物理,,X6FC3F0,,湖北中医药大学,4C2A,中药学,,,,,,424,15793,,,,,,424,15793,,,,,,,,,本科,,,,,
8340463,宁夏,本科批,物理,,X6FC3F0,,湖北中医药大学,4E9C,卫生检验与检疫,,,,,,433,14069,,,,,,433,14069,,,,,,,,,本科,,,,,
8340776,宁夏,本科批,历史,,XA0FD73,,北京工商大学,9301,新闻传播学类,,,,,,521,2051,,,,,,521,2051,,,,,,,,,本科,,,,,
8341412,宁夏,本科批,物理,,XD382BD,,辽宁工程技术大学,7E23,环境工程,,,,,,447,11628,,,,,,447,11628,,,,,,,,,本科,,,,,
8341413,宁夏,本科批,物理,,XD382BD,,辽宁工程技术大学,CA67,采矿工程,,,,,,448,11446,,,,,,448,11446,,,,,,,,,本科,,,,,
8341414,宁夏,本科批,物理,,XD382BD,,辽宁工程技术大学,A2E0,测绘工程,,,,,,448,11446,,,,,,448,11446,,,,,,,,,本科,,,,,
8341415,宁夏,本科批,物理,,XD382BD,,辽宁工程技术大学,FEF6,材料成型及控制工程,,,,,,449,11257,,,,,,449,11257,,,,,,,,,本科,,,,,
8341416,宁夏,本科批,物理,,XD382BD,,辽宁工程技术大学,EE83,安全工程（葫芦岛校区）,葫芦岛校区,,,,,452,10754,,,,,,452,10754,,,,,,,,,本科,,,,,
8341417,宁夏,本科批,物理,,XD382BD,,辽宁工程技术大学,8EA2,机械电子工程,,,,,,452,10754,,,,,,452,10754,,,,,,,,,本科,,,,,
8341418,宁夏,本科批,物理,,XD382BD,,辽宁工程技术大学,71E7,软件工程（葫芦岛校区）,葫芦岛校区,,,,,456,10121,,,,,,456,10121,,,,,,,,,本科,,,,,
8341419,宁夏,本科批,物理,,XD382BD,,辽宁工程技术大学,78FF,机械设计制造及其自动化,,,,,,457,9966,,,,,,457,9966,,,,,,,,,本科,,,,,
8341420,宁夏,本科批,物理,,XD382BD,,辽宁工程技术大学,AD7D,电气工程及其自动化（葫芦岛校区）,葫芦岛校区,,,,,470,8177,,,,,,470,8177,,,,,,,,,本科,,,,,
8342168,宁夏,本科批,历史,,X27CD53,,辽宁科技大学,09EE,市场营销,,,,,,480,4593,,,,,,480,4593,,,,,,,,,本科,,,,,
8342169,宁夏,本科批,历史,,X27CD53,,辽宁科技大学,FB18,财务管理,,,,,,481,4503,,,,,,481,4503,,,,,,,,,本科,,,,,
8342170,宁夏,本科批,历史,,X27CD53,,辽宁科技大学,927B,法学,,,,,,483,4360,,,,,,483,4360,,,,,,,,,本科,,,,,
8342171,宁夏,本科批,物理,,X27CD53,,辽宁科技大学,25DE,国际经济与贸易,,,,,,418,17058,,,,,,418,17058,,,,,,,,,本科,,,,,
8342172,宁夏,本科批,物理,,X27CD53,,辽宁科技大学,04A0,工商管理,,,,,,418,17058,,,,,,418,17058,,,,,,,,,本科,,,,,
8342173,宁夏,本科批,物理,,X27CD53,,辽宁科技大学,4ECE,土木工程,,,,,,419,16846,,,,,,419,16846,,,,,,,,,本科,,,,,
8342174,宁夏,本科批,物理,,X27CD53,,辽宁科技大学,09EE,市场营销,,,,,,419,16846,,,,,,419,16846,,,,,,,,,本科,,,,,
8342175,宁夏,本科批,物理,,X27CD53,,辽宁科技大学,BD59,金融科技,,,,,,419,16846,,,,,,419,16846,,,,,,,,,本科,,,,,
8342176,宁夏,本科批,物理,,X27CD53,,辽宁科技大学,FEF6,材料成型及控制工程,,,,,,422,16199,,,,,,422,16199,,,,,,,,,本科,,,,,
8342177,宁夏,本科批,物理,,X27CD53,,辽宁科技大学,0FBC,金融学,,,,,,425,15604,,,,,,425,15604,,,,,,,,,本科,,,,,
8342178,宁夏,本科批,物理,,X27CD53,,辽宁科技大学,F11A,机器人工程,,,,,,428,15065,,,,,,428,15065,,,,,,,,,本科,,,,,
8342179,宁夏,本科批,物理,,X27CD53,,辽宁科技大学,CA67,采矿工程,,,,,,430,14690,,,,,,430,14690,,,,,,,,,本科,,,,,
8342180,宁夏,本科批,物理,,X27CD53,,辽宁科技大学,A2E0,测绘工程,,,,,,431,14482,,,,,,431,14482,,,,,,,,,本科,,,,,
8342181,宁夏,本科批,物理,,X27CD53,,辽宁科技大学,A8BB,数据计算及应用,,,,,,432,14269,,,,,,432,14269,,,,,,,,,本科,,,,,
8342182,宁夏,本科批,物理,,X27CD53,,辽宁科技大学,B5E9,无机非金属材料工程,,,,,,432,14269,,,,,,432,14269,,,,,,,,,本科,,,,,
8342183,宁夏,本科批,物理,,X27CD53,,辽宁科技大学,B9A5,计算机科学与技术,,,,,,437,13337,,,,,,437,13337,,,,,,,,,本科,,,,,
8342184,宁夏,本科批,物理,,X27CD53,,辽宁科技大学,A942,材料科学与工程,,,,,,442,12470,,,,,,442,12470,,,,,,,,,本科,,,,,
8342185,宁夏,本科批,物理,,X27CD53,,辽宁科技大学,A5B7,电气工程及其自动化,,,,,,443,12278,,,,,,443,12278,,,,,,,,,本科,,,,,
8342186,宁夏,本科批,物理,,X27CD53,,辽宁科技大学,3170,冶金工程,,,,,,452,10754,,,,,,452,10754,,,,,,,,,本科,,,,,
8342187,宁夏,本科批,物理,,X27CD53,,辽宁科技大学,4C65,自动化,,,,,,453,10598,,,,,,453,10598,,,,,,,,,本科,,,,,
8342188,宁夏,本科批,物理,,X27CD53,,辽宁科技大学,78FF,机械设计制造及其自动化,,,,,,453,10598,,,,,,453,10598,,,,,,,,,本科,,,,,
8342189,宁夏,本科批,物理,,X27CD53,,辽宁科技大学,3557,能源与动力工程,,,,,,462,9236,,,,,,462,9236,,,,,,,,,本科,,,,,
8343047,宁夏,本科批,物理,,X339D5B,,黑龙江科技大学,0FBC,金融学,,,,,,426,15424,,,,,,426,15424,,,,,,,,,本科,,,,,
8343048,宁夏,本科批,物理,,X339D5B,,黑龙江科技大学,57CE,机械工艺技术,,,,,,427,15234,,,,,,427,15234,,,,,,,,,本科,,,,,
8343049,宁夏,本科批,物理,,X339D5B,,黑龙江科技大学,F620,安全工程,,,,,,427,15234,,,,,,427,15234,,,,,,,,,本科,,,,,
8343050,宁夏,本科批,物理,,X339D5B,,黑龙江科技大学,7932,电子信息科学与技术,,,,,,428,15065,,,,,,428,15065,,,,,,,,,本科,,,,,
8343051,宁夏,本科批,物理,,X339D5B,,黑龙江科技大学,93E3,电子信息工程,,,,,,429,14886,,,,,,429,14886,,,,,,,,,本科,,,,,
8343052,宁夏,本科批,物理,,X339D5B,,黑龙江科技大学,78FF,机械设计制造及其自动化,,,,,,429,14886,,,,,,429,14886,,,,,,,,,本科,,,,,
8343053,宁夏,本科批,物理,,X339D5B,,黑龙江科技大学,ECA4,通信工程,,,,,,430,14690,,,,,,430,14690,,,,,,,,,本科,,,,,
8343054,宁夏,本科批,物理,,X339D5B,,黑龙江科技大学,3C38,软件工程,,,,,,430,14690,,,,,,430,14690,,,,,,,,,本科,,,,,
8343055,宁夏,本科批,物理,,X339D5B,,黑龙江科技大学,B9A5,计算机科学与技术,,,,,,440,12830,,,,,,440,12830,,,,,,,,,本科,,,,,
8343056,宁夏,本科批,物理,,X339D5B,,黑龙江科技大学,A5B7,电气工程及其自动化,,,,,,448,11446,,,,,,448,11446,,,,,,,,,本科,,,,,
8343811,宁夏,本科批,历史,,X3C888C,,天津外国语大学,8607,法语,,,,,,514,2392,,,,,,514,2392,,,,,,,,,本科,,,,,
8343812,宁夏,本科批,历史,,X3C888C,,天津外国语大学,7223,外交学,,,,,,515,2358,,,,,,515,2358,,,,,,,,,本科,,,,,
8343813,宁夏,本科批,历史,,X3C888C,,天津外国语大学,0FBC,金融学,,,,,,515,2358,,,,,,515,2358,,,,,,,,,本科,,,,,
8343814,宁夏,本科批,历史,,X3C888C,,天津外国语大学,B142,阿拉伯语,,,,,,515,2358,,,,,,515,2358,,,,,,,,,本科,,,,,
8343815,宁夏,本科批,历史,,X3C888C,,天津外国语大学,9301,新闻传播学类,,,,,,516,2309,,,,,,516,2309,,,,,,,,,本科,,,,,
8343816,宁夏,本科批,历史,,X3C888C,,天津外国语大学,D9E9,外国语言文学类,,,,,,516,2309,,,,,,516,2309,,,,,,,,,本科,,,,,
8343817,宁夏,本科批,历史,,X3C888C,,天津外国语大学,EF7C,工商管理类,,,,,,516,2309,,,,,,516,2309,,,,,,,,,本科,,,,,
8343818,宁夏,本科批,历史,,X3C888C,,天津外国语大学,25DE,国际经济与贸易,,,,,,516,2309,,,,,,516,2309,,,,,,,,,本科,,,,,
8343819,宁夏,本科批,历史,,X3C888C,,天津外国语大学,73E7,国际政治,,,,,,518,2196,,,,,,518,2196,,,,,,,,,本科,,,,,
8343820,宁夏,本科批,历史,,X3C888C,,天津外国语大学,57FC,国际组织与全球治理,,,,,,523,1956,,,,,,523,1956,,,,,,,,,本科,,,,,
8343821,宁夏,本科批,历史,,X3C888C,,天津外国语大学,D243,汉语言文学,,,,,,525,1867,,,,,,525,1867,,,,,,,,,本科,,,,,
8343822,宁夏,本科批,历史,,X3C888C,,天津外国语大学,A615,汉语国际教育,,,,,,525,1867,,,,,,525,1867,,,,,,,,,本科,,,,,
8343823,宁夏,本科批,历史,,X3C888C,,天津外国语大学,6AB9,经济学,,,,,,527,1793,,,,,,527,1793,,,,,,,,,本科,,,,,
8343824,宁夏,本科批,历史,,X3C888C,,天津外国语大学,927B,法学,,,,,,528,1752,,,,,,528,1752,,,,,,,,,本科,,,,,
8343825,宁夏,本科批,历史,,X3C888C,,天津外国语大学,FC90,俄语,,,,,,539,1345,,,,,,539,1345,,,,,,,,,本科,,,,,
8343826,宁夏,本科批,物理,,X3C888C,,天津外国语大学,0FBC,金融学,,,,,,438,13162,,,,,,438,13162,,,,,,,,,本科,,,,,
8343827,宁夏,本科批,物理,,X3C888C,,天津外国语大学,D43F,西班牙语,,,,,,441,12659,,,,,,441,12659,,,,,,,,,本科,,,,,
8343828,宁夏,本科批,物理,,X3C888C,,天津外国语大学,671C,日语,,,,,,445,11992,,,,,,445,11992,,,,,,,,,本科,,,,,
8343829,宁夏,本科批,物理,,X3C888C,,天津外国语大学,6AB9,经济学,,,,,,447,11628,,,,,,447,11628,,,,,,,,,本科,,,,,
8343830,宁夏,本科批,物理,,X3C888C,,天津外国语大学,7223,外交学,,,,,,450,11095,,,,,,450,11095,,,,,,,,,本科,,,,,
8343831,宁夏,本科批,物理,,X3C888C,,天津外国语大学,9301,新闻传播学类,,,,,,451,10913,,,,,,451,10913,,,,,,,,,本科,,,,,
8343832,宁夏,本科批,物理,,X3C888C,,天津外国语大学,62BF,大数据管理与应用,,,,,,452,10754,,,,,,452,10754,,,,,,,,,本科,,,,,
8343833,宁夏,本科批,物理,,X3C888C,,天津外国语大学,EF7C,工商管理类,,,,,,455,10282,,,,,,455,10282,,,,,,,,,本科,,,,,
8343834,宁夏,本科批,物理,,X3C888C,,天津外国语大学,B142,阿拉伯语,,,,,,456,10121,,,,,,456,10121,,,,,,,,,本科,,,,,
8343835,宁夏,本科批,物理,,X3C888C,,天津外国语大学,D9E9,外国语言文学类,,,,,,459,9681,,,,,,459,9681,,,,,,,,,本科,,,,,
8343836,宁夏,本科批,物理,,X3C888C,,天津外国语大学,A9F4,德语,,,,,,461,9388,,,,,,461,9388,,,,,,,,,本科,,,,,
8343837,宁夏,本科批,物理,,X3C888C,,天津外国语大学,41CF,数字媒体技术,,,,,,470,8177,,,,,,470,8177,,,,,,,,,本科,,,,,
8344669,宁夏,本科批,历史,,X094F94,,北方民族大学,D40C,少数民族预科班,,,,,,494,3571,,,,,,494,3571,,,,,,,,,本科,,,,,
8344670,宁夏,本科批,历史,,X094F94,,北方民族大学,AC90,行政管理,,,,,,502,3081,,,,,,502,3081,,,,,,,,,本科,,,,,
8344671,宁夏,本科批,历史,,X094F94,,北方民族大学,7272,工商管理类（人力资源工商方向）,人力资源工商方向,,,,,504,2973,,,,,,504,2973,,,,,,,,,本科,,,,,
8344672,宁夏,本科批,历史,,X094F94,,北方民族大学,C29F,经济学类,,,,,,510,2612,,,,,,510,2612,,,,,,,,,本科,,,,,
8344673,宁夏,本科批,历史,,X094F94,,北方民族大学,9301,新闻传播学类,,,,,,510,2612,,,,,,510,2612,,,,,,,,,本科,,,,,
8344674,宁夏,本科批,历史,,X094F94,,北方民族大学,671C,日语,,,,,,510,2612,,,,,,510,2612,,,,,,,,,本科,,,,,
8344675,宁夏,本科批,历史,,X094F94,,北方民族大学,B142,阿拉伯语,,,,,,511,2553,,,,,,511,2553,,,,,,,,,本科,,,,,
8344676,宁夏,本科批,历史,,X094F94,,北方民族大学,487F,民族学,,,,,,511,2553,,,,,,511,2553,,,,,,,,,本科,,,,,
8344677,宁夏,本科批,历史,,X094F94,,北方民族大学,1461,工商管理类（财务会计方向）,财务会计方向,,,,,512,2492,,,,,,512,2492,,,,,,,,,本科,,,,,
8344678,宁夏,本科批,历史,,X094F94,,北方民族大学,CA0F,旅游管理,,,,,,512,2492,,,,,,512,2492,,,,,,,,,本科,,,,,
8344679,宁夏,本科批,历史,,X094F94,,北方民族大学,4145,英语,,,,,,513,2442,,,,,,513,2442,,,,,,,,,本科,,,,,
8344680,宁夏,本科批,历史,,X094F94,,北方民族大学,4873,历史学,,,,,,516,2309,,,,,,516,2309,,,,,,,,,本科,,,,,
8344681,宁夏,本科批,历史,,X094F94,,北方民族大学,51C8,思想政治教育,,,,,,516,2309,,,,,,516,2309,,,,,,,,,本科,,,,,
8344682,宁夏,本科批,历史,,X094F94,,北方民族大学,D243,汉语言文学,,,,,,517,2242,,,,,,517,2242,,,,,,,,,本科,,,,,
8344683,宁夏,本科批,历史,,X094F94,,北方民族大学,927B,法学,,,,,,518,2196,,,,,,518,2196,,,,,,,,,本科,,,,,
8344684,宁夏,本科批,物理,,X094F94,,北方民族大学,D40C,少数民族预科班,,,,,,430,14690,,,,,,430,14690,,,,,,,,,本科,,,,,
8344685,宁夏,本科批,物理,,X094F94,,北方民族大学,4154,电子商务,,,,,,432,14269,,,,,,432,14269,,,,,,,,,本科,,,,,
8344686,宁夏,本科批,物理,,X094F94,,北方民族大学,7272,工商管理类（人力资源工商方向）,人力资源工商方向,,,,,436,13513,,,,,,436,13513,,,,,,,,,本科,,,,,
8344687,宁夏,本科批,物理,,X094F94,,北方民族大学,AC90,行政管理,,,,,,436,13513,,,,,,436,13513,,,,,,,,,本科,,,,,
8344688,宁夏,本科批,物理,,X094F94,,北方民族大学,CA0F,旅游管理,,,,,,436,13513,,,,,,436,13513,,,,,,,,,本科,,,,,
8344689,宁夏,本科批,物理,,X094F94,,北方民族大学,E7FB,化工与制药类,,,,,,437,13337,,,,,,437,13337,,,,,,,,,本科,,,,,
8344690,宁夏,本科批,物理,,X094F94,,北方民族大学,5E49,食品科学与工程,,,,,,441,12659,,,,,,441,12659,,,,,,,,,本科,,,,,
8344691,宁夏,本科批,物理,,X094F94,,北方民族大学,C493,土木类,,,,,,442,12470,,,,,,442,12470,,,,,,,,,本科,,,,,
8344692,宁夏,本科批,物理,,X094F94,,北方民族大学,2426,材料类,,,,,,442,12470,,,,,,442,12470,,,,,,,,,本科,,,,,
8344693,宁夏,本科批,物理,,X094F94,,北方民族大学,C29F,经济学类,,,,,,442,12470,,,,,,442,12470,,,,,,,,,本科,,,,,
8344694,宁夏,本科批,物理,,X094F94,,北方民族大学,B142,阿拉伯语,,,,,,442,12470,,,,,,442,12470,,,,,,,,,本科,,,,,
8344695,宁夏,本科批,物理,,X094F94,,北方民族大学,E2E1,生物工程,,,,,,442,12470,,,,,,442,12470,,,,,,,,,本科,,,,,
8344696,宁夏,本科批,物理,,X094F94,,北方民族大学,D035,生物科学类,,,,,,443,12278,,,,,,443,12278,,,,,,,,,本科,,,,,
8344697,宁夏,本科批,物理,,X094F94,,北方民族大学,EC1D,制药工程（与合肥工业大学联合培养）,与合肥工业大学联合培养,,,,,445,11992,,,,,,445,11992,,,,,,,,,本科,,,,,
8344698,宁夏,本科批,物理,,X094F94,,北方民族大学,1B86,金融数学,,,,,,445,11992,,,,,,445,11992,,,,,,,,,本科,,,,,
8344699,宁夏,本科批,物理,,X094F94,,北方民族大学,1461,工商管理类（财务会计方向）,财务会计方向,,,,,446,11823,,,,,,446,11823,,,,,,,,,本科,,,,,
8344700,宁夏,本科批,物理,,X094F94,,北方民族大学,9301,新闻传播学类,,,,,,446,11823,,,,,,446,11823,,,,,,,,,本科,,,,,
8344701,宁夏,本科批,物理,,X094F94,,北方民族大学,C1B4,水利水电工程,,,,,,447,11628,,,,,,447,11628,,,,,,,,,本科,,,,,
8344702,宁夏,本科批,物理,,X094F94,,北方民族大学,3615,机械类,,,,,,447,11628,,,,,,447,11628,,,,,,,,,本科,,,,,
8344703,宁夏,本科批,物理,,X094F94,,北方民族大学,5669,数学类,,,,,,449,11257,,,,,,449,11257,,,,,,,,,本科,,,,,
8345186,宁夏,本科批,物理,,XE468A2,,福建医科大学,4E9C,卫生检验与检疫,,,,,,432,14269,,,,,,432,14269,,,,,,,,,本科,,,,,
8345187,宁夏,本科批,物理,,XE468A2,,福建医科大学,10A0,药学,,,,,,435,13689,,,,,,435,13689,,,,,,,,,本科,,,,,
8345188,宁夏,本科批,物理,,XE468A2,,福建医科大学,A585,助产学,,,,,,442,12470,,,,,,442,12470,,,,,,,,,本科,,,,,
8345189,宁夏,本科批,物理,,XE468A2,,福建医科大学,4BF3,护理学,,,,,,442,12470,,,,,,442,12470,,,,,,,,,本科,,,,,
8345190,宁夏,本科批,物理,,XE468A2,,福建医科大学,4574,运动康复,,,,,,446,11823,,,,,,446,11823,,,,,,,,,本科,,,,,
8345191,宁夏,本科批,物理,,XE468A2,,福建医科大学,817D,康复治疗学,,,,,,446,11823,,,,,,446,11823,,,,,,,,,本科,,,,,
8345192,宁夏,本科批,物理,,XE468A2,,福建医科大学,BE91,医学检验技术,,,,,,447,11628,,,,,,447,11628,,,,,,,,,本科,,,,,
8345193,宁夏,本科批,物理,,XE468A2,,福建医科大学,2DDF,医学影像技术,,,,,,461,9388,,,,,,461,9388,,,,,,,,,本科,,,,,
8345194,宁夏,本科批,物理,,XE468A2,,福建医科大学,82C5,放射医学,,,,,,464,8960,,,,,,464,8960,,,,,,,,,本科,,,,,
8345195,宁夏,本科批,物理,,XE468A2,,福建医科大学,A39E,预防医学,,,,,,472,7933,,,,,,472,7933,,,,,,,,,本科,,,,,
8345196,宁夏,本科批,物理,,XE468A2,,福建医科大学,6D6C,眼视光学,,,,,,480,6986,,,,,,480,6986,,,,,,,,,本科,,,,,
8345197,宁夏,本科批,物理,,XE468A2,,福建医科大学,97D0,临床医学,,,,,,484,6535,,,,,,484,6535,,,,,,,,,本科,,,,,
8345198,宁夏,本科批,物理,,XE468A2,,福建医科大学,A5C6,麻醉学,,,,,,489,5993,,,,,,489,5993,,,,,,,,,本科,,,,,
8346169,宁夏,本科批,物理,,XA3C51F,,沈阳大学,29F4,物联网工程,,,,,,371,27132,,,,,,371,27132,,,,,,,,,本科,,,,,
8346170,宁夏,本科批,物理,,XA3C51F,,沈阳大学,8189,环境生态工程,,,,,,381,24947,,,,,,381,24947,,,,,,,,,本科,,,,,
8347346,宁夏,本科批,历史,,XC563E7,,山西农业大学,090D,公共事业管理,,,,,,481,4503,,,,,,481,4503,,,,,,,,,本科,,,,,
8347347,宁夏,本科批,历史,,XC563E7,,山西农业大学,AC90,行政管理,,,,,,481,4503,,,,,,481,4503,,,,,,,,,本科,,,,,
8347348,宁夏,本科批,历史,,XC563E7,,山西农业大学,4C13,农林经济管理,,,,,,482,4429,,,,,,482,4429,,,,,,,,,本科,,,,,
8347349,宁夏,本科批,物理,,XC563E7,,山西农业大学,5FB0,中药资源与开发,,,,,,418,17058,,,,,,418,17058,,,,,,,,,本科,,,,,
8347350,宁夏,本科批,物理,,XC563E7,,山西农业大学,FB86,经济动物学,,,,,,419,16846,,,,,,419,16846,,,,,,,,,本科,,,,,
8347351,宁夏,本科批,物理,,XC563E7,,山西农业大学,C5CB,园艺,,,,,,420,16610,,,,,,420,16610,,,,,,,,,本科,,,,,
8347352,宁夏,本科批,物理,,XC563E7,,山西农业大学,2638,植物保护,,,,,,422,16199,,,,,,422,16199,,,,,,,,,本科,,,,,
8347353,宁夏,本科批,物理,,XC563E7,,山西农业大学,387D,动植物检疫（植物检疫方向）,植物检疫方向,,,,,423,15998,,,,,,423,15998,,,,,,,,,本科,,,,,
8347354,宁夏,本科批,物理,,XC563E7,,山西农业大学,E693,水土保持与荒漠化防治,,,,,,423,15998,,,,,,423,15998,,,,,,,,,本科,,,,,
8347355,宁夏,本科批,物理,,XC563E7,,山西农业大学,7790,林学类,,,,,,424,15793,,,,,,424,15793,,,,,,,,,本科,,,,,
8347356,宁夏,本科批,物理,,XC563E7,,山西农业大学,19D3,草业科学,,,,,,427,15234,,,,,,427,15234,,,,,,,,,本科,,,,,
8347357,宁夏,本科批,物理,,XC563E7,,山西农业大学,C325,农学,,,,,,430,14690,,,,,,430,14690,,,,,,,,,本科,,,,,
8347727,宁夏,本科批,历史,,X232D01,,西北政法大学,C29F,经济学类,,,,,,530,1676,,,,,,530,1676,,,,,,,,,本科,,,,,
8347728,宁夏,本科批,历史,,X232D01,,西北政法大学,7022,社会学,,,,,,559,785,,,,,,559,785,,,,,,,,,本科,,,,,
8347729,宁夏,本科批,历史,,X232D01,,西北政法大学,68F4,新闻学,,,,,,559,785,,,,,,559,785,,,,,,,,,本科,,,,,
8347730,宁夏,本科批,历史,,X232D01,,西北政法大学,D0E1,政治学与行政学,,,,,,560,750,,,,,,560,750,,,,,,,,,本科,,,,,
8347731,宁夏,本科批,历史,,X232D01,,西北政法大学,C19A,人力资源管理,,,,,,562,724,,,,,,562,724,,,,,,,,,本科,,,,,
8347732,宁夏,本科批,历史,,X232D01,,西北政法大学,4145,英语,,,,,,562,724,,,,,,562,724,,,,,,,,,本科,,,,,
8347733,宁夏,本科批,历史,,X232D01,,西北政法大学,978C,审计学,,,,,,564,686,,,,,,564,686,,,,,,,,,本科,,,,,
8347734,宁夏,本科批,历史,,X232D01,,西北政法大学,5D72,网络与新媒体,,,,,,566,645,,,,,,566,645,,,,,,,,,本科,,,,,
8347735,宁夏,本科批,历史,,X232D01,,西北政法大学,5CC8,哲学,,,,,,567,626,,,,,,567,626,,,,,,,,,本科,,,,,
8347736,宁夏,本科批,历史,,X232D01,,西北政法大学,48D5,法学（公共安全法）,公共安全法,,,,,568,610,,,,,,568,610,,,,,,,,,本科,,,,,
8347737,宁夏,本科批,历史,,X232D01,,西北政法大学,71F3,法学（反恐怖主义法）,反恐怖主义法,,,,,569,583,,,,,,569,583,,,,,,,,,本科,,,,,
8347738,宁夏,本科批,历史,,X232D01,,西北政法大学,B18F,法学（行政法）,行政法,,,,,570,560,,,,,,570,560,,,,,,,,,本科,,,,,
8347739,宁夏,本科批,历史,,X232D01,,西北政法大学,A906,法学（经济法）,经济法,,,,,573,504,,,,,,573,504,,,,,,,,,本科,,,,,
8347740,宁夏,本科批,历史,,X232D01,,西北政法大学,25EC,法学（刑事法）,刑事法,,,,,576,449,,,,,,576,449,,,,,,,,,本科,,,,,
8347741,宁夏,本科批,历史,,X232D01,,西北政法大学,EBC9,法学（民商法）,民商法,,,,,581,381,,,,,,581,381,,,,,,,,,本科,,,,,
8347742,宁夏,本科批,物理,,X232D01,,西北政法大学,16DF,金融工程,,,,,,500,4966,,,,,,500,4966,,,,,,,,,本科,,,,,
8347743,宁夏,本科批,物理,,X232D01,,西北政法大学,AC90,行政管理,,,,,,502,4806,,,,,,502,4806,,,,,,,,,本科,,,,,
8347744,宁夏,本科批,物理,,X232D01,,西北政法大学,C29F,经济学类,,,,,,508,4318,,,,,,508,4318,,,,,,,,,本科,,,,,
8347745,宁夏,本科批,物理,,X232D01,,西北政法大学,25EC,法学（刑事法）,刑事法,,,,,532,2696,,,,,,532,2696,,,,,,,,,本科,,,,,
8347746,宁夏,本科批,物理,,X232D01,,西北政法大学,B18F,法学（行政法）,行政法,,,,,536,2489,,,,,,536,2489,,,,,,,,,本科,,,,,
8347747,宁夏,本科批,物理,,X232D01,,西北政法大学,EBC9,法学（民商法）,民商法,,,,,547,1979,,,,,,547,1979,,,,,,,,,本科,,,,,
8349315,宁夏,本科批,物理,,XEBB557,,内蒙古工业大学,75BF,纺织工程,,,,,,404,19977,,,,,,404,19977,,,,,,,,,本科,,,,,
8349316,宁夏,本科批,物理,,XEBB557,,内蒙古工业大学,4ECE,土木工程,,,,,,408,19137,,,,,,408,19137,,,,,,,,,本科,,,,,
8349317,宁夏,本科批,物理,,XEBB557,,内蒙古工业大学,AF7F,飞行器设计与工程,,,,,,410,18711,,,,,,410,18711,,,,,,,,,本科,,,,,
8349318,宁夏,本科批,物理,,XEBB557,,内蒙古工业大学,E9A7,环境科学与工程,,,,,,414,17904,,,,,,414,17904,,,,,,,,,本科,,,,,
8350258,宁夏,本科批,物理,,XBE0B56,,济宁医学院,4BF3,护理学,,,,,,418,17058,,,,,,418,17058,,,,,,,,,本科,,,,,
8350259,宁夏,本科批,物理,,XBE0B56,,济宁医学院,A39E,预防医学,,,,,,425,15604,,,,,,425,15604,,,,,,,,,本科,,,,,
8350260,宁夏,本科批,物理,,XBE0B56,,济宁医学院,5ED3,中西医临床医学,,,,,,429,14886,,,,,,429,14886,,,,,,,,,本科,,,,,
8350261,宁夏,本科批,物理,,XBE0B56,,济宁医学院,3B42,精神医学,,,,,,430,14690,,,,,,430,14690,,,,,,,,,本科,,,,,
8350262,宁夏,本科批,物理,,XBE0B56,,济宁医学院,97D0,临床医学,,,,,,441,12659,,,,,,441,12659,,,,,,,,,本科,,,,,
8350769,宁夏,本科批,历史,,X5D2203,,湖南工商大学,25DE,国际经济与贸易,,,,,,502,3081,,,,,,502,3081,,,,,,,,,本科,,,,,
8350770,宁夏,本科批,历史,,X5D2203,,湖南工商大学,EF7C,工商管理类,,,,,,516,2309,,,,,,516,2309,,,,,,,,,本科,,,,,
8350771,宁夏,本科批,历史,,X5D2203,,湖南工商大学,927B,法学,,,,,,517,2242,,,,,,517,2242,,,,,,,,,本科,,,,,
8350772,宁夏,本科批,历史,,X5D2203,,湖南工商大学,5E19,会计学,,,,,,518,2196,,,,,,518,2196,,,,,,,,,本科,,,,,
8350773,宁夏,本科批,历史,,X5D2203,,湖南工商大学,1356,金融学类,,,,,,521,2051,,,,,,521,2051,,,,,,,,,本科,,,,,
8350774,宁夏,本科批,物理,,X5D2203,,湖南工商大学,EF7C,工商管理类,,,,,,432,14269,,,,,,432,14269,,,,,,,,,本科,,,,,
8350775,宁夏,本科批,物理,,X5D2203,,湖南工商大学,F6AC,数据科学与大数据技术（院士卓越班）,院士卓越班,,,,,437,13337,,,,,,437,13337,,,,,,,,,本科,,,,,
8350776,宁夏,本科批,物理,,X5D2203,,湖南工商大学,25DE,国际经济与贸易,,,,,,446,11823,,,,,,446,11823,,,,,,,,,本科,,,,,
8350777,宁夏,本科批,物理,,X5D2203,,湖南工商大学,927B,法学,,,,,,463,9101,,,,,,463,9101,,,,,,,,,本科,,,,,
8350778,宁夏,本科批,物理,,X5D2203,,湖南工商大学,1356,金融学类,,,,,,470,8177,,,,,,470,8177,,,,,,,,,本科,,,,,
8350779,宁夏,本科批,物理,,X5D2203,,湖南工商大学,5E19,会计学,,,,,,476,7457,,,,,,476,7457,,,,,,,,,本科,,,,,
8351441,宁夏,本科批,物理,,XBB49BA,,北方工业大学,4ECE,土木工程,,,,,,444,12141,,,,,,444,12141,,,,,,,,,本科,,,,,
8351442,宁夏,本科批,物理,,XBB49BA,,北方工业大学,4AEA,机械设计制造及其自动化（创新实验班）,创新实验班,,,,,490,5885,,,,,,490,5885,,,,,,,,,本科,,,,,
8351443,宁夏,本科批,物理,,XBB49BA,,北方工业大学,76B9,统计学,,,,,,497,5244,,,,,,497,5244,,,,,,,,,本科,,,,,
8351444,宁夏,本科批,物理,,XBB49BA,,北方工业大学,B9A5,计算机科学与技术,,,,,,498,5138,,,,,,498,5138,,,,,,,,,本科,,,,,
8351445,宁夏,本科批,物理,,XBB49BA,,北方工业大学,A5B7,电气工程及其自动化,,,,,,503,4724,,,,,,503,4724,,,,,,,,,本科,,,,,
8351863,宁夏,本科批,历史,,XBC3952,,贵州财经大学,3739,广告学,,,,,,476,4903,,,,,,476,4903,,,,,,,,,本科,,,,,
8351864,宁夏,本科批,历史,,XBC3952,,贵州财经大学,AC90,行政管理,,,,,,477,4821,,,,,,477,4821,,,,,,,,,本科,,,,,
8351865,宁夏,本科批,历史,,XBC3952,,贵州财经大学,9CA5,传播学,,,,,,479,4671,,,,,,479,4671,,,,,,,,,本科,,,,,
8351866,宁夏,本科批,物理,,XBC3952,,贵州财经大学,0E38,自然地理与资源环境,,,,,,411,18509,,,,,,411,18509,,,,,,,,,本科,,,,,
8351867,宁夏,本科批,物理,,XBC3952,,贵州财经大学,8412,城市管理,,,,,,413,18103,,,,,,413,18103,,,,,,,,,本科,,,,,
8351868,宁夏,本科批,物理,,XBC3952,,贵州财经大学,BABF,资源与环境经济学,,,,,,416,17483,,,,,,416,17483,,,,,,,,,本科,,,,,
8351869,宁夏,本科批,物理,,XBC3952,,贵州财经大学,4C13,农林经济管理,,,,,,417,17270,,,,,,417,17270,,,,,,,,,本科,,,,,
8351870,宁夏,本科批,物理,,XBC3952,,贵州财经大学,41CF,数字媒体技术,,,,,,419,16846,,,,,,419,16846,,,,,,,,,本科,,,,,
8352510,宁夏,本科批,历史,,X109881,,齐齐哈尔大学,EF7C,工商管理类,,,,,,487,4059,,,,,,487,4059,,,,,,,,,本科,,,,,
8352511,宁夏,本科批,历史,,X109881,,齐齐哈尔大学,927B,法学,,,,,,489,3940,,,,,,489,3940,,,,,,,,,本科,,,,,
8352512,宁夏,本科批,物理,,X109881,,齐齐哈尔大学,5E49,食品科学与工程,,,,,,416,17483,,,,,,416,17483,,,,,,,,,本科,,,,,
8352513,宁夏,本科批,物理,,X109881,,齐齐哈尔大学,2426,材料类,,,,,,418,17058,,,,,,418,17058,,,,,,,,,本科,,,,,
8352514,宁夏,本科批,物理,,X109881,,齐齐哈尔大学,E7FB,化工与制药类,,,,,,421,16413,,,,,,421,16413,,,,,,,,,本科,,,,,
8352515,宁夏,本科批,物理,,X109881,,齐齐哈尔大学,861C,电子信息类,,,,,,422,16199,,,,,,422,16199,,,,,,,,,本科,,,,,
8352516,宁夏,本科批,物理,,X109881,,齐齐哈尔大学,82E6,计算机类,,,,,,425,15604,,,,,,425,15604,,,,,,,,,本科,,,,,
8352517,宁夏,本科批,物理,,X109881,,齐齐哈尔大学,A5B7,电气工程及其自动化,,,,,,431,14482,,,,,,431,14482,,,,,,,,,本科,,,,,
8353327,宁夏,本科批,历史,,XD36EAF,,西北师范大学,F2E6,旅游管理（民族班）,民族班,,,,,499,,,,,,,499,,,,,,,,,,本科,,,,,
8353328,宁夏,本科批,历史,,XD36EAF,,西北师范大学,3831,国际经济与贸易（民族班）,民族班,,,,,501,,,,,,,501,,,,,,,,,,本科,,,,,
8353329,宁夏,本科批,历史,,XD36EAF,,西北师范大学,57D6,数字媒体艺术,,,,,,523,1956,,,,,,523,1956,,,,,,,,,本科,,,,,
8353330,宁夏,本科批,历史,,XD36EAF,,西北师范大学,0422,工商管理类（民族班）,民族班,,,,,532,,,,,,,532,,,,,,,,,,本科,,,,,
8353331,宁夏,本科批,历史,,XD36EAF,,西北师范大学,4DE7,汉语言文学（民族班）,民族班,,,,,534,,,,,,,534,,,,,,,,,,本科,,,,,
8353332,宁夏,本科批,历史,,XD36EAF,,西北师范大学,5CC8,哲学,,,,,,535,1493,,,,,,535,1493,,,,,,,,,本科,,,,,
8353333,宁夏,本科批,历史,,XD36EAF,,西北师范大学,46AC,公共管理类,,,,,,535,1493,,,,,,535,1493,,,,,,,,,本科,,,,,
8353334,宁夏,本科批,历史,,XD36EAF,,西北师范大学,A615,汉语国际教育,,,,,,536,1458,,,,,,536,1458,,,,,,,,,本科,,,,,
8353335,宁夏,本科批,历史,,XD36EAF,,西北师范大学,2242,广播电视编导,,,,,,537,1419,,,,,,537,1419,,,,,,,,,本科,,,,,
8353336,宁夏,本科批,历史,,XD36EAF,,西北师范大学,CA0F,旅游管理,,,,,,537,1419,,,,,,537,1419,,,,,,,,,本科,,,,,
8353337,宁夏,本科批,历史,,XD36EAF,,西北师范大学,8B36,翻译,,,,,,537,1419,,,,,,537,1419,,,,,,,,,本科,,,,,
8353338,宁夏,本科批,历史,,XD36EAF,,西北师范大学,5E19,会计学,,,,,,542,1252,,,,,,542,1252,,,,,,,,,本科,,,,,
8353339,宁夏,本科批,历史,,XD36EAF,,西北师范大学,0FBC,金融学,,,,,,542,1252,,,,,,542,1252,,,,,,,,,本科,,,,,
8353340,宁夏,本科批,历史,,XD36EAF,,西北师范大学,4145,英语,,,,,,542,1252,,,,,,542,1252,,,,,,,,,本科,,,,,
8353341,宁夏,本科批,历史,,XD36EAF,,西北师范大学,4873,历史学,,,,,,545,1148,,,,,,545,1148,,,,,,,,,本科,,,,,
8353342,宁夏,本科批,历史,,XD36EAF,,西北师范大学,11E3,心理学类,,,,,,548,1058,,,,,,548,1058,,,,,,,,,本科,,,,,
8353343,宁夏,本科批,历史,,XD36EAF,,西北师范大学,51C8,思想政治教育,,,,,,549,1023,,,,,,549,1023,,,,,,,,,本科,,,,,
8353344,宁夏,本科批,历史,,XD36EAF,,西北师范大学,D243,汉语言文学,,,,,,556,854,,,,,,556,854,,,,,,,,,本科,,,,,
8353345,宁夏,本科批,历史,,XD36EAF,,西北师范大学,927B,法学,,,,,,568,610,,,,,,568,610,,,,,,,,,本科,,,,,
8353346,宁夏,本科批,物理,,XD36EAF,,西北师范大学,77FF,社会学类（民族班）,民族班,,,,,435,,,,,,,435,,,,,,,,,,本科,,,,,
8353347,宁夏,本科批,物理,,XD36EAF,,西北师范大学,0422,工商管理类（民族班）,民族班,,,,,437,,,,,,,437,,,,,,,,,,本科,,,,,
8353348,宁夏,本科批,物理,,XD36EAF,,西北师范大学,0BAE,广播电视编导（民族班）,民族班,,,,,439,,,,,,,439,,,,,,,,,,本科,,,,,
8353349,宁夏,本科批,物理,,XD36EAF,,西北师范大学,A942,材料科学与工程,,,,,,446,11823,,,,,,446,11823,,,,,,,,,本科,,,,,
8353350,宁夏,本科批,物理,,XD36EAF,,西北师范大学,D43B,地理科学（民族班）,民族班,,,,,452,,,,,,,452,,,,,,,,,,本科,,,,,
8353351,宁夏,本科批,物理,,XD36EAF,,西北师范大学,74E7,教育技术学,,,,,,460,9530,,,,,,460,9530,,,,,,,,,本科,,,,,
8353352,宁夏,本科批,物理,,XD36EAF,,西北师范大学,D6ED,化学工程与工艺,,,,,,464,8960,,,,,,464,8960,,,,,,,,,本科,,,,,
8353353,宁夏,本科批,物理,,XD36EAF,,西北师范大学,CA0F,旅游管理,,,,,,465,8813,,,,,,465,8813,,,,,,,,,本科,,,,,
8353354,宁夏,本科批,物理,,XD36EAF,,西北师范大学,76B9,统计学,,,,,,466,8687,,,,,,466,8687,,,,,,,,,本科,,,,,
8353355,宁夏,本科批,物理,,XD36EAF,,西北师范大学,29F4,物联网工程,,,,,,467,8565,,,,,,467,8565,,,,,,,,,本科,,,,,
8353356,宁夏,本科批,物理,,XD36EAF,,西北师范大学,40CE,制药工程,,,,,,467,8565,,,,,,467,8565,,,,,,,,,本科,,,,,
8353357,宁夏,本科批,物理,,XD36EAF,,西北师范大学,68F4,新闻学,,,,,,468,8439,,,,,,468,8439,,,,,,,,,本科,,,,,
8353358,宁夏,本科批,物理,,XD36EAF,,西北师范大学,28AD,经济统计学,,,,,,470,8177,,,,,,470,8177,,,,,,,,,本科,,,,,
8353359,宁夏,本科批,物理,,XD36EAF,,西北师范大学,3C38,软件工程,,,,,,476,7457,,,,,,476,7457,,,,,,,,,本科,,,,,
8353360,宁夏,本科批,物理,,XD36EAF,,西北师范大学,6AB9,经济学,,,,,,477,7346,,,,,,477,7346,,,,,,,,,本科,,,,,
8353361,宁夏,本科批,物理,,XD36EAF,,西北师范大学,5E19,会计学,,,,,,478,7235,,,,,,478,7235,,,,,,,,,本科,,,,,
8353362,宁夏,本科批,物理,,XD36EAF,,西北师范大学,93E3,电子信息工程,,,,,,479,7107,,,,,,479,7107,,,,,,,,,本科,,,,,
8353363,宁夏,本科批,物理,,XD36EAF,,西北师范大学,4718,数据科学与大数据技术,,,,,,480,6986,,,,,,480,6986,,,,,,,,,本科,,,,,
8353364,宁夏,本科批,物理,,XD36EAF,,西北师范大学,B9A5,计算机科学与技术,,,,,,481,6851,,,,,,481,6851,,,,,,,,,本科,,,,,
8353365,宁夏,本科批,物理,,XD36EAF,,西北师范大学,11E3,心理学类,,,,,,482,6750,,,,,,482,6750,,,,,,,,,本科,,,,,
8354953,宁夏,本科批,历史,,X9AFC09,,浙江农林大学,04A0,工商管理,,,,,,506,2854,,,,,,506,2854,,,,,,,,,本科,,,,,
8354954,宁夏,本科批,历史,,X9AFC09,,浙江农林大学,3739,广告学,,,,,,507,2792,,,,,,507,2792,,,,,,,,,本科,,,,,
8354955,宁夏,本科批,历史,,X9AFC09,,浙江农林大学,8412,城市管理,,,,,,517,2242,,,,,,517,2242,,,,,,,,,本科,,,,,
8354956,宁夏,本科批,历史,,X9AFC09,,浙江农林大学,F88E,文化产业管理（茶文化）,茶文化,,,,,519,2144,,,,,,519,2144,,,,,,,,,本科,,,,,
8354957,宁夏,本科批,历史,,X9AFC09,,浙江农林大学,927B,法学,,,,,,522,2009,,,,,,522,2009,,,,,,,,,本科,,,,,
8354958,宁夏,本科批,物理,,X9AFC09,,浙江农林大学,D901,木材科学与工程,,,,,,445,11992,,,,,,445,11992,,,,,,,,,本科,,,,,
8354959,宁夏,本科批,物理,,X9AFC09,,浙江农林大学,6E5A,园林,,,,,,445,11992,,,,,,445,11992,,,,,,,,,本科,,,,,
8354960,宁夏,本科批,物理,,X9AFC09,,浙江农林大学,E347,工业设计,,,,,,446,11823,,,,,,446,11823,,,,,,,,,本科,,,,,
8354961,宁夏,本科批,物理,,X9AFC09,,浙江农林大学,5B8B,高分子材料与工程,,,,,,447,11628,,,,,,447,11628,,,,,,,,,本科,,,,,
8354962,宁夏,本科批,物理,,X9AFC09,,浙江农林大学,BFE5,家具设计与工程,,,,,,447,11628,,,,,,447,11628,,,,,,,,,本科,,,,,
8354963,宁夏,本科批,物理,,X9AFC09,,浙江农林大学,4C2A,中药学,,,,,,451,10913,,,,,,451,10913,,,,,,,,,本科,,,,,
8354964,宁夏,本科批,物理,,X9AFC09,,浙江农林大学,53B9,食品质量与安全,,,,,,452,10754,,,,,,452,10754,,,,,,,,,本科,,,,,
8354965,宁夏,本科批,物理,,X9AFC09,,浙江农林大学,30B8,智慧农业,,,,,,453,10598,,,,,,453,10598,,,,,,,,,本科,,,,,
8354966,宁夏,本科批,物理,,X9AFC09,,浙江农林大学,04A0,工商管理,,,,,,453,10598,,,,,,453,10598,,,,,,,,,本科,,,,,
8354967,宁夏,本科批,物理,,X9AFC09,,浙江农林大学,99EA,动物科学,,,,,,453,10598,,,,,,453,10598,,,,,,,,,本科,,,,,
8354968,宁夏,本科批,物理,,X9AFC09,,浙江农林大学,16DF,金融工程,,,,,,454,10448,,,,,,454,10448,,,,,,,,,本科,,,,,
8354969,宁夏,本科批,物理,,X9AFC09,,浙江农林大学,78FF,机械设计制造及其自动化,,,,,,457,9966,,,,,,457,9966,,,,,,,,,本科,,,,,
8354970,宁夏,本科批,物理,,X9AFC09,,浙江农林大学,2638,植物保护,,,,,,458,9834,,,,,,458,9834,,,,,,,,,本科,,,,,
8354971,宁夏,本科批,物理,,X9AFC09,,浙江农林大学,C5CB,园艺,,,,,,458,9834,,,,,,458,9834,,,,,,,,,本科,,,,,
8354972,宁夏,本科批,物理,,X9AFC09,,浙江农林大学,30D8,智能装备与系统,,,,,,459,9681,,,,,,459,9681,,,,,,,,,本科,,,,,
8354973,宁夏,本科批,物理,,X9AFC09,,浙江农林大学,C0DA,应用统计学,,,,,,459,9681,,,,,,459,9681,,,,,,,,,本科,,,,,
8354974,宁夏,本科批,物理,,X9AFC09,,浙江农林大学,03B1,智能科学与技术,,,,,,460,9530,,,,,,460,9530,,,,,,,,,本科,,,,,
8354975,宁夏,本科批,物理,,X9AFC09,,浙江农林大学,5E49,食品科学与工程,,,,,,461,9388,,,,,,461,9388,,,,,,,,,本科,,,,,
8354976,宁夏,本科批,物理,,X9AFC09,,浙江农林大学,6836,设施农业科学与工程,,,,,,462,9236,,,,,,462,9236,,,,,,,,,本科,,,,,
8354977,宁夏,本科批,物理,,X9AFC09,,浙江农林大学,4ED3,生态学,,,,,,462,9236,,,,,,462,9236,,,,,,,,,本科,,,,,
8355738,宁夏,本科批,历史,,XBFB3EF,,贵州医科大学,4BF3,护理学,,,,,,478,4752,,,,,,478,4752,,,,,,,,,本科,,,,,
8355739,宁夏,本科批,物理,,XBFB3EF,,贵州医科大学,D7AE,智能影像工程,,,,,,418,17058,,,,,,418,17058,,,,,,,,,本科,,,,,
8355740,宁夏,本科批,物理,,XBFB3EF,,贵州医科大学,57E6,医学影像学,,,,,,455,10282,,,,,,455,10282,,,,,,,,,本科,,,,,
8355741,宁夏,本科批,物理,,XBFB3EF,,贵州医科大学,97D0,临床医学,,,,,,457,9966,,,,,,457,9966,,,,,,,,,本科,,,,,
8355742,宁夏,本科批,物理,,XBFB3EF,,贵州医科大学,5DA6,口腔医学,,,,,,477,7346,,,,,,477,7346,,,,,,,,,本科,,,,,
8356277,宁夏,本科提前批,历史,,XD08A8D,,中国刑事警察学院,1B53,警犬技术（男）,男,,,,,493,3637,,,,,,493,3637,,,,,,,,,本科,,,,,
8356278,宁夏,本科提前批,历史,,XD08A8D,,中国刑事警察学院,EEE0,侦查学（女）,女,,,,,566,645,,,,,,566,645,,,,,,,,,本科,,,,,
8356279,宁夏,本科提前批,历史,,XD08A8D,,中国刑事警察学院,284B,经济犯罪侦查（女）,女,,,,,589,267,,,,,,589,267,,,,,,,,,本科,,,,,
8356280,宁夏,本科提前批,物理,,XD08A8D,,中国刑事警察学院,A87D,禁毒学（男）,男,,,,,477,7346,,,,,,477,7346,,,,,,,,,本科,,,,,
8356281,宁夏,本科提前批,物理,,XD08A8D,,中国刑事警察学院,3E85,公安情报学（男）,男,,,,,486,6312,,,,,,486,6312,,,,,,,,,本科,,,,,
8356282,宁夏,本科提前批,物理,,XD08A8D,,中国刑事警察学院,A1F1,涉外警务（男）,男,,,,,487,6218,,,,,,487,6218,,,,,,,,,本科,,,,,
8356283,宁夏,本科提前批,物理,,XD08A8D,,中国刑事警察学院,1B53,警犬技术（男）,男,,,,,488,6101,,,,,,488,6101,,,,,,,,,本科,,,,,
8356284,宁夏,本科提前批,物理,,XD08A8D,,中国刑事警察学院,030B,警犬技术（男）（国家专项）,男; 国家专项,,,,,503,4724,,,,,,503,4724,,,,,,,,,本科,,,,,
8356285,宁夏,本科提前批,物理,,XD08A8D,,中国刑事警察学院,F107,治安学（男）（国家专项）,男; 国家专项,,,,,504,4626,,,,,,504,4626,,,,,,,,,本科,,,,,
8356286,宁夏,本科提前批,物理,,XD08A8D,,中国刑事警察学院,B6E9,治安学（男）,男,,,,,510,4145,,,,,,510,4145,,,,,,,,,本科,,,,,
8356287,宁夏,本科提前批,物理,,XD08A8D,,中国刑事警察学院,8DE3,公安视听技术（男）,男,,,,,512,4013,,,,,,512,4013,,,,,,,,,本科,,,,,
8356288,宁夏,本科提前批,物理,,XD08A8D,,中国刑事警察学院,1406,经济犯罪侦查（男）,男,,,,,525,3106,,,,,,525,3106,,,,,,,,,本科,,,,,
8356289,宁夏,本科提前批,物理,,XD08A8D,,中国刑事警察学院,A2F9,侦查学（男）,男,,,,,526,3056,,,,,,526,3056,,,,,,,,,本科,,,,,
8356290,宁夏,本科提前批,物理,,XD08A8D,,中国刑事警察学院,521B,刑事科学技术（男）,男,,,,,532,2696,,,,,,532,2696,,,,,,,,,本科,,,,,
8356291,宁夏,本科提前批,物理,,XD08A8D,,中国刑事警察学院,AC0E,网络安全与执法（男）,男,,,,,532,2696,,,,,,532,2696,,,,,,,,,本科,,,,,
8356292,宁夏,本科提前批,物理,,XD08A8D,,中国刑事警察学院,30BE,公安视听技术（女）,女,,,,,551,1807,,,,,,551,1807,,,,,,,,,本科,,,,,
8356787,宁夏,本科批,物理,,X7BF907,,辽宁工业大学,4ECE,土木工程,,,,,,424,15793,,,,,,424,15793,,,,,,,,,本科,,,,,
8356788,宁夏,本科批,物理,,X7BF907,,辽宁工业大学,78FF,机械设计制造及其自动化,,,,,,424,15793,,,,,,424,15793,,,,,,,,,本科,,,,,
8356789,宁夏,本科批,物理,,X7BF907,,辽宁工业大学,D078,新能源汽车工程,,,,,,434,13883,,,,,,434,13883,,,,,,,,,本科,,,,,
8356790,宁夏,本科批,物理,,X7BF907,,辽宁工业大学,A5B7,电气工程及其自动化,,,,,,440,12830,,,,,,440,12830,,,,,,,,,本科,,,,,
8357580,宁夏,本科批,物理,,XBE0B64,,云南农业大学,CB22,城乡规划,,,,,,414,17904,,,,,,414,17904,,,,,,,,,本科,,,,,
8357581,宁夏,本科批,物理,,XBE0B64,,云南农业大学,E2E1,生物工程,,,,,,419,16846,,,,,,419,16846,,,,,,,,,本科,,,,,
8357582,宁夏,本科批,物理,,XBE0B64,,云南农业大学,0929,农村区域发展,,,,,,419,16846,,,,,,419,16846,,,,,,,,,本科,,,,,
8357583,宁夏,本科批,物理,,XBE0B64,,云南农业大学,371D,工程造价,,,,,,420,16610,,,,,,420,16610,,,,,,,,,本科,,,,,
8357584,宁夏,本科批,物理,,XBE0B64,,云南农业大学,3557,能源与动力工程,,,,,,420,16610,,,,,,420,16610,,,,,,,,,本科,,,,,
8357585,宁夏,本科批,物理,,XBE0B64,,云南农业大学,91CE,水文与水资源工程,,,,,,421,16413,,,,,,421,16413,,,,,,,,,本科,,,,,
8357586,宁夏,本科批,物理,,XBE0B64,,云南农业大学,B9A5,计算机科学与技术,,,,,,421,16413,,,,,,421,16413,,,,,,,,,本科,,,,,
8357587,宁夏,本科批,物理,,XBE0B64,,云南农业大学,C7CD,兽医公共卫生,,,,,,422,16199,,,,,,422,16199,,,,,,,,,本科,,,,,
8357588,宁夏,本科批,物理,,XBE0B64,,云南农业大学,99EA,动物科学,,,,,,425,15604,,,,,,425,15604,,,,,,,,,本科,,,,,
8357589,宁夏,本科批,物理,,XBE0B64,,云南农业大学,0325,动物医学,,,,,,429,14886,,,,,,429,14886,,,,,,,,,本科,,,,,
8357827,宁夏,专科批,历史,,XF5ED49,,武汉职业技术大学,EE1F,建设工程管理类,,,,,,420,10197,,,,,,420,10197,,,,,,,,,专科,,,,,
8357828,宁夏,专科批,历史,,XF5ED49,,武汉职业技术大学,861C,电子信息类,,,,,,421,10086,,,,,,421,10086,,,,,,,,,专科,,,,,
8357829,宁夏,专科批,历史,,XF5ED49,,武汉职业技术大学,82E6,计算机类,,,,,,426,9598,,,,,,426,9598,,,,,,,,,专科,,,,,
8357830,宁夏,专科批,物理,,XF5ED49,,武汉职业技术大学,EE1F,建设工程管理类,,,,,,371,27132,,,,,,371,27132,,,,,,,,,专科,,,,,
8357831,宁夏,专科批,物理,,XF5ED49,,武汉职业技术大学,0184,自动化类,,,,,,372,26920,,,,,,372,26920,,,,,,,,,专科,,,,,
8357832,宁夏,专科批,物理,,XF5ED49,,武汉职业技术大学,82E6,计算机类,,,,,,373,26682,,,,,,373,26682,,,,,,,,,专科,,,,,
8357833,宁夏,专科批,物理,,XF5ED49,,武汉职业技术大学,861C,电子信息类,,,,,,375,26239,,,,,,375,26239,,,,,,,,,专科,,,,,
8358639,宁夏,本科批,物理,,XAB53E4,,沈阳建筑大学,FB65,风景园林,,,,,,430,14690,,,,,,430,14690,,,,,,,,,本科,,,,,
8358640,宁夏,本科批,物理,,XAB53E4,,沈阳建筑大学,F620,安全工程,,,,,,437,13337,,,,,,437,13337,,,,,,,,,本科,,,,,
8358641,宁夏,本科批,物理,,XAB53E4,,沈阳建筑大学,A2E0,测绘工程,,,,,,438,13162,,,,,,438,13162,,,,,,,,,本科,,,,,
8358642,宁夏,本科批,物理,,XAB53E4,,沈阳建筑大学,4ECE,土木工程,,,,,,438,13162,,,,,,438,13162,,,,,,,,,本科,,,,,
8358643,宁夏,本科批,物理,,XAB53E4,,沈阳建筑大学,CEDE,道路桥梁与渡河工程,,,,,,439,12985,,,,,,439,12985,,,,,,,,,本科,,,,,
8358644,宁夏,本科批,物理,,XAB53E4,,沈阳建筑大学,18D0,建筑电气与智能化,,,,,,440,12830,,,,,,440,12830,,,,,,,,,本科,,,,,
8358645,宁夏,本科批,物理,,XAB53E4,,沈阳建筑大学,4D44,给排水科学与工程,,,,,,440,12830,,,,,,440,12830,,,,,,,,,本科,,,,,
8358646,宁夏,本科批,物理,,XAB53E4,,沈阳建筑大学,A5C9,建筑学,,,,,,441,12659,,,,,,441,12659,,,,,,,,,本科,,,,,
8358647,宁夏,本科批,物理,,XAB53E4,,沈阳建筑大学,B5E9,无机非金属材料工程,,,,,,444,12141,,,,,,444,12141,,,,,,,,,本科,,,,,
8358648,宁夏,本科批,物理,,XAB53E4,,沈阳建筑大学,6A3A,建筑环境与能源应用工程,,,,,,448,11446,,,,,,448,11446,,,,,,,,,本科,,,,,
8358649,宁夏,本科批,物理,,XAB53E4,,沈阳建筑大学,4C65,自动化,,,,,,449,11257,,,,,,449,11257,,,,,,,,,本科,,,,,
8358650,宁夏,本科批,物理,,XAB53E4,,沈阳建筑大学,371D,工程造价,,,,,,450,11095,,,,,,450,11095,,,,,,,,,本科,,,,,
8358651,宁夏,本科批,物理,,XAB53E4,,沈阳建筑大学,78FF,机械设计制造及其自动化,,,,,,452,10754,,,,,,452,10754,,,,,,,,,本科,,,,,
8358652,宁夏,本科批,物理,,XAB53E4,,沈阳建筑大学,ECA4,通信工程,,,,,,456,10121,,,,,,456,10121,,,,,,,,,本科,,,,,
8358653,宁夏,本科批,物理,,XAB53E4,,沈阳建筑大学,6F56,工程管理,,,,,,456,10121,,,,,,456,10121,,,,,,,,,本科,,,,,
8358654,宁夏,本科批,物理,,XAB53E4,,沈阳建筑大学,5E19,会计学,,,,,,458,9834,,,,,,458,9834,,,,,,,,,本科,,,,,
8358655,宁夏,本科批,物理,,XAB53E4,,沈阳建筑大学,B9A5,计算机科学与技术,,,,,,458,9834,,,,,,458,9834,,,,,,,,,本科,,,,,
8358656,宁夏,本科批,物理,,XAB53E4,,沈阳建筑大学,A5B7,电气工程及其自动化,,,,,,460,9530,,,,,,460,9530,,,,,,,,,本科,,,,,
8359219,宁夏,本科批,物理,,X835F78,,江西中医药大学,10A0,药学,,,,,,448,11446,,,,,,448,11446,,,,,,,,,本科,,,,,
8359220,宁夏,本科批,物理,,X835F78,,江西中医药大学,4C2A,中药学,,,,,,463,9101,,,,,,463,9101,,,,,,,,,本科,,,,,
8359221,宁夏,本科批,物理,,X835F78,,江西中医药大学,6246,针灸推拿学,,,,,,468,8439,,,,,,468,8439,,,,,,,,,本科,,,,,
8359222,宁夏,本科批,物理,,X835F78,,江西中医药大学,5ED3,中西医临床医学,,,,,,469,8304,,,,,,469,8304,,,,,,,,,本科,,,,,
8359223,宁夏,本科批,物理,,X835F78,,江西中医药大学,03FE,中医学,,,,,,477,7346,,,,,,477,7346,,,,,,,,,本科,,,,,
8359774,宁夏,本科批,物理,,XB94805,,佳木斯大学,26A7,车辆工程,,,,,,417,17270,,,,,,417,17270,,,,,,,,,本科,,,,,
8359775,宁夏,本科批,物理,,XB94805,,佳木斯大学,8EA2,机械电子工程,,,,,,419,16846,,,,,,419,16846,,,,,,,,,本科,,,,,
8359776,宁夏,本科批,物理,,XB94805,,佳木斯大学,3557,能源与动力工程,,,,,,420,16610,,,,,,420,16610,,,,,,,,,本科,,,,,
8359777,宁夏,本科批,物理,,XB94805,,佳木斯大学,78FF,机械设计制造及其自动化,,,,,,422,16199,,,,,,422,16199,,,,,,,,,本科,,,,,
8361085,宁夏,本科批,物理,,X95E62A,,辽宁石油化工大学,6F56,工程管理,,,,,,409,18935,,,,,,409,18935,,,,,,,,,本科,,,,,
8361086,宁夏,本科批,物理,,X95E62A,,辽宁石油化工大学,F620,安全工程,,,,,,413,18103,,,,,,413,18103,,,,,,,,,本科,,,,,
8361087,宁夏,本科批,物理,,X95E62A,,辽宁石油化工大学,1231,城市地下空间工程,,,,,,414,17904,,,,,,414,17904,,,,,,,,,本科,,,,,
8361088,宁夏,本科批,物理,,X95E62A,,辽宁石油化工大学,FEF6,材料成型及控制工程,,,,,,414,17904,,,,,,414,17904,,,,,,,,,本科,,,,,
8361089,宁夏,本科批,物理,,X95E62A,,辽宁石油化工大学,7E23,环境工程,,,,,,414,17904,,,,,,414,17904,,,,,,,,,本科,,,,,
8361090,宁夏,本科批,物理,,X95E62A,,辽宁石油化工大学,A5D2,测控技术与仪器,,,,,,416,17483,,,,,,416,17483,,,,,,,,,本科,,,,,
8361091,宁夏,本科批,物理,,X95E62A,,辽宁石油化工大学,62BF,大数据管理与应用,,,,,,419,16846,,,,,,419,16846,,,,,,,,,本科,,,,,
8361092,宁夏,本科批,物理,,X95E62A,,辽宁石油化工大学,5B8B,高分子材料与工程,,,,,,419,16846,,,,,,419,16846,,,,,,,,,本科,,,,,
8361534,宁夏,本科批,历史,,X6DD3FC,,延安大学,108F,学前教育,,,,,,482,4429,,,,,,482,4429,,,,,,,,,本科,,,,,
8361535,宁夏,本科批,历史,,X6DD3FC,,延安大学,68F4,新闻学,,,,,,485,4225,,,,,,485,4225,,,,,,,,,本科,,,,,
8361536,宁夏,本科批,物理,,X6DD3FC,,延安大学,6F56,工程管理,,,,,,418,17058,,,,,,418,17058,,,,,,,,,本科,,,,,
8361537,宁夏,本科批,物理,,X6DD3FC,,延安大学,4BF3,护理学,,,,,,418,17058,,,,,,418,17058,,,,,,,,,本科,,,,,
8361538,宁夏,本科批,物理,,X6DD3FC,,延安大学,C493,土木类,,,,,,419,16846,,,,,,419,16846,,,,,,,,,本科,,,,,
8361539,宁夏,本科批,物理,,X6DD3FC,,延安大学,52FD,应用化学,,,,,,423,15998,,,,,,423,15998,,,,,,,,,本科,,,,,
8363041,宁夏,本科批,物理,,X15AD11,,青海大学,ACD0,少数民族预科班（动物医学）,动物医学,,,,,429,14886,,,,,,429,14886,,,,,,,,,本科,,,,,
8363042,宁夏,本科批,物理,,X15AD11,,青海大学,A805,少数民族预科班（环境工程）,环境工程,,,,,430,14690,,,,,,430,14690,,,,,,,,,本科,,,,,
8363043,宁夏,本科批,物理,,X15AD11,,青海大学,B5F8,少数民族预科班（生物技术）,生物技术,,,,,430,14690,,,,,,430,14690,,,,,,,,,本科,,,,,
8363044,宁夏,本科批,物理,,X15AD11,,青海大学,1A44,少数民族预科班（预防医学）,预防医学,,,,,430,14690,,,,,,430,14690,,,,,,,,,本科,,,,,
8363045,宁夏,本科批,物理,,X15AD11,,青海大学,94CD,少数民族预科班（化工制药类）,化工制药类,,,,,435,13689,,,,,,435,13689,,,,,,,,,本科,,,,,
8363046,宁夏,本科批,物理,,X15AD11,,青海大学,2694,少数民族预科班（材料科学与工程）,材料科学与工程,,,,,437,13337,,,,,,437,13337,,,,,,,,,本科,,,,,
8363047,宁夏,本科批,物理,,X15AD11,,青海大学,0AA7,少数民族预科班（电气工程及其自动化）,电气工程及其自动化,,,,,457,9966,,,,,,457,9966,,,,,,,,,本科,,,,,
8363048,宁夏,本科批,物理,,X15AD11,,青海大学,EF7C,工商管理类,,,,,,462,9236,,,,,,462,9236,,,,,,,,,本科,,,,,
8363049,宁夏,本科批,物理,,X15AD11,,青海大学,4BF3,护理学,,,,,,462,9236,,,,,,462,9236,,,,,,,,,本科,,,,,
8363050,宁夏,本科批,物理,,X15AD11,,青海大学,19D3,草业科学,,,,,,462,9236,,,,,,462,9236,,,,,,,,,本科,,,,,
8363051,宁夏,本科批,物理,,X15AD11,,青海大学,B951,材料成型及控制工程（卓越工程师）,卓越工程师,,,,,463,9101,,,,,,463,9101,,,,,,,,,本科,,,,,
8363052,宁夏,本科批,物理,,X15AD11,,青海大学,5DA8,计算机科学与技术（绿色算力创新班）,绿色算力创新班,,,,,463,9101,,,,,,463,9101,,,,,,,,,本科,,,,,
8363053,宁夏,本科批,物理,,X15AD11,,青海大学,4ECE,土木工程,,,,,,463,9101,,,,,,463,9101,,,,,,,,,本科,,,,,
8363054,宁夏,本科批,物理,,X15AD11,,青海大学,0325,动物医学,,,,,,463,9101,,,,,,463,9101,,,,,,,,,本科,,,,,
8363055,宁夏,本科批,物理,,X15AD11,,青海大学,0FBC,金融学,,,,,,464,8960,,,,,,464,8960,,,,,,,,,本科,,,,,
8363056,宁夏,本科批,物理,,X15AD11,,青海大学,9A06,储能科学与工程,,,,,,467,8565,,,,,,467,8565,,,,,,,,,本科,,,,,
8363057,宁夏,本科批,物理,,X15AD11,,青海大学,E7FB,化工与制药类,,,,,,467,8565,,,,,,467,8565,,,,,,,,,本科,,,,,
8363058,宁夏,本科批,物理,,X15AD11,,青海大学,03FE,中医学,,,,,,467,8565,,,,,,467,8565,,,,,,,,,本科,,,,,
8363059,宁夏,本科批,物理,,X15AD11,,青海大学,A39E,预防医学,,,,,,470,8177,,,,,,470,8177,,,,,,,,,本科,,,,,
8363060,宁夏,本科批,物理,,X15AD11,,青海大学,5E49,食品科学与工程,,,,,,477,7346,,,,,,477,7346,,,,,,,,,本科,,,,,
8364726,宁夏,本科批,历史,,X5AAEE3,,淮北师范大学,4873,历史学,,,,,,493,3637,,,,,,493,3637,,,,,,,,,本科,,,,,
8364727,宁夏,本科批,历史,,X5AAEE3,,淮北师范大学,51C8,思想政治教育,,,,,,495,3504,,,,,,495,3504,,,,,,,,,本科,,,,,
8364728,宁夏,本科批,历史,,X5AAEE3,,淮北师范大学,4145,英语,,,,,,495,3504,,,,,,495,3504,,,,,,,,,本科,,,,,
8364729,宁夏,本科批,历史,,X5AAEE3,,淮北师范大学,D243,汉语言文学,,,,,,506,2854,,,,,,506,2854,,,,,,,,,本科,,,,,
8364730,宁夏,本科批,物理,,X5AAEE3,,淮北师范大学,802A,物理学,,,,,,426,15424,,,,,,426,15424,,,,,,,,,本科,,,,,
8364731,宁夏,本科批,物理,,X5AAEE3,,淮北师范大学,B5AE,化学,,,,,,429,14886,,,,,,429,14886,,,,,,,,,本科,,,,,
8364732,宁夏,本科批,物理,,X5AAEE3,,淮北师范大学,B9A5,计算机科学与技术,,,,,,432,14269,,,,,,432,14269,,,,,,,,,本科,,,,,
8364733,宁夏,本科批,物理,,X5AAEE3,,淮北师范大学,25FE,数学与应用数学,,,,,,436,13513,,,,,,436,13513,,,,,,,,,本科,,,,,
8364734,宁夏,本科批,物理,,X5AAEE3,,淮北师范大学,0541,生物科学,,,,,,443,12278,,,,,,443,12278,,,,,,,,,本科,,,,,
8365275,宁夏,本科批,历史,,XE815CF,,宁夏大学,A280,旅游管理（在中卫市就读）,在中卫市就读,,,,,481,4503,,,,,,481,4503,,,,,,,,,本科,,,,,
8365276,宁夏,本科批,历史,,XE815CF,,宁夏大学,E22D,广告学（专业代码:43）,专业代码:43,,,,,492,3719,,,,,,492,3719,,,,,,,,,本科,,,,,
8365277,宁夏,本科批,历史,,XE815CF,,宁夏大学,6222,工商管理（国际班）,国际班,,,,,494,3571,,,,,,494,3571,,,,,,,,,本科,,,,,
8365278,宁夏,本科批,历史,,XE815CF,,宁夏大学,DA98,会计学（国际班）,国际班,,,,,496,3451,,,,,,496,3451,,,,,,,,,本科,,,,,
8365279,宁夏,本科批,历史,,XE815CF,,宁夏大学,D1B1,新闻学（专业代码:36）,专业代码:36,,,,,497,3383,,,,,,497,3383,,,,,,,,,本科,,,,,
8365280,宁夏,本科批,历史,,XE815CF,,宁夏大学,D40C,少数民族预科班,,,,,,497,3383,,,,,,497,3383,,,,,,,,,本科,,,,,
8365281,宁夏,本科批,历史,,XE815CF,,宁夏大学,DDD3,金融学（专业代码:41）,专业代码:41,,,,,498,3307,,,,,,498,3307,,,,,,,,,本科,,,,,
8365282,宁夏,本科批,历史,,XE815CF,,宁夏大学,001E,行政管理（专业代码:39）,专业代码:39,,,,,503,3027,,,,,,503,3027,,,,,,,,,本科,,,,,
8365283,宁夏,本科批,历史,,XE815CF,,宁夏大学,FC90,俄语,,,,,,504,2973,,,,,,504,2973,,,,,,,,,本科,,,,,
8365284,宁夏,本科批,历史,,XE815CF,,宁夏大学,4852,应用心理学,,,,,,508,2728,,,,,,508,2728,,,,,,,,,本科,,,,,
8365285,宁夏,本科批,历史,,XE815CF,,宁夏大学,BFDA,人文地理与城乡规划,,,,,,509,2669,,,,,,509,2669,,,,,,,,,本科,,,,,
8365286,宁夏,本科批,历史,,XE815CF,,宁夏大学,1377,工商管理（专业代码:26）,专业代码:26,,,,,509,2669,,,,,,509,2669,,,,,,,,,本科,,,,,
8365287,宁夏,本科批,历史,,XE815CF,,宁夏大学,34E9,农林经济管理（专业代码:30）,专业代码:30,,,,,512,2492,,,,,,512,2492,,,,,,,,,本科,,,,,
8365288,宁夏,本科批,历史,,XE815CF,,宁夏大学,4873,历史学,,,,,,524,1911,,,,,,524,1911,,,,,,,,,本科,,,,,
8365289,宁夏,本科批,历史,,XE815CF,,宁夏大学,4145,英语,,,,,,524,1911,,,,,,524,1911,,,,,,,,,本科,,,,,
8365290,宁夏,本科批,历史,,XE815CF,,宁夏大学,B142,阿拉伯语,,,,,,526,1831,,,,,,526,1831,,,,,,,,,本科,,,,,
8365291,宁夏,本科批,历史,,XE815CF,,宁夏大学,6243,应用心理学（师范）,师范,,,,,530,1676,,,,,,530,1676,,,,,,,,,本科,,,,,
8365292,宁夏,本科批,历史,,XE815CF,,宁夏大学,0903,汉语言文学（师范）（专业代码:38）,师范; 专业代码:38,,,,,532,1598,,,,,,532,1598,,,,,,,,,本科,,,,,
8365293,宁夏,本科批,历史,,XE815CF,,宁夏大学,882D,金融学（专业代码:27）,专业代码:27,,,,,533,1564,,,,,,533,1564,,,,,,,,,本科,,,,,
8365294,宁夏,本科批,历史,,XE815CF,,宁夏大学,BB6B,英语（师范）,师范,,,,,533,1564,,,,,,533,1564,,,,,,,,,本科,,,,,
8365295,宁夏,本科批,物理,,XE815CF,,宁夏大学,4F2D,软件工程（在中卫市就读）（与中软国际共建项目）,在中卫市就读; 与中软国际共建项目,,,,,425,15604,,,,,,425,15604,,,,,,,,,本科,,,,,
8365296,宁夏,本科批,物理,,XE815CF,,宁夏大学,A280,旅游管理（在中卫市就读）,在中卫市就读,,,,,426,15424,,,,,,426,15424,,,,,,,,,本科,,,,,
8365297,宁夏,本科批,物理,,XE815CF,,宁夏大学,D40C,少数民族预科班,,,,,,431,14482,,,,,,431,14482,,,,,,,,,本科,,,,,
8365298,宁夏,本科批,物理,,XE815CF,,宁夏大学,1D5D,葡萄与葡萄酒工程（中外合作办学）,中外合作办学,,,,,432,14269,,,,,,432,14269,,,,,,,,,本科,,,,,
8365299,宁夏,本科批,物理,,XE815CF,,宁夏大学,6222,工商管理（国际班）,国际班,,,,,432,14269,,,,,,432,14269,,,,,,,,,本科,,,,,
8365300,宁夏,本科批,物理,,XE815CF,,宁夏大学,7DE6,葡萄与葡萄酒工程,,,,,,433,14069,,,,,,433,14069,,,,,,,,,本科,,,,,
8365301,宁夏,本科批,物理,,XE815CF,,宁夏大学,3E68,机械工程（中外合作办学）,中外合作办学,,,,,433,14069,,,,,,433,14069,,,,,,,,,本科,,,,,
8365302,宁夏,本科批,物理,,XE815CF,,宁夏大学,16E5,林学（专业代码:99）,专业代码:99,,,,,433,14069,,,,,,433,14069,,,,,,,,,本科,,,,,
8365303,宁夏,本科批,物理,,XE815CF,,宁夏大学,0B6C,大数据管理与应用（在中卫市就读）,在中卫市就读,,,,,434,13883,,,,,,434,13883,,,,,,,,,本科,,,,,
8365304,宁夏,本科批,物理,,XE815CF,,宁夏大学,F051,草业科学（专业代码:98）,专业代码:98,,,,,434,13883,,,,,,434,13883,,,,,,,,,本科,,,,,
8365305,宁夏,本科批,物理,,XE815CF,,宁夏大学,ACBC,生物技术（专业代码:97）,专业代码:97,,,,,437,13337,,,,,,437,13337,,,,,,,,,本科,,,,,
8365306,宁夏,本科批,物理,,XE815CF,,宁夏大学,A2DF,农学（专业代码:90）,专业代码:90,,,,,438,13162,,,,,,438,13162,,,,,,,,,本科,,,,,
8365307,宁夏,本科批,物理,,XE815CF,,宁夏大学,DA98,会计学（国际班）,国际班,,,,,438,13162,,,,,,438,13162,,,,,,,,,本科,,,,,
8365308,宁夏,本科批,物理,,XE815CF,,宁夏大学,5B01,化学工程与工艺（专业代码:12）,专业代码:12,,,,,439,12985,,,,,,439,12985,,,,,,,,,本科,,,,,
8365309,宁夏,本科批,物理,,XE815CF,,宁夏大学,B024,园艺（专业代码:1）,专业代码:1,,,,,440,12830,,,,,,440,12830,,,,,,,,,本科,,,,,
8365310,宁夏,本科批,物理,,XE815CF,,宁夏大学,3D5D,园艺（专业代码:74）,专业代码:74,,,,,440,12830,,,,,,440,12830,,,,,,,,,本科,,,,,
8365311,宁夏,本科批,物理,,XE815CF,,宁夏大学,A018,材料科学与工程（专业代码:11）,专业代码:11,,,,,440,12830,,,,,,440,12830,,,,,,,,,本科,,,,,
8365312,宁夏,本科批,物理,,XE815CF,,宁夏大学,72FA,城乡规划（专业代码:94）,专业代码:94,,,,,440,12830,,,,,,440,12830,,,,,,,,,本科,,,,,
8365313,宁夏,本科批,物理,,XE815CF,,宁夏大学,4BF2,农业水利工程,,,,,,441,12659,,,,,,441,12659,,,,,,,,,本科,,,,,
8365314,宁夏,本科批,物理,,XE815CF,,宁夏大学,2B3F,物理学（专业代码:85）,专业代码:85,,,,,441,12659,,,,,,441,12659,,,,,,,,,本科,,,,,
8365981,宁夏,本科批,物理,,X325313,,吉林农业大学,9CA5,传播学,,,,,,414,17904,,,,,,414,17904,,,,,,,,,本科,,,,,
8365982,宁夏,本科批,物理,,X325313,,吉林农业大学,C00E,动物生产类,,,,,,415,17693,,,,,,415,17693,,,,,,,,,本科,,,,,
8365983,宁夏,本科批,物理,,X325313,,吉林农业大学,715C,自然保护与环境生态类,,,,,,415,17693,,,,,,415,17693,,,,,,,,,本科,,,,,
8365984,宁夏,本科批,物理,,X325313,,吉林农业大学,BC2E,植物生产类,,,,,,416,17483,,,,,,416,17483,,,,,,,,,本科,,,,,
8365985,宁夏,本科批,物理,,X325313,,吉林农业大学,EF96,食品科学与工程类,,,,,,416,17483,,,,,,416,17483,,,,,,,,,本科,,,,,
8365986,宁夏,本科批,物理,,X325313,,吉林农业大学,3615,机械类,,,,,,424,15793,,,,,,424,15793,,,,,,,,,本科,,,,,
8365987,宁夏,本科批,物理,,X325313,,吉林农业大学,82E6,计算机类,,,,,,426,15424,,,,,,426,15424,,,,,,,,,本科,,,,,
8367138,宁夏,本科批,历史,,XB80FDB,,天津职业技术师范大学,4154,电子商务,,,,,,487,4059,,,,,,487,4059,,,,,,,,,本科,,,,,
8367139,宁夏,本科批,历史,,XB80FDB,,天津职业技术师范大学,5A59,财务会计教育,,,,,,488,3998,,,,,,488,3998,,,,,,,,,本科,,,,,
8367140,宁夏,本科批,历史,,XB80FDB,,天津职业技术师范大学,4852,应用心理学,,,,,,490,3859,,,,,,490,3859,,,,,,,,,本科,,,,,
8367141,宁夏,本科批,历史,,XB80FDB,,天津职业技术师范大学,6758,教育学,,,,,,492,3719,,,,,,492,3719,,,,,,,,,本科,,,,,
8367142,宁夏,本科批,物理,,XB80FDB,,天津职业技术师范大学,7B30,少数民族预科班（电子商务）,电子商务,,,,,405,19783,,,,,,405,19783,,,,,,,,,本科,,,,,
8367143,宁夏,本科批,物理,,XB80FDB,,天津职业技术师范大学,C956,少数民族预科班（物流管理）,物流管理,,,,,405,19783,,,,,,405,19783,,,,,,,,,本科,,,,,
8367144,宁夏,本科批,物理,,XB80FDB,,天津职业技术师范大学,8443,少数民族预科班（通信工程）,通信工程,,,,,406,19573,,,,,,406,19573,,,,,,,,,本科,,,,,
8367145,宁夏,本科批,物理,,XB80FDB,,天津职业技术师范大学,545F,少数民族预科班（教育技术学）,教育技术学,,,,,408,19137,,,,,,408,19137,,,,,,,,,本科,,,,,
8367146,宁夏,本科批,物理,,XB80FDB,,天津职业技术师范大学,65B8,少数民族预科班（汽车服务工程）,汽车服务工程,,,,,408,19137,,,,,,408,19137,,,,,,,,,本科,,,,,
8367147,宁夏,本科批,物理,,XB80FDB,,天津职业技术师范大学,677D,汽车服务工程,,,,,,422,16199,,,,,,422,16199,,,,,,,,,本科,,,,,
8367148,宁夏,本科批,物理,,XB80FDB,,天津职业技术师范大学,2234,劳动与社会保障,,,,,,423,15998,,,,,,423,15998,,,,,,,,,本科,,,,,
8367149,宁夏,本科批,物理,,XB80FDB,,天津职业技术师范大学,4154,电子商务,,,,,,423,15998,,,,,,423,15998,,,,,,,,,本科,,,,,
8367150,宁夏,本科批,物理,,XB80FDB,,天津职业技术师范大学,F55B,交通运输,,,,,,424,15793,,,,,,424,15793,,,,,,,,,本科,,,,,
8367151,宁夏,本科批,物理,,XB80FDB,,天津职业技术师范大学,4852,应用心理学,,,,,,424,15793,,,,,,424,15793,,,,,,,,,本科,,,,,
8367152,宁夏,本科批,物理,,XB80FDB,,天津职业技术师范大学,A5D2,测控技术与仪器,,,,,,425,15604,,,,,,425,15604,,,,,,,,,本科,,,,,
8367153,宁夏,本科批,物理,,XB80FDB,,天津职业技术师范大学,41CF,数字媒体技术,,,,,,426,15424,,,,,,426,15424,,,,,,,,,本科,,,,,
8367154,宁夏,本科批,物理,,XB80FDB,,天津职业技术师范大学,6758,教育学,,,,,,427,15234,,,,,,427,15234,,,,,,,,,本科,,,,,
8367155,宁夏,本科批,物理,,XB80FDB,,天津职业技术师范大学,5A59,财务会计教育,,,,,,428,15065,,,,,,428,15065,,,,,,,,,本科,,,,,
8367156,宁夏,本科批,物理,,XB80FDB,,天津职业技术师范大学,4C65,自动化,,,,,,428,15065,,,,,,428,15065,,,,,,,,,本科,,,,,
8367157,宁夏,本科批,物理,,XB80FDB,,天津职业技术师范大学,93E3,电子信息工程,,,,,,428,15065,,,,,,428,15065,,,,,,,,,本科,,,,,
8367158,宁夏,本科批,物理,,XB80FDB,,天津职业技术师范大学,56A5,机电技术教育,,,,,,431,14482,,,,,,431,14482,,,,,,,,,本科,,,,,
8367159,宁夏,本科批,物理,,XB80FDB,,天津职业技术师范大学,A5B7,电气工程及其自动化,,,,,,433,14069,,,,,,433,14069,,,,,,,,,本科,,,,,
8367160,宁夏,本科批,物理,,XB80FDB,,天津职业技术师范大学,25FE,数学与应用数学,,,,,,437,13337,,,,,,437,13337,,,,,,,,,本科,,,,,
8367932,宁夏,本科批,历史,,XAE50AD,,西北民族大学,D40C,少数民族预科班,,,,,,473,5131,,,,,,473,5131,,,,,,,,,本科,,,,,
8367933,宁夏,本科批,历史,,XAE50AD,,西北民族大学,CA0F,旅游管理,,,,,,482,4429,,,,,,482,4429,,,,,,,,,本科,,,,,
8367934,宁夏,本科批,历史,,XAE50AD,,西北民族大学,04A0,工商管理,,,,,,484,4295,,,,,,484,4295,,,,,,,,,本科,,,,,
8367935,宁夏,本科批,历史,,XAE50AD,,西北民族大学,81C7,中国少数民族语言文学（零基础III）,零基础III,,,,,484,4295,,,,,,484,4295,,,,,,,,,本科,,,,,
8367936,宁夏,本科批,历史,,XAE50AD,,西北民族大学,090D,公共事业管理,,,,,,485,4225,,,,,,485,4225,,,,,,,,,本科,,,,,
8367937,宁夏,本科批,历史,,XAE50AD,,西北民族大学,487F,民族学,,,,,,486,4147,,,,,,486,4147,,,,,,,,,本科,,,,,
8367938,宁夏,本科批,历史,,XAE50AD,,西北民族大学,32F0,文物与博物馆学,,,,,,492,3719,,,,,,492,3719,,,,,,,,,本科,,,,,
8367939,宁夏,本科批,历史,,XAE50AD,,西北民族大学,0FBC,金融学,,,,,,505,2906,,,,,,505,2906,,,,,,,,,本科,,,,,
8367940,宁夏,本科批,历史,,XAE50AD,,西北民族大学,9301,新闻传播学类,,,,,,508,2728,,,,,,508,2728,,,,,,,,,本科,,,,,
8367941,宁夏,本科批,历史,,XAE50AD,,西北民族大学,FB18,财务管理,,,,,,509,2669,,,,,,509,2669,,,,,,,,,本科,,,,,
8367942,宁夏,本科批,历史,,XAE50AD,,西北民族大学,7022,社会学,,,,,,511,2553,,,,,,511,2553,,,,,,,,,本科,,,,,
8367943,宁夏,本科批,历史,,XAE50AD,,西北民族大学,25DE,国际经济与贸易,,,,,,512,2492,,,,,,512,2492,,,,,,,,,本科,,,,,
8367944,宁夏,本科批,历史,,XAE50AD,,西北民族大学,4852,应用心理学,,,,,,517,2242,,,,,,517,2242,,,,,,,,,本科,,,,,
8367945,宁夏,本科批,历史,,XAE50AD,,西北民族大学,4145,英语,,,,,,518,2196,,,,,,518,2196,,,,,,,,,本科,,,,,
8367946,宁夏,本科批,历史,,XAE50AD,,西北民族大学,6AB9,经济学,,,,,,519,2144,,,,,,519,2144,,,,,,,,,本科,,,,,
8367947,宁夏,本科批,历史,,XAE50AD,,西北民族大学,4873,历史学,,,,,,523,1956,,,,,,523,1956,,,,,,,,,本科,,,,,
8367948,宁夏,本科批,历史,,XAE50AD,,西北民族大学,927B,法学,,,,,,524,1911,,,,,,524,1911,,,,,,,,,本科,,,,,
8367949,宁夏,本科批,历史,,XAE50AD,,西北民族大学,D243,汉语言文学,,,,,,525,1867,,,,,,525,1867,,,,,,,,,本科,,,,,
8367950,宁夏,本科批,物理,,XAE50AD,,西北民族大学,D40C,少数民族预科班,,,,,,412,18298,,,,,,412,18298,,,,,,,,,本科,,,,,
8367951,宁夏,本科批,物理,,XAE50AD,,西北民族大学,99EA,动物科学,,,,,,420,16610,,,,,,420,16610,,,,,,,,,本科,,,,,
8367952,宁夏,本科批,物理,,XAE50AD,,西北民族大学,E2E1,生物工程,,,,,,420,16610,,,,,,420,16610,,,,,,,,,本科,,,,,
8367953,宁夏,本科批,物理,,XAE50AD,,西北民族大学,B5E9,无机非金属材料工程,,,,,,421,16413,,,,,,421,16413,,,,,,,,,本科,,,,,
8367954,宁夏,本科批,物理,,XAE50AD,,西北民族大学,04A0,工商管理,,,,,,421,16413,,,,,,421,16413,,,,,,,,,本科,,,,,
8367955,宁夏,本科批,物理,,XAE50AD,,西北民族大学,F89C,生物技术,,,,,,421,16413,,,,,,421,16413,,,,,,,,,本科,,,,,
8367956,宁夏,本科批,物理,,XAE50AD,,西北民族大学,0325,动物医学,,,,,,421,16413,,,,,,421,16413,,,,,,,,,本科,,,,,
8367957,宁夏,本科批,物理,,XAE50AD,,西北民族大学,74E7,教育技术学,,,,,,421,16413,,,,,,421,16413,,,,,,,,,本科,,,,,
8367958,宁夏,本科批,物理,,XAE50AD,,西北民族大学,4BF3,护理学,,,,,,422,16199,,,,,,422,16199,,,,,,,,,本科,,,,,
8367959,宁夏,本科批,物理,,XAE50AD,,西北民族大学,83CD,文物保护技术,,,,,,422,16199,,,,,,422,16199,,,,,,,,,本科,,,,,
8367960,宁夏,本科批,物理,,XAE50AD,,西北民族大学,25FE,数学与应用数学,,,,,,425,15604,,,,,,425,15604,,,,,,,,,本科,,,,,
8367961,宁夏,本科批,物理,,XAE50AD,,西北民族大学,BE91,医学检验技术,,,,,,427,15234,,,,,,427,15234,,,,,,,,,本科,,,,,
8367962,宁夏,本科批,物理,,XAE50AD,,西北民族大学,CEDE,道路桥梁与渡河工程,,,,,,434,13883,,,,,,434,13883,,,,,,,,,本科,,,,,
8367963,宁夏,本科批,物理,,XAE50AD,,西北民族大学,FB18,财务管理,,,,,,434,13883,,,,,,434,13883,,,,,,,,,本科,,,,,
8367964,宁夏,本科批,物理,,XAE50AD,,西北民族大学,E7FB,化工与制药类,,,,,,434,13883,,,,,,434,13883,,,,,,,,,本科,,,,,
8367965,宁夏,本科批,物理,,XAE50AD,,西北民族大学,4ECE,土木工程,,,,,,444,12141,,,,,,444,12141,,,,,,,,,本科,,,,,
8367966,宁夏,本科批,物理,,XAE50AD,,西北民族大学,5B8B,高分子材料与工程,,,,,,444,12141,,,,,,444,12141,,,,,,,,,本科,,,,,
8367967,宁夏,本科批,物理,,XAE50AD,,西北民族大学,7E23,环境工程,,,,,,445,11992,,,,,,445,11992,,,,,,,,,本科,,,,,
8367968,宁夏,本科批,物理,,XAE50AD,,西北民族大学,0FBC,金融学,,,,,,445,11992,,,,,,445,11992,,,,,,,,,本科,,,,,
8367969,宁夏,本科批,物理,,XAE50AD,,西北民族大学,25DE,国际经济与贸易,,,,,,446,11823,,,,,,446,11823,,,,,,,,,本科,,,,,
8369257,宁夏,本科批,历史,,XC93CEC,,吉林师范大学,E6CB,社会工作,,,,,,452,7035,,,,,,452,7035,,,,,,,,,本科,,,,,
8369258,宁夏,本科批,历史,,XC93CEC,,吉林师范大学,0E3B,编辑出版学,,,,,,460,6282,,,,,,460,6282,,,,,,,,,本科,,,,,
8369259,宁夏,本科批,历史,,XC93CEC,,吉林师范大学,C19A,人力资源管理,,,,,,470,5350,,,,,,470,5350,,,,,,,,,本科,,,,,
8369260,宁夏,本科批,历史,,XC93CEC,,吉林师范大学,68F4,新闻学,,,,,,472,5208,,,,,,472,5208,,,,,,,,,本科,,,,,
8369261,宁夏,本科批,历史,,XC93CEC,,吉林师范大学,25DE,国际经济与贸易,,,,,,477,4821,,,,,,477,4821,,,,,,,,,本科,,,,,
8369262,宁夏,本科批,历史,,XC93CEC,,吉林师范大学,487F,民族学,,,,,,478,4752,,,,,,478,4752,,,,,,,,,本科,,,,,
8369263,宁夏,本科批,物理,,XC93CEC,,吉林师范大学,0FBC,金融学,,,,,,415,17693,,,,,,415,17693,,,,,,,,,本科,,,,,
8369264,宁夏,本科批,物理,,XC93CEC,,吉林师范大学,4D44,给排水科学与工程,,,,,,416,17483,,,,,,416,17483,,,,,,,,,本科,,,,,
8369265,宁夏,本科批,物理,,XC93CEC,,吉林师范大学,76B9,统计学,,,,,,417,17270,,,,,,417,17270,,,,,,,,,本科,,,,,
8369266,宁夏,本科批,物理,,XC93CEC,,吉林师范大学,93E3,电子信息工程,,,,,,417,17270,,,,,,417,17270,,,,,,,,,本科,,,,,
8369267,宁夏,本科批,物理,,XC93CEC,,吉林师范大学,F89C,生物技术,,,,,,419,16846,,,,,,419,16846,,,,,,,,,本科,,,,,
8369268,宁夏,本科批,物理,,XC93CEC,,吉林师范大学,4718,数据科学与大数据技术,,,,,,419,16846,,,,,,419,16846,,,,,,,,,本科,,,,,
8369935,宁夏,本科批,物理,,X6457E7,,新疆农业大学,F068,人工智能,,,,,,411,18509,,,,,,411,18509,,,,,,,,,本科,,,,,
8369936,宁夏,本科批,物理,,X6457E7,,新疆农业大学,F89C,生物技术,,,,,,411,18509,,,,,,411,18509,,,,,,,,,本科,,,,,
8370612,宁夏,本科批,物理,,X4714C4,,内蒙古农业大学,8BD7,森林工程,,,,,,412,18298,,,,,,412,18298,,,,,,,,,本科,,,,,
8370613,宁夏,本科批,物理,,X4714C4,,内蒙古农业大学,0691,水土保持与荒漠化防治（沙产业方向）,沙产业方向,,,,,412,18298,,,,,,412,18298,,,,,,,,,本科,,,,,
8370614,宁夏,本科批,物理,,X4714C4,,内蒙古农业大学,D901,木材科学与工程,,,,,,412,18298,,,,,,412,18298,,,,,,,,,本科,,,,,
8370615,宁夏,本科批,物理,,X4714C4,,内蒙古农业大学,2638,植物保护,,,,,,415,17693,,,,,,415,17693,,,,,,,,,本科,,,,,
8370616,宁夏,本科批,物理,,X4714C4,,内蒙古农业大学,0325,动物医学,,,,,,431,14482,,,,,,431,14482,,,,,,,,,本科,,,,,
8371816,宁夏,本科批,物理,,X1A6AF3,,昆明医科大学,7BEF,法医学,,,,,,450,11095,,,,,,450,11095,,,,,,,,,本科,,,,,
8371817,宁夏,本科批,物理,,X1A6AF3,,昆明医科大学,A5C6,麻醉学,,,,,,473,7812,,,,,,473,7812,,,,,,,,,本科,,,,,
8371818,宁夏,本科批,物理,,X1A6AF3,,昆明医科大学,57E6,医学影像学,,,,,,475,7574,,,,,,475,7574,,,,,,,,,本科,,,,,
8371819,宁夏,本科批,物理,,X1A6AF3,,昆明医科大学,A39E,预防医学,,,,,,481,6851,,,,,,481,6851,,,,,,,,,本科,,,,,
8371820,宁夏,本科批,物理,,X1A6AF3,,昆明医科大学,10A0,药学,,,,,,488,6101,,,,,,488,6101,,,,,,,,,本科,,,,,
8371821,宁夏,本科批,物理,,X1A6AF3,,昆明医科大学,97D0,临床医学,,,,,,531,2751,,,,,,531,2751,,,,,,,,,本科,,,,,
8372795,宁夏,本科批,物理,,X5619AE,,北京建筑大学,FB65,风景园林,,,,,,450,11095,,,,,,450,11095,,,,,,,,,本科,,,,,
8372796,宁夏,本科批,物理,,X5619AE,,北京建筑大学,4ECE,土木工程,,,,,,452,10754,,,,,,452,10754,,,,,,,,,本科,,,,,
8372797,宁夏,本科批,物理,,X5619AE,,北京建筑大学,8684,智能制造工程,,,,,,454,10448,,,,,,454,10448,,,,,,,,,本科,,,,,
8372798,宁夏,本科批,物理,,X5619AE,,北京建筑大学,A5C9,建筑学,,,,,,462,9236,,,,,,462,9236,,,,,,,,,本科,,,,,
8372799,宁夏,本科批,物理,,X5619AE,,北京建筑大学,4D44,给排水科学与工程,,,,,,473,7812,,,,,,473,7812,,,,,,,,,本科,,,,,
8372800,宁夏,本科批,物理,,X5619AE,,北京建筑大学,AA16,机械电子工程（智能化系统及高端装备）,智能化系统及高端装备,,,,,479,7107,,,,,,479,7107,,,,,,,,,本科,,,,,
8373414,宁夏,本科批,物理,,XF8A7C2,,塔里木大学,F970,智慧牧业科学与工程,,,,,,410,18711,,,,,,410,18711,,,,,,,,,本科,,,,,
8373415,宁夏,本科批,物理,,XF8A7C2,,塔里木大学,67E2,林学,,,,,,410,18711,,,,,,410,18711,,,,,,,,,本科,,,,,
8373416,宁夏,本科批,物理,,XF8A7C2,,塔里木大学,E693,水土保持与荒漠化防治,,,,,,410,18711,,,,,,410,18711,,,,,,,,,本科,,,,,
8373417,宁夏,本科批,物理,,XF8A7C2,,塔里木大学,4ECE,土木工程,,,,,,410,18711,,,,,,410,18711,,,,,,,,,本科,,,,,
8373418,宁夏,本科批,物理,,XF8A7C2,,塔里木大学,C5CB,园艺,,,,,,410,18711,,,,,,410,18711,,,,,,,,,本科,,,,,
8373419,宁夏,本科批,物理,,XF8A7C2,,塔里木大学,99EA,动物科学,,,,,,411,18509,,,,,,411,18509,,,,,,,,,本科,,,,,
8373420,宁夏,本科批,物理,,XF8A7C2,,塔里木大学,EF7C,工商管理类,,,,,,411,18509,,,,,,411,18509,,,,,,,,,本科,,,,,
8373421,宁夏,本科批,物理,,XF8A7C2,,塔里木大学,52FD,应用化学,,,,,,412,18298,,,,,,412,18298,,,,,,,,,本科,,,,,
8373422,宁夏,本科批,物理,,XF8A7C2,,塔里木大学,4BF2,农业水利工程,,,,,,412,18298,,,,,,412,18298,,,,,,,,,本科,,,,,
8373423,宁夏,本科批,物理,,XF8A7C2,,塔里木大学,C325,农学,,,,,,412,18298,,,,,,412,18298,,,,,,,,,本科,,,,,
8373424,宁夏,本科批,物理,,XF8A7C2,,塔里木大学,9B17,生物信息学,,,,,,413,18103,,,,,,413,18103,,,,,,,,,本科,,,,,
8373425,宁夏,本科批,物理,,XF8A7C2,,塔里木大学,ECA4,通信工程,,,,,,414,17904,,,,,,414,17904,,,,,,,,,本科,,,,,
8373426,宁夏,本科批,物理,,XF8A7C2,,塔里木大学,29F4,物联网工程,,,,,,414,17904,,,,,,414,17904,,,,,,,,,本科,,,,,
8373427,宁夏,本科批,物理,,XF8A7C2,,塔里木大学,93E3,电子信息工程,,,,,,415,17693,,,,,,415,17693,,,,,,,,,本科,,,,,
8373428,宁夏,本科批,物理,,XF8A7C2,,塔里木大学,B9A5,计算机科学与技术,,,,,,418,17058,,,,,,418,17058,,,,,,,,,本科,,,,,
8373861,宁夏,本科批,物理,,X6F79E5,,哈尔滨工业大学（威海）,6F16,工科试验班（机器人与智能装备类拔尖班）,机器人与智能装备类拔尖班,,,,,593,572,,,,,,593,572,,,,,,,,,本科,,,,,
8373862,宁夏,本科批,物理,,X6F79E5,,哈尔滨工业大学（威海）,2FD7,工科试验班（电气与自动化）,电气与自动化,,,,,596,519,,,,,,596,519,,,,,,,,,本科,,,,,
8373863,宁夏,本科批,物理,,X6F79E5,,哈尔滨工业大学（威海）,0315,工科试验班（计算机与电子通信）,计算机与电子通信,,,,,596,519,,,,,,596,519,,,,,,,,,本科,,,,,
8374040,宁夏,本科批,历史,,X6402F6,,哈尔滨工业大学（深圳）,ED69,经济管理试验班,,,,,,606,120,,,,,,606,120,,,,,,,,,本科,,,,,
8374041,宁夏,本科批,物理,,X6402F6,,哈尔滨工业大学（深圳）,F4D8,化学（国家专项计划）,国家专项计划,,,,,578,883,,,,,,578,883,,,,,,,,,本科,,,,,
8374042,宁夏,本科批,物理,,X6402F6,,哈尔滨工业大学（深圳）,6FD6,工科试验班（智慧能源与低空动力）（国家专项计划）,智慧能源与低空动力; 国家专项计划,,,,,579,853,,,,,,579,853,,,,,,,,,本科,,,,,
8374043,宁夏,本科批,物理,,X6402F6,,哈尔滨工业大学（深圳）,9651,电气工程及其自动化（国家专项计划）,国家专项计划,,,,,584,743,,,,,,584,743,,,,,,,,,本科,,,,,
8374044,宁夏,本科批,物理,,X6402F6,,哈尔滨工业大学（深圳）,DFDA,工科试验班（空天科技）（国家专项计划）,空天科技; 国家专项计划,,,,,600,449,,,,,,600,449,,,,,,,,,本科,,,,,
8374045,宁夏,本科批,物理,,X6402F6,,哈尔滨工业大学（深圳）,0315,工科试验班（计算机与电子通信）,计算机与电子通信,,,,,620,205,,,,,,620,205,,,,,,,,,本科,,,,,
8374046,宁夏,本科批,物理,,X6402F6,,哈尔滨工业大学（深圳）,6927,工科试验班（机器人与智能装备）,机器人与智能装备,,,,,621,194,,,,,,621,194,,,,,,,,,本科,,,,,
8374805,宁夏,本科批,物理,,XA2AD51,,沈阳化工大学,5B8B,高分子材料与工程,,,,,,424,15793,,,,,,424,15793,,,,,,,,,本科,,,,,
8374806,宁夏,本科批,物理,,XA2AD51,,沈阳化工大学,6420,过程装备与控制工程,,,,,,424,15793,,,,,,424,15793,,,,,,,,,本科,,,,,
8374807,宁夏,本科批,物理,,XA2AD51,,沈阳化工大学,40CE,制药工程,,,,,,425,15604,,,,,,425,15604,,,,,,,,,本科,,,,,
8374808,宁夏,本科批,物理,,XA2AD51,,沈阳化工大学,52FD,应用化学,,,,,,427,15234,,,,,,427,15234,,,,,,,,,本科,,,,,
8374809,宁夏,本科批,物理,,XA2AD51,,沈阳化工大学,D6ED,化学工程与工艺,,,,,,428,15065,,,,,,428,15065,,,,,,,,,本科,,,,,
8374810,宁夏,本科批,物理,,XA2AD51,,沈阳化工大学,38B5,能源化学工程,,,,,,432,14269,,,,,,432,14269,,,,,,,,,本科,,,,,
8376450,宁夏,本科批,物理,,X41AF31,,中国矿业大学（北京）,E24B,采矿工程（国家专项计划）,国家专项计划,,,,,473,7812,,,,,,473,7812,,,,,,,,,本科,,,,,
8376451,宁夏,本科批,物理,,X41AF31,,中国矿业大学（北京）,5739,地质类,,,,,,497,5244,,,,,,497,5244,,,,,,,,,本科,,,,,
8376452,宁夏,本科批,物理,,X41AF31,,中国矿业大学（北京）,EF7C,工商管理类,,,,,,498,5138,,,,,,498,5138,,,,,,,,,本科,,,,,
8376453,宁夏,本科批,物理,,X41AF31,,中国矿业大学（北京）,CA67,采矿工程,,,,,,498,5138,,,,,,498,5138,,,,,,,,,本科,,,,,
8376454,宁夏,本科批,物理,,X41AF31,,中国矿业大学（北京）,4ECE,土木工程,,,,,,500,4966,,,,,,500,4966,,,,,,,,,本科,,,,,
8376455,宁夏,本科批,物理,,X41AF31,,中国矿业大学（北京）,78E0,矿物加工工程,,,,,,502,4806,,,,,,502,4806,,,,,,,,,本科,,,,,
8376456,宁夏,本科批,物理,,X41AF31,,中国矿业大学（北京）,D6ED,化学工程与工艺,,,,,,504,4626,,,,,,504,4626,,,,,,,,,本科,,,,,
8376457,宁夏,本科批,物理,,X41AF31,,中国矿业大学（北京）,7E23,环境工程,,,,,,506,4475,,,,,,506,4475,,,,,,,,,本科,,,,,
8376458,宁夏,本科批,物理,,X41AF31,,中国矿业大学（北京）,E2D1,测绘类,,,,,,507,4402,,,,,,507,4402,,,,,,,,,本科,,,,,
8376459,宁夏,本科批,物理,,X41AF31,,中国矿业大学（北京）,9731,安全科学与工程类,,,,,,514,3852,,,,,,514,3852,,,,,,,,,本科,,,,,
8376460,宁夏,本科批,物理,,X41AF31,,中国矿业大学（北京）,8684,智能制造工程,,,,,,518,3555,,,,,,518,3555,,,,,,,,,本科,,,,,
8376461,宁夏,本科批,物理,,X41AF31,,中国矿业大学（北京）,3947,智能采矿工程,,,,,,519,3472,,,,,,519,3472,,,,,,,,,本科,,,,,
8376462,宁夏,本科批,物理,,X41AF31,,中国矿业大学（北京）,D081,新能源科学与工程,,,,,,520,3413,,,,,,520,3413,,,,,,,,,本科,,,,,
8376463,宁夏,本科批,物理,,X41AF31,,中国矿业大学（北京）,3615,机械类,,,,,,524,3165,,,,,,524,3165,,,,,,,,,本科,,,,,
8376464,宁夏,本科批,物理,,X41AF31,,中国矿业大学（北京）,A5B7,电气工程及其自动化,,,,,,536,2489,,,,,,536,2489,,,,,,,,,本科,,,,,
8376692,宁夏,本科批,历史,,X707423,,云南民族大学,51C8,思想政治教育,,,,,,493,3637,,,,,,493,3637,,,,,,,,,本科,,,,,
8376693,宁夏,本科批,历史,,X707423,,云南民族大学,927B,法学,,,,,,494,3571,,,,,,494,3571,,,,,,,,,本科,,,,,
8376694,宁夏,本科批,物理,,X707423,,云南民族大学,FB18,财务管理,,,,,,424,15793,,,,,,424,15793,,,,,,,,,本科,,,,,
8377584,宁夏,本科批,物理,,XE3A56F,,黑龙江中医药大学,4574,运动康复,,,,,,416,17483,,,,,,416,17483,,,,,,,,,本科,,,,,
8377585,宁夏,本科批,物理,,XE3A56F,,黑龙江中医药大学,817D,康复治疗学,,,,,,420,16610,,,,,,420,16610,,,,,,,,,本科,,,,,
8377586,宁夏,本科批,物理,,XE3A56F,,黑龙江中医药大学,F89C,生物技术,,,,,,434,13883,,,,,,434,13883,,,,,,,,,本科,,,,,
8377587,宁夏,本科批,物理,,XE3A56F,,黑龙江中医药大学,43D9,药物制剂,,,,,,443,12278,,,,,,443,12278,,,,,,,,,本科,,,,,
8377588,宁夏,本科批,物理,,XE3A56F,,黑龙江中医药大学,A784,中药制药,,,,,,446,11823,,,,,,446,11823,,,,,,,,,本科,,,,,
8377589,宁夏,本科批,物理,,XE3A56F,,黑龙江中医药大学,6246,针灸推拿学,,,,,,452,10754,,,,,,452,10754,,,,,,,,,本科,,,,,
8377590,宁夏,本科批,物理,,XE3A56F,,黑龙江中医药大学,5ED3,中西医临床医学,,,,,,489,5993,,,,,,489,5993,,,,,,,,,本科,,,,,
8377591,宁夏,本科批,物理,,XE3A56F,,黑龙江中医药大学,454B,中医学（5+3一体化，专业硕士儿科学）,5+3一体化，专业硕士儿科学,,,,,492,5700,,,,,,492,5700,,,,,,,,,本科,,,,,
8377592,宁夏,本科批,物理,,XE3A56F,,黑龙江中医药大学,EA3D,中医学（5+3一体化）,5+3一体化,,,,,519,3472,,,,,,519,3472,,,,,,,,,本科,,,,,
8377969,宁夏,本科批,物理,,XD36A47,,湖南文理学院,4ECE,土木工程,,,,,,409,18935,,,,,,409,18935,,,,,,,,,本科,,,,,
8377970,宁夏,本科批,物理,,XD36A47,,湖南文理学院,16DF,金融工程,,,,,,410,18711,,,,,,410,18711,,,,,,,,,本科,,,,,
8377971,宁夏,本科批,物理,,XD36A47,,湖南文理学院,FA23,地理信息科学,,,,,,410,18711,,,,,,410,18711,,,,,,,,,本科,,,,,
8377972,宁夏,本科批,物理,,XD36A47,,湖南文理学院,25FE,数学与应用数学,,,,,,412,18298,,,,,,412,18298,,,,,,,,,本科,,,,,
8377973,宁夏,本科批,物理,,XD36A47,,湖南文理学院,78FF,机械设计制造及其自动化,,,,,,416,17483,,,,,,416,17483,,,,,,,,,本科,,,,,
8378978,宁夏,本科批,历史,,X9C0E4B,,华北电力大学保定校区,D9E9,外国语言文学类,,,,,,546,1128,,,,,,546,1128,,,,,,,,,本科,,,,,
8378979,宁夏,本科批,历史,,X9C0E4B,,华北电力大学保定校区,927B,法学,,,,,,554,905,,,,,,554,905,,,,,,,,,本科,,,,,
8378980,宁夏,本科批,历史,,X9C0E4B,,华北电力大学保定校区,E6CB,社会工作,,,,,,554,905,,,,,,554,905,,,,,,,,,本科,,,,,
8378981,宁夏,本科批,历史,,X9C0E4B,,华北电力大学保定校区,AC90,行政管理,,,,,,557,829,,,,,,557,829,,,,,,,,,本科,,,,,
8378982,宁夏,本科批,历史,,X9C0E4B,,华北电力大学保定校区,5E19,会计学,,,,,,558,807,,,,,,558,807,,,,,,,,,本科,,,,,
8378983,宁夏,本科批,物理,,X9C0E4B,,华北电力大学保定校区,F11A,机器人工程,,,,,,432,14269,,,,,,432,14269,,,,,,,,,本科,,,,,
8378984,宁夏,本科批,物理,,X9C0E4B,,华北电力大学保定校区,A5D2,测控技术与仪器,,,,,,434,13883,,,,,,434,13883,,,,,,,,,本科,,,,,
8378985,宁夏,本科批,物理,,X9C0E4B,,华北电力大学保定校区,4718,数据科学与大数据技术,,,,,,435,13689,,,,,,435,13689,,,,,,,,,本科,,,,,
8378986,宁夏,本科批,物理,,X9C0E4B,,华北电力大学保定校区,548C,信息与计算科学,,,,,,437,13337,,,,,,437,13337,,,,,,,,,本科,,,,,
8378987,宁夏,本科批,物理,,X9C0E4B,,华北电力大学保定校区,5E19,会计学,,,,,,459,9681,,,,,,459,9681,,,,,,,,,本科,,,,,
8378988,宁夏,本科批,物理,,X9C0E4B,,华北电力大学保定校区,ECA4,通信工程,,,,,,476,7457,,,,,,476,7457,,,,,,,,,本科,,,,,
8378989,宁夏,本科批,物理,,X9C0E4B,,华北电力大学保定校区,3C38,软件工程,,,,,,476,7457,,,,,,476,7457,,,,,,,,,本科,,,,,
8378990,宁夏,本科批,物理,,X9C0E4B,,华北电力大学保定校区,F4E0,氢能科学与工程,,,,,,479,7107,,,,,,479,7107,,,,,,,,,本科,,,,,
8378991,宁夏,本科批,物理,,X9C0E4B,,华北电力大学保定校区,371D,工程造价,,,,,,481,6851,,,,,,481,6851,,,,,,,,,本科,,,,,
8378992,宁夏,本科批,物理,,X9C0E4B,,华北电力大学保定校区,B9A5,计算机科学与技术,,,,,,487,6218,,,,,,487,6218,,,,,,,,,本科,,,,,
8378993,宁夏,本科批,物理,,X9C0E4B,,华北电力大学保定校区,ABA8,环境科学与工程类,,,,,,494,5525,,,,,,494,5525,,,,,,,,,本科,,,,,
8378994,宁夏,本科批,物理,,X9C0E4B,,华北电力大学保定校区,6A3A,建筑环境与能源应用工程,,,,,,495,5424,,,,,,495,5424,,,,,,,,,本科,,,,,
8378995,宁夏,本科批,物理,,X9C0E4B,,华北电力大学保定校区,6AB9,经济学,,,,,,495,5424,,,,,,495,5424,,,,,,,,,本科,,,,,
8378996,宁夏,本科批,物理,,X9C0E4B,,华北电力大学保定校区,3477,应用物理学,,,,,,497,5244,,,,,,497,5244,,,,,,,,,本科,,,,,
8378997,宁夏,本科批,物理,,X9C0E4B,,华北电力大学保定校区,5257,工业工程,,,,,,498,5138,,,,,,498,5138,,,,,,,,,本科,,,,,
8378998,宁夏,本科批,物理,,X9C0E4B,,华北电力大学保定校区,03B1,智能科学与技术,,,,,,500,4966,,,,,,500,4966,,,,,,,,,本科,,,,,
8378999,宁夏,本科批,物理,,X9C0E4B,,华北电力大学保定校区,3557,能源与动力工程,,,,,,507,4402,,,,,,507,4402,,,,,,,,,本科,,,,,
8379000,宁夏,本科批,物理,,X9C0E4B,,华北电力大学保定校区,D06C,机械工程,,,,,,518,3555,,,,,,518,3555,,,,,,,,,本科,,,,,
8379001,宁夏,本科批,物理,,X9C0E4B,,华北电力大学保定校区,D583,网络空间安全,,,,,,530,2799,,,,,,530,2799,,,,,,,,,本科,,,,,
8379002,宁夏,本科批,物理,,X9C0E4B,,华北电力大学保定校区,8684,智能制造工程,,,,,,531,2751,,,,,,531,2751,,,,,,,,,本科,,,,,
8379213,宁夏,专科批,历史,,X605AE8,,淄博职业技术大学,2327,电力系统自动化技术,,,,,,404,11932,,,,,,404,11932,,,,,,,,,专科,,,,,
8379214,宁夏,专科批,历史,,X605AE8,,淄博职业技术大学,644A,口腔医学技术,,,,,,405,11825,,,,,,405,11825,,,,,,,,,专科,,,,,
8379215,宁夏,专科批,历史,,X605AE8,,淄博职业技术大学,8121,护理,,,,,,405,11825,,,,,,405,11825,,,,,,,,,专科,,,,,
8379216,宁夏,专科批,历史,,X605AE8,,淄博职业技术大学,722E,大数据与会计,,,,,,406,11719,,,,,,406,11719,,,,,,,,,专科,,,,,
8379217,宁夏,专科批,历史,,X605AE8,,淄博职业技术大学,97D0,临床医学,,,,,,407,11605,,,,,,407,11605,,,,,,,,,专科,,,,,
8379218,宁夏,专科批,历史,,X605AE8,,淄博职业技术大学,41CF,数字媒体技术,,,,,,408,11489,,,,,,408,11489,,,,,,,,,专科,,,,,
8379219,宁夏,专科批,历史,,X605AE8,,淄博职业技术大学,10A0,药学,,,,,,410,11289,,,,,,410,11289,,,,,,,,,专科,,,,,
8379220,宁夏,专科批,历史,,X605AE8,,淄博职业技术大学,C54A,新能源汽车技术,,,,,,420,10197,,,,,,420,10197,,,,,,,,,专科,,,,,
8379221,宁夏,专科批,历史,,X605AE8,,淄博职业技术大学,C6CD,智能控制技术,,,,,,426,9598,,,,,,426,9598,,,,,,,,,专科,,,,,
8379222,宁夏,专科批,物理,,X605AE8,,淄博职业技术大学,2327,电力系统自动化技术,,,,,,355,30376,,,,,,355,30376,,,,,,,,,专科,,,,,
8379223,宁夏,专科批,物理,,X605AE8,,淄博职业技术大学,C6CD,智能控制技术,,,,,,356,30190,,,,,,356,30190,,,,,,,,,专科,,,,,
8379224,宁夏,专科批,物理,,X605AE8,,淄博职业技术大学,C54A,新能源汽车技术,,,,,,356,30190,,,,,,356,30190,,,,,,,,,专科,,,,,
8379225,宁夏,专科批,物理,,X605AE8,,淄博职业技术大学,722E,大数据与会计,,,,,,359,29561,,,,,,359,29561,,,,,,,,,专科,,,,,
8379226,宁夏,专科批,物理,,X605AE8,,淄博职业技术大学,BFA9,机械制造及自动化,,,,,,360,29369,,,,,,360,29369,,,,,,,,,专科,,,,,
8379227,宁夏,专科批,物理,,X605AE8,,淄博职业技术大学,41CF,数字媒体技术,,,,,,360,29369,,,,,,360,29369,,,,,,,,,专科,,,,,
8379228,宁夏,专科批,物理,,X605AE8,,淄博职业技术大学,10A0,药学,,,,,,363,28773,,,,,,363,28773,,,,,,,,,专科,,,,,
8379229,宁夏,专科批,物理,,X605AE8,,淄博职业技术大学,644A,口腔医学技术,,,,,,385,24080,,,,,,385,24080,,,,,,,,,专科,,,,,
8379963,宁夏,本科批,历史,,XD6D113,,兰州财经大学,3739,广告学,,,,,,487,4059,,,,,,487,4059,,,,,,,,,本科,,,,,
8379964,宁夏,本科批,历史,,XD6D113,,兰州财经大学,1049,商务英语,,,,,,487,4059,,,,,,487,4059,,,,,,,,,本科,,,,,
8379965,宁夏,本科批,历史,,XD6D113,,兰州财经大学,2234,劳动与社会保障,,,,,,488,3998,,,,,,488,3998,,,,,,,,,本科,,,,,
8379966,宁夏,本科批,历史,,XD6D113,,兰州财经大学,090D,公共事业管理,,,,,,488,3998,,,,,,488,3998,,,,,,,,,本科,,,,,
8379967,宁夏,本科批,历史,,XD6D113,,兰州财经大学,5F0C,跨境电子商务,,,,,,489,3940,,,,,,489,3940,,,,,,,,,本科,,,,,
8379968,宁夏,本科批,历史,,XD6D113,,兰州财经大学,5D72,网络与新媒体,,,,,,489,3940,,,,,,489,3940,,,,,,,,,本科,,,,,
8379969,宁夏,本科批,历史,,XD6D113,,兰州财经大学,E6CB,社会工作,,,,,,490,3859,,,,,,490,3859,,,,,,,,,本科,,,,,
8379970,宁夏,本科批,历史,,XD6D113,,兰州财经大学,C19A,人力资源管理,,,,,,490,3859,,,,,,490,3859,,,,,,,,,本科,,,,,
8379971,宁夏,本科批,历史,,XD6D113,,兰州财经大学,04A0,工商管理,,,,,,494,3571,,,,,,494,3571,,,,,,,,,本科,,,,,
8379972,宁夏,本科批,历史,,XD6D113,,兰州财经大学,5E19,会计学,,,,,,495,3504,,,,,,495,3504,,,,,,,,,本科,,,,,
8379973,宁夏,本科批,历史,,XD6D113,,兰州财经大学,D243,汉语言文学,,,,,,498,3307,,,,,,498,3307,,,,,,,,,本科,,,,,
8379974,宁夏,本科批,物理,,XD6D113,,兰州财经大学,7FA1,供应链管理,,,,,,424,15793,,,,,,424,15793,,,,,,,,,本科,,,,,
8379975,宁夏,本科批,物理,,XD6D113,,兰州财经大学,BFDA,人文地理与城乡规划,,,,,,425,15604,,,,,,425,15604,,,,,,,,,本科,,,,,
8379976,宁夏,本科批,物理,,XD6D113,,兰州财经大学,BD59,金融科技,,,,,,425,15604,,,,,,425,15604,,,,,,,,,本科,,,,,
8379977,宁夏,本科批,物理,,XD6D113,,兰州财经大学,1C92,数字经济,,,,,,425,15604,,,,,,425,15604,,,,,,,,,本科,,,,,
8379978,宁夏,本科批,物理,,XD6D113,,兰州财经大学,16DF,金融工程,,,,,,425,15604,,,,,,425,15604,,,,,,,,,本科,,,,,
8379979,宁夏,本科批,物理,,XD6D113,,兰州财经大学,D681,信息管理与信息系统,,,,,,426,15424,,,,,,426,15424,,,,,,,,,本科,,,,,
8379980,宁夏,本科批,物理,,XD6D113,,兰州财经大学,03B1,智能科学与技术,,,,,,426,15424,,,,,,426,15424,,,,,,,,,本科,,,,,
8379981,宁夏,本科批,物理,,XD6D113,,兰州财经大学,F068,人工智能,,,,,,427,15234,,,,,,427,15234,,,,,,,,,本科,,,,,
8379982,宁夏,本科批,物理,,XD6D113,,兰州财经大学,ADF9,国际商务（中外合作办学）（中英实验班）,中外合作办学; 中英实验班,,,,,427,15234,,,,,,427,15234,,,,,,,,,本科,,,,,
8379983,宁夏,本科批,物理,,XD6D113,,兰州财经大学,04A0,工商管理,,,,,,428,15065,,,,,,428,15065,,,,,,,,,本科,,,,,
8379984,宁夏,本科批,物理,,XD6D113,,兰州财经大学,93E3,电子信息工程,,,,,,429,14886,,,,,,429,14886,,,,,,,,,本科,,,,,
8379985,宁夏,本科批,物理,,XD6D113,,兰州财经大学,0FBC,金融学,,,,,,429,14886,,,,,,429,14886,,,,,,,,,本科,,,,,
8379986,宁夏,本科批,物理,,XD6D113,,兰州财经大学,B9A5,计算机科学与技术,,,,,,430,14690,,,,,,430,14690,,,,,,,,,本科,,,,,
8379987,宁夏,本科批,物理,,XD6D113,,兰州财经大学,978C,审计学,,,,,,430,14690,,,,,,430,14690,,,,,,,,,本科,,,,,
8379988,宁夏,本科批,物理,,XD6D113,,兰州财经大学,5E19,会计学,,,,,,431,14482,,,,,,431,14482,,,,,,,,,本科,,,,,
8380450,宁夏,本科批,历史,,X8B2ABB,,深圳技术大学,FBFE,物流管理,,,,,,513,2442,,,,,,513,2442,,,,,,,,,本科,,,,,
8380451,宁夏,本科批,历史,,X8B2ABB,,深圳技术大学,1049,商务英语,,,,,,521,2051,,,,,,521,2051,,,,,,,,,本科,,,,,
8380452,宁夏,本科批,物理,,X8B2ABB,,深圳技术大学,29F4,物联网工程,,,,,,498,5138,,,,,,498,5138,,,,,,,,,本科,,,,,
8380453,宁夏,本科批,物理,,X8B2ABB,,深圳技术大学,FFE8,生物医学工程,,,,,,498,5138,,,,,,498,5138,,,,,,,,,本科,,,,,
8380454,宁夏,本科批,物理,,X8B2ABB,,深圳技术大学,3298,智能感知工程,,,,,,499,5046,,,,,,499,5046,,,,,,,,,本科,,,,,
8380455,宁夏,本科批,物理,,X8B2ABB,,深圳技术大学,C734,电子科学与技术,,,,,,500,4966,,,,,,500,4966,,,,,,,,,本科,,,,,
8380456,宁夏,本科批,物理,,X8B2ABB,,深圳技术大学,289B,微电子科学与工程,,,,,,504,4626,,,,,,504,4626,,,,,,,,,本科,,,,,
8380800,宁夏,本科批,物理,,XB71E19,,内蒙古医科大学,4BF3,护理学,,,,,,416,17483,,,,,,416,17483,,,,,,,,,本科,,,,,
8380801,宁夏,本科批,物理,,XB71E19,,内蒙古医科大学,6246,针灸推拿学,,,,,,429,14886,,,,,,429,14886,,,,,,,,,本科,,,,,
8380802,宁夏,本科批,物理,,XB71E19,,内蒙古医科大学,97D0,临床医学,,,,,,432,14269,,,,,,432,14269,,,,,,,,,本科,,,,,
8380803,宁夏,本科批,物理,,XB71E19,,内蒙古医科大学,5DA6,口腔医学,,,,,,463,9101,,,,,,463,9101,,,,,,,,,本科,,,,,
8381206,宁夏,本科批,物理,,XEC4EEE,,湖北医药学院,CD64,儿科学,,,,,,455,10282,,,,,,455,10282,,,,,,,,,本科,,,,,
8381207,宁夏,本科批,物理,,XEC4EEE,,湖北医药学院,57E6,医学影像学,,,,,,456,10121,,,,,,456,10121,,,,,,,,,本科,,,,,
8381208,宁夏,本科批,物理,,XEC4EEE,,湖北医药学院,97D0,临床医学,,,,,,458,9834,,,,,,458,9834,,,,,,,,,本科,,,,,
8381209,宁夏,本科批,物理,,XEC4EEE,,湖北医药学院,A5C6,麻醉学,,,,,,458,9834,,,,,,458,9834,,,,,,,,,本科,,,,,
8381379,宁夏,本科批,历史,,X79AD25,,内蒙古财经大学,978C,审计学,,,,,,490,3859,,,,,,490,3859,,,,,,,,,本科,,,,,
8381380,宁夏,本科批,物理,,X79AD25,,内蒙古财经大学,25FE,数学与应用数学,,,,,,422,16199,,,,,,422,16199,,,,,,,,,本科,,,,,
8381381,宁夏,本科批,物理,,X79AD25,,内蒙古财经大学,5E19,会计学,,,,,,424,15793,,,,,,424,15793,,,,,,,,,本科,,,,,
8381895,宁夏,本科批,物理,,X1053DD,,锦州医科大学,57E6,医学影像学,,,,,,427,15234,,,,,,427,15234,,,,,,,,,本科,,,,,
8381896,宁夏,本科批,物理,,X1053DD,,锦州医科大学,4BF3,护理学,,,,,,428,15065,,,,,,428,15065,,,,,,,,,本科,,,,,
8381897,宁夏,本科批,物理,,X1053DD,,锦州医科大学,97D0,临床医学,,,,,,441,12659,,,,,,441,12659,,,,,,,,,本科,,,,,
8383015,宁夏,本科批,物理,,X27D448,,辽宁中医药大学,2A03,中医骨伤科学,,,,,,445,11992,,,,,,445,11992,,,,,,,,,本科,,,,,
8383503,宁夏,本科批,历史,,X4DB855,,安徽中医药大学,4BF3,护理学,,,,,,486,4147,,,,,,486,4147,,,,,,,,,本科,,,,,
8383504,宁夏,本科批,历史,,X4DB855,,安徽中医药大学,6246,针灸推拿学,,,,,,493,3637,,,,,,493,3637,,,,,,,,,本科,,,,,
8383505,宁夏,本科批,物理,,X4DB855,,安徽中医药大学,4BF3,护理学,,,,,,436,13513,,,,,,436,13513,,,,,,,,,本科,,,,,
8383506,宁夏,本科批,物理,,X4DB855,,安徽中医药大学,B9A5,计算机科学与技术,,,,,,438,13162,,,,,,438,13162,,,,,,,,,本科,,,,,
8383507,宁夏,本科批,物理,,X4DB855,,安徽中医药大学,4718,数据科学与大数据技术,,,,,,441,12659,,,,,,441,12659,,,,,,,,,本科,,,,,
8383508,宁夏,本科批,物理,,X4DB855,,安徽中医药大学,6246,针灸推拿学,,,,,,445,11992,,,,,,445,11992,,,,,,,,,本科,,,,,
8383509,宁夏,本科批,物理,,X4DB855,,安徽中医药大学,03FE,中医学,,,,,,447,11628,,,,,,447,11628,,,,,,,,,本科,,,,,
8384362,宁夏,本科批,历史,,X71C3DA,,广西科技大学,A615,汉语国际教育,,,,,,479,4671,,,,,,479,4671,,,,,,,,,本科,,,,,
8384363,宁夏,本科批,历史,,X71C3DA,,广西科技大学,FB18,财务管理,,,,,,480,4593,,,,,,480,4593,,,,,,,,,本科,,,,,
8384364,宁夏,本科批,物理,,X71C3DA,,广西科技大学,25DE,国际经济与贸易,,,,,,416,17483,,,,,,416,17483,,,,,,,,,本科,,,,,
8384365,宁夏,本科批,物理,,X71C3DA,,广西科技大学,5AC6,工程力学,,,,,,417,17270,,,,,,417,17270,,,,,,,,,本科,,,,,
8384366,宁夏,本科批,物理,,X71C3DA,,广西科技大学,6F56,工程管理,,,,,,417,17270,,,,,,417,17270,,,,,,,,,本科,,,,,
8384367,宁夏,本科批,物理,,X71C3DA,,广西科技大学,D6ED,化学工程与工艺,,,,,,418,17058,,,,,,418,17058,,,,,,,,,本科,,,,,
8384368,宁夏,本科批,物理,,X71C3DA,,广西科技大学,8316,机械工程（应用本科）,应用本科,,,,,420,16610,,,,,,420,16610,,,,,,,,,本科,,,,,
8384369,宁夏,本科批,物理,,X71C3DA,,广西科技大学,8684,智能制造工程,,,,,,420,16610,,,,,,420,16610,,,,,,,,,本科,,,,,
8384370,宁夏,本科批,物理,,X71C3DA,,广西科技大学,3C38,软件工程,,,,,,420,16610,,,,,,420,16610,,,,,,,,,本科,,,,,
8384371,宁夏,本科批,物理,,X71C3DA,,广西科技大学,4C65,自动化,,,,,,421,16413,,,,,,421,16413,,,,,,,,,本科,,,,,
8384372,宁夏,本科批,物理,,X71C3DA,,广西科技大学,26A7,车辆工程,,,,,,422,16199,,,,,,422,16199,,,,,,,,,本科,,,,,
8384867,宁夏,本科批,物理,,XCC34DF,,北京信息科技大学,6AB9,经济学,,,,,,488,6101,,,,,,488,6101,,,,,,,,,本科,,,,,
8384868,宁夏,本科批,物理,,XCC34DF,,北京信息科技大学,04A0,工商管理,,,,,,488,6101,,,,,,488,6101,,,,,,,,,本科,,,,,
8384869,宁夏,本科批,物理,,XCC34DF,,北京信息科技大学,D081,新能源科学与工程,,,,,,490,5885,,,,,,490,5885,,,,,,,,,本科,,,,,
8384870,宁夏,本科批,物理,,XCC34DF,,北京信息科技大学,4C65,自动化,,,,,,490,5885,,,,,,490,5885,,,,,,,,,本科,,,,,
8384871,宁夏,本科批,物理,,XCC34DF,,北京信息科技大学,548C,信息与计算科学,,,,,,501,4879,,,,,,501,4879,,,,,,,,,本科,,,,,
8385425,宁夏,本科批,物理,,X961AAD,,沈阳药科大学,EF96,食品科学与工程类,,,,,,468,8439,,,,,,468,8439,,,,,,,,,本科,,,,,
8385426,宁夏,本科批,物理,,X961AAD,,沈阳药科大学,6D82,药事管理,,,,,,474,7703,,,,,,474,7703,,,,,,,,,本科,,,,,
8385427,宁夏,本科批,物理,,X961AAD,,沈阳药科大学,1FF0,中药学类,,,,,,481,6851,,,,,,481,6851,,,,,,,,,本科,,,,,
8385428,宁夏,本科批,物理,,X961AAD,,沈阳药科大学,40CE,制药工程,,,,,,484,6535,,,,,,484,6535,,,,,,,,,本科,,,,,
8385429,宁夏,本科批,物理,,X961AAD,,沈阳药科大学,765E,临床药学,,,,,,491,5800,,,,,,491,5800,,,,,,,,,本科,,,,,
8385430,宁夏,本科批,物理,,X961AAD,,沈阳药科大学,10A0,药学,,,,,,498,5138,,,,,,498,5138,,,,,,,,,本科,,,,,
8385431,宁夏,本科批,物理,,X961AAD,,沈阳药科大学,4E04,"药学（理科基地班,沈阳市校本部）","理科基地班,沈阳市校本部",,,,,513,3942,,,,,,513,3942,,,,,,,,,本科,,,,,
8386669,宁夏,本科批,物理,,X26BD73,,沈阳农业大学,0541,生物科学,,,,,,440,12830,,,,,,440,12830,,,,,,,,,本科,,,,,
8386670,宁夏,本科批,物理,,X26BD73,,沈阳农业大学,7775,中草药栽培与鉴定,,,,,,440,12830,,,,,,440,12830,,,,,,,,,本科,,,,,
8386671,宁夏,本科批,物理,,X26BD73,,沈阳农业大学,D3E3,动物药学,,,,,,440,12830,,,,,,440,12830,,,,,,,,,本科,,,,,
8386672,宁夏,本科批,物理,,X26BD73,,沈阳农业大学,19D3,草业科学,,,,,,441,12659,,,,,,441,12659,,,,,,,,,本科,,,,,
8386673,宁夏,本科批,物理,,X26BD73,,沈阳农业大学,6836,设施农业科学与工程,,,,,,443,12278,,,,,,443,12278,,,,,,,,,本科,,,,,
8386674,宁夏,本科批,物理,,X26BD73,,沈阳农业大学,E693,水土保持与荒漠化防治,,,,,,450,11095,,,,,,450,11095,,,,,,,,,本科,,,,,
8386675,宁夏,本科批,物理,,X26BD73,,沈阳农业大学,F6E0,农业机械化及其自动化,,,,,,452,10754,,,,,,452,10754,,,,,,,,,本科,,,,,
8386874,宁夏,本科批,历史,,XCCE4F3,,黄冈师范学院,4145,英语,,,,,,484,4295,,,,,,484,4295,,,,,,,,,本科,,,,,
8386875,宁夏,本科批,历史,,XCCE4F3,,黄冈师范学院,51C8,思想政治教育,,,,,,489,3940,,,,,,489,3940,,,,,,,,,本科,,,,,
8386876,宁夏,本科批,物理,,XCCE4F3,,黄冈师范学院,0541,生物科学,,,,,,416,17483,,,,,,416,17483,,,,,,,,,本科,,,,,
8386877,宁夏,本科批,物理,,XCCE4F3,,黄冈师范学院,B5AE,化学,,,,,,426,15424,,,,,,426,15424,,,,,,,,,本科,,,,,
8388126,宁夏,专科批,历史,,X3E572B,,四川工程职业技术大学,6246,建筑工程技术,,,,,,311,21058,,,,,,311,21058,,,,,,,,,专科,,,,,
8388127,宁夏,专科批,历史,,X3E572B,,四川工程职业技术大学,7114,城市轨道交通机电技术,,,,,,358,16887,,,,,,358,16887,,,,,,,,,专科,,,,,
8388128,宁夏,专科批,历史,,X3E572B,,四川工程职业技术大学,8EE0,理化测试与质检技术,,,,,,395,12930,,,,,,395,12930,,,,,,,,,专科,,,,,
8388129,宁夏,专科批,物理,,X3E572B,,四川工程职业技术大学,371D,工程造价,,,,,,361,29177,,,,,,361,29177,,,,,,,,,专科,,,,,
8388130,宁夏,专科批,物理,,X3E572B,,四川工程职业技术大学,6246,建筑工程技术,,,,,,361,29177,,,,,,361,29177,,,,,,,,,专科,,,,,
8388131,宁夏,专科批,物理,,X3E572B,,四川工程职业技术大学,963C,数字化设计与制造技术,,,,,,363,28773,,,,,,363,28773,,,,,,,,,专科,,,,,
8388132,宁夏,专科批,物理,,X3E572B,,四川工程职业技术大学,7114,城市轨道交通机电技术,,,,,,366,28152,,,,,,366,28152,,,,,,,,,专科,,,,,
8388133,宁夏,专科批,物理,,X3E572B,,四川工程职业技术大学,6481,分析检验技术,,,,,,370,27310,,,,,,370,27310,,,,,,,,,专科,,,,,
8388134,宁夏,专科批,物理,,X3E572B,,四川工程职业技术大学,2736,智能制造装备技术,,,,,,370,27310,,,,,,370,27310,,,,,,,,,专科,,,,,
8388135,宁夏,专科批,物理,,X3E572B,,四川工程职业技术大学,6725,电子信息工程技术,,,,,,373,26682,,,,,,373,26682,,,,,,,,,专科,,,,,
8388136,宁夏,专科批,物理,,X3E572B,,四川工程职业技术大学,5C71,电气自动化技术,,,,,,402,20405,,,,,,402,20405,,,,,,,,,专科,,,,,
8388303,宁夏,本科批,历史,,XB3158C,,安庆师范大学,F9EA,思想政治教育（师范）,师范,,,,,489,3940,,,,,,489,3940,,,,,,,,,本科,,,,,
8388304,宁夏,本科批,历史,,XB3158C,,安庆师范大学,927B,法学,,,,,,491,3781,,,,,,491,3781,,,,,,,,,本科,,,,,
8388305,宁夏,本科批,物理,,XB3158C,,安庆师范大学,ABA8,环境科学与工程类,,,,,,405,19783,,,,,,405,19783,,,,,,,,,本科,,,,,
8389052,宁夏,本科批,物理,,XE29E06,,天津农学院,6836,设施农业科学与工程,,,,,,412,18298,,,,,,412,18298,,,,,,,,,本科,,,,,
8389053,宁夏,本科批,物理,,XE29E06,,天津农学院,C19A,人力资源管理,,,,,,413,18103,,,,,,413,18103,,,,,,,,,本科,,,,,
8389054,宁夏,本科批,物理,,XE29E06,,天津农学院,29F4,物联网工程,,,,,,414,17904,,,,,,414,17904,,,,,,,,,本科,,,,,
8389055,宁夏,本科批,物理,,XE29E06,,天津农学院,A5D2,测控技术与仪器,,,,,,414,17904,,,,,,414,17904,,,,,,,,,本科,,,,,
8389056,宁夏,本科批,物理,,XE29E06,,天津农学院,99EA,动物科学,,,,,,415,17693,,,,,,415,17693,,,,,,,,,本科,,,,,
8389057,宁夏,本科批,物理,,XE29E06,,天津农学院,C1B4,水利水电工程,,,,,,415,17693,,,,,,415,17693,,,,,,,,,本科,,,,,
8389058,宁夏,本科批,物理,,XE29E06,,天津农学院,5E49,食品科学与工程,,,,,,415,17693,,,,,,415,17693,,,,,,,,,本科,,,,,
8389059,宁夏,本科批,物理,,XE29E06,,天津农学院,D335,种子科学与工程,,,,,,416,17483,,,,,,416,17483,,,,,,,,,本科,,,,,
8389060,宁夏,本科批,物理,,XE29E06,,天津农学院,67E2,林学,,,,,,416,17483,,,,,,416,17483,,,,,,,,,本科,,,,,
8389061,宁夏,本科批,物理,,XE29E06,,天津农学院,F6E0,农业机械化及其自动化,,,,,,416,17483,,,,,,416,17483,,,,,,,,,本科,,,,,
8389062,宁夏,本科批,物理,,XE29E06,,天津农学院,2638,植物保护,,,,,,417,17270,,,,,,417,17270,,,,,,,,,本科,,,,,
8389063,宁夏,本科批,物理,,XE29E06,,天津农学院,C325,农学,,,,,,417,17270,,,,,,417,17270,,,,,,,,,本科,,,,,
8389064,宁夏,本科批,物理,,XE29E06,,天津农学院,D081,新能源科学与工程,,,,,,418,17058,,,,,,418,17058,,,,,,,,,本科,,,,,
8389065,宁夏,本科批,物理,,XE29E06,,天津农学院,3C38,软件工程,,,,,,418,17058,,,,,,418,17058,,,,,,,,,本科,,,,,
8389066,宁夏,本科批,物理,,XE29E06,,天津农学院,4718,数据科学与大数据技术,,,,,,418,17058,,,,,,418,17058,,,,,,,,,本科,,,,,
8389067,宁夏,本科批,物理,,XE29E06,,天津农学院,A5B7,电气工程及其自动化,,,,,,421,16413,,,,,,421,16413,,,,,,,,,本科,,,,,
8389068,宁夏,本科批,物理,,XE29E06,,天津农学院,5A9B,动物医学（小动医方向）,小动医方向,,,,,422,16199,,,,,,422,16199,,,,,,,,,本科,,,,,
8389069,宁夏,本科批,物理,,XE29E06,,天津农学院,C5CB,园艺,,,,,,428,15065,,,,,,428,15065,,,,,,,,,本科,,,,,
8389070,宁夏,本科批,物理,,XE29E06,,天津农学院,DE10,菌物科学与工程,,,,,,436,13513,,,,,,436,13513,,,,,,,,,本科,,,,,
8389319,宁夏,专科批,物理,,X336FE5,,成都航空职业技术大学,7A65,飞机机电设备维修,,,,,,395,21922,,,,,,395,21922,,,,,,,,,专科,,,,,
8389936,宁夏,本科批,物理,,X406B60,,内蒙古民族大学,7D22,材料化学,,,,,,414,17904,,,,,,414,17904,,,,,,,,,本科,,,,,
8389937,宁夏,本科批,物理,,X406B60,,内蒙古民族大学,C325,农学,,,,,,414,17904,,,,,,414,17904,,,,,,,,,本科,,,,,
8389938,宁夏,本科批,物理,,X406B60,,内蒙古民族大学,19D3,草业科学,,,,,,415,17693,,,,,,415,17693,,,,,,,,,本科,,,,,
8389939,宁夏,本科批,物理,,X406B60,,内蒙古民族大学,6E5A,园林,,,,,,415,17693,,,,,,415,17693,,,,,,,,,本科,,,,,
8389940,宁夏,本科批,物理,,X406B60,,内蒙古民族大学,0541,生物科学,,,,,,415,17693,,,,,,415,17693,,,,,,,,,本科,,,,,
8389941,宁夏,本科批,物理,,X406B60,,内蒙古民族大学,25FE,数学与应用数学,,,,,,416,17483,,,,,,416,17483,,,,,,,,,本科,,,,,
8390458,宁夏,本科批,历史,,XBDFA18,,北京体育大学,090D,公共事业管理,,,,,,542,1252,,,,,,542,1252,,,,,,,,,本科,,,,,
8390459,宁夏,本科批,历史,,XBDFA18,,北京体育大学,4145,英语,,,,,,548,1058,,,,,,548,1058,,,,,,,,,本科,,,,,
8390460,宁夏,本科批,历史,,XBDFA18,,北京体育大学,68F4,新闻学,,,,,,548,1058,,,,,,548,1058,,,,,,,,,本科,,,,,
8390461,宁夏,本科批,历史,,XBDFA18,,北京体育大学,88ED,体育经济与管理,,,,,,549,1023,,,,,,549,1023,,,,,,,,,本科,,,,,
8390462,宁夏,本科批,历史,,XBDFA18,,北京体育大学,5D72,网络与新媒体,,,,,,556,854,,,,,,556,854,,,,,,,,,本科,,,,,
8390463,宁夏,本科批,物理,,XBDFA18,,北京体育大学,2D90,康复物理治疗,,,,,,477,7346,,,,,,477,7346,,,,,,,,,本科,,,,,
8390464,宁夏,本科批,物理,,XBDFA18,,北京体育大学,8056,运动人体科学,,,,,,480,6986,,,,,,480,6986,,,,,,,,,本科,,,,,
8390465,宁夏,本科批,物理,,XBDFA18,,北京体育大学,68F4,新闻学,,,,,,485,6416,,,,,,485,6416,,,,,,,,,本科,,,,,
8390466,宁夏,本科批,物理,,XBDFA18,,北京体育大学,4574,运动康复,,,,,,489,5993,,,,,,489,5993,,,,,,,,,本科,,,,,
8390467,宁夏,本科批,物理,,XBDFA18,,北京体育大学,88ED,体育经济与管理,,,,,,498,5138,,,,,,498,5138,,,,,,,,,本科,,,,,
8390889,宁夏,专科批,历史,,XB54B90,,重庆电子科技职业大学,02B2,财务会计类,,,,,,427,9483,,,,,,427,9483,,,,,,,,,专科,,,,,
8390890,宁夏,专科批,物理,,XB54B90,,重庆电子科技职业大学,FD80,机械设计制造类,,,,,,371,27132,,,,,,371,27132,,,,,,,,,专科,,,,,
8390891,宁夏,专科批,物理,,XB54B90,,重庆电子科技职业大学,52FD,通信类,,,,,,384,24299,,,,,,384,24299,,,,,,,,,专科,,,,,
8391673,宁夏,本科批,历史,,XD6EA12,,盐城师范学院,D40C,少数民族预科班,,,,,,461,6180,,,,,,461,6180,,,,,,,,,本科,,,,,
8391674,宁夏,本科批,历史,,XD6EA12,,盐城师范学院,09EE,市场营销,,,,,,467,5617,,,,,,467,5617,,,,,,,,,本科,,,,,
8391675,宁夏,本科批,历史,,XD6EA12,,盐城师范学院,090D,公共事业管理,,,,,,474,5045,,,,,,474,5045,,,,,,,,,本科,,,,,
8391676,宁夏,本科批,物理,,XD6EA12,,盐城师范学院,BB8A,应急管理,,,,,,406,19573,,,,,,406,19573,,,,,,,,,本科,,,,,
8391677,宁夏,本科批,物理,,XD6EA12,,盐城师范学院,D40C,少数民族预科班,,,,,,406,19573,,,,,,406,19573,,,,,,,,,本科,,,,,
8392240,宁夏,本科批,物理,,XE57D49,,甘肃农业大学,F89C,生物技术,,,,,,415,17693,,,,,,415,17693,,,,,,,,,本科,,,,,
8392241,宁夏,本科批,物理,,XE57D49,,甘肃农业大学,C5CB,园艺,,,,,,416,17483,,,,,,416,17483,,,,,,,,,本科,,,,,
8393896,宁夏,本科批,物理,,X44024C,,陆军工程大学,C8EB,土木工程（全国人防工程建筑结构设计与施工工程师）,全国人防工程建筑结构设计与施工工程师,,,,,420,16610,,,,,,420,16610,,,,,,,,,本科,,,,,
8393897,宁夏,本科批,物理,,X44024C,,陆军工程大学,ABFB,建筑环境与能源应用工程（全国人防通风空调与给排水工程师）,全国人防通风空调与给排水工程师,,,,,423,15998,,,,,,423,15998,,,,,,,,,本科,,,,,
8393898,宁夏,本科批,物理,,X44024C,,陆军工程大学,088D,工程管理（全国人防建筑施工组织管理与监理工程师）,全国人防建筑施工组织管理与监理工程师,,,,,431,14482,,,,,,431,14482,,,,,,,,,本科,,,,,
8393899,宁夏,本科批,物理,,X44024C,,陆军工程大学,EF04,网络工程（全国人防指挥自动化技术工程师）,全国人防指挥自动化技术工程师,,,,,441,12659,,,,,,441,12659,,,,,,,,,本科,,,,,
8393900,宁夏,本科提前批,物理,,X44024C,,陆军工程大学,216F,大数据工程（学籍培养目标：战场机动通信技术与指挥）（语种：英语）（指挥类）（男）,学籍培养目标：战场机动通信技术与指挥; 语种：英语; 指挥类; 男,,,,,471,8067,,,,,,471,8067,,,,,,,,,本科,,,,,
8393901,宁夏,本科提前批,物理,,X44024C,,陆军工程大学,0D5A,地雷爆破与破障工程（学籍培养目标：战斗支援工程与指挥）（语种：英语）（指挥类）（男）,学籍培养目标：战斗支援工程与指挥; 语种：英语; 指挥类; 男,,,,,473,7812,,,,,,473,7812,,,,,,,,,本科,,,,,
8393902,宁夏,本科提前批,物理,,X44024C,,陆军工程大学,EC16,道路桥梁与渡河工程（学籍培养目标：机动保障工程与指挥）（语种：英语）（指挥类）（男）,学籍培养目标：机动保障工程与指挥; 语种：英语; 指挥类; 男,,,,,477,7346,,,,,,477,7346,,,,,,,,,本科,,,,,
8393903,宁夏,本科提前批,物理,,X44024C,,陆军工程大学,BAC6,通信工程（学籍培养目标：战场机动通信技术与指挥）（语种：英语）（指技融合）（男）,学籍培养目标：战场机动通信技术与指挥; 语种：英语; 指技融合; 男,,,,,483,6646,,,,,,483,6646,,,,,,,,,本科,,,,,
8393904,宁夏,本科提前批,物理,,X44024C,,陆军工程大学,1388,飞行器设计与工程（学籍培养目标：航空机务技术与指挥）（语种：英语）（非指挥类）（男）,学籍培养目标：航空机务技术与指挥; 语种：英语; 非指挥类; 男,,,,,485,6416,,,,,,485,6416,,,,,,,,,本科,,,,,
8393905,宁夏,本科提前批,物理,,X44024C,,陆军工程大学,1437,国防工程及其智能化（学籍培养目标：国防工程与指挥）（语种：英语）（指挥类）（男）,学籍培养目标：国防工程与指挥; 语种：英语; 指挥类; 男,,,,,490,5885,,,,,,490,5885,,,,,,,,,本科,,,,,
8393906,宁夏,本科提前批,物理,,X44024C,,陆军工程大学,8DF9,导弹工程（学籍培养目标：防空装备技术保障）（语种：英语）（非指挥类）（男）,学籍培养目标：防空装备技术保障; 语种：英语; 非指挥类; 男,,,,,496,5336,,,,,,496,5336,,,,,,,,,本科,,,,,
8394197,宁夏,本科批,物理,,X5E9B9B,,中国人民警察大学,88A3,海外安全管理,,,,,,442,12470,,,,,,442,12470,,,,,,,,,本科,,,,,
8394198,宁夏,本科批,物理,,X5E9B9B,,中国人民警察大学,0A76,消防工程,,,,,,445,11992,,,,,,445,11992,,,,,,,,,本科,,,,,
8394199,宁夏,本科批,物理,,X5E9B9B,,中国人民警察大学,FF55,消防指挥,,,,,,448,11446,,,,,,448,11446,,,,,,,,,本科,,,,,
8394854,宁夏,本科批,物理,,XEB7A3F,,吉林化工大学,F89C,生物技术,,,,,,412,18298,,,,,,412,18298,,,,,,,,,本科,,,,,
8394855,宁夏,本科批,物理,,XEB7A3F,,吉林化工大学,671C,日语,,,,,,413,18103,,,,,,413,18103,,,,,,,,,本科,,,,,
8394856,宁夏,本科批,物理,,XEB7A3F,,吉林化工大学,25DE,国际经济与贸易,,,,,,413,18103,,,,,,413,18103,,,,,,,,,本科,,,,,
8394857,宁夏,本科批,物理,,XEB7A3F,,吉林化工大学,1878,化学测量学与技术,,,,,,413,18103,,,,,,413,18103,,,,,,,,,本科,,,,,
8394858,宁夏,本科批,物理,,XEB7A3F,,吉林化工大学,7D22,材料化学,,,,,,413,18103,,,,,,413,18103,,,,,,,,,本科,,,,,
8394859,宁夏,本科批,物理,,XEB7A3F,,吉林化工大学,43D9,药物制剂,,,,,,413,18103,,,,,,413,18103,,,,,,,,,本科,,,,,
8394860,宁夏,本科批,物理,,XEB7A3F,,吉林化工大学,7E23,环境工程,,,,,,413,18103,,,,,,413,18103,,,,,,,,,本科,,,,,
8394861,宁夏,本科批,物理,,XEB7A3F,,吉林化工大学,4145,英语,,,,,,414,17904,,,,,,414,17904,,,,,,,,,本科,,,,,
8394862,宁夏,本科批,物理,,XEB7A3F,,吉林化工大学,25FE,数学与应用数学,,,,,,414,17904,,,,,,414,17904,,,,,,,,,本科,,,,,
8394863,宁夏,本科批,物理,,XEB7A3F,,吉林化工大学,09EE,市场营销,,,,,,414,17904,,,,,,414,17904,,,,,,,,,本科,,,,,
8394864,宁夏,本科批,物理,,XEB7A3F,,吉林化工大学,6F56,工程管理,,,,,,414,17904,,,,,,414,17904,,,,,,,,,本科,,,,,
8394865,宁夏,本科批,物理,,XEB7A3F,,吉林化工大学,40CE,制药工程,,,,,,414,17904,,,,,,414,17904,,,,,,,,,本科,,,,,
8394866,宁夏,本科批,物理,,XEB7A3F,,吉林化工大学,EAB4,轻化工程,,,,,,414,17904,,,,,,414,17904,,,,,,,,,本科,,,,,
8394867,宁夏,本科批,物理,,XEB7A3F,,吉林化工大学,B5AE,化学,,,,,,414,17904,,,,,,414,17904,,,,,,,,,本科,,,,,
8394868,宁夏,本科批,物理,,XEB7A3F,,吉林化工大学,B5CD,飞行器动力工程,,,,,,415,17693,,,,,,415,17693,,,,,,,,,本科,,,,,
8394869,宁夏,本科批,物理,,XEB7A3F,,吉林化工大学,12CD,油气储运工程,,,,,,415,17693,,,,,,415,17693,,,,,,,,,本科,,,,,
8394870,宁夏,本科批,物理,,XEB7A3F,,吉林化工大学,F620,安全工程,,,,,,415,17693,,,,,,415,17693,,,,,,,,,本科,,,,,
8394871,宁夏,本科批,物理,,XEB7A3F,,吉林化工大学,D681,信息管理与信息系统,,,,,,415,17693,,,,,,415,17693,,,,,,,,,本科,,,,,
8394872,宁夏,本科批,物理,,XEB7A3F,,吉林化工大学,A5D2,测控技术与仪器,,,,,,415,17693,,,,,,415,17693,,,,,,,,,本科,,,,,
8394873,宁夏,本科批,物理,,XEB7A3F,,吉林化工大学,5B8B,高分子材料与工程,,,,,,415,17693,,,,,,415,17693,,,,,,,,,本科,,,,,
8396062,宁夏,本科批,历史,,X9E0576,,青海民族大学,B142,阿拉伯语,,,,,,481,4503,,,,,,481,4503,,,,,,,,,本科,,,,,
8396063,宁夏,本科批,历史,,X9E0576,,青海民族大学,108F,学前教育,,,,,,483,4360,,,,,,483,4360,,,,,,,,,本科,,,,,
8396064,宁夏,本科批,历史,,X9E0576,,青海民族大学,6AB9,经济学,,,,,,484,4295,,,,,,484,4295,,,,,,,,,本科,,,,,
8396065,宁夏,本科批,历史,,X9E0576,,青海民族大学,52B6,秘书学,,,,,,485,4225,,,,,,485,4225,,,,,,,,,本科,,,,,
8396066,宁夏,本科批,历史,,X9E0576,,青海民族大学,D243,汉语言文学,,,,,,487,4059,,,,,,487,4059,,,,,,,,,本科,,,,,
8396067,宁夏,本科批,物理,,X9E0576,,青海民族大学,B142,阿拉伯语,,,,,,417,17270,,,,,,417,17270,,,,,,,,,本科,,,,,
8396068,宁夏,本科批,物理,,X9E0576,,青海民族大学,0541,生物科学,,,,,,418,17058,,,,,,418,17058,,,,,,,,,本科,,,,,
8396069,宁夏,本科批,物理,,X9E0576,,青海民族大学,ECA4,通信工程,,,,,,419,16846,,,,,,419,16846,,,,,,,,,本科,,,,,
8396070,宁夏,本科批,物理,,X9E0576,,青海民族大学,3557,能源与动力工程,,,,,,420,16610,,,,,,420,16610,,,,,,,,,本科,,,,,
8396517,宁夏,本科批,历史,,X59F856,,北京农学院,C83B,少数民族预科班（农存区域发展（规划））,农存区域发展（规划,,,,,466,5708,,,,,,466,5708,,,,,,,,,本科,,,,,
8396518,宁夏,本科批,物理,,X59F856,,北京农学院,FB2F,少数民族预科班（食品营养与健康）,食品营养与健康,,,,,408,19137,,,,,,408,19137,,,,,,,,,本科,,,,,
8396928,宁夏,专科批,历史,,X4CDA3B,,江西职业技术大学,C54A,新能源汽车技术,,,,,,384,14151,,,,,,384,14151,,,,,,,,,专科,,,,,
8396929,宁夏,专科批,历史,,X4CDA3B,,江西职业技术大学,C19A,人力资源管理,,,,,,387,13794,,,,,,387,13794,,,,,,,,,专科,,,,,
8396930,宁夏,专科批,历史,,X4CDA3B,,江西职业技术大学,6441,动漫制作技术,,,,,,393,13142,,,,,,393,13142,,,,,,,,,专科,,,,,
8396931,宁夏,专科批,历史,,X4CDA3B,,江西职业技术大学,A9D6,数控技术,,,,,,393,13142,,,,,,393,13142,,,,,,,,,专科,,,,,
8396932,宁夏,专科批,历史,,X4CDA3B,,江西职业技术大学,5C71,电气自动化技术,,,,,,399,12496,,,,,,399,12496,,,,,,,,,专科,,,,,
8396933,宁夏,专科批,历史,,X4CDA3B,,江西职业技术大学,41FD,计算机网络技术,,,,,,401,12275,,,,,,401,12275,,,,,,,,,专科,,,,,
8396934,宁夏,专科批,历史,,X4CDA3B,,江西职业技术大学,722E,大数据与会计,,,,,,408,11489,,,,,,408,11489,,,,,,,,,专科,,,,,
8396935,宁夏,专科批,物理,,X4CDA3B,,江西职业技术大学,6441,动漫制作技术,,,,,,350,31344,,,,,,350,31344,,,,,,,,,专科,,,,,
8396936,宁夏,专科批,物理,,X4CDA3B,,江西职业技术大学,FAAE,软件技术,,,,,,352,30974,,,,,,352,30974,,,,,,,,,专科,,,,,
8396937,宁夏,专科批,物理,,X4CDA3B,,江西职业技术大学,722E,大数据与会计,,,,,,353,30789,,,,,,353,30789,,,,,,,,,专科,,,,,
8396938,宁夏,专科批,物理,,X4CDA3B,,江西职业技术大学,5C71,电气自动化技术,,,,,,354,30570,,,,,,354,30570,,,,,,,,,专科,,,,,
8396939,宁夏,专科批,物理,,X4CDA3B,,江西职业技术大学,7888,机电一体化技术,,,,,,355,30376,,,,,,355,30376,,,,,,,,,专科,,,,,
8396940,宁夏,专科批,物理,,X4CDA3B,,江西职业技术大学,A9D6,数控技术,,,,,,362,28983,,,,,,362,28983,,,,,,,,,专科,,,,,
8398922,宁夏,本科批,历史,,X46B0CF,,新疆师范大学,FC90,俄语,,,,,,480,4593,,,,,,480,4593,,,,,,,,,本科,,,,,
8398923,宁夏,本科批,历史,,X46B0CF,,新疆师范大学,32F0,文物与博物馆学,,,,,,485,4225,,,,,,485,4225,,,,,,,,,本科,,,,,
8398924,宁夏,本科批,历史,,X46B0CF,,新疆师范大学,6B5D,中国少数民族语言文学（维吾尔语言）,维吾尔语言,,,,,486,4147,,,,,,486,4147,,,,,,,,,本科,,,,,
8398925,宁夏,本科批,历史,,X46B0CF,,新疆师范大学,EC00,宗教学,,,,,,489,3940,,,,,,489,3940,,,,,,,,,本科,,,,,
8398926,宁夏,本科批,历史,,X46B0CF,,新疆师范大学,4145,英语,,,,,,490,3859,,,,,,490,3859,,,,,,,,,本科,,,,,
8398927,宁夏,本科批,历史,,X46B0CF,,新疆师范大学,1D15,特殊教育,,,,,,490,3859,,,,,,490,3859,,,,,,,,,本科,,,,,
8398928,宁夏,本科批,历史,,X46B0CF,,新疆师范大学,4873,历史学,,,,,,491,3781,,,,,,491,3781,,,,,,,,,本科,,,,,
8398929,宁夏,本科批,历史,,X46B0CF,,新疆师范大学,D243,汉语言文学,,,,,,491,3781,,,,,,491,3781,,,,,,,,,本科,,,,,
8398930,宁夏,本科批,历史,,X46B0CF,,新疆师范大学,51C8,思想政治教育,,,,,,493,3637,,,,,,493,3637,,,,,,,,,本科,,,,,
8398931,宁夏,本科批,历史,,X46B0CF,,新疆师范大学,927B,法学,,,,,,497,3383,,,,,,497,3383,,,,,,,,,本科,,,,,
8398932,宁夏,本科批,物理,,X46B0CF,,新疆师范大学,FC90,俄语,,,,,,409,18935,,,,,,409,18935,,,,,,,,,本科,,,,,
8398933,宁夏,本科批,物理,,X46B0CF,,新疆师范大学,436B,科学教育,,,,,,419,16846,,,,,,419,16846,,,,,,,,,本科,,,,,
8398934,宁夏,本科批,物理,,X46B0CF,,新疆师范大学,6B5D,中国少数民族语言文学（维吾尔语言）,维吾尔语言,,,,,420,16610,,,,,,420,16610,,,,,,,,,本科,,,,,
8398935,宁夏,本科批,物理,,X46B0CF,,新疆师范大学,7932,电子信息科学与技术,,,,,,420,16610,,,,,,420,16610,,,,,,,,,本科,,,,,
8398936,宁夏,本科批,物理,,X46B0CF,,新疆师范大学,0E38,自然地理与资源环境,,,,,,420,16610,,,,,,420,16610,,,,,,,,,本科,,,,,
8398937,宁夏,本科批,物理,,X46B0CF,,新疆师范大学,BFDA,人文地理与城乡规划,,,,,,421,16413,,,,,,421,16413,,,,,,,,,本科,,,,,
8398938,宁夏,本科批,物理,,X46B0CF,,新疆师范大学,802A,物理学,,,,,,422,16199,,,,,,422,16199,,,,,,,,,本科,,,,,
8398939,宁夏,本科批,物理,,X46B0CF,,新疆师范大学,927B,法学,,,,,,425,15604,,,,,,425,15604,,,,,,,,,本科,,,,,
8398940,宁夏,本科批,物理,,X46B0CF,,新疆师范大学,FD7E,地理科学,,,,,,429,14886,,,,,,429,14886,,,,,,,,,本科,,,,,
8398941,宁夏,本科批,物理,,X46B0CF,,新疆师范大学,0541,生物科学,,,,,,430,14690,,,,,,430,14690,,,,,,,,,本科,,,,,
8398942,宁夏,本科批,物理,,X46B0CF,,新疆师范大学,B9A5,计算机科学与技术,,,,,,431,14482,,,,,,431,14482,,,,,,,,,本科,,,,,
8398943,宁夏,本科批,物理,,X46B0CF,,新疆师范大学,B5AE,化学,,,,,,434,13883,,,,,,434,13883,,,,,,,,,本科,,,,,
8398944,宁夏,本科批,物理,,X46B0CF,,新疆师范大学,25FE,数学与应用数学,,,,,,435,13689,,,,,,435,13689,,,,,,,,,本科,,,,,
8399461,宁夏,本科批,物理,,X20FFD4,,北京大学医学部,97D0,临床医学,,,,,,632,121,,,,,,632,121,,,,,,,,,本科,,,,,
8399462,宁夏,本科批,物理,,X20FFD4,,北京大学医学部,B9B3,基础医学（本博连读）,本博连读,,,,,642,104,,,,,,642,104,,,,,,,,,本科,,,,,
8399463,宁夏,本科批,物理,,X20FFD4,,北京大学医学部,FD2B,口腔医学（本博连读）,本博连读,,,,,647,104,,,,,,647,104,,,,,,,,,本科,,,,,
8399464,宁夏,本科批,物理,,X20FFD4,,北京大学医学部,7FA4,临床医学（本博连读）,本博连读,,,,,648,104,,,,,,648,104,,,,,,,,,本科,,,,,
8401031,宁夏,本科批,物理,,X8AB0C4,,中国石油大学（北京）克拉玛依校区,38B5,能源化学工程,,,,,,467,8565,,,,,,467,8565,,,,,,,,,本科,,,,,
8401032,宁夏,本科批,物理,,X8AB0C4,,中国石油大学（北京）克拉玛依校区,7E23,环境工程,,,,,,468,8439,,,,,,468,8439,,,,,,,,,本科,,,,,
8401033,宁夏,本科批,物理,,X8AB0C4,,中国石油大学（北京）克拉玛依校区,78FF,机械设计制造及其自动化,,,,,,469,8304,,,,,,469,8304,,,,,,,,,本科,,,,,
8401034,宁夏,本科批,物理,,X8AB0C4,,中国石油大学（北京）克拉玛依校区,D6ED,化学工程与工艺,,,,,,470,8177,,,,,,470,8177,,,,,,,,,本科,,,,,
8401035,宁夏,本科批,物理,,X8AB0C4,,中国石油大学（北京）克拉玛依校区,EC95,勘查技术与工程,,,,,,473,7812,,,,,,473,7812,,,,,,,,,本科,,,,,
8401036,宁夏,本科批,物理,,X8AB0C4,,中国石油大学（北京）克拉玛依校区,0DD8,资源勘查工程,,,,,,473,7812,,,,,,473,7812,,,,,,,,,本科,,,,,
8401037,宁夏,本科批,物理,,X8AB0C4,,中国石油大学（北京）克拉玛依校区,6420,过程装备与控制工程,,,,,,474,7703,,,,,,474,7703,,,,,,,,,本科,,,,,
8401038,宁夏,本科批,物理,,X8AB0C4,,中国石油大学（北京）克拉玛依校区,4C65,自动化,,,,,,476,7457,,,,,,476,7457,,,,,,,,,本科,,,,,
8401039,宁夏,本科批,物理,,X8AB0C4,,中国石油大学（北京）克拉玛依校区,D081,新能源科学与工程,,,,,,480,6986,,,,,,480,6986,,,,,,,,,本科,,,,,
8401040,宁夏,本科批,物理,,X8AB0C4,,中国石油大学（北京）克拉玛依校区,12CD,油气储运工程,,,,,,483,6646,,,,,,483,6646,,,,,,,,,本科,,,,,
8401041,宁夏,本科批,物理,,X8AB0C4,,中国石油大学（北京）克拉玛依校区,4D53,石油工程,,,,,,488,6101,,,,,,488,6101,,,,,,,,,本科,,,,,
8401620,宁夏,本科批,历史,,X5F32CC,,甘肃中医药大学,25DE,国际经济与贸易,,,,,,484,4295,,,,,,484,4295,,,,,,,,,本科,,,,,
8401621,宁夏,本科批,历史,,X5F32CC,,甘肃中医药大学,D243,汉语言文学,,,,,,485,4225,,,,,,485,4225,,,,,,,,,本科,,,,,
8401622,宁夏,本科批,历史,,X5F32CC,,甘肃中医药大学,A585,助产学,,,,,,485,4225,,,,,,485,4225,,,,,,,,,本科,,,,,
8401623,宁夏,本科批,历史,,X5F32CC,,甘肃中医药大学,4BF3,护理学,,,,,,486,4147,,,,,,486,4147,,,,,,,,,本科,,,,,
8401624,宁夏,本科批,物理,,X5F32CC,,甘肃中医药大学,25DE,国际经济与贸易,,,,,,417,17270,,,,,,417,17270,,,,,,,,,本科,,,,,
8401625,宁夏,本科批,物理,,X5F32CC,,甘肃中医药大学,090D,公共事业管理,,,,,,420,16610,,,,,,420,16610,,,,,,,,,本科,,,,,
8401626,宁夏,本科批,物理,,X5F32CC,,甘肃中医药大学,A585,助产学,,,,,,420,16610,,,,,,420,16610,,,,,,,,,本科,,,,,
8401627,宁夏,本科批,物理,,X5F32CC,,甘肃中医药大学,004B,医学信息工程,,,,,,420,16610,,,,,,420,16610,,,,,,,,,本科,,,,,
8401628,宁夏,本科批,物理,,X5F32CC,,甘肃中医药大学,4C2A,中药学,,,,,,421,16413,,,,,,421,16413,,,,,,,,,本科,,,,,
8401629,宁夏,本科批,物理,,X5F32CC,,甘肃中医药大学,53B9,食品质量与安全,,,,,,423,15998,,,,,,423,15998,,,,,,,,,本科,,,,,
8401630,宁夏,本科批,物理,,X5F32CC,,甘肃中医药大学,A39E,预防医学,,,,,,424,15793,,,,,,424,15793,,,,,,,,,本科,,,,,
8401631,宁夏,本科批,物理,,X5F32CC,,甘肃中医药大学,D243,汉语言文学,,,,,,430,14690,,,,,,430,14690,,,,,,,,,本科,,,,,
8401632,宁夏,本科批,物理,,X5F32CC,,甘肃中医药大学,97D0,临床医学,,,,,,431,14482,,,,,,431,14482,,,,,,,,,本科,,,,,
8401633,宁夏,本科批,物理,,X5F32CC,,甘肃中医药大学,2A03,中医骨伤科学,,,,,,471,8067,,,,,,471,8067,,,,,,,,,本科,,,,,
8401634,宁夏,本科批,物理,,X5F32CC,,甘肃中医药大学,5ED3,中西医临床医学,,,,,,473,7812,,,,,,473,7812,,,,,,,,,本科,,,,,
8401635,宁夏,本科批,物理,,X5F32CC,,甘肃中医药大学,03FE,中医学,,,,,,474,7703,,,,,,474,7703,,,,,,,,,本科,,,,,
8401636,宁夏,本科批,物理,,X5F32CC,,甘肃中医药大学,6246,针灸推拿学,,,,,,483,6646,,,,,,483,6646,,,,,,,,,本科,,,,,
8402175,宁夏,本科批,历史,,X60F053,,北京印刷学院,3739,广告学,,,,,,508,2728,,,,,,508,2728,,,,,,,,,本科,,,,,
8402176,宁夏,本科批,历史,,X60F053,,北京印刷学院,A127,编辑出版学（韬奋实验班）,韬奋实验班,,,,,512,2492,,,,,,512,2492,,,,,,,,,本科,,,,,
8402177,宁夏,本科批,物理,,X60F053,,北京印刷学院,D06C,机械工程,,,,,,449,11257,,,,,,449,11257,,,,,,,,,本科,,,,,
8402178,宁夏,本科批,物理,,X60F053,,北京印刷学院,504C,印刷工程,,,,,,459,9681,,,,,,459,9681,,,,,,,,,本科,,,,,
8402514,宁夏,专科批,历史,,XC34163,,顺德职业技术大学,53B9,食品质量与安全,,,,,,362,16488,,,,,,362,16488,,,,,,,,,专科,,,,,
8402515,宁夏,专科批,物理,,XC34163,,顺德职业技术大学,963C,数字化设计与制造技术,,,,,,300,39233,,,,,,300,39233,,,,,,,,,专科,,,,,
8402516,宁夏,专科批,物理,,XC34163,,顺德职业技术大学,53B9,食品质量与安全,,,,,,313,37470,,,,,,313,37470,,,,,,,,,专科,,,,,
8403013,宁夏,本科批,物理,,XF97FBD,,上海交通大学医学院,B8D4,临床医学（八年制本博连读）,八年制本博连读,,,,,647,104,,,,,,647,104,,,,,,,,,本科,,,,,
8403477,宁夏,本科批,历史,,X866F03,,青海师范大学,4873,历史学,,,,,,489,3940,,,,,,489,3940,,,,,,,,,本科,,,,,
8403478,宁夏,本科批,历史,,X866F03,,青海师范大学,E6CB,社会工作,,,,,,490,3859,,,,,,490,3859,,,,,,,,,本科,,,,,
8403479,宁夏,本科批,历史,,X866F03,,青海师范大学,D243,汉语言文学,,,,,,493,3637,,,,,,493,3637,,,,,,,,,本科,,,,,
8403480,宁夏,本科批,物理,,X866F03,,青海师范大学,C19A,人力资源管理,,,,,,419,16846,,,,,,419,16846,,,,,,,,,本科,,,,,
8403481,宁夏,本科批,物理,,X866F03,,青海师范大学,3C38,软件工程,,,,,,421,16413,,,,,,421,16413,,,,,,,,,本科,,,,,
8403482,宁夏,本科批,物理,,X866F03,,青海师范大学,FD7E,地理科学,,,,,,421,16413,,,,,,421,16413,,,,,,,,,本科,,,,,
8403483,宁夏,本科批,物理,,X866F03,,青海师范大学,4852,应用心理学,,,,,,422,16199,,,,,,422,16199,,,,,,,,,本科,,,,,
8403484,宁夏,本科批,物理,,X866F03,,青海师范大学,52FD,应用化学,,,,,,423,15998,,,,,,423,15998,,,,,,,,,本科,,,,,
8403485,宁夏,本科批,物理,,X866F03,,青海师范大学,93E3,电子信息工程,,,,,,425,15604,,,,,,425,15604,,,,,,,,,本科,,,,,
8403486,宁夏,本科批,物理,,X866F03,,青海师范大学,802A,物理学,,,,,,425,15604,,,,,,425,15604,,,,,,,,,本科,,,,,
8403487,宁夏,本科批,物理,,X866F03,,青海师范大学,B5AE,化学,,,,,,431,14482,,,,,,431,14482,,,,,,,,,本科,,,,,
8403488,宁夏,本科批,物理,,X866F03,,青海师范大学,4703,数学与应用数学（赴北京师范大学珠海校区交流）,赴北京师范大学珠海校区交流,,,,,436,13513,,,,,,436,13513,,,,,,,,,本科,,,,,
8404008,宁夏,专科批,历史,,X4275BF,,吉林铁道职业技术大学,5C55,铁路物流管理,,,,,,408,11489,,,,,,408,11489,,,,,,,,,专科,,,,,
8404009,宁夏,专科批,历史,,X4275BF,,吉林铁道职业技术大学,8D25,铁道桥梁隧道工程技术,,,,,,408,11489,,,,,,408,11489,,,,,,,,,专科,,,,,
8404010,宁夏,专科批,历史,,X4275BF,,吉林铁道职业技术大学,AA8D,铁道供电技术,,,,,,408,11489,,,,,,408,11489,,,,,,,,,专科,,,,,
8404011,宁夏,专科批,历史,,X4275BF,,吉林铁道职业技术大学,63A3,高速铁路施工与维护,,,,,,410,11289,,,,,,410,11289,,,,,,,,,专科,,,,,
8404012,宁夏,专科批,历史,,X4275BF,,吉林铁道职业技术大学,9AF9,高速铁路综合维修技术,,,,,,411,11161,,,,,,411,11161,,,,,,,,,专科,,,,,
8404013,宁夏,专科批,历史,,X4275BF,,吉林铁道职业技术大学,15D0,轨道交通通信信号设备制造与维护,,,,,,413,10952,,,,,,413,10952,,,,,,,,,专科,,,,,
8404014,宁夏,专科批,历史,,X4275BF,,吉林铁道职业技术大学,AC61,铁道工程技术,,,,,,414,10845,,,,,,414,10845,,,,,,,,,专科,,,,,
8404015,宁夏,专科批,历史,,X4275BF,,吉林铁道职业技术大学,2924,铁道通信与信息化技术,,,,,,423,9878,,,,,,423,9878,,,,,,,,,专科,,,,,
8404016,宁夏,专科批,物理,,X4275BF,,吉林铁道职业技术大学,63A3,高速铁路施工与维护,,,,,,356,30190,,,,,,356,30190,,,,,,,,,专科,,,,,
8404017,宁夏,专科批,物理,,X4275BF,,吉林铁道职业技术大学,AC61,铁道工程技术,,,,,,357,29981,,,,,,357,29981,,,,,,,,,专科,,,,,
8404018,宁夏,专科批,物理,,X4275BF,,吉林铁道职业技术大学,2924,铁道通信与信息化技术,,,,,,358,29763,,,,,,358,29763,,,,,,,,,专科,,,,,
8404019,宁夏,专科批,物理,,X4275BF,,吉林铁道职业技术大学,9AF9,高速铁路综合维修技术,,,,,,358,29763,,,,,,358,29763,,,,,,,,,专科,,,,,
8404020,宁夏,专科批,物理,,X4275BF,,吉林铁道职业技术大学,15D0,轨道交通通信信号设备制造与维护,,,,,,366,28152,,,,,,366,28152,,,,,,,,,专科,,,,,
8404021,宁夏,专科批,物理,,X4275BF,,吉林铁道职业技术大学,5C55,铁路物流管理,,,,,,371,27132,,,,,,371,27132,,,,,,,,,专科,,,,,
8404022,宁夏,专科批,物理,,X4275BF,,吉林铁道职业技术大学,8D25,铁道桥梁隧道工程技术,,,,,,372,26920,,,,,,372,26920,,,,,,,,,专科,,,,,
8404023,宁夏,专科批,物理,,X4275BF,,吉林铁道职业技术大学,AA8D,铁道供电技术,,,,,,381,24947,,,,,,381,24947,,,,,,,,,专科,,,,,
8404268,宁夏,本科批,历史,,X2588AE,,内蒙古科技大学包头师范学院,51C8,思想政治教育,,,,,,483,4360,,,,,,483,4360,,,,,,,,,本科,,,,,
8404269,宁夏,本科批,历史,,X2588AE,,内蒙古科技大学包头师范学院,0FBC,金融学,,,,,,484,4295,,,,,,484,4295,,,,,,,,,本科,,,,,
8404270,宁夏,本科批,历史,,X2588AE,,内蒙古科技大学包头师范学院,927B,法学,,,,,,489,3940,,,,,,489,3940,,,,,,,,,本科,,,,,
8404271,宁夏,本科批,物理,,X2588AE,,内蒙古科技大学包头师范学院,5E19,会计学,,,,,,421,16413,,,,,,421,16413,,,,,,,,,本科,,,,,
8404461,宁夏,专科批,历史,,X29F28C,,重庆工业职业技术大学,82E6,计算机类,,,,,,409,11395,,,,,,409,11395,,,,,,,,,专科,,,,,
8404462,宁夏,专科批,历史,,X29F28C,,重庆工业职业技术大学,722E,大数据与会计,,,,,,411,11161,,,,,,411,11161,,,,,,,,,专科,,,,,
8404463,宁夏,专科批,物理,,X29F28C,,重庆工业职业技术大学,FD80,机械设计制造类,,,,,,364,28578,,,,,,364,28578,,,,,,,,,专科,,,,,
8404464,宁夏,专科批,物理,,X29F28C,,重庆工业职业技术大学,82E6,计算机类,,,,,,365,28372,,,,,,365,28372,,,,,,,,,专科,,,,,
8404465,宁夏,专科批,物理,,X29F28C,,重庆工业职业技术大学,861C,电子信息类,,,,,,368,27741,,,,,,368,27741,,,,,,,,,专科,,,,,
8404466,宁夏,专科批,物理,,X29F28C,,重庆工业职业技术大学,0184,自动化类,,,,,,379,25402,,,,,,379,25402,,,,,,,,,专科,,,,,
8405001,宁夏,本科批,历史,,X5D7179,,宁夏医科大学,4BF3,护理学,,,,,,490,3859,,,,,,490,3859,,,,,,,,,本科,,,,,
8405002,宁夏,本科批,历史,,X5D7179,,宁夏医科大学,090D,公共事业管理,,,,,,504,2973,,,,,,504,2973,,,,,,,,,本科,,,,,
8405003,宁夏,本科批,历史,,X5D7179,,宁夏医科大学,6246,针灸推拿学,,,,,,509,2669,,,,,,509,2669,,,,,,,,,本科,,,,,
8405004,宁夏,本科批,历史,,X5D7179,,宁夏医科大学,55D9,中医康复学,,,,,,512,2492,,,,,,512,2492,,,,,,,,,本科,,,,,
8405005,宁夏,本科批,历史,,X5D7179,,宁夏医科大学,03FE,中医学,,,,,,519,2144,,,,,,519,2144,,,,,,,,,本科,,,,,
8405006,宁夏,专科批,物理,,X5D7179,,宁夏医科大学,97D0,临床医学,,,,,,391,22772,,,,,,391,22772,,,,,,,,,专科,,,,,
8405007,宁夏,专科批,物理,,X5D7179,,宁夏医科大学,5DA6,口腔医学,,,,,,405,19783,,,,,,405,19783,,,,,,,,,专科,,,,,
8405008,宁夏,本科批,物理,,X5D7179,,宁夏医科大学,2E83,公共事业管理（专业代码:50）,专业代码:50,,,,,427,15234,,,,,,427,15234,,,,,,,,,本科,,,,,
8405009,宁夏,本科批,物理,,X5D7179,,宁夏医科大学,D40C,少数民族预科班,,,,,,429,14886,,,,,,429,14886,,,,,,,,,本科,,,,,
8405010,宁夏,本科批,物理,,X5D7179,,宁夏医科大学,B55C,护理学（专业代码:61）,专业代码:61,,,,,432,14269,,,,,,432,14269,,,,,,,,,本科,,,,,
8405011,宁夏,本科批,物理,,X5D7179,,宁夏医科大学,42F9,卫生检验与检疫（专业代码:57）,专业代码:57,,,,,435,13689,,,,,,435,13689,,,,,,,,,本科,,,,,
8405012,宁夏,本科批,物理,,X5D7179,,宁夏医科大学,6D92,药学（专业代码:60）,专业代码:60,,,,,438,13162,,,,,,438,13162,,,,,,,,,本科,,,,,
8405013,宁夏,本科批,物理,,X5D7179,,宁夏医科大学,F059,医学信息工程（专业代码:33）,专业代码:33,,,,,441,12659,,,,,,441,12659,,,,,,,,,本科,,,,,
8405014,宁夏,本科批,物理,,X5D7179,,宁夏医科大学,30BA,药学（专业代码:41）,专业代码:41,,,,,441,12659,,,,,,441,12659,,,,,,,,,本科,,,,,
8405015,宁夏,本科批,物理,,X5D7179,,宁夏医科大学,F93F,预防医学（专业代码:62）,专业代码:62,,,,,443,12278,,,,,,443,12278,,,,,,,,,本科,,,,,
8405016,宁夏,本科批,物理,,X5D7179,,宁夏医科大学,834B,医学检验技术（专业代码:43）,专业代码:43,,,,,445,11992,,,,,,445,11992,,,,,,,,,本科,,,,,
8405017,宁夏,本科批,物理,,X5D7179,,宁夏医科大学,0EFD,临床药学（专业代码:34）,专业代码:34,,,,,445,11992,,,,,,445,11992,,,,,,,,,本科,,,,,
8405018,宁夏,本科批,物理,,X5D7179,,宁夏医科大学,1721,针灸推拿学（专业代码:51）,专业代码:51,,,,,445,11992,,,,,,445,11992,,,,,,,,,本科,,,,,
8405019,宁夏,本科批,物理,,X5D7179,,宁夏医科大学,B30D,公共事业管理（专业代码:36）,专业代码:36,,,,,449,11257,,,,,,449,11257,,,,,,,,,本科,,,,,
8405020,宁夏,本科批,物理,,X5D7179,,宁夏医科大学,0107,护理学（专业代码:40）,专业代码:40,,,,,449,11257,,,,,,449,11257,,,,,,,,,本科,,,,,
8405021,宁夏,本科批,物理,,X5D7179,,宁夏医科大学,FF2B,中药学（专业代码:39）,专业代码:39,,,,,450,11095,,,,,,450,11095,,,,,,,,,本科,,,,,
8405022,宁夏,本科批,物理,,X5D7179,,宁夏医科大学,E91B,中医康复学（专业代码:52）,专业代码:52,,,,,451,10913,,,,,,451,10913,,,,,,,,,本科,,,,,
8405023,宁夏,本科批,物理,,X5D7179,,宁夏医科大学,7C86,康复治疗学（专业代码:26）,专业代码:26,,,,,455,10282,,,,,,455,10282,,,,,,,,,本科,,,,,
8405024,宁夏,本科批,物理,,X5D7179,,宁夏医科大学,7F44,眼视光医学（专业代码:48）,专业代码:48,,,,,461,9388,,,,,,461,9388,,,,,,,,,本科,,,,,
8405025,宁夏,本科批,物理,,X5D7179,,宁夏医科大学,AA33,中医学（专业代码:53）,专业代码:53,,,,,463,9101,,,,,,463,9101,,,,,,,,,本科,,,,,
8405353,宁夏,专科批,历史,,X6825BD,,兰州资源环境职业技术大学,FFD1,矿山地质,,,,,,403,12039,,,,,,403,12039,,,,,,,,,专科,,,,,
8405354,宁夏,专科批,历史,,X6825BD,,兰州资源环境职业技术大学,5C71,电气自动化技术,,,,,,403,12039,,,,,,403,12039,,,,,,,,,专科,,,,,
8405355,宁夏,专科批,物理,,X6825BD,,兰州资源环境职业技术大学,FFD1,矿山地质,,,,,,360,29369,,,,,,360,29369,,,,,,,,,专科,,,,,
8405356,宁夏,专科批,物理,,X6825BD,,兰州资源环境职业技术大学,5C71,电气自动化技术,,,,,,362,28983,,,,,,362,28983,,,,,,,,,专科,,,,,
8405883,宁夏,专科批,历史,,X7A4610,,哈尔滨职业技术大学,2B56,建筑设计,,,,,,362,16488,,,,,,362,16488,,,,,,,,,专科,,,,,
8405884,宁夏,专科批,历史,,X7A4610,,哈尔滨职业技术大学,7114,城市轨道交通机电技术,,,,,,365,16192,,,,,,365,16192,,,,,,,,,专科,,,,,
8405885,宁夏,专科批,历史,,X7A4610,,哈尔滨职业技术大学,09EE,市场营销,,,,,,366,16078,,,,,,366,16078,,,,,,,,,专科,,,,,
8405886,宁夏,专科批,历史,,X7A4610,,哈尔滨职业技术大学,225A,应急救援技术,,,,,,377,14891,,,,,,377,14891,,,,,,,,,专科,,,,,
8405887,宁夏,专科批,物理,,X7A4610,,哈尔滨职业技术大学,225A,应急救援技术,,,,,,335,33970,,,,,,335,33970,,,,,,,,,专科,,,,,
8405888,宁夏,专科批,物理,,X7A4610,,哈尔滨职业技术大学,7114,城市轨道交通机电技术,,,,,,335,33970,,,,,,335,33970,,,,,,,,,专科,,,,,
8405889,宁夏,专科批,物理,,X7A4610,,哈尔滨职业技术大学,7888,机电一体化技术,,,,,,338,33435,,,,,,338,33435,,,,,,,,,专科,,,,,
8405890,宁夏,专科批,物理,,X7A4610,,哈尔滨职业技术大学,E50B,智慧健康养老服务与管理,,,,,,345,32213,,,,,,345,32213,,,,,,,,,专科,,,,,
8406069,宁夏,专科批,物理,,X084A34,,黄河水利职业技术大学,6246,建筑工程技术,,,,,,376,26031,,,,,,376,26031,,,,,,,,,专科,,,,,
8406070,宁夏,专科批,物理,,X084A34,,黄河水利职业技术大学,575D,测绘工程技术,,,,,,381,24947,,,,,,381,24947,,,,,,,,,专科,,,,,
8406071,宁夏,专科批,物理,,X084A34,,黄河水利职业技术大学,61A3,智慧水利技术,,,,,,382,24722,,,,,,382,24722,,,,,,,,,专科,,,,,
8406072,宁夏,专科批,物理,,X084A34,,黄河水利职业技术大学,3DE8,水利水电建筑工程,,,,,,390,22976,,,,,,390,22976,,,,,,,,,专科,,,,,
8406927,宁夏,专科批,历史,,XFBC2CD,,陕西农林职业技术大学,371D,工程造价,,,,,,372,15451,,,,,,372,15451,,,,,,,,,专科,,,,,
8406928,宁夏,专科批,历史,,XFBC2CD,,陕西农林职业技术大学,44DD,现代通信技术,,,,,,373,15330,,,,,,373,15330,,,,,,,,,专科,,,,,
8406929,宁夏,专科批,历史,,XFBC2CD,,陕西农林职业技术大学,750E,植物保护与检疫技术,,,,,,379,14706,,,,,,379,14706,,,,,,,,,专科,,,,,
8406930,宁夏,专科批,历史,,XFBC2CD,,陕西农林职业技术大学,163F,大数据与财务管理,,,,,,391,13355,,,,,,391,13355,,,,,,,,,专科,,,,,
8406931,宁夏,专科批,物理,,XFBC2CD,,陕西农林职业技术大学,56D4,工程测量技术,,,,,,325,35608,,,,,,325,35608,,,,,,,,,专科,,,,,
8406932,宁夏,专科批,物理,,XFBC2CD,,陕西农林职业技术大学,6246,建筑工程技术,,,,,,328,35174,,,,,,328,35174,,,,,,,,,专科,,,,,
8406933,宁夏,专科批,物理,,XFBC2CD,,陕西农林职业技术大学,D300,道路与桥梁工程技术,,,,,,329,35016,,,,,,329,35016,,,,,,,,,专科,,,,,
8406934,宁夏,专科批,物理,,XFBC2CD,,陕西农林职业技术大学,0355,园林工程技术,,,,,,330,34843,,,,,,330,34843,,,,,,,,,专科,,,,,
8406935,宁夏,专科批,物理,,XFBC2CD,,陕西农林职业技术大学,10A0,药学,,,,,,338,33435,,,,,,338,33435,,,,,,,,,专科,,,,,
8406936,宁夏,专科批,物理,,XFBC2CD,,陕西农林职业技术大学,65C5,水利水电工程技术,,,,,,346,32042,,,,,,346,32042,,,,,,,,,专科,,,,,
8408636,宁夏,专科批,物理,,XDC615C,,铜仁职业技术大学,2DDF,医学影像技术,,,,,,321,36244,,,,,,321,36244,,,,,,,,,专科,,,,,
8408637,宁夏,专科批,物理,,XDC615C,,铜仁职业技术大学,C166,大数据技术,,,,,,324,35769,,,,,,324,35769,,,,,,,,,专科,,,,,
8408638,宁夏,专科批,物理,,XDC615C,,铜仁职业技术大学,10A0,药学,,,,,,326,35467,,,,,,326,35467,,,,,,,,,专科,,,,,
8408639,宁夏,专科批,物理,,XDC615C,,铜仁职业技术大学,97D0,临床医学,,,,,,327,35315,,,,,,327,35315,,,,,,,,,专科,,,,,
8408640,宁夏,专科批,物理,,XDC615C,,铜仁职业技术大学,F89D,康复治疗技术,,,,,,329,35016,,,,,,329,35016,,,,,,,,,专科,,,,,
8408860,宁夏,专科批,历史,,XF9A383,,新疆农业职业技术大学,A447,关务与外贸服务,,,,,,341,18569,,,,,,341,18569,,,,,,,,,专科,,,,,
8408861,宁夏,专科批,历史,,XF9A383,,新疆农业职业技术大学,1049,商务英语,,,,,,345,18163,,,,,,345,18163,,,,,,,,,专科,,,,,
8408862,宁夏,专科批,历史,,XF9A383,,新疆农业职业技术大学,09EE,市场营销,,,,,,353,17386,,,,,,353,17386,,,,,,,,,专科,,,,,
8408863,宁夏,专科批,历史,,XF9A383,,新疆农业职业技术大学,13AA,种子生产与经营,,,,,,359,16787,,,,,,359,16787,,,,,,,,,专科,,,,,
8408864,宁夏,专科批,历史,,XF9A383,,新疆农业职业技术大学,D294,植物保护与检疫技术（航空植保方向）,航空植保方向,,,,,373,15330,,,,,,373,15330,,,,,,,,,专科,,,,,
8408865,宁夏,专科批,物理,,XF9A383,,新疆农业职业技术大学,5095,民政服务与管理,,,,,,253,44317,,,,,,253,44317,,,,,,,,,专科,,,,,
8408866,宁夏,专科批,物理,,XF9A383,,新疆农业职业技术大学,DCF4,食品智能加工技术,,,,,,285,41075,,,,,,285,41075,,,,,,,,,专科,,,,,
8408867,宁夏,专科批,物理,,XF9A383,,新疆农业职业技术大学,7815,农产品加工与质量检测,,,,,,298,39508,,,,,,298,39508,,,,,,,,,专科,,,,,
8409175,宁夏,专科批,历史,,XBD45C6,,陕西工业职业技术大学,1049,商务英语,,,,,,414,10845,,,,,,414,10845,,,,,,,,,专科,,,,,
8409176,宁夏,专科批,历史,,XBD45C6,,陕西工业职业技术大学,89E9,服装与服饰设计,,,,,,414,10845,,,,,,414,10845,,,,,,,,,专科,,,,,
8409177,宁夏,专科批,历史,,XBD45C6,,陕西工业职业技术大学,0249,航空物流管理,,,,,,418,10414,,,,,,418,10414,,,,,,,,,专科,,,,,
8409178,宁夏,专科批,历史,,XBD45C6,,陕西工业职业技术大学,C166,大数据技术,,,,,,428,9378,,,,,,428,9378,,,,,,,,,专科,,,,,
8409179,宁夏,专科批,物理,,XBD45C6,,陕西工业职业技术大学,DEDA,增材制造技术,,,,,,365,28372,,,,,,365,28372,,,,,,,,,专科,,,,,
8409180,宁夏,专科批,物理,,XBD45C6,,陕西工业职业技术大学,1049,商务英语,,,,,,366,28152,,,,,,366,28152,,,,,,,,,专科,,,,,
8409181,宁夏,专科批,物理,,XBD45C6,,陕西工业职业技术大学,D300,道路与桥梁工程技术,,,,,,366,28152,,,,,,366,28152,,,,,,,,,专科,,,,,
8409182,宁夏,专科批,物理,,XBD45C6,,陕西工业职业技术大学,C83E,汽车检测与维修技术,,,,,,373,26682,,,,,,373,26682,,,,,,,,,专科,,,,,
8409183,宁夏,专科批,物理,,XBD45C6,,陕西工业职业技术大学,E347,工业设计,,,,,,373,26682,,,,,,373,26682,,,,,,,,,专科,,,,,
8409184,宁夏,专科批,物理,,XBD45C6,,陕西工业职业技术大学,963C,数字化设计与制造技术,,,,,,378,25599,,,,,,378,25599,,,,,,,,,专科,,,,,
8409583,宁夏,专科批,历史,,XC62C06,,兰州石化职业技术大学,1FF8,智能焊接技术,,,,,,395,12930,,,,,,395,12930,,,,,,,,,专科,,,,,
8409584,宁夏,专科批,历史,,XC62C06,,兰州石化职业技术大学,C166,大数据技术,,,,,,405,11825,,,,,,405,11825,,,,,,,,,专科,,,,,
8409585,宁夏,专科批,历史,,XC62C06,,兰州石化职业技术大学,C54A,新能源汽车技术,,,,,,408,11489,,,,,,408,11489,,,,,,,,,专科,,,,,
8409586,宁夏,专科批,历史,,XC62C06,,兰州石化职业技术大学,6D24,移动应用开发,,,,,,408,11489,,,,,,408,11489,,,,,,,,,专科,,,,,
8409587,宁夏,专科批,历史,,XC62C06,,兰州石化职业技术大学,F378,信息安全技术应用,,,,,,411,11161,,,,,,411,11161,,,,,,,,,专科,,,,,
8409588,宁夏,专科批,历史,,XC62C06,,兰州石化职业技术大学,722E,大数据与会计,,,,,,415,10746,,,,,,415,10746,,,,,,,,,专科,,,,,
8409589,宁夏,专科批,历史,,XC62C06,,兰州石化职业技术大学,1A1A,数字媒体技术（音视频制作）,音视频制作,,,,,430,9161,,,,,,430,9161,,,,,,,,,专科,,,,,
8409590,宁夏,专科批,历史,,XC62C06,,兰州石化职业技术大学,4456,水环境智能监测与治理,,,,,,436,8571,,,,,,436,8571,,,,,,,,,专科,,,,,
8409591,宁夏,专科批,物理,,XC62C06,,兰州石化职业技术大学,8501,材料工程技术（高分子）,高分子,,,,,363,28773,,,,,,363,28773,,,,,,,,,专科,,,,,
8409592,宁夏,专科批,物理,,XC62C06,,兰州石化职业技术大学,27D0,化工智能制造技术,,,,,,364,28578,,,,,,364,28578,,,,,,,,,专科,,,,,
8409593,宁夏,专科批,物理,,XC62C06,,兰州石化职业技术大学,F602,工业自动化仪表技术,,,,,,365,28372,,,,,,365,28372,,,,,,,,,专科,,,,,
8409594,宁夏,专科批,物理,,XC62C06,,兰州石化职业技术大学,CAF7,精细化工技术,,,,,,365,28372,,,,,,365,28372,,,,,,,,,专科,,,,,
8409595,宁夏,专科批,物理,,XC62C06,,兰州石化职业技术大学,3247,工业机器人技术,,,,,,366,28152,,,,,,366,28152,,,,,,,,,专科,,,,,
8409596,宁夏,专科批,物理,,XC62C06,,兰州石化职业技术大学,E069,热能动力工程技术,,,,,,366,28152,,,,,,366,28152,,,,,,,,,专科,,,,,
8409597,宁夏,专科批,物理,,XC62C06,,兰州石化职业技术大学,754B,安全技术与管理,,,,,,368,27741,,,,,,368,27741,,,,,,,,,专科,,,,,
8409598,宁夏,专科批,物理,,XC62C06,,兰州石化职业技术大学,B66C,高分子合成技术,,,,,,369,27533,,,,,,369,27533,,,,,,,,,专科,,,,,
8409599,宁夏,专科批,物理,,XC62C06,,兰州石化职业技术大学,3589,光伏工程技术,,,,,,370,27310,,,,,,370,27310,,,,,,,,,专科,,,,,
8409600,宁夏,专科批,物理,,XC62C06,,兰州石化职业技术大学,CA1A,化工安全技术,,,,,,371,27132,,,,,,371,27132,,,,,,,,,专科,,,,,
8409601,宁夏,专科批,物理,,XC62C06,,兰州石化职业技术大学,6481,分析检验技术,,,,,,371,27132,,,,,,371,27132,,,,,,,,,专科,,,,,
8409602,宁夏,专科批,物理,,XC62C06,,兰州石化职业技术大学,EC5F,环境工程技术,,,,,,372,26920,,,,,,372,26920,,,,,,,,,专科,,,,,
8409603,宁夏,专科批,物理,,XC62C06,,兰州石化职业技术大学,FCF1,发电厂及电力系统,,,,,,372,26920,,,,,,372,26920,,,,,,,,,专科,,,,,
8409604,宁夏,专科批,物理,,XC62C06,,兰州石化职业技术大学,B8C9,应用化工技术（公用工程）,公用工程,,,,,374,26464,,,,,,374,26464,,,,,,,,,专科,,,,,
8409605,宁夏,专科批,物理,,XC62C06,,兰州石化职业技术大学,EE60,计算机应用技术（过程控制方向）,过程控制方向,,,,,379,25402,,,,,,379,25402,,,,,,,,,专科,,,,,
8409606,宁夏,专科批,物理,,XC62C06,,兰州石化职业技术大学,5B8E,油气储运技术,,,,,,380,25172,,,,,,380,25172,,,,,,,,,专科,,,,,
8409607,宁夏,专科批,物理,,XC62C06,,兰州石化职业技术大学,714C,应用化工技术（化学工程与工艺）,化学工程与工艺,,,,,385,24080,,,,,,385,24080,,,,,,,,,专科,,,,,
8409608,宁夏,专科批,物理,,XC62C06,,兰州石化职业技术大学,5C71,电气自动化技术,,,,,,391,22772,,,,,,391,22772,,,,,,,,,专科,,,,,
8409609,宁夏,专科批,物理,,XC62C06,,兰州石化职业技术大学,3536,石油化工技术,,,,,,396,21705,,,,,,396,21705,,,,,,,,,专科,,,,,
8410060,宁夏,专科批,历史,,XFA37C5,,乌鲁木齐职业大学,E6CB,社会工作,,,,,,386,13910,,,,,,386,13910,,,,,,,,,专科,,,,,
8410061,宁夏,专科批,历史,,XFA37C5,,乌鲁木齐职业大学,66AE,酒店管理与数字化运营,,,,,,387,13794,,,,,,387,13794,,,,,,,,,专科,,,,,
8410062,宁夏,专科批,历史,,XFA37C5,,乌鲁木齐职业大学,25DE,国际经济与贸易,,,,,,387,13794,,,,,,387,13794,,,,,,,,,专科,,,,,
8410063,宁夏,专科批,历史,,XFA37C5,,乌鲁木齐职业大学,2893,印刷媒体技术,,,,,,390,13464,,,,,,390,13464,,,,,,,,,专科,,,,,
8410064,宁夏,专科批,历史,,XFA37C5,,乌鲁木齐职业大学,722E,大数据与会计,,,,,,394,13034,,,,,,394,13034,,,,,,,,,专科,,,,,
8410065,宁夏,专科批,历史,,XFA37C5,,乌鲁木齐职业大学,E50B,智慧健康养老服务与管理,,,,,,400,12393,,,,,,400,12393,,,,,,,,,专科,,,,,
8410066,宁夏,专科批,历史,,XFA37C5,,乌鲁木齐职业大学,F9C7,应用英语,,,,,,401,12275,,,,,,401,12275,,,,,,,,,专科,,,,,
8410067,宁夏,专科批,历史,,XFA37C5,,乌鲁木齐职业大学,371D,工程造价,,,,,,425,9688,,,,,,425,9688,,,,,,,,,专科,,,,,
8410068,宁夏,专科批,历史,,XFA37C5,,乌鲁木齐职业大学,DBA1,小学语文教育,,,,,,431,9058,,,,,,431,9058,,,,,,,,,专科,,,,,
8410069,宁夏,专科批,物理,,XFA37C5,,乌鲁木齐职业大学,66AE,酒店管理与数字化运营,,,,,,329,35016,,,,,,329,35016,,,,,,,,,专科,,,,,
8410070,宁夏,专科批,物理,,XFA37C5,,乌鲁木齐职业大学,25DE,国际经济与贸易,,,,,,329,35016,,,,,,329,35016,,,,,,,,,专科,,,,,
8410071,宁夏,专科批,物理,,XFA37C5,,乌鲁木齐职业大学,BD06,工商企业管理,,,,,,331,34650,,,,,,331,34650,,,,,,,,,专科,,,,,
8410072,宁夏,专科批,物理,,XFA37C5,,乌鲁木齐职业大学,38AE,云计算技术应用,,,,,,332,34470,,,,,,332,34470,,,,,,,,,专科,,,,,
8410073,宁夏,专科批,物理,,XFA37C5,,乌鲁木齐职业大学,7567,社区管理与服务,,,,,,332,34470,,,,,,332,34470,,,,,,,,,专科,,,,,
8410074,宁夏,专科批,物理,,XFA37C5,,乌鲁木齐职业大学,D392,虚拟现实技术应用,,,,,,333,34304,,,,,,333,34304,,,,,,,,,专科,,,,,
8410075,宁夏,专科批,物理,,XFA37C5,,乌鲁木齐职业大学,722E,大数据与会计,,,,,,333,34304,,,,,,333,34304,,,,,,,,,专科,,,,,
8410076,宁夏,专科批,物理,,XFA37C5,,乌鲁木齐职业大学,F378,信息安全技术应用,,,,,,336,33792,,,,,,336,33792,,,,,,,,,专科,,,,,
8410077,宁夏,专科批,物理,,XFA37C5,,乌鲁木齐职业大学,371D,工程造价,,,,,,337,33612,,,,,,337,33612,,,,,,,,,专科,,,,,
8410078,宁夏,专科批,物理,,XFA37C5,,乌鲁木齐职业大学,E347,工业设计,,,,,,337,33612,,,,,,337,33612,,,,,,,,,专科,,,,,
8410079,宁夏,专科批,物理,,XFA37C5,,乌鲁木齐职业大学,3247,工业机器人技术,,,,,,337,33612,,,,,,337,33612,,,,,,,,,专科,,,,,
8410080,宁夏,专科批,物理,,XFA37C5,,乌鲁木齐职业大学,995B,现代物流管理,,,,,,339,33292,,,,,,339,33292,,,,,,,,,专科,,,,,
8410081,宁夏,专科批,物理,,XFA37C5,,乌鲁木齐职业大学,64DD,眼视光技术,,,,,,340,33109,,,,,,340,33109,,,,,,,,,专科,,,,,
8410082,宁夏,专科批,物理,,XFA37C5,,乌鲁木齐职业大学,71B7,人工智能技术应用,,,,,,341,32942,,,,,,341,32942,,,,,,,,,专科,,,,,
8410083,宁夏,专科批,物理,,XFA37C5,,乌鲁木齐职业大学,E50B,智慧健康养老服务与管理,,,,,,342,32771,,,,,,342,32771,,,,,,,,,专科,,,,,
8410084,宁夏,专科批,物理,,XFA37C5,,乌鲁木齐职业大学,9D18,智慧景区开发与管理,,,,,,345,32213,,,,,,345,32213,,,,,,,,,专科,,,,,
8410085,宁夏,专科批,物理,,XFA37C5,,乌鲁木齐职业大学,BFA9,机械制造及自动化,,,,,,347,31865,,,,,,347,31865,,,,,,,,,专科,,,,,
8410086,宁夏,专科批,物理,,XFA37C5,,乌鲁木齐职业大学,4154,电子商务,,,,,,347,31865,,,,,,347,31865,,,,,,,,,专科,,,,,
8410087,宁夏,专科批,物理,,XFA37C5,,乌鲁木齐职业大学,DCEF,小学教育,,,,,,351,31161,,,,,,351,31161,,,,,,,,,专科,,,,,
8410088,宁夏,专科批,物理,,XFA37C5,,乌鲁木齐职业大学,5C71,电气自动化技术,,,,,,354,30570,,,,,,354,30570,,,,,,,,,专科,,,,,
8410391,宁夏,本科批,物理,,X731F7F,,复旦大学上海医学院,BD1F,临床医学（卓越医生计划）,卓越医生计划,,,,,643,104,,,,,,643,104,,,,,,,,,本科,,,,,
8410628,宁夏,专科批,历史,,XFC3574,,新疆交通职业技术大学,50FA,道路工程检测技术,,,,,,352,17475,,,,,,352,17475,,,,,,,,,专科,,,,,
8410629,宁夏,专科批,物理,,XFC3574,,新疆交通职业技术大学,56D4,工程测量技术,,,,,,293,40141,,,,,,293,40141,,,,,,,,,专科,,,,,
8410630,宁夏,专科批,物理,,XFC3574,,新疆交通职业技术大学,50FA,道路工程检测技术,,,,,,310,37896,,,,,,310,37896,,,,,,,,,专科,,,,,
8411004,宁夏,专科批,历史,,X2C4865,,甘肃林业职业技术大学,C166,大数据技术,,,,,,365,16192,,,,,,365,16192,,,,,,,,,专科,,,,,
8411005,宁夏,专科批,历史,,X2C4865,,甘肃林业职业技术大学,6E42,测绘地理信息技术,,,,,,366,16078,,,,,,366,16078,,,,,,,,,专科,,,,,
8411006,宁夏,专科批,历史,,X2C4865,,甘肃林业职业技术大学,3391,智能产品开发与应用,,,,,,367,15990,,,,,,367,15990,,,,,,,,,专科,,,,,
8411007,宁夏,专科批,历史,,X2C4865,,甘肃林业职业技术大学,EC5F,环境工程技术,,,,,,367,15990,,,,,,367,15990,,,,,,,,,专科,,,,,
8411008,宁夏,专科批,历史,,X2C4865,,甘肃林业职业技术大学,B0E4,森林生态旅游与康养,,,,,,369,15796,,,,,,369,15796,,,,,,,,,专科,,,,,
8411009,宁夏,专科批,历史,,X2C4865,,甘肃林业职业技术大学,3D4E,环境监测技术,,,,,,370,15667,,,,,,370,15667,,,,,,,,,专科,,,,,
8411010,宁夏,专科批,历史,,X2C4865,,甘肃林业职业技术大学,0355,园林工程技术,,,,,,370,15667,,,,,,370,15667,,,,,,,,,专科,,,,,
8411011,宁夏,专科批,历史,,X2C4865,,甘肃林业职业技术大学,805D,林业信息技术应用,,,,,,380,14598,,,,,,380,14598,,,,,,,,,专科,,,,,
8411012,宁夏,专科批,历史,,X2C4865,,甘肃林业职业技术大学,3861,森林和草原资源保护,,,,,,380,14598,,,,,,380,14598,,,,,,,,,专科,,,,,
8411013,宁夏,专科批,物理,,X2C4865,,甘肃林业职业技术大学,C166,大数据技术,,,,,,316,36980,,,,,,316,36980,,,,,,,,,专科,,,,,
8411014,宁夏,专科批,物理,,X2C4865,,甘肃林业职业技术大学,3391,智能产品开发与应用,,,,,,319,36554,,,,,,319,36554,,,,,,,,,专科,,,,,
8411015,宁夏,专科批,物理,,X2C4865,,甘肃林业职业技术大学,6E42,测绘地理信息技术,,,,,,320,36415,,,,,,320,36415,,,,,,,,,专科,,,,,
8411016,宁夏,专科批,物理,,X2C4865,,甘肃林业职业技术大学,805D,林业信息技术应用,,,,,,322,36069,,,,,,322,36069,,,,,,,,,专科,,,,,
8411017,宁夏,专科批,物理,,X2C4865,,甘肃林业职业技术大学,EC5F,环境工程技术,,,,,,323,35914,,,,,,323,35914,,,,,,,,,专科,,,,,
8411018,宁夏,专科批,物理,,X2C4865,,甘肃林业职业技术大学,0355,园林工程技术,,,,,,326,35467,,,,,,326,35467,,,,,,,,,专科,,,,,
8411019,宁夏,专科批,物理,,X2C4865,,甘肃林业职业技术大学,B0E4,森林生态旅游与康养,,,,,,337,33612,,,,,,337,33612,,,,,,,,,专科,,,,,
8411020,宁夏,专科批,物理,,X2C4865,,甘肃林业职业技术大学,3D4E,环境监测技术,,,,,,340,33109,,,,,,340,33109,,,,,,,,,专科,,,,,
8411021,宁夏,专科批,物理,,X2C4865,,甘肃林业职业技术大学,3861,森林和草原资源保护,,,,,,348,31693,,,,,,348,31693,,,,,,,,,专科,,,,,
8411164,宁夏,专科批,历史,,X0F4147,,青海职业技术大学,163F,大数据与财务管理,,,,,,400,12393,,,,,,400,12393,,,,,,,,,专科,,,,,
8411165,宁夏,专科批,历史,,X0F4147,,青海职业技术大学,722E,大数据与会计,,,,,,405,11825,,,,,,405,11825,,,,,,,,,专科,,,,,
8411166,宁夏,专科批,物理,,X0F4147,,青海职业技术大学,3D4E,环境监测技术,,,,,,323,35914,,,,,,323,35914,,,,,,,,,专科,,,,,
8411167,宁夏,专科批,物理,,X0F4147,,青海职业技术大学,0AEF,建设工程监理,,,,,,327,35315,,,,,,327,35315,,,,,,,,,专科,,,,,
8411168,宁夏,专科批,物理,,X0F4147,,青海职业技术大学,66AE,酒店管理与数字化运营,,,,,,329,35016,,,,,,329,35016,,,,,,,,,专科,,,,,
8411169,宁夏,专科批,物理,,X0F4147,,青海职业技术大学,AC61,铁道工程技术,,,,,,329,35016,,,,,,329,35016,,,,,,,,,专科,,,,,
8411170,宁夏,专科批,物理,,X0F4147,,青海职业技术大学,14F7,铁道车辆技术,,,,,,331,34650,,,,,,331,34650,,,,,,,,,专科,,,,,
8411171,宁夏,专科批,物理,,X0F4147,,青海职业技术大学,5AE3,新能源汽车检测与维修技术,,,,,,334,34151,,,,,,334,34151,,,,,,,,,专科,,,,,
8411286,宁夏,专科批,历史,,X67B90A,,民政职业大学,3E68,婚庆服务与管理（主持与主播）,主持与主播,,,,,349,17794,,,,,,349,17794,,,,,,,,,专科,,,,,
8411287,宁夏,专科批,物理,,X67B90A,,民政职业大学,ED62,康复辅助器具技术,,,,,,369,27533,,,,,,369,27533,,,,,,,,,专科,,,,,
8411539,宁夏,专科批,历史,,X738C37,,甘肃工业职业技术大学,3589,光伏工程技术,,,,,,359,16787,,,,,,359,16787,,,,,,,,,专科,,,,,
8411540,宁夏,专科批,历史,,X738C37,,甘肃工业职业技术大学,722E,大数据与会计,,,,,,360,16686,,,,,,360,16686,,,,,,,,,专科,,,,,
8411541,宁夏,专科批,历史,,X738C37,,甘肃工业职业技术大学,A80A,建设工程管理,,,,,,371,15564,,,,,,371,15564,,,,,,,,,专科,,,,,
8411542,宁夏,专科批,物理,,X738C37,,甘肃工业职业技术大学,A4F3,地质调查与矿产普查,,,,,,331,34650,,,,,,331,34650,,,,,,,,,专科,,,,,
8411543,宁夏,专科批,物理,,X738C37,,甘肃工业职业技术大学,15CA,应用化工技术,,,,,,334,34151,,,,,,334,34151,,,,,,,,,专科,,,,,
8411689,宁夏,本科批,历史,,X4FB251,,中国戏曲学院,99B8,戏剧影视文学（戏曲文学）,戏曲文学,,,,,520,2090,,,,,,520,2090,,,,,,,,,本科,,,,,
8411800,宁夏,专科批,历史,,X5E37C0,,酒泉职业技术大学,8DEA,风力发电工程技术,,,,,,371,15564,,,,,,371,15564,,,,,,,,,专科,,,,,
8411801,宁夏,专科批,历史,,X5E37C0,,酒泉职业技术大学,D300,道路与桥梁工程技术,,,,,,372,15451,,,,,,372,15451,,,,,,,,,专科,,,,,
8411802,宁夏,专科批,历史,,X5E37C0,,酒泉职业技术大学,086D,水利工程,,,,,,381,14480,,,,,,381,14480,,,,,,,,,专科,,,,,
8411803,宁夏,专科批,历史,,X5E37C0,,酒泉职业技术大学,15CA,应用化工技术,,,,,,399,12496,,,,,,399,12496,,,,,,,,,专科,,,,,
8411804,宁夏,专科批,物理,,X5E37C0,,酒泉职业技术大学,8DEA,风力发电工程技术,,,,,,339,33292,,,,,,339,33292,,,,,,,,,专科,,,,,
8411805,宁夏,专科批,物理,,X5E37C0,,酒泉职业技术大学,086D,水利工程,,,,,,339,33292,,,,,,339,33292,,,,,,,,,专科,,,,,
8411806,宁夏,专科批,物理,,X5E37C0,,酒泉职业技术大学,D300,道路与桥梁工程技术,,,,,,342,32771,,,,,,342,32771,,,,,,,,,专科,,,,,
8411851,宁夏,专科批,历史,,X3EC68F,,武威职业技术大学,8121,护理,,,,,,376,15013,,,,,,376,15013,,,,,,,,,专科,,,,,
8411852,宁夏,专科批,历史,,X3EC68F,,武威职业技术大学,163F,大数据与财务管理,,,,,,378,14802,,,,,,378,14802,,,,,,,,,专科,,,,,
8411853,宁夏,专科批,历史,,X3EC68F,,武威职业技术大学,108F,学前教育,,,,,,379,14706,,,,,,379,14706,,,,,,,,,专科,,,,,
8411854,宁夏,专科批,物理,,X3EC68F,,武威职业技术大学,8121,护理,,,,,,313,37470,,,,,,313,37470,,,,,,,,,专科,,,,,
8411855,宁夏,专科批,物理,,X3EC68F,,武威职业技术大学,7888,机电一体化技术,,,,,,317,36838,,,,,,317,36838,,,,,,,,,专科,,,,,
8411856,宁夏,专科批,物理,,X3EC68F,,武威职业技术大学,7579,建筑消防技术,,,,,,333,34304,,,,,,333,34304,,,,,,,,,专科,,,,,
8411908,宁夏,专科批,历史,,X8DC400,,宁夏职业技术大学,9C9B,广播影视节目制作,,,,,,410,11289,,,,,,410,11289,,,,,,,,,专科,,,,,
8411909,宁夏,专科批,历史,,X8DC400,,宁夏职业技术大学,995B,现代物流管理,,,,,,410,11289,,,,,,410,11289,,,,,,,,,专科,,,,,
8411910,宁夏,专科批,历史,,X8DC400,,宁夏职业技术大学,B633,环境艺术设计,,,,,,411,11161,,,,,,411,11161,,,,,,,,,专科,,,,,
8411911,宁夏,专科批,历史,,X8DC400,,宁夏职业技术大学,2F93,广告艺术设计,,,,,,411,11161,,,,,,411,11161,,,,,,,,,专科,,,,,
8411912,宁夏,专科批,历史,,X8DC400,,宁夏职业技术大学,97F6,生物制药技术,,,,,,411,11161,,,,,,411,11161,,,,,,,,,专科,,,,,
8411913,宁夏,专科批,历史,,X8DC400,,宁夏职业技术大学,9312,纺织品检验与贸易,,,,,,412,11048,,,,,,412,11048,,,,,,,,,专科,,,,,
8411914,宁夏,专科批,历史,,X8DC400,,宁夏职业技术大学,4154,电子商务,,,,,,412,11048,,,,,,412,11048,,,,,,,,,专科,,,,,
8411915,宁夏,专科批,历史,,X8DC400,,宁夏职业技术大学,A784,中药制药,,,,,,413,10952,,,,,,413,10952,,,,,,,,,专科,,,,,
8411916,宁夏,专科批,历史,,X8DC400,,宁夏职业技术大学,E50B,智慧健康养老服务与管理,,,,,,415,10746,,,,,,415,10746,,,,,,,,,专科,,,,,
8411917,宁夏,专科批,历史,,X8DC400,,宁夏职业技术大学,A152,建筑室内设计,,,,,,415,10746,,,,,,415,10746,,,,,,,,,专科,,,,,
8411918,宁夏,专科批,历史,,X8DC400,,宁夏职业技术大学,5C02,数字媒体艺术设计,,,,,,419,10308,,,,,,419,10308,,,,,,,,,专科,,,,,
8411919,宁夏,专科批,历史,,X8DC400,,宁夏职业技术大学,722E,大数据与会计,,,,,,421,10086,,,,,,421,10086,,,,,,,,,专科,,,,,
8411920,宁夏,专科批,历史,,X8DC400,,宁夏职业技术大学,7400,健康管理,,,,,,421,10086,,,,,,421,10086,,,,,,,,,专科,,,,,
8411921,宁夏,专科批,历史,,X8DC400,,宁夏职业技术大学,8581,中医康复技术,,,,,,423,9878,,,,,,423,9878,,,,,,,,,专科,,,,,
8411922,宁夏,专科批,历史,,X8DC400,,宁夏职业技术大学,E396,食品检验检测技术,,,,,,425,9688,,,,,,425,9688,,,,,,,,,专科,,,,,
8411923,宁夏,专科批,历史,,X8DC400,,宁夏职业技术大学,9BF8,畜牧兽医,,,,,,428,9378,,,,,,428,9378,,,,,,,,,专科,,,,,
8411924,宁夏,专科批,历史,,X8DC400,,宁夏职业技术大学,3654,人物形象设计,,,,,,429,9266,,,,,,429,9266,,,,,,,,,专科,,,,,
8411925,宁夏,专科批,物理,,X8DC400,,宁夏职业技术大学,4154,电子商务,,,,,,362,28983,,,,,,362,28983,,,,,,,,,专科,,,,,
8411926,宁夏,专科批,物理,,X8DC400,,宁夏职业技术大学,A784,中药制药,,,,,,363,28773,,,,,,363,28773,,,,,,,,,专科,,,,,
8411927,宁夏,专科批,物理,,X8DC400,,宁夏职业技术大学,7400,健康管理,,,,,,363,28773,,,,,,363,28773,,,,,,,,,专科,,,,,
8411928,宁夏,专科批,物理,,X8DC400,,宁夏职业技术大学,7981,计算机应用技术,,,,,,363,28773,,,,,,363,28773,,,,,,,,,专科,,,,,
8411929,宁夏,专科批,物理,,X8DC400,,宁夏职业技术大学,97F6,生物制药技术,,,,,,363,28773,,,,,,363,28773,,,,,,,,,专科,,,,,
8411930,宁夏,专科批,物理,,X8DC400,,宁夏职业技术大学,A152,建筑室内设计,,,,,,364,28578,,,,,,364,28578,,,,,,,,,专科,,,,,
8411931,宁夏,专科批,物理,,X8DC400,,宁夏职业技术大学,995B,现代物流管理,,,,,,364,28578,,,,,,364,28578,,,,,,,,,专科,,,,,
8411932,宁夏,专科批,物理,,X8DC400,,宁夏职业技术大学,41FD,计算机网络技术,,,,,,365,28372,,,,,,365,28372,,,,,,,,,专科,,,,,
8411933,宁夏,专科批,物理,,X8DC400,,宁夏职业技术大学,722E,大数据与会计,,,,,,365,28372,,,,,,365,28372,,,,,,,,,专科,,,,,
8411934,宁夏,专科批,物理,,X8DC400,,宁夏职业技术大学,E50B,智慧健康养老服务与管理,,,,,,366,28152,,,,,,366,28152,,,,,,,,,专科,,,,,
8411935,宁夏,专科批,物理,,X8DC400,,宁夏职业技术大学,E396,食品检验检测技术,,,,,,367,27948,,,,,,367,27948,,,,,,,,,专科,,,,,
8411936,宁夏,专科批,物理,,X8DC400,,宁夏职业技术大学,9C9B,广播影视节目制作,,,,,,367,27948,,,,,,367,27948,,,,,,,,,专科,,,,,
8411937,宁夏,专科批,物理,,X8DC400,,宁夏职业技术大学,5C02,数字媒体艺术设计,,,,,,367,27948,,,,,,367,27948,,,,,,,,,专科,,,,,
8411938,宁夏,专科批,物理,,X8DC400,,宁夏职业技术大学,2F93,广告艺术设计,,,,,,368,27741,,,,,,368,27741,,,,,,,,,专科,,,,,
8411939,宁夏,专科批,物理,,X8DC400,,宁夏职业技术大学,71B7,人工智能技术应用,,,,,,369,27533,,,,,,369,27533,,,,,,,,,专科,,,,,
8411940,宁夏,专科批,物理,,X8DC400,,宁夏职业技术大学,FAAE,软件技术,,,,,,370,27310,,,,,,370,27310,,,,,,,,,专科,,,,,
8411941,宁夏,专科批,物理,,X8DC400,,宁夏职业技术大学,8581,中医康复技术,,,,,,370,27310,,,,,,370,27310,,,,,,,,,专科,,,,,
8411942,宁夏,专科批,物理,,X8DC400,,宁夏职业技术大学,C166,大数据技术,,,,,,371,27132,,,,,,371,27132,,,,,,,,,专科,,,,,
8411943,宁夏,专科批,物理,,X8DC400,,宁夏职业技术大学,7888,机电一体化技术,,,,,,373,26682,,,,,,373,26682,,,,,,,,,专科,,,,,
8411944,宁夏,专科批,物理,,X8DC400,,宁夏职业技术大学,5C71,电气自动化技术,,,,,,375,26239,,,,,,375,26239,,,,,,,,,专科,,,,,
8411992,宁夏,专科批,历史,,X3C8279,,宁夏工商职业技术大学,CA0F,旅游管理,,,,,,403,12039,,,,,,403,12039,,,,,,,,,专科,,,,,
8411993,宁夏,专科批,历史,,X3C8279,,宁夏工商职业技术大学,4154,电子商务,,,,,,403,12039,,,,,,403,12039,,,,,,,,,专科,,,,,
8411994,宁夏,专科批,历史,,X3C8279,,宁夏工商职业技术大学,8182,会展策划与管理,,,,,,404,11932,,,,,,404,11932,,,,,,,,,专科,,,,,
8411995,宁夏,专科批,历史,,X3C8279,,宁夏工商职业技术大学,C19A,人力资源管理,,,,,,404,11932,,,,,,404,11932,,,,,,,,,专科,,,,,
8411996,宁夏,专科批,历史,,X3C8279,,宁夏工商职业技术大学,995B,现代物流管理,,,,,,405,11825,,,,,,405,11825,,,,,,,,,专科,,,,,
8411997,宁夏,专科批,历史,,X3C8279,,宁夏工商职业技术大学,BEE8,市场营销（品牌运营与管理方向）,品牌运营与管理方向,,,,,406,11719,,,,,,406,11719,,,,,,,,,专科,,,,,
8411998,宁夏,专科批,历史,,X3C8279,,宁夏工商职业技术大学,CA33,金融科技应用,,,,,,407,11605,,,,,,407,11605,,,,,,,,,专科,,,,,
8411999,宁夏,专科批,历史,,X3C8279,,宁夏工商职业技术大学,48D8,数字媒体技术（虚拟现实方向）,虚拟现实方向,,,,,408,11489,,,,,,408,11489,,,,,,,,,专科,,,,,
8412000,宁夏,专科批,历史,,X3C8279,,宁夏工商职业技术大学,722E,大数据与会计,,,,,,410,11289,,,,,,410,11289,,,,,,,,,专科,,,,,
8412001,宁夏,专科批,历史,,X3C8279,,宁夏工商职业技术大学,163F,大数据与财务管理,,,,,,411,11161,,,,,,411,11161,,,,,,,,,专科,,,,,
8412002,宁夏,专科批,历史,,X3C8279,,宁夏工商职业技术大学,CAF7,精细化工技术,,,,,,430,9161,,,,,,430,9161,,,,,,,,,专科,,,,,
8412003,宁夏,专科批,历史,,X3C8279,,宁夏工商职业技术大学,15CA,应用化工技术,,,,,,435,8661,,,,,,435,8661,,,,,,,,,专科,,,,,
8412004,宁夏,专科批,历史,,X3C8279,,宁夏工商职业技术大学,82B9,煤化工技术,,,,,,439,8297,,,,,,439,8297,,,,,,,,,专科,,,,,
8412005,宁夏,专科批,物理,,X3C8279,,宁夏工商职业技术大学,963C,数字化设计与制造技术,,,,,,352,30974,,,,,,352,30974,,,,,,,,,专科,,,,,
8412006,宁夏,专科批,物理,,X3C8279,,宁夏工商职业技术大学,995B,现代物流管理,,,,,,352,30974,,,,,,352,30974,,,,,,,,,专科,,,,,
8412007,宁夏,专科批,物理,,X3C8279,,宁夏工商职业技术大学,48D8,数字媒体技术（虚拟现实方向）,虚拟现实方向,,,,,354,30570,,,,,,354,30570,,,,,,,,,专科,,,,,
8412008,宁夏,专科批,物理,,X3C8279,,宁夏工商职业技术大学,8182,会展策划与管理,,,,,,354,30570,,,,,,354,30570,,,,,,,,,专科,,,,,
8412009,宁夏,专科批,物理,,X3C8279,,宁夏工商职业技术大学,B9E1,智能网联汽车技术,,,,,,355,30376,,,,,,355,30376,,,,,,,,,专科,,,,,
8412010,宁夏,专科批,物理,,X3C8279,,宁夏工商职业技术大学,4154,电子商务,,,,,,355,30376,,,,,,355,30376,,,,,,,,,专科,,,,,
8412011,宁夏,专科批,物理,,X3C8279,,宁夏工商职业技术大学,BEE8,市场营销（品牌运营与管理方向）,品牌运营与管理方向,,,,,355,30376,,,,,,355,30376,,,,,,,,,专科,,,,,
8412012,宁夏,专科批,物理,,X3C8279,,宁夏工商职业技术大学,7D54,物联网应用技术,,,,,,356,30190,,,,,,356,30190,,,,,,,,,专科,,,,,
8412013,宁夏,专科批,物理,,X3C8279,,宁夏工商职业技术大学,C166,大数据技术,,,,,,357,29981,,,,,,357,29981,,,,,,,,,专科,,,,,
8412014,宁夏,专科批,物理,,X3C8279,,宁夏工商职业技术大学,BFA9,机械制造及自动化,,,,,,357,29981,,,,,,357,29981,,,,,,,,,专科,,,,,
8412015,宁夏,专科批,物理,,X3C8279,,宁夏工商职业技术大学,CA33,金融科技应用,,,,,,357,29981,,,,,,357,29981,,,,,,,,,专科,,,,,
8412016,宁夏,专科批,物理,,X3C8279,,宁夏工商职业技术大学,722E,大数据与会计,,,,,,358,29763,,,,,,358,29763,,,,,,,,,专科,,,,,
8412017,宁夏,专科批,物理,,X3C8279,,宁夏工商职业技术大学,C19A,人力资源管理,,,,,,360,29369,,,,,,360,29369,,,,,,,,,专科,,,,,
8412018,宁夏,专科批,物理,,X3C8279,,宁夏工商职业技术大学,163F,大数据与财务管理,,,,,,361,29177,,,,,,361,29177,,,,,,,,,专科,,,,,
8412019,宁夏,专科批,物理,,X3C8279,,宁夏工商职业技术大学,0436,新能源装备技术,,,,,,361,29177,,,,,,361,29177,,,,,,,,,专科,,,,,
8412020,宁夏,专科批,物理,,X3C8279,,宁夏工商职业技术大学,7888,机电一体化技术,,,,,,361,29177,,,,,,361,29177,,,,,,,,,专科,,,,,
8412021,宁夏,专科批,物理,,X3C8279,,宁夏工商职业技术大学,CAF7,精细化工技术,,,,,,362,28983,,,,,,362,28983,,,,,,,,,专科,,,,,
8412022,宁夏,专科批,物理,,X3C8279,,宁夏工商职业技术大学,82B9,煤化工技术,,,,,,365,28372,,,,,,365,28372,,,,,,,,,专科,,,,,
8412023,宁夏,专科批,物理,,X3C8279,,宁夏工商职业技术大学,15CA,应用化工技术,,,,,,383,24514,,,,,,383,24514,,,,,,,,,专科,,,,,
